IDENTIFIKA»NÕ »ÕSLO,DRUH POZEMNÕ KOMUNIKACE,»ÕSLO POZEMNÕ KOMUNIKACE,"den, mÏsÌc, rok",,Ëas ,DRUH NEHODY,DRUH SR¡éKY JEDOUCÕCH VOZIDEL,DRUH PEVN… PÿEK¡éKY,CHARAKTER NEHODY,ZAVINÃNÕ NEHODY,ALKOHOL U VINÕKA NEHODY PÿÕTOMEN,HLAVNÕ PÿÕ»INY NEHODY,usmrceno osob,tÏûce zranÏno osob,lehce zranÏno osob,CELKOV¡ HMOTN¡ äKODA,DRUH POVRCHU VOZOVKY,STAV POVRCHU VOZOVKY V DOBÃ NEHODY,STAV KOMUNIKACE,POVÃTRNOSTNÕ PODMÕNKY V DOBÃ NEHODY,VIDITELNOST,ROZHLEDOV… POMÃRY,DÃLENÕ KOMUNIKACE,SITUOV¡NÕ NEHODY NA KOMUNIKACI,ÿÕZENÕ PROVOZU V DOBÃ NEHODY,MÕSTNÕ ⁄PRAVA PÿEDNOSTI V JÕZDÃ,SPECIFICK¡ MÕSTA A OBJEKTY V MÕSTÃ NEHODY,SMÃROV… POMÃRY,PO»ET Z⁄»ASTNÃN›CH VOZIDEL,MÕSTO DOPRAVNÕ NEHODY,DRUH KÿIéUJÕCÕ KOMUNIKACE,DRUH VOZIDLA,V›ROBNÕ ZNA»KA MOTOROV…HO VOZIDLA,ROK V›ROBY VOZIDLA,CHARAKTERISTIKA VOZIDLA ,SMYK,VOZIDLO PO NEHODÃ,"⁄NIK PROVOZNÕCH, PÿEPRAVOVAN›CH HMOT",ZPŸSOB VYPROäTÃNÕ OSOB Z VOZIDLA,SMÃR JÕZDY NEBO POSTAVENÕ VOZIDLA,äKODA NA VOZIDLE,KATEGORIE ÿIDI»E,STAV ÿIDI»E,VNÃJäÕ OVLIVNÃNÕ ÿIDI»E,nan.1,nan.2,nan.3,nan.4,nan.5,nan.6,nan.7,nan.8,nan.9,nan.10,nan.11,nan.12,nan.13,nan.14,nan.15,nan.16,nan.17,nan.18,LOKALITA NEHODY
2100180006,5,,2018-12-31,1,2560,2,0,0,2,1,0,508,0,0,0,500,2,1,1,1,1,1,1,0,0,0,10,1,3,0,,17,,XX,,,,,,,0,,,,,,"-740232,779","-1045024,154","-740232,815","-1045021,257",PRAHA10Vröovice,RUSK¡,,sledovan·komunikace,,,,,,,,,1
2100190001,4,,2019-01-01,2,35,1,4,0,2,1,2,503,0,0,0,250,1,3,1,1,4,1,0,1,2,0,0,4,2,19,,3,39.0,15,12.0,0.0,1.0,0.0,1.0,75.0,150,3.0,1.0,1.0,,,"-739292,161","-1044517,377","-739292,180","-1044517,804",PRAHA3Vinohrady,VINOHRADSK¡,,uzel,,,,,,,,,1
2100190002,5,,2019-01-01,2,230,4,0,0,1,3,0,100,0,1,0,200,2,1,1,1,4,1,5,7,2,0,0,3,1,0,,10,0.0,,5.0,0.0,1.0,0.0,1.0,1.0,200,8.0,1.0,1.0,,,"-738457,590","-1045400,585","-738459,763","-1045389,710",PRAHA10,VOLäIN¡CH,,sledovan·komunikace,,,,,,,,,1
2100190003,4,,2019-01-01,2,240,3,0,6,2,1,9,511,0,0,0,810,2,1,1,1,4,1,0,1,2,0,0,4,1,15,,3,47.0,15,3.0,0.0,1.0,0.0,1.0,25.0,800,2.0,5.0,0.0,,,"-741273,247","-1049730,456","-741272,54","-1049730,314",PRAHA4-KR»,VÌdeÚsk·,,mÌstnÌkomunikace,,1685507.0,,Souhlasn˝sesmÏrem˙seku,Pomal˝,554782.0,487856.0,GN_V0.1UIR-ADR_410,1
2100190004,6,,2019-01-01,2,260,3,0,9,2,1,0,516,0,0,0,100,2,3,1,1,4,1,0,1,3,3,0,5,1,10,,3,2.0,02,1.0,0.0,4.0,0.0,1.0,5.0,100,9.0,,,,,"-751013,997","-1046439,576","-751013,989","-1046439,857",PRAHA5,Klukovick·,,mÌstnÌkomunikace,,713690.0,,Souhlasn˝sesmÏrem˙seku,Pomal˝,554782.0,501417.0,GN_V0.1UIR-ADR_410,1
2100190005,5,,2019-01-01,2,300,2,0,0,2,1,8,511,0,0,0,2000,2,1,1,1,4,1,2,1,0,0,0,1,2,0,,3,39.0,14,3.0,0.0,1.0,0.0,1.0,1.0,1200,0.0,5.0,0.0,,,"-741765,388","-1044249,930","-741767,228","-1044254,210",PRAHA2Vinohrady,VINOHRADSK¡,,sledovan·komunikace,,,,,,,,,1
2100190006,5,,2019-01-01,2,2560,2,0,0,2,1,0,516,0,0,0,500,2,1,1,1,1,1,2,1,0,0,0,1,3,0,,17,,XX,,,,,,,0,,,,,,"-740232,779","-1045024,154","-740232,815","-1045021,257",PRAHA10Vröovice,RUSK¡,,sledovan·komunikace,,,,,,,,,1
2100190007,6,,2019-01-01,2,520,1,2,0,2,1,0,403,0,0,0,400,2,1,1,1,4,1,0,1,3,3,1,4,2,10,,17,,XX,,,,,,,0,,,,,,"-742822,441","-1044548,801","-742822,395","-1044548,36",PRAHA2-NOV…MÃSTO,,,mÌstnÌkomunikace,,2778833.0,,Souhlasn˝sesmÏrem˙seku,Pomal˝,554782.0,477851.0,GN_V0.1UIR-ADR_410,1
2100190008,6,,2019-01-01,2,2560,2,0,0,2,1,0,516,0,0,0,800,2,1,1,1,1,1,1,1,0,0,0,1,2,0,,17,,XX,,,,,,,0,,,,,,"-743040,607","-1043383,216","-743041,458","-1043384,969",Praha1,Sko¯epka,,mÌstnÌkomunikace,,712400.0,,Souhlasn˝sesmÏrem˙seku,Pomal˝,554782.0,469181.0,GN_V0.1UIR-ADR_410,1
2100190009,6,,2019-01-01,2,660,3,0,9,2,1,0,516,0,0,0,200,2,1,1,1,4,1,1,1,0,0,0,1,1,0,,3,47.0,97,1.0,0.0,4.0,0.0,1.0,5.0,100,9.0,,,,,"-728291,572","-1042197,802","-728293,511","-1042187,143",PRAHA9,Kom·rovsk·,,mÌstnÌkomunikace,,1681024.0,,Souhlasn˝sesmÏrem˙seku,Pomal˝,554782.0,494330.0,GN_V0.1UIR-ADR_410,1
2100190010,6,,2019-01-01,2,700,2,0,0,2,1,2,509,0,0,0,350,2,1,1,1,4,1,1,1,0,0,0,1,2,0,,3,39.0,10,12.0,0.0,1.0,0.0,1.0,5.0,200,2.0,1.0,1.0,,,"-742581,026","-1042889,579","-742582,8","-1042887,214",PRAHA4-Chodov,Kaplanova,,mÌstnÌkomunikace,,1656035.0,,Souhlasn˝sesmÏrem˙seku,Pomal˝,554782.0,472778.0,GN_V0.1UIR-ADR_410,1
2100190011,6,,2019-01-01,2,750,3,0,3,2,1,2,508,0,0,0,200,2,1,1,1,2,1,1,1,0,0,0,1,1,0,,3,39.0,09,1.0,0.0,1.0,0.0,1.0,5.0,200,2.0,2.0,1.0,,,"-743078,908","-1043347,082","-743079,032","-1043347,593",PRAHA7,Nov·Povltavsk·,,mÌstnÌkomunikace,,275840.0,,Souhlasn˝sesmÏrem˙seku,Pomal˝,554782.0,443476.0,GN_V0.1UIR-ADR_410,1
2100190012,8,,2019-01-01,2,2560,3,0,9,2,1,0,516,0,0,0,200,2,1,1,1,1,1,1,1,0,0,10,1,1,0,,17,,XX,,,,,,,0,,,,,,"-729247,054","-1042328,095","-729249,219","-1042325,729",PRAHA5-RADOTÕN,Vindyöova,,mÌstnÌkomunikace,,270829.0,,Souhlasn˝sesmÏrem˙seku,Pomal˝,554782.0,493988.0,GN_V0.1UIR-ADR_410,1
2100190013,8,,2019-01-01,2,2560,2,0,0,2,1,0,516,0,0,0,800,1,1,1,1,1,1,1,1,0,0,0,1,2,0,,17,,XX,,,,,,,0,,,,,,"-736803,385","-1044352,189","-736803,741","-1044348,335",PRAHA2-Vinohrady,BÏlehradsk·,,mÌstnÌkomunikace,,1683427.0,,Souhlasn˝sesmÏrem˙seku,Pomal˝,554782.0,464368.0,GN_V0.1UIR-ADR_410,1
2100190014,6,,2019-01-01,2,2560,2,0,0,2,1,0,516,0,0,0,100,1,1,1,1,1,1,1,2,0,0,0,1,2,0,,17,,XX,,,,,,,0,,,,,,"-740328,307","-1044404,233","-740329,111","-1044404,327",PRAHA3éiûkov,BARANOVA,,uzel,,,,,,,,,1
2100190015,8,,2019-01-01,2,2560,2,0,0,2,1,0,516,0,0,0,200,2,1,1,1,1,1,1,1,0,0,0,1,2,0,,17,,XX,,,,,,,0,,,,,,"-748840,146","-1043734,978","-748840,559","-1043733,416",PRAHA5-MOTOL,V⁄VALU,,mÌstnÌkomunikace,,1274201.0,,,Pomal˝,554782.0,501441.0,GN_V0.1UIR-ADR_410,1
2100190016,4,,2019-01-01,2,1429,1,3,0,2,1,2,401,0,0,0,1400,2,3,1,1,1,1,0,1,2,0,0,5,2,19,,3,4.0,08,1.0,0.0,1.0,0.0,1.0,75.0,800,2.0,1.0,1.0,,,"-744472,191","-1041936,628","-744472,183","-1041939,525",PRAHA6DEJVICE,,,mÌstnÌkomunikace,,2785816.0,,Souhlasn˝sesmÏrem˙seku,Pomal˝,554782.0,462853.0,GN_V0.1UIR-ADR_410,1
2100190017,6,,2019-01-01,2,1500,3,0,6,2,1,2,204,0,0,0,600,1,3,1,1,1,1,1,1,0,0,0,1,1,0,,3,39.0,03,1.0,1.0,1.0,0.0,1.0,5.0,300,2.0,1.0,1.0,,,"-737143,631","-1044386,434","-737144,258","-1044379,901",PRAHA6-BubeneË,Wolkerova,,mÌstnÌkomunikace,,3312347.0,,Souhlasn˝sesmÏrem˙seku,Pomal˝,554782.0,464368.0,GN_V0.1UIR-ADR_410,1
2100190018,8,,2019-01-01,2,1535,1,4,0,2,1,2,504,0,0,0,100,1,1,1,1,1,1,1,1,0,0,10,1,2,0,,3,2.0,10,3.0,0.0,0.0,0.0,1.0,5.0,50,2.0,1.0,1.0,,,"-739639,352","-1045647,528","-739639,352","-1045647,528",PRAHA10Vröovice,USl·vie,,mÌstnÌkomunikace,,,,,,,,,1
2100190019,5,,2019-01-01,2,1630,1,3,0,2,1,2,508,0,0,0,600,2,1,1,1,2,1,2,1,0,0,0,1,2,0,,3,4.0,08,3.0,0.0,0.0,0.0,1.0,1.0,200,2.0,1.0,1.0,,,"-734482,471","-1046155,853","-734483,442","-1046156,834",Praha10,»ernokosteleck·x⁄st¯ednÌ,,silnice2.t¯Ìdy,333,713603.0,,Souhlasn˝sesmÏrem˙seku,Pomal˝,554782.0,445037.0,GN_V0.1UIR-ADR_410,1
2100190020,8,,2019-01-01,2,1600,3,0,2,2,1,2,508,0,0,0,70,1,3,1,4,3,1,1,0,0,0,10,1,1,0,,3,39.0,08,1.0,0.0,0.0,0.0,1.0,5.0,50,2.0,1.0,1.0,,,"-743133,904","-1043370,266","-743133,541","-1043370,406",Praha1,Michalsk·,,mÌstnÌkomunikace,,275954.0,,Souhlasn˝sesmÏrem˙seku,Pomal˝,554782.0,452696.0,GN_V0.1UIR-ADR_410,1
2100190021,4,,2019-01-01,2,1655,1,3,0,2,1,2,403,0,0,0,400,2,3,1,1,4,1,0,1,3,3,0,4,2,19,,3,47.0,05,3.0,0.0,1.0,0.0,1.0,31.0,300,2.0,1.0,1.0,,,"-739394,766","-1043518,524","-739395,015","-1043517,096",PRAHA3éiûkov,JANAéELIVSK…HO,,uzel,,,,,,,,,1
2100190022,6,,2019-01-01,2,1720,5,0,0,2,4,0,100,0,0,0,200,2,3,1,1,6,1,1,1,0,0,0,1,1,0,,3,42.0,06,1.0,0.0,1.0,0.0,1.0,5.0,200,2.0,1.0,1.0,,,"-727661,856","-1052853,019","-727660,709","-1052851,772",PRAHA10,P¡NKOVA,,mÌstnÌkomunikace,,311423.0,,OpaËn˝kesmÏru˙seku,Pomal˝,554782.0,494755.0,GN_V0.1UIR-ADR_410,1
2100190023,6,,2019-01-01,2,2560,2,0,0,2,1,0,516,0,0,0,800,1,3,1,1,1,1,1,1,0,0,0,1,2,0,,17,,XX,,,,,,,0,,,,,,"-736950,309","-1044539,987","-736950,96","-1044539,96",Praha10-Vröovice,Bohdaleck·,,mÌstnÌkomunikace,,1531346.0,,,Pomal˝,554782.0,472557.0,GN_V0.1UIR-ADR_410,1
2100190024,6,,2019-01-01,2,1830,1,2,0,2,1,2,502,0,0,0,100,2,1,1,1,4,1,0,1,3,3,1,4,2,10,,3,2.0,11,3.0,0.0,0.0,0.0,1.0,5.0,50,3.0,1.0,1.0,,,"-742180,969","-1041727,008","-742182,473","-1041727,242",PRAHA7Holeöovice,KAMENICK¡,,mÌstnÌkomunikace,,,,,,,,,1
2100190025,6,,2019-01-01,2,2560,2,0,0,2,1,0,516,0,0,0,50,2,1,1,1,1,1,1,1,0,0,0,1,2,0,,17,,XX,,,,,,,0,,,,,,"-731067,422","-1042192,847","-731067,481","-1042191,554",PRAHA9-»ERN›MOST,Chlumeck·,,mÌstnÌkomunikace,,2777925.0,,Souhlasn˝sesmÏrem˙seku,Pomal˝,554782.0,450260.0,GN_V0.1UIR-ADR_410,1
2100190026,5,,2019-01-01,2,1830,6,0,0,2,4,0,100,0,0,0,50,2,3,1,1,4,1,3,1,0,0,0,1,1,0,,3,16.0,16,1.0,0.0,1.0,0.0,1.0,5.0,50,2.0,1.0,1.0,,,"-741685,914","-1047191,487","-741690,212","-1047195,617",PRAHA4,5.kvÏtna,,mÌstnÌkomunikace,,1757015.0,,Souhlasn˝sesmÏrem˙seku,Pomal˝,554782.0,463698.0,GN_V0.1UIR-ADR_410,1
2100190027,6,,2019-01-01,2,2560,2,0,0,2,1,0,516,0,0,0,10,1,1,1,1,1,1,1,1,0,0,0,1,2,0,,17,,XX,,,,,,,0,,,,,,"-736945,89","-1044542,197","-736945,614","-1044545,113",Praha1-StarÈMÏsto,KarolÌnySvÏtlÈ,,mÌstnÌkomunikace,,1481848.0,,,Pomal˝,554782.0,461652.0,GN_V0.1UIR-ADR_410,1
2100190028,4,,2019-01-01,2,1950,1,4,0,2,1,0,503,0,0,0,100,2,3,1,1,4,1,0,1,2,0,2,4,2,12,,17,,XX,,,,,,,0,,,,,,"-748382,143","-1043216,781","-748389,643","-1043217,981",PRAHA6B¯evnov,KUKULOVA,,uzel,,,,,,,,,1
2100190029,5,,2019-01-01,2,2131,8,3,0,2,1,2,405,0,0,0,1300,2,3,1,1,4,1,0,7,3,3,0,5,2,10,,3,39.0,10,1.0,0.0,1.0,0.0,1.0,3.0,500,2.0,1.0,1.0,,,"-743106,406","-1043443,056","-743107,067","-1043443,622",PRAHA5,PlzeÚsk·,,mÌstnÌkomunikace,,276255.0,,,Pomal˝,554782.0,466611.0,GN_V0.1UIR-ADR_410,1
2100190030,5,,2019-01-01,2,2245,0,0,0,2,6,0,100,0,0,0,50,2,3,6,4,5,1,1,1,0,0,0,1,1,0,,3,7.0,11,1.0,0.0,1.0,0.0,1.0,1.0,50,3.0,1.0,1.0,,,"-739186,926","-1048765,884","-739186,871","-1048766,731",PRAHA4Chodov,T‹RKOVA,,uzel,,,,,,,,,1
2100190031,6,,2019-01-02,3,115,1,2,0,2,1,2,404,0,0,0,1000,1,3,1,1,4,1,0,1,0,5,0,5,2,10,,3,39.0,11,3.0,0.0,1.0,0.0,1.0,5.0,500,3.0,1.0,1.0,,,"-736986,764","-1044364,341","-736986,681","-1044365,237",Praha1,RytÌ¯sk·,,mÌstnÌkomunikace,,2778809.0,,Souhlasn˝sesmÏrem˙seku,Pomal˝,554782.0,464368.0,GN_V0.1UIR-ADR_410,1
2100190032,4,,2019-01-02,3,107,1,3,0,2,1,2,508,0,0,0,1800,2,3,1,1,4,1,0,1,2,0,2,4,2,19,,5,26.0,17,3.0,0.0,1.0,0.0,1.0,31.0,600,3.0,1.0,1.0,,,"-743453,576","-1044057,174","-743453,579","-1044057,159",PRAHA1,,,mÌstnÌkomunikace,,2378911.0,,Souhlasn˝sesmÏrem˙seku,Pomal˝,554782.0,447129.0,GN_V0.1UIR-ADR_410,1
2100190033,5,,2019-01-02,3,320,2,0,0,1,1,9,511,0,0,1,3250,2,3,1,1,4,1,2,1,0,0,0,1,6,0,,3,35.0,09,1.0,0.0,0.0,0.0,1.0,1.0,600,2.0,5.0,0.0,,,"-740298,615","-1045020,025","-740298,647","-1045021,904",PRAHA10Vröovice,RUSK¡,,sledovan·komunikace,,,,,,,,,1
2100190034,4,,2019-01-02,3,448,3,0,9,2,1,2,502,0,0,0,400,2,3,1,1,4,1,0,1,3,3,0,4,1,19,,8,78.0,09,5.0,0.0,1.0,0.0,1.0,13.0,300,4.0,1.0,1.0,,,"-743185,666","-1043403,696","-743185,955","-1043402,683",Praha10,»ernokosteleck·,,mÌstnÌkomunikace,,276291.0,,Souhlasn˝sesmÏrem˙seku,Pomal˝,554782.0,452696.0,GN_V0.1UIR-ADR_410,1
2100190035,6,,2019-01-02,3,535,2,0,0,2,1,2,502,0,0,0,250,2,1,1,1,4,1,1,1,0,0,0,1,2,0,,8,35.0,99,5.0,0.0,1.0,0.0,1.0,5.0,50,4.0,1.0,1.0,,,"-740330,595","-1045018,793","-740330,678","-1045022,056",Praha10,Rusk·,,mÌstnÌkomunikace,,283387.0,,Souhlasn˝sesmÏrem˙seku,Pomal˝,554782.0,468126.0,GN_V0.1UIR-ADR_410,1
2100190036,6,,2019-01-02,3,610,2,0,0,2,1,2,502,0,0,0,1600,2,3,1,1,4,1,1,1,0,0,0,1,2,0,,8,35.0,00,5.0,0.0,1.0,0.0,1.0,5.0,800,4.0,1.0,1.0,,,"-736958,042","-1044495,799","-736954,239","-1044495,481",PRAHA5,MusÌlkova,,mÌstnÌkomunikace,,2778913.0,,Souhlasn˝sesmÏrem˙seku,Pomal˝,554782.0,472557.0,GN_V0.1UIR-ADR_410,1
2100190037,7,,2019-01-01,2,2560,1,2,0,2,1,0,502,0,0,0,50,2,1,1,1,1,1,1,1,0,0,9,1,2,0,,17,,XX,,,,,,,0,,,,,,"-730760,134","-1042931,010","-730759,903","-1042931,667",PRAHA9»ern˝Most,CHLUMECK¡,,sledovan·komunikace,,,,,,,,,1
2100190038,6,,2019-01-02,3,735,1,4,0,2,1,2,503,0,0,0,900,2,1,1,1,2,1,1,1,0,0,0,1,2,0,,3,47.0,17,1.0,0.0,1.0,0.0,1.0,5.0,600,3.0,1.0,1.0,,,"-744873,123","-1044225,929","-744872,978","-1044226,283",PRAHA5,HoleËkova,,mÌstnÌkomunikace,,2775182.0,,Souhlasn˝sesmÏrem˙seku,Pomal˝,554782.0,447986.0,GN_V0.1UIR-ADR_410,1
2100190039,5,,2019-01-02,3,725,1,2,0,2,1,2,411,0,0,0,150,2,3,1,1,2,1,2,1,0,5,0,1,2,0,,5,12.0,18,3.0,0.0,1.0,0.0,1.0,1.0,100,2.0,1.0,1.0,,,"-745281,603","-1051376,538","-745280,859","-1051376,521",PRAHA4,MODÿANSK¡,,sledovan·komunikace,,,,,,,,,1
2100190040,8,,2019-01-02,3,830,1,2,0,2,1,0,410,0,0,0,20,2,3,1,1,1,1,1,1,0,5,10,1,2,0,,17,,XX,,,,,,,0,,,,,,"-742443,094","-1042796,612","-742443,747","-1042796,686",PRAHA2,BudeËsk·,,mÌstnÌkomunikace,,273119.0,,OpaËn˝kesmÏru˙seku,Pomal˝,554782.0,468231.0,GN_V0.1UIR-ADR_410,1
2100190041,8,,2019-01-01,2,1715,3,0,9,2,1,0,516,0,0,0,100,2,1,1,1,4,1,1,1,0,0,0,1,1,0,,3,39.0,02,1.0,0.0,4.0,0.0,1.0,5.0,0,9.0,,,,,"-750538,216","-1041315,551","-750537,833","-1041313,633",PRAHA6Liboc,EVROPSK¡,,sledovan·komunikace,,,,,,,,,1
2100190042,6,,2019-01-02,3,1025,3,0,2,2,1,2,508,0,0,0,150,2,1,1,1,1,1,1,1,0,0,0,1,1,0,,3,39.0,16,3.0,0.0,1.0,0.0,1.0,5.0,150,4.0,1.0,1.0,,,"-741176,954","-1045579,446","-741178,130","-1045579,286",PRAHA10,UVRäOVICK…HON¡DRAéÕ,,mÌstnÌkomunikace,,,,,,,,,1
2100190043,5,,2019-01-02,3,945,1,4,0,2,1,2,503,0,0,0,1200,2,3,1,4,3,1,2,1,0,5,2,1,2,0,,5,32.0,17,3.0,0.0,1.0,0.0,1.0,5.0,500,2.0,1.0,1.0,,,"-737634,724","-1041505,929","-737633,954","-1041507,896",PRAHA9LibeÚ,SOKOLOVSK¡,,sledovan·komunikace,,,,,,,,,1
2100190044,6,,2019-01-02,3,1055,1,4,0,2,1,2,504,0,0,0,100,2,3,1,1,1,1,1,1,0,5,2,1,2,0,,5,13.0,08,3.0,0.0,0.0,0.0,1.0,5.0,50,2.0,1.0,1.0,,,"-742338,235","-1046661,791","-742339,467","-1046659,541",PRAHA4-NUSLE,DÏkansk·viniceI,,mÌstnÌkomunikace,,289907.0,,Souhlasn˝sesmÏrem˙seku,Pomal˝,554782.0,445401.0,GN_V0.1UIR-ADR_410,1
2100190045,5,,2019-01-02,3,1055,1,2,0,2,1,2,502,0,0,0,300,2,1,1,1,1,1,2,1,0,0,0,1,2,0,,3,39.0,01,1.0,0.0,1.0,0.0,1.0,1.0,100,2.0,1.0,1.0,,,"-743400,153","-1049190,247","-743400,204","-1049192,058",PRAHA4,VRBOVA,,sledovan·komunikace,,,,,,,,,1
2100190046,5,,2019-01-02,3,1150,1,3,0,2,1,2,411,0,0,0,300,2,1,1,1,1,1,4,1,0,5,0,1,2,0,,3,39.0,14,3.0,0.0,1.0,0.0,1.0,1.0,200,2.0,1.0,1.0,,,"-736747,414","-1037394,104","-736747,084","-1037394,162",PRAHA8,CÕMOVECK¡,,uzel,,,,,,,,,1
2100190047,5,,2019-01-02,3,1215,1,4,0,2,1,2,503,0,0,0,500,2,1,1,1,1,1,5,1,0,0,0,1,2,0,,5,10.0,18,3.0,0.0,1.0,0.0,1.0,1.0,200,3.0,1.0,1.0,,,"-742584,065","-1042765,015","-742583,865","-1042765,501",PRAHA6,Sl·nsk·,,mÌstnÌkomunikace,,273083.0,,Souhlasn˝sesmÏrem˙seku,Pomal˝,554782.0,445614.0,GN_V0.1UIR-ADR_410,1
2100190048,8,,2019-01-02,3,1215,2,0,0,2,1,2,509,0,0,0,50,2,1,1,1,1,1,1,1,0,0,9,1,2,0,,3,26.0,10,9.0,0.0,1.0,0.0,1.0,5.0,0,2.0,1.0,1.0,,,"-738849,542","-1044011,951","-738849,657","-1044010,327",PRAHA3éiûkov,UN¡KLADOV…HON¡DRAéÕ,,mÌstnÌkomunikace,,,,,,,,,1
2100190049,4,,2019-01-02,3,1255,1,3,0,2,1,2,405,0,0,0,600,2,3,1,1,1,1,0,1,2,0,2,4,2,19,,3,39.0,02,1.0,0.0,1.0,0.0,1.0,48.0,300,2.0,1.0,1.0,,,"-736192,456","-1039953,239","-736191,768","-1039954,296",PRAHA10,Proseck·,,mÌstnÌkomunikace,,261764.0,,Souhlasn˝sesmÏrem˙seku,Pomal˝,554782.0,466476.0,GN_V0.1UIR-ADR_410,1
2100190050,6,,2019-01-02,3,1250,1,4,0,2,1,2,503,0,0,0,2000,2,1,1,1,1,1,1,1,0,0,0,1,2,0,,3,35.0,17,3.0,0.0,1.0,0.0,1.0,5.0,1000,2.0,1.0,1.0,,,"-737921,679","-1049846,714","-737924,218","-1049844,836",PRAHA4,T‹RKOVA,,mÌstnÌkomunikace,,301032.0,,Souhlasn˝sesmÏrem˙seku,Pomal˝,554782.0,447510.0,GN_V0.1UIR-ADR_410,1
2100190051,6,,2019-01-02,3,1147,8,2,0,2,1,2,411,0,0,0,900,2,1,1,1,1,1,5,7,0,5,2,1,2,0,,3,4.0,17,9.0,0.0,1.0,0.0,1.0,5.0,400,2.0,1.0,1.0,,,"-742625,384","-1042813,018","-742626,08","-1042825,484",PRAHA1-STAR…MÃSTO,Smetanovon·b¯eûÌ,,mÌstnÌkomunikace,,712099.0,,Souhlasn˝sesmÏrem˙seku,Pomal˝,554782.0,455865.0,GN_V0.1UIR-ADR_410,1
2100190052,5,,2019-01-02,3,1410,1,2,0,2,1,2,411,0,0,0,800,2,1,1,1,1,1,5,1,0,5,0,1,2,0,,3,39.0,18,1.0,0.0,1.0,0.0,1.0,1.0,500,2.0,1.0,1.0,,,"-740924,285","-1040958,291","-740924,436","-1040958,213",PRAHA7,Argentinsk·,,mÌstnÌkomunikace,,3294523.0,,Souhlasn˝sesmÏrem˙seku,Pomal˝,554782.0,443034.0,GN_V0.1UIR-ADR_410,1
2100190053,6,,2019-01-01,2,2560,2,0,0,2,1,0,516,0,0,0,200,2,1,1,1,1,1,1,1,0,5,1,1,2,0,,17,,XX,,,,,,,0,,,,,,"-743955,764","-1048912,345","-743955,723","-1048912,434",PRAHA4-BRANÕK,Nadstrouhou,,mÌstnÌkomunikace,,714277.0,,,Pomal˝,554782.0,461474.0,GN_V0.1UIR-ADR_410,1
2100190054,6,,2019-01-01,2,2560,2,0,0,2,1,0,516,0,0,0,300,2,3,1,1,1,1,1,1,0,0,0,1,2,0,,17,,XX,,,,,,,0,,,,,,"-747196,664","-1043238,077","-747195,012","-1043237,645",PRAHA6B¯evnov,MICHALOVICOVA,,mÌstnÌkomunikace,,,,,,,,,1
2100190055,5,,2019-01-02,3,1520,1,4,0,2,1,2,503,0,0,0,200,2,3,1,1,1,1,5,1,0,5,2,1,2,0,,3,32.0,04,1.0,0.0,1.0,0.0,1.0,1.0,100,2.0,1.0,1.0,,,"-742499,546","-1044206,833","-742499,574","-1044206,977",PRAHA1NovÈMÏsto,éITN¡,,sledovan·komunikace,,,,,,,,,1
2100190056,6,,2019-01-01,2,2560,2,0,0,2,1,0,516,0,0,0,50,2,1,1,1,1,1,1,1,0,0,0,1,2,0,,17,,XX,,,,,,,0,,,,,,"-741626,475","-1043129,457","-741623,387","-1043130,083",PRAHA2,Wilsonova,,mÌstnÌkomunikace,,1729966.0,,Souhlasn˝sesmÏrem˙seku,Pomal˝,554782.0,507105.0,GN_V0.1UIR-ADR_410,1
2100190057,6,,2019-01-02,3,2560,2,0,0,2,1,0,516,0,0,0,50,2,3,1,1,1,1,1,1,0,5,2,1,2,0,,17,,XX,,,,,,,0,,,,,,"-743956,410","-1045649,146","-743956,202","-1045660,848",PRAHA5,UKr·lovskÈlouky,,mÌstnÌkomunikace,,,,,,,,,1
2100190058,8,,2019-01-02,3,2560,2,0,0,2,1,0,516,0,0,0,200,2,3,1,1,1,1,1,1,0,0,0,1,2,0,,17,,XX,,,,,,,0,,,,,,"-739184,759","-1040401,43","-739184,838","-1040401,057",PRAHA8,Bulovka,,mÌstnÌkomunikace,,1481366.0,,OpaËn˝kesmÏru˙seku,Pomal˝,554782.0,444456.0,GN_V0.1UIR-ADR_410,1
2100190059,5,,2019-01-01,2,2560,2,0,0,2,1,0,516,0,0,0,600,2,3,1,1,1,1,2,1,0,5,2,1,2,0,,17,,XX,,,,,,,0,,,,,,"-748354,921","-1042932,183","-748355,234","-1042932,354",PRAHA6,NAVYPICHU,,sledovan·komunikace,,,,,,,,,1
2100190060,6,,2019-01-02,3,1650,1,4,0,2,1,2,503,0,0,0,200,2,5,1,1,4,1,0,1,3,3,0,4,2,10,,3,41.0,14,1.0,0.0,1.0,0.0,1.0,5.0,100,2.0,1.0,1.0,,,"-731961,337","-1047384,648","-731960,998","-1047383,958",Praha10,MÏstsk·,,mÌstnÌkomunikace,,1681430.0,,Souhlasn˝sesmÏrem˙seku,Pomal˝,554782.0,491284.0,GN_V0.1UIR-ADR_410,1
2100190061,6,,2019-01-01,2,2560,2,0,0,2,1,0,516,0,0,0,200,2,1,1,1,1,1,1,1,0,0,0,1,2,0,,17,,XX,,,,,,,0,,,,,,"-737224,450","-1050888,142","-737224,502","-1050886,229",PRAHA4Chodov,ZDIMÃÿICK¡,,mÌstnÌkomunikace,,,,,,,,,1
2100190062,5,,2019-01-02,3,1650,1,4,0,2,1,2,503,0,0,0,400,2,1,1,1,4,1,3,1,0,0,0,1,2,0,,3,39.0,,1.0,0.0,1.0,0.0,1.0,1.0,200,3.0,1.0,1.0,,,"-736101,979","-1046431,804","-736102,717","-1046429,353",PRAHA15(HORNÕMÃCHOLUPY)Hostiva¯,JIéNÕSPOJKA,,mÌstnÌkomunikace,,,,,,,,,1