IDENTIFIKA»NÕ »ÕSLO,DRUH POZEMNÕ KOMUNIKACE,»ÕSLO POZEMNÕ KOMUNIKACE,"den, mÏsÌc, rok",,Ëas ,DRUH NEHODY,DRUH SR¡éKY JEDOUCÕCH VOZIDEL,DRUH PEVN… PÿEK¡éKY,CHARAKTER NEHODY,ZAVINÃNÕ NEHODY,ALKOHOL U VINÕKA NEHODY PÿÕTOMEN,HLAVNÕ PÿÕ»INY NEHODY,usmrceno osob,tÏûce zranÏno osob,lehce zranÏno osob,CELKOV¡ HMOTN¡ äKODA,DRUH POVRCHU VOZOVKY,STAV POVRCHU VOZOVKY V DOBÃ NEHODY,STAV KOMUNIKACE,POVÃTRNOSTNÕ PODMÕNKY V DOBÃ NEHODY,VIDITELNOST,ROZHLEDOV… POMÃRY,DÃLENÕ KOMUNIKACE,SITUOV¡NÕ NEHODY NA KOMUNIKACI,ÿÕZENÕ PROVOZU V DOBÃ NEHODY,MÕSTNÕ ⁄PRAVA PÿEDNOSTI V JÕZDÃ,SPECIFICK¡ MÕSTA A OBJEKTY V MÕSTÃ NEHODY,SMÃROV… POMÃRY,PO»ET Z⁄»ASTNÃN›CH VOZIDEL,MÕSTO DOPRAVNÕ NEHODY,DRUH KÿIéUJÕCÕ KOMUNIKACE,DRUH VOZIDLA,V›ROBNÕ ZNA»KA MOTOROV…HO VOZIDLA,ROK V›ROBY VOZIDLA,CHARAKTERISTIKA VOZIDLA ,SMYK,VOZIDLO PO NEHODÃ,"⁄NIK PROVOZNÕCH, PÿEPRAVOVAN›CH HMOT",ZPŸSOB VYPROäTÃNÕ OSOB Z VOZIDLA,SMÃR JÕZDY NEBO POSTAVENÕ VOZIDLA,äKODA NA VOZIDLE,KATEGORIE ÿIDI»E,STAV ÿIDI»E,VNÃJäÕ OVLIVNÃNÕ ÿIDI»E,nan.1,nan.2,nan.3,nan.4,nan.5,nan.6,nan.7,nan.8,nan.9,nan.10,nan.11,nan.12,nan.13,nan.14,nan.15,nan.16,nan.17,nan.18,LOKALITA NEHODY
2100190129,6,,2019-01-03,4,2560,2,0,0,2,1,0,516,0,0,0,200,2,8,1,5,3,1,1,1,0,0,0,1,2,0,,17,,XX,,,,,,,0,,,,,,"-735532,027","-1038500,759","-735520,329","-1038460,107",Praha,Podnikatelsk·III,,mÌstnÌkomunikace,,257268.0,,Souhlasn˝sesmÏrem˙seku,Pomal˝,554782.0,447544.0,GN_V0.1UIR-ADR_410,1
2100190130,5,,2019-01-01,2,2560,0,0,0,1,0,0,100,0,0,1,0,0,1,1,1,4,1,2,7,0,0,0,1,1,0,,10,0.0,,5.0,0.0,4.0,0.0,1.0,1.0,0,9.0,,,,,"-740464,510","-1043878,890","-740465,266","-1043880,866",PRAHA3éiûkov,T¡BORITSK¡,,sledovan·komunikace,,,,,,,,,1
2100190131,6,,2019-01-03,4,1805,1,1,0,2,1,2,204,0,0,0,600,2,5,1,1,4,1,1,1,0,0,0,3,2,0,,3,39.0,04,12.0,1.0,1.0,0.0,1.0,5.0,300,2.0,1.0,1.0,,,"-735333,960","-1036565,257","-735334,673","-1036565,257",Praha9-»AKOVICE,TRYSKOVICK¡,,mÌstnÌkomunikace,,,,,,,,,1
2100190132,6,,2019-01-03,4,1820,3,0,2,2,1,2,504,0,0,0,120,2,6,1,1,4,1,1,1,0,0,0,1,1,0,,3,26.0,14,3.0,0.0,1.0,0.0,1.0,5.0,100,3.0,1.0,1.0,,,"-736824,634","-1046167,459","-736820,272","-1046148,694",PRAHA10Straönice,ALDAäÕNSK¡,,mÌstnÌkomunikace,,,,,,,,,1
2100190133,6,,2019-01-03,4,1825,1,4,0,2,1,2,204,0,0,0,500,2,6,1,5,5,1,1,1,0,0,0,1,2,0,,3,41.0,10,3.0,1.0,0.0,0.0,1.0,5.0,300,2.0,1.0,1.0,,,"-746964,26","-1046321,631","-746964,424","-1046321,891",PRAHA5JINONICE,UTYRäOVYäKOLY,,mÌstnÌkomunikace,,1679915.0,,OpaËn˝kesmÏru˙seku,Pomal˝,554782.0,508829.0,GN_V0.1UIR-ADR_410,1
2100190134,5,,2019-01-03,4,1935,4,0,0,1,1,2,412,0,0,2,0,2,6,12,5,7,1,1,1,0,5,1,1,1,0,,3,39.0,17,3.0,0.0,1.0,0.0,1.0,5.0,0,2.0,1.0,1.0,,,"-732437,859","-1049012,845","-732440,552","-1049015,116",PRAHA-DOLNÕMÃCHOLUPYDolnÌMÏcholupy,KUTNOHORSK¡,,sledovan·komunikace,,,,,,,,,1
2100190135,8,,2019-01-03,4,1910,2,0,0,2,1,2,502,0,0,0,1200,2,3,1,1,4,1,1,1,0,0,10,1,3,0,,3,12.0,11,3.0,0.0,1.0,0.0,1.0,5.0,300,2.0,1.0,1.0,,,"-742413,459","-1038595,379","-742413,735","-1038596,616",PRAHA7-TROJA,HnÏzdensk·,,˙Ëelov·komunikace,,,,,,,,,1
2100190136,6,,2019-01-03,4,2560,2,0,0,2,1,0,516,0,0,0,200,2,1,1,1,1,1,1,1,0,0,0,1,2,0,,17,,XX,,,,,,,0,,,,,,"-736236,472","-1038255,022","-736236,535","-1038255,62",Praha10,Chotutick·,,mÌstnÌkomunikace,,1719323.0,,,Pomal˝,554782.0,495328.0,GN_V0.1UIR-ADR_410,1
2100190137,5,,2019-01-03,4,2000,3,0,3,2,1,2,204,0,0,0,600,3,3,1,6,4,1,3,1,0,0,0,1,1,0,,3,39.0,16,3.0,1.0,1.0,0.0,1.0,1.0,600,2.0,1.0,1.0,,,"-752559,353","-1048641,581","-752558,109","-1048639,467",Praha5ÿeporyje,Praûsk˝okruh,,uzel,,,,,,,,,1
2100190138,6,,2019-01-03,4,1830,3,0,3,2,1,2,204,0,0,0,850,2,6,1,5,5,1,0,1,3,3,0,5,1,10,,3,41.0,11,3.0,1.0,1.0,0.0,1.0,5.0,800,2.0,1.0,1.0,,,"-747831,345","-1039877,854","-747831,267","-1039877,861",PRAHA6,NaMalÈä·rce,,mÌstnÌkomunikace,,261368.0,,Souhlasn˝sesmÏrem˙seku,Pomal˝,554782.0,657018.0,GN_V0.1UIR-ADR_410,1
2100190139,4,,2019-01-03,4,1924,1,3,0,2,1,2,405,0,0,0,800,2,3,1,1,4,1,0,1,2,0,0,6,2,19,,3,32.0,14,3.0,0.0,1.0,0.0,1.0,31.0,500,2.0,1.0,1.0,,,"-739456,580","-1043158,678","-739456,723","-1043154,249",PRAHA3éiûkov,KONÃVOVA,,uzel,,,,,,,,,1
2100190140,8,,2019-01-03,4,1930,3,0,9,2,1,2,504,0,0,0,200,2,6,1,1,4,1,1,1,0,0,10,1,2,0,,5,26.0,16,3.0,0.0,1.0,0.0,1.0,5.0,10,2.0,1.0,1.0,,,"-735806,433","-1038320,552","-735805,059","-1038320,414",PRAHA8,Kobylisk·,,mÌstnÌkomunikace,,256693.0,,Souhlasn˝sesmÏrem˙seku,Pomal˝,554782.0,482013.0,GN_V0.1UIR-ADR_410,1
2100190141,6,,2019-01-01,2,2560,2,0,0,2,1,0,516,0,0,0,200,2,3,1,5,3,1,1,1,0,0,0,1,2,0,,17,,XX,,,,,,,0,,,,,,"-742749,392","-1041353,077","-742749,346","-1041353,118",PRAHA7BubeneË,JANAZAJÕCE,,mÌstnÌkomunikace,,,,,,,,,1
2100190142,6,,2019-01-03,4,2000,3,0,9,2,1,2,204,0,0,0,600,1,6,1,1,4,1,0,1,3,3,0,5,1,10,,3,47.0,16,3.0,1.0,1.0,0.0,1.0,5.0,500,2.0,1.0,1.0,,,"-748976,641","-1056165,271","-748977,348","-1056165,682",PRAHA-LIPENCELipence,KEäVESTKOVCExDOLUK,,mÌstnÌkomunikace,,,,,,,,,1
2100190143,6,,2019-01-03,4,1950,2,0,0,2,1,2,504,0,0,0,150,2,6,1,1,4,1,1,1,0,0,0,1,2,0,,3,47.0,12,1.0,0.0,1.0,0.0,1.0,5.0,100,2.0,1.0,1.0,,,"-738922,731","-1049034,964","-738922,415","-1049034,600",PRAHA4Chodov,HVOéœANSK¡,,mÌstnÌkomunikace,,,,,,,,,1
2100190144,6,,2019-01-03,4,1850,2,0,0,2,1,2,204,0,0,0,1550,2,6,1,5,5,1,1,1,0,0,0,1,2,0,,3,16.0,12,1.0,1.0,0.0,0.0,1.0,5.0,1500,2.0,1.0,1.0,,,"-748748,006","-1051734,577","-748747,97","-1051734,503",PRAHA5LOCHKOV,KLAHOVSK…,,mÌstnÌkomunikace,,1754533.0,,Souhlasn˝sesmÏrem˙seku,Pomal˝,554782.0,489123.0,GN_V0.1UIR-ADR_410,1
2100190145,6,,2019-01-03,4,2115,1,2,0,2,1,2,204,0,0,0,1000,2,5,12,1,4,1,1,1,0,0,0,1,2,0,,3,2.0,99,1.0,1.0,1.0,0.0,1.0,5.0,200,2.0,1.0,1.0,,,"-736772,997","-1038300,074","-736777,299","-1038294,285",PRAHA4BranÌk,⁄dolnÌ,,mÌstnÌkomunikace,,3293596.0,,Souhlasn˝sesmÏrem˙seku,Pomal˝,554782.0,506923.0,GN_V0.1UIR-ADR_410,1
2100190146,5,,2019-01-03,4,2060,3,0,3,2,1,0,516,0,0,0,1000,2,5,12,1,4,1,1,1,0,0,0,1,1,0,,3,32.0,09,1.0,0.0,4.0,0.0,1.0,1.0,300,9.0,,,,,"-736772,997","-1038300,074","-736777,299","-1038294,285",PRAHA4BranÌk,⁄dolnÌ,,mÌstnÌkomunikace,,3293596.0,,Souhlasn˝sesmÏrem˙seku,Pomal˝,554782.0,506923.0,GN_V0.1UIR-ADR_410,1
2100190147,4,,2019-01-04,5,205,4,0,0,1,1,2,405,0,0,2,150,1,3,1,1,4,1,0,1,2,0,1,4,1,19,,3,39.0,18,2.0,0.0,1.0,0.0,1.0,31.0,150,2.0,1.0,1.0,,,"-743486,814","-1043622,776","-743486,420","-1043622,771",PRAHA1NovÈMÏsto,MASARYKOVON¡Bÿ.,,uzel,,,,,,,,,1
2100190148,4,,2019-01-04,5,710,1,3,0,2,1,2,405,0,0,0,1600,2,3,1,1,4,1,0,1,3,3,0,4,2,17,,3,12.0,15,3.0,0.0,1.0,0.0,1.0,13.0,600,2.0,1.0,1.0,,,"-739388,377","-1043563,394","-739388,390","-1043563,144",PRAHA3éiûkov,JANAéELIVSK…HO,,uzel,,,,,,,,,1
2100190149,5,,2019-01-04,5,650,1,2,0,2,1,2,411,0,0,0,350,2,3,1,1,4,1,2,1,0,5,0,1,2,0,,7,40.0,12,9.0,0.0,1.0,0.0,1.0,1.0,50,3.0,1.0,1.0,,,"-734864,030","-1045727,345","-734866,585","-1045726,209",PRAHA10,Pr˘myslov·,,uzel,,,,,,,,,1
2100190150,5,,2019-01-04,5,755,1,2,0,2,1,2,411,0,0,0,1100,2,3,1,1,2,1,2,1,0,5,0,1,2,0,,3,39.0,16,1.0,0.0,1.0,0.0,1.0,1.0,800,2.0,1.0,1.0,,,"-742434,159","-1046004,217","-742437,605","-1046006,609",PRAHA8-LibeÚ,Zenklova,,mÌstnÌkomunikace,,1660673.0,,,Pomal˝,554782.0,463698.0,GN_V0.1UIR-ADR_410,1
2100190151,7,,2019-01-04,5,615,2,0,0,2,1,0,204,0,0,0,150,3,6,1,1,4,1,1,1,0,0,0,3,2,0,,3,39.0,97,1.0,1.0,3.0,0.0,1.0,5.0,50,2.0,1.0,1.0,,,"-731053,988","-1038350,609","-731049,752","-1038350,781",Praha9VINOÿ,»ESKODUBSK¡,,˙Ëelov·komunikace,,,,,,,,,1
2100190152,5,,2019-01-04,5,750,3,0,4,2,1,2,204,0,0,0,250,2,3,1,1,2,1,3,1,0,0,0,2,1,0,,3,39.0,06,1.0,1.0,1.0,0.0,1.0,1.0,200,2.0,1.0,1.0,,,"-734877,590","-1043495,104","-734876,752","-1043494,640",PRAHA9HLOUBÃTÕN,PRŸMYSLOV¡,,sledovan·komunikace,,,,,,,,,1
2100190153,5,,2019-01-04,5,840,1,2,0,2,1,2,403,0,0,0,1800,2,1,1,1,1,1,0,1,3,3,2,4,2,10,,3,16.0,17,3.0,0.0,1.0,0.0,1.0,5.0,800,3.0,1.0,1.0,,,"-743963,769","-1044022,402","-743962,830","-1044022,509",PRAHA5SmÌchov,ZBOROVSK¡-PAVLAäVANDYZESEM»IC,,sledovan·komunikace,,,,,,,,,1
2100190154,8,,2019-01-03,4,1500,2,0,0,2,1,0,502,0,0,0,100,2,6,1,5,3,1,1,1,0,0,10,1,2,0,,5,26.0,11,3.0,0.0,1.0,0.0,1.0,5.0,0,4.0,1.0,1.0,,,"-740074,924","-1039399,143","-740076,22","-1039399,056",PRAHA8,Uzav¯en·,,mÌstnÌkomunikace,,1481282.0,,Souhlasn˝sesmÏrem˙seku,Pomal˝,554782.0,475921.0,GN_V0.1UIR-ADR_410,1
2100190155,6,,2019-01-04,5,1020,1,3,0,2,1,2,404,0,0,0,270,2,1,1,1,1,1,0,1,0,5,0,5,2,10,,3,39.0,99,1.0,0.0,0.0,0.0,1.0,5.0,20,2.0,1.0,1.0,,,"-734333,591","-1042181,689","-734335,612","-1042182,295",PRAHA9-»ERN›MOST,SOUSTRUéNICK¡,,mÌstnÌkomunikace,,,,,,,,,1
2100190156,5,,2019-01-04,5,1002,1,4,0,2,1,2,503,0,0,0,500,2,3,1,1,1,1,2,1,0,0,0,1,2,0,,3,44.0,18,9.0,0.0,1.0,0.0,1.0,1.0,200,4.0,1.0,1.0,,,"-739738,772","-1046821,934","-739732,825","-1046820,972",PRAHA10Michle,BOHDALECK¡,,uzel,,,,,,,,,1
2100190157,5,,2019-01-04,5,1050,1,3,0,2,1,2,403,0,0,0,650,2,3,1,4,3,1,0,1,3,3,0,4,2,10,,3,35.0,99,1.0,0.0,1.0,0.0,1.0,5.0,200,2.0,1.0,1.0,,,"-728188,119","-1041712,356","-728188,131","-1041712,257",PRAHA9HornÌPoËernice,N¡CHODSK¡,,sledovan·komunikace,,,,,,,,,1
2100190158,4,,2019-01-04,5,1110,1,3,0,2,1,2,403,0,0,0,1200,2,3,1,1,1,1,0,1,3,3,0,6,2,19,,3,13.0,16,3.0,0.0,1.0,0.0,1.0,23.0,600,2.0,1.0,1.0,,,"-737549,075","-1050919,839","-737551,966","-1050918,410",PRAHA4CHODOV,,,uzel,,,,,,,,,1
2100190160,5,,2019-01-04,5,1010,1,4,0,2,1,2,410,0,0,0,1550,2,3,1,1,1,1,3,1,0,5,0,1,5,0,,3,47.0,18,1.0,0.0,1.0,0.0,1.0,1.0,200,3.0,1.0,1.0,,,"-736098,244","-1038342,930","-736092,873","-1038343,343",PRAHA9,Tupolevova,,mÌstnÌkomunikace,,,,,,,,,1
2100190161,5,,2019-01-04,5,1120,1,4,0,2,1,2,503,0,0,0,1600,2,1,1,1,1,1,5,1,0,0,0,1,2,0,,3,38.0,12,1.0,0.0,1.0,0.0,1.0,1.0,800,2.0,1.0,1.0,,,"-739738,601","-1042305,019","-739737,913","-1042306,484",PRAHA8KarlÌn,ROHANSK…N¡BÿEéÕ,,sledovan·komunikace,,,,,,,,,1
2100190162,6,,2019-01-04,5,1115,1,3,0,2,1,2,204,0,0,0,800,2,5,1,1,1,1,1,1,0,0,0,1,2,0,,3,32.0,00,1.0,1.0,1.0,0.0,1.0,5.0,400,2.0,1.0,1.0,,,"-748103,591","-1053245,068","-748102,551","-1053246,338",PRAHA4,Podch˝ösk·,,mÌstnÌkomunikace,,312675.0,,OpaËn˝kesmÏru˙seku,Pomal˝,554782.0,495832.0,GN_V0.1UIR-ADR_410,1
2100190163,6,,2019-01-01,2,2560,2,0,0,2,1,0,516,0,0,0,200,2,6,1,6,1,1,1,1,0,0,0,1,2,0,,3,13.0,17,1.0,0.0,4.0,0.0,1.0,5.0,0,9.0,,,,,"-748011,866","-1044400,892","-748011,914","-1044401,074",Praha,ZahradnÌËkova,,mÌstnÌkomunikace,,2772088.0,,Souhlasn˝sesmÏrem˙seku,Pomal˝,554782.0,484997.0,GN_V0.1UIR-ADR_410,1
2100190164,6,,2019-01-04,5,1230,1,4,0,2,1,2,503,0,0,0,1600,2,1,1,1,1,1,1,1,0,0,0,1,2,0,,3,26.0,17,1.0,0.0,1.0,0.0,1.0,5.0,800,2.0,1.0,1.0,,,"-738171,786","-1041695,813","-738171,751","-1041695,910",PRAHA9LibeÚ,SOKOLOVSK¡,,sledovan·komunikace,,,,,,,,,1
2100190165,6,,2019-01-04,5,1215,1,2,0,2,1,2,403,0,0,0,150,2,3,1,6,1,1,0,1,3,3,0,5,2,10,,3,12.0,08,3.0,0.0,1.0,0.0,1.0,5.0,50,2.0,1.0,1.0,,,"-733497,585","-1045948,083","-733497,677","-1045947,864",Praha10,⁄st¯ednÌ,,mÌstnÌkomunikace,,287070.0,,OpaËn˝kesmÏru˙seku,Pomal˝,554782.0,468053.0,GN_V0.1UIR-ADR_410,1
2100190166,6,,2019-01-04,5,1160,3,0,2,2,1,0,516,0,0,0,150,1,3,1,1,1,1,1,1,0,0,0,1,1,0,,5,19.0,,3.0,0.0,4.0,0.0,1.0,5.0,0,9.0,,,,,"-742572,366","-1042742,427","-742568,999","-1042741,858",PRAHA1StarÈMÏsto,R¡MOV¡,,mÌstnÌkomunikace,,,,,,,,,1
2100190167,6,,2019-01-03,4,2560,2,0,0,2,1,0,516,0,0,0,300,2,3,1,1,1,1,1,1,0,0,0,1,2,0,,17,,XX,,,,,,,0,,,,,,"-745823,493","-1047544,824","-745820,497","-1047581,437",Praha10Z·bÏhlice,Z·bÏhlick·,,mÌstnÌkomunikace,,2374420.0,,,Pomal˝,554782.0,450685.0,GN_V0.1UIR-ADR_410,1
2100190168,5,,2019-01-04,5,1303,1,4,0,2,1,2,503,0,0,0,30,2,3,1,1,1,1,2,1,0,0,0,1,2,0,,5,47.0,16,3.0,0.0,1.0,0.0,1.0,1.0,10,2.0,1.0,1.0,,,"-740886,204","-1053032,470","-740886,000","-1053034,917",PRAHA4,Libuösk·,,˙Ëelov·komunikace,,,,,,,,,1
2100190169,7,,2019-01-04,5,1330,1,4,0,2,1,2,504,0,0,0,310,2,3,1,1,1,1,1,0,0,0,9,1,2,0,,3,47.0,09,9.0,0.0,0.0,0.0,1.0,5.0,10,2.0,1.0,1.0,,,"-741910,352","-1047483,2","-741891,798","-1047505,66",PRAHA4,Mod¯ansk·,,mÌstnÌkomunikace,,292751.0,,OpaËn˝kesmÏru˙seku,Pomal˝,554782.0,444529.0,GN_V0.1UIR-ADR_410,1
2100190170,6,,2019-01-04,5,1220,2,0,0,2,1,2,502,0,0,0,400,2,8,1,1,1,1,1,2,0,0,0,1,2,0,,5,13.0,15,3.0,0.0,1.0,0.0,1.0,5.0,100,3.0,1.0,1.0,,,"-728151,772","-1043746,021","-728155,899","-1043745,599",PRAHA9HornÌPoËernice,VEéLÕBKU,,uzel,,,,,,,,,1
2100190171,8,,2019-01-04,5,2560,2,0,0,2,1,0,516,0,0,0,300,3,1,1,1,1,1,1,3,0,0,0,1,2,0,,17,,XX,,,,,,,0,,,,,,"-746688,814","-1044428,785","-746688,262","-1044420,756",PRAHA5SmÌchov,PLZE“SK¡,,sledovan·komunikace,,,,,,,,,1
2100190172,6,,2019-01-04,5,947,2,0,0,2,1,2,508,0,0,0,100,2,1,1,1,1,1,1,1,0,0,0,1,2,0,,7,40.0,16,3.0,0.0,0.0,0.0,1.0,5.0,0,3.0,1.0,1.0,,,"-745293,203","-1037578,170","-745292,896","-1037578,486",PRAHA6-SUCHDOL,INTERNACION¡LNÕ,,mÌstnÌkomunikace,,,,,,,,,1
2100190173,6,,2019-01-01,2,2330,2,0,0,2,1,0,516,0,0,0,100,2,1,1,1,4,1,1,1,0,0,0,1,2,0,,17,,XX,,,,,,,0,,,,,,"-744402,949","-1036718,791","-744404,923","-1036716,796",PRAHA6,HAVRANÕ,,mÌstnÌkomunikace,,,,,,,,,1
2100190174,6,,2019-01-01,2,2560,2,0,0,2,1,0,516,0,0,0,200,2,3,1,1,1,1,1,1,0,0,0,1,2,0,,17,,XX,,,,,,,0,,,,,,"-740281,937","-1043380,595","-740282,601","-1043380,822",PRAHA3éiûkov,LUK¡äOVA,,mÌstnÌkomunikace,,,,,,,,,1
2100190175,8,,2019-01-04,5,1035,2,0,0,2,1,2,502,0,0,0,150,2,3,1,1,1,1,1,1,0,0,10,1,2,0,,3,39.0,14,1.0,0.0,1.0,0.0,1.0,5.0,50,2.0,1.0,1.0,,,"-752758,476","-1045449,430","-752756,979","-1045452,935",Praha5ZLI»ÕN,ÿEVNICK¡,,mÌstnÌkomunikace,,,,,,,,,1
2100190176,6,,2019-01-04,5,1350,1,3,0,1,1,2,409,0,0,1,2800,2,3,1,1,1,1,1,1,0,5,10,1,4,0,,3,39.0,16,1.0,0.0,0.0,0.0,1.0,5.0,1500,2.0,1.0,1.0,,,"-743420,147","-1050379,54","-743423,682","-1050356,578",PRAHA6Dejvice,GENER¡LAPÕKY,,mÌstnÌkomunikace,,302939.0,,Souhlasn˝sesmÏrem˙seku,Pomal˝,554782.0,452017.0,GN_V0.1UIR-ADR_410,1
2100190177,6,,2019-01-03,4,2560,2,0,0,2,1,0,516,0,0,0,100,2,3,1,1,1,1,1,1,0,0,0,1,2,0,,17,,XX,,,,,,,0,,,,,,"-742287,423","-1041559,603","-742286,347","-1041559,457",PRAHA7BubeneË,MALÕÿSK¡,,mÌstnÌkomunikace,,,,,,,,,1
2100190178,6,,2019-01-04,5,1400,2,0,0,2,1,2,502,0,0,0,500,2,3,1,1,1,1,1,1,0,0,0,1,2,0,,5,64.0,04,1.0,0.0,1.0,0.0,1.0,5.0,0,3.0,1.0,1.0,,,"-751816,226","-1044610,207","-751816,237","-1044610,234",PRAHA5ZLI»ÕN,JÕLOV¡,,mÌstnÌkomunikace,,,,,,,,,1
2100190179,5,,2019-01-04,5,1500,3,0,3,1,1,2,511,0,0,1,1500,2,3,1,1,1,1,3,0,0,0,0,1,1,0,,3,39.0,05,1.0,0.0,1.0,0.0,1.0,1.0,1000,3.0,1.0,1.0,,,"-736623,985","-1036988,336","-736624,556","-1036992,897",PRAHA8,KOSTELECK¡,,sledovan·komunikace,,,,,,,,,1
2100190180,5,,2019-01-04,5,1520,1,3,0,2,1,2,404,0,0,0,1700,2,3,1,1,1,1,0,1,0,5,2,4,2,10,,3,47.0,06,1.0,0.0,0.0,0.0,1.0,1.0,900,2.0,1.0,1.0,,,"-735214,448","-1037984,991","-735214,944","-1037985,018",PRAHA9LetÚany,BERANOV›CH,,sledovan·komunikace,,,,,,,,,1
2100190181,6,,2019-01-04,5,1435,1,3,0,2,1,2,404,0,0,0,750,1,5,1,1,1,1,0,1,0,5,0,5,3,10,,3,2.0,01,1.0,0.0,0.0,0.0,1.0,5.0,250,4.0,1.0,1.0,,,"-749494,609","-1041828,969","-749494,746","-1041829,172",PRAHA6Liboc,USTANICExUKolejÌ,,mÌstnÌkomunikace,,,,,,,,,1
2100190182,6,,2019-01-04,5,1160,2,0,0,2,1,0,516,0,0,0,100,2,3,1,1,1,1,0,1,3,3,2,4,2,10,,3,12.0,13,3.0,0.0,4.0,0.0,1.0,5.0,0,9.0,,,,,"-742107,150","-1041651,937","-742107,520","-1041655,504",PRAHA7Holeöovice,HEÿMANOVA,,mÌstnÌkomunikace,,,,,,,,,1
2100190183,5,,2019-01-04,5,1620,1,3,0,2,1,2,411,0,0,0,1200,2,3,1,1,2,1,2,1,0,5,0,1,2,0,,3,47.0,18,3.0,0.0,1.0,0.0,1.0,1.0,800,3.0,1.0,1.0,,,"-743958,994","-1044342,889","-743955,846","-1044342,771",PRAHA5,Svornosti,,mÌstnÌkomunikace,,280615.0,,Souhlasn˝sesmÏrem˙seku,Pomal˝,554782.0,479756.0,GN_V0.1UIR-ADR_410,1
2100190184,5,,2019-01-04,5,1650,1,2,0,2,1,2,411,0,0,0,400,2,3,1,1,2,1,5,1,0,5,0,1,2,0,,3,17.0,16,1.0,0.0,1.0,0.0,1.0,1.0,200,2.0,1.0,1.0,,,"-737112,902","-1046227,666","-737112,354","-1046228,031",PRAHA10Straönice,NAPADES¡T…M,,sledovan·komunikace,,,,,,,,,1
2100190185,4,,2019-01-04,5,1650,1,2,0,2,1,2,502,0,0,0,550,2,1,1,1,2,1,0,1,2,0,2,4,2,19,,3,39.0,18,7.0,0.0,1.0,0.0,1.0,35.0,400,2.0,1.0,1.0,,,"-742322,341","-1044236,413","-742323,412","-1044241,702",PRAHA2,Anglick·,,mÌstnÌkomunikace,,279884.0,,Souhlasn˝sesmÏrem˙seku,Pomal˝,554782.0,480304.0,GN_V0.1UIR-ADR_410,1
2100190186,5,,2019-01-04,5,1735,1,2,0,2,1,2,508,0,0,0,1100,2,1,1,1,4,1,0,1,3,3,0,5,2,10,,8,62.0,15,9.0,0.0,1.0,0.0,1.0,1.0,300,4.0,1.0,1.0,,,"-739523,722","-1053815,136","-739523,849","-1053814,500",PRAHA4,VÕDE“SK¡,,sledovan·komunikace,,,,,,,,,1
2100190187,5,,2019-01-04,5,1740,1,4,0,2,1,2,503,0,0,0,800,2,3,1,1,4,1,5,1,0,0,0,1,2,0,,3,13.0,18,1.0,0.0,1.0,0.0,1.0,1.0,500,2.0,1.0,1.0,,,"-728095,111","-1040583,175","-728095,237","-1040582,795",PRAHA209HornÌPoËernice,NOVOPACK¡,,sledovan·komunikace,,,,,,,,,1
2100190188,5,,2019-01-04,5,1835,4,0,0,1,3,3,100,0,0,1,100,2,3,1,4,5,6,2,1,0,0,0,1,1,0,,3,13.0,02,9.0,0.0,1.0,0.0,1.0,5.0,100,2.0,1.0,1.0,,,"-738599,527","-1041861,669","-738599,235","-1041862,495",PRAHA8,Sokolovsk·,,mÌstnÌkomunikace,,268571.0,,OpaËn˝kesmÏru˙seku,Pomal˝,554782.0,469718.0,GN_V0.1UIR-ADR_410,1
2100190189,6,,2019-01-04,5,1820,5,0,0,2,4,0,100,0,0,0,40,2,3,1,1,4,1,1,1,0,0,0,1,1,0,,3,27.0,05,1.0,0.0,1.0,0.0,1.0,5.0,40,2.0,1.0,1.0,,,"-732186,305","-1046394,918","-732186,931","-1046396,556",PRAHA10,KLESÕKU,,sledovan·komunikace,,,,,,,,,1
2100190190,6,,2019-01-04,5,1830,0,0,0,1,1,0,405,0,0,1,0,2,3,1,4,5,1,0,1,3,3,0,5,2,10,,17,,XX,,,,,,,0,,,,,,"-733805,153","-1043478,641","-733800,787","-1043479,128",PRAHA9Kyje,BROUMARSK¡,,uzel,,,,,,,,,1
2100190191,5,,2019-01-04,5,1820,1,3,0,2,1,2,411,0,0,0,310,2,1,1,1,4,1,2,1,0,5,0,3,2,0,,7,26.0,18,9.0,0.0,1.0,0.0,1.0,1.0,10,4.0,1.0,1.0,,,"-736792,283","-1044847,347","-736792,335","-1044847,308",PRAHA4,Praûsk˝okruh,,sledovan·komunikace,,,,,,,,,1
2100190192,6,,2019-01-04,5,1720,2,0,0,2,1,0,504,0,0,0,100,2,3,1,1,4,1,1,1,0,0,0,1,2,0,,3,26.0,15,3.0,0.0,1.0,0.0,1.0,5.0,0,2.0,1.0,1.0,,,"-752951,771","-1045324,233","-752951,947","-1045323,842",PRAHA5,UZliËÌna,,mÌstnÌkomunikace,,1274796.0,,,Pomal˝,554782.0,692107.0,GN_V0.1UIR-ADR_410,1
2100190193,5,,2019-01-04,5,2145,0,0,0,2,7,0,615,0,0,0,400,3,3,1,1,4,1,5,1,0,0,7,1,3,0,,8,72.0,09,1.0,0.0,1.0,0.0,1.0,1.0,300,4.0,1.0,1.0,,,"-743873,42","-1043750,044","-743873,388","-1043749,446",PRAHA5-HluboËepy,KBarrandovu,,mÌstnÌkomunikace,,712516.0,,Souhlasn˝sesmÏrem˙seku,Pomal˝,554782.0,464023.0,GN_V0.1UIR-ADR_410,1
2100190194,5,,2019-01-04,5,2225,9,0,0,2,1,2,204,0,0,0,202,2,3,1,5,5,1,5,1,0,0,0,1,1,0,,3,39.0,08,12.0,1.0,1.0,0.0,1.0,1.0,200,2.0,1.0,1.0,,,"-735735,467","-1044488,031","-735735,409","-1044487,693",PRAHA10Maleöice,TISKAÿSK¡,,sledovan·komunikace,,,,,,,,,1
2100190195,4,,2019-01-05,6,215,1,3,0,2,1,2,401,0,0,0,3500,2,3,1,1,4,1,0,1,2,0,2,4,2,19,,3,4.0,08,3.0,0.0,1.0,0.0,1.0,37.0,2000,2.0,1.0,1.0,,,"-742319,454","-1044241,555","-742319,638","-1044242,466",PRAHA2,éitn·,,mÌstnÌkomunikace,,279884.0,,Souhlasn˝sesmÏrem˙seku,Pomal˝,554782.0,480304.0,GN_V0.1UIR-ADR_410,1