IDENTIFIKA»NÕ »ÕSLO,DRUH POZEMNÕ KOMUNIKACE,»ÕSLO POZEMNÕ KOMUNIKACE,"den, mÏsÌc, rok",,Ëas ,DRUH NEHODY,DRUH SR¡éKY JEDOUCÕCH VOZIDEL,DRUH PEVN… PÿEK¡éKY,CHARAKTER NEHODY,ZAVINÃNÕ NEHODY,ALKOHOL U VINÕKA NEHODY PÿÕTOMEN,HLAVNÕ PÿÕ»INY NEHODY,usmrceno osob,tÏûce zranÏno osob,lehce zranÏno osob,CELKOV¡ HMOTN¡ äKODA,DRUH POVRCHU VOZOVKY,STAV POVRCHU VOZOVKY V DOBÃ NEHODY,STAV KOMUNIKACE,POVÃTRNOSTNÕ PODMÕNKY V DOBÃ NEHODY,VIDITELNOST,ROZHLEDOV… POMÃRY,DÃLENÕ KOMUNIKACE,SITUOV¡NÕ NEHODY NA KOMUNIKACI,ÿÕZENÕ PROVOZU V DOBÃ NEHODY,MÕSTNÕ ⁄PRAVA PÿEDNOSTI V JÕZDÃ,SPECIFICK¡ MÕSTA A OBJEKTY V MÕSTÃ NEHODY,SMÃROV… POMÃRY,PO»ET Z⁄»ASTNÃN›CH VOZIDEL,MÕSTO DOPRAVNÕ NEHODY,DRUH KÿIéUJÕCÕ KOMUNIKACE,DRUH VOZIDLA,V›ROBNÕ ZNA»KA MOTOROV…HO VOZIDLA,ROK V›ROBY VOZIDLA,CHARAKTERISTIKA VOZIDLA ,SMYK,VOZIDLO PO NEHODÃ,"⁄NIK PROVOZNÕCH, PÿEPRAVOVAN›CH HMOT",ZPŸSOB VYPROäTÃNÕ OSOB Z VOZIDLA,SMÃR JÕZDY NEBO POSTAVENÕ VOZIDLA,äKODA NA VOZIDLE,KATEGORIE ÿIDI»E,STAV ÿIDI»E,VNÃJäÕ OVLIVNÃNÕ ÿIDI»E,nan.1,nan.2,nan.3,nan.4,nan.5,nan.6,nan.7,nan.8,nan.9,nan.10,nan.11,nan.12,nan.13,nan.14,nan.15,nan.16,nan.17,nan.18,LOKALITA NEHODY
2100190196,8,,2019-01-05,6,2560,2,0,0,2,1,0,516,0,0,0,100,2,3,1,1,1,1,1,1,0,0,10,1,2,0,,3,39.0,11,1.0,0.0,4.0,0.0,1.0,5.0,0,9.0,,,,,"-742895,983","-1043410,662","-742895,747","-1043410,499",PRAHA1,PERLOV¡,,mÌstnÌkomunikace,,,,,,,,,1
2100190197,6,,2019-01-04,5,2560,3,0,6,2,1,0,516,0,0,0,150,2,3,1,1,1,1,1,1,0,0,0,1,1,0,,17,,XX,,,,,,,0,,,,,,"-737591,630","-1047388,284","-737591,485","-1047387,575",PRAHA10Z·bÏhlice,SNÃéENKOV¡,,mÌstnÌkomunikace,,,,,,,,,1
2100190198,6,,2019-01-05,6,905,3,0,6,2,1,2,502,0,0,0,400,2,1,1,1,1,1,1,1,0,0,0,1,1,0,,5,7.0,12,3.0,0.0,0.0,0.0,1.0,5.0,300,2.0,1.0,1.0,,,"-744352,840","-1042425,089","-744352,000","-1042425,089",PRAHA1HradËany,HRADI.N¡DVOÿÕ,,mÌstnÌkomunikace,,,,,,,,,1
2100190199,6,,2019-01-04,5,2560,2,0,0,2,1,0,516,0,0,0,200,2,3,1,1,1,1,1,1,0,0,0,1,2,0,,17,,XX,,,,,,,0,,,,,,"-737301,388","-1039584,195","-737304,533","-1039586,131",PRAHA9,VysoËansk·,,mÌstnÌkomunikace,,1682584.0,,Souhlasn˝sesmÏrem˙seku,Pomal˝,554782.0,478661.0,GN_V0.1UIR-ADR_410,1
2100190200,6,,2019-01-05,6,1245,1,1,0,2,1,2,204,0,0,0,600,2,3,1,1,1,1,2,1,3,5,0,3,2,0,,3,39.0,03,1.0,1.0,1.0,0.0,1.0,5.0,100,2.0,1.0,1.0,,,"-734584,606","-1045330,688","-734584,757","-1045331,699",PRAHA10-äTÃRBOHOLY,Zamenhofova,,mÌstnÌkomunikace,,1683545.0,,OpaËn˝kesmÏru˙seku,Pomal˝,554782.0,792675.0,GN_V0.1UIR-ADR_410,1
2100190201,8,,2019-01-01,2,2560,2,0,0,2,1,0,516,0,0,0,200,2,3,1,1,1,1,1,1,0,0,10,1,2,0,,17,,XX,,,,,,,0,,,,,,"-739752,583","-1045218,413","-739753,155","-1045212,154",PRAHA10Vröovice,28.PLUKU,,sledovan·komunikace,,,,,,,,,1
2100190202,6,,2019-01-05,6,1240,1,2,0,2,1,2,502,0,0,0,200,1,1,1,1,1,1,1,1,0,0,0,1,2,0,,3,8.0,16,1.0,0.0,1.0,0.0,1.0,5.0,100,2.0,1.0,1.0,,,"-744569,830","-1044733,531","-744569,049","-1044733,435",PRAHA5SmÌchov,KOV¡KŸ,,mÌstnÌkomunikace,,,,,,,,,1
2100190203,5,,2019-01-05,6,1435,3,0,4,2,1,2,204,0,0,0,1000,2,3,1,4,3,1,6,1,0,0,0,1,1,0,,3,1.0,04,9.0,1.0,1.0,0.0,1.0,3.0,800,2.0,1.0,1.0,,,"-752301,249","-1048713,956","-752301,782","-1048716,222",Praha5ÿeporyje,PRAéSK›OKRUH,,sledovan·komunikace,,,,,,,,,1
2100190204,6,,2019-01-05,6,1530,2,0,0,2,1,2,508,0,0,0,1300,2,3,1,1,1,1,1,1,0,0,0,1,2,0,,3,39.0,17,3.0,0.0,1.0,0.0,1.0,5.0,1000,2.0,1.0,1.0,,,"-742141,661","-1042693,975","-742141,343","-1042695,557",Praha1,Soukenick·,,mÌstnÌkomunikace,,712051.0,,Souhlasn˝sesmÏrem˙seku,Pomal˝,554782.0,469840.0,GN_V0.1UIR-ADR_410,1
2100190205,5,,2019-01-05,6,1510,3,0,4,2,1,2,204,0,0,0,1000,2,3,1,4,1,1,3,1,0,0,0,1,1,0,,3,13.0,15,3.0,1.0,1.0,0.0,1.0,1.0,800,2.0,1.0,1.0,,,"-732605,270","-1040828,396","-732605,215","-1040826,766",PRAHA9-HloubÏtÌn,NOVOPACK¡,,sledovan·komunikace,,,,,,,,,1
2100190206,8,,2019-01-05,6,1400,2,0,0,2,1,0,508,0,0,0,20,2,3,1,4,3,1,1,1,0,0,10,1,2,0,,3,44.0,07,3.0,0.0,3.0,0.0,1.0,5.0,10,2.0,1.0,1.0,,,"-732541,193","-1042336,926","-732543,156","-1042338,255",PRAHA14»ern˝Most,BOUÿILOVA,,mÌstnÌkomunikace,,,,,,,,,1
2100190207,6,,2019-01-05,6,1620,1,3,0,2,1,0,501,0,0,0,600,2,3,1,4,5,1,0,1,3,3,0,4,2,10,,3,60.0,09,1.0,0.0,4.0,0.0,1.0,5.0,300,9.0,,,,,"-732713,895","-1044050,734","-732713,895",-1044052,PRAHA9-KYJE,Plumlovsk·,,mÌstnÌkomunikace,,279064.0,,OpaËn˝kesmÏru˙seku,Pomal˝,554782.0,502294.0,GN_V0.1UIR-ADR_410,1
2100190208,8,,2019-01-05,6,1620,2,0,0,2,1,2,502,0,0,0,150,1,1,1,1,2,1,1,1,0,0,10,1,2,0,,3,31.0,16,3.0,0.0,1.0,0.0,1.0,5.0,140,2.0,1.0,1.0,,,"-738779,803","-1049821,713","-738776,889","-1049818,836",PRAHA4Chodov,ROZTYLSK¡,,sledovan·komunikace,,,,,,,,,1
2100190209,6,,2019-01-04,5,2560,2,0,0,2,1,0,516,0,0,0,200,2,3,1,1,1,1,1,1,0,0,0,1,2,0,,17,,XX,,,,,,,0,,,,,,"-747572,674","-1055536,574","-747573,046","-1055540,168",PRAHA5-Zbraslav,HOSTOäOVA,,mÌstnÌkomunikace,,,,,,,,,1
2100190210,4,,2019-01-05,6,1740,1,3,0,1,1,2,403,0,0,1,2500,2,3,1,1,4,1,0,1,3,3,0,4,3,19,,3,39.0,07,3.0,0.0,1.0,0.0,1.0,17.0,1500,2.0,1.0,1.0,,,"-736528,803","-1044395,692","-736530,912","-1044395,862",Praha10,D¯evËick·,,mÌstnÌkomunikace,,3312405.0,,Souhlasn˝sesmÏrem˙seku,Pomal˝,554782.0,483559.0,GN_V0.1UIR-ADR_410,1
2100190211,5,,2019-01-05,6,1730,1,4,0,2,1,9,511,0,0,0,2310,2,3,1,4,5,1,0,1,2,0,1,4,2,10,,3,48.0,07,1.0,0.0,1.0,0.0,1.0,3.0,1500,2.0,5.0,0.0,,,"-737367,474","-1044913,502","-737367,402","-1044911,277",PRAHA10Straönice,»ERNOKOSTELECK¡,,uzel,,,,,,,,,1
2100190212,4,,2019-01-05,6,1750,1,3,0,2,1,2,403,0,0,0,900,2,3,1,4,5,1,0,1,3,3,0,7,2,19,,3,26.0,16,3.0,0.0,1.0,0.0,1.0,84.0,500,3.0,1.0,1.0,,,"-735747,76","-1039767,988","-735748,107","-1039768,37",PRAHA9-PROSEK,Proseck·,,mÌstnÌkomunikace,,260998.0,,Souhlasn˝sesmÏrem˙seku,Pomal˝,554782.0,466476.0,GN_V0.1UIR-ADR_410,1
2100190213,5,,2019-01-05,6,1820,3,0,3,2,1,2,508,0,0,0,200,2,3,1,3,4,1,2,1,0,0,0,1,1,0,,3,7.0,96,1.0,0.0,1.0,0.0,1.0,1.0,150,3.0,1.0,1.0,,,"-740320,977","-1041192,276","-740318,838","-1041189,501",PRAHA7Holeöovice,UURANIE,,sledovan·komunikace,,,,,,,,,1
2100190214,5,,2019-01-05,6,1825,3,0,4,2,1,2,204,0,0,0,200,2,3,12,4,5,1,2,1,0,0,0,3,1,0,,3,39.0,07,2.0,1.0,1.0,0.0,1.0,1.0,150,2.0,1.0,1.0,,,"-737498,993","-1051143,617","-737496,010","-1051144,546",PRAHA4Chodov,NAJELEN¡CH,,sledovan·komunikace,,,,,,,,,1
2100190215,5,,2019-01-05,6,1850,1,3,0,2,1,2,403,0,0,0,4550,2,3,1,1,4,1,0,1,3,3,0,5,2,10,,3,17.0,17,1.0,0.0,1.0,0.0,1.0,5.0,3000,2.0,1.0,1.0,,,"-729483,477","-1041402,956","-729483,501","-1041402,599",PRAHA9,BYSTR¡,,mÌstnÌkomunikace,,1872464.0,,OpaËn˝kesmÏru˙seku,Pomal˝,554782.0,774235.0,GN_V0.1UIR-ADR_410,1
2100190216,4,,2019-01-05,6,1839,8,2,0,1,1,2,401,0,0,2,1600,2,3,1,4,5,1,0,7,2,0,1,6,2,19,,3,26.0,17,3.0,0.0,1.0,0.0,1.0,73.0,1000,2.0,1.0,1.0,,,"-737300,651","-1043277,841","-737301,826","-1043282,543",PRAHA3éiûkov,KONÃVOVAxSPOJOVACÕX»ESKOBRODSK¡XU»“OVSK¡,,uzel,,,,,,,,,1
2100190218,6,,2019-01-06,0,400,2,0,0,2,1,9,511,0,0,0,60,2,3,1,1,4,1,1,1,0,0,0,1,2,0,,5,47.0,09,1.0,0.0,0.0,0.0,1.0,5.0,10,2.0,5.0,0.0,,,"-735021,660","-1038224,752","-735020,715","-1038224,560",PRAHA9-LetÚany,MIROSLAVAHAJNA,,mÌstnÌkomunikace,,,,,,,,,1
2100190219,5,,2019-01-06,0,615,0,0,0,2,1,2,203,0,0,0,400,2,1,1,1,4,1,3,1,0,0,0,1,1,0,,3,39.0,15,3.0,0.0,1.0,0.0,1.0,3.0,400,3.0,1.0,1.0,,,"-728023,923","-1040801,721","-728023,616","-1040803,329",PRAHA9-HORNÕPO»ERNICE,Novopack·,,mÌstnÌkomunikace,,3552452.0,,OpaËn˝kesmÏru˙seku,Pomal˝,554782.0,774227.0,GN_V0.1UIR-ADR_410,1
2100190220,6,,2019-01-06,0,2560,3,0,9,2,1,0,516,0,0,0,150,2,1,1,1,1,1,1,1,0,0,0,1,1,0,,17,,XX,,,,,,,0,,,,,,"-737980,759","-1048849,745","-737981,549","-1048848,045",PRAHA4Chodov,BLAéIMSK¡,,mÌstnÌkomunikace,,,,,,,,,1
2100190221,5,,2019-01-06,0,1015,1,3,0,2,1,2,411,0,0,0,150,2,3,1,1,1,1,2,1,0,5,0,3,2,0,,3,39.0,01,1.0,0.0,1.0,0.0,1.0,1.0,100,2.0,1.0,1.0,,,"-737595,509","-1050096,332","-737597,085","-1050099,303",PRAHA4CHODOV,LITOCHLEBSK…N¡M.,,uzel,,,,,,,,,1
2100190222,6,,2019-01-05,6,2560,2,0,0,2,1,0,516,0,0,0,400,2,1,1,1,1,1,1,1,0,0,0,1,2,0,,17,,XX,,,,,,,0,,,,,,"-741046,220","-1050442,852","-741044,900","-1050442,457",PRAHA4KrË,PODKR»SK›MLESEM,,mÌstnÌkomunikace,,,,,,,,,1
2100190223,6,,2019-01-06,0,2560,2,0,0,2,1,0,516,0,0,0,600,2,1,1,1,1,1,1,1,0,0,0,1,2,0,,17,,XX,,,,,,,0,,,,,,"-739792,392","-1042179,959","-739811,943","-1042140,589",PRAHA4-BranÌk,Novodvorsk·,,mÌstnÌkomunikace,,3459838.0,,,Pomal˝,554782.0,456551.0,GN_V0.1UIR-ADR_410,1
2100190224,4,,2019-01-06,0,1150,1,4,0,2,1,2,503,0,0,0,500,1,1,1,1,1,1,0,1,2,0,0,5,2,19,,3,8.0,17,3.0,0.0,1.0,0.0,1.0,13.0,200,2.0,1.0,1.0,,,"-743050,275","-1042262,782","-743049,704","-1042262,579",PRAHA7,N¡Bÿ.EDVARDABENEäE,,uzel,,,,,,,,,1
2100190225,6,,2019-01-05,6,2560,2,0,0,2,1,0,516,0,0,0,100,2,1,1,1,1,1,0,1,3,3,0,5,2,10,,17,,XX,,,,,,,0,,,,,,"-734515,98","-1048037,976","-734515,975","-1048037,991",Praha,BÏlinskÈho,,mÌstnÌkomunikace,,294727.0,,OpaËn˝kesmÏru˙seku,Pomal˝,554782.0,498289.0,GN_V0.1UIR-ADR_410,1
2100190226,8,,2019-01-06,0,2560,2,0,0,2,1,0,516,0,0,0,50,3,3,1,1,1,1,1,1,0,0,10,1,2,0,,17,,XX,,,,,,,0,,,,,,"-751951,845","-1041068,915","-751951,845","-1041068,915",PRAHA6RuzynÏ,Fajtlova,,mÌstnÌkomunikace,,,,,,,,,1
2100190227,6,,2019-01-06,0,1350,2,0,0,2,1,2,502,0,0,0,500,2,1,1,1,1,1,1,1,0,0,0,1,2,0,,3,35.0,14,3.0,0.0,0.0,0.0,1.0,5.0,250,2.0,1.0,1.0,,,"-742000,260","-1038354,776","-741994,888","-1038356,045",PRAHA8Bohnice,Vratislavsk·,,mÌstnÌkomunikace,,,,,,,,,1
2100190228,6,,2019-01-06,0,1250,2,0,0,2,1,2,502,0,0,0,350,2,1,1,1,1,1,1,1,0,0,0,1,2,0,,3,35.0,14,3.0,0.0,1.0,0.0,1.0,5.0,250,2.0,1.0,1.0,,,"-741993,085","-1038346,442","-741992,645","-1038346,546",PRAHA8BOHNICE,VRATISLAVSK¡,,mÌstnÌkomunikace,,,,,,,,,1
2100190229,6,,2019-01-01,2,2560,2,0,0,2,1,0,516,0,0,0,100,2,3,1,1,1,1,1,1,0,0,0,1,2,0,,17,,XX,,,,,,,0,,,,,,"-747532,796","-1048991,121","-747535,750","-1048991,121",PRAHA5HluboËepy,WASSERMANNOVA,,mÌstnÌkomunikace,,,,,,,,,1
2100190230,5,,2019-01-06,0,1420,3,0,2,2,1,2,204,0,0,0,5200,2,3,1,1,1,1,2,1,0,0,0,2,1,0,,3,26.0,18,1.0,1.0,1.0,0.0,1.0,1.0,5000,2.0,1.0,1.0,,,"-745215,102","-1043212,626","-745215,422","-1043214,704",PRAHA6B¯evnov,VANÕ»KOVA,,sledovan·komunikace,,,,,,,,,1
2100190231,6,,2019-01-06,0,2560,2,0,0,2,1,0,516,0,0,0,30,2,1,1,1,1,1,1,1,0,0,0,1,2,0,,17,,XX,,,,,,,0,,,,,,"-738170,883","-1043028,690","-738169,352","-1043027,239",PRAHA3éiûkov,äIKM¡,,mÌstnÌkomunikace,,,,,,,,,1
2100190232,6,,2019-01-06,0,2560,2,0,0,2,1,0,516,0,0,0,500,2,1,1,1,1,1,1,1,0,0,0,1,2,0,,17,,XX,,,,,,,0,,,,,,"-731152,611","-1041941,688","-731153,459","-1041947,145",PRAHA9HornÌPoËernice,Chlumeck·,,˙Ëelov·komunikace,,,,,,,,,1
2100190233,6,,2019-01-06,0,1530,2,0,0,2,1,2,508,0,0,0,10,1,1,1,1,1,1,1,1,0,0,0,1,2,0,,3,39.0,05,1.0,0.0,1.0,0.0,1.0,5.0,0,4.0,1.0,1.0,,,"-743402,815","-1043749,708","-743396,175","-1043732,003",PRAHA6-Dejvice,Ma¯·kova,,mÌstnÌkomunikace,,1656037.0,,,Pomal˝,554782.0,463302.0,GN_V0.1UIR-ADR_410,1
2100190234,6,,2019-01-05,6,2560,2,0,0,2,1,0,516,0,0,0,100,2,1,1,1,1,1,1,1,0,0,0,1,2,0,,17,,XX,,,,,,,0,,,,,,"-739796,674","-1046861,238","-739796,888","-1046866,306",Praha10,Uplyn·rny,,mÌstnÌkomunikace,,1720500.0,,,Pomal˝,554782.0,474339.0,GN_V0.1UIR-ADR_410,1
2100190235,4,,2019-01-06,0,1650,1,2,0,2,1,2,405,0,0,0,1400,1,1,1,1,2,1,0,1,3,3,0,5,2,19,,3,47.0,14,1.0,0.0,0.0,0.0,1.0,87.0,800,2.0,1.0,1.0,,,"-745138,347","-1042100,645","-745138,255","-1042100,619",PRAHA6St¯eöovice,PATO»KOVA,,uzel,,,,,,,,,1
2100190236,4,,2019-01-06,0,1620,1,2,0,2,1,2,411,0,0,0,700,2,1,1,1,2,1,0,1,2,0,0,4,2,19,,3,27.0,01,1.0,0.0,1.0,0.0,1.0,26.0,200,2.0,1.0,1.0,,,"-741697,465","-1043264,773","-741696,919","-1043265,069",PRAHA1NovÈMÏsto,,,uzel,,,,,,,,,1
2100190237,6,,2019-01-06,0,2560,2,0,0,2,1,0,516,0,0,0,400,2,1,1,1,1,1,1,1,0,0,0,1,2,0,,17,,XX,,,,,,,0,,,,,,"-747461,460","-1056602,487","-747456,319","-1056601,927",Praha5ZBRASLAV,PICKOVA,,mÌstnÌkomunikace,,,,,,,,,1
2100190238,5,,2019-01-06,0,1744,4,0,0,1,3,0,100,0,1,0,20,2,1,1,1,4,1,2,7,0,0,0,1,1,0,,10,0.0,,5.0,0.0,1.0,0.0,1.0,1.0,20,8.0,1.0,1.0,,,"-746582,571","-1042880,144","-746580,923","-1042872,551",PRAHA6B¯evnov,BÃLOHORSK¡,,sledovan·komunikace,,,,,,,,,1
2100190239,8,,2019-01-06,0,1800,3,0,2,2,1,2,504,0,0,0,70,2,1,1,1,4,1,1,1,0,0,10,1,1,0,,3,35.0,01,3.0,0.0,1.0,0.0,1.0,5.0,20,2.0,1.0,1.0,,,"-740106,342","-1043592,734","-740113,525","-1043569,555",PRAHA9-VysoËany,»eskomoravsk·142/18,,mÌstnÌkomunikace,,3438592.0,,,Pomal˝,554782.0,449768.0,GN_V0.1UIR-ADR_410,1
2100190240,5,,2019-01-06,0,1755,1,2,0,2,1,2,502,0,0,0,230,2,1,1,1,4,1,3,1,0,0,0,1,2,0,,3,12.0,03,1.0,0.0,1.0,0.0,1.0,1.0,30,2.0,1.0,1.0,,,"-735686,687","-1046099,835","-735687,001","-1046098,894",PRAHA10Hostiva¯,JIéNÕSPOJKA,,sledovan·komunikace,,,,,,,,,1
2100190241,6,,2019-01-06,0,1900,1,4,0,2,1,2,503,0,0,0,1000,2,1,1,1,4,1,1,1,0,0,0,1,2,0,,3,39.0,11,1.0,0.0,0.0,0.0,1.0,5.0,300,2.0,1.0,1.0,,,"-741078,245","-1041943,647","-741078,414","-1041943,620",PRAHA7Holeöovice,ARGENTINSK¡,,sledovan·komunikace,,,,,,,,,1
2100190242,6,,2019-01-06,0,2560,2,0,0,2,1,0,516,0,0,0,300,2,1,1,1,1,1,1,1,0,0,0,1,2,0,,17,,XX,,,,,,,0,,,,,,"-734364,927","-1041844,647","-734368,169","-1041844,502",PRAHA9HloubÏtÌn,NEHVIZDSK¡,,mÌstnÌkomunikace,,,,,,,,,1
2100190243,6,,2019-01-06,0,1760,2,0,0,2,1,0,516,0,0,0,300,2,1,1,1,4,1,1,1,0,0,0,1,2,0,,3,25.0,18,1.0,0.0,4.0,0.0,1.0,5.0,0,9.0,,,,,"-740734,241","-1046418,282","-740732,679","-1046417,927",PRAHA3,JiËÌnsk·,,mÌstnÌkomunikace,,3382615.0,,OpaËn˝kesmÏru˙seku,Pomal˝,554782.0,461679.0,GN_V0.1UIR-ADR_410,1
2100190244,4,,2019-01-06,0,2015,1,2,0,2,1,2,405,0,0,0,1300,2,1,1,1,4,1,0,1,2,0,1,4,2,19,,3,47.0,11,1.0,0.0,1.0,0.0,1.0,75.0,500,2.0,1.0,1.0,,,"-741698,491","-1042598,662","-741698,497","-1042598,809",Praha,Klimentsk·,,mÌstnÌkomunikace,,272084.0,,Souhlasn˝sesmÏrem˙seku,Pomal˝,554782.0,452165.0,GN_V0.1UIR-ADR_410,1
2100190245,8,,2019-01-06,0,2045,1,2,0,2,1,2,502,0,0,0,500,2,1,1,1,4,1,1,1,0,0,10,1,2,0,,3,2.0,97,1.0,0.0,1.0,0.0,1.0,5.0,100,2.0,1.0,1.0,,,"-741295,664","-1047612,024","-741294,266","-1047610,680",PRAHA4Michle,5.KVÃTNA,,sledovan·komunikace,,,,,,,,,1
2100190246,4,,2019-01-06,0,2140,3,0,9,2,1,2,204,0,0,0,1200,2,3,1,1,4,1,0,1,3,3,1,4,1,19,,3,48.0,09,3.0,1.0,1.0,0.0,1.0,26.0,1000,2.0,1.0,1.0,,,"-745267,744","-1037538,902","-745269,330","-1037540,323",PRAHA6-Suchdol,KAM›CK¡,,uzel,,,,,,,,,1
2100190247,6,,2019-01-06,0,2030,2,0,0,2,1,2,502,0,0,0,220,2,1,1,1,4,1,1,1,0,0,0,1,2,0,,3,39.0,05,1.0,0.0,1.0,0.0,1.0,5.0,20,2.0,1.0,1.0,,,"-742304,337","-1038730,923","-742305,529","-1038730,641",PRAHA8TROJA,HNÃZDENSK¡,,mÌstnÌkomunikace,,,,,,,,,1
2100190248,5,,2019-01-07,1,100,0,0,0,2,7,0,608,0,0,0,500,2,3,1,1,4,1,2,1,0,0,0,1,2,0,,17,,XX,,,,,,,0,,,,,,"-743923,103","-1043556,613","-743923,242","-1043558,335",PRAHA1Mal·Strana,VÕTÃZN¡,,uzel,,,,,,,,,1
2100190249,6,,2019-01-07,1,610,1,2,0,2,1,2,410,0,0,0,1600,2,3,1,1,4,1,1,1,0,5,0,1,2,0,,3,39.0,10,1.0,0.0,1.0,0.0,1.0,5.0,800,3.0,1.0,1.0,,,"-739321,467","-1043749,708","-739351,659","-1043753,236",PRAHA6-RuzynÏ,Aviatick·,,mÌstnÌkomunikace,,3315751.0,,Souhlasn˝sesmÏrem˙seku,Pomal˝,554782.0,480240.0,GN_V0.1UIR-ADR_410,1
2100190250,6,,2019-01-07,1,650,4,0,0,1,1,2,508,0,0,1,0,2,1,1,1,4,1,0,1,3,3,0,5,1,10,,3,64.0,03,0.0,0.0,1.0,0.0,1.0,5.0,0,3.0,1.0,1.0,,,"-742038,395","-1045026,344","-742040,046","-1045026,617",PRAHA2Vinohrady,LOND›NSK¡,,mÌstnÌkomunikace,,,,,,,,,1
2100190251,5,,2019-01-07,1,650,1,4,0,2,1,2,503,0,0,0,200,2,1,1,1,4,1,4,1,0,0,0,1,2,0,,3,39.0,18,1.0,0.0,1.0,0.0,1.0,1.0,100,2.0,1.0,1.0,,,"-744563,453","-1048597,026","-744561,993","-1048598,173",PRAHA4,BARRANDOVSK›MOST,,uzel,,,,,,,,,1
2100190252,6,,2019-01-07,1,705,2,0,0,2,1,2,502,0,0,0,80,2,3,1,4,5,1,1,1,0,0,0,1,2,0,,3,12.0,15,3.0,0.0,1.0,0.0,1.0,5.0,30,2.0,1.0,1.0,,,"-742070,938","-1041450,718","-742068,057","-1041449,463",PRAHA7Holeöovice,USTUD¡NKY,,mÌstnÌkomunikace,,,,,,,,,1
2100190253,5,,2019-01-07,1,728,1,2,0,2,1,2,411,0,0,0,1600,2,3,1,4,3,1,5,1,0,5,0,1,2,0,,5,35.0,13,3.0,0.0,1.0,0.0,1.0,5.0,600,3.0,1.0,1.0,,,"-742144,654","-1043876,088","-742148,447","-1043871,207",PRAHA1Vinohrady,WILSONOVA,,sledovan·komunikace,,,,,,,,,1
2100190254,5,,2019-01-07,1,750,1,4,0,2,1,2,503,0,0,0,2300,2,1,1,1,2,1,2,1,0,0,0,1,3,0,,3,23.0,11,1.0,0.0,1.0,0.0,1.0,1.0,1000,3.0,1.0,1.0,,,"-738763,931","-1044664,074","-738765,978","-1044670,853",PRAHA10Straönice,VINOHRADSK¡,,sledovan·komunikace,,,,,,,,,1
2100190255,6,,2019-01-04,5,2560,2,0,0,2,1,0,516,0,0,0,200,2,3,1,1,1,1,1,1,0,0,0,1,2,0,,17,,XX,,,,,,,0,,,,,,"-737626,514","-1049350,317","-737626,491","-1049351,471",PRAHA4Chodov,BRODSK…HO,,mÌstnÌkomunikace,,,,,,,,,1
2100190256,5,,2019-01-07,1,850,0,0,0,2,1,2,508,0,0,0,600,2,1,1,1,1,1,4,1,0,0,0,1,2,0,,5,62.0,18,3.0,0.0,1.0,0.0,1.0,5.0,200,4.0,1.0,1.0,,,"-742249,051","-1046391,978","-742249,446","-1046392,197",PRAHA4Nusle,5.KVÃTNA,,sledovan·komunikace,,,,,,,,,1
2100190257,5,,2019-01-07,1,835,1,4,0,1,1,2,503,0,0,1,2400,2,3,1,1,1,1,2,1,0,0,0,1,2,0,,7,62.0,11,9.0,0.0,1.0,0.0,1.0,1.0,800,3.0,1.0,1.0,,,"-730646,144","-1042410,437","-730642,863","-1042410,264",PRAHA9,PRAéSK›OKRUH,,sledovan·komunikace,,,,,,,,,1
2100190258,5,,2019-01-07,1,900,1,2,0,2,1,2,508,0,0,0,12000,2,3,1,4,3,1,2,1,0,0,0,1,2,0,,3,17.0,09,1.0,0.0,1.0,0.0,1.0,1.0,400,2.0,1.0,1.0,,,"-742917,697","-1043536,056","-742918,285","-1043532,881",PRAHA1NovÈMÏsto,N¡RODNÕ,,sledovan·komunikace,,,,,,,,,1
2100190259,6,,2019-01-07,1,850,3,0,9,2,1,2,509,0,0,0,1100,2,3,1,1,1,1,1,1,0,0,0,1,1,0,,3,39.0,10,3.0,0.0,1.0,0.0,1.0,5.0,800,2.0,1.0,1.0,,,"-745311,182","-1046124,381","-745312,838","-1046126,405",PRAHA5Radlice,V›MOLOVA,,mÌstnÌkomunikace,,,,,,,,,1
2100190260,5,,2019-01-07,1,1010,1,4,0,2,1,2,503,0,0,0,800,2,1,1,1,1,1,2,1,0,0,0,1,2,0,,3,47.0,08,1.0,0.0,1.0,0.0,1.0,1.0,400,2.0,1.0,1.0,,,"-743197,852","-1042609,457","-743194,643","-1042611,663",PRAHA1,DVOÿ¡KOVON¡Bÿ.,,sledovan·komunikace,,,,,,,,,1
2100190261,4,,2019-01-07,1,1010,1,4,0,2,1,2,503,0,0,0,600,2,1,1,1,1,1,0,1,2,0,1,4,2,19,,3,47.0,15,1.0,0.0,1.0,0.0,1.0,71.0,300,2.0,1.0,1.0,,,"-742444,587","-1044438,678","-742438,774","-1044439,294",PRAHA2NovÈMÏsto,JeËn·,,uzel,,,,,,,,,1
2100190262,8,,2019-01-04,5,1539,3,0,9,2,1,0,504,0,0,0,500,2,3,1,1,1,1,1,1,0,0,9,1,1,0,,3,13.0,10,1.0,0.0,1.0,0.0,1.0,5.0,0,2.0,1.0,1.0,,,"-745883,206","-1044608,967","-745881,109","-1044594,057",PRAHA5KoöÌ¯e,VRCHLICK…HO,,mÌstnÌkomunikace,,,,,,,,,1
2100190263,8,,2019-01-07,1,1050,2,0,0,2,1,2,504,0,0,0,200,2,3,1,4,3,1,1,1,0,0,10,1,2,0,,5,32.0,16,3.0,0.0,1.0,0.0,1.0,5.0,0,2.0,1.0,1.0,,,"-738163,290","-1050877,121","-738163,170","-1050871,303",PRAHA4Chodov,CIG¡NKOVA,,mÌstnÌkomunikace,,,,,,,,,1
2100190264,8,,2019-01-07,1,2560,2,0,0,2,1,0,516,0,0,0,500,2,1,1,1,1,1,1,1,0,0,0,1,2,0,,17,,XX,,,,,,,0,,,,,,"-741110,985","-1046881,365","-741111,905","-1046882,016",PRAHA4Michle,LIBUäSK¡,,sledovan·komunikace,,,,,,,,,1