IDENTIFIKA»NÕ »ÕSLO,DRUH POZEMNÕ KOMUNIKACE,»ÕSLO POZEMNÕ KOMUNIKACE,"den, mÏsÌc, rok",,Ëas ,DRUH NEHODY,DRUH SR¡éKY JEDOUCÕCH VOZIDEL,DRUH PEVN… PÿEK¡éKY,CHARAKTER NEHODY,ZAVINÃNÕ NEHODY,ALKOHOL U VINÕKA NEHODY PÿÕTOMEN,HLAVNÕ PÿÕ»INY NEHODY,usmrceno osob,tÏûce zranÏno osob,lehce zranÏno osob,CELKOV¡ HMOTN¡ äKODA,DRUH POVRCHU VOZOVKY,STAV POVRCHU VOZOVKY V DOBÃ NEHODY,STAV KOMUNIKACE,POVÃTRNOSTNÕ PODMÕNKY V DOBÃ NEHODY,VIDITELNOST,ROZHLEDOV… POMÃRY,DÃLENÕ KOMUNIKACE,SITUOV¡NÕ NEHODY NA KOMUNIKACI,ÿÕZENÕ PROVOZU V DOBÃ NEHODY,MÕSTNÕ ⁄PRAVA PÿEDNOSTI V JÕZDÃ,SPECIFICK¡ MÕSTA A OBJEKTY V MÕSTÃ NEHODY,SMÃROV… POMÃRY,PO»ET Z⁄»ASTNÃN›CH VOZIDEL,MÕSTO DOPRAVNÕ NEHODY,DRUH KÿIéUJÕCÕ KOMUNIKACE,DRUH VOZIDLA,V›ROBNÕ ZNA»KA MOTOROV…HO VOZIDLA,ROK V›ROBY VOZIDLA,CHARAKTERISTIKA VOZIDLA ,SMYK,VOZIDLO PO NEHODÃ,"⁄NIK PROVOZNÕCH, PÿEPRAVOVAN›CH HMOT",ZPŸSOB VYPROäTÃNÕ OSOB Z VOZIDLA,SMÃR JÕZDY NEBO POSTAVENÕ VOZIDLA,äKODA NA VOZIDLE,KATEGORIE ÿIDI»E,STAV ÿIDI»E,VNÃJäÕ OVLIVNÃNÕ ÿIDI»E,nan.1,nan.2,nan.3,nan.4,nan.5,nan.6,nan.7,nan.8,nan.9,nan.10,nan.11,nan.12,nan.13,nan.14,nan.15,nan.16,nan.17,nan.18,LOKALITA NEHODY
2100190265,5,,2019-01-07,1,1050,1,3,0,2,1,2,409,0,0,0,1600,2,3,1,1,1,1,2,1,0,5,10,1,3,0,,3,44.0,02,1.0,0.0,1.0,0.0,1.0,5.0,200,2.0,1.0,1.0,,,"-743065,482","-1047935,586","-743065,351","-1047935,259",PRAHA4,JEREMENKOVA,,sledovan·komunikace,,,,,,,,,1
2100190266,8,,2019-01-07,1,1210,1,2,0,2,1,2,502,0,0,0,400,2,3,1,1,1,1,1,1,0,0,10,1,2,0,,3,39.0,04,3.0,0.0,1.0,0.0,1.0,5.0,200,3.0,1.0,1.0,,,"-731181,055","-1042169,758","-731180,805","-1042174,305",PRAHA9»ern˝Most,Bryksova,,˙Ëelov·komunikace,,,,,,,,,1
2100190267,6,,2019-01-07,1,1140,2,0,0,2,1,2,502,0,0,0,300,2,1,1,1,1,1,1,1,0,0,0,1,2,0,,3,35.0,18,0.0,0.0,1.0,0.0,1.0,5.0,0,2.0,1.0,1.0,,,"-740401,719","-1038515,293","-740401,887","-1038514,691",PRAHA8,POHNERTOVA,,mÌstnÌkomunikace,,,,,,,,,1
2100190268,5,,2019-01-07,1,1250,1,2,0,2,1,2,411,0,0,0,1500,2,3,1,4,3,1,5,1,0,5,0,1,2,0,,3,47.0,,1.0,0.0,1.0,0.0,1.0,1.0,300,2.0,1.0,1.0,,,"-744485,030","-1044669,932","-744487,134","-1044669,978",PRAHA5SmÌchov,RADLICK¡,,sledovan·komunikace,,,,,,,,,1
2100190269,6,,2019-01-07,1,2560,2,0,0,2,1,0,516,0,0,0,100,2,1,1,1,1,1,1,1,0,0,0,1,2,0,,17,,XX,,,,,,,0,,,,,,"-741190,535","-1042537,166","-741190,417","-1042536,564",PRAHA8,RohanskÈn·b¯eûÌ,,˙Ëelov·komunikace,,,,,,,,,1
2100190270,5,,2019-01-07,1,1300,1,4,0,2,1,2,503,0,0,0,1400,2,1,1,1,1,1,2,1,0,0,0,1,3,0,,3,21.0,11,1.0,0.0,1.0,0.0,1.0,1.0,400,2.0,1.0,1.0,,,"-738356,476","-1052710,352","-738354,313","-1052711,450",PRAHA4,KUNRATICK¡SPOJKA,,sledovan·komunikace,,,,,,,,,1
2100190271,5,,2019-01-07,1,1130,1,3,0,2,1,2,403,0,0,0,1100,2,3,1,1,1,1,0,1,3,3,0,5,2,10,,3,17.0,18,3.0,0.0,1.0,0.0,1.0,3.0,500,2.0,1.0,1.0,,,"-736216,523","-1042053,940","-736216,287","-1042050,824",PRAHA9VysoËany,PODHARFOU,,mÌstnÌkomunikace,,,,,,,,,1
2100190272,6,,2019-01-04,5,2560,2,0,0,2,1,2,516,0,0,0,100,2,3,1,4,3,1,1,1,0,0,0,1,2,0,,17,,XX,,,,,,,0,,,,,,"-751581,321","-1043884,722","-751581,255","-1043884,304",PRAHA5ÿepy,NAMOKLINÃ,,mÌstnÌkomunikace,,,,,,,,,1
2100190273,8,,2019-01-07,1,1335,1,3,0,2,1,2,410,0,0,0,600,2,3,1,1,1,1,1,1,0,5,10,1,2,0,,3,39.0,10,1.0,0.0,1.0,0.0,1.0,5.0,200,2.0,1.0,1.0,,,"-742157,027","-1049104,258","-742158,285","-1049102,031",PRAHA4,JIéNÕSPOJKA,,uzel,,,,,,,,,1
2100190274,8,,2019-01-07,1,1400,2,0,0,2,1,2,504,0,0,0,400,2,1,1,1,1,1,1,1,0,0,10,1,2,0,,3,44.0,08,1.0,0.0,1.0,0.0,1.0,5.0,200,2.0,1.0,1.0,,,"-750677,037","-1041674,970","-750677,268","-1041674,670",PRAHA6RuzynÏ,VLASTINA,,mÌstnÌkomunikace,,,,,,,,,1
2100190275,6,,2019-01-07,1,1330,1,3,0,2,1,2,504,0,0,0,1300,1,3,1,4,3,1,1,1,0,0,10,1,2,0,,3,38.0,16,3.0,0.0,1.0,0.0,1.0,5.0,300,2.0,1.0,1.0,,,"-743396,366","-1044771,114","-743397,219","-1044771,424",PRAHA2NovÈMÏsto,PODSLOVANY,,mÌstnÌkomunikace,,,,,,,,,1
2100190276,5,,2019-01-07,1,1423,1,4,0,2,1,0,503,0,0,0,300,2,3,1,4,3,1,5,1,0,0,0,1,3,0,,17,,XX,,,,,,,0,,,,,,"-744361,548","-1040083,917","-744363,369","-1040083,824",PRAHA6BubeneË,Podbabsk·,,sledovan·komunikace,,,,,,,,,1
2100190277,6,,2019-01-07,1,1455,2,0,0,2,1,2,504,0,0,0,400,2,1,1,1,1,1,1,1,0,0,0,1,3,0,,3,4.0,14,1.0,0.0,0.0,0.0,1.0,5.0,200,2.0,1.0,1.0,,,"-741091,511","-1045393,393","-741091,397","-1045394,638",Praha10,Rostovsk·,,mÌstnÌkomunikace,,3381254.0,,Souhlasn˝sesmÏrem˙seku,Pomal˝,554782.0,467871.0,GN_V0.1UIR-ADR_410,1
2100190278,5,,2019-01-07,1,1425,1,4,0,2,1,2,503,0,0,0,200,2,3,1,1,1,1,5,1,0,5,2,1,2,0,,3,39.0,17,3.0,0.0,1.0,0.0,1.0,1.0,150,2.0,1.0,1.0,,,"-742296,782","-1043985,440","-742297,791","-1043984,431",PRAHA1NovÈMÏsto,WILSONOVA,,uzel,,,,,,,,,1
2100190279,4,,2019-01-07,1,1505,1,2,0,1,1,2,405,0,0,2,2010,2,3,1,1,1,1,0,1,2,0,0,4,2,19,,3,39.0,14,1.0,0.0,1.0,0.0,1.0,91.0,1000,2.0,1.0,1.0,,,"-741473,128","-1038709,724","-741472,987","-1038710,375",PRAHA8Troja,,,uzel,,,,,,,,,1
2100190280,6,,2019-01-07,1,2560,2,0,0,2,1,0,516,0,0,0,200,2,3,1,1,1,1,1,1,0,0,0,1,2,0,,17,,XX,,,,,,,0,,,,,,"-744293,603","-1044734,762","-744293,444","-1044737,747",PRAHA5SmÌchov,BOZDÃCHOVA,,mÌstnÌkomunikace,,,,,,,,,1
2100190281,8,,2019-01-07,1,1600,2,0,0,2,1,2,504,0,0,0,200,2,3,1,1,1,1,1,1,0,0,10,1,2,0,,5,13.0,15,3.0,0.0,1.0,0.0,1.0,5.0,100,2.0,1.0,1.0,,,"-745828,377","-1044519,071","-745827,481","-1044518,301",PRAHA5,PodradnicÌ,,mÌstnÌkomunikace,,1479947.0,,OpaËn˝kesmÏru˙seku,Pomal˝,554782.0,465275.0,GN_V0.1UIR-ADR_410,1
2100190282,5,,2019-01-07,1,1535,1,2,0,2,1,2,411,0,0,0,600,2,1,1,1,1,1,2,1,0,5,5,1,2,0,,7,48.0,12,3.0,0.0,0.0,0.0,1.0,1.0,200,3.0,1.0,1.0,,,"-745208,277","-1054605,906","-745209,732","-1054610,098",,,,silnice1.t¯Ìdy,D0,1640212.0,,Souhlasn˝sesmÏrem˙seku,Pomal˝,554782.0,815667.0,GN_V0.1UIR-ADR_410,1
2100190283,5,,2019-01-07,1,1615,1,4,0,2,1,2,503,0,0,0,300,2,3,1,4,5,1,4,1,0,5,2,1,2,0,,5,12.0,16,3.0,0.0,1.0,0.0,1.0,3.0,150,3.0,1.0,1.0,,,"-747544,736","-1046658,533","-747545,770","-1046656,130",PRAHA5,RADLICK¡,,sledovan·komunikace,,,,,,,,,1
2100190284,6,,2019-01-07,1,1510,3,0,3,2,1,2,502,0,0,0,2000,2,3,1,1,1,1,1,1,0,0,0,1,1,0,,3,26.0,17,9.0,0.0,1.0,0.0,1.0,5.0,2000,3.0,1.0,1.0,,,"-742655,765","-1042795,316","-742655,719","-1042795,411",PRAHA1StarÈMÏsto,DLOUH¡,,mÌstnÌkomunikace,,,,,,,,,1
2100190285,4,,2019-01-07,1,1630,1,2,0,2,1,2,508,0,0,0,100,2,3,1,1,2,1,0,1,3,3,2,6,2,19,,3,39.0,11,1.0,0.0,1.0,0.0,1.0,15.0,0,2.0,1.0,1.0,,,"-741203,044","-1046316,243","-741205,168","-1046316,446",PRAHA4,NUSELSK¡xKLOBOU»NICK¡,,uzel,,,,,,,,,1
2100190286,6,,2019-01-07,1,1650,2,0,0,2,1,2,502,0,0,0,700,1,3,1,1,2,1,0,1,3,3,0,4,2,10,,8,77.0,18,9.0,0.0,1.0,0.0,1.0,5.0,300,4.0,1.0,1.0,,,"-742057,574","-1044925,879","-742057,26","-1044925,831",PRAHA2,Lond˝nsk·,,mÌstnÌkomunikace,,713092.0,,Souhlasn˝sesmÏrem˙seku,Pomal˝,554782.0,454877.0,GN_V0.1UIR-ADR_410,1
2100190287,6,,2019-01-07,1,1715,2,0,0,2,1,2,508,0,0,0,60,2,3,1,1,4,1,1,1,0,0,0,1,2,0,,3,16.0,,3.0,0.0,1.0,0.0,1.0,5.0,10,2.0,1.0,1.0,,,"-740453,639","-1042926,517","-740453,028","-1042929,909",PRAHA8KarlÌn,PERNEROVA,,mÌstnÌkomunikace,,,,,,,,,1
2100190288,6,,2019-01-04,5,2560,2,0,0,2,1,0,516,0,0,0,10,1,3,1,1,1,1,1,1,0,0,0,1,2,0,,17,,XX,,,,,,,0,,,,,,"-740628,883","-1043575,570","-740628,887","-1043575,596",PRAHA3éiûkov,äTÕTN…HO,,mÌstnÌkomunikace,,,,,,,,,1
2100190289,5,,2019-01-07,1,1720,1,4,0,1,1,2,503,0,0,1,200,2,3,1,4,5,1,5,1,0,0,0,1,2,0,,3,12.0,96,1.0,0.0,1.0,0.0,1.0,1.0,50,2.0,1.0,1.0,,,"-744342,710","-1048101,057","-744342,142","-1048101,314",PRAHA4BranÌk,MODÿANSK¡,,uzel,,,,,,,,,1
2100190290,5,,2019-01-07,1,1725,3,0,3,1,1,2,203,0,0,1,800,2,3,1,4,5,1,2,1,0,0,0,1,1,0,,3,35.0,09,1.0,0.0,0.0,0.0,1.0,5.0,800,2.0,1.0,1.0,,,"-731444,156","-1051123,576","-731442,874","-1051125,109",PRAHA10,Kek¯Ìûi,,mÌstnÌkomunikace,,1381217.0,,OpaËn˝kesmÏru˙seku,Pomal˝,554782.0,781355.0,GN_V0.1UIR-ADR_410,1
2100190291,6,,2019-01-10,4,1325,4,0,0,1,1,2,412,0,0,1,0,2,3,1,1,1,1,1,1,0,5,1,1,1,0,,3,26.0,15,3.0,0.0,1.0,0.0,1.0,5.0,0,2.0,1.0,1.0,,,"-744243,612","-1041352,082","-744244,142","-1041352,234",PRAHA6,N¡RODNÕOBRANY,,mÌstnÌkomunikace,,,,,,,,,1
2100190292,5,,2019-01-07,1,1815,1,4,0,2,1,2,503,0,0,0,250,2,3,1,1,4,1,2,1,0,0,0,1,2,0,,3,39.0,07,1.0,0.0,1.0,0.0,1.0,1.0,150,2.0,1.0,1.0,,,"-737505,805","-1050880,198","-737505,882","-1050879,798",PRAHA4,OPATOVSK¡,,uzel,,,,,,,,,1
2100190293,5,,2019-01-07,1,1725,1,4,0,2,1,2,503,0,0,0,2200,2,3,1,1,4,1,2,1,0,0,5,1,3,0,,5,19.0,16,3.0,0.0,0.0,0.0,1.0,1.0,1000,2.0,1.0,1.0,,,"-736779,214","-1038477,264","-736778,218","-1038476,877",PRAHA9,Kbelsk·,,sledovan·komunikace,,,,,,,,,1
2100190294,4,,2019-01-07,1,1740,4,0,0,1,1,2,412,0,0,1,10,2,3,1,1,4,1,0,1,2,0,1,4,1,19,,3,47.0,16,3.0,0.0,1.0,0.0,1.0,48.0,10,2.0,1.0,1.0,,,"-737470,086","-1039343,815","-737470,126","-1039343,74",PRAHA9,Teplick·,,mÌstnÌkomunikace,,259703.0,,Souhlasn˝sesmÏrem˙seku,Pomal˝,554782.0,472034.0,GN_V0.1UIR-ADR_410,1
2100190295,6,,2019-01-07,1,1835,1,4,0,2,1,2,503,0,0,0,300,1,3,1,1,4,1,1,1,0,5,2,1,2,0,,3,48.0,03,1.0,0.0,1.0,0.0,1.0,5.0,0,2.0,1.0,1.0,,,"-742622,523","-1043170,772","-742624,965","-1043164,145",PRAHA1,OVOCN›TRH,,mÌstnÌkomunikace,,,,,,,,,1
2100190296,5,,2019-01-07,1,1820,1,4,0,2,1,2,503,0,0,0,700,2,3,1,1,4,1,2,1,0,0,0,1,2,0,,3,39.0,15,3.0,0.0,0.0,0.0,1.0,1.0,700,2.0,1.0,1.0,,,"-750318,241","-1044468,989","-750318,046","-1044474,426",PRAHA6,PlzeÚsk·,,mÌstnÌkomunikace,,2565850.0,,Souhlasn˝sesmÏrem˙seku,Pomal˝,554782.0,464287.0,GN_V0.1UIR-ADR_410,1
2100190297,5,,2019-01-07,1,1730,1,4,0,2,1,2,503,0,0,0,300,2,1,1,1,4,1,2,1,0,0,0,1,2,0,,3,39.0,13,3.0,0.0,1.0,0.0,1.0,1.0,150,2.0,1.0,1.0,,,"-743933,414","-1040971,975","-743933,891","-1040969,773",PRAHA6BubeneË,ROOSEVELTOVA,,sledovan·komunikace,,,,,,,,,1
2100190298,5,,2019-01-07,1,2560,2,0,0,2,1,0,516,0,0,0,300,2,1,1,1,1,1,2,1,0,5,1,1,2,0,,17,,XX,,,,,,,0,,,,,,"-742328,181","-1043914,341","-742327,802","-1043914,061",PRAHA1,V¡CLAVSK…N¡M.,,sledovan·komunikace,,,,,,,,,1
2100190299,5,,2019-01-07,1,1900,3,0,3,2,1,2,508,0,0,0,350,2,3,1,3,4,1,2,1,0,5,2,1,1,0,,3,39.0,15,3.0,0.0,1.0,0.0,1.0,3.0,300,2.0,1.0,1.0,,,"-751905,837","-1044779,325","-751905,848","-1044779,690",PRAHA5,NARADOSTI,,sledovan·komunikace,,,,,,,,,1
2100190300,6,,2019-01-07,1,1935,2,0,0,2,1,2,509,0,0,0,200,2,3,1,1,4,1,1,1,0,0,0,1,2,0,,3,39.0,05,1.0,0.0,0.0,0.0,1.0,5.0,0,2.0,1.0,1.0,,,"-737025,746","-1040545,571","-737025,816","-1040545,443",PRAHA9Prosek,KOPE»N¡,,mÌstnÌkomunikace,,,,,,,,,1
2100190301,6,,2019-01-07,1,2560,2,0,0,2,1,0,516,0,0,0,20,2,3,1,1,1,1,1,1,0,0,0,1,2,0,,17,,XX,,,,,,,0,,,,,,"-744714,744","-1045109,217","-744714,530","-1045114,549",PRAHA5SmÌchov,NABÿEZINCE,,mÌstnÌkomunikace,,,,,,,,,1
2100190302,6,,2019-01-06,0,100,2,0,0,2,1,0,516,0,0,0,10,2,1,1,1,4,1,1,1,0,0,0,1,2,0,,3,39.0,16,1.0,0.0,4.0,0.0,1.0,5.0,0,9.0,,,,,"-730881,28","-1042487,427","-730882,134","-1042487,471",PRAHA9,Bryksova,,mÌstnÌkomunikace,,1872566.0,,Souhlasn˝sesmÏrem˙seku,Pomal˝,554782.0,509248.0,GN_V0.1UIR-ADR_410,1
2100190303,5,,2019-01-07,1,2235,1,2,0,2,1,2,403,0,0,0,1500,2,3,1,1,4,1,0,1,3,3,0,4,2,29,,3,39.0,14,3.0,0.0,1.0,0.0,1.0,5.0,500,2.0,1.0,1.0,,,"-743947,244","-1044599,231","-743947,219","-1044599,974",PRAHA5SmÌchov,SVORNOSTI,,sledovan·komunikace,,,,,,,,,1
2100190304,5,,2019-01-07,1,2145,1,2,0,2,1,0,411,0,0,0,700,2,3,1,1,4,1,5,1,0,5,0,1,2,0,,17,,XX,,,,,,,0,,,,,,"-753837,800","-1045823,310","-753839,330","-1045822,086",PRAHA5,PRAéSK›OKRUH,,uzel,,,,,,,,,1
2100190305,6,,2019-01-08,2,635,2,0,0,2,1,2,502,0,0,0,400,2,3,1,4,5,1,1,1,0,0,0,1,2,0,,5,47.0,18,3.0,0.0,0.0,0.0,1.0,5.0,300,2.0,1.0,1.0,,,"-738097,321","-1038705,026","-738095,852","-1038704,701",PRAHA8,Fr˝dlantsk·,,mÌstnÌkomunikace,,1872797.0,,Souhlasn˝sesmÏrem˙seku,Pomal˝,554782.0,483729.0,GN_V0.1UIR-ADR_410,1
2100190306,6,,2019-01-08,2,630,4,0,0,1,1,2,412,0,0,1,0,3,1,1,1,4,1,0,1,3,3,1,5,1,10,,3,31.0,03,1.0,0.0,1.0,0.0,1.0,5.0,0,4.0,1.0,1.0,,,"-737901,056","-1043660,754","-737901,623","-1043660,869",PRAHA3éiûkov,NAJAROVÃ,,mÌstnÌkomunikace,,,,,,,,,1
2100190307,5,,2019-01-08,2,638,1,4,0,2,1,2,503,0,0,0,900,2,3,1,4,5,1,5,1,0,0,0,1,3,0,,3,13.0,06,1.0,0.0,1.0,0.0,1.0,1.0,200,2.0,1.0,1.0,,,"-748360,220","-1043168,527","-748360,417","-1043167,767",PRAHA6B¯evnov,BÃLOHORSK¡,,uzel,,,,,,,,,1
2100190308,5,,2019-01-08,2,721,4,0,0,1,3,2,100,0,0,1,50,2,1,1,1,2,1,2,7,0,0,0,1,1,0,,10,0.0,,5.0,0.0,0.0,0.0,1.0,1.0,50,8.0,1.0,1.0,,,"-737708,564","-1046068,232","-737708,912","-1046068,782",PRAHA10Straönice,PRŸBÃéN¡,,sledovan·komunikace,,,,,,,,,1
2100190309,6,,2019-01-08,2,735,1,4,0,2,1,2,504,0,0,0,600,2,3,1,1,2,1,1,1,0,0,0,1,2,0,,3,60.0,10,1.0,0.0,1.0,0.0,1.0,5.0,200,2.0,1.0,1.0,,,"-737114,223","-1044407,696","-737110,598","-1044407,342",PRAHA10Maleöice,PÿISTOUPIMSK¡,,mÌstnÌkomunikace,,,,,,,,,1
2100190310,5,,2019-01-08,2,650,4,0,0,1,1,2,412,0,0,1,0,2,3,1,1,4,1,2,1,0,5,1,1,1,0,,3,13.0,00,1.0,0.0,1.0,0.0,1.0,1.0,0,2.0,1.0,1.0,,,"-738698,061","-1045394,957","-738697,91","-1045394,949",Praha10Straönice,Vp¯edpolÌ,,mÌstnÌkomunikace,,284937.0,,OpaËn˝kesmÏru˙seku,Pomal˝,554782.0,476803.0,GN_V0.1UIR-ADR_410,1
2100190311,5,,2019-01-08,2,740,1,4,0,2,1,2,503,0,0,0,1000,2,3,1,1,2,1,2,1,0,0,0,1,2,0,,3,31.0,16,1.0,0.0,0.0,0.0,1.0,1.0,400,2.0,1.0,1.0,,,"-738442,590","-1039813,480","-738445,637","-1039809,934",PRAHA8LibeÚ,LIBERECK¡,,sledovan·komunikace,,,,,,,,,1
2100190312,6,,2019-01-08,2,723,1,3,0,2,1,0,410,0,0,0,10,2,3,1,1,2,1,1,1,0,5,0,1,2,0,,17,,XX,,,,,,,0,,,,,,"-739259,253","-1044474,21","-739259,176","-1044474,908",PRAHA3,Izraelsk·,,mÌstnÌkomunikace,,3197624.0,,,Pomal˝,554782.0,508578.0,GN_V0.1UIR-ADR_410,1
2100190313,6,,2019-01-07,1,2560,2,0,0,2,1,0,516,0,0,0,200,2,3,1,1,1,1,1,1,0,0,0,1,2,0,,3,60.0,10,1.0,0.0,4.0,0.0,1.0,5.0,0,9.0,,,,,"-736633,013","-1046434,799","-736633,403","-1046437,819",PRAHA10Straönice,KR¡LOVICK¡,,mÌstnÌkomunikace,,,,,,,,,1
2100190314,6,,2019-01-07,1,860,2,0,0,2,1,0,516,0,0,0,150,2,3,1,1,1,1,1,1,0,0,0,1,2,0,,17,,XX,,,,,,,0,,,,,,"-741449,764","-1045820,924","-741448,609","-1045816,885",PRAHA4,Bartoökova,,mÌstnÌkomunikace,,713497.0,,Souhlasn˝sesmÏrem˙seku,Pomal˝,554782.0,443239.0,GN_V0.1UIR-ADR_410,1
2100190315,5,,2019-01-08,2,840,1,4,0,2,1,2,503,0,0,0,800,2,3,1,1,1,1,4,1,0,0,0,1,2,0,,3,26.0,08,1.0,0.0,0.0,0.0,1.0,3.0,500,2.0,1.0,1.0,,,"-744841,136","-1048214,077","-744842,961","-1048212,096",PRAHA5HluboËepy,KBARRANDOVU,,sledovan·komunikace,,,,,,,,,1
2100190316,8,,2019-01-08,2,915,2,0,0,2,1,2,502,0,0,0,810,2,3,1,1,1,1,1,1,0,0,10,1,2,0,,7,62.0,11,3.0,0.0,1.0,0.0,1.0,5.0,0,3.0,1.0,1.0,,,"-734820,517","-1044729,702","-734814,384","-1044730,65",PRAHA10-HOSTIVAÿ,Tiska¯sk·,,mÌstnÌkomunikace,,3312469.0,,,Pomal˝,554782.0,499358.0,GN_V0.1UIR-ADR_410,1
2100190317,5,,2019-01-08,2,935,1,4,0,2,1,2,503,0,0,0,2000,2,3,1,1,1,1,2,1,0,0,0,1,2,0,,3,26.0,15,3.0,0.0,1.0,0.0,1.0,3.0,1000,2.0,1.0,1.0,,,"-740070,636","-1039312,243","-740068,423","-1039311,923",PRAHA8,KobyliskÈn·mÏstÌ,,mÌstnÌkomunikace,,741843.0,,Souhlasn˝sesmÏrem˙seku,Pomal˝,554782.0,452271.0,GN_V0.1UIR-ADR_410,1
2100190318,5,,2019-01-08,2,920,1,4,0,2,1,2,503,0,0,0,250,2,3,1,1,1,1,3,1,0,0,0,1,2,0,,3,39.0,15,1.0,0.0,1.0,0.0,1.0,3.0,200,2.0,1.0,1.0,,,"-744933,072","-1044495,792","-744932,535","-1044493,563",PRAHA5SmÌchov,DUäKOVA,,sledovan·komunikace,,,,,,,,,1
2100190319,6,,2019-01-08,2,1010,1,4,0,2,1,2,503,0,0,0,700,1,3,1,4,3,1,0,1,2,0,1,4,2,10,,3,8.0,18,3.0,0.0,1.0,0.0,1.0,5.0,500,3.0,2.0,2.0,,,"-743205,184","-1042825,992","-743199,232","-1042820,453",PRAHA1-StarÈMÏsto,N¡M.JANAPALACHA,,uzel,,,,,,,,,1
2100190320,6,,2019-01-08,2,1015,1,2,0,2,1,2,501,0,0,0,300,2,3,1,1,1,1,1,1,0,0,0,1,2,0,,3,47.0,15,3.0,0.0,0.0,0.0,1.0,5.0,0,2.0,1.0,1.0,,,"-736800,868","-1041989,881","-736800,826","-1041989,740",PRAHA9VysoËany,PODHARFOU,,mÌstnÌkomunikace,,,,,,,,,1
2100190321,6,,2019-01-08,2,1030,1,4,0,2,1,2,504,0,0,0,300,1,1,1,1,1,1,1,1,0,0,0,1,2,0,,5,19.0,17,3.0,0.0,1.0,0.0,1.0,5.0,0,2.0,1.0,1.0,,,"-742453,104","-1042800,437","-742453,731","-1042798,494",PRAHA1StarÈMÏsto,RYBN¡,,mÌstnÌkomunikace,,,,,,,,,1
2100190322,6,,2019-01-08,2,1015,1,2,0,2,1,2,502,0,0,0,1500,2,3,1,1,1,1,1,1,0,0,0,1,2,0,,3,26.0,17,3.0,0.0,1.0,0.0,1.0,5.0,1300,2.0,1.0,1.0,,,"-746619,464","-1041428,911","-746619,21","-1041430,059",PRAHA6-BÿEVNOV,NadlouhÈml·nu,,mÌstnÌkomunikace,,1752982.0,,Souhlasn˝sesmÏrem˙seku,Pomal˝,554782.0,457256.0,GN_V0.1UIR-ADR_410,1
2100190323,6,,2019-01-02,3,1060,2,0,0,2,1,0,516,0,0,0,400,2,3,1,1,1,1,1,1,0,0,0,1,2,0,,17,,XX,,,,,,,0,,,,,,"-748899,247","-1047837,665","-748900,253","-1047837,741",PRAHA5Stod˘lky,KLAUSOVA,,mÌstnÌkomunikace,,,,,,,,,1
2100190324,5,,2019-01-08,2,1153,8,3,0,1,1,2,502,0,0,1,3000,2,1,1,1,1,1,0,7,3,3,1,4,2,10,,5,40.0,18,9.0,0.0,1.0,0.0,1.0,1.0,500,3.0,1.0,1.0,,,"-737150,781","-1041314,721","-737150,526","-1041315,462",PRAHA9,Sokolovsk·,,mÌstnÌkomunikace,,740023.0,,Souhlasn˝sesmÏrem˙seku,Pomal˝,554782.0,469718.0,GN_V0.1UIR-ADR_410,1
2100190325,5,,2019-01-08,2,1159,8,3,0,1,1,2,403,0,0,1,7500,2,3,1,1,1,1,0,7,3,3,0,6,2,10,,3,26.0,15,3.0,0.0,1.0,0.0,1.0,3.0,5000,2.0,1.0,1.0,,,"-743845,663","-1043568,410","-743847,107","-1043568,345",PRAHA1Mal·Strana,VÌtÏzn·,,uzel,,,,,,,,,1
2100190326,5,,2019-01-08,2,1217,4,0,0,1,3,0,100,0,1,0,0,2,3,1,1,1,1,2,7,0,5,1,1,1,0,,10,0.0,,5.0,0.0,1.0,0.0,1.0,1.0,0,8.0,1.0,1.0,,,"-744634,340","-1045661,121","-744635,095","-1045657,006",PRAHA5SmÌchov,RADLICK¡,,sledovan·komunikace,,,,,,,,,1
2100190327,5,,2019-01-08,2,1235,4,0,0,2,3,2,100,0,0,0,50,2,1,1,1,1,1,5,1,0,0,0,1,1,0,,3,16.0,08,1.0,0.0,1.0,0.0,1.0,1.0,50,2.0,1.0,1.0,,,"-742458,006","-1044595,663","-742453,560","-1044596,051",PRAHA2NovÈMÏsto,SOKOLSK¡,,sledovan·komunikace,,,,,,,,,1
2100190328,5,,2019-01-05,6,1730,2,0,0,2,1,0,502,0,0,0,500,2,1,1,1,4,1,2,1,0,0,0,1,2,0,,3,17.0,04,1.0,0.0,1.0,0.0,1.0,1.0,300,2.0,1.0,1.0,,,"-738502,053","-1045387,456","-738503,799","-1045387,745",PRAHA10,PodRapidem,,mÌstnÌkomunikace,,284930.0,,Souhlasn˝sesmÏrem˙seku,Pomal˝,554782.0,465283.0,GN_V0.1UIR-ADR_410,1
2100190329,6,,2019-01-08,2,1260,2,0,0,2,1,0,516,0,0,0,200,2,3,1,1,1,1,1,1,0,0,0,1,2,0,,3,39.0,97,3.0,0.0,4.0,0.0,1.0,5.0,0,9.0,,,,,"-739634,22","-1046066,909","-739634,319","-1046068,63",PRAHA4-MICHLE,PodBohdalcemI,,mÌstnÌkomunikace,,287536.0,,OpaËn˝kesmÏru˙seku,Pomal˝,554782.0,672645.0,GN_V0.1UIR-ADR_410,1
2100190330,6,,2019-01-08,2,1250,1,2,0,2,1,2,502,0,0,0,150,2,1,1,1,1,1,1,1,0,0,0,1,2,0,,3,39.0,12,3.0,0.0,1.0,0.0,1.0,5.0,100,2.0,1.0,1.0,,,"-736700,544","-1049949,492","-736700,364","-1049953,877",PRAHA4-Chodov,BRANDLOVA,,mÌstnÌkomunikace,,,,,,,,,1
2100190331,5,,2019-01-08,2,1300,1,3,0,2,1,2,403,0,0,0,750,2,3,1,1,1,1,0,1,3,3,0,4,2,10,,3,39.0,00,3.0,0.0,1.0,0.0,1.0,5.0,150,2.0,1.0,1.0,,,"-744398,193","-1051865,044","-744398,193","-1051864,460",PRAHA4Mod¯any,»ESKOSLOVENSK…HOEXILU,,sledovan·komunikace,,,,,,,,,1