IDENTIFIKA»NÕ »ÕSLO,DRUH POZEMNÕ KOMUNIKACE,»ÕSLO POZEMNÕ KOMUNIKACE,"den, mÏsÌc, rok",,Ëas ,DRUH NEHODY,DRUH SR¡éKY JEDOUCÕCH VOZIDEL,DRUH PEVN… PÿEK¡éKY,CHARAKTER NEHODY,ZAVINÃNÕ NEHODY,ALKOHOL U VINÕKA NEHODY PÿÕTOMEN,HLAVNÕ PÿÕ»INY NEHODY,usmrceno osob,tÏûce zranÏno osob,lehce zranÏno osob,CELKOV¡ HMOTN¡ äKODA,DRUH POVRCHU VOZOVKY,STAV POVRCHU VOZOVKY V DOBÃ NEHODY,STAV KOMUNIKACE,POVÃTRNOSTNÕ PODMÕNKY V DOBÃ NEHODY,VIDITELNOST,ROZHLEDOV… POMÃRY,DÃLENÕ KOMUNIKACE,SITUOV¡NÕ NEHODY NA KOMUNIKACI,ÿÕZENÕ PROVOZU V DOBÃ NEHODY,MÕSTNÕ ⁄PRAVA PÿEDNOSTI V JÕZDÃ,SPECIFICK¡ MÕSTA A OBJEKTY V MÕSTÃ NEHODY,SMÃROV… POMÃRY,PO»ET Z⁄»ASTNÃN›CH VOZIDEL,MÕSTO DOPRAVNÕ NEHODY,DRUH KÿIéUJÕCÕ KOMUNIKACE,DRUH VOZIDLA,V›ROBNÕ ZNA»KA MOTOROV…HO VOZIDLA,ROK V›ROBY VOZIDLA,CHARAKTERISTIKA VOZIDLA ,SMYK,VOZIDLO PO NEHODÃ,"⁄NIK PROVOZNÕCH, PÿEPRAVOVAN›CH HMOT",ZPŸSOB VYPROäTÃNÕ OSOB Z VOZIDLA,SMÃR JÕZDY NEBO POSTAVENÕ VOZIDLA,äKODA NA VOZIDLE,KATEGORIE ÿIDI»E,STAV ÿIDI»E,VNÃJäÕ OVLIVNÃNÕ ÿIDI»E,nan.1,nan.2,nan.3,nan.4,nan.5,nan.6,nan.7,nan.8,nan.9,nan.10,nan.11,nan.12,nan.13,nan.14,nan.15,nan.16,nan.17,nan.18,LOKALITA NEHODY
2100190332,6,,2019-01-08,2,1245,2,0,0,2,1,2,508,0,0,0,1000,2,3,1,1,1,1,1,1,0,0,0,1,2,0,,3,47.0,15,3.0,0.0,1.0,0.0,1.0,5.0,800,2.0,1.0,1.0,,,"-747227,121","-1042088,922","-747226,324","-1042088,961",PRAHA5,Stamicova,,mÌstnÌkomunikace,,1274728.0,,Souhlasn˝sesmÏrem˙seku,Pomal˝,554782.0,470147.0,GN_V0.1UIR-ADR_410,1
2100190333,8,,2019-01-04,5,2560,2,0,0,2,1,0,516,0,0,0,30,2,3,1,1,1,1,1,1,0,0,10,1,2,0,,17,,XX,,,,,,,0,,,,,,"-749281,701","-1047664,021","-749288,380","-1047664,021",PRAHA5Stod˘lky,KURZOVA,,mÌstnÌkomunikace,,,,,,,,,1
2100190334,6,,2019-01-08,2,1160,2,0,0,2,1,0,516,0,0,0,200,1,1,1,1,1,1,1,1,0,0,0,1,2,0,,3,47.0,15,3.0,0.0,4.0,0.0,1.0,5.0,0,9.0,,,,,"-740509,6","-1041555,456","-740509,658","-1041555,957",PRAHA7-HOLEäOVICE,DÏlnick·,,mÌstnÌkomunikace,,267104.0,,OpaËn˝kesmÏru˙seku,Pomal˝,554782.0,445436.0,GN_V0.1UIR-ADR_410,1
2100190335,6,,2019-01-08,2,1345,1,4,0,2,1,2,504,0,0,0,600,2,3,1,1,1,1,1,1,0,0,0,1,2,0,,3,4.0,10,1.0,0.0,1.0,0.0,1.0,5.0,300,2.0,1.0,1.0,,,"-740053,536","-1044531,178","-740052,899","-1044531,154",PRAHA3,Chrudimsk·,,mÌstnÌkomunikace,,281555.0,,Souhlasn˝sesmÏrem˙seku,Pomal˝,554782.0,449105.0,GN_V0.1UIR-ADR_410,1
2100190336,6,,2019-01-08,2,2560,2,0,0,2,1,0,516,0,0,0,300,2,1,1,1,1,1,1,1,0,0,0,1,2,0,,17,,XX,,,,,,,0,,,,,,"-744393,770","-1041731,040","-744394,306","-1041734,056",PRAHA6Dejvice,V¡CLAVKOVA,,mÌstnÌkomunikace,,,,,,,,,1
2100190337,4,,2019-01-08,2,1416,1,1,0,2,1,2,405,0,0,0,1100,2,3,1,3,1,1,0,1,2,0,0,4,2,19,,3,26.0,11,3.0,0.0,1.0,0.0,1.0,17.0,500,2.0,1.0,1.0,,,"-749614,989","-1041501,836","-749614,711","-1041500,464",PRAHA6Liboc,EVROPSK¡,,uzel,,,,,,,,,1
2100190338,6,,2019-01-08,2,1315,1,4,0,2,1,2,503,0,0,0,500,2,3,1,1,1,1,1,1,0,0,0,1,2,0,,3,2.0,08,1.0,0.0,1.0,0.0,1.0,5.0,300,2.0,1.0,1.0,,,"-744881,039","-1041122,839","-744879,897","-1041123,301",Praha6,Studentsk·,,mÌstnÌkomunikace,,265521.0,,Souhlasn˝sesmÏrem˙seku,Pomal˝,554782.0,470635.0,GN_V0.1UIR-ADR_410,1
2100190339,5,,2019-01-08,2,1440,1,4,0,2,1,2,503,0,0,0,250,2,3,1,4,3,1,2,1,0,5,2,1,2,0,,3,38.0,95,1.0,0.0,0.0,0.0,1.0,3.0,50,3.0,1.0,1.0,,,"-749062,871","-1053941,276","-749062,774","-1053942,141",PRAHA5RadotÌn,KARLICK¡,,uzel,,,,,,,,,1
2100190340,6,,2019-01-08,2,1360,3,0,3,2,1,0,509,0,0,0,150,2,3,1,1,1,1,1,1,0,0,0,1,1,0,,3,39.0,99,1.0,0.0,1.0,0.0,1.0,5.0,100,2.0,1.0,1.0,,,"-744835,86","-1044393,818","-744835,705","-1044393,815",PRAHA5,Kmochova,,mÌstnÌkomunikace,,712823.0,,Souhlasn˝sesmÏrem˙seku,Pomal˝,554782.0,452211.0,GN_V0.1UIR-ADR_410,1
2100190341,5,,2019-01-08,2,1439,8,2,0,2,1,2,413,0,0,0,1500,2,3,1,1,1,1,0,7,3,3,2,4,2,10,,3,47.0,11,1.0,0.0,1.0,0.0,1.0,3.0,500,2.0,1.0,1.0,,,"-744454,950","-1041499,089","-744459,164","-1041498,912",PRAHA6Dejvice,SVATOVÕTSK¡-KAFKOVA,,sledovan·komunikace,,,,,,,,,1
2100190342,5,,2019-01-08,2,1530,1,2,0,2,1,2,405,0,0,0,1400,2,3,1,1,1,1,0,1,3,3,0,5,2,10,,3,38.0,08,1.0,0.0,1.0,0.0,1.0,1.0,1000,2.0,1.0,1.0,,,"-734459,446","-1034965,532","-734458,574","-1034965,377",Praha9T¯eboradice,SCHOELLEROVA,,sledovan·komunikace,,,,,,,,,1
2100190343,5,,2019-01-08,2,1615,1,4,0,1,1,2,503,0,0,1,150,2,3,1,1,1,1,5,1,0,0,0,1,2,0,,3,39.0,12,1.0,0.0,1.0,0.0,1.0,1.0,50,2.0,1.0,1.0,,,"-734507,602","-1046128,297","-734507,240","-1046127,964",äTÃRBOHOLY,»ERNOKOSTELECK¡,,sledovan·komunikace,,,,,,,,,1
2100190344,6,,2019-01-08,2,1630,2,0,0,2,1,2,504,0,0,0,100,2,3,1,3,2,1,1,1,0,0,10,1,2,0,,3,35.0,18,1.0,0.0,1.0,0.0,1.0,5.0,100,2.0,1.0,1.0,,,"-741472,454","-1047987,545","-741469,994","-1047985,642",PRAHA4KrË,BUDÃJOVICK¡,,sledovan·komunikace,,,,,,,,,1
2100190345,5,,2019-01-08,2,1620,1,4,0,2,1,2,503,0,0,0,700,2,3,1,1,2,1,2,1,0,0,0,3,2,0,,3,1.0,05,1.0,0.0,1.0,0.0,1.0,1.0,300,2.0,1.0,1.0,,,"-751929,582","-1043061,243","-751929,988","-1043060,837",PRAHA5ÿepy,KARLOVARSK¡,,sledovan·komunikace,,,,,,,,,1
2100190346,6,,2019-01-08,2,2560,2,0,0,2,1,0,516,0,0,0,150,2,3,1,1,1,1,1,1,0,0,0,1,2,0,,17,,XX,,,,,,,0,,,,,,"-738823,449","-1040991,768","-738823,205","-1040988,736",PRAHA8LibeÚ,HOROVON¡M.,,mÌstnÌkomunikace,,,,,,,,,1
2100190347,5,,2019-01-08,2,1707,1,2,0,2,1,2,502,0,0,0,800,2,3,1,1,4,1,2,1,0,5,2,1,2,0,,3,17.0,18,1.0,0.0,1.0,0.0,1.0,1.0,300,2.0,1.0,1.0,,,"-743035,754","-1044085,924","-743036,125","-1044087,162",PRAHA2NovÈMÏsto,KARLOVON¡M.,,sledovan·komunikace,,,,,,,,,1
2100190348,6,,2019-01-08,2,1725,2,0,0,2,1,2,504,0,0,0,500,1,3,1,1,4,1,1,1,0,0,0,1,2,0,,3,47.0,06,1.0,0.0,1.0,0.0,1.0,5.0,500,2.0,1.0,1.0,,,"-742468,095","-1043709,702","-742468,836","-1043710,194",PRAHA1NovÈMÏsto,V¡CLAVSK…N¡M.,,uzel,,,,,,,,,1
2100190349,4,,2019-01-08,2,1815,1,3,0,2,1,2,403,0,0,0,1200,2,3,1,1,4,1,0,1,3,3,0,4,2,19,,3,35.0,00,1.0,0.0,1.0,0.0,1.0,63.0,200,2.0,1.0,1.0,,,"-751458,968","-1041119,903","-751457,882","-1041119,608",PRAHA6RuzynÏ,EVROPSK¡,,uzel,,,,,,,,,1
2100190350,4,,2019-01-08,2,1805,8,2,0,2,1,2,405,0,0,0,900,2,3,1,1,4,1,0,7,3,3,0,4,2,19,,5,32.0,17,3.0,0.0,1.0,0.0,1.0,35.0,700,2.0,1.0,1.0,,,"-736069,821","-1042201,392","-736070,101","-1042198,748",PRAHA9VysoËany,,,uzel,,,,,,,,,1
2100190351,5,,2019-01-08,2,1815,1,3,0,2,1,2,405,0,0,0,1670,2,3,1,4,5,1,0,1,3,3,0,4,2,10,,3,4.0,04,1.0,0.0,0.0,0.0,1.0,1.0,800,2.0,1.0,1.0,,,"-748897,968","-1045854,237","-748897,984","-1045856,335",PRAHA5STODŸLKY,BUCHAROVA,,sledovan·komunikace,,,,,,,,,1
2100190352,4,,2019-01-08,2,1930,1,4,0,2,1,2,503,0,0,0,700,2,3,1,1,4,1,0,1,3,3,0,4,2,19,,3,35.0,10,1.0,0.0,1.0,0.0,1.0,31.0,500,2.0,1.0,1.0,,,"-741468,799","-1042007,377","-741469,601","-1042004,539",PRAHA7Holeöovice,N¡Bÿ.KAPIT¡NAJAROäE,,uzel,,,,,,,,,1
2100190353,6,,2019-01-08,2,2560,2,0,0,2,1,0,516,0,0,0,200,1,3,1,1,1,1,1,1,0,0,0,1,2,0,,17,,XX,,,,,,,0,,,,,,"-742866,985","-1044250,169","-742867,015","-1044250,297",PRAHA2NovÈMÏsto,MAL¡äTÃP¡NSK¡,,mÌstnÌkomunikace,,,,,,,,,1
2100190354,5,,2019-01-08,2,1915,4,0,0,1,1,2,412,0,0,1,200,2,1,1,1,4,1,3,1,0,5,1,1,1,0,,3,39.0,18,1.0,0.0,1.0,0.0,1.0,1.0,200,2.0,1.0,1.0,,,"-736018,629","-1042201,379","-736018,717","-1042196,297",PRAHA9VysoËany,PODÃBRADSK¡,,uzel,,,,,,,,,1
2100190355,4,,2019-01-08,2,2350,3,0,9,2,1,2,203,0,0,0,450,2,3,1,1,4,1,0,1,3,3,0,7,1,19,,3,39.0,18,3.0,0.0,1.0,0.0,1.0,71.0,300,2.0,1.0,1.0,,,"-740055,887","-1051905,958","-740053,260","-1051899,370",Praha4Kunratice,VÕDE“SK¡,,uzel,,,,,,,,,1
2100190356,6,,2019-01-09,3,30,9,0,0,2,1,2,204,0,0,0,1100,2,3,1,1,4,1,1,1,0,0,0,3,1,0,,5,7.0,17,2.0,1.0,1.0,0.0,1.0,5.0,1000,2.0,1.0,1.0,,,"-725200,060","-1047513,931","-725199,866","-1047514,234",PRAHA9-⁄JEZDNADLESY,ROHOéNICK¡,,mÌstnÌkomunikace,,,,,,,,,1
2100190357,5,,2019-01-08,2,2560,2,0,0,2,1,0,516,0,0,0,300,2,3,1,1,1,1,2,1,0,5,2,1,2,0,,17,,XX,,,,,,,0,,,,,,"-742602,956","-1042843,063","-742597,733","-1042839,511",PRAHA1,Opletalova,,mÌstnÌkomunikace,,712099.0,,Souhlasn˝sesmÏrem˙seku,Pomal˝,554782.0,455865.0,GN_V0.1UIR-ADR_410,1
2100190358,8,,2019-01-08,2,2560,2,0,0,2,1,0,516,0,0,0,50,2,3,1,1,1,1,1,1,0,0,0,1,2,0,,17,,XX,,,,,,,0,,,,,,"-734624,193","-1048296,069","-734608,631","-1048293,876",PRAHA10Hostiva¯,PlukovnÌkaMr·ze,,mÌstnÌkomunikace,,,,,,,,,1
2100190359,5,,2019-01-09,3,540,1,4,0,2,1,2,503,0,0,0,400,2,3,1,1,4,1,2,1,0,0,0,1,2,0,,3,39.0,17,3.0,0.0,1.0,0.0,1.0,1.0,200,3.0,1.0,1.0,,,"-729804,288","-1040956,461","-729804,267","-1040956,567",PRAHA,Novopack·,,sledovan·komunikace,,,,,,,,,1
2100190360,5,,2019-01-09,3,708,1,2,0,2,1,0,411,0,0,0,100,2,3,1,1,4,1,2,1,0,5,0,3,2,0,,17,,XX,,,,,,,0,,,,,,"-744530,052","-1048568,953","-744529,224","-1048569,119",PRAHA4BranÌk,BARRANDOVSK›MOST,,sledovan·komunikace,,,,,,,,,1
2100190361,6,,2019-01-09,3,711,4,0,0,1,1,2,412,0,0,1,0,2,3,1,1,4,1,1,1,0,5,1,1,1,0,,3,35.0,18,1.0,0.0,0.0,0.0,1.0,5.0,0,2.0,1.0,1.0,,,"-751821,954","-1044277,374","-751821,894","-1044277,511",PRAHA5ÿepy,MAKOVSK…HO,,uzel,,,,,,,,,1
2100190362,6,,2019-01-09,3,643,2,0,0,2,1,2,504,0,0,0,200,2,3,1,1,4,1,1,1,0,0,0,1,2,0,,8,35.0,99,5.0,0.0,1.0,0.0,1.0,5.0,100,4.0,1.0,1.0,,,"-732805,607","-1039489,688","-732805,411","-1039495,359",PRAHA9KBELY,MLADOBOLESLAVSK¡,,mÌstnÌkomunikace,,,,,,,,,1
2100190363,5,,2019-01-09,3,755,2,0,0,2,1,2,502,0,0,0,310,2,3,1,1,2,1,2,1,0,0,0,1,2,0,,5,40.0,18,3.0,0.0,0.0,0.0,1.0,1.0,10,3.0,1.0,1.0,,,"-740815,086","-1044639,953","-740815,412","-1044642,689",PRAHA3Vinohrady,KORUNNÕ,,sledovan·komunikace,,,,,,,,,1
2100190364,5,,2019-01-09,3,745,1,4,0,2,1,2,503,0,0,0,1300,2,3,1,1,2,1,2,1,0,0,0,1,3,0,,3,48.0,03,1.0,0.0,0.0,0.0,1.0,1.0,300,2.0,1.0,1.0,,,"-738573,188","-1039908,230","-738573,196","-1039908,219",PRAHA8LibeÚ,LIBERECK¡,,sledovan·komunikace,,,,,,,,,1
2100190365,6,,2019-01-09,3,725,1,4,0,2,1,2,503,0,0,0,2100,2,3,1,1,2,1,1,1,0,0,0,1,3,0,,3,12.0,09,3.0,0.0,1.0,0.0,1.0,5.0,800,2.0,1.0,1.0,,,"-744630,066","-1048139,095","-744630,401","-1048138,859",PRAHA5-HluboËepy,STRAKONICK¡,,uzel,,,,,,,,,1
2100190366,6,,2019-01-09,3,740,1,4,0,2,1,2,503,0,0,0,70,2,3,1,1,2,1,1,1,0,0,0,1,2,0,,5,19.0,07,3.0,0.0,1.0,0.0,1.0,5.0,50,2.0,1.0,1.0,,,"-739632,622","-1040619,265","-739634,516","-1040620,770",PRAHA8LibeÚ,POVLTAVSK¡,,sledovan·komunikace,,,,,,,,,1
2100190367,6,,2019-01-08,2,2560,2,0,0,2,1,0,516,0,0,0,400,2,3,1,1,1,1,1,1,0,0,0,1,2,0,,17,,XX,,,,,,,0,,,,,,"-737380,819","-1045030,065","-737379,363","-1045030,127",PRAHA10Straönice,TURNOVSK…HO,,mÌstnÌkomunikace,,,,,,,,,1
2100190368,6,,2019-01-08,2,2560,2,0,0,2,1,0,516,0,0,0,250,2,3,1,1,1,1,1,1,0,0,0,1,2,0,,17,,XX,,,,,,,0,,,,,,"-747466,455","-1056299,639","-747464,176","-1056300,813",PRAHA5,NABANÕCH,,sledovan·komunikace,,,,,,,,,1
2100190369,5,,2019-01-09,3,905,2,0,0,2,1,2,502,0,0,0,130,2,3,1,1,1,1,2,1,0,0,0,1,2,0,,8,78.0,16,3.0,0.0,1.0,0.0,1.0,1.0,100,4.0,1.0,1.0,,,"-741015,692","-1046218,866","-741016,539","-1046217,716",PRAHA4Nusle,KPODJEZDU,,sledovan·komunikace,,,,,,,,,1
2100190370,6,,2019-01-09,3,930,1,2,0,2,1,2,508,0,0,0,1000,2,3,1,1,1,1,1,1,0,0,0,1,2,0,,3,35.0,09,1.0,0.0,1.0,0.0,1.0,5.0,400,2.0,1.0,1.0,,,"-742002,708","-1044773,229","-742002,141","-1044775,084",PRAHA2Vinohrady,BRUSELSK¡,,mÌstnÌkomunikace,,,,,,,,,1
2100190371,6,,2019-01-09,3,750,2,0,0,2,1,2,502,0,0,0,100,1,3,1,1,1,1,1,1,0,0,0,1,2,0,,5,19.0,03,3.0,0.0,1.0,0.0,1.0,5.0,0,2.0,1.0,1.0,,,"-744375,664","-1042795,228","-744375,075","-1042794,875",PRAHA1Mal·Strana,J¡NSK›VRäEK,,mÌstnÌkomunikace,,,,,,,,,1
2100190372,5,,2019-01-09,3,1005,1,4,0,2,1,2,503,0,0,0,400,2,3,1,1,1,1,2,1,0,0,0,1,2,0,,3,17.0,10,3.0,0.0,1.0,0.0,1.0,1.0,300,2.0,1.0,1.0,,,"-736647,772","-1041177,907","-736647,894","-1041179,043",PRAHA9VYSO»ANY,KOLBENOVA,,sledovan·komunikace,,,,,,,,,1
2100190373,6,,2019-01-08,2,2560,2,0,0,2,1,0,516,0,0,0,400,2,3,1,1,1,1,1,1,0,0,0,1,2,0,,17,,XX,,,,,,,0,,,,,,"-737841,191","-1042169,851","-737841,855","-1042169,354",PRAHA9-VysoËany,SKLONÃN¡,,mÌstnÌkomunikace,,,,,,,,,1
2100190374,4,,2019-01-09,3,1055,1,2,0,2,1,2,204,0,0,0,800,2,3,1,1,1,1,0,1,3,3,0,5,2,19,,3,13.0,06,1.0,1.0,1.0,0.0,1.0,46.0,300,2.0,1.0,1.0,,,"-749846,374","-1050252,875","-749847,588","-1050253,786",PRAHA5,KBarrandovu,,uzel,,,,,,,,,1
2100190375,5,,2019-01-09,3,2560,2,0,0,2,1,0,516,0,0,0,50,2,1,1,1,1,1,2,1,0,0,0,1,2,0,,17,,XX,,,,,,,0,,,,,,"-741930,842","-1042115,145","-741929,186","-1042118,475",PRAHA7Holeöovice,N¡Bÿ.KAPIT¡NAJAROäE,,sledovan·komunikace,,,,,,,,,1
2100190376,6,,2019-01-09,3,1120,2,0,0,2,1,2,502,0,0,0,300,2,3,1,1,1,1,0,1,3,3,0,5,2,10,,5,26.0,17,3.0,0.0,0.0,0.0,1.0,5.0,0,3.0,1.0,1.0,,,"-739522,145","-1047955,392","-739523,072","-1047953,536",PRAHA4Z·bÏhlice,P˙chovsk·,,mÌstnÌkomunikace,,,,,,,,,1
2100190377,6,,2019-01-07,1,2560,2,0,0,2,1,0,516,0,0,0,300,2,3,1,1,1,1,1,1,0,0,0,1,2,0,,17,,XX,,,,,,,0,,,,,,"-739269,452","-1040331,709","-739269,455","-1040330,102",PRAHA8LibeÚ,BUDÕNOVA,,mÌstnÌkomunikace,,,,,,,,,1
2100190378,6,,2019-01-09,3,1100,1,3,0,2,1,2,402,0,0,0,300,2,1,1,1,1,1,0,1,3,3,0,5,2,10,,3,25.0,16,3.0,0.0,1.0,0.0,1.0,5.0,100,2.0,1.0,1.0,,,"-742291,726","-1043416,869","-742292,828","-1043415,645",PRAHA1,JINDÿIäSK¡,,sledovan·komunikace,,,,,,,,,1
2100190379,6,,2019-01-09,3,1215,2,0,0,2,1,2,504,0,0,0,500,2,3,1,1,1,1,1,1,0,0,0,1,2,0,,3,39.0,16,1.0,0.0,1.0,0.0,1.0,5.0,200,3.0,1.0,1.0,,,"-736553,205","-1049810,970","-736553,089","-1049812,816",PRAHA4Chodov,HNÃVKOVSK…HO,,mÌstnÌkomunikace,,,,,,,,,1
2100190380,4,,2019-01-09,3,1305,1,3,0,2,1,2,405,0,0,0,200,2,3,1,5,3,1,0,1,3,3,0,4,3,19,,3,39.0,99,1.0,0.0,1.0,0.0,1.0,74.0,0,2.0,1.0,1.0,,,"-738848,068","-1048755,884","-738848,067","-1048755,882",PRAHA4Chodov,T‹RKOVA,,uzel,,,,,,,,,1
2100190381,5,,2019-01-08,2,2560,2,0,0,2,1,0,516,0,0,0,100,1,3,1,1,1,1,2,1,0,0,0,1,2,0,,17,,XX,,,,,,,0,,,,,,"-740927,901","-1044527,628","-740927,737","-1044526,357",PRAHA3VINOHRADY,SLEZSK¡,,sledovan·komunikace,,,,,,,,,1
2100190382,5,,2019-01-09,3,1336,8,2,0,2,1,2,413,0,0,0,400,2,3,1,5,3,1,0,7,3,3,2,5,2,10,,3,17.0,16,1.0,0.0,1.0,0.0,1.0,1.0,350,2.0,1.0,1.0,,,"-736800,861","-1041225,773","-736801,951","-1041221,445",PRAHA9VysoËany,SOKOLOVSK¡,,sledovan·komunikace,,,,,,,,,1
2100190383,6,,2019-01-09,3,1345,1,2,0,2,1,2,508,0,0,0,3000,2,3,1,1,1,1,1,1,0,0,0,1,2,0,,3,26.0,15,3.0,0.0,1.0,0.0,1.0,5.0,1000,2.0,1.0,1.0,,,"-742091,822","-1044709,672","-742091,585","-1044709,633",PRAHA2-Vinohrady,LOND›NSK¡,,mÌstnÌkomunikace,,,,,,,,,1
2100190384,5,,2019-01-09,3,1355,1,4,0,2,1,2,503,0,0,0,300,2,3,1,4,3,1,2,1,0,0,0,1,2,0,,3,44.0,11,1.0,0.0,0.0,0.0,1.0,1.0,100,2.0,1.0,1.0,,,"-737244,875","-1035246,551","-737246,246","-1035246,251",Praha8,NAHLAVNÕ,,sledovan·komunikace,,,,,,,,,1
2100190385,5,,2019-01-09,3,1435,1,4,0,2,1,2,410,0,0,0,200,2,3,1,1,1,1,2,1,0,5,0,1,2,0,,3,39.0,16,1.0,0.0,0.0,0.0,1.0,1.0,100,2.0,1.0,1.0,,,"-738582,268","-1041863,004","-738584,307","-1041857,226",PRAHA8LibeÚ,SOKOLOVSK¡,,sledovan·komunikace,,,,,,,,,1
2100190386,4,,2019-01-09,3,1333,8,2,0,2,1,2,413,0,0,0,1100,2,3,1,5,1,1,0,7,2,0,1,4,2,13,,3,26.0,18,3.0,0.0,1.0,0.0,1.0,31.0,800,2.0,1.0,1.0,,,"-740196,755","-1043912,792","-740202,918","-1043916,737",PRAHA3éiûkov,T¡BORITSK¡,,uzel,,,,,,,,,1
2100190387,6,,2019-01-09,3,1410,2,0,0,2,1,2,508,0,0,0,300,2,1,1,1,1,1,1,1,0,0,0,1,2,0,,3,47.0,09,1.0,0.0,0.0,0.0,1.0,5.0,100,3.0,1.0,1.0,,,"-744247,839","-1043916,580","-744246,345","-1043916,834",PRAHA5SmÌchov,KROFTOVA,,mÌstnÌkomunikace,,,,,,,,,1
2100190388,6,,2019-01-09,3,1300,1,3,0,2,1,2,403,0,0,0,350,2,3,1,1,1,1,0,1,3,3,0,5,2,10,,3,38.0,15,3.0,0.0,1.0,0.0,1.0,5.0,200,2.0,1.0,1.0,,,"-745436,981","-1042897,874","-745438,121","-1042894,225",PRAHA6,DISKAÿSK¡,,sledovan·komunikace,,,,,,,,,1
2100190389,5,,2019-01-09,3,1430,1,4,0,2,1,2,503,0,0,0,500,1,3,1,1,1,1,2,1,0,0,0,1,2,0,,3,4.0,09,1.0,0.0,1.0,0.0,1.0,1.0,300,4.0,1.0,1.0,,,"-741585,412","-1042319,933","-741586,039","-1042319,825",PRAHA7HOLEäOVICE,HL¡VKŸVMOST,,sledovan·komunikace,,,,,,,,,1
2100190390,5,,2019-01-09,3,1455,1,4,0,2,1,2,503,0,0,0,200,2,3,1,1,1,1,3,1,0,0,0,1,2,0,,5,32.0,18,3.0,0.0,1.0,0.0,1.0,1.0,100,2.0,1.0,1.0,,,"-746072,120","-1046037,742","-746073,270","-1046032,900",PRAHA5-Radlice,RADLICK¡,,sledovan·komunikace,,,,,,,,,1
2100190391,5,,2019-01-09,3,1430,1,4,0,2,1,2,503,0,0,0,400,2,3,1,1,1,1,3,1,0,0,0,1,2,0,,3,39.0,17,3.0,0.0,1.0,0.0,1.0,1.0,300,3.0,1.0,1.0,,,"-746055,063","-1046033,581","-746056,182","-1046028,849",PRAHA5-Radlice,RADLICK¡,,sledovan·komunikace,,,,,,,,,1
2100190392,5,,2019-01-09,3,1445,1,3,0,2,1,2,402,0,0,0,1300,2,3,1,5,1,1,0,1,3,3,0,5,2,10,,3,39.0,15,1.0,0.0,1.0,0.0,1.0,5.0,800,2.0,1.0,1.0,,,"-751041,067","-1045123,060","-751041,036","-1045122,561",PRAHA5Stod˘lky,JEREMI¡äOVA,,sledovan·komunikace,,,,,,,,,1
2100190393,5,,2019-01-09,3,1420,1,2,0,2,1,2,411,0,0,0,900,2,3,1,1,1,1,2,1,0,5,0,1,3,0,,3,39.0,02,1.0,0.0,1.0,0.0,1.0,1.0,300,2.0,1.0,1.0,,,"-742498,475","-1044399,003","-742498,453","-1044398,877",PRAHA2NovÈmÏsto,JeËn·,,mÌstnÌkomunikace,,280650.0,,Souhlasn˝sesmÏrem˙seku,Pomal˝,554782.0,449601.0,GN_V0.1UIR-ADR_410,1
2100190394,6,,2019-01-09,3,1440,1,2,0,2,1,2,508,0,0,0,110,2,3,1,5,3,1,1,1,0,0,0,1,2,0,,3,17.0,13,1.0,0.0,1.0,0.0,1.0,5.0,10,2.0,1.0,1.0,,,"-738309,528","-1049800,182","-738308,152","-1049799,563",PRAHA11(CHODOV)Chodov,MEDKOVA,,mÌstnÌkomunikace,,,,,,,,,1
2100190395,5,,2019-01-09,3,1520,1,2,0,2,1,2,410,0,0,0,330,2,3,1,5,3,1,2,1,0,5,0,1,2,0,,3,7.0,07,1.0,0.0,1.0,0.0,1.0,1.0,30,2.0,1.0,1.0,,,"-745739,672","-1050093,616","-745740,882","-1050093,438",PRAHA5,STRAKONICK¡,,sledovan·komunikace,,,,,,,,,1
2100190396,5,,2019-01-09,3,1511,1,2,0,2,1,2,408,0,0,0,100,2,1,1,1,1,1,2,1,0,5,0,1,2,0,,3,2.0,18,1.0,0.0,1.0,0.0,1.0,1.0,0,2.0,1.0,1.0,,,"-736622,975","-1039326,051","-736620,802","-1039324,195",PRAHA9,Lovosick·,,mÌstnÌkomunikace,,3313450.0,,OpaËn˝kesmÏru˙seku,Pomal˝,554782.0,454982.0,GN_V0.1UIR-ADR_410,1
2100190397,8,,2019-01-09,3,1520,2,0,0,2,1,2,508,0,0,0,100,2,1,1,1,1,1,1,1,0,0,10,1,2,0,,3,32.0,05,1.0,0.0,1.0,0.0,1.0,5.0,0,2.0,1.0,1.0,,,"-750966,597","-1044434,863","-750967,966","-1044433,949",PRAHA17(ÿEPY)ÿepy,SKUTECK…HO,,mÌstnÌkomunikace,,,,,,,,,1
2100190398,4,,2019-01-09,3,1530,1,3,0,2,1,2,403,0,0,0,200,2,3,1,3,1,1,0,1,3,3,0,5,2,19,,3,39.0,02,1.0,0.0,1.0,0.0,1.0,32.0,100,2.0,1.0,1.0,,,"-747361,531","-1042851,350","-747361,514","-1042851,392",PRAHA6,BÏlohorsk·,,uzel,,,,,,,,,1
2100190399,5,,2019-01-09,3,1555,1,4,0,2,1,2,503,0,0,0,350,2,3,1,1,1,1,2,1,0,0,0,1,2,0,,5,19.0,15,3.0,0.0,1.0,0.0,1.0,1.0,50,2.0,1.0,1.0,,,"-749349,370","-1041512,255","-749349,412","-1041510,270",PRAHA6Liboc,EVROPSK¡,,sledovan·komunikace,,,,,,,,,1
2100190400,5,,2019-01-09,3,1600,3,0,9,2,1,9,511,0,0,0,450,2,3,1,1,1,1,1,1,0,0,0,1,1,0,,3,38.0,08,1.0,0.0,1.0,0.0,1.0,1.0,400,4.0,5.0,0.0,,,"-742895,960","-1041147,644","-742896,064","-1041147,821",PRAHA7,Bubensk·,,mÌstnÌkomunikace,,,,,,,,,1
2100190401,4,,2019-01-09,3,1610,1,2,0,2,1,2,405,0,0,0,1300,2,1,1,1,1,1,0,1,2,0,0,6,2,19,,3,17.0,12,1.0,0.0,1.0,0.0,1.0,15.0,900,2.0,1.0,1.0,,,"-739460,107","-1043145,009","-739460,092","-1043145,177",PRAHA3,KonÏvova,,mÌstnÌkomunikace,,274753.0,,Souhlasn˝sesmÏrem˙seku,Pomal˝,554782.0,452637.0,GN_V0.1UIR-ADR_410,1