IDENTIFIKA»NÕ »ÕSLO,DRUH POZEMNÕ KOMUNIKACE,»ÕSLO POZEMNÕ KOMUNIKACE,"den, mÏsÌc, rok",,Ëas ,DRUH NEHODY,DRUH SR¡éKY JEDOUCÕCH VOZIDEL,DRUH PEVN… PÿEK¡éKY,CHARAKTER NEHODY,ZAVINÃNÕ NEHODY,ALKOHOL U VINÕKA NEHODY PÿÕTOMEN,HLAVNÕ PÿÕ»INY NEHODY,usmrceno osob,tÏûce zranÏno osob,lehce zranÏno osob,CELKOV¡ HMOTN¡ äKODA,DRUH POVRCHU VOZOVKY,STAV POVRCHU VOZOVKY V DOBÃ NEHODY,STAV KOMUNIKACE,POVÃTRNOSTNÕ PODMÕNKY V DOBÃ NEHODY,VIDITELNOST,ROZHLEDOV… POMÃRY,DÃLENÕ KOMUNIKACE,SITUOV¡NÕ NEHODY NA KOMUNIKACI,ÿÕZENÕ PROVOZU V DOBÃ NEHODY,MÕSTNÕ ⁄PRAVA PÿEDNOSTI V JÕZDÃ,SPECIFICK¡ MÕSTA A OBJEKTY V MÕSTÃ NEHODY,SMÃROV… POMÃRY,PO»ET Z⁄»ASTNÃN›CH VOZIDEL,MÕSTO DOPRAVNÕ NEHODY,DRUH KÿIéUJÕCÕ KOMUNIKACE,DRUH VOZIDLA,V›ROBNÕ ZNA»KA MOTOROV…HO VOZIDLA,ROK V›ROBY VOZIDLA,CHARAKTERISTIKA VOZIDLA ,SMYK,VOZIDLO PO NEHODÃ,"⁄NIK PROVOZNÕCH, PÿEPRAVOVAN›CH HMOT",ZPŸSOB VYPROäTÃNÕ OSOB Z VOZIDLA,SMÃR JÕZDY NEBO POSTAVENÕ VOZIDLA,äKODA NA VOZIDLE,KATEGORIE ÿIDI»E,STAV ÿIDI»E,VNÃJäÕ OVLIVNÃNÕ ÿIDI»E,nan.1,nan.2,nan.3,nan.4,nan.5,nan.6,nan.7,nan.8,nan.9,nan.10,nan.11,nan.12,nan.13,nan.14,nan.15,nan.16,nan.17,nan.18,LOKALITA NEHODY
2100190402,6,,2019-01-09,3,1530,1,3,0,2,1,2,502,0,0,0,1000,2,3,1,5,3,1,1,1,0,0,0,1,2,0,,3,4.0,16,3.0,0.0,1.0,0.0,1.0,5.0,500,2.0,1.0,1.0,,,"-748129,505","-1052868,842","-748129,389","-1052868,960",PRAHA5RadotÌn,STR¡éOVSK¡,,mÌstnÌkomunikace,,,,,,,,,1
2100190403,5,,2019-01-09,3,1720,1,4,0,2,1,2,503,0,0,0,500,2,1,1,1,4,1,4,1,0,0,0,1,3,0,,3,13.0,08,3.0,0.0,1.0,0.0,1.0,1.0,100,3.0,1.0,1.0,,,"-735837,684","-1039910,136","-735839,347","-1039911,59",PRAHA9,Kbelsk·,,mÌstnÌkomunikace,,821633.0,,Souhlasn˝sesmÏrem˙seku,Pomal˝,554782.0,451622.0,GN_V0.1UIR-ADR_410,1
2100190404,4,,2019-01-09,3,1725,1,3,0,2,1,2,403,0,0,0,400,2,3,1,4,5,1,0,1,3,3,0,4,2,19,,3,60.0,06,1.0,0.0,1.0,0.0,1.0,87.0,100,2.0,1.0,1.0,,,"-730532,502","-1045371,845","-730531,499","-1045366,887",Praha9BÃCHOVICE,,,uzel,,,,,,,,,1
2100190405,6,,2019-01-09,3,1530,1,3,0,2,1,2,410,0,0,0,700,2,3,1,1,2,1,1,1,0,5,0,1,2,0,,3,39.0,01,1.0,0.0,1.0,0.0,1.0,5.0,100,2.0,1.0,1.0,,,"-740126,245","-1041175,994","-740127,488","-1041176,475",PRAHA7,JANKOVCOVA,,mÌstnÌkomunikace,,,,,,,,,1
2100190406,4,,2019-01-09,3,1630,1,1,0,2,1,2,405,0,0,0,1200,2,3,1,1,2,1,0,1,2,0,0,4,2,19,,3,47.0,16,1.0,0.0,1.0,0.0,1.0,48.0,400,2.0,1.0,1.0,,,"-746345,717","-1048540,536","-746346,330","-1048541,521",PRAHA5,KBARRANDOVUxLamaËova,,uzel,,,,,,,,,1
2100190407,6,,2019-01-09,3,1710,4,0,0,1,1,2,412,0,0,1,0,2,3,1,1,4,1,0,1,3,3,1,5,1,10,,3,17.0,16,1.0,0.0,1.0,0.0,1.0,5.0,0,2.0,1.0,1.0,,,"-731249,428","-1042280,368","-731249,560","-1042280,218",PRAHA9»ern˝Most,BRYKSOVA,,mÌstnÌkomunikace,,,,,,,,,1
2100190408,5,,2019-01-09,3,1820,1,4,0,2,1,2,503,0,0,0,1600,2,3,1,1,4,1,2,1,0,0,0,1,3,0,,3,26.0,12,1.0,0.0,1.0,0.0,1.0,1.0,600,3.0,1.0,1.0,,,"-737899,777","-1042237,960","-737899,711","-1042241,551",PRAHA9VysoËany,NOVOVYSO»ANSK¡,,sledovan·komunikace,,,,,,,,,1
2100190409,5,,2019-01-09,3,1800,1,1,0,2,1,2,501,0,0,0,180,2,3,1,1,4,1,2,1,0,0,0,1,2,0,,3,39.0,93,1.0,0.0,1.0,0.0,1.0,1.0,30,2.0,1.0,1.0,,,"-736266,142","-1050011,291","-736267,124","-1050008,073",PRAHA4,HVIEZDOSLAVOVA,,sledovan·komunikace,,,,,,,,,1
2100190410,5,,2019-01-09,3,1910,1,3,0,2,1,2,411,0,0,0,1500,2,3,1,1,4,1,2,1,0,5,0,1,2,0,,3,8.0,18,3.0,0.0,1.0,0.0,1.0,1.0,500,2.0,1.0,1.0,,,"-742131,790","-1043870,434","-742137,685","-1043862,846",PRAHA1Vinohrady,WILSONOVA,,uzel,,,,,,,,,1
2100190411,5,,2019-01-09,3,1910,1,4,0,2,1,2,503,0,0,0,1400,2,3,1,1,4,1,2,1,0,0,0,1,2,0,,3,39.0,18,3.0,0.0,1.0,0.0,1.0,1.0,900,2.0,1.0,1.0,,,"-742100,070","-1043845,003","-742103,958","-1043838,641",PRAHA1Vinohrady,WILSONOVA,,uzel,,,,,,,,,1
2100190412,5,,2019-01-09,3,1825,3,0,4,2,1,2,204,0,0,0,500,2,3,1,5,5,1,6,1,0,0,0,1,1,0,,3,47.0,00,1.0,1.0,1.0,0.0,1.0,1.0,400,2.0,1.0,1.0,,,"-730560,454","-1043481,122","-730560,679","-1043481,352",PRAHA9,Praûsk˝okruh,,uzel,,,,,,,,,1
2100190413,4,,2019-01-09,3,1951,1,3,0,2,1,2,401,0,0,0,800,1,2,1,1,4,1,0,1,2,0,0,4,2,19,,3,2.0,11,1.0,0.0,1.0,0.0,1.0,73.0,400,2.0,1.0,1.0,,,"-745827,405","-1042868,247","-745827,269","-1042869,474",PRAHA6,BÃLOHORSK¡,,uzel,,,,,,,,,1
2100190414,4,,2019-01-09,3,2027,1,4,0,2,1,2,503,0,0,0,550,2,3,1,1,4,1,0,1,2,0,2,4,2,19,,3,17.0,00,1.0,0.0,1.0,0.0,1.0,26.0,500,2.0,1.0,1.0,,,"-741624,718","-1043313,091","-741622,758","-1043310,465",PRAHA2Vinohrady,SEIFERTOVAxHUSITSK¡,,uzel,,,,,,,,,1
2100190415,6,,2019-01-09,3,2200,3,0,3,2,1,2,508,0,0,0,50,2,3,1,4,5,1,0,1,3,3,2,4,1,10,,6,26.0,16,3.0,0.0,0.0,0.0,1.0,5.0,0,3.0,1.0,1.0,,,"-740293,218","-1042682,691","-740292,479","-1042686,512",PRAHA8KarlÌn,KÿIéÕKOVA,,mÌstnÌkomunikace,,,,,,,,,1
2100190416,5,,2019-01-09,3,2215,1,2,0,2,1,0,511,0,0,0,1100,2,3,1,1,4,1,2,1,0,0,0,1,2,0,,3,2.0,09,0.0,0.0,1.0,0.0,1.0,1.0,800,3.0,0.0,0.0,,,"-736779,548","-1038317,625","-736780,832","-1038316,871",PRAHA9,VESELSK¡,,sledovan·komunikace,,,,,,,,,1
2100190417,6,,2019-01-10,4,520,2,0,0,2,1,2,508,0,0,0,300,1,3,1,1,4,1,1,1,0,0,0,1,2,0,,3,7.0,09,1.0,0.0,1.0,0.0,1.0,5.0,100,2.0,1.0,1.0,,,"-741068,207","-1043370,846","-741065,149","-1043370,136",PRAHA3éiûkov,OREBITSK¡,,mÌstnÌkomunikace,,,,,,,,,1
2100190418,5,,2019-01-10,4,530,1,2,0,2,1,2,204,0,0,0,2550,2,5,1,5,5,1,2,1,0,0,0,1,2,0,,3,39.0,03,1.0,1.0,1.0,0.0,1.0,1.0,1000,2.0,1.0,1.0,,,"-730483,578","-1043334,831","-730483,84","-1043335,381",PRAHA9,Olomouck·,,d·lnice,D11,1482205.0,,Souhlasn˝sesmÏrem˙seku,Pomal˝,554782.0,450260.0,GN_V0.1UIR-ADR_410,1
2100190419,5,,2019-01-10,4,535,2,0,0,2,1,7,511,0,0,0,2100,2,3,1,5,5,1,2,1,0,0,0,1,4,0,,3,17.0,08,1.0,1.0,1.0,0.0,1.0,1.0,500,2.0,4.0,0.0,,,"-740737,173","-1040857,715","-740740,217","-1040861,675",PRAHA7Holeöovice,VRBENSK…HO,,sledovan·komunikace,,,,,,,,,1
2100190421,4,,2019-01-10,4,540,1,3,0,2,1,2,403,0,0,0,1100,2,3,1,5,5,1,0,1,3,3,0,4,2,19,,3,13.0,13,1.0,0.0,1.0,0.0,1.0,16.0,500,2.0,1.0,1.0,,,"-735510,909","-1040509,121","-735511,237","-1040509,197",PRAHA9,Kbelsk·x»akovick·,,uzel,,,,,,,,,1
2100190422,5,,2019-01-10,4,600,1,4,0,2,1,2,503,0,0,0,800,2,5,1,1,4,1,3,1,0,0,0,1,2,0,,8,78.0,15,3.0,0.0,1.0,0.0,1.0,3.0,400,4.0,1.0,1.0,,,"-747452,725","-1042905,062","-747452,215","-1042906,265",PRAHA6,BÃLOHORSK¡,,sledovan·komunikace,,,,,,,,,1
2100190423,5,,2019-01-10,4,600,3,0,4,2,1,2,204,0,0,0,550,2,5,1,5,5,1,2,1,0,0,0,1,1,0,,3,39.0,07,1.0,0.0,1.0,0.0,1.0,1.0,400,2.0,1.0,1.0,,,"-750054,548","-1038987,483","-750054,991","-1038989,877",PRAHA6,KTuchomÏ¯ic˘m,,mÌstnÌkomunikace,,259034.0,,OpaËn˝kesmÏru˙seku,Pomal˝,554782.0,472549.0,GN_V0.1UIR-ADR_410,1
2100190424,5,,2019-01-10,4,640,1,2,0,2,1,2,411,0,0,0,450,2,3,1,5,5,1,2,1,0,5,0,1,2,0,,3,39.0,06,1.0,0.0,1.0,0.0,1.0,1.0,150,2.0,1.0,1.0,,,"-741202,189","-1049862,539","-741203,924","-1049863,817",PRAHA4KrË,VÕDE“SK¡,,sledovan·komunikace,,,,,,,,,1
2100190425,5,,2019-01-10,4,721,0,0,0,1,3,0,100,0,0,1,0,2,3,1,1,2,1,2,1,0,0,0,1,1,0,,8,78.0,13,5.0,0.0,1.0,0.0,1.0,1.0,0,4.0,1.0,4.0,,,"-740437,466","-1046788,023","-740437,706","-1046788,673",PRAHA4Michle,UPLYN¡RNY,,sledovan·komunikace,,,,,,,,,1
2100190426,6,,2019-01-10,4,650,1,4,0,2,1,2,503,0,0,0,400,2,3,1,1,4,1,1,1,0,0,0,1,2,0,,3,7.0,17,3.0,0.0,1.0,0.0,1.0,5.0,200,4.0,1.0,1.0,,,"-741004,837","-1040911,138","-741002,641","-1040912,553",PRAHA7Holeöovice,JANKOVCOVA,,uzel,,,,,,,,,1
2100190427,5,,2019-01-01,2,2560,1,2,0,1,1,0,411,0,0,4,400,2,3,1,2,3,1,3,1,0,5,0,1,2,0,,3,39.0,01,3.0,0.0,1.0,0.0,1.0,1.0,200,3.0,1.0,1.0,,,"-751247,156","-1041139,276","-751247,556","-1041140,566",PRAHA6RuzynÏ,EVROPSK¡,,sledovan·komunikace,,,,,,,,,1
2100190428,5,,2019-01-01,2,2560,3,0,4,2,1,0,516,0,0,0,800,2,1,1,1,1,1,5,1,0,0,0,1,1,0,,17,,XX,,,,,,,0,,,,,,"-730669,450","-1042464,302","-730662,228","-1042463,837",PRAHA9HORNÕPO»ERNICE,PRAéSK›OKRUH,,sledovan·komunikace,,,,,,,,,1
2100190429,5,,2019-01-01,2,2560,3,0,4,2,1,0,516,0,0,0,500,2,1,1,1,1,1,3,1,0,0,0,2,1,0,,17,,XX,,,,,,,0,,,,,,"-730939,970","-1043036,823","-730936,556","-1043035,351",PRAHA9»ERN›MOST,CHLUMECK¡,,sledovan·komunikace,,,,,,,,,1
2100190430,5,,2019-01-10,4,810,1,4,0,2,1,2,503,0,0,0,1200,2,3,1,5,3,1,4,1,0,0,0,1,3,0,,3,39.0,12,3.0,0.0,1.0,0.0,1.0,1.0,500,3.0,1.0,1.0,,,"-744893,869","-1048253,941","-744891,868","-1048256,218",PRAHA5HluboËepy,KBARRANDOVU,,sledovan·komunikace,,,,,,,,,1
2100190431,5,,2019-01-10,4,720,1,4,0,2,1,2,503,0,0,0,300,2,3,1,1,4,1,2,1,0,0,0,1,2,0,,3,7.0,14,3.0,0.0,0.0,0.0,1.0,1.0,200,2.0,1.0,1.0,,,"-748256,406","-1042187,031","-748255,977","-1042188,744",PRAHA6VeleslavÌn,NAPETÿIN¡CH,,uzel,,,,,,,,,1
2100190432,5,,2019-01-09,3,2560,2,0,0,2,1,0,516,0,0,0,200,2,3,1,1,1,1,2,1,0,0,0,1,2,0,,17,,XX,,,,,,,0,,,,,,"-750990,405","-1044492,117","-750991,172","-1044493,120",PRAHA17ÿepy,MAKOVSK…HO,,sledovan·komunikace,,,,,,,,,1
2100190433,5,,2019-01-10,4,835,1,4,0,2,1,2,503,0,0,0,700,2,3,1,1,1,1,5,1,0,0,0,1,2,0,,3,47.0,04,1.0,0.0,1.0,0.0,1.0,1.0,100,3.0,1.0,1.0,,,"-743961,261","-1044293,000","-743957,382","-1044292,922",PRAHA5SmÌchov,ZBOROVSK¡,,uzel,,,,,,,,,1
2100190434,5,,2019-01-10,4,830,1,4,0,2,1,2,503,0,0,0,100,2,5,1,0,1,1,3,1,0,0,0,1,2,0,,3,47.0,09,1.0,0.0,1.0,0.0,1.0,1.0,50,2.0,1.0,1.0,,,"-747845,966","-1041361,638","-747846,127","-1041360,406",PRAHA6Vokovice,EVROPSK¡,,sledovan·komunikace,,,,,,,,,1
2100190435,6,,2019-01-10,4,850,1,4,0,2,1,2,503,0,0,0,1600,2,3,1,1,1,1,1,1,0,0,0,1,2,0,,3,4.0,05,1.0,0.0,0.0,0.0,1.0,5.0,600,2.0,1.0,1.0,,,"-738965,720","-1051193,973","-738965,029","-1051193,870",PRAHA4KUNRATICE,KVERNER¡KU,,mÌstnÌkomunikace,,,,,,,,,1
2100190436,5,,2019-01-10,4,1040,1,4,0,2,1,2,503,0,0,0,3000,2,3,1,1,1,1,2,1,0,5,2,1,3,0,,3,60.0,10,1.0,0.0,1.0,0.0,1.0,1.0,1000,2.0,1.0,1.0,,,"-739085,231","-1045051,823","-739085,313","-1045054,565",PRAHA10,RUSK¡,,sledovan·komunikace,,,,,,,,,1
2100190437,6,,2019-01-10,4,2560,2,0,0,2,1,0,516,0,0,0,50,2,3,1,1,1,1,1,1,0,0,0,1,2,0,,17,,XX,,,,,,,0,,,,,,"-739333,045","-1039117,096","-739332,873","-1039114,163",PRAHA8Kobylisy,»UMPELÕKOVA,,mÌstnÌkomunikace,,,,,,,,,1
2100190438,6,,2019-01-10,4,1110,2,0,0,2,1,2,509,0,0,0,1300,2,3,1,1,1,1,1,1,0,0,0,1,3,0,,5,19.0,11,3.0,0.0,1.0,0.0,1.0,5.0,100,2.0,1.0,1.0,,,"-737875,910","-1043330,538","-737876,232","-1043330,503",PRAHA3éiûkov,VJEZER¡CH,,mÌstnÌkomunikace,,,,,,,,,1
2100190439,8,,2019-01-10,4,1145,3,0,9,2,1,2,502,0,0,0,300,2,3,1,1,1,1,1,1,0,0,10,1,1,0,,3,47.0,17,12.0,0.0,1.0,0.0,1.0,5.0,300,2.0,1.0,1.0,,,"-740373,132","-1045824,187","-740379,224","-1045820,803",PRAHA10Vröovice,P¯ÌpotoËnÌ,,mÌstnÌkomunikace,,,,,,,,,1
2100190440,5,,2019-01-10,4,1140,1,4,0,2,1,2,503,0,0,0,1120,2,1,1,1,1,1,2,1,0,5,2,1,2,0,,5,13.0,,3.0,0.0,1.0,0.0,1.0,1.0,600,3.0,1.0,1.0,,,"-734589,182","-1044283,533","-734589,838","-1044283,579",PRAHA9,PRŸMYSLOV¡,,sledovan·komunikace,,,,,,,,,1
2100190441,6,,2019-01-09,3,2560,2,0,0,2,1,0,516,0,0,0,600,2,3,1,1,1,1,1,1,0,0,0,1,2,0,,17,,XX,,,,,,,0,,,,,,"-738536,109","-1039115,108","-738535,756","-1039115,331",PRAHA8Kobylisy,DAVÕDKOVA,,mÌstnÌkomunikace,,,,,,,,,1
2100190442,7,,2019-01-10,4,2560,2,0,0,2,1,0,516,0,0,0,200,1,3,1,1,1,1,1,1,0,0,0,1,2,0,,17,,XX,,,,,,,0,,,,,,"-748785,002","-1045853,642","-748785,016","-1045857,149",PRAHA13Stod˘lky,BUCHAROVA,,sledovan·komunikace,,,,,,,,,1
2100190443,6,,2019-01-10,4,1210,1,2,0,2,1,2,409,0,0,0,1300,2,3,1,1,1,1,1,1,0,5,0,1,2,0,,3,39.0,05,1.0,0.0,1.0,0.0,1.0,5.0,300,2.0,1.0,1.0,,,"-745841,544","-1043386,812","-745843,861","-1043386,563",PRAHA6B¯evnov,BÃéECK¡,,mÌstnÌkomunikace,,,,,,,,,1
2100190444,4,,2019-01-10,4,1220,1,4,0,2,1,2,503,0,0,0,300,2,3,1,1,1,1,0,1,3,3,0,7,2,19,,3,47.0,18,3.0,0.0,1.0,0.0,1.0,27.0,150,2.0,1.0,1.0,,,"-738825,447","-1049744,771","-738827,853","-1049745,741",PRAHA11Chodov,ROZTYLSK¡,,uzel,,,,,,,,,1
2100190445,5,,2019-01-10,4,1313,1,2,0,2,1,0,508,0,0,0,200,2,3,1,1,1,1,5,1,0,0,0,1,2,0,,17,,XX,,,,,,,0,,,,,,"-741717,901","-1043251,386","-741714,336","-1043246,347",PRAHA1NovÈMÏsto,WILSONOVA,,uzel,,,,,,,,,1
2100190446,6,,2019-01-10,4,1235,1,2,0,2,1,2,204,0,0,0,800,1,3,1,1,1,1,1,1,0,0,0,1,2,0,,3,39.0,02,3.0,1.0,1.0,0.0,1.0,5.0,400,2.0,1.0,1.0,,,"-743434,600","-1047626,832","-743434,589","-1047626,651",PRAHA4PodolÌ,DVORECK¡,,mÌstnÌkomunikace,,,,,,,,,1
2100190447,6,,2019-01-09,3,2560,2,0,0,2,1,0,516,0,0,0,200,2,3,1,1,1,1,1,1,0,0,0,1,2,0,,17,,XX,,,,,,,0,,,,,,"-736801,863","-1046610,973","-736801,895","-1046611,818",PRAHA10Straönice,PÿETLUCK¡,,mÌstnÌkomunikace,,,,,,,,,1
2100190448,6,,2019-01-10,4,2560,2,0,0,2,1,0,516,0,0,0,300,2,3,1,1,1,1,1,1,0,0,0,1,2,0,,17,,XX,,,,,,,0,,,,,,"-750677,064","-1043002,458","-750676,658","-1043002,500",PRAHA6RuzynÏ,KONOP¡SKOVA,,mÌstnÌkomunikace,,,,,,,,,1
2100190449,6,,2019-01-10,4,1250,1,2,0,2,1,0,508,0,0,0,10,2,3,1,1,1,1,1,1,0,0,0,1,2,0,,3,13.0,17,1.0,0.0,4.0,0.0,1.0,5.0,0,9.0,,,,,"-743052,746","-1037966,718","-743054,459","-1037974,208",PRAHA8Bohnice,FEÿTEKOVA,,mÌstnÌkomunikace,,,,,,,,,1
2100190450,5,,2019-01-10,4,1345,1,3,0,2,1,2,411,0,0,0,400,2,1,1,1,1,1,2,1,0,5,0,1,2,0,,5,99.0,10,1.0,0.0,1.0,0.0,1.0,1.0,0,2.0,1.0,1.0,,,"-742431,458","-1044360,421","-742426,801","-1044361,261",PRAHA2NovÈMÏsto,SOKOLSK¡,,sledovan·komunikace,,,,,,,,,1
2100190451,5,,2019-01-10,4,1440,1,4,0,2,1,2,503,0,0,0,100,2,3,1,1,1,1,5,1,0,0,0,1,2,0,,3,31.0,05,1.0,0.0,1.0,0.0,1.0,1.0,50,2.0,1.0,1.0,,,"-742586,696","-1044387,114","-742586,299","-1044384,445",PRAHA2NovÈMÏsto,JE»N¡,,sledovan·komunikace,,,,,,,,,1
2100190452,8,,2019-01-09,3,760,3,0,9,2,1,0,516,0,0,0,200,1,3,1,1,1,1,1,1,0,0,10,1,1,0,,17,,XX,,,,,,,0,,,,,,"-736860,574","-1039223,807","-736859,04","-1039223,724",PRAHA9,Novoborsk·,,mÌstnÌkomunikace,,710750.0,,Souhlasn˝sesmÏrem˙seku,Pomal˝,554782.0,481220.0,GN_V0.1UIR-ADR_410,1
2100190453,6,,2019-01-10,4,1145,2,0,0,2,1,2,504,0,0,0,450,2,1,1,1,1,1,1,1,0,0,0,1,2,0,,3,47.0,15,3.0,0.0,1.0,0.0,1.0,5.0,200,2.0,1.0,1.0,,,"-741629,948","-1045708,803","-741629,767","-1045708,827",PRAHA4,VLASTISLAVOVA,,mÌstnÌkomunikace,,,,,,,,,1
2100190454,4,,2019-01-10,4,1445,8,3,0,2,1,0,403,0,0,0,50,2,3,1,1,1,1,0,7,3,3,0,4,2,19,,17,,XX,,,,,,,0,,,,,,"-741085,885","-1042683,118","-741085,724","-1042683,093",PRAHA8-KARLÕN,VÌtkova,,mÌstnÌkomunikace,,712029.0,,Souhlasn˝sesmÏrem˙seku,Pomal˝,554782.0,477958.0,GN_V0.1UIR-ADR_410,1
2100190455,6,,2019-01-08,2,1220,2,0,0,2,1,0,504,0,0,0,250,2,3,1,1,1,1,1,1,0,0,0,1,2,0,,3,35.0,11,1.0,0.0,1.0,0.0,1.0,5.0,50,2.0,1.0,1.0,,,"-738844,133","-1048657,972","-738845,731","-1048657,653",PRAHA4Z·bÏhlice,JIéNÕII,,mÌstnÌkomunikace,,,,,,,,,1
2100190456,5,,2019-01-10,4,1530,8,3,0,2,1,2,413,0,0,0,1300,2,1,1,1,1,1,0,7,3,3,0,5,2,10,,3,47.0,17,9.0,0.0,1.0,0.0,1.0,1.0,800,2.0,1.0,1.0,,,"-750894,308","-1044592,206","-750894,215","-1044592,341",PRAHA6,MAKOVSK…HO,,sledovan·komunikace,,,,,,,,,1
2100190457,8,,2019-01-10,4,1450,2,0,0,2,1,2,502,0,0,0,100,2,3,1,1,1,1,1,1,0,0,10,1,2,0,,5,7.0,14,3.0,0.0,1.0,0.0,1.0,5.0,0,2.0,1.0,1.0,,,"-740930,487","-1053750,378","-740932,237","-1053750,100",PRAHA4,LIBUäSK¡,,sledovan·komunikace,,,,,,,,,1
2100190458,5,,2019-01-10,4,1505,2,0,0,1,1,0,204,0,1,0,6000,2,3,1,1,1,1,3,1,0,0,0,1,6,0,,3,20.0,00,1.0,1.0,1.0,0.0,1.0,1.0,1000,3.0,1.0,1.0,,,"-745274,560","-1050861,518","-745276,976","-1050861,217",PRAHA12Mod¯any,MODÿANSK¡,,sledovan·komunikace,,,,,,,,,1
2100190459,5,,2019-01-10,4,1455,1,3,0,2,1,2,403,0,0,0,1300,2,3,1,1,1,1,0,1,3,3,0,4,2,10,,3,39.0,14,3.0,0.0,0.0,0.0,1.0,1.0,1000,3.0,1.0,1.0,,,"-739839,661","-1051805,419","-739839,348","-1051805,322",Praha4Kunratice,KLIBUäI,,sledovan·komunikace,,,,,,,,,1
2100190460,6,,2019-01-10,4,1550,1,1,0,2,1,2,407,0,0,0,600,2,1,1,1,1,1,1,1,0,0,0,1,2,0,,3,13.0,04,1.0,0.0,1.0,0.0,1.0,5.0,600,2.0,1.0,1.0,,,"-738754,156","-1048387,844","-738754,185","-1048387,773",PRAHA4Chodov,OBROVSK…HO,,mÌstnÌkomunikace,,,,,,,,,1
2100190461,5,,2019-01-10,4,1540,1,3,0,2,1,0,411,0,0,0,50,2,3,1,1,1,1,5,1,0,5,0,1,2,0,,3,38.0,15,3.0,0.0,4.0,0.0,1.0,1.0,0,9.0,,,,,"-749075,063","-1044351,83","-749075,241","-1044353,891",PRAHA5-KOäÕÿE,PlzeÚsk·,,mÌstnÌkomunikace,,280429.0,,Souhlasn˝sesmÏrem˙seku,Pomal˝,554782.0,464287.0,GN_V0.1UIR-ADR_410,1
2100190462,8,,2019-01-10,4,1031,2,0,0,2,1,2,502,0,0,0,120,3,1,1,1,1,1,1,1,0,0,10,1,2,0,,3,39.0,07,1.0,0.0,1.0,0.0,1.0,5.0,20,2.0,1.0,1.0,,,"-748621,682","-1043986,149","-748623,201","-1043983,583",PRAHA5Motol,V⁄VALU,,mÌstnÌkomunikace,,,,,,,,,1
2100190463,8,,2019-01-01,2,2560,2,0,0,2,1,0,508,0,0,0,150,2,3,1,1,1,1,1,1,0,0,10,1,2,0,,3,44.0,99,1.0,0.0,0.0,0.0,1.0,5.0,50,2.0,1.0,1.0,,,"-740546,218","-1041020,817","-740542,474","-1041016,086",PRAHA7Holeöovice,ORTENOVON¡M.,,sledovan·komunikace,,,,,,,,,1
2100190464,6,,2019-01-05,6,1930,1,2,0,2,1,0,404,0,0,0,100,2,3,1,1,4,1,0,1,0,5,0,4,2,10,,17,,XX,,,,,,,0,,,,,,"-739884,431","-1046542,178","-739884,381","-1046542,206",Praha10,Nak¯ivce,,mÌstnÌkomunikace,,1683705.0,,Souhlasn˝sesmÏrem˙seku,Pomal˝,554782.0,458121.0,GN_V0.1UIR-ADR_410,1
2100190465,6,,2019-01-10,4,2155,1,3,0,2,1,2,502,0,0,0,100,2,6,1,1,4,1,1,1,0,0,0,1,2,0,,3,4.0,98,1.0,0.0,1.0,0.0,1.0,5.0,50,2.0,1.0,1.0,,,"-728197,680","-1042150,540","-728198,069","-1042150,609",PRAHA9,KOM¡ROVSK¡,,mÌstnÌkomunikace,,,,,,,,,1
2100190466,5,,2019-01-10,4,2560,3,0,3,2,1,0,516,0,0,0,10,2,1,1,1,1,1,2,1,0,0,0,1,1,0,,17,,XX,,,,,,,0,,,,,,"-740493,870","-1045488,347","-740488,441","-1045481,157",PRAHA10Vröovice,MOSKEVSK¡,,uzel,,,,,,,,,1
2100190467,5,,2019-01-10,4,1715,1,4,0,2,1,2,503,0,0,0,1200,2,3,1,1,4,1,2,1,0,0,0,1,3,0,,3,31.0,02,1.0,0.0,0.0,0.0,1.0,1.0,400,2.0,1.0,1.0,,,"-734457,666","-1034969,543","-734457,827","-1034969,571",PRAHA9-»AKOVICE,SCHOELLEROVA,,sledovan·komunikace,,,,,,,,,1
2100190468,6,,2019-01-10,4,1745,1,4,0,2,1,2,503,0,0,0,900,2,3,1,1,4,1,3,1,0,0,0,1,3,0,,3,44.0,06,3.0,0.0,1.0,0.0,1.0,5.0,500,2.0,1.0,1.0,,,"-741102,719","-1040237,827","-741102,693","-1040238,536",PRAHA7-TROJA,Nov·Povltavsk·,,mÌstnÌkomunikace,,3101864.0,,Souhlasn˝sesmÏrem˙seku,Pomal˝,554782.0,927805.0,GN_V0.1UIR-ADR_410,1
2100190469,6,,2019-01-02,3,2560,2,0,0,2,1,0,516,0,0,0,200,2,3,1,1,1,1,1,1,0,0,0,1,2,0,,17,,XX,,,,,,,0,,,,,,"-742964,893","-1052120,746","-742965,501","-1052120,796",PRAHA4Mod¯any,LEVSK…HO,,mÌstnÌkomunikace,,,,,,,,,1
2100190470,5,,2019-01-10,4,1735,1,4,0,2,1,2,503,0,0,0,500,2,3,1,1,4,1,2,1,0,5,2,1,2,0,,3,35.0,11,3.0,0.0,0.0,0.0,1.0,1.0,300,2.0,1.0,1.0,,,"-747893,871","-1042100,201","-747893,810","-1042100,606",PRAHA6VeleslavÌn,NAPETÿIN¡CH,,sledovan·komunikace,,,,,,,,,1
2100190471,5,,2019-01-10,4,1732,4,0,0,1,3,2,100,0,0,1,200,2,3,1,1,4,1,0,1,3,3,2,4,1,10,,3,13.0,04,3.0,0.0,1.0,0.0,1.0,3.0,200,2.0,1.0,1.0,,,"-747348,690","-1056130,493","-747347,338","-1056131,912",PRAHA5Zbraslav,ELIäKYPÿEMYSLOVNY,,sledovan·komunikace,,,,,,,,,1
2100190472,6,,2019-01-10,4,2560,2,0,0,2,1,0,516,0,0,0,100,2,1,1,1,1,1,1,1,0,0,0,1,3,0,,17,,XX,,,,,,,0,,,,,,"-737158,584","-1041130,605","-737175,899","-1041127,006",PRAHA9VysoËany,Nepilova,,mÌstnÌkomunikace,,,,,,,,,1