IDENTIFIKA»NÕ »ÕSLO,DRUH POZEMNÕ KOMUNIKACE,»ÕSLO POZEMNÕ KOMUNIKACE,"den, mÏsÌc, rok",,Ëas ,DRUH NEHODY,DRUH SR¡éKY JEDOUCÕCH VOZIDEL,DRUH PEVN… PÿEK¡éKY,CHARAKTER NEHODY,ZAVINÃNÕ NEHODY,ALKOHOL U VINÕKA NEHODY PÿÕTOMEN,HLAVNÕ PÿÕ»INY NEHODY,usmrceno osob,tÏûce zranÏno osob,lehce zranÏno osob,CELKOV¡ HMOTN¡ äKODA,DRUH POVRCHU VOZOVKY,STAV POVRCHU VOZOVKY V DOBÃ NEHODY,STAV KOMUNIKACE,POVÃTRNOSTNÕ PODMÕNKY V DOBÃ NEHODY,VIDITELNOST,ROZHLEDOV… POMÃRY,DÃLENÕ KOMUNIKACE,SITUOV¡NÕ NEHODY NA KOMUNIKACI,ÿÕZENÕ PROVOZU V DOBÃ NEHODY,MÕSTNÕ ⁄PRAVA PÿEDNOSTI V JÕZDÃ,SPECIFICK¡ MÕSTA A OBJEKTY V MÕSTÃ NEHODY,SMÃROV… POMÃRY,PO»ET Z⁄»ASTNÃN›CH VOZIDEL,MÕSTO DOPRAVNÕ NEHODY,DRUH KÿIéUJÕCÕ KOMUNIKACE,DRUH VOZIDLA,V›ROBNÕ ZNA»KA MOTOROV…HO VOZIDLA,ROK V›ROBY VOZIDLA,CHARAKTERISTIKA VOZIDLA ,SMYK,VOZIDLO PO NEHODÃ,"⁄NIK PROVOZNÕCH, PÿEPRAVOVAN›CH HMOT",ZPŸSOB VYPROäTÃNÕ OSOB Z VOZIDLA,SMÃR JÕZDY NEBO POSTAVENÕ VOZIDLA,äKODA NA VOZIDLE,KATEGORIE ÿIDI»E,STAV ÿIDI»E,VNÃJäÕ OVLIVNÃNÕ ÿIDI»E,nan.1,nan.2,nan.3,nan.4,nan.5,nan.6,nan.7,nan.8,nan.9,nan.10,nan.11,nan.12,nan.13,nan.14,nan.15,nan.16,nan.17,nan.18,LOKALITA NEHODY
2100190473,5,,2019-01-10,4,1745,1,4,0,2,1,2,304,0,0,0,200,2,3,1,1,4,1,2,7,0,0,0,1,2,0,,3,26.0,18,3.0,0.0,1.0,0.0,1.0,1.0,200,2.0,1.0,1.0,,,"-741111,494","-1044992,604","-741111,679","-1044995,260",PRAHA10,FRANCOUZSK¡,,sledovan·komunikace,,,,,,,,,1
2100190474,5,,2019-01-10,4,1820,1,4,0,2,1,2,503,0,0,0,1400,2,3,1,1,4,1,4,1,0,0,0,1,3,0,,3,47.0,07,1.0,0.0,1.0,0.0,1.0,3.0,600,2.0,1.0,1.0,,,"-741028,725","-1041637,499","-741027,965","-1041637,61",PRAHA7-HOLEäOVICE,Argentinsk·,,mÌstnÌkomunikace,,756935.0,,Souhlasn˝sesmÏrem˙seku,Pomal˝,554782.0,443034.0,GN_V0.1UIR-ADR_410,1
2100190475,6,,2019-01-10,4,1930,3,0,2,2,1,2,204,0,0,0,1100,1,3,1,3,5,1,1,1,0,5,1,1,1,0,,2,99.0,18,3.0,1.0,1.0,0.0,1.0,5.0,1000,2.0,1.0,1.0,,,"-742489,105","-1042418,124","-742489,515","-1042422,539",PRAHA1-StarÈMÏsto,DVOÿ¡KOVON¡Bÿ.,,uzel,,,,,,,,,1
2100190476,6,,2019-01-10,4,1950,2,0,0,2,1,2,502,0,0,0,50,2,1,1,1,4,1,1,1,0,0,0,1,2,0,,3,13.0,16,3.0,0.0,1.0,0.0,1.0,5.0,0,2.0,1.0,1.0,,,"-742419,142","-1041780,294","-742418,707","-1041785,337",PRAHA7Holeöovice,DOBROVSK…HO,,mÌstnÌkomunikace,,,,,,,,,1
2100190477,5,,2019-01-09,3,2560,2,0,0,2,1,0,516,0,0,0,150,2,3,1,1,1,1,2,1,0,0,0,1,2,0,,17,,XX,,,,,,,0,,,,,,"-744964,440","-1045162,764","-744966,103","-1045167,169",PRAHA5SmÌchov,NAV¡CLAVCE,,sledovan·komunikace,,,,,,,,,1
2100190478,6,,2019-01-10,4,2020,1,1,0,2,1,2,403,0,0,0,600,2,3,1,5,5,1,0,1,3,3,0,5,2,10,,3,44.0,08,1.0,0.0,0.0,0.0,1.0,5.0,300,2.0,1.0,1.0,,,"-740218,421","-1048707,797","-740216,865","-1048711,815",PRAHA4Michle,Kegar·ûÌm,,uzel,,,,,,,,,1
2100190479,5,,2019-01-10,4,2045,3,0,3,2,1,2,204,0,0,0,3000,2,3,1,1,4,1,2,1,0,0,0,1,1,0,,3,2.0,14,3.0,1.0,1.0,1.0,1.0,1.0,3000,2.0,1.0,1.0,,,"-744550,617","-1044431,683","-744550,866","-1044430,794",PRAHA5SmÌchov,KARTOUZSK¡,,sledovan·komunikace,,,,,,,,,1
2100190480,8,,2019-01-10,4,2025,3,0,2,2,1,2,504,0,0,0,600,2,1,1,1,4,1,1,1,0,0,10,1,1,0,,3,44.0,08,9.0,0.0,1.0,0.0,1.0,5.0,600,2.0,1.0,1.0,,,"-730720,131","-1042368,723","-730720,378","-1042368,738",PRAHA14»ern˝Most,CHLUMECK¡,,sledovan·komunikace,,,,,,,,,1
2100190481,5,,2019-01-11,5,15,6,0,0,2,4,0,100,0,0,0,350,2,3,1,1,4,1,5,1,0,0,0,1,1,0,,3,39.0,17,3.0,0.0,1.0,1.0,1.0,1.0,300,2.0,1.0,1.0,,,"-730432,628","-1044161,318","-730434,805","-1044161,239",PRAHA9,PRAéSK›OKRUH,,sledovan·komunikace,,,,,,,,,1
2100190482,5,,2019-01-09,3,2560,2,0,0,2,1,0,516,0,0,0,150,2,3,1,1,1,1,1,3,0,0,0,1,2,0,,17,,XX,,,,,,,0,,,,,,"-744964,440","-1045162,764","-744966,103","-1045167,169",PRAHA5SmÌchov,NAV¡CLAVCE,,sledovan·komunikace,,,,,,,,,1
2100190483,8,,2019-01-11,5,45,3,0,6,2,1,2,508,0,0,0,370,2,3,1,1,4,1,1,1,0,0,10,1,1,0,,8,59.0,02,5.0,0.0,1.0,0.0,1.0,5.0,70,4.0,1.0,1.0,,,"-736127,541","-1040362,359","-736132,139","-1040361,210",PRAHA9VysoËany,LET“ANSK¡,,sledovan·komunikace,,,,,,,,,1
2100190484,4,,2019-01-11,5,245,1,4,0,2,1,2,503,0,0,0,200,2,3,1,1,4,1,0,1,3,3,0,4,2,19,,3,39.0,17,7.0,0.0,1.0,0.0,1.0,51.0,200,2.0,1.0,1.0,,,"-741996,055","-1042983,973","-741995,227","-1042984,059",PRAHA1-NOV…MÃSTO,HavlÌËkova,,mÌstnÌkomunikace,,274104.0,,Souhlasn˝sesmÏrem˙seku,Pomal˝,554782.0,447471.0,GN_V0.1UIR-ADR_410,1
2100190485,5,,2019-01-11,5,625,1,3,0,2,1,2,411,0,0,0,1300,2,1,1,1,4,1,2,1,0,5,0,1,2,0,,7,26.0,18,3.0,0.0,1.0,0.0,1.0,1.0,800,3.0,1.0,1.0,,,"-736881,458","-1036584,843","-736878,487","-1036583,716",PRAHA8,CÕNOVECK¡,,sledovan·komunikace,,,,,,,,,1
2100190486,6,,2019-01-01,2,2560,4,0,0,1,1,0,508,0,1,0,0,2,1,1,1,1,1,0,1,3,3,0,5,1,10,,3,31.0,04,1.0,0.0,1.0,0.0,1.0,5.0,0,2.0,1.0,1.0,,,"-740668,95","-1046618,319","-740668,963","-1046618,257",PRAHA4,,,mÌstnÌkomunikace,,289719.0,,Souhlasn˝sesmÏrem˙seku,Pomal˝,554782.0,465429.0,GN_V0.1UIR-ADR_410,1
2100190487,5,,2019-01-11,5,710,1,4,0,2,1,2,503,0,0,0,600,2,1,1,1,4,1,2,1,0,0,0,1,2,0,,3,7.0,01,1.0,0.0,1.0,0.0,1.0,1.0,400,2.0,1.0,1.0,,,"-751290,639","-1043013,220","-751290,765","-1043015,018",PRAHA17ÿepy,KARLOVARSK¡,,uzel,,,,,,,,,1
2100190488,5,,2019-01-11,5,750,5,0,0,2,4,0,100,0,0,0,550,2,1,1,1,2,1,2,1,0,0,0,1,1,0,,3,39.0,10,1.0,0.0,0.0,0.0,1.0,1.0,500,4.0,1.0,1.0,,,"-738194,9","-1051762,484","-738194,958","-1051762,486",PRAHA4,Kunratick·spojka,,mÌstnÌkomunikace,,3293797.0,,OpaËn˝kesmÏru˙seku,Pomal˝,554782.0,507504.0,GN_V0.1UIR-ADR_410,1
2100190489,6,,2019-01-11,5,740,1,3,0,2,1,2,404,0,0,0,900,2,1,1,1,2,1,0,1,0,5,0,5,2,10,,3,26.0,10,1.0,0.0,1.0,0.0,1.0,5.0,400,2.0,1.0,1.0,,,"-726164,451","-1046799,520","-726162,466","-1046800,356",PRAHA9,CHOTÃNOVSK¡xTALMBERSK¡,,mÌstnÌkomunikace,,,,,,,,,1
2100190490,6,,2019-01-11,5,830,3,0,2,2,1,2,504,0,0,0,100,1,1,1,1,1,1,1,1,0,0,0,1,1,0,,5,26.0,17,3.0,0.0,0.0,0.0,1.0,5.0,0,3.0,1.0,1.0,,,"-743298,309","-1042762,830","-743298,309","-1042762,830",PRAHA1STAR…MÃSTO,ALäOVON¡BÿEéÕ,,mÌstnÌkomunikace,,,,,,,,,1
2100190491,6,,2019-01-04,5,2560,2,0,0,2,1,0,516,0,0,0,150,2,3,1,1,1,1,1,1,0,0,0,1,2,0,,17,,XX,,,,,,,0,,,,,,"-743519,409","-1045195,325","-743519,366","-1045195,671",PRAHA2,Vnislavova,,mÌstnÌkomunikace,,284069.0,,Souhlasn˝sesmÏrem˙seku,Pomal˝,554782.0,484881.0,GN_V0.1UIR-ADR_410,1
2100190492,5,,2019-01-11,5,840,1,4,0,2,1,2,503,0,0,0,450,2,3,1,1,1,1,0,1,2,0,0,4,2,10,,3,4.0,07,3.0,0.0,1.0,0.0,1.0,1.0,250,2.0,1.0,1.0,,,"-749044,194","-1045811,221","-749044,948","-1045810,936",PRAHA5Stod˘lky,BUCHAROVAxN¡JEZDNAROZVADOVSKOUSPOJKU,,uzel,,,,,,,,,1
2100190493,4,,2019-01-11,5,915,1,3,0,2,1,2,403,0,0,0,300,2,3,1,1,1,1,0,1,3,3,0,4,2,19,,3,39.0,14,3.0,0.0,1.0,0.0,1.0,57.0,200,2.0,1.0,1.0,,,"-737462,188","-1045354,221","-737462,199","-1045355,128",PRAHA10Straönice,"VOLäIN¡CH,SOLIDARITY",,uzel,,,,,,,,,1
2100190494,6,,2019-01-11,5,900,1,4,0,2,1,2,503,0,0,0,650,2,5,1,1,1,1,1,1,0,0,0,1,2,0,,3,12.0,06,1.0,0.0,1.0,0.0,1.0,5.0,250,2.0,1.0,1.0,,,"-733376,841","-1044525,265","-733377,984","-1044525,273",PRAHA14Hostavice,TRAVN¡,,mÌstnÌkomunikace,,,,,,,,,1
2100190495,4,,2019-01-11,5,925,1,3,0,2,1,2,401,0,0,0,1000,2,1,1,1,1,1,0,1,2,0,0,4,2,19,,3,39.0,02,3.0,0.0,1.0,0.0,1.0,75.0,200,2.0,1.0,1.0,,,"-737933,781","-1039024,155","-737925,013","-1039025,965",PRAHA8LibeÚ,St¯elniËn·,,uzel,,,,,,,,,1
2100190496,4,,2019-01-11,5,1000,1,4,0,2,1,2,503,0,0,0,1000,2,1,1,1,1,1,0,1,3,3,0,4,3,19,,3,39.0,18,3.0,0.0,1.0,0.0,1.0,17.0,600,2.0,1.0,1.0,,,"-740844,674","-1040217,676","-740844,856","-1040215,250",PRAHA7LibeÚ,POVLTAVSK¡,,uzel,,,,,,,,,1
2100190497,6,,2019-01-10,4,2560,2,0,0,2,1,0,516,0,0,0,200,2,1,1,1,1,1,1,1,0,0,0,1,2,0,,17,,XX,,,,,,,0,,,,,,"-739453,633","-1043442,414","-739454,042","-1043440,301",PRAHA3éiûkov,NAPARUK¡ÿCE,,mÌstnÌkomunikace,,,,,,,,,1
2100190498,4,,2019-01-01,2,2560,1,2,0,2,1,0,411,0,0,0,300,2,1,1,1,4,1,0,1,3,3,0,4,2,19,,3,23.0,13,1.0,0.0,1.0,0.0,1.0,12.0,200,2.0,1.0,1.0,,,"-741572,637","-1042628,753","-741570,271","-1042629,706",PRAHA8KarlÌn,WILSONOVA,,uzel,,,,,,,,,1
2100190499,6,,2019-01-01,2,2560,2,0,0,2,1,0,516,0,0,0,40,1,1,1,1,1,1,1,1,0,0,0,1,2,0,,5,19.0,10,3.0,0.0,4.0,0.0,1.0,5.0,0,9.0,,,,,"-742399,045","-1042441,564","-742398,798","-1042439,447",PRAHA1StarÈMÏsto,NAFRANTIäKU,,mÌstnÌkomunikace,,,,,,,,,1
2100190500,6,,2019-01-01,2,2560,3,0,6,2,1,0,516,0,0,0,450,2,1,1,1,1,1,1,6,0,0,0,1,1,0,,17,,XX,,,,,,,0,,,,,,"-743130,013","-1038459,941","-743128,832","-1038454,824",PRAHA8Troja,MAZURSK¡,,mÌstnÌkomunikace,,,,,,,,,1
2100190501,7,,2019-01-11,5,930,1,2,0,2,1,2,508,0,0,0,400,2,3,1,1,1,1,1,1,0,0,10,1,2,0,,3,47.0,18,3.0,0.0,1.0,0.0,1.0,5.0,100,3.0,1.0,1.0,,,"-753349,038","-1039583,964","-753348,090","-1039582,534",PRAHA6RuzynÏ,SCHENGENSK¡,,˙Ëelov·komunikace,,,,,,,,,1
2100190502,6,,2019-01-11,5,1050,2,0,0,2,1,2,504,0,0,0,300,2,1,1,1,1,1,1,1,0,0,0,1,2,0,,3,35.0,18,3.0,0.0,0.0,0.0,1.0,5.0,100,2.0,1.0,1.0,,,"-742412,095","-1048466,857","-742408,547","-1048466,598",PRAHA4KrË,NADVORCÕCH,,mÌstnÌkomunikace,,,,,,,,,1
2100190503,6,,2019-01-11,5,1010,1,3,0,2,1,2,410,0,0,0,300,2,1,1,1,1,1,1,1,0,5,1,1,2,0,,8,26.0,14,3.0,0.0,1.0,0.0,1.0,5.0,0,4.0,1.0,1.0,,,"-739841,450","-1051633,570","-739841,617","-1051633,868",KUNRATICEKunratice,KZELEN›MDOMKŸM,,mÌstnÌkomunikace,,,,,,,,,1
2100190504,5,,2019-01-11,5,1030,1,4,0,2,1,8,511,0,0,0,20,2,1,1,1,1,1,5,1,0,0,5,1,2,0,,3,39.0,15,3.0,0.0,0.0,0.0,1.0,3.0,10,2.0,5.0,0.0,,,"-742303,930","-1042417,370","-742298,908","-1042417,296",PRAHA1NOV…MÃSTO,äTEF¡NIKŸVMOST,,sledovan·komunikace,,,,,,,,,1
2100190505,5,,2019-01-11,5,1105,1,2,0,2,1,2,508,0,0,0,500,2,1,1,1,1,1,2,1,0,0,0,1,2,0,,3,39.0,10,2.0,0.0,1.0,0.0,1.0,3.0,200,3.0,1.0,1.0,,,"-743887,298","-1044111,504","-743884,561","-1044111,402",PRAHA5SmÌchov,JAN¡»KOVON¡Bÿ.,,sledovan·komunikace,,,,,,,,,1
2100190506,8,,2019-01-08,2,2300,3,0,9,2,1,0,516,0,0,0,500,2,1,1,1,4,1,1,1,1,0,10,1,1,0,,3,4.0,,3.0,0.0,4.0,0.0,1.0,5.0,200,9.0,,,,,"-742142,903","-1049120,439","-742141,832","-1049119,368",PRAHA4KrË,SULICK¡,,uzel,,,,,,,,,1
2100190507,6,,2019-01-11,5,2560,2,0,0,2,1,0,516,0,0,0,200,2,3,1,5,3,1,1,1,0,0,0,1,2,0,,17,,XX,,,,,,,0,,,,,,"-738755,835","-1039246,736","-738755,680","-1039263,432",PRAHA8LibeÚ,St¯elniËn·,,mÌstnÌkomunikace,,,,,,,,,1
2100190508,5,,2019-01-11,5,1145,2,0,0,2,1,2,504,0,0,0,300,2,1,1,1,1,1,2,1,0,0,0,1,2,0,,3,17.0,00,1.0,0.0,1.0,0.0,1.0,1.0,100,2.0,1.0,1.0,,,"-742126,179","-1046977,463","-742133,377","-1046981,160",PRAHA4Nusle,NAPANKR¡CI,,sledovan·komunikace,,,,,,,,,1
2100190509,5,,2019-01-11,5,1215,1,4,0,2,1,2,503,0,0,0,200,2,1,1,1,1,1,2,1,0,0,0,1,2,0,,3,99.0,08,1.0,0.0,1.0,0.0,1.0,1.0,100,2.0,1.0,1.0,,,"-741152,810","-1042017,040","-741153,276","-1042019,140",PRAHA7Holeöovice,BUBENSK…N¡Bÿ.,,sledovan·komunikace,,,,,,,,,1
2100190510,5,,2019-01-11,5,1215,1,4,0,2,1,2,503,0,0,0,1200,2,3,1,5,3,1,2,1,0,0,0,1,3,0,,3,11.0,03,1.0,0.0,1.0,0.0,1.0,1.0,900,3.0,1.0,1.0,,,"-731915,429","-1049638,857","-731914,924","-1049638,438",PRAHA10Uh¯ÌnÏves,Pÿ¡TELSTVÕ,,sledovan·komunikace,,,,,,,,,1
2100190511,5,,2019-01-11,5,1340,1,4,0,2,1,2,504,0,0,0,600,2,3,1,1,1,1,2,1,0,0,0,1,2,0,,3,31.0,16,1.0,0.0,1.0,0.0,1.0,1.0,100,2.0,1.0,1.0,,,"-743942,412","-1044849,375","-743941,656","-1044849,363",PRAHA5SmÌchov,SVORNOSTI,,uzel,,,,,,,,,1
2100190512,4,,2019-01-11,5,1315,1,2,0,2,1,2,502,0,0,0,1500,2,3,1,1,1,1,0,1,3,3,2,5,2,19,,3,26.0,10,1.0,0.0,1.0,0.0,1.0,47.0,1000,3.0,1.0,1.0,,,"-748739,541","-1042470,884","-748740,300","-1042469,927",PRAHA6Liboc,UHVÃZDY,,uzel,,,,,,,,,1
2100190513,6,,2019-01-11,5,1300,2,0,0,2,1,2,204,0,0,0,800,1,3,1,5,3,1,1,1,0,0,0,1,3,0,,3,7.0,14,3.0,1.0,1.0,0.0,1.0,5.0,400,2.0,1.0,1.0,,,"-742444,761","-1042436,722","-742444,492","-1042434,300",PRAHA1StarÈMÏsto,NAFRANTIäKU,,uzel,,,,,,,,,1
2100190514,4,,2019-01-11,5,1355,1,3,0,2,1,2,405,0,0,0,1400,2,3,1,5,3,1,0,1,2,0,0,4,2,19,,3,13.0,12,1.0,0.0,0.0,0.0,1.0,74.0,600,2.0,1.0,1.0,,,"-745200,882","-1050555,429","-745203,055","-1050554,654",PRAHA4MODÿANY,"MODÿANSK¡,MEZIVODAMI,»ESKOSLOVENSK…HOEXILU",,uzel,,,,,,,,,1
2100190515,8,,2019-01-11,5,1435,2,0,0,2,1,2,504,0,0,0,801,5,8,1,5,3,1,1,1,0,0,10,1,2,0,,5,64.0,00,3.0,0.0,1.0,0.0,1.0,5.0,1,3.0,1.0,1.0,,,"-738227,461","-1045874,461","-738227,073","-1045873,480",PRAHA10Straönice,UTRATI,,mÌstnÌkomunikace,,,,,,,,,1
2100190516,6,,2019-01-11,5,1450,3,0,3,2,1,2,204,0,0,0,210,2,3,1,1,1,1,0,1,3,3,2,4,2,10,,3,13.0,98,1.0,1.0,1.0,0.0,1.0,5.0,100,2.0,1.0,1.0,,,"-740802,200","-1042799,863","-740796,687","-1042798,806",PRAHA8KarlÌn,KOLL¡ROVA,,mÌstnÌkomunikace,,,,,,,,,1
2100190517,6,,2019-01-11,5,1302,2,0,0,2,1,2,502,0,0,0,300,2,3,1,1,1,1,1,1,0,0,0,1,2,0,,8,59.0,13,5.0,0.0,1.0,0.0,1.0,5.0,100,4.0,1.0,1.0,,,"-745921,164","-1042169,929","-745921,051","-1042168,920",PRAHA6St¯eöovice,SIBELIOVA,,mÌstnÌkomunikace,,,,,,,,,1
2100190518,5,,2019-01-11,5,1500,1,2,0,2,1,2,409,0,0,0,700,2,1,1,1,1,1,1,1,0,5,10,1,2,0,,3,47.0,18,3.0,0.0,1.0,0.0,1.0,5.0,300,2.0,1.0,1.0,,,"-740946,022","-1045180,909","-740944,310","-1045179,861",PRAHA10Vröovice,MOSKEVSK¡xKrymsk·xKoöick·,,mÌstnÌkomunikace,,,,,,,,,1
2100190519,5,,2019-01-11,5,1502,1,2,0,2,1,2,411,0,0,0,550,2,3,1,4,3,1,2,1,0,5,0,1,2,0,,3,47.0,13,1.0,0.0,0.0,0.0,1.0,1.0,150,2.0,1.0,1.0,,,"-735848,158","-1039904,187","-735846,026","-1039902,402",PRAHA9VysoËany,KBELSK¡,,sledovan·komunikace,,,,,,,,,1
2100190520,8,,2019-01-11,5,2560,2,0,0,2,1,0,516,0,0,0,100,2,6,1,5,3,1,1,1,0,0,0,1,2,0,,17,,XX,,,,,,,0,,,,,,"-747480,399","-1049075,131","-747479,727","-1049075,227",PRAHA5HluboËepy,WASSERMANNOVA,,mÌstnÌkomunikace,,,,,,,,,1
2100190521,6,,2019-01-11,5,1500,1,2,0,2,1,2,501,0,0,0,120,2,3,1,1,1,1,1,1,0,0,0,3,2,0,,3,4.0,08,1.0,0.0,0.0,0.0,1.0,5.0,50,2.0,1.0,1.0,,,"-741566,956","-1054771,721","-741566,969","-1054771,748",PRAHA4(MODÿANY)Cholupice,PODCH›äSK¡,,sledovan·komunikace,,,,,,,,,1
2100190522,6,,2019-01-11,5,1520,1,4,0,2,1,2,503,0,0,0,300,2,1,1,1,1,1,1,1,0,0,0,1,2,0,,3,7.0,13,1.0,0.0,1.0,0.0,1.0,5.0,200,4.0,1.0,1.0,,,"-733077,115","-1042136,723","-733076,054","-1042138,374",PRAHA9,ZA»ERN›MMOSTEM,,uzel,,,,,,,,,1
2100190523,5,,2019-01-11,5,1550,1,4,0,2,1,0,503,0,0,0,200,2,5,1,5,3,1,2,1,0,0,0,1,2,0,,17,,XX,,,,,,,0,,,,,,"-736988,314","-1045394,191","-736988,350","-1045395,229",PRAHA10-Straönice,VOLäIN¡CH,,sledovan·komunikace,,,,,,,,,1
2100190524,6,,2019-01-11,5,1620,2,0,0,2,1,2,502,0,0,0,20,3,3,1,1,1,1,1,1,0,0,0,1,2,0,,3,7.0,07,1.0,0.0,0.0,0.0,1.0,5.0,10,2.0,1.0,1.0,,,"-751945,352","-1041062,842","-751945,352","-1041062,842",PRAHA6RuzynÏ,Fajtlova,,mÌstnÌkomunikace,,,,,,,,,1
2100190525,4,,2019-01-11,5,1605,8,2,0,2,1,2,413,0,0,0,850,2,5,1,5,5,1,0,7,3,3,0,5,2,19,,3,44.0,18,9.0,0.0,1.0,0.0,1.0,75.0,800,2.0,1.0,1.0,,,"-739020,011","-1044587,918","-739021,919","-1044594,263",PRAHA10éiûkov,VINOHRADSK¡,,uzel,,,,,,,,,1
2100190526,5,,2019-01-11,5,1635,1,3,0,2,1,2,411,0,0,0,300,2,3,1,1,2,1,2,1,0,5,0,1,2,0,,3,44.0,12,1.0,0.0,1.0,0.0,1.0,1.0,200,2.0,1.0,1.0,,,"-736831,732","-1038391,878","-736828,986","-1038390,724",PRAHA9LET“ANY,KBELSK¡,,uzel,,,,,,,,,1
2100190527,8,,2019-01-11,5,1545,3,0,2,2,1,2,508,0,0,0,800,3,1,1,1,1,1,1,1,0,0,10,1,1,0,,3,16.0,13,1.0,0.0,1.0,0.0,1.0,5.0,800,2.0,1.0,1.0,,,"-742040,646","-1047182,267","-742038,075","-1047181,286",PRAHA4Nusle,NAPANKR¡CI,,sledovan·komunikace,,,,,,,,,1
2100190528,5,,2019-01-11,5,1705,1,4,0,2,1,2,503,0,0,0,650,2,5,1,5,5,1,2,1,0,0,0,1,2,0,,3,16.0,01,1.0,0.0,1.0,0.0,1.0,1.0,150,2.0,1.0,1.0,,,"-734665,622","-1041550,203","-734669,210","-1041549,947",PRAHA9-HloubÏtÌn,KBELSK¡,,uzel,,,,,,,,,1
2100190529,6,,2019-01-11,5,1631,1,1,0,2,1,2,204,0,0,0,1600,2,6,1,5,5,1,1,1,0,0,0,1,2,0,,3,39.0,07,1.0,1.0,1.0,0.0,1.0,5.0,800,2.0,1.0,1.0,,,"-737146,888","-1047603,327","-737146,613","-1047604,942",PRAHA10Z·bÏhlice,PR¡»SK¡,,sledovan·komunikace,,,,,,,,,1
2100190530,6,,2019-01-11,5,1700,3,0,3,2,1,2,204,0,0,0,450,2,3,1,5,5,1,1,1,0,0,0,1,1,0,,3,42.0,09,1.0,1.0,0.0,0.0,1.0,5.0,400,2.0,1.0,1.0,,,"-731346,242","-1045051,144","-731348,048","-1045053,352",Praha9,»eskobrodsk·,,mÌstnÌkomunikace,,2781979.0,,Souhlasn˝sesmÏrem˙seku,Pomal˝,554782.0,445118.0,GN_V0.1UIR-ADR_410,1
2100190531,6,,2019-01-11,5,1715,1,1,0,1,1,2,204,0,0,1,1200,2,6,1,5,5,1,0,1,3,3,2,4,2,10,,3,4.0,15,3.0,1.0,1.0,0.0,1.0,5.0,800,2.0,1.0,1.0,,,"-750984,946","-1044458,399","-750984,526","-1044458,681",PRAHA6ÿEPY,SKUTECK…HO,,mÌstnÌkomunikace,,,,,,,,,1
2100190532,5,,2019-01-11,5,1700,1,2,0,2,1,2,204,0,0,0,550,2,3,1,1,4,1,2,1,0,0,0,1,2,0,,3,39.0,15,1.0,1.0,1.0,0.0,1.0,1.0,400,2.0,1.0,1.0,,,"-739585,180","-1047321,261","-739582,970","-1047319,104",PRAHA4Michle,CHODOVSK¡,,sledovan·komunikace,,,,,,,,,1
2100190533,6,,2019-01-11,5,1700,2,0,0,2,1,2,204,0,0,0,1250,2,3,1,5,5,1,1,1,0,0,0,1,2,0,,3,47.0,15,3.0,1.0,1.0,0.0,1.0,5.0,1000,2.0,1.0,1.0,,,"-742474,725","-1037668,916","-742474,725","-1037669,000",PRAHA8-Bohnice,BOHNICK¡,,mÌstnÌkomunikace,,,,,,,,,1
2100190534,4,,2019-01-11,5,1710,1,4,0,2,1,2,411,0,0,0,1000,2,3,1,1,4,1,0,1,3,3,0,4,3,19,,3,39.0,15,1.0,0.0,1.0,0.0,1.0,23.0,500,2.0,1.0,1.0,,,"-736807,220","-1036944,549","-736798,649","-1036943,123",œ¡BLICEœ·blice,CÕNOVECK¡,,uzel,,,,,,,,,1
2100190535,5,,2019-01-11,5,1740,1,4,0,2,1,2,204,0,0,0,400,2,3,1,1,4,1,2,1,0,0,0,1,2,0,,3,39.0,12,1.0,1.0,1.0,0.0,1.0,1.0,200,2.0,1.0,1.0,,,"-737821,537","-1046001,558","-737819,173","-1045997,209",PRAHA10,PRŸBÃéN¡,,sledovan·komunikace,,,,,,,,,1
2100190536,5,,2019-01-11,5,1740,3,0,3,2,1,2,204,0,0,0,1000,2,5,1,5,5,1,0,1,3,3,0,4,1,10,,3,47.0,15,3.0,1.0,1.0,0.0,1.0,5.0,1000,3.0,1.0,1.0,,,"-735884,376","-1047858,921","-735883,479","-1047854,261",PRAHA10Hostiva¯,äVEHLOVA,,sledovan·komunikace,,,,,,,,,1
2100190537,5,,2019-01-11,5,1745,1,3,0,2,1,2,204,0,0,0,810,2,3,3,6,4,1,2,1,0,0,0,1,2,0,,4,39.0,14,1.0,1.0,1.0,0.0,1.0,3.0,0,3.0,1.0,1.0,,,"-733162,671","-1038906,317","-733163,294","-1038906,288",PRAHA9-KBELY,SEMILSK¡xSvijansk·,,sledovan·komunikace,,,,,,,,,1
2100190538,5,,2019-01-11,5,1735,1,2,0,2,1,0,508,0,0,0,800,2,6,1,5,5,1,6,1,0,0,0,1,2,0,,17,,XX,,,,,,,0,,,,,,"-737583,523","-1046595,091","-737584,731","-1046598,714",PRAHA10Z·bÏhlice,JIéNÕSPOJKA,,sledovan·komunikace,,,,,,,,,1
2100190539,5,,2019-01-11,5,1820,3,0,3,2,1,2,204,0,0,0,1040,2,8,1,1,4,1,0,1,3,3,1,5,1,10,,3,4.0,13,3.0,1.0,1.0,0.0,1.0,3.0,1000,2.0,1.0,1.0,,,"-747548,358","-1046655,278","-747547,645","-1046656,936",PRAHA5Jinonice,RADLICK¡,,sledovan·komunikace,,,,,,,,,1
2100190540,5,,2019-01-11,5,1740,1,2,0,2,1,2,204,0,0,0,1600,2,3,1,1,4,1,2,1,0,0,0,1,2,0,,3,13.0,08,1.0,1.0,1.0,0.0,1.0,1.0,700,3.0,1.0,1.0,,,"-744400,062","-1051461,056","-744401,974","-1051460,160",PRAHA4,»ESKOSLOVENSK…HOEXILU,,sledovan·komunikace,,,,,,,,,1
2100190541,5,,2019-01-11,5,2560,3,0,2,2,1,0,516,0,0,0,100,2,3,1,1,1,1,2,1,0,0,0,1,1,0,,17,,XX,,,,,,,0,,,,,,"-743444,239","-1043992,201","-743448,128","-1043992,049",PRAHA1NovÈMÏsto,MASARYKOVON¡Bÿ.,,sledovan·komunikace,,,,,,,,,1