IDENTIFIKA»NÕ »ÕSLO,DRUH POZEMNÕ KOMUNIKACE,»ÕSLO POZEMNÕ KOMUNIKACE,"den, mÏsÌc, rok",,Ëas ,DRUH NEHODY,DRUH SR¡éKY JEDOUCÕCH VOZIDEL,DRUH PEVN… PÿEK¡éKY,CHARAKTER NEHODY,ZAVINÃNÕ NEHODY,ALKOHOL U VINÕKA NEHODY PÿÕTOMEN,HLAVNÕ PÿÕ»INY NEHODY,usmrceno osob,tÏûce zranÏno osob,lehce zranÏno osob,CELKOV¡ HMOTN¡ äKODA,DRUH POVRCHU VOZOVKY,STAV POVRCHU VOZOVKY V DOBÃ NEHODY,STAV KOMUNIKACE,POVÃTRNOSTNÕ PODMÕNKY V DOBÃ NEHODY,VIDITELNOST,ROZHLEDOV… POMÃRY,DÃLENÕ KOMUNIKACE,SITUOV¡NÕ NEHODY NA KOMUNIKACI,ÿÕZENÕ PROVOZU V DOBÃ NEHODY,MÕSTNÕ ⁄PRAVA PÿEDNOSTI V JÕZDÃ,SPECIFICK¡ MÕSTA A OBJEKTY V MÕSTÃ NEHODY,SMÃROV… POMÃRY,PO»ET Z⁄»ASTNÃN›CH VOZIDEL,MÕSTO DOPRAVNÕ NEHODY,DRUH KÿIéUJÕCÕ KOMUNIKACE,DRUH VOZIDLA,V›ROBNÕ ZNA»KA MOTOROV…HO VOZIDLA,ROK V›ROBY VOZIDLA,CHARAKTERISTIKA VOZIDLA ,SMYK,VOZIDLO PO NEHODÃ,"⁄NIK PROVOZNÕCH, PÿEPRAVOVAN›CH HMOT",ZPŸSOB VYPROäTÃNÕ OSOB Z VOZIDLA,SMÃR JÕZDY NEBO POSTAVENÕ VOZIDLA,äKODA NA VOZIDLE,KATEGORIE ÿIDI»E,STAV ÿIDI»E,VNÃJäÕ OVLIVNÃNÕ ÿIDI»E,nan.1,nan.2,nan.3,nan.4,nan.5,nan.6,nan.7,nan.8,nan.9,nan.10,nan.11,nan.12,nan.13,nan.14,nan.15,nan.16,nan.17,nan.18,LOKALITA NEHODY
2100190542,6,,2019-01-11,5,1825,3,0,3,2,1,2,204,0,0,0,320,2,8,1,1,4,1,1,1,0,0,0,3,1,0,,3,2.0,12,3.0,1.0,1.0,0.0,1.0,5.0,300,2.0,1.0,1.0,,,"-737165,911","-1043003,356","-737163,444","-1043003,926",PRAHA9HRDLOÿEZY,NADSMETANKOU,,mÌstnÌkomunikace,,,,,,,,,1
2100190543,4,,2019-01-11,5,1725,1,3,0,2,1,2,403,0,0,0,700,2,3,1,5,5,1,0,1,3,3,0,7,2,19,,3,2.0,10,3.0,0.0,1.0,0.0,1.0,73.0,200,2.0,1.0,1.0,,,"-737598,291","-1051267,944","-737597,025","-1051267,532",PRAHA4,KHRN»ÕÿŸM,,sledovan·komunikace,,,,,,,,,1
2100190544,6,,2019-01-05,6,2560,2,0,0,2,1,0,516,0,0,0,150,2,3,1,1,1,1,1,1,0,0,0,1,2,0,,17,,XX,,,,,,,0,,,,,,"-737979,505","-1049309,873","-737979,049","-1049309,944",PRAHA4,KUNÕNOVA,,mÌstnÌkomunikace,,,,,,,,,1
2100190545,6,,2019-01-11,5,1900,1,4,0,2,1,2,405,0,0,0,350,1,3,1,5,4,1,0,1,3,3,0,5,2,10,,5,26.0,16,3.0,0.0,1.0,0.0,1.0,5.0,200,2.0,1.0,1.0,,,"-731673,558","-1042437,688","-731671,582","-1042439,601",PRAHA9(»ERN›MOST)»ern˝Most,OCELKOVA,,uzel,,,,,,,,,1
2100190546,5,,2019-01-11,5,1900,3,0,2,2,1,2,204,0,0,0,500,2,3,1,1,4,1,2,1,0,0,0,3,1,0,,3,13.0,13,9.0,0.0,0.0,0.0,1.0,1.0,500,2.0,1.0,1.0,,,"-738568,593","-1040593,933","-738565,282","-1040588,966",PRAHA8LibeÚ,ZENKLOVA,,sledovan·komunikace,,,,,,,,,1
2100190547,6,,2019-01-11,5,2030,1,2,0,2,1,0,501,0,0,0,20,2,1,1,1,4,1,1,1,0,0,0,1,2,0,,17,,XX,,,,,,,0,,,,,,"-730021,133","-1050244,333","-730017,497","-1050245,952",PRAHA10,KNETLUK¡M,,sledovan·komunikace,,,,,,,,,1
2100190548,6,,2019-01-11,5,2010,2,0,0,2,1,2,504,0,0,0,450,2,3,1,1,4,1,1,1,0,0,0,1,2,0,,3,25.0,02,1.0,0.0,0.0,0.0,1.0,5.0,150,2.0,1.0,1.0,,,"-742010,016","-1042888,721","-742010,042","-1042888,604",PRAHA1NovÈMÏsto,NAPOÿÕ»Õ,,uzel,,,,,,,,,1
2100190549,6,,2019-01-11,5,1900,1,4,0,2,1,2,503,0,0,0,400,2,3,1,5,5,1,1,1,0,0,0,1,2,0,,3,47.0,11,9.0,0.0,1.0,0.0,1.0,5.0,300,2.0,1.0,1.0,,,"-740580,368","-1045830,994","-740580,368","-1045831,000",PRAHA10Vröovice,PÿÕPOTO»NÕ,,mÌstnÌkomunikace,,,,,,,,,1
2100190550,6,,2019-01-11,5,2125,3,0,2,2,1,2,204,0,0,0,450,2,3,1,1,4,1,1,1,0,0,0,3,1,0,,3,4.0,92,1.0,1.0,1.0,0.0,1.0,5.0,150,2.0,1.0,1.0,,,"-737825,584","-1037591,993","-737825,483","-1037591,960",PRAHA8œ¡BLICE,HÿENSK¡,,mÌstnÌkomunikace,,,,,,,,,1
2100190551,6,,2019-01-01,2,2560,1,4,0,1,1,0,503,0,0,1,200,2,1,1,1,4,1,0,1,3,3,0,4,2,10,,3,17.0,11,3.0,0.0,0.0,0.0,1.0,5.0,0,3.0,1.0,1.0,,,"-738519,483","-1040831,189","-738519,938","-1040831,526",Praha8,»uprova,,mÌstnÌkomunikace,,264303.0,,OpaËn˝kesmÏru˙seku,Pomal˝,554782.0,460893.0,GN_V0.1UIR-ADR_410,1
2100190552,8,,2019-01-11,5,2120,1,1,0,2,1,2,404,0,0,0,800,3,1,1,1,4,1,1,1,0,5,10,3,2,0,,3,2.0,11,1.0,0.0,0.0,0.0,1.0,5.0,400,2.0,1.0,1.0,,,"-742201,769","-1042898,686","-742201,769","-1042898,686",PRAHA1NovÈMÏsto,N·mÏstÌRepubliky,,mÌstnÌkomunikace,,,,,,,,,1
2100190553,6,,2019-01-11,5,2200,1,2,0,2,1,2,502,0,0,0,300,2,3,1,1,4,1,1,1,0,0,0,1,2,0,,3,39.0,16,1.0,0.0,0.0,0.0,1.0,5.0,100,2.0,1.0,1.0,,,"-742145,438","-1042700,981","-742146,112","-1042698,093",PRAHA1NovÈMÏsto,SOUKENICK¡,,mÌstnÌkomunikace,,,,,,,,,1
2100190554,6,,2019-01-12,6,115,1,3,0,2,1,2,410,0,0,0,300,2,3,1,1,4,1,1,1,0,5,0,1,2,0,,3,2.0,17,3.0,0.0,1.0,0.0,1.0,5.0,100,2.0,1.0,1.0,,,"-740679,632","-1041332,924","-740679,380","-1041330,743",PRAHA7Holeöovice,UPRŸHONU,,mÌstnÌkomunikace,,,,,,,,,1
2100190555,5,,2019-01-07,1,1760,1,4,0,2,1,0,503,0,0,0,250,2,3,1,1,4,1,3,1,0,5,2,1,2,0,,3,13.0,97,1.0,0.0,1.0,0.0,1.0,1.0,150,2.0,1.0,1.0,,,"-739604,601","-1045311,905","-739605,324","-1045311,241",PRAHA10Vröovice,BÃLOCERKEVSK¡,,sledovan·komunikace,,,,,,,,,1
2100190556,6,,2019-01-12,6,750,1,3,0,2,1,2,404,0,0,0,1100,2,5,1,1,2,1,0,1,0,5,0,4,3,10,,3,13.0,12,1.0,0.0,0.0,0.0,1.0,5.0,300,2.0,1.0,1.0,,,"-748598,233","-1042504,066","-748598,109","-1042503,834",PRAHA6B¯evnov,ZEYEROVAALEJ,,mÌstnÌkomunikace,,,,,,,,,1
2100190557,4,,2019-01-12,6,805,1,1,0,2,1,2,401,0,0,0,2830,2,3,1,1,1,1,0,1,2,0,0,4,2,19,,3,13.0,16,3.0,0.0,1.0,0.0,1.0,53.0,1500,2.0,1.0,1.0,,,"-739694,081","-1045484,330","-739694,093","-1045484,273",PRAHA10Vröovice,VRäOVICK¡,,uzel,,,,,,,,,1
2100190558,6,,2019-01-12,6,2560,2,0,0,2,1,0,516,0,0,0,100,2,3,1,1,1,1,1,1,0,0,0,1,2,0,,17,,XX,,,,,,,0,,,,,,"-734323,546","-1045921,882","-734323,021","-1045921,724",Praha10äTÃRBOHOLY,N·kupnÌ,,mÌstnÌkomunikace,,,,,,,,,1
2100190559,6,,2019-01-09,3,2560,2,0,0,2,1,0,516,0,0,0,150,2,3,1,1,1,1,1,1,0,0,0,3,2,0,,17,,XX,,,,,,,0,,,,,,"-750397,834","-1044300,800","-750398,439","-1044300,785",PRAHA6ÿEPY,MRKVI»KOVA,,mÌstnÌkomunikace,,,,,,,,,1
2100190560,5,,2019-01-12,6,910,1,2,0,2,1,2,410,0,0,0,300,2,3,1,1,1,1,2,1,0,5,2,1,2,0,,3,39.0,16,3.0,0.0,1.0,0.0,1.0,1.0,300,2.0,1.0,1.0,,,"-741801,621","-1047540,952","-741801,429","-1047540,800",PRAHA4,BUDÃJOVICK¡,,sledovan·komunikace,,,,,,,,,1
2100190561,5,,2019-01-12,6,1255,1,4,0,2,1,2,503,0,0,0,400,2,3,1,1,1,1,5,1,0,0,0,1,2,0,,3,39.0,99,3.0,0.0,1.0,0.0,1.0,1.0,100,2.0,1.0,1.0,,,"-736100,685","-1045053,275","-736100,322","-1045051,542",PRAHA10Straönice,»ERNOKOSTELECK¡,,sledovan·komunikace,,,,,,,,,1
2100190562,6,,2019-01-12,6,700,2,0,0,2,1,2,204,0,0,0,1000,2,5,1,1,4,1,0,1,0,0,0,1,2,0,,3,2.0,16,1.0,1.0,1.0,0.0,1.0,5.0,500,2.0,1.0,1.0,,,"-725600,087","-1043839,152","-725598,217","-1043837,093",KL¡NOVICEKl·novice,KRUKAVI»K¡RNÃ,,mÌstnÌkomunikace,,,,,,,,,1
2100190563,5,,2019-01-12,6,855,1,3,0,1,1,2,411,0,0,2,1800,2,3,1,1,1,1,2,1,0,5,0,1,2,0,,3,32.0,06,1.0,0.0,1.0,0.0,1.0,1.0,200,2.0,1.0,1.0,,,"-736680,396","-1037129,019","-736678,970","-1037129,023",PRAHA8,CÌnoveck·,,uzel,,,,,,,,,1
2100190564,8,,2019-01-12,6,854,3,0,2,2,1,2,502,0,0,0,310,2,3,1,1,1,1,1,1,0,0,10,1,1,0,,7,26.0,14,3.0,0.0,1.0,0.0,1.0,5.0,0,3.0,1.0,1.0,,,"-742961,433","-1049753,066","-742961,433","-1049753,066",PRAHA4BranÌk,Novodvorsk·,,mÌstnÌkomunikace,,,,,,,,,1
2100190565,5,,2019-01-12,6,1110,1,4,0,1,1,2,204,0,0,1,2500,2,3,1,1,1,1,2,1,0,5,2,1,2,0,,3,60.0,17,1.0,1.0,1.0,0.0,1.0,1.0,1200,2.0,1.0,1.0,,,"-750477,085","-1044496,816","-750476,767","-1044497,881",PRAHA6-ÿepy,PLZE“SK¡,,sledovan·komunikace,,,,,,,,,1
2100190566,6,,2019-01-10,4,2560,2,0,0,2,1,0,516,0,0,0,1500,2,3,1,1,1,1,1,1,0,0,0,1,2,0,,17,,XX,,,,,,,0,,,,,,"-743042,818","-1046737,150","-743041,401","-1046740,187",PRAHA4PodolÌ,NALYSINÃ,,mÌstnÌkomunikace,,,,,,,,,1
2100190567,8,,2019-01-12,6,1108,1,2,0,2,1,0,501,0,0,0,15,2,3,1,1,1,1,1,1,0,0,10,3,2,0,,3,47.0,08,1.0,0.0,4.0,0.0,1.0,5.0,10,9.0,,,,,"-738925,634","-1049822,362","-738925,957","-1049822,614",PRAHA4Chodov,UKunratickÈholesa,,sledovan·komunikace,,,,,,,,,1
2100190568,5,,2019-01-11,5,2560,2,0,0,2,1,0,516,0,0,0,100,2,3,1,1,1,1,2,1,0,0,0,1,2,0,,3,17.0,12,1.0,0.0,4.0,0.0,1.0,1.0,0,9.0,,,,,"-740732,045","-1040867,523","-740732,254","-1040867,794",PRAHA7Holeöovice,VRBENSK…HO,,sledovan·komunikace,,,,,,,,,1
2100190569,4,,2019-01-12,6,1148,1,3,0,2,1,2,405,0,0,0,1200,2,3,1,1,1,1,0,1,3,3,0,4,2,19,,3,26.0,98,9.0,0.0,1.0,0.0,1.0,31.0,200,3.0,1.0,1.0,,,"-736151,294","-1047798,230","-736148,171","-1047798,855",PRAHA10Hostiva¯,äVEHLOVA,,uzel,,,,,,,,,1
2100190570,8,,2019-01-12,6,1430,1,2,0,2,1,2,404,0,0,0,800,2,1,1,1,1,1,1,1,0,5,10,1,2,0,,3,13.0,07,1.0,0.0,1.0,0.0,1.0,5.0,400,2.0,1.0,1.0,,,"-733735,556","-1049338,858","-733735,553","-1049339,084",PRAHA15(HORNÕMÃCHOLUPY),VERONSK…N¡M.,,mÌstnÌkomunikace,,,,,,,,,1
2100190571,6,,2019-01-12,6,1455,1,4,0,2,1,2,504,0,0,0,250,2,3,1,1,1,1,1,1,0,0,0,1,2,0,,3,4.0,18,3.0,0.0,0.0,0.0,1.0,5.0,150,2.0,1.0,1.0,,,"-747577,450","-1049152,033","-747574,293","-1049152,296",PRAHA5HluboËepy,WASSERMANNOVA,,mÌstnÌkomunikace,,,,,,,,,1
2100190572,5,,2019-01-12,6,1550,8,3,0,2,1,2,402,0,0,0,700,1,3,1,1,1,1,0,7,3,3,0,5,2,10,,3,39.0,11,3.0,0.0,1.0,0.0,1.0,3.0,400,2.0,1.0,1.0,,,"-742294,500","-1043411,984","-742290,849","-1043412,309",PRAHA1NovÈMÏsto,JINDÿIäSK¡,,sledovan·komunikace,,,,,,,,,1
2100190573,4,,2019-01-12,6,1542,1,3,0,2,2,0,502,0,0,0,500,2,3,1,1,1,1,0,1,2,0,1,5,2,19,,13,0.0,,1.0,0.0,4.0,0.0,1.0,73.0,0,9.0,,,,,"-739037,633","-1044573,089","-739036,079","-1044573,048",PRAHA10éiûkov,VINOHRADSK¡,,uzel,,,,,,,,,1
2100190574,6,,2019-01-12,6,1630,1,3,0,2,1,2,404,0,0,0,1700,2,3,1,1,2,1,0,1,0,5,0,4,2,10,,3,39.0,12,3.0,0.0,1.0,0.0,1.0,5.0,1500,2.0,1.0,1.0,,,"-739736,447","-1052359,756","-739735,444","-1052359,634",KUNRATICEKunratice,PODBET¡NÕxKBET¡NI,,mÌstnÌkomunikace,,,,,,,,,1
2100190575,6,,2019-01-12,6,2560,2,0,0,2,1,0,516,0,0,0,300,1,3,5,1,1,1,1,1,0,5,2,1,2,0,,17,,XX,,,,,,,0,,,,,,"-734941,933","-1037146,687","-734935,924","-1037152,486",PRAHA9,JIZERSK¡,,mÌstnÌkomunikace,,,,,,,,,1
2100190576,5,,2019-01-12,6,1650,1,4,0,2,1,2,503,0,0,0,1000,2,3,1,1,2,1,3,1,0,0,0,1,2,0,,5,26.0,15,3.0,0.0,1.0,0.0,1.0,5.0,500,2.0,1.0,1.0,,,"-735194,260","-1040901,633","-735191,909","-1040898,840",PRAHA9VysoËany,KBELSK¡,,sledovan·komunikace,,,,,,,,,1
2100190577,5,,2019-01-12,6,1700,1,4,0,1,1,2,411,0,0,1,1000,2,3,1,1,2,1,2,1,0,5,0,1,2,0,,3,48.0,10,3.0,0.0,1.0,0.0,1.0,1.0,600,2.0,1.0,1.0,,,"-735210,594","-1040890,217","-735207,095","-1040886,059",PRAHA9VysoËany,KBELSK¡,,sledovan·komunikace,,,,,,,,,1
2100190578,5,,2019-01-12,6,1715,3,0,3,2,1,2,508,0,0,0,200,2,1,1,1,4,1,0,7,3,3,2,5,1,10,,3,39.0,14,1.0,0.0,0.0,0.0,1.0,3.0,200,2.0,1.0,1.0,,,"-740655,687","-1044663,376","-740655,477","-1044661,591",PRAHA3,KORUNNÕ,,sledovan·komunikace,,,,,,,,,1
2100190579,5,,2019-01-12,6,1745,1,4,0,2,1,2,504,0,0,0,10,2,3,1,1,4,1,2,1,0,5,2,1,2,0,,3,39.0,15,12.0,0.0,1.0,0.0,1.0,1.0,0,2.0,1.0,1.0,,,"-741643,042","-1044743,190","-741644,499","-1044744,874",PRAHA2-Vinohrady,FRANCOUZSK¡,,sledovan·komunikace,,,,,,,,,1
2100190580,6,,2019-01-12,6,1860,3,0,3,2,1,0,516,0,0,0,60,2,3,1,1,4,1,1,1,0,5,1,1,1,0,,3,39.0,18,3.0,0.0,4.0,0.0,1.0,5.0,10,9.0,,,,,"-748791,644","-1046107,730","-748791,842","-1046107,522",PRAHA5Stod˘lky,MEZIäKOLAMI,,mÌstnÌkomunikace,,,,,,,,,1
2100190581,6,,2019-01-12,6,1910,2,0,0,2,1,2,504,0,0,0,350,1,3,1,1,4,1,1,1,0,0,0,1,2,0,,5,26.0,17,1.0,0.0,1.0,0.0,1.0,5.0,50,2.0,1.0,1.0,,,"-744812,061","-1037257,531","-744812,174","-1037257,203",Praha6-Suchdol,UHROCHA,,mÌstnÌkomunikace,,,,,,,,,1
2100190582,5,,2019-01-12,6,1918,1,3,0,2,1,2,401,0,0,0,900,2,3,1,1,4,1,0,1,2,0,0,6,2,10,,3,44.0,08,1.0,0.0,0.0,0.0,1.0,1.0,600,2.0,1.0,1.0,,,"-741626,549","-1043312,194","-741624,364","-1043309,267",PRAHA3,SEIFERTOVA,,uzel,,,,,,,,,1
2100190583,5,,2019-01-12,6,1920,1,3,0,2,1,2,403,0,0,0,400,2,3,1,1,4,1,0,1,3,3,1,5,2,10,,3,39.0,97,1.0,0.0,0.0,0.0,1.0,5.0,100,2.0,1.0,1.0,,,"-733024,659","-1042235,678","-733022,716","-1042233,902",PRAHA9,CÕGLEROVA,,sledovan·komunikace,,,,,,,,,1
2100190584,5,,2019-01-12,6,2030,1,2,0,2,1,2,411,0,0,0,200,2,3,1,1,4,1,5,1,0,5,0,1,2,0,,3,35.0,10,1.0,0.0,1.0,0.0,1.0,1.0,100,2.0,1.0,1.0,,,"-744453,284","-1041601,335","-744450,211","-1041601,574",PRAHA6Dejvice,SVATOVÕTSK¡,,sledovan·komunikace,,,,,,,,,1
2100190585,6,,2019-01-12,6,2000,2,0,0,2,1,2,509,0,0,0,50,2,3,1,1,4,1,1,1,0,0,0,1,2,0,,3,35.0,05,1.0,0.0,1.0,0.0,1.0,5.0,0,2.0,1.0,1.0,,,"-740205,472","-1039535,722","-740205,580","-1039534,574",PRAHA8,NADL¡éDÃNCE,,mÌstnÌkomunikace,,,,,,,,,1
2100190586,8,,2019-01-12,6,2120,1,4,0,2,1,2,504,0,0,0,200,2,3,1,1,4,1,1,1,0,0,0,1,2,0,,3,47.0,17,1.0,0.0,1.0,0.0,1.0,5.0,50,2.0,1.0,1.0,,,"-752532,403","-1045654,670","-752536,143","-1045656,189",PRAHA5,ÿEVNICK¡,,uzel,,,,,,,,,1
2100190587,5,,2019-01-12,6,2130,1,4,0,2,1,2,503,0,0,0,900,2,3,1,1,4,1,2,1,0,5,2,1,2,0,,3,39.0,18,3.0,0.0,1.0,0.0,1.0,1.0,900,2.0,1.0,1.0,,,"-741595,713","-1042699,625","-741596,014","-1042699,617",PRAHA1,WILSONOVA,,sledovan·komunikace,,,,,,,,,1
2100190588,6,,2019-01-12,6,2255,2,0,0,2,1,2,504,0,0,0,30,2,3,1,1,4,1,1,1,0,0,0,1,2,0,,3,39.0,08,1.0,0.0,0.0,0.0,1.0,5.0,10,2.0,1.0,1.0,,,"-744185,871","-1044430,451","-744186,423","-1044433,763",PRAHA5SmÌchov,N¡M.14.ÿÕJNA,,mÌstnÌkomunikace,,,,,,,,,1
2100190589,8,,2019-01-12,6,2300,3,0,9,2,1,9,511,0,0,0,1500,2,3,1,1,4,1,1,1,0,0,10,1,1,0,,3,33.0,13,3.0,0.0,1.0,0.0,1.0,5.0,1000,2.0,5.0,0.0,,,"-745788,577","-1044335,831","-745789,688","-1044333,704",PRAHA5SmÌchov,MOäNOVA,,mÌstnÌkomunikace,,,,,,,,,1
2100190590,6,,2019-01-12,6,2345,2,0,0,2,1,9,511,0,0,0,750,2,3,1,1,4,1,1,1,0,0,0,1,3,0,,3,39.0,15,7.0,0.0,1.0,0.0,1.0,5.0,300,2.0,5.0,0.0,,,"-733594,659","-1049318,499","-733594,578","-1049322,921",PRAHA10HornÌMÏcholupy,VERONSK…N¡M.,,mÌstnÌkomunikace,,,,,,,,,1
2100190591,5,,2019-01-13,0,20,3,0,4,2,1,9,511,0,0,0,1000,2,3,1,1,4,1,6,1,0,0,0,1,1,0,,3,2.0,16,1.0,1.0,1.0,0.0,1.0,1.0,800,2.0,5.0,0.0,,,"-743831,557","-1054711,442","-743831,743","-1054713,278",PRAHA5,Praûsk˝okruh,,sledovan·komunikace,,,,,,,,,1
2100190592,6,,2019-01-12,6,2560,2,0,0,2,1,0,516,0,0,0,50,2,3,1,1,1,1,1,1,0,0,0,1,2,0,,17,,XX,,,,,,,0,,,,,,"-750356,492","-1046722,605","-750358,207","-1046722,881",PRAHA13Stod˘lky,UJEZERA,,mÌstnÌkomunikace,,,,,,,,,1
2100190593,5,,2019-01-13,0,700,3,0,2,1,1,9,511,0,0,1,700,2,3,1,1,4,1,2,1,0,5,2,1,1,0,,3,39.0,00,1.0,0.0,1.0,1.0,1.0,3.0,500,2.0,5.0,0.0,,,"-733190,080","-1042892,083","-733189,012","-1042893,993",PRAHA9Kyje,BROUMARSK¡,,sledovan·komunikace,,,,,,,,,1
2100190594,5,,2019-01-13,0,905,1,2,0,2,1,2,411,0,0,0,1100,2,1,1,1,1,1,3,1,0,5,0,1,2,0,,3,26.0,06,1.0,0.0,1.0,0.0,1.0,1.0,700,2.0,1.0,1.0,,,"-736962,380","-1040430,806","-736962,803","-1040430,085",PRAHA9Prosek,PROSECK¡,,sledovan·komunikace,,,,,,,,,1
2100190595,6,,2019-01-13,0,1145,2,0,0,2,1,2,509,0,0,0,500,2,3,1,1,1,1,1,1,0,0,0,1,2,0,,5,31.0,18,3.0,0.0,1.0,0.0,1.0,5.0,0,3.0,1.0,1.0,,,"-744977,958","-1046382,649","-744977,655","-1046382,345",PRAHA5Radlice,NADKONV¡ÿKOU,,mÌstnÌkomunikace,,,,,,,,,1
2100190596,5,,2019-01-13,0,1210,1,4,0,2,1,2,504,0,0,0,650,2,3,1,1,1,1,5,1,0,0,0,1,2,0,,5,19.0,13,3.0,0.0,1.0,0.0,1.0,1.0,150,2.0,1.0,1.0,,,"-744608,780","-1048585,056","-744614,331","-1048583,809",PRAHA4BranÌk,MODÿANSK¡,,uzel,,,,,,,,,1
2100190597,5,,2019-01-13,0,1340,1,3,0,2,1,2,403,0,0,0,2300,2,1,1,1,1,1,0,1,3,3,0,4,2,10,,3,39.0,15,1.0,0.0,1.0,0.0,1.0,5.0,1500,2.0,1.0,1.0,,,"-742444,592","-1038244,488","-742443,414","-1038244,74",PRAHA8-KOBYLISY,Lodûsk·,,mÌstnÌkomunikace,,2775739.0,,Souhlasn˝sesmÏrem˙seku,Pomal˝,554782.0,485144.0,GN_V0.1UIR-ADR_410,1
2100190598,5,,2019-01-13,0,1400,1,2,0,2,1,2,411,0,0,0,1300,2,1,1,1,1,1,0,7,3,3,0,5,2,10,,3,31.0,18,1.0,0.0,1.0,0.0,1.0,3.0,800,2.0,1.0,1.0,,,"-737335,052","-1046673,982","-737333,297","-1046672,980",PRAHA10-Z·bÏhlice,äVEHLOVA,,uzel,,,,,,,,,1
2100190599,5,,2019-01-13,0,1500,5,0,0,2,4,0,100,0,0,0,550,2,3,1,3,1,1,2,1,0,0,0,1,1,0,,3,60.0,13,1.0,0.0,1.0,0.0,1.0,3.0,500,2.0,1.0,1.0,,,"-723884,783","-1047314,746","-723884,240","-1047312,753",PRAHA9⁄jezdnadLesy,NOVOSIBÿINSK¡,,sledovan·komunikace,,,,,,,,,1
2100190600,6,,2019-01-13,0,1543,2,0,0,2,1,2,504,0,0,0,100,1,3,1,1,1,1,1,1,0,0,0,1,3,0,,3,1.0,18,3.0,0.0,1.0,0.0,1.0,5.0,0,2.0,1.0,1.0,,,"-742371,576","-1042797,722","-742370,736","-1042800,889",PRAHA1StarÈMÏsto,BENEDIKTSK¡,,mÌstnÌkomunikace,,,,,,,,,1
2100190601,6,,2019-01-07,1,2560,2,0,0,2,1,0,516,0,0,0,150,2,1,1,1,1,1,1,1,0,0,0,1,2,0,,17,,XX,,,,,,,0,,,,,,"-747529,027","-1048765,822","-747529,500","-1048760,615",PRAHA5HluboËepy,WASSERMANNOVA,,mÌstnÌkomunikace,,,,,,,,,1
2100190602,6,,2019-01-13,0,2560,2,0,0,2,1,0,516,0,0,0,100,2,3,1,4,3,1,1,1,0,0,0,1,2,0,,17,,XX,,,,,,,0,,,,,,"-741901,467","-1049074,362","-741901,566","-1049073,731",PRAHA4KrË,PÿEDN¡DRAéÕM,,mÌstnÌkomunikace,,,,,,,,,1
2100190603,6,,2019-01-13,0,2560,2,0,0,2,1,0,516,0,0,0,200,2,3,1,3,1,1,1,1,0,0,0,1,2,0,,17,,XX,,,,,,,0,,,,,,"-735565,806","-1042189,902","-735565,818","-1042190,366",PRAHA9-HLOUBÃTÕN,PodÏbradsk·,,mÌstnÌkomunikace,,3313960.0,,Souhlasn˝sesmÏrem˙seku,Pomal˝,554782.0,465879.0,GN_V0.1UIR-ADR_410,1
2100190604,4,,2019-01-13,0,1712,1,2,0,2,1,2,401,0,0,0,3000,2,3,1,4,5,1,0,1,2,0,0,5,2,29,,3,39.0,16,1.0,0.0,1.0,0.0,1.0,35.0,2000,2.0,1.0,1.0,,,"-744438,837","-1041956,252","-744438,840","-1041956,244",PRAHA6,MILADYHOR¡KOV…,,uzel,,,,,,,,,1
2100190605,5,,2019-01-13,0,1655,4,0,0,1,3,9,100,0,0,1,30,2,3,1,1,2,1,2,1,0,0,0,1,1,0,,3,35.0,17,3.0,0.0,1.0,0.0,1.0,1.0,30,3.0,1.0,1.0,,,"-741474,390","-1041258,425","-741479,160","-1041258,765",PRAHA7Holeöovice,BUBENSK¡,,sledovan·komunikace,,,,,,,,,1
2100190606,6,,2019-01-13,0,1800,1,2,0,2,1,2,508,0,0,0,600,2,3,1,1,4,1,1,1,0,0,0,1,2,0,,3,35.0,02,3.0,0.0,1.0,0.0,1.0,5.0,100,2.0,1.0,1.0,,,"-736776,149","-1044215,549","-736776,092","-1044216,838",PRAHA10Maleöice,K¡RANSK¡,,mÌstnÌkomunikace,,,,,,,,,1
2100190607,5,,2019-01-13,0,1800,1,2,0,2,1,2,401,0,0,0,1400,2,3,1,1,4,1,0,1,2,0,2,4,2,10,,3,16.0,02,1.0,0.0,1.0,0.0,1.0,3.0,700,2.0,1.0,1.0,,,"-747603,983","-1049233,789","-747603,735","-1049233,043",PRAHA5HluboËepy,KBARRANDOVU,,sledovan·komunikace,,,,,,,,,1
2100190608,5,,2019-01-13,0,1830,5,0,0,2,4,0,100,0,0,0,150,2,3,1,4,5,1,2,1,0,0,0,1,1,0,,3,47.0,12,2.0,0.0,1.0,0.0,1.0,3.0,100,2.0,1.0,1.0,,,"-723580,821","-1047359,995","-723580,831","-1047360,177",PRAHA9⁄jezdnadLesy,NOVOSIBÿINSK¡,,sledovan·komunikace,,,,,,,,,1
2100190609,5,,2019-01-13,0,1840,4,0,0,1,1,2,412,0,0,2,200,2,3,1,4,5,1,0,1,3,3,1,1,1,0,,3,39.0,09,1.0,0.0,1.0,0.0,1.0,1.0,200,3.0,1.0,1.0,,,"-740744,598","-1041533,535","-740744,206","-1041529,968",PRAHA7Holeöovice,"DÃLNICK¡,OSADNÕ",,uzel,,,,,,,,,1
2100190610,8,,2019-01-13,0,1840,2,0,0,2,1,2,504,0,0,0,300,2,3,1,1,4,1,1,1,0,0,0,1,2,0,,3,39.0,01,1.0,0.0,1.0,0.0,1.0,5.0,100,2.0,1.0,1.0,,,"-736481,996","-1038067,231","-736481,172","-1038068,243",PRAHA9-LET“ANY,VESELSK¡,,sledovan·komunikace,,,,,,,,,1
2100190611,8,,2019-01-13,0,1860,3,0,9,2,1,0,516,0,0,0,500,3,3,1,1,4,1,1,1,0,0,10,1,1,0,,3,35.0,12,3.0,0.0,4.0,0.0,1.0,5.0,0,9.0,,,,,"-748157,978","-1046581,565","-748157,219","-1046586,073",PRAHA5Jinonice,RADLICK¡,,sledovan·komunikace,,,,,,,,,1
2100190612,6,,2019-01-11,5,2560,2,0,0,2,1,0,516,0,0,0,600,2,3,1,1,1,1,1,1,0,0,0,1,2,0,,17,,XX,,,,,,,0,,,,,,"-744225,185","-1051323,524","-744223,835","-1051324,469",PRAHA12(MODÿANY)Mod¯any,HAUSMANNOVA,,mÌstnÌkomunikace,,,,,,,,,1