IDENTIFIKA»NÕ »ÕSLO,DRUH POZEMNÕ KOMUNIKACE,»ÕSLO POZEMNÕ KOMUNIKACE,"den, mÏsÌc, rok",,Ëas ,DRUH NEHODY,DRUH SR¡éKY JEDOUCÕCH VOZIDEL,DRUH PEVN… PÿEK¡éKY,CHARAKTER NEHODY,ZAVINÃNÕ NEHODY,ALKOHOL U VINÕKA NEHODY PÿÕTOMEN,HLAVNÕ PÿÕ»INY NEHODY,usmrceno osob,tÏûce zranÏno osob,lehce zranÏno osob,CELKOV¡ HMOTN¡ äKODA,DRUH POVRCHU VOZOVKY,STAV POVRCHU VOZOVKY V DOBÃ NEHODY,STAV KOMUNIKACE,POVÃTRNOSTNÕ PODMÕNKY V DOBÃ NEHODY,VIDITELNOST,ROZHLEDOV… POMÃRY,DÃLENÕ KOMUNIKACE,SITUOV¡NÕ NEHODY NA KOMUNIKACI,ÿÕZENÕ PROVOZU V DOBÃ NEHODY,MÕSTNÕ ⁄PRAVA PÿEDNOSTI V JÕZDÃ,SPECIFICK¡ MÕSTA A OBJEKTY V MÕSTÃ NEHODY,SMÃROV… POMÃRY,PO»ET Z⁄»ASTNÃN›CH VOZIDEL,MÕSTO DOPRAVNÕ NEHODY,DRUH KÿIéUJÕCÕ KOMUNIKACE,DRUH VOZIDLA,V›ROBNÕ ZNA»KA MOTOROV…HO VOZIDLA,ROK V›ROBY VOZIDLA,CHARAKTERISTIKA VOZIDLA ,SMYK,VOZIDLO PO NEHODÃ,"⁄NIK PROVOZNÕCH, PÿEPRAVOVAN›CH HMOT",ZPŸSOB VYPROäTÃNÕ OSOB Z VOZIDLA,SMÃR JÕZDY NEBO POSTAVENÕ VOZIDLA,äKODA NA VOZIDLE,KATEGORIE ÿIDI»E,STAV ÿIDI»E,VNÃJäÕ OVLIVNÃNÕ ÿIDI»E,nan.1,nan.2,nan.3,nan.4,nan.5,nan.6,nan.7,nan.8,nan.9,nan.10,nan.11,nan.12,nan.13,nan.14,nan.15,nan.16,nan.17,nan.18,LOKALITA NEHODY
2100190613,6,,2019-01-13,0,2560,2,0,0,2,1,0,516,0,0,0,100,2,1,1,1,1,1,1,1,0,0,0,1,2,0,,17,,XX,,,,,,,0,,,,,,"-736839,662","-1049388,516","-736842,568","-1049389,020",PRAHA11(CHODOV)H·je,DUBNOVA,,mÌstnÌkomunikace,,,,,,,,,1
2100190614,6,,2019-01-11,5,2560,2,0,0,2,1,0,516,0,0,0,100,2,3,1,4,3,1,1,1,0,0,0,1,2,0,,17,,XX,,,,,,,0,,,,,,"-737459,086","-1038591,075","-737458,463","-1038578,533",PRAHA8St¯Ìûkov,Roudnick·,,mÌstnÌkomunikace,,,,,,,,,1
2100190615,6,,2019-01-13,0,2130,0,0,0,2,1,2,508,0,0,0,100,2,3,1,1,4,1,1,1,0,0,0,1,1,0,,3,35.0,97,1.0,0.0,1.0,0.0,1.0,5.0,100,4.0,1.0,1.0,,,"-744855,926","-1044151,913","-744855,589","-1044151,809",PRAHA5SmÌchov,äV…DSK¡,,mÌstnÌkomunikace,,,,,,,,,1
2100190616,5,,2019-01-13,0,2245,3,0,4,2,1,2,204,0,0,0,1880,2,6,1,4,5,1,6,1,0,0,0,1,1,0,,3,48.0,10,3.0,1.0,1.0,0.0,1.0,1.0,1500,2.0,1.0,1.0,,,"-751543,643","-1040480,187","-751540,625","-1040480,229",PRAHA6RuzynÏ,PRAéSK›OKRUH,,sledovan·komunikace,,,,,,,,,1
2100190617,5,,2019-01-14,1,205,3,0,4,1,1,2,205,0,0,1,11600,2,1,1,1,4,1,6,1,0,0,0,3,1,0,,5,26.0,13,1.0,0.0,1.0,1.0,1.0,1.0,10000,4.0,1.0,1.0,,,"-749002,699","-1045741,065","-749006,800","-1045741,065",PRAHA5(STODŸLKY),Rozvadovsk·spojka,,uzel,,,,,,,,,1
2100190618,5,,2019-01-14,1,250,2,0,0,2,1,2,502,0,0,0,19100,2,3,1,1,4,1,6,1,0,0,0,1,3,0,,7,62.0,,9.0,0.0,1.0,0.0,1.0,1.0,5000,4.0,1.0,1.0,,,"-736175,002","-1046452,191","-736175,679","-1046449,661",PRAHA15(HORNÕMÃCHOLUPY)Hostiva¯,JIéNÕSPOJKA,,mÌstnÌkomunikace,,,,,,,,,1
2100190619,5,,2019-01-14,1,350,3,0,4,2,1,2,203,0,0,0,6200,2,3,1,7,4,1,2,1,0,0,0,1,1,0,,7,26.0,17,3.0,0.0,1.0,0.0,1.0,1.0,5000,3.0,1.0,1.0,,,"-753353,025","-1044286,750","-753348,412","-1044277,714",ZLI»ÕNZliËÌn,D0,,sledovan·komunikace,,,,,,,,,1
2100190620,5,,2019-01-13,0,2560,2,0,0,2,1,0,516,0,0,0,500,2,3,1,1,1,1,2,1,0,0,0,1,2,0,,17,,XX,,,,,,,0,,,,,,"-737541,079","-1043211,923","-737541,510","-1043213,742",PRAHA3éiûkov,KONÃVOVA,,sledovan·komunikace,,,,,,,,,1
2100190621,6,,2019-01-14,1,630,2,0,0,2,1,2,204,0,0,0,400,2,6,1,1,4,1,1,1,0,0,0,1,2,0,,3,7.0,07,1.0,1.0,1.0,0.0,1.0,5.0,200,2.0,1.0,1.0,,,"-748713,081","-1042394,823","-748713,181","-1042398,240",PRAHA6B¯evnov,SESTUPN¡,,mÌstnÌkomunikace,,,,,,,,,1
2100190622,6,,2019-01-14,1,715,3,0,6,2,1,2,204,0,0,0,300,2,6,1,1,4,1,1,1,0,0,0,1,1,0,,3,26.0,18,3.0,1.0,1.0,0.0,1.0,5.0,300,2.0,1.0,1.0,,,"-748704,107","-1042399,686","-748704,073","-1042398,506",PRAHA6B¯evnov,SESTUPN¡,,mÌstnÌkomunikace,,,,,,,,,1
2100190623,5,,2019-01-14,1,700,1,4,0,2,1,2,503,0,0,0,2700,2,1,1,1,4,1,5,1,0,0,0,1,4,0,,3,26.0,17,3.0,0.0,1.0,0.0,1.0,1.0,800,2.0,1.0,1.0,,,"-731947,123","-1045676,906","-731946,716","-1045674,343",PRAHA9-DOLNÕPO»ERNICE,äTÃRBOHOLSK¡SPOJKA,,sledovan·komunikace,,,,,,,,,1
2100190624,5,,2019-01-14,1,720,1,4,0,2,1,2,503,0,0,0,450,2,1,1,1,2,1,2,1,0,0,0,1,2,0,,3,39.0,05,1.0,0.0,1.0,0.0,1.0,1.0,150,2.0,1.0,1.0,,,"-741721,092","-1041512,508","-741720,494","-1041516,423",PRAHA7Holeöovice,VELETRéNÕ,,uzel,,,,,,,,,1
2100190625,4,,2019-01-01,2,2560,3,0,4,2,1,0,516,0,0,0,400,2,1,3,1,1,1,0,1,3,3,0,4,1,19,,17,,XX,,,,,,,0,,,,,,"-730585,405","-1043218,930","-730588,381","-1043217,905",PRAHA9HORNÕPO»ERNICE,PRAéSK›OKRUH,,uzel,,,,,,,,,1
2100190626,4,,2019-01-01,2,2560,3,0,4,2,1,0,516,0,0,0,600,2,1,1,1,1,1,0,1,3,3,0,4,1,19,,17,,XX,,,,,,,0,,,,,,"-730201,732","-1043461,014","-730202,291","-1043462,788",PRAHA20HornÌPoËernice,OLOMOUCK¡,,uzel,,,,,,,,,1
2100190627,5,,2019-01-14,1,733,1,4,0,2,1,2,503,0,0,0,3400,2,1,1,1,2,1,3,1,0,0,5,1,6,0,,3,17.0,11,1.0,0.0,1.0,0.0,1.0,1.0,400,2.0,1.0,1.0,,,"-744667,572","-1044389,685","-744665,991","-1044389,058",PRAHA5,Strahovsk˝Tunel,,uzel,,,,,,,,,1
2100190628,6,,2019-01-14,1,830,1,3,0,2,1,2,404,0,0,0,600,2,1,1,1,1,1,0,1,0,5,0,4,2,10,,5,26.0,09,3.0,0.0,1.0,0.0,1.0,5.0,100,3.0,1.0,1.0,,,"-740545,924","-1036968,305","-740543,889","-1036968,354",PRAHA8DOLNÕCHABRY,,,mÌstnÌkomunikace,,251828.0,,OpaËn˝kesmÏru˙seku,Pomal˝,554782.0,445258.0,GN_V0.1UIR-ADR_410,1
2100190629,5,,2019-01-14,1,800,1,2,0,2,1,2,502,0,0,0,900,2,1,1,1,1,1,6,1,0,0,0,1,2,0,,5,62.0,14,3.0,0.0,1.0,0.0,1.0,1.0,300,3.0,1.0,1.0,,,"-749958,541","-1045691,504","-749958,542","-1045691,356",PRAHA5Stod˘lky,ROZVADOVSK¡SPOJKA,,sledovan·komunikace,,,,,,,,,1
2100190630,5,,2019-01-14,1,730,1,4,0,2,1,2,503,0,0,0,600,2,3,1,1,2,1,2,1,0,5,1,1,2,0,,3,39.0,17,3.0,0.0,1.0,0.0,1.0,1.0,500,2.0,1.0,1.0,,,"-733270,169","-1048677,632","-733271,219","-1048678,500",PRAHA10HornÌMÏcholupy,HORNOMÃCHOLUPSK¡,,uzel,,,,,,,,,1
2100190631,6,,2019-01-14,1,655,4,0,0,1,1,0,412,0,0,1,0,2,3,1,1,4,1,1,1,0,5,1,1,1,0,,17,,XX,,,,,,,0,,,,,,"-739326,786","-1040328,216","-739326,807","-1040328,884",PRAHA8-LIBE“,BudÌnova,,mÌstnÌkomunikace,,262761.0,,,Pomal˝,554782.0,444383.0,GN_V0.1UIR-ADR_410,1
2100190632,6,,2019-01-14,1,830,2,0,0,2,1,2,502,0,0,0,1000,2,1,1,1,1,1,1,2,0,0,0,1,3,0,,3,26.0,17,3.0,0.0,1.0,0.0,1.0,5.0,700,2.0,1.0,1.0,,,"-740947,869","-1042811,846","-740947,750","-1042812,433",PRAHA8KarlÌn,KÿIéÕKOVA,,mÌstnÌkomunikace,,,,,,,,,1
2100190633,4,,2019-01-14,1,815,1,2,0,2,1,2,403,0,0,0,550,2,1,1,1,1,1,0,7,3,3,0,4,2,19,,3,26.0,17,3.0,0.0,1.0,0.0,1.0,27.0,350,2.0,1.0,1.0,,,"-744110,178","-1043737,879","-744110,089","-1043735,970",PRAHA5-SmÌchov,⁄JEZD,,sledovan·komunikace,,,,,,,,,1
2100190634,4,,2019-01-14,1,840,8,2,0,2,1,2,411,0,0,0,1800,2,1,1,1,1,1,0,7,3,3,0,5,2,19,,3,23.0,08,1.0,0.0,1.0,0.0,1.0,15.0,1500,2.0,1.0,1.0,,,"-744380,879","-1045353,282","-744381,177","-1045353,618",PRAHA5SmÌchov,RADLICK¡,,uzel,,,,,,,,,1
2100190635,5,,2019-01-14,1,835,1,2,0,2,1,2,403,0,0,0,1100,2,1,1,1,1,1,0,1,3,3,0,5,2,10,,5,13.0,13,3.0,0.0,1.0,0.0,1.0,5.0,300,3.0,1.0,1.0,,,"-738114,318","-1047537,415","-738115,100","-1047538,546",PRAHA10Z·bÏhlice,Z¡BÃHLICK¡,,sledovan·komunikace,,,,,,,,,1
2100190636,5,,2019-01-14,1,850,1,2,0,2,1,2,411,0,0,0,300,2,1,1,1,1,1,2,1,0,5,0,1,2,0,,3,39.0,17,3.0,0.0,1.0,0.0,1.0,1.0,250,2.0,1.0,1.0,,,"-735923,59","-1045090,102","-735923,315","-1045088,824",PRAHA10,»ernokosteleck·,,mÌstnÌkomunikace,,3265246.0,,Souhlasn˝sesmÏrem˙seku,Pomal˝,554782.0,445037.0,GN_V0.1UIR-ADR_410,1
2100190637,5,,2019-01-14,1,850,1,3,0,2,1,2,411,0,0,0,500,2,1,1,1,1,1,5,1,0,5,0,1,2,0,,3,39.0,16,3.0,0.0,1.0,0.0,1.0,1.0,300,2.0,1.0,1.0,,,"-740491,252","-1048886,997","-740490,066","-1048893,056",PRAHA4Michle,JIéNÕSPOJKA,,sledovan·komunikace,,,,,,,,,1
2100190638,5,,2019-01-14,1,850,1,4,0,2,1,2,503,0,0,0,800,2,1,1,1,1,1,4,1,0,0,0,1,2,0,,3,47.0,05,1.0,0.0,1.0,0.0,1.0,1.0,400,3.0,1.0,1.0,,,"-744669,386","-1048218,828","-744668,402","-1048219,443",PRAHA5HluboËepy,Strakonick·,,uzel,,,,,,,,,1
2100190639,5,,2019-01-14,1,1015,1,3,0,1,1,0,411,0,0,1,0,2,1,1,1,1,1,2,1,0,5,0,1,2,0,,17,,XX,,,,,,,0,,,,,,"-740796,744","-1048641,326","-740796,885","-1048641,259",PRAHA4-Michle,MICHELSK¡,,sledovan·komunikace,,,,,,,,,1
2100190640,6,,2019-01-14,1,1010,1,4,0,2,1,2,504,0,0,0,200,2,1,1,1,1,1,1,1,0,0,0,1,2,0,,3,47.0,98,1.0,0.0,1.0,0.0,1.0,5.0,0,2.0,1.0,1.0,,,"-747252,729","-1041571,408","-747252,663","-1041571,709",PRAHA6,NADLOUH…ML¡NU,,mÌstnÌkomunikace,,,,,,,,,1
2100190641,5,,2019-01-14,1,1030,1,2,0,2,1,2,411,0,0,0,800,2,1,1,1,1,1,2,1,0,5,0,1,2,0,,3,4.0,08,1.0,0.0,1.0,0.0,1.0,1.0,400,3.0,1.0,1.0,,,"-739179,100","-1047197,228","-739181,845","-1047196,987",PRAHA4Z·bÏhlice,JIéNÕSPOJKA,,sledovan·komunikace,,,,,,,,,1
2100190642,5,,2019-01-14,1,1000,1,2,0,2,1,2,508,0,0,0,1100,2,1,1,1,1,1,6,1,0,0,0,1,2,0,,5,13.0,17,3.0,0.0,1.0,0.0,1.0,1.0,300,2.0,1.0,1.0,,,"-742569,418","-1049158,933","-742569,837","-1049163,930",PRAHA4KrË,JIéNÕSPOJKA,,sledovan·komunikace,,,,,,,,,1
2100190643,6,,2019-01-14,1,2560,2,0,0,2,1,0,516,0,0,0,50,2,1,1,1,1,1,1,1,0,0,0,1,2,0,,17,,XX,,,,,,,0,,,,,,"-737521,877","-1046357,926","-737514,421","-1046361,299",PRAHA10Straönice,DUBE»SK¡,,mÌstnÌkomunikace,,,,,,,,,1
2100190644,5,,2019-01-14,1,1010,1,2,0,2,1,2,411,0,0,0,820,2,1,1,1,1,1,2,1,0,5,0,1,2,0,,5,35.0,10,3.0,0.0,1.0,0.0,1.0,1.0,20,2.0,1.0,1.0,,,"-745123,847","-1052268,330","-745123,757","-1052267,438",PRAHA4Mod¯any,GENER¡LAäIäKY,,sledovan·komunikace,,,,,,,,,1
2100190645,4,,2019-01-14,1,1054,4,0,0,1,3,2,100,0,0,1,800,2,1,1,1,1,1,0,7,3,3,1,4,1,19,,10,0.0,,5.0,0.0,1.0,0.0,1.0,51.0,800,8.0,1.0,1.0,,,"-744401,529","-1040606,303","-744401,497","-1040605,481",PRAHA6-BUBENE»,ZELEN¡,,uzel,,,,,,,,,1
2100190646,5,,2019-01-03,4,1800,3,0,3,2,1,0,204,0,0,0,150,2,3,1,1,4,1,0,1,3,3,2,5,1,10,,3,39.0,05,1.0,0.0,1.0,0.0,1.0,3.0,100,2.0,1.0,1.0,,,"-734377,347","-1048752,207","-734377,413","-1048752,468",PRAHA10HORNÕMÃCHOLUPY,,,mÌstnÌkomunikace,,3293757.0,,Souhlasn˝sesmÏrem˙seku,Pomal˝,554782.0,448176.0,GN_V0.1UIR-ADR_410,1
2100190647,5,,2019-01-14,1,1100,1,3,0,2,1,2,411,0,0,0,400,2,1,1,1,1,1,2,1,0,5,0,1,2,0,,3,39.0,06,12.0,0.0,1.0,0.0,1.0,3.0,100,3.0,1.0,1.0,,,"-739519,230","-1044712,090","-739519,528","-1044711,414",PRAHA3Vinohrady,SOBÃSLAVSK¡,,sledovan·komunikace,,,,,,,,,1
2100190648,6,,2019-01-09,3,2300,2,0,0,2,1,0,516,0,0,0,50,2,1,1,1,4,1,1,1,0,0,0,1,2,0,,5,35.0,17,1.0,0.0,4.0,0.0,1.0,5.0,0,9.0,,,,,"-744120,521","-1051415,034","-744120,620","-1051415,495",PRAHA4Mod¯any,M¡DROVA,,mÌstnÌkomunikace,,,,,,,,,1
2100190649,5,,2019-01-14,1,1047,1,4,0,1,1,2,503,1,1,0,4050,2,1,1,1,1,1,5,1,0,0,0,1,2,0,,6,26.0,14,3.0,0.0,1.0,0.0,1.0,1.0,3500,3.0,1.0,1.0,,,"-746187,044","-1052991,384","-746187,727","-1052989,135",PRAHA5,Praûsk˝okruh,,sledovan·komunikace,,,,,,,,,1
2100190650,5,,2019-01-14,1,1100,0,0,0,2,1,2,508,0,0,0,500,2,1,12,1,1,1,5,1,0,0,0,1,1,0,,4,47.0,16,3.0,0.0,1.0,0.0,1.0,1.0,0,3.0,1.0,1.0,,,"-741450,224","-1048814,565","-741450,232","-1048814,489",PRAHA4KrË,JIéNÕSPOJKA,,sledovan·komunikace,,,,,,,,,1
2100190651,6,,2019-01-14,1,2560,2,0,0,2,1,0,516,0,0,0,300,2,1,1,1,1,1,1,1,0,0,0,1,2,0,,17,,XX,,,,,,,0,,,,,,"-750789,238","-1046581,891","-750790,381","-1046580,292",PRAHA5Stod˘lky,TR¡VNÕ»KOVA,,mÌstnÌkomunikace,,,,,,,,,1
2100190652,8,,2019-01-14,1,1125,3,0,2,2,1,2,504,0,0,0,50,2,1,1,1,1,1,1,1,0,0,10,1,1,0,,5,26.0,16,3.0,0.0,1.0,0.0,1.0,5.0,0,3.0,1.0,1.0,,,"-752613,960","-1045534,343","-752619,296","-1045536,809",PRAHA5(ZLI»ÕN)T¯ebonice,ÿevnck·,,˙Ëelov·komunikace,,,,,,,,,1
2100190653,8,,2019-01-12,6,1244,3,0,6,2,1,0,516,0,0,0,50,2,1,1,1,1,1,1,1,0,0,10,1,1,0,,3,31.0,05,1.0,0.0,4.0,0.0,1.0,5.0,0,9.0,,,,,"-734416,956","-1048735,462","-734416,865","-1048735,282",PRAHA5-SMÕCHOV,PlzeÚsk·,,mÌstnÌkomunikace,,297789.0,,Souhlasn˝sesmÏrem˙seku,Pomal˝,554782.0,448176.0,GN_V0.1UIR-ADR_410,1
2100190654,4,,2019-01-14,1,1200,1,3,0,2,1,2,401,0,0,0,700,2,1,1,1,1,1,0,1,2,0,0,4,2,19,,3,39.0,14,3.0,0.0,1.0,0.0,1.0,16.0,300,2.0,1.0,1.0,,,"-737129,416","-1046856,969","-737129,808","-1046857,484",PRAHA10,äVEHLOVA,,uzel,,,,,,,,,1
2100190655,7,,2019-01-14,1,1140,1,4,0,2,1,2,504,0,0,0,220,2,1,1,1,1,1,1,1,0,0,9,1,2,0,,3,35.0,04,1.0,0.0,1.0,0.0,1.0,5.0,20,2.0,1.0,1.0,,,"-741107,525","-1041816,376","-741106,264","-1041817,435",PRAHA7-Holeöovice,Argentinsk·,,mÌstnÌkomunikace,,,,,,,,,1
2100190656,5,,2019-01-14,1,1240,1,4,0,1,1,2,503,0,0,2,2100,3,1,1,1,1,1,1,1,3,5,5,1,3,0,,5,32.0,12,3.0,0.0,1.0,1.0,1.0,1.0,500,2.0,1.0,1.0,,,"-743702,417","-1054704,234","-743702,120","-1054702,967",PRAHA4MODÿANY,KOMOÿANSK›TUNEL,,sledovan·komunikace,,,,,,,,,1
2100190657,5,,2019-01-14,1,1250,1,4,0,2,1,2,503,0,0,0,800,2,1,1,1,1,1,6,1,0,0,0,1,2,0,,5,26.0,13,9.0,0.0,1.0,0.0,1.0,1.0,400,2.0,1.0,1.0,,,"-752624,595","-1045518,736","-752626,450","-1045521,524",PRAHA5Stod˘lky,Praûsk˝okruh,,˙Ëelov·komunikace,,,,,,,,,1
2100190658,5,,2019-01-14,1,1220,1,4,0,2,1,2,503,0,0,0,600,2,1,1,1,1,1,0,1,3,3,0,5,2,10,,5,26.0,03,2.0,0.0,1.0,0.0,1.0,1.0,200,2.0,1.0,1.0,,,"-742361,09","-1041596,191","-742361,235","-1041594,016",PRAHA7BUBENE»,,,mÌstnÌkomunikace,,267235.0,,Souhlasn˝sesmÏrem˙seku,Pomal˝,554782.0,477613.0,GN_V0.1UIR-ADR_410,1
2100190659,6,,2019-01-14,1,2560,2,0,0,2,1,0,516,0,0,0,100,2,1,1,1,1,1,1,1,0,0,0,1,2,0,,17,,XX,,,,,,,0,,,,,,"-742292,486","-1044933,449","-742289,839","-1044934,129",PRAHA2NovÈMÏsto,LUBLA“SK¡,,mÌstnÌkomunikace,,,,,,,,,1
2100190660,5,,2019-01-14,1,1204,1,4,0,2,1,2,503,0,0,0,510,2,1,1,1,1,1,2,1,0,0,0,1,2,0,,5,3.0,96,3.0,0.0,1.0,0.0,1.0,1.0,10,3.0,1.0,1.0,,,"-748426,408","-1043209,748","-748427,368","-1043206,171",PRAHA6,BÃLOHORSK¡,,uzel,,,,,,,,,1
2100190661,5,,2019-01-09,3,730,1,4,0,2,1,0,503,0,0,0,50,2,1,1,1,2,1,2,1,0,0,0,1,2,0,,17,,XX,,,,,,,0,,,,,,"-738381,265","-1039756,542","-738382,226","-1039755,424",PRAHA8LibeÚ,LIBERECK¡,,sledovan·komunikace,,,,,,,,,1
2100190662,6,,2019-01-14,1,1310,2,0,0,2,1,2,504,0,0,0,50,2,1,1,1,1,1,1,1,0,0,0,1,2,0,,5,32.0,17,3.0,0.0,0.0,0.0,1.0,5.0,0,2.0,1.0,1.0,,,"-742588,056","-1041514,246","-742587,97","-1041514,873",PRAHA8,KYSELOVA,,mÌstnÌkomunikace,,266848.0,,OpaËn˝kesmÏru˙seku,Pomal˝,554782.0,451924.0,GN_V0.1UIR-ADR_410,1
2100190663,6,,2019-01-14,1,900,2,0,0,2,1,2,502,0,0,0,200,1,1,1,1,1,1,1,1,0,0,0,1,2,0,,3,39.0,18,1.0,0.0,0.0,0.0,1.0,5.0,100,2.0,1.0,1.0,,,"-744254,680","-1041293,292","-744258,371","-1041294,162",PRAHA6BubeneË,N¡RODNÕOBRANY,,mÌstnÌkomunikace,,,,,,,,,1
2100190664,5,,2019-01-14,1,1350,1,2,0,2,1,2,411,0,0,0,900,2,1,1,1,1,1,2,1,0,5,0,1,2,0,,3,39.0,15,1.0,0.0,1.0,0.0,1.0,3.0,600,2.0,1.0,1.0,,,"-748396,036","-1043199,743","-748396,518","-1043197,938",PRAHA6,BÃLOHORSK¡,,uzel,,,,,,,,,1
2100190665,5,,2019-01-11,5,1214,1,2,0,2,1,0,411,0,0,0,100,2,1,1,1,1,1,3,1,0,5,0,1,2,0,,5,29.0,05,1.0,0.0,4.0,0.0,1.0,1.0,0,9.0,,,,,"-742355,046","-1044412,884","-742354,212","-1044413,066",PRAHA4,Novodvorsk·,,mÌstnÌkomunikace,,1688312.0,,Souhlasn˝sesmÏrem˙seku,Pomal˝,554782.0,499439.0,GN_V0.1UIR-ADR_410,1
2100190666,5,,2019-01-14,1,1350,1,2,0,2,1,2,411,0,0,0,2200,2,1,1,1,1,1,2,1,0,5,0,1,2,0,,7,48.0,13,9.0,0.0,1.0,0.0,1.0,1.0,400,3.0,1.0,1.0,,,"-744632,216","-1047975,120","-744630,709","-1047975,798",PRAHA5HluboËepy,KBARRANDOVU,,uzel,,,,,,,,,1
2100190667,6,,2019-01-14,1,2560,2,0,0,2,1,0,516,0,0,0,400,2,1,1,1,1,1,1,1,0,0,0,1,2,0,,17,,XX,,,,,,,0,,,,,,"-730706,182","-1042911,710","-730707,376","-1042909,173",PRAHA9-»ern˝Most,CHLUMECK¡,,sledovan·komunikace,,,,,,,,,1
2100190668,6,,2019-01-14,1,2560,2,0,0,2,1,0,516,0,0,0,50,2,1,1,1,1,1,1,1,0,0,0,1,2,0,,17,,XX,,,,,,,0,,,,,,"-742040,914","-1038026,002","-742039,428","-1038026,359",PRAHA8Bohnice,HLIVICK¡,,mÌstnÌkomunikace,,,,,,,,,1
2100190669,6,,2019-01-14,1,2560,3,0,9,2,1,0,516,0,0,0,100,2,1,1,1,1,1,1,1,0,0,0,2,1,0,,17,,XX,,,,,,,0,,,,,,"-727125,528","-1041417,792","-727124,949","-1041417,998",PRAHA9,B¡RTLOVA,,mÌstnÌkomunikace,,,,,,,,,1
2100190670,5,,2019-01-14,1,1510,1,4,0,1,1,2,503,0,0,1,400,2,1,1,1,1,1,2,1,0,0,0,1,2,0,,3,4.0,03,1.0,0.0,1.0,0.0,1.0,1.0,200,2.0,1.0,1.0,,,"-735942,547","-1048115,392","-735940,139","-1048113,838",PRAHA10Hostiva¯,KHORK¡M,,sledovan·komunikace,,,,,,,,,1
2100190671,5,,2019-01-14,1,1530,6,0,0,2,4,0,100,0,0,0,100,2,1,1,1,1,1,2,1,0,5,1,1,1,0,,17,,XX,,,,,,,0,,,,,,"-739727,473","-1045916,677","-739731,210","-1045915,921",PRAHA10Michle,UVRäOVICK…HOHÿBITOVA,,sledovan·komunikace,,,,,,,,,1
2100190672,6,,2019-01-14,1,1400,1,4,0,2,1,2,503,0,0,0,600,2,1,1,1,1,1,4,1,0,0,5,1,2,0,,3,16.0,16,1.0,0.0,0.0,0.0,1.0,5.0,400,2.0,1.0,1.0,,,"-744631,353","-1047979,817","-744632,321","-1047979,381",PRAHA7Letn·,BubeneËsk˝tunel,,uzel,,,,,,,,,1
2100190673,5,,2019-01-14,1,1525,1,2,0,2,1,2,508,0,0,0,110,2,3,1,5,3,1,2,1,0,0,0,1,2,0,,5,35.0,18,9.0,0.0,1.0,0.0,1.0,1.0,10,3.0,1.0,1.0,,,"-742556,541","-1044199,281","-742555,882","-1044195,939",PRAHA2,éITN¡,,sledovan·komunikace,,,,,,,,,1
2100190674,5,,2019-01-14,1,1525,1,2,0,2,1,2,411,0,0,0,800,2,3,1,1,1,1,5,1,0,5,0,3,2,0,,7,35.0,15,9.0,0.0,1.0,0.0,1.0,1.0,200,4.0,1.0,1.0,,,"-738769,533","-1048854,100","-738771,148","-1048853,895",PRAHA4Chodov,Spo¯ilovsk·,,sledovan·komunikace,,,,,,,,,1
2100190675,5,,2019-01-14,1,1520,1,4,0,2,1,2,503,0,0,0,3000,2,1,1,1,1,1,2,1,0,0,0,3,5,0,,3,26.0,06,1.0,0.0,1.0,0.0,1.0,1.0,600,2.0,1.0,1.0,,,"-735775,030","-1048409,064","-735775,544","-1048409,071",PRAHA10,KHORK¡M,,sledovan·komunikace,,,,,,,,,1
2100190676,6,,2019-01-14,1,1550,2,0,0,2,1,2,502,0,0,0,805,2,1,1,1,1,1,1,1,0,0,0,1,2,0,,7,62.0,11,9.0,0.0,1.0,0.0,1.0,5.0,0,2.0,1.0,1.0,,,"-734548,028","-1046999,510","-734547,458","-1046996,371",PRAHA10,KeKablu,,mÌstnÌkomunikace,,,,,,,,,1
2100190677,5,,2019-01-14,1,1640,1,4,0,2,1,2,503,0,0,0,2000,2,3,1,1,2,1,2,1,0,0,0,1,3,0,,3,16.0,02,1.0,0.0,1.0,0.0,1.0,1.0,800,2.0,1.0,1.0,,,"-739570,286","-1039829,536","-739570,758","-1039830,929",PRAHA8Kobylisy,ZENKLOVA,,sledovan·komunikace,,,,,,,,,1
2100190678,6,,2019-01-14,1,1650,4,0,0,1,1,2,412,0,0,1,10,2,3,1,5,3,1,0,1,3,3,1,5,1,10,,3,47.0,12,1.0,0.0,1.0,0.0,1.0,5.0,10,2.0,1.0,1.0,,,"-747276,628","-1045977,824","-747277,255","-1045977,511",PRAHA5Jinonice,KLIKAT¡,,uzel,,,,,,,,,1
2100190679,5,,2019-01-14,1,1630,1,4,0,2,1,2,503,0,0,0,1000,2,3,1,1,2,1,2,1,0,0,0,1,2,0,,3,39.0,07,1.0,0.0,1.0,0.0,1.0,1.0,400,2.0,1.0,1.0,,,"-739604,599","-1045026,065","-739604,598","-1045025,994",PRAHA10Vröovice,RUSK¡,,uzel,,,,,,,,,1
2100190680,6,,2019-01-14,1,1720,2,0,0,2,1,2,504,0,0,0,120,2,3,1,1,4,1,1,1,0,0,0,1,2,0,,5,12.0,16,3.0,0.0,1.0,0.0,1.0,5.0,100,2.0,1.0,1.0,,,"-741559,897","-1045056,971","-741558,471","-1045059,695",PRAHA2,äMILOVSK…HO,,mÌstnÌkomunikace,,,,,,,,,1
2100190681,4,,2019-01-14,1,1700,4,0,0,1,3,0,100,0,0,1,200,2,3,1,5,5,1,0,1,2,0,1,4,1,19,,3,26.0,16,1.0,0.0,1.0,0.0,1.0,35.0,200,2.0,1.0,1.0,,,"-750098,597","-1047370,283","-750094,971","-1047371,094",PRAHA5Stod˘lky,SMÕCHOVSK¡,,uzel,,,,,,,,,1
2100190682,4,,2019-01-14,1,1645,4,0,0,1,1,2,412,0,0,1,1,2,3,1,1,4,1,0,1,3,3,1,4,1,19,,3,26.0,16,3.0,0.0,1.0,0.0,1.0,13.0,0,2.0,1.0,1.0,,,"-742180,053","-1044600,899","-742180,250","-1044598,925",PRAHA2Vinohrady,RUMUNSK¡,,uzel,,,,,,,,,1