IDENTIFIKA»NÕ »ÕSLO,DRUH POZEMNÕ KOMUNIKACE,»ÕSLO POZEMNÕ KOMUNIKACE,"den, mÏsÌc, rok",,Ëas ,DRUH NEHODY,DRUH SR¡éKY JEDOUCÕCH VOZIDEL,DRUH PEVN… PÿEK¡éKY,CHARAKTER NEHODY,ZAVINÃNÕ NEHODY,ALKOHOL U VINÕKA NEHODY PÿÕTOMEN,HLAVNÕ PÿÕ»INY NEHODY,usmrceno osob,tÏûce zranÏno osob,lehce zranÏno osob,CELKOV¡ HMOTN¡ äKODA,DRUH POVRCHU VOZOVKY,STAV POVRCHU VOZOVKY V DOBÃ NEHODY,STAV KOMUNIKACE,POVÃTRNOSTNÕ PODMÕNKY V DOBÃ NEHODY,VIDITELNOST,ROZHLEDOV… POMÃRY,DÃLENÕ KOMUNIKACE,SITUOV¡NÕ NEHODY NA KOMUNIKACI,ÿÕZENÕ PROVOZU V DOBÃ NEHODY,MÕSTNÕ ⁄PRAVA PÿEDNOSTI V JÕZDÃ,SPECIFICK¡ MÕSTA A OBJEKTY V MÕSTÃ NEHODY,SMÃROV… POMÃRY,PO»ET Z⁄»ASTNÃN›CH VOZIDEL,MÕSTO DOPRAVNÕ NEHODY,DRUH KÿIéUJÕCÕ KOMUNIKACE,DRUH VOZIDLA,V›ROBNÕ ZNA»KA MOTOROV…HO VOZIDLA,ROK V›ROBY VOZIDLA,CHARAKTERISTIKA VOZIDLA ,SMYK,VOZIDLO PO NEHODÃ,"⁄NIK PROVOZNÕCH, PÿEPRAVOVAN›CH HMOT",ZPŸSOB VYPROäTÃNÕ OSOB Z VOZIDLA,SMÃR JÕZDY NEBO POSTAVENÕ VOZIDLA,äKODA NA VOZIDLE,KATEGORIE ÿIDI»E,STAV ÿIDI»E,VNÃJäÕ OVLIVNÃNÕ ÿIDI»E,nan.1,nan.2,nan.3,nan.4,nan.5,nan.6,nan.7,nan.8,nan.9,nan.10,nan.11,nan.12,nan.13,nan.14,nan.15,nan.16,nan.17,nan.18,LOKALITA NEHODY
2100190683,4,,2019-01-14,1,1650,4,0,0,1,1,2,412,0,0,1,0,2,3,1,1,4,1,0,1,2,0,1,6,1,19,,3,17.0,13,1.0,0.0,1.0,0.0,1.0,64.0,0,2.0,1.0,1.0,,,"-742055,118","-1047110,032","-742049,954","-1047107,635",PRAHA4,NAPANKR¡CI,,uzel,,,,,,,,,1
2100190684,5,,2019-01-14,1,1705,4,0,0,1,1,2,412,0,0,1,340,2,6,1,5,7,1,2,1,0,5,1,1,1,0,,3,39.0,09,3.0,0.0,1.0,0.0,1.0,5.0,300,2.0,1.0,1.0,,,"-737797,892","-1049932,166","-737796,336","-1049929,568",PRAHA4Chodov,T‹RKOVA,,sledovan·komunikace,,,,,,,,,1
2100190685,5,,2019-01-14,1,1655,1,4,0,2,1,2,503,0,0,0,1400,2,3,1,1,2,1,0,1,3,3,1,5,2,10,,3,47.0,11,1.0,0.0,1.0,0.0,1.0,1.0,800,2.0,1.0,1.0,,,"-743598,985","-1047597,875","-743600,190","-1047600,092",PRAHA4PodolÌ,JEREMENKOVA,,sledovan·komunikace,,,,,,,,,1
2100190686,5,,2019-01-14,1,1745,1,4,0,2,1,2,508,0,0,0,2000,2,3,1,1,4,1,2,1,0,0,0,1,2,0,,3,39.0,09,1.0,0.0,1.0,0.0,1.0,1.0,1000,3.0,2.0,1.0,,,"-730556,755","-1042050,512","-730556,621","-1042052,069",PRAHA9,CHLUMECK¡,,uzel,,,,,,,,,1
2100190687,6,,2019-01-14,1,1725,1,4,0,2,1,2,204,0,0,0,1400,2,3,5,5,5,1,1,1,0,0,0,1,2,0,,5,19.0,15,3.0,1.0,1.0,0.0,1.0,5.0,800,2.0,1.0,1.0,,,"-752482,472","-1045812,074","-752482,812","-1045812,101",PRAHA5,SKANDIN¡VSK¡,,uzel,,,,,,,,,1
2100190688,4,,2019-01-14,1,1820,1,4,0,2,1,2,503,0,0,0,500,2,1,1,1,4,1,0,1,2,0,1,5,2,19,,3,39.0,00,1.0,0.0,1.0,0.0,1.0,26.0,200,2.0,1.0,1.0,,,"-736475,478","-1047584,433","-736474,528","-1047583,499",PRAHA10,äVEHLOVA,,uzel,,,,,,,,,1
2100190689,5,,2019-01-14,1,1915,1,3,0,2,1,2,403,0,0,0,1000,2,3,1,1,4,1,0,1,3,3,0,5,2,10,,3,13.0,11,1.0,0.0,1.0,0.0,1.0,3.0,200,3.0,1.0,1.0,,,"-742451,506","-1044520,923","-742447,035","-1044521,313",PRAHA2,SOKOLSK¡,,sledovan·komunikace,,,,,,,,,1
2100190690,4,,2019-01-14,1,1955,1,3,0,2,1,2,401,0,0,0,2300,2,3,1,1,4,1,0,1,2,0,0,4,2,19,,3,2.0,09,1.0,0.0,1.0,0.0,1.0,61.0,800,2.0,1.0,1.0,,,"-739565,941","-1045029,963","-739565,798","-1045028,385",PRAHA10Vröovice,"RUSK¡,BÃLOCERKEVSK¡",,uzel,,,,,,,,,1
2100190691,5,,2019-01-14,1,1955,1,2,0,2,1,2,502,0,0,0,500,2,1,1,1,4,1,0,1,3,3,1,5,2,10,,3,12.0,00,9.0,0.0,1.0,0.0,1.0,1.0,200,3.0,1.0,1.0,,,"-738077,063","-1041829,466","-738077,420","-1041829,244",PRAHA9,Star·SpojovacÌ,,sledovan·komunikace,,,,,,,,,1
2100190692,6,,2019-01-14,1,2000,2,0,0,2,1,8,511,0,0,0,400,2,5,1,1,4,1,1,1,0,0,0,1,2,0,,3,31.0,15,1.0,0.0,1.0,0.0,1.0,5.0,200,2.0,5.0,0.0,,,"-745095,259","-1043358,519","-745095,500","-1043360,603",PRAHA6B¯evnov,OLYMPIJSK¡,,mÌstnÌkomunikace,,,,,,,,,1
2100190693,5,,2019-01-14,1,2040,1,4,0,2,1,2,503,0,0,0,1100,2,1,1,1,4,1,0,1,3,3,0,4,3,10,,3,39.0,05,1.0,0.0,1.0,0.0,1.0,1.0,500,2.0,1.0,1.0,,,"-749129,331","-1041501,201","-749129,243","-1041503,137",PRAHA6,EVROPSK¡,,uzel,,,,,,,,,1
2100190694,5,,2019-01-14,1,2010,1,4,0,2,1,2,202,0,0,0,610,2,3,1,0,5,1,5,1,0,0,0,1,2,0,,3,17.0,15,1.0,0.0,1.0,0.0,1.0,1.0,600,2.0,1.0,1.0,,,"-730622,975","-1041953,080","-730622,384","-1041953,436",PRAHA9HornÌPoËernice,PRAéSK›OKRUH,,uzel,,,,,,,,,1
2100190695,6,,2019-01-14,1,2130,2,0,0,2,1,2,204,0,0,0,700,2,5,1,1,4,1,1,1,0,0,0,3,2,0,,3,39.0,14,1.0,1.0,1.0,0.0,1.0,5.0,400,2.0,1.0,1.0,,,"-750550,755","-1047364,536","-750552,333","-1047365,365",PRAHA5,KAKOSOVA,,mÌstnÌkomunikace,,,,,,,,,1
2100190696,4,,2019-01-14,1,2110,1,4,0,2,1,2,503,0,0,0,500,2,1,1,1,4,1,0,1,2,0,0,6,2,19,,3,39.0,10,3.0,0.0,1.0,0.0,1.0,14.0,400,2.0,1.0,1.0,,,"-741805,155","-1041269,475","-741806,589","-1041267,461",PRAHA7Holeöovice,"UV›STAVIäTÃ,DUKELSK›CHHRDINŸ",,uzel,,,,,,,,,1
2100190697,5,,2019-01-14,1,2330,6,0,0,2,4,0,100,0,0,0,200,2,3,1,1,4,1,2,1,0,0,0,1,1,0,,3,17.0,17,1.0,0.0,1.0,0.0,1.0,1.0,200,2.0,1.0,1.0,,,"-736115,130","-1038162,874","-736118,015","-1038162,319",PRAHA9LetÚany,TUPOLEVOVA,,sledovan·komunikace,,,,,,,,,1
2100190698,4,,2019-01-15,2,160,3,0,9,2,1,0,516,0,0,0,1250,2,3,1,1,4,1,0,1,2,0,0,6,1,19,,3,32.0,15,1.0,1.0,4.0,0.0,1.0,57.0,1000,9.0,,,,,"-741852,537","-1044541,735","-741848,377","-1044547,283",PRAHA2,Francouzsk·,,uzel,,,,,,,,,1
2100190699,6,,2019-01-15,2,130,3,0,9,2,1,2,204,0,0,0,500,2,3,1,1,4,1,0,1,2,0,0,5,1,10,,3,39.0,05,1.0,1.0,1.0,0.0,1.0,5.0,200,2.0,1.0,1.0,,,"-739431,368","-1042043,443","-739432,047","-1042043,021",PRAHA8,URUSTONKY,,uzel,,,,,,,,,1
2100190700,5,,2019-01-15,2,700,1,2,0,2,1,2,502,0,0,0,800,2,1,1,1,4,1,2,1,0,5,1,1,2,0,,3,39.0,17,3.0,0.0,1.0,0.0,1.0,1.0,300,2.0,1.0,1.0,,,"-744551,727","-1048225,956","-744553,772","-1048226,710",PRAHA4BranÌk,BARRANDOVSK›MOST,,sledovan·komunikace,,,,,,,,,1
2100190701,5,,2019-01-15,2,720,1,4,0,2,1,2,503,0,0,0,1400,2,3,1,1,2,1,2,1,0,0,0,1,2,0,,3,13.0,16,1.0,0.0,0.0,0.0,1.0,1.0,1000,2.0,1.0,1.0,,,"-741596,854","-1042892,347","-741595,497","-1042892,498",PRAHA8NovÈMÏsto,WILSONOVA,,sledovan·komunikace,,,,,,,,,1
2100190702,5,,2019-01-14,1,1820,1,2,0,2,1,0,411,0,0,0,200,2,1,1,1,4,1,2,1,0,5,1,1,2,0,,5,26.0,03,3.0,0.0,4.0,0.0,1.0,1.0,0,9.0,,,,,"-742449,299","-1044542,733","-742448,499","-1044542,807",PRAHA2-NOV…MÃSTO,Legerova,,mÌstnÌkomunikace,,281739.0,,Souhlasn˝sesmÏrem˙seku,Pomal˝,554782.0,477931.0,GN_V0.1UIR-ADR_410,1
2100190703,5,,2019-01-15,2,745,1,2,0,2,1,2,411,0,0,0,1850,2,3,1,1,2,1,3,1,0,5,0,1,2,0,,3,39.0,02,3.0,0.0,1.0,0.0,1.0,1.0,700,3.0,1.0,1.0,,,"-751413,193","-1043006,928","-751413,195","-1043006,268",PRAHA17(ÿEPY),KARLOVARSK¡,,sledovan·komunikace,,,,,,,,,1
2100190704,6,,2019-01-14,1,2560,2,0,0,2,1,0,516,0,0,0,150,2,1,1,1,1,1,1,1,0,0,0,1,2,0,,17,,XX,,,,,,,0,,,,,,"-739901,455","-1039206,959","-739901,619","-1039206,984",PRAHA8Kobylisy,VRäNÕ,,mÌstnÌkomunikace,,,,,,,,,1
2100190705,6,,2019-01-15,2,1005,2,0,0,2,1,2,504,0,0,0,40,2,1,1,1,1,1,1,1,0,0,0,1,2,0,,3,47.0,00,1.0,0.0,1.0,0.0,1.0,5.0,20,2.0,1.0,1.0,,,"-747035,696","-1048172,260","-747035,633","-1048171,919",PRAHA5HluboËepy,LAMA»OVA,,mÌstnÌkomunikace,,,,,,,,,1
2100190706,6,,2019-01-15,2,1030,1,2,0,2,1,2,408,0,0,0,600,2,1,1,1,1,1,1,1,0,5,0,1,2,0,,5,19.0,02,3.0,0.0,1.0,0.0,1.0,5.0,200,2.0,1.0,1.0,,,"-742952,371","-1043697,419","-742952,691","-1043698,568",PRAHA1NovÈMÏsto,PURKY“OVA,,mÌstnÌkomunikace,,,,,,,,,1
2100190707,6,,2019-01-15,2,1035,1,3,0,2,1,2,410,0,0,0,200,2,1,1,1,1,1,1,1,0,5,0,1,2,0,,3,12.0,18,3.0,0.0,1.0,0.0,1.0,5.0,100,2.0,1.0,1.0,,,"-741437,283","-1046592,909","-741438,039","-1046593,625",PRAHA4Nusle,UDRUéSTVAREPO,,mÌstnÌkomunikace,,,,,,,,,1
2100190708,5,,2019-01-15,2,1055,8,2,0,2,1,2,502,0,0,0,150,2,1,1,1,1,1,5,7,0,5,1,1,2,0,,10,0.0,,5.0,0.0,1.0,0.0,1.0,1.0,50,8.0,1.0,1.0,,,"-744168,308","-1043931,825","-744167,996","-1043931,866",PRAHA5SmÌchov,äTEF¡NIKOVA,,sledovan·komunikace,,,,,,,,,1
2100190709,6,,2019-01-13,0,2560,2,0,0,2,1,0,516,0,0,0,50,2,3,1,1,1,1,1,1,0,0,0,1,2,0,,17,,XX,,,,,,,0,,,,,,"-739507,688","-1040367,430","-739507,688","-1040367,430",PRAHA8,BudÌnova,,mÌstnÌkomunikace,,,,,,,,,1
2100190710,5,,2019-01-15,2,1115,1,2,0,2,1,2,401,0,0,0,1300,2,3,1,1,1,1,0,1,2,0,1,4,2,10,,3,4.0,10,3.0,0.0,1.0,0.0,1.0,1.0,1000,2.0,1.0,1.0,,,"-742984,989","-1042481,208","-742988,521","-1042482,136",PRAHA1StarÈMÏsto,N¡M.CURIEOV›CH,,uzel,,,,,,,,,1
2100190711,5,,2019-01-15,2,1105,1,4,0,2,1,2,503,0,0,0,150,2,1,1,1,1,1,2,1,0,5,2,1,2,0,,3,39.0,15,12.0,0.0,1.0,0.0,1.0,3.0,50,4.0,1.0,1.0,,,"-738061,787","-1045769,318","-738062,516","-1045770,073",PRAHA10Straönice,PRŸBÃéN¡,,sledovan·komunikace,,,,,,,,,1
2100190712,5,,2019-01-15,2,1110,1,4,0,2,1,2,503,0,0,0,900,2,1,1,1,1,1,2,1,0,5,1,1,3,0,,3,47.0,06,1.0,0.0,1.0,0.0,1.0,1.0,200,2.0,1.0,1.0,,,"-745336,730","-1051939,036","-745335,005","-1051938,806",PRAHA4Mod¯any,Mod¯ansk·,,sledovan·komunikace,,,,,,,,,1
2100190713,6,,2019-01-15,2,1040,1,1,0,2,1,2,410,0,0,0,50,2,3,1,1,1,1,1,1,0,5,2,1,2,0,,3,39.0,01,1.0,0.0,1.0,0.0,1.0,5.0,0,2.0,1.0,1.0,,,"-735908,515","-1050490,112","-735908,492","-1050490,857",PRAHA4,MNICHOVICK¡,,mÌstnÌkomunikace,,,,,,,,,1
2100190714,5,,2019-01-15,2,1130,1,2,0,2,1,2,403,0,0,0,700,2,1,1,1,1,1,0,1,3,3,0,4,2,10,,3,39.0,15,1.0,0.0,1.0,0.0,1.0,5.0,300,2.0,1.0,1.0,,,"-739093,002","-1051941,701","-739092,401","-1051942,101",Praha4Kunratice,,,sledovan·komunikace,,,,,,,,,1
2100190715,6,,2019-01-15,2,1135,1,4,0,2,1,2,504,0,0,0,1000,2,3,1,1,1,1,1,1,0,0,0,1,2,0,,5,10.0,16,3.0,0.0,0.0,0.0,1.0,5.0,0,3.0,1.0,1.0,,,"-747459,536","-1045073,828","-747459,534","-1045073,815",PRAHA5KoöÌ¯e,NASKOV…,,mÌstnÌkomunikace,,,,,,,,,1
2100190716,6,,2019-01-15,2,1260,2,0,0,2,1,0,508,0,0,0,550,2,3,1,1,1,1,1,1,0,0,0,1,2,0,,3,13.0,10,1.0,0.0,1.0,0.0,1.0,5.0,150,2.0,1.0,1.0,,,"-742219,419","-1042601,033","-742219,955","-1042601,055",PRAHA1NovÈMÏsto,NOV…ML›NY,,mÌstnÌkomunikace,,,,,,,,,1
2100190717,6,,2019-01-15,2,1260,2,0,0,2,1,0,502,0,0,0,200,2,3,1,1,1,1,1,1,0,0,0,1,2,0,,3,13.0,10,1.0,0.0,1.0,0.0,1.0,5.0,100,2.0,1.0,1.0,,,"-742220,926","-1042565,507","-742224,488","-1042565,988",Praha1,NovÈml˝ny,,mÌstnÌkomunikace,,711955.0,,Souhlasn˝sesmÏrem˙seku,Pomal˝,554782.0,462624.0,GN_V0.1UIR-ADR_410,1
2100190718,6,,2019-01-10,4,1059,2,0,0,2,1,0,516,0,0,0,50,1,1,1,1,1,1,1,1,0,0,0,1,2,0,,5,19.0,15,3.0,0.0,4.0,0.0,1.0,5.0,0,9.0,,,,,"-742413,674","-1043431,764","-742414,474","-1043432,333",PRAHA1NovÈMÏsto,PANSK¡,,sledovan·komunikace,,,,,,,,,1
2100190719,6,,2019-01-15,2,1230,1,2,0,2,1,0,502,0,0,0,100,2,1,1,1,1,1,1,1,0,0,0,1,2,0,,3,47.0,11,1.0,0.0,4.0,0.0,1.0,5.0,50,9.0,,,,,"-747558,707","-1040764,525","-747558,709","-1040764,567",PRAHA6Vokovice,NAKRUTCI,,mÌstnÌkomunikace,,,,,,,,,1
2100190720,8,,2019-01-15,2,1310,3,0,2,2,1,2,508,0,0,0,150,1,1,1,1,1,1,1,1,0,0,10,1,1,0,,3,39.0,09,11.0,0.0,1.0,0.0,1.0,5.0,50,2.0,1.0,1.0,,,"-742676,226","-1043230,280","-742675,816","-1043230,873",PRAHA1StarÈMÏsto,RYTÕÿSK¡,,mÌstnÌkomunikace,,,,,,,,,1
2100190721,6,,2019-01-15,2,1220,2,0,0,2,1,2,504,0,0,0,50,2,1,1,1,1,1,1,1,0,0,0,1,2,0,,5,62.0,,3.0,0.0,1.0,0.0,1.0,5.0,0,3.0,1.0,1.0,,,"-746350,761","-1044366,037","-746350,224","-1044367,112",PRAHA5,PODKLIKOVKOU,,mÌstnÌkomunikace,,,,,,,,,1
2100190722,5,,2019-01-15,2,1410,1,2,0,2,1,2,411,0,0,0,450,2,1,1,1,1,1,2,1,0,5,0,1,2,0,,5,19.0,18,3.0,0.0,0.0,0.0,1.0,1.0,50,3.0,1.0,1.0,,,"-744603,634","-1047909,382","-744603,922","-1047909,229",PRAHA5HluboËepy,BARRANDOVSK›MOST,,uzel,,,,,,,,,1
2100190723,8,,2019-01-15,2,2560,2,0,0,2,1,0,516,0,0,0,50,3,1,1,1,1,1,1,1,0,0,10,1,2,0,,17,,XX,,,,,,,0,,,,,,"-740150,018","-1044289,844","-740155,222","-1044290,194",PRAHA3éiûkov,JI»ÕNSK¡,,sledovan·komunikace,,,,,,,,,1
2100190724,5,,2019-01-15,2,1420,1,2,0,2,1,2,409,0,0,0,350,2,1,1,1,1,1,2,1,0,5,9,1,2,0,,3,44.0,09,1.0,0.0,1.0,0.0,1.0,5.0,150,2.0,1.0,1.0,,,"-728119,123","-1041705,317","-728119,329","-1041703,666",PRAHA20(HORNÕPO»ERNICE),N¡CHODSK¡,,sledovan·komunikace,,,,,,,,,1
2100190725,5,,2019-01-15,2,1440,1,4,0,2,1,2,503,0,0,0,800,2,1,1,1,1,1,2,1,0,5,2,1,2,0,,3,39.0,04,1.0,0.0,1.0,0.0,1.0,1.0,300,3.0,1.0,1.0,,,"-747807,522","-1043046,691","-747808,040","-1043044,857",PRAHA6,BÃLOHORSK¡,,sledovan·komunikace,,,,,,,,,1
2100190726,6,,2019-01-15,2,1515,1,4,0,2,1,2,503,0,0,0,102,2,3,1,1,1,1,1,1,0,0,0,1,2,0,,3,39.0,15,1.0,0.0,1.0,0.0,1.0,5.0,2,2.0,1.0,1.0,,,"-753163,188","-1044833,017","-753158,396","-1044829,673",PRAHA5-ZLI»ÕN,SAZOVICK¡,,mÌstnÌkomunikace,,,,,,,,,1
2100190727,5,,2019-01-15,2,1445,1,4,0,2,1,2,411,0,0,0,500,2,1,1,1,1,1,6,1,0,5,0,1,2,0,,6,26.0,96,9.0,0.0,1.0,0.0,1.0,1.0,0,2.0,1.0,1.0,,,"-752541,498","-1043378,193","-752539,337","-1043380,065",PRAHA6,PRAéSK›OKRUH,,sledovan·komunikace,,,,,,,,,1
2100190728,6,,2019-01-15,2,2560,2,0,0,2,1,0,516,0,0,0,100,2,1,1,1,1,1,1,1,0,0,0,1,2,0,,17,,XX,,,,,,,0,,,,,,"-744597,602","-1051282,752","-744598,139","-1051280,131",PRAHA4Mod¯any,CHUCHELSK¡,,mÌstnÌkomunikace,,,,,,,,,1
2100190729,4,,2019-01-15,2,1620,1,2,0,2,1,2,403,0,0,0,1000,2,1,1,1,1,1,0,1,3,3,0,6,2,19,,3,39.0,00,1.0,0.0,1.0,0.0,1.0,31.0,200,2.0,1.0,1.0,,,"-738842,070","-1040983,411","-738842,047","-1040983,429",PRAHA8-LibeÚ,ZENKLOVA,,sledovan·komunikace,,,,,,,,,1
2100190730,5,,2019-01-15,2,1700,1,3,0,2,1,2,411,0,0,0,500,2,1,1,1,2,1,3,1,0,5,1,1,2,0,,7,62.0,14,9.0,0.0,1.0,0.0,1.0,1.0,100,3.0,1.0,1.0,,,"-735322,873","-1040796,800","-735321,368","-1040795,046",PRAHA9VysoËany,KBELSK¡,,sledovan·komunikace,,,,,,,,,1
2100190731,6,,2019-01-15,2,1650,5,0,0,2,4,0,100,0,0,0,550,2,3,1,1,2,1,0,0,0,0,0,1,1,0,,3,20.0,18,3.0,0.0,1.0,0.0,1.0,5.0,500,2.0,1.0,1.0,,,"-732581,423","-1050461,200","-732581,488","-1050461,259",PRAHA10,bezejmen·komunikace,,mÌstnÌkomunikace,,,,,,,,,1
2100190732,5,,2019-01-11,5,2560,3,0,6,2,1,0,516,0,0,0,10,2,1,1,1,1,1,2,1,0,0,0,1,1,0,,17,,XX,,,,,,,0,,,,,,"-738059,058","-1047572,492","-738059,058","-1047577,000",PRAHA10,Z¡BÃHLICK¡,,sledovan·komunikace,,,,,,,,,1
2100190733,5,,2019-01-15,2,1735,1,4,0,2,1,2,503,0,0,0,1800,2,3,1,1,4,1,0,1,3,3,0,5,3,10,,3,48.0,11,3.0,0.0,1.0,0.0,1.0,3.0,600,2.0,1.0,1.0,,,"-745153,351","-1044405,019","-745153,348","-1044405,953",PRAHA5SmÌchov,PLZE“SK¡,,sledovan·komunikace,,,,,,,,,1
2100190734,5,,2019-01-15,2,1815,0,0,0,2,3,0,100,0,0,0,500,2,1,1,1,4,1,5,1,0,0,0,1,2,0,,8,78.0,13,5.0,0.0,1.0,0.0,1.0,1.0,200,4.0,1.0,4.0,,,"-741971,942","-1050828,614","-741969,338","-1050826,908",PRAHA4Kam˝k,NOVODVORSK¡,,sledovan·komunikace,,,,,,,,,1
2100190735,5,,2019-01-15,2,1820,1,4,0,2,1,0,503,0,0,0,600,2,1,1,1,4,1,2,1,0,0,0,1,5,0,,17,,XX,,,,,,,0,,,,,,"-736298,288","-1046484,873","-736298,223","-1046485,094",PRAHA10Straönice,JIéNÕSPOJKA,,mÌstnÌkomunikace,,,,,,,,,1
2100190736,5,,2019-01-15,2,1815,4,0,0,1,1,2,412,0,0,1,5,2,1,1,1,4,1,2,1,0,5,1,1,1,0,,3,12.0,17,3.0,0.0,1.0,0.0,1.0,5.0,5,2.0,1.0,1.0,,,"-737267,568","-1039259,088","-737267,615","-1039258,975",PRAHA9St¯Ìûkov,LOVOSICK¡,,sledovan·komunikace,,,,,,,,,1
2100190737,6,,2019-01-15,2,2560,2,0,0,2,1,0,516,0,0,0,50,2,1,1,1,1,1,1,1,0,0,0,1,2,0,,17,,XX,,,,,,,0,,,,,,"-739191,612","-1049417,463","-739189,350","-1049414,794",PRAHA4,KAPLANOVA,,mÌstnÌkomunikace,,,,,,,,,1
2100190738,5,,2019-01-15,2,1860,3,0,1,2,1,0,516,0,0,0,200,2,3,1,1,4,1,2,1,0,0,0,3,1,0,,3,25.0,06,1.0,0.0,1.0,0.0,1.0,3.0,200,2.0,0.0,0.0,,,"-746509,727","-1039251,175","-746514,331","-1039251,594",PRAHA6-LYSOLAJE,HOROMÃÿICK¡,,sledovan·komunikace,,,,,,,,,1
2100190739,6,,2019-01-15,2,1950,1,4,0,2,1,2,503,0,0,0,800,2,1,1,1,4,1,1,1,0,0,0,1,2,0,,3,7.0,99,1.0,0.0,1.0,0.0,1.0,5.0,500,2.0,1.0,1.0,,,"-743586,197","-1040850,376","-743587,483","-1040850,863",PRAHA6,GOETHEHO,,mÌstnÌkomunikace,,,,,,,,,1
2100190740,5,,2019-01-15,2,2010,1,3,0,2,1,2,301,0,0,0,1600,2,1,1,1,4,1,5,1,0,0,0,1,4,0,,3,39.0,04,1.0,0.0,1.0,0.0,1.0,1.0,500,2.0,1.0,1.0,,,"-738471,685","-1041808,008","-738468,792","-1041816,293",PRAHA8LibeÚ,SOKOLOVSK¡,,sledovan·komunikace,,,,,,,,,1
2100190741,6,,2019-01-15,2,1805,2,0,0,2,1,2,502,0,0,0,120,2,1,1,1,4,1,0,1,3,3,10,5,2,10,,3,12.0,13,3.0,0.0,1.0,0.0,1.0,5.0,20,2.0,1.0,1.0,,,"-742166,681","-1041976,925","-742169,046","-1041976,754",PRAHA7-Holeöovice,KAMENICK¡,,mÌstnÌkomunikace,,,,,,,,,1
2100190742,8,,2019-01-15,2,1705,2,0,0,2,1,2,502,0,0,0,50,3,1,1,1,2,1,1,1,0,0,10,1,2,0,,3,47.0,09,12.0,0.0,1.0,0.0,1.0,5.0,50,2.0,1.0,1.0,,,"-742420,5","-1045898,353","-742420,477","-1045898,131",PRAHA4,Kongresov·,,mÌstnÌkomunikace,,2375872.0,,Souhlasn˝sesmÏrem˙seku,Pomal˝,554782.0,505986.0,GN_V0.1UIR-ADR_410,1
2100190743,8,,2019-01-15,2,2560,2,0,0,2,1,0,516,0,0,0,300,2,1,1,1,1,1,1,1,0,0,10,1,2,0,,17,,XX,,,,,,,0,,,,,,"-736581,869","-1038543,881","-736582,340","-1038536,502",PRAHA9LetÚany,Veselsk·,,˙Ëelov·komunikace,,,,,,,,,1
2100190744,6,,2019-01-15,2,2560,2,0,0,2,1,0,516,0,0,0,600,2,3,1,1,1,1,0,1,3,3,0,4,2,10,,17,,XX,,,,,,,0,,,,,,"-738217,252","-1045453,184","-738214,651","-1045452,936",PRAHA10Straönice,NAHROUDÃ,,mÌstnÌkomunikace,,,,,,,,,1
2100190745,5,,2019-01-15,2,2350,4,0,0,1,3,9,100,0,0,1,0,2,3,1,1,4,1,2,1,0,0,0,1,1,0,,8,59.0,01,5.0,0.0,1.0,0.0,1.0,1.0,0,4.0,1.0,1.0,,,"-739777,347","-1039233,943","-739778,405","-1039231,078",PRAHA8Kobylisy,PODSÕDLIäTÃM,,sledovan·komunikace,,,,,,,,,1
2100190746,5,,2019-01-16,3,240,1,4,0,2,1,0,508,0,0,0,150,2,3,1,4,5,1,3,1,0,0,0,1,2,0,,17,,XX,,,,,,,0,,,,,,"-737049,334","-1036216,379","-737049,248","-1036216,321",œ¡BLICEœ·blice,CÕNOVECK¡,,uzel,,,,,,,,,1
2100190747,5,,2019-01-16,3,640,3,0,9,2,1,8,511,0,0,0,600,2,3,1,1,4,1,2,1,0,5,2,1,1,0,,3,12.0,99,1.0,0.0,1.0,0.0,1.0,1.0,300,3.0,5.0,0.0,,,"-744246,030","-1044273,385","-744246,422","-1044273,345",PRAHA5SmÌchov,KARTOUZSK¡,,uzel,,,,,,,,,1
2100190748,5,,2019-01-16,3,655,1,4,0,2,1,2,503,0,0,0,1400,2,1,1,1,4,1,2,1,0,0,0,1,2,0,,3,17.0,15,3.0,0.0,1.0,0.0,1.0,1.0,800,2.0,1.0,1.0,,,"-737446,676","-1051176,768","-737446,509","-1051176,032",PRAHA4Chodov,NAJELEN¡CH,,uzel,,,,,,,,,1
2100190749,5,,2019-01-16,3,655,1,2,0,2,1,2,502,0,0,0,600,2,1,1,1,4,1,2,1,0,0,0,1,2,0,,5,26.0,07,3.0,0.0,1.0,0.0,1.0,1.0,200,3.0,1.0,1.0,,,"-739738,089","-1039214,060","-739737,394","-1039215,943",PRAHA8Kobylisy,PODSÕDLIäTÃM,,uzel,,,,,,,,,1
2100190750,5,,2019-01-16,3,800,1,2,0,2,1,2,411,0,0,0,1600,2,3,1,1,1,1,3,1,0,5,0,1,2,0,,3,17.0,15,2.0,0.0,1.0,0.0,1.0,1.0,600,2.0,1.0,1.0,,,"-744530,557","-1044430,238","-744529,908","-1044432,206",PRAHA5SmÌchov,KARTOUZSK¡,,sledovan·komunikace,,,,,,,,,1
2100190751,4,,2019-01-16,3,735,1,4,0,2,1,2,503,0,0,0,400,2,3,1,1,2,1,0,1,3,3,1,4,2,19,,3,47.0,15,1.0,0.0,1.0,0.0,1.0,64.0,200,2.0,1.0,1.0,,,"-726067,093","-1046520,686","-726068,976","-1046518,615",PRAHA9⁄jezdnadLesy,STAROKL¡NOVICK¡-STAROKOLÕNSK¡-STARO⁄JEZDSK¡,,uzel,,,,,,,,,1
2100190752,5,,2019-01-16,3,813,8,3,0,2,1,2,410,0,0,0,1400,2,1,1,1,1,1,2,7,0,5,0,1,2,0,,5,19.0,16,3.0,0.0,1.0,0.0,1.0,1.0,400,2.0,1.0,1.0,,,"-740753,541","-1042622,843","-740754,423","-1042618,399",PRAHA8-KARLÕN,SOKOLOVSK¡,,sledovan·komunikace,,,,,,,,,1
2100190753,5,,2019-01-16,3,800,1,3,0,2,1,2,411,0,0,0,600,2,1,1,1,1,1,2,1,0,5,0,1,2,0,,3,39.0,11,3.0,0.0,1.0,0.0,1.0,1.0,500,2.0,1.0,1.0,,,"-731246,336","-1045853,730","-731245,972","-1045849,826",PRAHA9,äTÃRBOHOLSK¡SPOJKA,,sledovan·komunikace,,,,,,,,,1