IDENTIFIKA»NÕ »ÕSLO,DRUH POZEMNÕ KOMUNIKACE,»ÕSLO POZEMNÕ KOMUNIKACE,"den, mÏsÌc, rok",,Ëas ,DRUH NEHODY,DRUH SR¡éKY JEDOUCÕCH VOZIDEL,DRUH PEVN… PÿEK¡éKY,CHARAKTER NEHODY,ZAVINÃNÕ NEHODY,ALKOHOL U VINÕKA NEHODY PÿÕTOMEN,HLAVNÕ PÿÕ»INY NEHODY,usmrceno osob,tÏûce zranÏno osob,lehce zranÏno osob,CELKOV¡ HMOTN¡ äKODA,DRUH POVRCHU VOZOVKY,STAV POVRCHU VOZOVKY V DOBÃ NEHODY,STAV KOMUNIKACE,POVÃTRNOSTNÕ PODMÕNKY V DOBÃ NEHODY,VIDITELNOST,ROZHLEDOV… POMÃRY,DÃLENÕ KOMUNIKACE,SITUOV¡NÕ NEHODY NA KOMUNIKACI,ÿÕZENÕ PROVOZU V DOBÃ NEHODY,MÕSTNÕ ⁄PRAVA PÿEDNOSTI V JÕZDÃ,SPECIFICK¡ MÕSTA A OBJEKTY V MÕSTÃ NEHODY,SMÃROV… POMÃRY,PO»ET Z⁄»ASTNÃN›CH VOZIDEL,MÕSTO DOPRAVNÕ NEHODY,DRUH KÿIéUJÕCÕ KOMUNIKACE,DRUH VOZIDLA,V›ROBNÕ ZNA»KA MOTOROV…HO VOZIDLA,ROK V›ROBY VOZIDLA,CHARAKTERISTIKA VOZIDLA ,SMYK,VOZIDLO PO NEHODÃ,"⁄NIK PROVOZNÕCH, PÿEPRAVOVAN›CH HMOT",ZPŸSOB VYPROäTÃNÕ OSOB Z VOZIDLA,SMÃR JÕZDY NEBO POSTAVENÕ VOZIDLA,äKODA NA VOZIDLE,KATEGORIE ÿIDI»E,STAV ÿIDI»E,VNÃJäÕ OVLIVNÃNÕ ÿIDI»E,nan.1,nan.2,nan.3,nan.4,nan.5,nan.6,nan.7,nan.8,nan.9,nan.10,nan.11,nan.12,nan.13,nan.14,nan.15,nan.16,nan.17,nan.18,LOKALITA NEHODY
2100190754,5,,2019-01-16,3,845,3,0,9,2,1,2,204,0,0,0,400,2,3,1,1,1,1,3,1,0,0,0,1,1,0,,5,13.0,10,3.0,1.0,1.0,0.0,1.0,1.0,300,2.0,1.0,1.0,,,"-737341,113","-1043143,159","-737345,953","-1043144,878",PRAHA3éiûkov,SPOJOVACÕ,,sledovan·komunikace,,,,,,,,,1
2100190755,5,,2019-01-16,3,840,1,4,0,2,1,2,503,0,0,0,1200,2,1,1,1,1,1,2,1,0,5,2,1,2,0,,3,39.0,13,1.0,0.0,1.0,0.0,1.0,1.0,800,2.0,1.0,1.0,,,"-743015,457","-1042470,277","-743015,390","-1042470,433",PRAHA1StarÈMÏsto,DVOÿ¡KOVON¡Bÿ.,,uzel,,,,,,,,,1
2100190756,6,,2019-01-16,3,900,2,0,0,2,1,2,502,0,0,0,150,2,1,1,1,1,1,1,1,0,0,0,1,2,0,,3,39.0,05,1.0,0.0,1.0,0.0,1.0,5.0,100,2.0,1.0,1.0,,,"-743232,271","-1043514,962","-743233,186","-1043512,674",PRAHA1-STAR…MÃSTO,BARTOLOMÃJSK¡,,mÌstnÌkomunikace,,,,,,,,,1
2100190757,4,,2019-01-15,2,1800,1,4,0,2,1,0,503,0,0,0,150,2,2,1,1,4,1,0,1,2,0,0,4,2,19,,17,,XX,,,,,,,0,,,,,,"-747475,566","-1054980,523","-747472,892","-1054980,756",ZBRASLAVZbraslav,BARTO“OVAxSTRAKONICK¡,,uzel,,,,,,,,,1
2100190758,4,,2019-01-16,3,935,1,2,0,2,1,2,411,0,0,0,500,2,1,1,1,1,1,0,1,3,3,2,4,2,19,,3,44.0,17,3.0,0.0,1.0,0.0,1.0,75.0,300,2.0,1.0,1.0,,,"-742374,075","-1044413,443","-742375,995","-1044422,972",PRAHA2NovÈMÏsto,N¡M.I.P.PAVLOVA,,uzel,,,,,,,,,1
2100190759,5,,2019-01-16,3,1015,1,4,0,2,1,2,503,0,0,0,2600,2,1,1,1,1,1,2,1,0,5,1,1,2,0,,3,4.0,17,3.0,0.0,0.0,0.0,1.0,1.0,2000,2.0,1.0,1.0,,,"-742592,022","-1046487,282","-742594,213","-1046485,456",PRAHA4Nusle,LomnickÈho,,sledovan·komunikace,,,,,,,,,1
2100190760,5,,2019-01-16,3,1030,1,4,0,2,1,2,503,0,0,0,400,2,1,1,1,1,1,3,1,0,0,0,1,2,0,,3,4.0,07,1.0,0.0,1.0,0.0,1.0,1.0,0,2.0,1.0,1.0,,,"-744528,774","-1048923,022","-744525,590","-1048923,022",PRAHA4BranÌk,MODÿANSK¡,,uzel,,,,,,,,,1
2100190761,5,,2019-01-16,3,1100,2,0,0,2,1,2,504,0,0,0,650,2,1,1,1,1,1,2,1,0,0,0,1,2,0,,8,59.0,05,3.0,0.0,1.0,0.0,1.0,1.0,50,4.0,1.0,1.0,,,"-744045,838","-1045656,626","-744052,169","-1045656,179",PRAHA5SmÌchov,N¡DRAéNÕ,,sledovan·komunikace,,,,,,,,,1
2100190762,8,,2019-01-15,2,2560,2,0,0,2,1,0,516,0,0,0,300,2,1,1,1,1,1,1,1,0,0,0,1,2,0,,17,,XX,,,,,,,0,,,,,,"-737074,545","-1049995,887","-737078,707","-1049997,203",PRAHA11Chodov,Brandlova,,mÌstnÌkomunikace,,,,,,,,,1
2100190763,6,,2019-01-16,3,1000,2,0,0,2,1,2,508,0,0,0,50,2,1,1,1,1,1,1,1,0,0,0,1,2,0,,3,47.0,05,1.0,0.0,1.0,0.0,1.0,5.0,0,2.0,1.0,1.0,,,"-737564,801","-1041403,508","-737561,653","-1041411,568",PRAHA9-LIBE“,»IH¡KOVA,,mÌstnÌkomunikace,,,,,,,,,1
2100190764,5,,2019-01-02,3,2560,2,0,0,2,1,0,516,0,0,0,150,2,1,1,1,1,1,2,1,0,0,0,1,2,0,,17,,XX,,,,,,,0,,,,,,"-735402,155","-1042189,427","-735402,519","-1042196,078",PRAHA9HloubÏtÌn,PODÃBRADSK¡,,sledovan·komunikace,,,,,,,,,1
2100190765,4,,2019-01-16,3,1130,3,0,4,2,1,2,204,0,0,0,1650,2,3,1,1,1,1,0,1,3,3,0,6,1,19,,3,2.0,05,3.0,1.0,1.0,0.0,1.0,28.0,1500,2.0,1.0,1.0,,,"-751709,507","-1041131,150","-751707,173","-1041130,185",PRAHA6RuzynÏ,EVROPSK¡-DRNOVSk¡-PRAéSK›OKRUH,,uzel,,,,,,,,,1
2100190766,5,,2019-01-16,3,1220,1,4,0,2,1,2,504,0,0,0,300,2,1,1,1,1,1,0,1,3,3,0,5,2,10,,3,31.0,13,1.0,0.0,1.0,0.0,1.0,1.0,100,2.0,1.0,1.0,,,"-742754,735","-1045539,060","-742753,906","-1045539,152",PRAHA2Nusle,JAROMÕROVAxNEZAMYSLOVA,,sledovan·komunikace,,,,,,,,,1
2100190767,8,,2019-01-15,2,1615,2,0,0,2,1,2,504,0,0,0,30,2,1,1,1,1,1,1,1,0,0,10,1,2,0,,3,31.0,04,1.0,0.0,1.0,0.0,1.0,5.0,0,4.0,1.0,1.0,,,"-740640,831","-1041831,552","-740640,409","-1041829,319",PRAHA7,JateËnÌ,,mÌstnÌkomunikace,,1684893.0,,Souhlasn˝sesmÏrem˙seku,Pomal˝,554782.0,449571.0,GN_V0.1UIR-ADR_410,1
2100190768,6,,2019-01-16,3,1200,2,0,0,2,1,2,504,0,0,0,200,2,1,1,1,1,1,1,1,0,0,0,1,2,0,,5,17.0,18,3.0,0.0,1.0,0.0,1.0,5.0,0,2.0,1.0,1.0,,,"-745041,422","-1043597,530","-745041,554","-1043598,784",PRAHA6B¯evnov,JEZDECK¡,,mÌstnÌkomunikace,,,,,,,,,1
2100190769,4,,2019-01-16,3,1220,1,2,0,2,1,2,405,0,0,0,100,2,1,1,1,1,1,0,1,2,0,2,4,2,19,,3,47.0,12,1.0,0.0,1.0,0.0,1.0,86.0,0,2.0,1.0,1.0,,,"-737467,998","-1039331,036","-737465,590","-1039329,531",PRAHA9St¯Ìûkov,"VYSO»ANSK¡,TEPLICK¡,LOVOSICK¡",,uzel,,,,,,,,,1
2100190770,4,,2019-01-16,3,1347,1,3,0,2,1,2,401,0,0,0,2100,2,1,1,1,1,1,0,1,2,0,0,4,3,19,,3,39.0,18,3.0,0.0,1.0,0.0,1.0,37.0,1000,2.0,1.0,1.0,,,"-740990,009","-1044418,275","-740990,069","-1044419,333",PRAHA3Vinohrady,VINOHRADSK¡,,uzel,,,,,,,,,1
2100190771,5,,2019-01-16,3,1330,1,2,0,2,1,2,405,0,0,0,900,2,1,1,1,1,1,0,1,3,3,0,5,2,10,,3,8.0,14,9.0,0.0,1.0,0.0,1.0,3.0,700,2.0,1.0,1.0,,,"-736892,520","-1042176,483","-736893,296","-1042176,203",PRAHA9VysoËany,»ESKOMORAVSK¡xNAHARFÃ,,sledovan·komunikace,,,,,,,,,1
2100190772,5,,2019-01-16,3,1320,3,0,4,2,1,2,508,0,0,0,800,2,1,1,1,1,1,3,1,0,0,0,1,1,0,,3,47.0,15,3.0,0.0,1.0,0.0,1.0,1.0,800,2.0,1.0,1.0,,,"-731272,186","-1045851,074","-731271,439","-1045846,842",PRAHA9-DUBE»,äTÃRBOHOLSK¡SPOJKA,,sledovan·komunikace,,,,,,,,,1
2100190773,6,,2019-01-16,3,1410,2,0,0,2,1,2,504,0,0,0,300,2,1,1,1,1,1,1,1,0,0,0,1,2,0,,3,39.0,06,1.0,0.0,1.0,0.0,1.0,5.0,0,2.0,1.0,1.0,,,"-738452,719","-1042504,649","-738452,586","-1042504,869",PRAHA9VysoËany,ZAKREJC¡RKEM,,mÌstnÌkomunikace,,,,,,,,,1
2100190774,8,,2019-01-16,3,1460,2,0,0,2,1,0,504,0,0,0,10,5,1,1,1,1,1,0,1,0,0,10,1,2,0,,3,39.0,07,1.0,0.0,0.0,0.0,1.0,5.0,0,2.0,1.0,1.0,,,"-751834,216","-1044605,571","-751833,881","-1044606,043",PRAHA5ZliËÌn,DOBLATIN,,mÌstnÌkomunikace,,,,,,,,,1
2100190775,6,,2019-01-16,3,1425,2,0,0,2,1,2,504,0,0,0,700,2,1,1,1,1,1,1,1,0,0,0,1,2,0,,3,38.0,10,1.0,0.0,1.0,0.0,1.0,5.0,200,2.0,1.0,1.0,,,"-736903,169","-1041136,671","-736904,105","-1041136,881",PRAHA9VysoËany,BRATÿÕDOHALSK›CH,,mÌstnÌkomunikace,,,,,,,,,1
2100190776,6,,2019-01-16,3,1545,2,0,0,2,1,2,502,0,0,0,500,2,1,1,1,1,1,1,1,0,0,0,3,2,0,,3,13.0,08,1.0,0.0,0.0,0.0,1.0,5.0,300,2.0,1.0,1.0,,,"-739495,796","-1049411,442","-739497,865","-1049411,211",PRAHA4Chodov,GREGOROVA,,mÌstnÌkomunikace,,,,,,,,,1
2100190777,8,,2019-01-16,3,1545,3,0,6,2,1,2,504,0,0,0,51,3,1,1,1,1,1,1,1,0,0,10,1,1,0,,3,47.0,09,12.0,0.0,1.0,0.0,1.0,5.0,50,2.0,1.0,1.0,,,"-742429,579","-1045936,569","-742429,576","-1045936,478",PRAHA4,Kongresov·,,mÌstnÌkomunikace,,2375865.0,,OpaËn˝kesmÏru˙seku,Pomal˝,554782.0,505986.0,GN_V0.1UIR-ADR_410,1
2100190778,8,,2019-01-16,3,1600,1,2,0,2,1,2,410,0,0,0,400,2,1,1,1,1,1,1,1,0,5,10,1,2,0,,7,40.0,13,3.0,0.0,0.0,0.0,1.0,5.0,0,3.0,1.0,1.0,,,"-732475,312","-1050022,765","-732475,312","-1050022,765",PRAHA10Uh¯ÌnÏves,FrantiökaDiviöe,,mÌstnÌkomunikace,,,,,,,,,1
2100190779,5,,2019-01-16,3,1530,1,4,0,2,1,2,503,0,0,0,500,2,1,1,1,1,1,3,1,0,0,0,1,2,0,,3,39.0,02,1.0,0.0,1.0,0.0,1.0,3.0,200,2.0,1.0,1.0,,,"-750625,192","-1044565,542","-750624,347","-1044566,962",PRAHA17(ÿEPY)ÿepy,PLZE“SK¡,,sledovan·komunikace,,,,,,,,,1
2100190780,5,,2019-01-16,3,1605,2,0,0,2,1,2,504,0,0,0,100,2,1,1,1,1,1,2,1,0,0,0,1,2,0,,5,47.0,15,3.0,0.0,1.0,0.0,1.0,1.0,0,2.0,1.0,1.0,,,"-742922,504","-1045436,246","-742923,162","-1045435,057",PRAHA2-Nusle,SEKANINOVA,,uzel,,,,,,,,,1
2100190781,6,,2019-01-13,0,2560,2,0,0,2,1,0,516,0,0,0,500,2,1,1,1,1,1,1,1,0,0,0,1,2,0,,17,,XX,,,,,,,0,,,,,,"-741648,679","-1041795,568","-741648,761","-1041793,025",PRAHA7Holeöovice,He¯manova,,mÌstnÌkomunikace,,,,,,,,,1
2100190782,6,,2019-01-16,3,1531,3,0,2,2,1,2,509,0,0,0,1200,2,1,1,1,1,1,1,1,0,0,0,1,1,0,,3,17.0,16,1.0,0.0,1.0,0.0,1.0,5.0,500,2.0,1.0,1.0,,,"-734616,053","-1043333,244","-734615,858","-1043333,171",PRAHA9Kyje,HERDOVSK¡,,mÌstnÌkomunikace,,,,,,,,,1
2100190783,6,,2019-01-16,3,2560,2,0,0,2,1,0,516,0,0,0,250,2,1,1,1,1,1,1,1,0,0,0,1,2,0,,17,,XX,,,,,,,0,,,,,,"-742485,672","-1043031,322","-742485,568","-1043031,304",PRAHA1StarÈMÏsto,TEMPLOV¡,,mÌstnÌkomunikace,,,,,,,,,1
2100190784,6,,2019-01-15,2,2560,2,0,0,2,1,0,516,0,0,0,100,2,1,1,1,1,1,1,1,0,0,0,1,2,0,,17,,XX,,,,,,,0,,,,,,"-744896,818","-1044117,106","-744896,301","-1044119,030",PRAHA5SmÌchov,äV…DSK¡,,mÌstnÌkomunikace,,,,,,,,,1
2100190785,8,,2019-01-15,2,1840,2,0,0,2,1,0,516,0,0,0,100,2,1,1,1,4,1,1,1,0,0,10,1,2,0,,3,38.0,16,1.0,0.0,4.0,0.0,1.0,5.0,0,9.0,,,,,"-743654,607","-1052630,413","-743654,918","-1052628,238",PRAHA4,PERTOLDOVA,,mÌstnÌkomunikace,,,,,,,,,1
2100190786,6,,2019-01-16,3,2560,2,0,0,2,1,0,516,0,0,0,50,2,1,1,1,1,1,1,1,0,0,0,1,2,0,,17,,XX,,,,,,,0,,,,,,"-746851,851","-1042187,235","-746847,000","-1042187,235",PRAHA6B¯evnov,UVOJENSK…NEMOCNICE,,mÌstnÌkomunikace,,,,,,,,,1
2100190787,6,,2019-01-16,3,1625,2,0,0,2,1,2,504,0,0,0,10,2,1,1,1,1,1,1,1,0,0,0,1,2,0,,3,47.0,00,2.0,0.0,1.0,0.0,1.0,5.0,0,3.0,1.0,1.0,,,"-737638,852","-1047053,050","-737638,675","-1047052,086",PRAHA10Z·bÏhlice,JAHODOV¡,,mÌstnÌkomunikace,,,,,,,,,1
2100190788,5,,2019-01-16,3,1640,5,0,0,2,4,0,100,0,0,0,450,2,1,1,1,2,1,2,1,0,0,0,1,1,0,,3,38.0,14,1.0,0.0,1.0,0.0,1.0,1.0,300,2.0,1.0,1.0,,,"-749825,390","-1051892,384","-749826,390","-1051891,837",PRAHA5LOCHKOV,KCEMENT¡RNÃ,,sledovan·komunikace,,,,,,,,,1
2100190789,5,,2019-01-16,3,1645,1,3,0,1,1,2,405,0,0,2,1900,2,1,1,1,2,1,0,1,3,3,0,4,2,10,,3,39.0,03,1.0,0.0,1.0,0.0,1.0,5.0,400,2.0,1.0,1.0,,,"-739409,712","-1039147,236","-739407,858","-1039146,859",PRAHA8Kobylisy,STÿELNI»N¡,,sledovan·komunikace,,,,,,,,,1
2100190790,6,,2019-01-16,3,1620,2,0,0,2,1,2,502,0,0,0,100,2,1,1,1,1,1,1,1,0,0,0,1,2,0,,3,47.0,09,1.0,0.0,1.0,0.0,1.0,5.0,50,2.0,1.0,1.0,,,"-739928,122","-1043148,045","-739928,058","-1043147,382",PRAHA3éiûkov,KALIäNICK¡,,mÌstnÌkomunikace,,,,,,,,,1
2100190791,6,,2019-01-16,3,1720,2,0,0,2,1,2,502,0,0,0,10,2,1,1,1,4,1,1,1,0,0,0,1,2,0,,5,26.0,16,3.0,0.0,0.0,0.0,1.0,5.0,0,3.0,1.0,1.0,,,"-742359,797","-1051313,480","-742361,022","-1051310,162",PRAHA4Kam˝k,CIHL¡ÿOVA,,mÌstnÌkomunikace,,,,,,,,,1
2100190792,5,,2019-01-16,3,1750,1,3,0,2,1,2,501,0,0,0,1600,2,1,1,1,4,1,2,1,0,0,0,1,2,0,,3,39.0,09,1.0,0.0,1.0,0.0,1.0,3.0,800,2.0,1.0,1.0,,,"-746530,752","-1045747,684","-746530,701","-1045747,118",PRAHA5Jinonice,PEROUTKOVA,,sledovan·komunikace,,,,,,,,,1
2100190793,6,,2019-01-16,3,1810,1,2,0,2,1,2,403,0,0,0,1800,2,1,1,1,4,1,0,1,3,3,0,4,2,10,,3,42.0,17,1.0,0.0,1.0,0.0,1.0,5.0,800,2.0,1.0,1.0,,,"-741829,668","-1048829,062","-741829,426","-1048828,458",PRAHA4-KrË,VPODZ¡M»Õ,,mÌstnÌkomunikace,,,,,,,,,1
2100190794,8,,2019-01-16,3,1720,1,3,0,2,1,2,410,0,0,0,210,2,1,1,1,4,1,1,1,0,5,10,1,2,0,,3,60.0,12,1.0,0.0,1.0,0.0,1.0,5.0,10,2.0,1.0,1.0,,,"-740624,408","-1041836,568","-740624,749","-1041836,223",PRAHA7Holeöovice,JATE»NÕ,,sledovan·komunikace,,,,,,,,,1
2100190795,5,,2019-01-16,3,1840,1,4,0,2,1,2,503,0,0,0,2000,2,1,1,1,4,1,2,1,0,5,1,1,2,0,,3,4.0,12,1.0,0.0,1.0,0.0,1.0,1.0,1200,3.0,1.0,1.0,,,"-740824,405","-1048467,475","-740826,885","-1048466,122",PRAHA4KrË,BUDÃJOVICK¡,,sledovan·komunikace,,,,,,,,,1
2100190796,4,,2019-01-16,3,1923,8,3,0,2,1,2,403,0,0,0,150,2,1,1,1,4,1,0,7,3,3,2,5,2,19,,3,39.0,01,1.0,0.0,1.0,0.0,1.0,53.0,100,2.0,1.0,1.0,,,"-740571,739","-1042576,655","-740571,950","-1042576,693",PRAHA8KARLÕN,,,uzel,,,,,,,,,1
2100190797,6,,2019-01-16,3,1945,2,0,0,2,1,2,508,0,0,0,350,2,1,1,1,4,1,1,1,0,0,0,1,2,0,,3,39.0,17,3.0,0.0,1.0,0.0,1.0,5.0,150,2.0,1.0,1.0,,,"-731584,488","-1042917,430","-731584,979","-1042916,220",PRAHA9-»ern˝Most,ARNOäTAVALENTY,,mÌstnÌkomunikace,,,,,,,,,1
2100190798,6,,2019-01-16,3,2560,2,0,0,2,1,0,516,0,0,0,200,1,1,1,1,1,1,1,1,0,0,0,1,2,0,,17,,XX,,,,,,,0,,,,,,"-741212,563","-1043931,581","-741211,421","-1043928,408",PRAHA2Vinohrady,VOZOV¡,,sledovan·komunikace,,,,,,,,,1
2100190799,6,,2019-01-16,3,2025,1,2,0,2,1,3,511,0,0,0,1200,2,1,1,1,4,1,0,1,3,3,0,4,2,10,,3,4.0,03,1.0,0.0,1.0,0.0,1.0,5.0,500,2.0,4.0,0.0,,,"-749871,677","-1046162,740","-749872,111","-1046162,726",PRAHA5Stod˘lky,,,mÌstnÌkomunikace,,,,,,,,,1
2100190800,6,,2019-01-16,3,1917,2,0,0,2,1,2,502,0,0,0,600,2,1,1,1,4,1,1,1,0,0,0,1,2,0,,3,2.0,14,1.0,0.0,1.0,0.0,1.0,5.0,400,2.0,1.0,1.0,,,"-740649,942","-1043750,982","-740650,509","-1043752,542",PRAHA3éiûkov,BOÿIVOJOVA,,mÌstnÌkomunikace,,,,,,,,,1
2100190801,4,,2019-01-16,3,2250,1,4,0,2,1,2,503,0,0,0,400,2,1,1,1,4,1,0,1,3,3,0,5,2,19,,3,48.0,10,3.0,0.0,1.0,0.0,1.0,27.0,200,2.0,1.0,1.0,,,"-736116,476","-1047790,773","-736117,105","-1047793,869",PRAHA10Hostiva¯,äVEHLOVA,,uzel,,,,,,,,,1
2100190802,4,,2019-01-16,3,2255,1,3,0,2,1,0,405,0,0,0,800,2,1,1,1,4,1,0,1,3,3,0,4,2,19,,17,,XX,,,,,,,0,,,,,,"-742295,958","-1048345,933","-742295,127","-1048351,679",PRAHA4,ät˙rova,,mÌstnÌkomunikace,,2376160.0,,Souhlasn˝sesmÏrem˙seku,Pomal˝,554782.0,470295.0,GN_V0.1UIR-ADR_410,1
2100190803,4,,2019-01-17,4,20,3,0,9,2,1,2,205,0,0,0,500,2,1,1,1,4,1,0,1,3,3,0,4,1,19,,3,2.0,13,1.0,0.0,1.0,0.0,1.0,13.0,400,2.0,1.0,1.0,,,"-736861,030","-1044958,761","-736860,642","-1044958,777",PRAHA10Straönice,⁄VALSK¡x»ernokosteleck·xLimuzsk·,,uzel,,,,,,,,,1
2100190804,6,,2019-01-17,4,60,3,0,2,2,1,0,516,0,0,0,110,2,1,1,1,4,1,1,1,0,0,0,1,1,0,,3,31.0,98,3.0,0.0,4.0,0.0,1.0,5.0,100,9.0,,,,,"-751455,709","-1048433,584","-751454,385","-1048434,285",Praha5-ÿeporyje,KZADNÕKOPANINÃ,,sledovan·komunikace,,,,,,,,,1
2100190805,5,,2019-01-17,4,209,1,2,0,2,1,2,411,0,0,0,500,2,1,1,1,4,1,2,1,0,5,0,1,2,0,,3,17.0,15,13.0,0.0,1.0,0.0,1.0,3.0,300,2.0,1.0,1.0,,,"-741844,106","-1043241,793","-741843,827","-1043241,989",PRAHA1,OPLETALOVA,,sledovan·komunikace,,,,,,,,,1
2100190806,5,,2019-01-01,2,860,2,0,0,2,1,0,502,0,0,0,250,2,1,1,1,1,1,2,1,0,0,0,1,2,0,,5,32.0,10,3.0,0.0,1.0,0.0,1.0,1.0,150,2.0,1.0,1.0,,,"-743074,893","-1043563,052","-743074,414","-1043564,51",Praha1,N·rodnÌ,,mÌstnÌkomunikace,,1396887.0,,OpaËn˝kesmÏru˙seku,Pomal˝,554782.0,461920.0,GN_V0.1UIR-ADR_410,1
2100190807,5,,2019-01-17,4,730,1,2,0,2,1,2,411,0,0,0,550,2,1,1,1,2,1,5,1,0,5,0,1,2,0,,7,48.0,14,9.0,0.0,1.0,0.0,1.0,1.0,50,4.0,1.0,1.0,,,"-735364,818","-1040760,536","-735363,448","-1040758,940",PRAHA9VysoËany,KBELSK¡,,sledovan·komunikace,,,,,,,,,1
2100190808,6,,2019-01-17,4,650,1,3,0,2,1,2,403,0,0,0,1000,2,1,1,1,6,1,0,1,3,3,2,4,2,10,,5,12.0,18,3.0,0.0,1.0,0.0,1.0,5.0,500,2.0,1.0,1.0,,,"-728212,352","-1042083,337","-728212,332","-1042083,442",PRAHA9HornÌPoËernice,"KOM¡ROVSK¡,BÃLU“SK¡",,mÌstnÌkomunikace,,,,,,,,,1
2100190809,5,,2019-01-17,4,820,1,2,0,2,1,2,411,0,0,0,600,2,1,1,1,1,1,2,1,0,5,0,1,2,0,,3,39.0,17,3.0,0.0,1.0,0.0,1.0,5.0,200,2.0,1.0,1.0,,,"-737528,359","-1051175,960","-737528,504","-1051175,631",PRAHA4,NAJELEN¡CH,,sledovan·komunikace,,,,,,,,,1
2100190810,5,,2019-01-17,4,835,1,4,0,2,1,2,201,0,0,0,10,2,1,1,1,1,1,2,1,0,0,0,1,2,0,,3,47.0,10,1.0,0.0,1.0,0.0,1.0,1.0,5,2.0,1.0,1.0,,,"-738122,985","-1051223,562","-738125,445","-1051229,747",PRAHA11,NAJELEN¡CH,,sledovan·komunikace,,,,,,,,,1
2100190811,5,,2019-01-17,4,920,1,4,0,2,1,2,503,0,0,0,1400,2,1,1,1,1,1,5,1,0,0,0,1,2,0,,3,39.0,11,3.0,0.0,1.0,0.0,1.0,1.0,800,2.0,1.0,1.0,,,"-738355,559","-1045421,943","-738354,275","-1045421,087",PRAHA10Straönice,PRŸBÃéN¡,,uzel,,,,,,,,,1
2100190812,8,,2019-01-16,3,2058,2,0,0,2,1,0,516,0,0,0,150,3,1,5,1,4,1,1,1,0,0,10,1,2,0,,17,,XX,,,,,,,0,,,,,,"-740340,310","-1051930,639","-740340,917","-1051926,632",PRAHA4Kunratice,DOBRONICK¡,,sledovan·komunikace,,,,,,,,,1
2100190813,5,,2019-01-17,4,930,1,3,0,2,1,2,411,0,0,0,110,2,1,1,1,1,1,2,1,0,5,0,1,2,0,,3,39.0,,1.0,0.0,1.0,0.0,1.0,1.0,40,2.0,1.0,1.0,,,"-737497,842","-1035629,526","-737496,255","-1035628,062",PRAHA2,Resslova,,silnice1.t¯Ìdy,8,1397488.0,,Souhlasn˝sesmÏrem˙seku,Pomal˝,554782.0,507610.0,GN_V0.1UIR-ADR_410,1
2100190814,5,,2019-01-17,4,1030,1,2,0,2,1,2,411,0,0,0,400,2,1,1,1,1,1,2,1,0,5,0,1,2,0,,3,39.0,09,1.0,0.0,1.0,0.0,1.0,1.0,300,2.0,1.0,1.0,,,"-736857,113","-1038332,779","-736853,892","-1038331,426",PRAHA9,KBELSK¡,,uzel,,,,,,,,,1
2100190815,6,,2019-01-17,4,1200,1,3,0,2,1,2,404,0,0,0,1600,2,1,1,1,1,1,0,1,0,5,2,4,2,10,,3,39.0,10,1.0,0.0,1.0,0.0,1.0,5.0,800,3.0,1.0,1.0,,,"-740252,423","-1044352,736","-740252,423","-1044354,000",PRAHA3éiûkov,PÿEMYSLOVSK¡,,mÌstnÌkomunikace,,,,,,,,,1
2100190816,6,,2019-01-17,4,2560,2,0,0,2,1,0,516,0,0,0,300,2,3,1,1,1,1,1,1,0,0,0,1,2,0,,17,,XX,,,,,,,0,,,,,,"-744404,067","-1040019,650","-744404,899","-1040022,106",PRAHA6Dejvice,PODPAçANKOU,,mÌstnÌkomunikace,,,,,,,,,1
2100190817,6,,2019-01-09,3,2560,3,0,2,2,1,0,516,0,0,0,260,2,1,1,1,1,1,1,1,0,0,0,1,1,0,,17,,XX,,,,,,,0,,,,,,"-748638,111","-1053758,149","-748637,855","-1053758,057",PRAHA5,NaBetonce,,mÌstnÌkomunikace,,2774076.0,,Souhlasn˝sesmÏrem˙seku,Pomal˝,554782.0,495662.0,GN_V0.1UIR-ADR_410,1
2100190818,8,,2019-01-17,4,1225,1,4,0,2,1,2,503,0,0,0,300,2,3,1,1,1,1,1,1,0,0,10,1,2,0,,3,4.0,08,3.0,0.0,1.0,0.0,1.0,5.0,200,3.0,1.0,1.0,,,"-734328,206","-1041671,728","-734328,206","-1041671,728",PRAHA14,Kolbenova,,mÌstnÌkomunikace,,,,,,,,,1
2100190819,5,,2019-01-17,4,2560,2,0,0,2,1,0,516,0,0,0,200,2,1,1,1,1,1,2,1,0,0,0,1,2,0,,17,,XX,,,,,,,0,,,,,,"-743281,320","-1044259,985","-743281,320","-1044259,000",PRAHA2,AntalaStaöka,,sledovan·komunikace,,,,,,,,,1
2100190820,6,,2019-01-17,4,1360,2,0,0,2,1,0,509,0,0,0,110,2,1,1,1,1,1,1,1,0,0,0,1,2,0,,3,7.0,16,1.0,0.0,1.0,0.0,1.0,5.0,100,2.0,1.0,1.0,,,"-733529,100","-1050043,381","-733528,377","-1050043,296",PETROVICEPetrovice,REZLEROVA,,mÌstnÌkomunikace,,,,,,,,,1
2100190821,6,,2019-01-17,4,2560,2,0,0,2,1,0,516,0,0,0,300,2,1,1,1,1,1,1,1,0,0,0,1,2,0,,17,,XX,,,,,,,0,,,,,,"-737042,181","-1050857,084","-737039,915","-1050852,749",PRAHA11(CHODOV)Chodov,MODLETICK¡,,mÌstnÌkomunikace,,,,,,,,,1
2100190822,8,,2019-01-17,4,1420,1,4,0,2,1,2,504,0,0,0,1000,3,1,1,1,1,1,1,1,0,0,10,1,2,0,,3,41.0,06,1.0,0.0,1.0,0.0,1.0,5.0,200,2.0,1.0,1.0,,,"-744356,670","-1044321,118","-744356,670","-1044321,118",PRAHA5SmÌchov,KARTOUZSK¡,,mÌstnÌkomunikace,,,,,,,,,1
2100190823,8,,2019-01-17,4,1505,2,0,0,2,1,2,502,0,0,0,1400,2,1,1,1,1,1,1,1,0,0,10,1,3,0,,3,39.0,16,1.0,0.0,1.0,0.0,1.0,5.0,600,2.0,1.0,1.0,,,"-737256,888","-1044446,360","-737258,588","-1044446,514",PRAHA10Maleöice,PLA“ANSK¡,,mÌstnÌkomunikace,,,,,,,,,1