IDENTIFIKA»NÕ »ÕSLO,DRUH POZEMNÕ KOMUNIKACE,»ÕSLO POZEMNÕ KOMUNIKACE,"den, mÏsÌc, rok",,Ëas ,DRUH NEHODY,DRUH SR¡éKY JEDOUCÕCH VOZIDEL,DRUH PEVN… PÿEK¡éKY,CHARAKTER NEHODY,ZAVINÃNÕ NEHODY,ALKOHOL U VINÕKA NEHODY PÿÕTOMEN,HLAVNÕ PÿÕ»INY NEHODY,usmrceno osob,tÏûce zranÏno osob,lehce zranÏno osob,CELKOV¡ HMOTN¡ äKODA,DRUH POVRCHU VOZOVKY,STAV POVRCHU VOZOVKY V DOBÃ NEHODY,STAV KOMUNIKACE,POVÃTRNOSTNÕ PODMÕNKY V DOBÃ NEHODY,VIDITELNOST,ROZHLEDOV… POMÃRY,DÃLENÕ KOMUNIKACE,SITUOV¡NÕ NEHODY NA KOMUNIKACI,ÿÕZENÕ PROVOZU V DOBÃ NEHODY,MÕSTNÕ ⁄PRAVA PÿEDNOSTI V JÕZDÃ,SPECIFICK¡ MÕSTA A OBJEKTY V MÕSTÃ NEHODY,SMÃROV… POMÃRY,PO»ET Z⁄»ASTNÃN›CH VOZIDEL,MÕSTO DOPRAVNÕ NEHODY,DRUH KÿIéUJÕCÕ KOMUNIKACE,DRUH VOZIDLA,V›ROBNÕ ZNA»KA MOTOROV…HO VOZIDLA,ROK V›ROBY VOZIDLA,CHARAKTERISTIKA VOZIDLA ,SMYK,VOZIDLO PO NEHODÃ,"⁄NIK PROVOZNÕCH, PÿEPRAVOVAN›CH HMOT",ZPŸSOB VYPROäTÃNÕ OSOB Z VOZIDLA,SMÃR JÕZDY NEBO POSTAVENÕ VOZIDLA,äKODA NA VOZIDLE,KATEGORIE ÿIDI»E,STAV ÿIDI»E,VNÃJäÕ OVLIVNÃNÕ ÿIDI»E,nan.1,nan.2,nan.3,nan.4,nan.5,nan.6,nan.7,nan.8,nan.9,nan.10,nan.11,nan.12,nan.13,nan.14,nan.15,nan.16,nan.17,nan.18,LOKALITA NEHODY
2100190824,6,,2019-01-17,4,760,1,2,0,2,1,0,501,0,0,0,10,2,3,1,1,1,1,1,1,0,0,0,1,2,0,,17,,XX,,,,,,,0,,,,,,"-741893,984","-1038016,301","-741894,110","-1038016,805",PRAHA8Bohnice,⁄STAVNÕ,,mÌstnÌkomunikace,,,,,,,,,1
2100190825,6,,2019-01-15,2,2560,2,0,0,2,1,0,516,0,0,0,500,4,1,1,1,1,1,1,1,0,0,0,1,2,0,,17,,XX,,,,,,,0,,,,,,"-743947,812","-1038033,656","-743948,277","-1038033,118",PRAHA6Sedlec,PÿERUäEN¡,,mÌstnÌkomunikace,,,,,,,,,1
2100190826,5,,2019-01-17,4,1520,1,2,0,2,1,2,408,0,0,0,150,2,3,1,1,1,1,2,1,0,5,7,1,2,0,,8,78.0,15,5.0,0.0,1.0,0.0,1.0,1.0,50,4.0,1.0,1.0,,,"-736165,967","-1050323,878","-736165,938","-1050324,731",PRAHA11(CHODOV)H·je,OPATOVSK¡,,mÌstnÌkomunikace,,,,,,,,,1
2100190827,5,,2019-01-17,4,1520,0,0,0,2,0,0,100,0,0,0,20,2,1,12,1,1,1,6,1,0,0,0,1,1,0,,5,62.0,11,3.0,0.0,1.0,0.0,1.0,1.0,20,3.0,1.0,4.0,,,"-737082,167","-1046765,485","-737082,441","-1046764,161",PRAHA10,JIéNÕSPOJKA,,sledovan·komunikace,,,,,,,,,1
2100190828,5,,2019-01-17,4,1530,1,3,0,2,1,2,411,0,0,0,150,2,1,1,1,1,1,3,1,0,5,0,1,2,0,,3,47.0,06,1.0,1.0,1.0,0.0,1.0,3.0,100,2.0,1.0,1.0,,,"-735854,835","-1039893,012","-735854,277","-1039892,545",PRAHA9VysoËany,KBELSK¡,,sledovan·komunikace,,,,,,,,,1
2100190829,5,,2019-01-17,4,1615,1,4,0,2,1,2,503,0,0,0,500,2,1,1,1,1,1,2,1,0,0,0,1,2,0,,3,39.0,09,3.0,0.0,1.0,0.0,1.0,1.0,300,2.0,1.0,1.0,,,"-744123,533","-1046954,298","-744124,267","-1046954,191",PRAHA5HluboËepy,STRAKONICK¡,,sledovan·komunikace,,,,,,,,,1
2100190830,6,,2019-01-17,4,2560,2,0,0,2,1,0,516,0,0,0,100,2,1,1,1,1,1,1,1,0,0,0,1,2,0,,17,,XX,,,,,,,0,,,,,,"-743039,537","-1051151,791","-743037,198","-1051151,206",PRAHA4Kam˝k,SEIDLOVA,,mÌstnÌkomunikace,,,,,,,,,1
2100190831,5,,2019-01-17,4,1700,1,4,0,2,1,2,503,0,0,0,500,2,1,1,1,2,1,2,1,0,0,0,1,2,0,,3,31.0,96,1.0,0.0,0.0,0.0,1.0,1.0,100,2.0,1.0,1.0,,,"-754059,699","-1047201,295","-754064,343","-1047204,536",PRAHA5STODŸLKY,PRAéSK›OKRUH,,sledovan·komunikace,,,,,,,,,1
2100190832,8,,2019-01-17,4,1625,2,0,0,2,1,2,502,0,0,0,900,1,1,1,1,1,1,1,1,0,0,10,1,2,0,,7,40.0,04,3.0,0.0,1.0,0.0,1.0,5.0,0,4.0,1.0,1.0,,,"-732524,496","-1050067,961","-732524,496","-1050067,961",PRAHA10Uh¯ÌnÏves,FrantiökaDiviöe,,mÌstnÌkomunikace,,,,,,,,,1
2100190833,6,,2019-01-17,4,1720,1,4,0,2,1,2,503,0,0,0,200,2,1,1,1,4,1,1,1,0,5,1,1,2,0,,3,32.0,11,1.0,0.0,1.0,0.0,1.0,5.0,0,2.0,1.0,1.0,,,"-744813,288","-1052277,523","-744813,295","-1052277,522",PRAHA4,NAHAVR¡NCE,,mÌstnÌkomunikace,,,,,,,,,1
2100190834,6,,2019-01-17,4,1705,3,0,9,2,1,2,504,0,0,0,250,2,1,1,1,2,1,1,1,0,0,0,1,1,0,,3,31.0,09,1.0,0.0,1.0,0.0,1.0,5.0,150,2.0,1.0,1.0,,,"-738259,098","-1044469,846","-738259,089","-1044469,907",PRAHA10Straönice,PO»ERNICK¡,,˙Ëelov·komunikace,,,,,,,,,1
2100190835,6,,2019-01-01,2,2560,2,0,0,2,1,0,516,0,0,0,300,2,1,1,1,1,1,1,1,0,0,0,1,2,0,,17,,XX,,,,,,,0,,,,,,"-738326,831","-1045007,260","-738326,865","-1045006,747",PRAHA10Straönice,KR¡TK¡,,mÌstnÌkomunikace,,,,,,,,,1
2100190836,8,,2019-01-17,4,1730,2,0,0,2,1,2,504,0,0,0,20,1,1,1,1,4,1,1,1,0,0,10,1,2,0,,3,35.0,07,1.0,0.0,1.0,0.0,1.0,5.0,10,2.0,1.0,1.0,,,"-742212,580","-1042358,030","-742212,580","-1042358,030",PRAHA1NovÈMÏsto,n·b¯.LudvÌkaSvobody,,mÌstnÌkomunikace,,,,,,,,,1
2100190837,6,,2019-01-16,3,2560,2,0,0,2,1,0,516,0,0,0,10,2,1,1,1,1,1,1,1,0,0,0,1,2,0,,17,,XX,,,,,,,0,,,,,,"-744240,790","-1048772,235","-744239,453","-1048773,298",PRAHA4,BEZOV¡,,mÌstnÌkomunikace,,,,,,,,,1
2100190838,5,,2019-01-17,4,1706,4,0,0,1,3,0,100,0,0,1,50,2,1,1,1,1,1,2,7,0,0,0,1,1,0,,10,0.0,,5.0,0.0,1.0,0.0,1.0,1.0,50,8.0,1.0,1.0,,,"-743155,423","-1044342,325","-743156,541","-1044341,999",PRAHA2NovÈMÏsto,KARLOVON¡M.,,sledovan·komunikace,,,,,,,,,1
2100190839,6,,2019-01-17,4,1730,1,4,0,2,1,2,503,0,0,0,300,2,1,1,1,4,1,1,1,0,0,0,2,2,0,,3,47.0,13,1.0,0.0,1.0,0.0,1.0,5.0,200,2.0,1.0,1.0,,,"-737653,569","-1039220,438","-737651,695","-1039218,646",PRAHA9St¯Ìûkov,LEVÕNSK¡,,uzel,,,,,,,,,1
2100190840,5,,2019-01-17,4,1830,1,1,0,2,1,2,409,0,0,0,150,2,1,1,1,4,1,1,1,0,5,10,1,2,0,,3,39.0,11,1.0,0.0,1.0,0.0,1.0,5.0,0,2.0,1.0,1.0,,,"-734631,051","-1048574,392","-734630,848","-1048574,640",PRAHA10,HORNOMÃCHOLUPSK¡,,sledovan·komunikace,,,,,,,,,1
2100190841,5,,2019-01-17,4,1725,4,0,0,1,1,2,412,0,1,0,500,2,1,1,1,4,1,0,1,2,0,1,4,1,10,,3,13.0,99,1.0,0.0,1.0,0.0,1.0,1.0,500,3.0,1.0,1.0,,,"-740456,563","-1039066,578","-740455,970","-1039065,475",PRAHA8Kobylisy,»IMICK¡,,sledovan·komunikace,,,,,,,,,1
2100190842,5,,2019-01-17,4,1805,1,2,0,2,1,2,502,0,0,0,150,2,1,1,1,4,1,2,1,0,0,0,1,2,0,,5,26.0,12,3.0,0.0,1.0,0.0,1.0,1.0,0,3.0,1.0,1.0,,,"-742461,197","-1044409,826","-742460,612","-1044406,623",PRAHA2NovÈMÏsto,JE»N¡,,uzel,,,,,,,,,1
2100190843,5,,2019-01-17,4,1750,4,0,0,1,1,2,508,0,0,1,1400,2,1,1,1,4,1,2,1,0,0,0,1,1,0,,3,13.0,09,3.0,0.0,1.0,0.0,1.0,1.0,700,2.0,1.0,1.0,,,"-746852,930","-1042862,988","-746852,935","-1042862,941",PRAHA6B¯evnov,BÃLOHORSK¡,,sledovan·komunikace,,,,,,,,,1
2100190844,8,,2019-01-17,4,2560,2,0,0,2,1,0,516,0,0,0,200,3,1,1,1,1,1,1,1,0,0,10,1,2,0,,17,,XX,,,,,,,0,,,,,,"-741002,220","-1047697,967","-741002,364","-1047693,300",PRAHA4Michle,VYSKO»ILOVA,,sledovan·komunikace,,,,,,,,,1
2100190845,8,,2019-01-17,4,2560,3,0,9,2,1,0,516,0,0,0,150,2,1,1,1,1,1,1,1,0,0,10,1,1,0,,17,,XX,,,,,,,0,,,,,,"-740255,464","-1048582,173","-740255,982","-1048582,874",PRAHA4Michle,KEGAR¡éÕM,,uzel,,,,,,,,,1
2100190846,5,,2019-01-17,4,1830,1,2,0,2,1,2,411,0,0,0,300,2,1,1,1,4,1,6,1,0,5,0,1,2,0,,5,32.0,02,2.0,0.0,1.0,0.0,1.0,1.0,250,2.0,1.0,1.0,,,"-730575,956","-1041594,008","-730570,725","-1041595,244",PRAHA20,PRAéSK›OKRUH,,uzel,,,,,,,,,1
2100190847,6,,2019-01-17,4,2560,2,0,0,2,1,0,516,0,0,0,50,1,1,1,1,1,1,1,1,0,0,0,1,2,0,,17,,XX,,,,,,,0,,,,,,"-746604,339","-1042546,909","-746604,530","-1042543,575",PRAHA6B¯evnov,CVI»EBN¡,,mÌstnÌkomunikace,,,,,,,,,1
2100190848,5,,2019-01-17,4,2020,1,2,0,2,1,2,411,0,0,0,450,2,1,1,1,4,1,2,1,0,5,0,1,2,0,,5,40.0,04,3.0,0.0,0.0,0.0,1.0,1.0,50,3.0,1.0,1.0,,,"-743397,731","-1044511,701","-743397,441","-1044513,684",PRAHA2NovÈMÏsto,NAMOR¡NI,,sledovan·komunikace,,,,,,,,,1
2100190849,6,,2019-01-17,4,1830,3,0,6,2,1,2,502,0,0,0,500,2,1,1,1,4,1,1,1,0,5,1,1,1,0,,7,62.0,13,3.0,0.0,1.0,0.0,1.0,5.0,0,3.0,1.0,1.0,,,"-732695,555","-1044112,257","-732695,520","-1044112,272",PRAHA9,PILSK¡,,mÌstnÌkomunikace,,,,,,,,,1
2100190850,6,,2019-01-17,4,1900,2,0,0,2,1,2,509,0,0,0,300,2,1,1,1,4,1,1,1,0,0,0,1,2,0,,3,47.0,,1.0,0.0,1.0,0.0,1.0,5.0,100,2.0,1.0,1.0,,,"-744836,826","-1040483,640","-744835,313","-1040485,329",PRAHA6Dejvice,NADIONYSCE,,mÌstnÌkomunikace,,,,,,,,,1
2100190851,4,,2019-01-17,4,1950,1,2,0,2,1,2,405,0,0,0,1100,2,1,1,1,4,1,0,1,2,0,0,4,2,19,,8,78.0,12,5.0,0.0,1.0,0.0,1.0,28.0,300,4.0,1.0,1.0,,,"-734695,131","-1043617,478","-734694,882","-1043616,921",PRAHA14(»ERN›MOST)HloubÏtÌn,,,uzel,,,,,,,,,1
2100190852,4,,2019-01-17,4,2235,1,2,0,2,1,2,403,0,0,0,500,2,1,1,1,4,1,0,1,3,3,0,4,2,29,,3,39.0,12,1.0,0.0,1.0,0.0,1.0,41.0,400,3.0,1.0,1.0,,,"-740695,091","-1041016,141","-740695,406","-1041017,399",PRAHA7Holeöovice,ORTENOVON¡M.,,uzel,,,,,,,,,1
2100190853,5,,2019-01-17,4,2345,1,2,0,2,1,2,205,0,0,0,60,2,3,1,1,4,1,2,1,0,0,0,3,2,0,,3,39.0,98,1.0,0.0,1.0,0.0,1.0,1.0,10,2.0,1.0,1.0,,,"-741609,502","-1054748,815","-741610,025","-1054749,621",PRAHA4Cholupice,PODCH›äSK¡,,sledovan·komunikace,,,,,,,,,1
2100190854,5,,2019-01-18,5,210,1,2,0,2,1,0,411,0,0,0,500,2,3,1,1,4,1,2,1,0,5,0,1,2,0,,3,47.0,08,1.0,0.0,4.0,0.0,1.0,1.0,100,9.0,,,,,"-743068,500","-1043562,016","-743068,002","-1043563,905",PRAHA1StarÈMÏsto,N¡RODNÕ,,uzel,,,,,,,,,1
2100190855,5,,2019-01-18,5,240,1,3,0,2,1,2,508,0,0,0,10,2,3,1,1,4,1,2,1,0,5,2,1,2,0,,3,13.0,11,1.0,0.0,1.0,0.0,1.0,1.0,0,2.0,1.0,1.0,,,"-749268,297","-1044358,381","-749268,196","-1044357,195",PRAHA5,PLZE“SK¡,,uzel,,,,,,,,,1
2100190856,5,,2019-01-18,5,430,1,4,0,2,1,2,503,0,0,0,600,1,3,1,1,4,1,2,1,0,5,2,1,2,0,,3,39.0,08,3.0,0.0,1.0,0.0,1.0,1.0,300,2.0,1.0,1.0,,,"-742493,573","-1042423,902","-742493,413","-1042422,177",PRAHA1StarÈ,DVOÿ¡KOVON¡Bÿ.,,uzel,,,,,,,,,1
2100190857,4,,2019-01-18,5,520,1,3,0,1,1,2,402,0,0,1,1610,2,3,1,1,4,1,0,1,3,3,0,5,2,19,,3,13.0,12,3.0,0.0,1.0,0.0,1.0,38.0,800,3.0,1.0,1.0,,,"-744511,865","-1048939,289","-744511,811","-1048939,562",PRAHA4BranÌk,Mod¯ansk·,,uzel,,,,,,,,,1
2100190858,5,,2019-01-18,5,550,0,0,0,2,7,0,609,0,0,0,700,2,3,1,1,4,1,2,1,0,0,0,1,2,0,,5,35.0,10,1.0,0.0,1.0,0.0,1.0,1.0,200,3.0,1.0,1.0,,,"-725528,767","-1041671,538","-725528,928","-1041669,749",PRAHA9,N¡CHODSK¡,,sledovan·komunikace,,,,,,,,,1
2100190859,5,,2019-01-18,5,610,3,0,1,1,1,2,204,0,0,1,1000,2,3,1,3,4,1,2,1,0,0,0,3,1,0,,3,25.0,11,1.0,0.0,1.0,0.0,1.0,1.0,1000,2.0,1.0,1.0,,,"-736696,801","-1040947,196","-736698,803","-1040949,197",PRAHA9VysoËany,VYSO»ANSK¡,,sledovan·komunikace,,,,,,,,,1
2100190860,5,,2019-01-18,5,615,1,2,0,2,1,0,411,0,0,0,800,2,3,1,1,4,1,2,1,0,5,0,1,2,0,,17,,XX,,,,,,,0,,,,,,"-730235,949","-1041153,980","-730236,568","-1041153,131",PRAHA9HornÌPoËernice,PRAéSK›OKRUH,,uzel,,,,,,,,,1
2100190861,5,,2019-01-18,5,645,1,4,0,2,1,2,503,0,0,0,2500,2,1,1,1,4,1,3,1,0,0,0,1,2,0,,3,4.0,17,3.0,0.0,1.0,0.0,1.0,1.0,1500,2.0,1.0,1.0,,,"-745523,753","-1049425,939","-745525,002","-1049425,002",Praha5VELK¡CHUCHLE,STRAKONICK¡,,sledovan·komunikace,,,,,,,,,1
2100190862,6,,2019-01-18,5,708,2,0,0,1,0,0,100,0,0,1,1500,2,3,1,1,4,1,1,1,0,0,0,1,2,0,,3,13.0,05,1.0,0.0,1.0,0.0,1.0,5.0,500,2.0,2.0,0.0,,,"-737086,625","-1046394,097","-737085,474","-1046392,308",PRAHA10Straönice,MUKAÿOVSK¡,,mÌstnÌkomunikace,,,,,,,,,1
2100190863,4,,2019-01-18,5,710,1,2,0,2,1,2,403,0,0,0,800,2,3,1,1,4,1,0,1,3,3,0,7,2,19,,3,39.0,12,3.0,0.0,1.0,0.0,1.0,57.0,300,2.0,1.0,1.0,,,"-736034,502","-1037760,680","-736033,243","-1037761,811",PRAHA9,TUPOLEVOVA,,uzel,,,,,,,,,1
2100190864,5,,2019-01-18,5,720,1,2,0,2,1,2,411,0,0,0,1800,2,3,1,1,2,1,5,1,0,5,0,1,2,0,,3,26.0,17,3.0,0.0,1.0,0.0,1.0,1.0,1000,2.0,1.0,1.0,,,"-744527,835","-1048291,968","-744529,299","-1048292,513",PRAHA4BranÌk,BARRANDOVSK›MOST,,sledovan·komunikace,,,,,,,,,1
2100190865,8,,2019-01-17,4,1748,3,0,9,2,1,0,516,0,0,0,100,2,1,1,1,4,1,1,1,0,0,10,1,1,0,,5,40.0,,9.0,0.0,4.0,0.0,1.0,5.0,0,9.0,,,,,"-752586,296","-1045529,850","-752586,778","-1045530,037",Praha6-ZLI»ÕN,ÿEVNICK¡,,sledovan·komunikace,,,,,,,,,1
2100190866,6,,2019-01-18,5,745,2,0,0,2,1,2,504,0,0,0,200,2,3,1,1,2,1,1,1,0,0,0,1,2,0,,3,21.0,05,1.0,0.0,1.0,0.0,1.0,5.0,100,2.0,1.0,1.0,,,"-746822,461","-1042272,688","-746821,692","-1042272,659",PRAHA6-BÿEVNOV,UvojenskÈnemocnice,,mÌstnÌkomunikace,,2774840.0,,Souhlasn˝sesmÏrem˙seku,Pomal˝,554782.0,475441.0,GN_V0.1UIR-ADR_410,1
2100190867,5,,2019-01-18,5,845,1,3,0,2,1,2,410,0,0,0,5,2,3,1,1,1,1,2,1,0,5,0,1,2,0,,3,31.0,05,9.0,0.0,1.0,0.0,1.0,3.0,0,2.0,1.0,1.0,,,"-743135,331","-1044076,586","-743135,294","-1044075,838",PRAHA2NovÈMÏsto,ODBORŸ,,sledovan·komunikace,,,,,,,,,1
2100190868,4,,2019-01-18,5,730,1,3,0,1,1,2,401,0,0,1,1400,2,3,1,1,2,1,0,1,2,0,0,6,2,19,,3,35.0,04,1.0,0.0,1.0,0.0,1.0,73.0,400,2.0,1.0,1.0,,,"-737562,969","-1050888,403","-737565,989","-1050888,025",PRAHA4Chodov,OPATOVSK¡,,uzel,,,,,,,,,1
2100190869,4,,2019-01-18,5,910,1,1,0,2,1,2,401,0,0,0,1200,2,3,1,1,1,1,0,1,2,0,0,4,2,19,,3,47.0,16,1.0,0.0,1.0,0.0,1.0,73.0,600,3.0,1.0,1.0,,,"-736058,437","-1045064,775","-736057,541","-1045060,495",PRAHA10Straönice,»ERNOKOSTELECK¡,,uzel,,,,,,,,,1
2100190870,5,,2019-01-18,5,846,4,0,0,1,3,8,100,0,0,1,100,2,3,1,1,1,1,5,1,2,0,1,1,1,0,,3,32.0,03,1.0,0.0,1.0,0.0,1.0,1.0,100,2.0,1.0,1.0,,,"-736438,666","-1047609,484","-736444,270","-1047614,769",PRAHA15(HORNÕMÃCHOLUPY)Hostiva¯,äVEHLOVA,,uzel,,,,,,,,,1
2100190871,6,,2019-01-18,5,2560,2,0,0,2,1,0,516,0,0,0,100,2,1,1,1,1,1,1,1,0,0,0,1,2,0,,17,,XX,,,,,,,0,,,,,,"-738751,014","-1050114,876","-738751,82","-1050114,822",PRAHA4-CHODOV,Hr·skÈho,,mÌstnÌkomunikace,,3097942.0,,Souhlasn˝sesmÏrem˙seku,Pomal˝,554782.0,503851.0,GN_V0.1UIR-ADR_410,1
2100190872,6,,2019-01-18,5,955,2,0,0,2,1,2,502,0,0,0,400,2,1,1,1,1,1,1,1,0,0,0,1,2,0,,3,26.0,16,3.0,0.0,1.0,0.0,1.0,5.0,100,3.0,1.0,1.0,,,"-742170,302","-1051324,903","-742172,157","-1051325,350",PRAHA4Kam˝k,PöenËÌkova,,mÌstnÌkomunikace,,,,,,,,,1
2100190873,4,,2019-01-18,5,1052,1,2,0,2,1,2,403,0,0,0,1300,2,3,1,1,1,1,0,1,3,3,0,7,2,19,,3,44.0,08,3.0,0.0,1.0,0.0,1.0,12.0,300,2.0,1.0,1.0,,,"-737362,484","-1053281,940","-737363,366","-1053281,749",PRAHA4,KLABEäK¡M,,uzel,,,,,,,,,1
2100190874,5,,2019-01-18,5,955,1,3,0,2,1,2,411,0,0,0,300,2,3,1,1,1,1,5,1,0,5,0,1,2,0,,7,10.0,11,9.0,0.0,1.0,0.0,1.0,3.0,100,3.0,1.0,1.0,,,"-735341,710","-1040782,643","-735339,214","-1040779,734",PRAHA9VysoËany,KBELSK¡,,sledovan·komunikace,,,,,,,,,1
2100190875,5,,2019-01-18,5,1210,1,3,0,2,1,2,411,0,0,0,300,2,3,1,1,1,1,5,1,0,5,0,1,2,0,,3,13.0,07,1.0,0.0,1.0,0.0,1.0,1.0,100,2.0,1.0,1.0,,,"-737873,720","-1039081,841","-737873,446","-1039083,631",PRAHA8LibeÚ,œ·blick·,,mÌstnÌkomunikace,,,,,,,,,1
2100190876,5,,2019-01-18,5,1215,3,0,4,2,1,2,209,0,0,0,800,2,1,1,7,3,1,3,1,0,0,0,1,1,0,,3,39.0,16,3.0,0.0,0.0,0.0,1.0,1.0,800,2.0,1.0,1.0,,,"-749892,424","-1049739,884","-749893,386","-1049740,488",Praha5Slivenec,PRAéSK›OKRUH,,sledovan·komunikace,,,,,,,,,1
2100190877,5,,2019-01-18,5,1200,1,4,0,2,1,2,503,0,0,0,1100,2,3,1,1,1,1,2,1,0,5,2,1,2,0,,3,32.0,01,1.0,0.0,1.0,0.0,1.0,3.0,800,2.0,1.0,1.0,,,"-734252,438","-1041743,075","-734252,071","-1041742,098",PRAHA9HloubÏtÌn,KOLBENOVA,,sledovan·komunikace,,,,,,,,,1
2100190878,5,,2019-01-18,5,1220,1,3,0,2,1,2,403,0,0,0,800,2,3,1,1,1,1,0,1,3,3,0,4,2,10,,3,44.0,13,1.0,0.0,1.0,0.0,1.0,5.0,400,2.0,1.0,1.0,,,"-727868,767","-1041842,604","-727867,946","-1041840,305",PRAHA9-HORNÕPO»ERNICE,T¯ebeöovsk·,,mÌstnÌkomunikace,,268400.0,,Souhlasn˝sesmÏrem˙seku,Pomal˝,554782.0,493970.0,GN_V0.1UIR-ADR_410,1
2100190879,6,,2019-01-17,4,1110,3,0,3,2,1,0,502,0,0,0,700,2,3,1,1,1,1,1,1,0,0,0,1,1,0,,3,39.0,13,1.0,0.0,1.0,0.0,1.0,5.0,600,2.0,1.0,1.0,,,"-748331,296","-1049833,574","-748331,366","-1049832,248",PRAHA5,KESMÕCHOVU,,mÌstnÌkomunikace,,,,,,,,,1
2100190880,4,,2019-01-18,5,1255,1,4,0,2,1,2,503,0,0,0,1500,2,1,1,1,1,1,0,1,3,3,1,4,3,19,,3,39.0,09,1.0,0.0,1.0,0.0,1.0,42.0,800,4.0,1.0,1.0,,,"-738995,517","-1040312,127","-738993,153","-1040316,081",PRAHA8LibeÚ,N¡M.NASTR¡éI,,uzel,,,,,,,,,1
2100190881,6,,2019-01-18,5,1160,2,0,0,2,1,0,516,0,0,0,600,2,1,1,1,1,1,1,1,0,0,0,1,2,0,,3,26.0,17,3.0,0.0,4.0,0.0,1.0,5.0,200,9.0,,,,,"-744419,487","-1039603,615","-744418,860","-1039605,063",PRAHA6Dejvice,PODPAçANKOU,,mÌstnÌkomunikace,,,,,,,,,1
2100190882,6,,2019-01-17,4,2560,2,0,0,2,1,0,516,0,0,0,200,2,1,1,1,1,1,1,1,0,0,0,1,2,0,,17,,XX,,,,,,,0,,,,,,"-737652,772","-1044108,143","-737654,326","-1044108,746",PRAHA10-VINOHRADY,Ukrbu,,mÌstnÌkomunikace,,2778773.0,,,Pomal˝,554782.0,473600.0,GN_V0.1UIR-ADR_410,1
2100190883,5,,2019-01-18,5,1305,1,3,0,2,1,2,411,0,0,0,200,2,1,1,1,1,1,5,1,0,5,0,1,2,0,,3,39.0,06,1.0,0.0,1.0,0.0,1.0,3.0,100,2.0,1.0,1.0,,,"-735842,816","-1039912,258","-735839,852","-1039909,776",PRAHA9VysoËany,KBELSK¡,,sledovan·komunikace,,,,,,,,,1
2100190884,6,,2019-01-18,5,1320,2,0,0,2,1,2,502,0,0,0,200,1,1,1,1,1,1,1,1,0,0,0,1,2,0,,3,13.0,11,3.0,0.0,1.0,0.0,1.0,5.0,0,2.0,1.0,1.0,,,"-742339,840","-1042572,155","-742341,524","-1042572,269",PRAHA1StarÈMÏsto,HRADEBNÕ,,mÌstnÌkomunikace,,,,,,,,,1
2100190885,5,,2019-01-18,5,1400,1,4,0,2,1,2,504,0,0,0,600,2,1,1,1,1,1,2,1,0,0,0,1,2,0,,3,35.0,15,3.0,0.0,0.0,0.0,1.0,1.0,300,2.0,1.0,1.0,,,"-742224,334","-1044600,324","-742224,324","-1044600,323",PRAHA2Vinohrady,RUMUNSK¡,,uzel,,,,,,,,,1
2100190886,8,,2019-01-18,5,1335,1,3,0,2,1,2,410,0,0,0,200,2,1,1,1,1,1,1,1,0,5,10,1,2,0,,3,39.0,03,1.0,0.0,1.0,0.0,1.0,5.0,100,2.0,1.0,1.0,,,"-735982,476",-1036715,"-735988,411","-1036720,199",PRAHA9-»AKOVICE,Kosteleck·,,mÌstnÌkomunikace,,2777434.0,,,Pomal˝,554782.0,444723.0,GN_V0.1UIR-ADR_410,1
2100190887,4,,2019-01-18,5,1410,1,2,0,2,1,2,402,0,0,0,1200,2,2,1,1,1,1,0,1,3,3,0,5,2,19,,3,39.0,05,1.0,0.0,1.0,0.0,1.0,36.0,400,2.0,1.0,1.0,,,"-748225,797","-1043344,869","-748225,823","-1043344,954",PRAHA6B¯evnov,KUKULOVA,,uzel,,,,,,,,,1
2100190888,6,,2019-01-16,3,2560,2,0,0,2,1,0,516,0,0,0,200,2,1,1,1,1,1,1,1,0,0,0,1,2,0,,17,,XX,,,,,,,0,,,,,,"-746729,156","-1044694,499","-746728,913","-1044697,409",PRAHA5,MusÌlkova,,mÌstnÌkomunikace,,,,,,,,,1
2100190889,5,,2019-01-18,5,2560,3,0,2,2,1,0,516,0,0,0,500,2,1,1,1,1,1,2,7,0,0,0,1,1,0,,17,,XX,,,,,,,0,,,,,,"-737296,619","-1046548,005","-737297,613","-1046547,680",PRAHA10Straönice,PRŸBÃéN¡,,sledovan·komunikace,,,,,,,,,1
2100190890,6,,2019-01-18,5,2560,2,0,0,2,1,0,516,0,0,0,10,2,1,1,1,1,1,1,1,0,0,0,1,2,0,,17,,XX,,,,,,,0,,,,,,"-751251,391","-1041466,217","-751249,987","-1041467,979",PRAHA6RuzynÏ,DÃDINSK¡,,mÌstnÌkomunikace,,,,,,,,,1
2100190891,5,,2019-01-18,5,1405,1,4,0,2,1,2,503,0,0,0,900,2,1,1,1,1,1,3,1,0,0,0,1,2,0,,3,27.0,02,1.0,0.0,1.0,0.0,1.0,3.0,500,2.0,1.0,1.0,,,"-736939,806","-1036476,737","-736936,467","-1036475,378",PRAHA8-œ¡BLICE,CÌnoveck·,,mÌstnÌkomunikace,,710452.0,,Souhlasn˝sesmÏrem˙seku,Pomal˝,554782.0,507610.0,GN_V0.1UIR-ADR_410,1
2100190892,4,,2019-01-18,5,1535,1,2,0,2,1,2,405,0,0,0,1400,2,3,1,1,1,1,0,1,2,0,0,4,2,19,,3,39.0,10,1.0,0.0,1.0,0.0,1.0,28.0,600,2.0,1.0,1.0,,,"-731673,255","-1042440,848","-731673,015","-1042441,080",PRAHA9»ern˝Most,OCELKOVA,,uzel,,,,,,,,,1
2100190893,5,,2019-01-18,5,1440,1,3,0,2,1,2,403,0,0,0,900,2,1,1,1,1,1,0,1,3,3,0,5,2,10,,3,39.0,00,1.0,0.0,1.0,0.0,1.0,5.0,500,2.0,1.0,1.0,,,"-738804,161","-1040568,751","-738804,121","-1040569,069",PRAHA8LibeÚ,ZENKLOVAxNADÃDINCE,,sledovan·komunikace,,,,,,,,,1