IDENTIFIKA»NÕ »ÕSLO,DRUH POZEMNÕ KOMUNIKACE,»ÕSLO POZEMNÕ KOMUNIKACE,"den, mÏsÌc, rok",,Ëas ,DRUH NEHODY,DRUH SR¡éKY JEDOUCÕCH VOZIDEL,DRUH PEVN… PÿEK¡éKY,CHARAKTER NEHODY,ZAVINÃNÕ NEHODY,ALKOHOL U VINÕKA NEHODY PÿÕTOMEN,HLAVNÕ PÿÕ»INY NEHODY,usmrceno osob,tÏûce zranÏno osob,lehce zranÏno osob,CELKOV¡ HMOTN¡ äKODA,DRUH POVRCHU VOZOVKY,STAV POVRCHU VOZOVKY V DOBÃ NEHODY,STAV KOMUNIKACE,POVÃTRNOSTNÕ PODMÕNKY V DOBÃ NEHODY,VIDITELNOST,ROZHLEDOV… POMÃRY,DÃLENÕ KOMUNIKACE,SITUOV¡NÕ NEHODY NA KOMUNIKACI,ÿÕZENÕ PROVOZU V DOBÃ NEHODY,MÕSTNÕ ⁄PRAVA PÿEDNOSTI V JÕZDÃ,SPECIFICK¡ MÕSTA A OBJEKTY V MÕSTÃ NEHODY,SMÃROV… POMÃRY,PO»ET Z⁄»ASTNÃN›CH VOZIDEL,MÕSTO DOPRAVNÕ NEHODY,DRUH KÿIéUJÕCÕ KOMUNIKACE,DRUH VOZIDLA,V›ROBNÕ ZNA»KA MOTOROV…HO VOZIDLA,ROK V›ROBY VOZIDLA,CHARAKTERISTIKA VOZIDLA ,SMYK,VOZIDLO PO NEHODÃ,"⁄NIK PROVOZNÕCH, PÿEPRAVOVAN›CH HMOT",ZPŸSOB VYPROäTÃNÕ OSOB Z VOZIDLA,SMÃR JÕZDY NEBO POSTAVENÕ VOZIDLA,äKODA NA VOZIDLE,KATEGORIE ÿIDI»E,STAV ÿIDI»E,VNÃJäÕ OVLIVNÃNÕ ÿIDI»E,nan.1,nan.2,nan.3,nan.4,nan.5,nan.6,nan.7,nan.8,nan.9,nan.10,nan.11,nan.12,nan.13,nan.14,nan.15,nan.16,nan.17,nan.18,LOKALITA NEHODY
2100190894,5,,2019-01-18,5,1535,1,4,0,2,1,2,503,0,0,0,2000,2,1,1,1,1,1,3,1,0,0,0,1,2,0,,3,8.0,17,1.0,0.0,1.0,0.0,1.0,1.0,1000,2.0,1.0,1.0,,,"-744696,358","-1049162,647","-744695,202","-1049163,785",PRAHA4BranÌk,MODÿANSK¡,,sledovan·komunikace,,,,,,,,,1
2100190895,6,,2019-01-18,5,1540,2,0,0,2,1,2,502,0,0,0,300,2,1,1,1,1,1,1,1,0,0,0,1,2,0,,5,35.0,15,3.0,0.0,1.0,0.0,1.0,5.0,200,2.0,1.0,1.0,,,"-736002,327","-1037875,178","-736000,681","-1037875,542",PRAHA9-LetÚany,MALKOVSK…HO,,mÌstnÌkomunikace,,,,,,,,,1
2100190896,6,,2019-01-18,5,1520,1,3,0,2,1,2,410,0,0,0,900,2,1,1,1,1,1,1,1,0,5,0,1,2,0,,3,39.0,07,1.0,0.0,1.0,0.0,1.0,5.0,200,2.0,1.0,1.0,,,"-735997,531","-1040648,621","-735997,475","-1040648,473",PRAHA9VysoËany,KlÌËovsk·,,mÌstnÌkomunikace,,,,,,,,,1
2100190897,6,,2019-01-16,3,2560,2,0,0,2,1,0,516,0,0,0,300,2,1,1,1,1,1,1,1,0,0,0,1,2,0,,17,,XX,,,,,,,0,,,,,,"-737035,087","-1051033,360","-737035,079","-1051032,109",PRAHA4Chodov,KEKATEÿINK¡M,,sledovan·komunikace,,,,,,,,,1
2100190898,5,,2019-01-18,5,1625,1,3,0,2,1,2,403,0,0,0,2400,2,1,1,1,1,1,0,1,3,3,2,4,2,10,,3,39.0,11,1.0,0.0,1.0,0.0,1.0,5.0,900,2.0,1.0,1.0,,,"-739063,051","-1047076,422","-739062,702","-1047076,749",PRAHA10Z·bÏhlice,"Z¡BÃHLICK¡,NABOTI»I",,sledovan·komunikace,,,,,,,,,1
2100190899,5,,2019-01-18,5,1610,2,0,0,2,1,2,502,0,0,0,500,2,1,1,1,1,1,2,1,0,0,0,1,3,0,,3,39.0,11,1.0,0.0,1.0,0.0,1.0,1.0,300,3.0,1.0,1.0,,,"-741648,748","-1041510,067","-741649,191","-1041506,524",PRAHA7Holeöovice,VELETRéNÕ,,sledovan·komunikace,,,,,,,,,1
2100190900,6,,2019-01-18,5,1420,1,2,0,2,1,2,502,0,0,0,40,2,1,1,1,1,1,1,1,0,0,0,1,2,0,,3,31.0,16,9.0,0.0,1.0,0.0,1.0,5.0,20,3.0,1.0,1.0,,,"-744872,761","-1055532,599","-744872,750","-1055532,679",PRAHA4ToËn·,BRANIäOVSK¡,,mÌstnÌkomunikace,,,,,,,,,1
2100190901,6,,2019-01-18,5,1705,2,0,0,2,1,2,509,0,0,0,250,2,1,1,1,2,1,1,1,0,0,0,1,2,0,,3,39.0,13,3.0,0.0,0.0,0.0,1.0,5.0,100,2.0,1.0,1.0,,,"-749323,827","-1047625,824","-749323,828","-1047626,610",PRAHA5Stod˘lky,Kurzova,,mÌstnÌkomunikace,,,,,,,,,1
2100190902,5,,2019-01-18,5,1715,0,0,0,2,7,0,615,0,0,0,70,2,1,1,1,4,1,3,1,0,0,0,1,2,0,,17,,XX,,,,,,,0,,,,,,"-735050,040","-1045878,315","-735050,515","-1045876,682",Praha10ätÏrboholy,JIéNÕSPOJKA,,sledovan·komunikace,,,,,,,,,1
2100190903,6,,2019-01-08,2,2560,3,0,6,2,1,0,516,0,0,0,200,2,1,1,1,1,1,1,1,0,0,0,1,1,0,,17,,XX,,,,,,,0,,,,,,"-741277,031","-1042816,660","-741276,064","-1042821,929",PRAHA8KarlÌn,PRVNÕHOPLUKU,,mÌstnÌkomunikace,,,,,,,,,1
2100190904,5,,2019-01-18,5,1715,1,2,0,2,1,2,411,0,0,0,600,2,1,1,1,4,1,2,1,0,5,0,1,2,0,,7,40.0,07,9.0,0.0,1.0,0.0,1.0,1.0,300,3.0,1.0,1.0,,,"-738771,271","-1048865,484","-738772,595","-1048865,316",PRAHA4,Spo¯ilovsk·,,sledovan·komunikace,,,,,,,,,1
2100190905,5,,2019-01-18,5,1710,1,3,0,2,1,2,411,0,0,0,300,2,1,1,1,4,1,4,1,0,5,0,1,2,0,,7,62.0,10,9.0,0.0,1.0,0.0,1.0,1.0,100,3.0,1.0,1.0,,,"-735212,027","-1040880,098","-735212,919","-1040881,158",PRAHA9VysoËany,KBELSK¡,,sledovan·komunikace,,,,,,,,,1
2100190906,6,,2019-01-17,4,2560,2,0,0,2,1,0,516,0,0,0,200,1,1,1,1,1,1,1,1,0,0,0,1,2,0,,17,,XX,,,,,,,0,,,,,,"-740744,09","-1043599,866","-740743,965","-1043599,941",PRAHA3,MilÌËova,,mÌstnÌkomunikace,,277132.0,,Souhlasn˝sesmÏrem˙seku,Pomal˝,554782.0,456292.0,GN_V0.1UIR-ADR_410,1
2100190907,6,,2019-01-18,5,910,1,2,0,2,1,0,508,0,0,0,200,1,1,1,1,1,1,1,1,0,0,0,1,2,0,,17,,XX,,,,,,,0,,,,,,"-741404,379","-1042844,68","-741404,493","-1042844,094",PRAHA8,ZaPo¯ÌËskoubr·nou,,mÌstnÌkomunikace,,1685078.0,,Souhlasn˝sesmÏrem˙seku,Pomal˝,554782.0,479110.0,GN_V0.1UIR-ADR_410,1
2100190908,5,,2019-01-18,5,1718,8,2,0,2,1,2,413,0,0,0,1350,2,1,1,1,4,1,0,7,3,3,0,5,3,10,,3,47.0,18,1.0,0.0,1.0,0.0,1.0,1.0,500,2.0,1.0,1.0,,,"-737855,072","-1043134,917","-737856,971","-1043134,181",PRAHA3éiûkov,KONÃVOVA,,sledovan·komunikace,,,,,,,,,1
2100190909,5,,2019-01-17,4,2560,2,0,0,2,1,0,516,0,0,0,50,1,1,1,1,4,4,2,1,0,0,0,1,2,0,,17,,XX,,,,,,,0,,,,,,"-742406,117","-1043441,847","-742407,630","-1043442,828",PRAHA1NovÈMÏsto,PANSK¡,,sledovan·komunikace,,,,,,,,,1
2100190910,5,,2019-01-18,5,1750,1,4,0,2,1,2,503,0,0,0,120,2,1,1,1,4,1,2,1,0,5,2,1,2,0,,3,47.0,99,1.0,0.0,1.0,0.0,1.0,1.0,100,2.0,1.0,1.0,,,"-738122,120","-1046854,004","-738119,181","-1046854,337",PRAHA10Z·bÏhlice,VKORYTECH,,sledovan·komunikace,,,,,,,,,1
2100190911,5,,2019-01-18,5,1810,3,0,9,2,1,2,203,0,0,0,750,2,1,1,1,4,1,2,1,0,0,0,1,1,0,,3,39.0,11,1.0,0.0,1.0,0.0,1.0,1.0,700,2.0,1.0,1.0,,,"-730244,761","-1051074,557","-730244,856","-1051074,658",PRAHA9Uh¯ÌnÏves,KUHÿÕNÃVSI,,sledovan·komunikace,,,,,,,,,1
2100190912,6,,2019-01-18,5,1760,2,0,0,2,1,0,516,0,0,0,200,2,1,1,1,4,1,1,1,0,0,0,3,2,0,,5,13.0,07,1.0,0.0,4.0,0.0,1.0,5.0,0,9.0,,,,,"-737005,359","-1050872,051","-737005,357","-1050872,115",PRAHA4,MODLETICK¡,,mÌstnÌkomunikace,,304919.0,,OpaËn˝kesmÏru˙seku,Pomal˝,554782.0,498581.0,GN_V0.1UIR-ADR_410,1
2100190913,8,,2019-01-18,5,1740,2,0,0,2,1,2,502,0,0,0,300,2,1,1,1,4,1,1,1,0,0,10,1,2,0,,3,35.0,08,1.0,0.0,1.0,0.0,1.0,5.0,100,2.0,1.0,1.0,,,"-750896,253","-1043436,348","-750898,773","-1043436,054",PRAHA6,SL¡NSK¡,,sledovan·komunikace,,,,,,,,,1
2100190914,7,,2019-01-17,4,2560,2,0,0,2,1,0,516,0,0,0,150,1,1,1,1,1,1,1,1,0,0,0,1,2,0,,17,,XX,,,,,,,0,,,,,,"-738410,500","-1050320,829","-738410,357","-1050320,732",PRAHA4Chodov,VPARKU,,˙Ëelov·komunikace,,,,,,,,,1
2100190915,6,,2019-01-18,5,1810,5,0,0,2,4,0,100,0,0,0,50,2,1,1,1,4,1,1,1,0,0,0,1,1,0,,3,39.0,14,1.0,0.0,1.0,0.0,1.0,5.0,0,2.0,1.0,1.0,,,"-730012,061","-1039869,896","-730011,630","-1039871,089",PRAHA9-VINOÿ,KRADONICŸM,,mÌstnÌkomunikace,,,,,,,,,1
2100190916,5,,2019-01-18,5,1820,2,0,0,2,1,2,502,0,0,0,21,2,1,1,1,4,1,2,1,0,0,0,1,2,0,,3,17.0,13,1.0,0.0,1.0,0.0,1.0,1.0,1,2.0,1.0,1.0,,,"-736622,289","-1040222,363","-736622,062","-1040222,739",PRAHA9Prosek,PROSECK¡,,sledovan·komunikace,,,,,,,,,1
2100190917,8,,2019-01-18,5,1820,3,0,6,2,1,2,502,0,0,0,600,2,1,1,1,4,1,1,1,0,0,10,1,1,0,,3,38.0,14,1.0,0.0,1.0,0.0,1.0,5.0,600,2.0,1.0,1.0,,,"-744348,571","-1044263,714","-744348,576","-1044263,757",PRAHA5SmÌchov,KARTOUZSK¡,,sledovan·komunikace,,,,,,,,,1
2100190918,4,,2019-01-18,5,1820,1,2,0,2,1,0,508,0,0,0,100,2,1,1,1,4,1,0,1,3,3,0,4,2,19,,17,,XX,,,,,,,0,,,,,,"-743627,061","-1041557,165","-743626,865","-1041557,180",PRAHA6BubeneË,PODKAäTANY,,uzel,,,,,,,,,1
2100190919,6,,2019-01-18,5,1750,1,4,0,2,1,2,504,0,0,0,500,2,1,1,1,4,1,0,1,3,3,0,5,2,10,,9,0.0,13,3.0,0.0,1.0,0.0,1.0,5.0,0,8.0,1.0,1.0,,,"-740747,377","-1037885,673","-740748,622","-1037885,512",PRAHA8»imice,PEäINOVAxKL¡DVÕ,,mÌstnÌkomunikace,,,,,,,,,1
2100190920,6,,2019-01-18,5,1860,2,0,0,2,1,0,516,0,0,0,500,3,1,1,1,4,1,1,1,0,0,0,1,2,0,,3,47.0,,3.0,0.0,4.0,0.0,1.0,5.0,0,9.0,,,,,"-744408,856","-1044342,774","-744409,176","-1044342,448",PRAHA5,Kartouzsk·,,mÌstnÌkomunikace,,2374299.0,,Souhlasn˝sesmÏrem˙seku,Pomal˝,554782.0,451568.0,GN_V0.1UIR-ADR_410,1
2100190921,6,,2019-01-18,5,2560,2,0,0,2,1,0,516,0,0,0,200,1,1,1,1,1,1,1,1,0,0,0,1,2,0,,17,,XX,,,,,,,0,,,,,,"-742397,720","-1041680,822","-742394,008","-1041680,364",PRAHA7Holeöovice,OVENECK¡,,mÌstnÌkomunikace,,,,,,,,,1
2100190922,6,,2019-01-18,5,2560,2,0,0,2,1,0,516,0,0,0,200,2,1,1,1,1,1,1,1,0,0,0,1,2,0,,17,,XX,,,,,,,0,,,,,,"-737542,308","-1045153,396","-737542,334","-1045154,275",PRAHA10Straönice,BRIG¡DNÕKŸ,,mÌstnÌkomunikace,,,,,,,,,1
2100190923,6,,2019-01-18,5,2210,1,2,0,2,1,2,410,0,0,0,200,1,1,1,1,4,1,1,1,0,5,0,1,2,0,,3,47.0,09,1.0,0.0,1.0,0.0,1.0,5.0,50,2.0,1.0,1.0,,,"-742737,570","-1042768,884","-742738,336","-1042770,252",PRAHA1StarÈMÏsto,VKOLKOVNÃ,,mÌstnÌkomunikace,,,,,,,,,1
2100190924,6,,2019-01-18,5,2300,2,0,0,2,1,2,504,0,0,0,200,2,1,1,1,4,1,1,1,0,0,0,1,2,0,,3,4.0,04,1.0,0.0,1.0,0.0,1.0,5.0,100,2.0,1.0,1.0,,,"-741112,817","-1041927,640","-741112,841","-1041928,571",PRAHA7Holeöovice,UTOPÕREN,,mÌstnÌkomunikace,,,,,,,,,1
2100190925,5,,2019-01-18,5,2335,1,2,0,2,1,2,410,0,0,0,150,2,1,1,1,4,1,5,1,0,5,0,1,2,0,,3,20.0,18,1.0,0.0,1.0,0.0,1.0,1.0,0,2.0,1.0,1.0,,,"-742916,658","-1044123,513","-742915,850","-1044119,911",PRAHA2NovÈMÏsto,éITN¡,,sledovan·komunikace,,,,,,,,,1
2100190926,4,,2019-01-19,6,100,1,2,0,2,1,9,511,0,0,0,2300,2,1,1,1,4,1,0,1,2,0,2,4,2,19,,3,4.0,05,1.0,0.0,1.0,0.0,1.0,75.0,800,3.0,5.0,0.0,,,"-740668,242","-1047663,574","-740672,169","-1047664,622",PRAHA4Michle,MICHELSK¡,,uzel,,,,,,,,,1
2100190927,5,,2019-01-19,6,105,1,2,0,2,1,2,411,0,0,0,300,2,1,1,1,4,1,5,1,0,5,0,1,2,0,,5,13.0,06,12.0,0.0,1.0,0.0,1.0,1.0,100,4.0,1.0,1.0,,,"-741743,080","-1047126,668","-741741,859","-1047125,528",PRAHA4Nusle,5.kvÏtna,,uzel,,,,,,,,,1
2100190928,5,,2019-01-19,6,105,3,0,2,2,1,9,511,0,0,0,800,2,1,1,1,4,1,0,1,3,3,2,4,1,10,,3,39.0,15,1.0,0.0,1.0,0.0,1.0,1.0,500,2.0,5.0,0.0,,,"-742508,432","-1038585,921","-742498,528","-1038588,185",PRAHA8Troja,LODéSK¡,,sledovan·komunikace,,,,,,,,,1
2100190929,5,,2019-01-19,6,140,8,4,0,2,1,2,410,0,0,0,60,2,1,1,1,4,1,1,7,0,5,0,1,2,0,,3,47.0,17,1.0,0.0,1.0,0.0,1.0,1.0,50,3.0,1.0,1.0,,,"-742977,995","-1043921,835","-742978,338","-1043924,237",PRAHA2NovÈMÏsto,LAZARSK¡,,uzel,,,,,,,,,1
2100190930,5,,2019-01-19,6,620,1,2,0,2,1,2,405,0,0,0,1000,2,1,1,1,4,1,0,1,3,3,0,4,2,10,,3,47.0,05,1.0,0.0,1.0,0.0,1.0,3.0,500,2.0,1.0,1.0,,,"-747319,720","-1044396,931","-747319,635","-1044396,920",PRAHA5SmÌchov,PLZE“SK¡xPODKOTLAÿKOU,,uzel,,,,,,,,,1
2100190931,5,,2019-01-19,6,815,1,2,0,1,1,2,502,0,0,1,370,2,3,1,1,1,1,2,1,0,0,0,1,2,0,,3,39.0,09,1.0,0.0,1.0,0.0,1.0,3.0,70,2.0,1.0,1.0,,,"-737670,041","-1043767,150","-737671,413","-1043768,901",PRAHA10Maleöice,MALEäICK¡,,sledovan·komunikace,,,,,,,,,1
2100190932,4,,2019-01-19,6,900,3,0,2,2,1,2,508,0,0,0,400,0,1,1,1,1,1,0,1,2,0,1,4,1,19,,3,39.0,05,1.0,0.0,1.0,0.0,1.0,26.0,200,2.0,1.0,1.0,,,"-741959,957","-1047358,848","-741961,761","-1047359,859",PRAHA4KrË,BUDÃJOVICK¡,,uzel,,,,,,,,,1
2100190933,6,,2019-01-19,6,1015,2,0,0,2,1,2,502,0,0,0,200,2,1,1,1,1,1,1,1,0,0,0,1,2,0,,3,47.0,02,1.0,0.0,1.0,0.0,1.0,5.0,100,2.0,1.0,1.0,,,"-738905,578","-1045526,227","-738904,932","-1045526,258",PRAHA10Straönice,NASTEZCE,,mÌstnÌkomunikace,,,,,,,,,1
2100190934,8,,2019-01-19,6,1040,3,0,9,2,1,2,508,0,0,0,100,2,1,1,1,1,1,1,1,0,0,10,1,1,0,,5,19.0,11,3.0,0.0,1.0,0.0,1.0,5.0,0,2.0,1.0,1.0,,,"-743985,529","-1045618,006","-743986,929","-1045618,197",PRAHA5SmÌchov,Strakonick·,,sledovan·komunikace,,,,,,,,,1
2100190935,6,,2019-01-19,6,2560,2,0,0,2,1,0,516,0,0,0,20,1,1,1,1,1,1,1,1,0,0,0,1,2,0,,17,,XX,,,,,,,0,,,,,,,,,,PRAHA,,,,,,,,,,,,1
2100190936,6,,2019-01-19,6,2560,2,0,0,2,1,0,516,0,0,0,100,2,1,1,1,1,1,1,1,0,0,0,1,2,0,,17,,XX,,,,,,,0,,,,,,"-740863,944","-1045909,977","-740864,923","-1045916,783",PRAHA10Vröovice,KBOTI»I,,mÌstnÌkomunikace,,,,,,,,,1
2100190937,5,,2019-01-19,6,1420,1,4,0,2,1,2,503,0,0,0,1400,2,1,1,1,1,1,2,1,0,5,2,1,2,0,,3,26.0,04,1.0,0.0,1.0,1.0,1.0,1.0,700,2.0,1.0,1.0,,,"-743119,588","-1044186,636","-743112,511","-1044188,643",PRAHA2NovÈMÏsto,KARLOVON¡M.,,sledovan·komunikace,,,,,,,,,1
2100190938,5,,2019-01-19,6,1625,1,2,0,2,1,2,411,0,0,0,1700,2,1,1,1,1,1,5,1,0,5,0,1,2,0,,3,17.0,18,1.0,0.0,1.0,0.0,1.0,1.0,200,2.0,1.0,1.0,,,"-744472,867","-1047750,835","-744468,855","-1047753,873",PRAHA5,STRAKONICK¡,,uzel,,,,,,,,,1
2100190939,6,,2019-01-19,6,2560,2,0,0,2,1,0,516,0,0,0,120,2,1,1,1,1,1,1,1,0,0,0,1,2,0,,17,,XX,,,,,,,0,,,,,,"-731413,143","-1047326,898","-731413,863","-1047327,124",PRAHA,,,mÌstnÌkomunikace,,,,,,,,,1
2100190940,6,,2019-01-19,6,1710,1,3,0,2,1,2,402,0,0,0,1810,2,1,1,1,2,1,0,1,3,3,2,4,2,10,,3,39.0,18,3.0,0.0,1.0,0.0,1.0,5.0,800,2.0,1.0,1.0,,,"-739983,187","-1036808,190","-739983,646","-1036808,238",PRAHA8-DOLNÕCHABRY,KOBYLISK¡,,mÌstnÌkomunikace,,,,,,,,,1
2100190941,4,,2019-01-19,6,1815,1,1,0,2,1,2,405,0,0,0,1300,1,1,1,1,4,1,0,1,2,0,2,4,2,19,,3,47.0,11,1.0,0.0,1.0,0.0,1.0,87.0,1000,2.0,1.0,1.0,,,"-736784,147","-1042208,855","-736784,144","-1042208,831",PRAHA9VysoËany,PODÃBRADSK¡,,uzel,,,,,,,,,1
2100190942,8,,2019-01-19,6,1815,1,3,0,2,1,2,408,0,0,0,1000,2,1,1,1,4,1,1,1,0,5,10,1,2,0,,3,26.0,13,1.0,0.0,1.0,0.0,1.0,5.0,800,2.0,1.0,1.0,,,"-750915,260","-1047122,783","-750915,205","-1047114,768",PRAHA5,Jeremi·öova,,˙Ëelov·komunikace,,,,,,,,,1
2100190943,5,,2019-01-19,6,1800,0,0,0,2,1,0,403,0,0,0,100,2,1,1,1,4,1,0,1,3,3,0,5,2,10,,17,,XX,,,,,,,0,,,,,,"-739877,036","-1038331,390","-739877,421","-1038331,262",PRAHA8Kobylisy,⁄STECK¡,,uzel,,,,,,,,,1
2100190944,6,,2019-01-19,6,1830,1,4,0,2,1,2,504,0,0,0,700,2,1,1,1,4,1,1,1,0,0,0,1,2,0,,5,32.0,17,1.0,0.0,1.0,0.0,1.0,5.0,200,2.0,1.0,1.0,,,"-742231,318","-1038299,640","-742231,190","-1038299,083",PRAHA8Bohnice,POZNA“SK¡,,mÌstnÌkomunikace,,,,,,,,,1
2100190945,5,,2019-01-19,6,1850,1,2,0,2,1,2,404,0,0,0,1100,2,1,1,1,4,1,0,1,0,5,1,4,2,10,,3,17.0,05,1.0,0.0,1.0,0.0,1.0,1.0,500,2.0,1.0,1.0,,,"-744655,223","-1044903,091","-744651,612","-1044903,699",PRAHA5,OSTROVSK…HO,,sledovan·komunikace,,,,,,,,,1
2100190946,5,,2019-01-19,6,1930,1,4,0,2,1,2,503,0,0,0,500,2,1,1,1,4,1,2,1,0,0,0,1,2,0,,3,13.0,07,1.0,0.0,1.0,0.0,1.0,3.0,300,3.0,1.0,1.0,,,"-744370,249","-1039996,646","-744370,069","-1039996,652",PRAHA6BubeneË,PODBABSK¡,,sledovan·komunikace,,,,,,,,,1
2100190947,5,,2019-01-19,6,1930,3,0,9,1,1,0,516,1,0,0,1250,2,3,1,1,4,1,3,1,0,0,5,3,1,0,,3,13.0,08,1.0,0.0,1.0,1.0,3.0,5.0,1200,3.0,0.0,0.0,,,"-747535,498","-1052682,428","-747545,952","-1052685,999",PRAHA5,Praûsk˝okruhD0,,sledovan·komunikace,,,,,,,,,1
2100190948,5,,2019-01-19,6,2000,1,4,0,2,1,2,503,0,0,0,400,2,1,1,1,4,1,2,1,0,0,0,1,2,0,,3,47.0,18,1.0,0.0,1.0,0.0,1.0,1.0,200,3.0,1.0,1.0,,,"-743657,767","-1044221,180","-743657,689","-1044226,597",PRAHA1,JIR¡SKŸVMOST,,sledovan·komunikace,,,,,,,,,1
2100190949,5,,2019-01-19,6,2000,1,4,0,2,1,2,503,0,0,0,1300,2,1,1,1,4,1,5,1,0,0,0,1,2,0,,3,26.0,14,1.0,0.0,1.0,0.0,1.0,1.0,1000,2.0,1.0,1.0,,,"-743692,896","-1044231,725","-743692,962","-1044227,101",PRAHA5SmÌchov,JIR¡SKŸVMOST,,sledovan·komunikace,,,,,,,,,1
2100190950,5,,2019-01-19,6,2000,1,4,0,2,1,2,503,0,0,0,2600,2,1,1,1,4,1,2,1,0,0,0,1,2,0,,3,39.0,16,1.0,0.0,1.0,0.0,1.0,1.0,1100,4.0,1.0,1.0,,,"-743716,975","-1044222,276","-743716,902","-1044227,443",PRAHA5SmÌchov,JIR¡SKŸVMOST,,sledovan·komunikace,,,,,,,,,1
2100190951,5,,2019-01-19,6,2000,3,0,9,2,1,2,204,0,0,0,1700,2,6,1,1,4,1,2,1,0,0,6,1,2,0,,3,5.0,08,1.0,0.0,1.0,1.0,1.0,1.0,700,2.0,1.0,1.0,,,"-745386,700","-1044420,489","-745386,754","-1044419,470",PRAHA5KoöÌ¯e,PLZE“SK¡,,sledovan·komunikace,,,,,,,,,1
2100190952,4,,2019-01-19,6,2035,1,4,0,2,1,2,503,0,0,0,2200,2,3,1,1,4,1,0,1,3,3,0,5,2,19,,3,4.0,12,1.0,0.0,1.0,0.0,1.0,15.0,1500,3.0,1.0,1.0,,,"-738496,940","-1049465,382","-738498,603","-1049464,709",PRAHA4Chodov,BRNÃNSK¡,,sledovan·komunikace,,,,,,,,,1
2100190953,6,,2019-01-19,6,2210,3,0,3,2,1,2,508,0,0,0,350,2,1,1,1,4,1,1,1,0,0,0,1,1,0,,3,39.0,13,1.0,0.0,1.0,0.0,1.0,5.0,300,2.0,1.0,1.0,,,"-750943,773","-1044211,205","-750934,333","-1044210,116",PRAHA6,SKUTECK…HO,,mÌstnÌkomunikace,,,,,,,,,1
2100190954,6,,2019-01-20,0,310,9,0,0,2,1,2,205,0,0,0,900,2,1,1,1,4,1,1,1,0,0,0,3,1,0,,3,26.0,18,9.0,0.0,1.0,0.0,1.0,5.0,900,2.0,1.0,1.0,,,"-745878,550","-1049968,386","-745878,550","-1049965,770",Praha5Mal·Chuchle,PAROPLAVEBNÕ,,mÌstnÌkomunikace,,,,,,,,,1
2100190955,5,,2019-01-01,2,2560,1,3,0,1,1,0,508,0,0,1,80,2,3,1,1,1,1,2,1,0,0,0,1,2,0,,5,19.0,05,3.0,0.0,4.0,0.0,1.0,1.0,0,9.0,,,,,"-739838,231","-1036554,675","-739837,122","-1036554,774",PRAHA8-BOHNICE,⁄steck·,,mÌstnÌkomunikace,,3315257.0,,Souhlasn˝sesmÏrem˙seku,Pomal˝,554782.0,485373.0,GN_V0.1UIR-ADR_410,1
2100190956,5,,2019-01-20,0,710,1,2,0,2,1,0,411,0,0,0,500,2,1,1,1,4,1,3,1,0,5,0,1,2,0,,17,,XX,,,,,,,0,,,,,,"-741277,783","-1049696,143","-741277,690","-1049696,132",PRAHA4-KrË,VÕDE“SK¡,,sledovan·komunikace,,,,,,,,,1
2100190957,8,,2019-01-20,0,750,1,1,0,2,1,2,501,0,0,0,500,2,6,1,1,1,1,1,1,0,0,10,3,2,0,,3,16.0,00,1.0,0.0,1.0,0.0,1.0,5.0,200,3.0,1.0,1.0,,,"-735676,159","-1038901,840","-735676,159","-1038901,840",PRAHA9LetÚany,Beranov˝ch,,mÌstnÌkomunikace,,,,,,,,,1
2100190958,4,,2019-01-20,0,825,1,2,0,2,1,2,403,0,0,0,300,2,1,1,1,1,1,0,1,3,3,0,7,2,19,,3,1.0,12,1.0,0.0,0.0,0.0,1.0,13.0,200,2.0,1.0,1.0,,,"-742438,640","-1047415,218","-742439,348","-1047418,034",PRAHA4KrË,PUJMANOV…,,uzel,,,,,,,,,1
2100190959,8,,2019-01-20,0,815,3,0,9,2,1,2,508,0,0,0,400,2,1,1,1,1,1,1,1,0,0,10,1,1,0,,8,77.0,18,9.0,0.0,0.0,0.0,1.0,5.0,200,4.0,1.0,1.0,,,"-741271,169","-1043103,354","-741267,654","-1043093,812",PRAHA8,Podv˝topnou,,mÌstnÌkomunikace,,274507.0,,Souhlasn˝sesmÏrem˙seku,Pomal˝,554782.0,485811.0,GN_V0.1UIR-ADR_410,1
2100190960,5,,2019-01-20,0,930,1,4,0,2,1,2,503,0,0,0,1300,2,1,1,1,1,1,2,1,0,5,1,1,2,0,,3,39.0,08,1.0,0.0,0.0,0.0,1.0,1.0,600,3.0,1.0,1.0,,,"-743544,186","-1045133,285","-743553,669","-1045133,179",PRAHA2NovÈMÏsto,RAäÕNOVON¡BÿEéÕ,,uzel,,,,,,,,,1
2100190961,5,,2019-01-20,0,1050,1,3,0,2,1,2,403,0,0,0,400,2,1,2,1,1,1,0,1,3,3,0,5,2,10,,3,39.0,02,1.0,0.0,1.0,0.0,1.0,1.0,100,2.0,1.0,1.0,,,"-737862,727","-1043132,581","-737861,477","-1043128,030",PRAHA3éiûkov,KONÃVOVA,,sledovan·komunikace,,,,,,,,,1
2100190962,5,,2019-01-20,0,1045,3,0,3,2,1,2,205,0,0,0,1100,2,3,1,1,1,1,2,1,0,0,0,3,1,0,,3,39.0,11,2.0,1.0,0.0,0.0,1.0,3.0,700,2.0,1.0,1.0,,,"-746502,689","-1036533,713","-746502,516","-1036535,963",Praha6Suchdol,KAM›CK¡,,uzel,,,,,,,,,1
2100190963,6,,2019-01-19,6,2560,2,0,0,2,1,0,516,0,0,0,200,2,1,1,1,1,1,1,1,0,0,0,1,2,0,,17,,XX,,,,,,,0,,,,,,"-731453,415","-1042616,317","-731449,193","-1042613,709",PRAHA9,Ocelkova,,mÌstnÌkomunikace,,272879.0,,Souhlasn˝sesmÏrem˙seku,Pomal˝,554782.0,503100.0,GN_V0.1UIR-ADR_410,1
2100190964,6,,2019-01-19,6,2560,2,0,0,2,1,0,516,0,0,0,50,2,1,1,1,1,1,1,1,0,0,0,1,2,0,,17,,XX,,,,,,,0,,,,,,"-740587,451","-1043946,747","-740581,706","-1043945,972",PRAHA3,BOÿIVOJOVA,,mÌstnÌkomunikace,,,,,,,,,1