IDENTIFIKA»NÕ »ÕSLO,DRUH POZEMNÕ KOMUNIKACE,»ÕSLO POZEMNÕ KOMUNIKACE,"den, mÏsÌc, rok",,Ëas ,DRUH NEHODY,DRUH SR¡éKY JEDOUCÕCH VOZIDEL,DRUH PEVN… PÿEK¡éKY,CHARAKTER NEHODY,ZAVINÃNÕ NEHODY,ALKOHOL U VINÕKA NEHODY PÿÕTOMEN,HLAVNÕ PÿÕ»INY NEHODY,usmrceno osob,tÏûce zranÏno osob,lehce zranÏno osob,CELKOV¡ HMOTN¡ äKODA,DRUH POVRCHU VOZOVKY,STAV POVRCHU VOZOVKY V DOBÃ NEHODY,STAV KOMUNIKACE,POVÃTRNOSTNÕ PODMÕNKY V DOBÃ NEHODY,VIDITELNOST,ROZHLEDOV… POMÃRY,DÃLENÕ KOMUNIKACE,SITUOV¡NÕ NEHODY NA KOMUNIKACI,ÿÕZENÕ PROVOZU V DOBÃ NEHODY,MÕSTNÕ ⁄PRAVA PÿEDNOSTI V JÕZDÃ,SPECIFICK¡ MÕSTA A OBJEKTY V MÕSTÃ NEHODY,SMÃROV… POMÃRY,PO»ET Z⁄»ASTNÃN›CH VOZIDEL,MÕSTO DOPRAVNÕ NEHODY,DRUH KÿIéUJÕCÕ KOMUNIKACE,DRUH VOZIDLA,V›ROBNÕ ZNA»KA MOTOROV…HO VOZIDLA,ROK V›ROBY VOZIDLA,CHARAKTERISTIKA VOZIDLA ,SMYK,VOZIDLO PO NEHODÃ,"⁄NIK PROVOZNÕCH, PÿEPRAVOVAN›CH HMOT",ZPŸSOB VYPROäTÃNÕ OSOB Z VOZIDLA,SMÃR JÕZDY NEBO POSTAVENÕ VOZIDLA,äKODA NA VOZIDLE,KATEGORIE ÿIDI»E,STAV ÿIDI»E,VNÃJäÕ OVLIVNÃNÕ ÿIDI»E,nan.1,nan.2,nan.3,nan.4,nan.5,nan.6,nan.7,nan.8,nan.9,nan.10,nan.11,nan.12,nan.13,nan.14,nan.15,nan.16,nan.17,nan.18,LOKALITA NEHODY
2100190965,6,,2019-01-20,0,2560,2,0,0,2,1,0,516,0,0,0,500,2,1,1,1,1,1,1,1,0,0,0,1,2,0,,17,,XX,,,,,,,0,,,,,,"-743381,143","-1050292,747","-743378,321","-1050292,302",PRAHA4,VAVÿENOVA,,mÌstnÌkomunikace,,,,,,,,,1
2100190966,6,,2019-01-18,5,1830,2,0,0,2,1,0,516,0,0,0,500,2,1,1,1,4,1,1,1,0,0,0,1,2,0,,3,26.0,92,1.0,0.0,4.0,0.0,1.0,5.0,100,9.0,,,,,"-737789,871","-1043112,582","-737790,354","-1043114,406",PRAHA3éiûkov,KCHMELNICI,,mÌstnÌkomunikace,,,,,,,,,1
2100190967,6,,2019-01-18,5,2560,2,0,0,2,1,0,516,0,0,0,200,1,1,1,1,1,1,1,1,0,0,0,1,2,0,,17,,XX,,,,,,,0,,,,,,"-744110,152","-1045164,299","-744109,606","-1045164,207",PRAHA,,,sledovan·komunikace,,,,,,,,,1
2100190968,6,,2019-01-20,0,1540,3,0,2,2,1,2,502,0,0,0,1100,2,1,1,1,1,1,1,1,0,0,0,1,2,0,,3,25.0,17,1.0,0.0,1.0,0.0,1.0,5.0,600,2.0,1.0,1.0,,,"-744881,546","-1052329,746","-744881,418","-1052328,668",PRAHA4-MODÿANY,VPOTO»K¡CH,,mÌstnÌkomunikace,,,,,,,,,1
2100190969,6,,2019-01-20,0,1800,3,0,2,2,1,2,511,0,0,0,550,2,1,1,1,4,1,1,1,0,0,0,1,1,0,,3,32.0,05,1.0,0.0,0.0,0.0,1.0,5.0,500,2.0,1.0,1.0,,,"-745623,418","-1045337,653","-745623,487","-1045338,214",PRAHA5SmÌchov,PÿÕM¡,,mÌstnÌkomunikace,,,,,,,,,1
2100190970,4,,2019-01-20,0,1848,8,3,0,2,1,2,401,0,0,0,500,2,1,1,1,4,1,0,7,2,0,0,4,2,19,,10,0.0,,5.0,0.0,1.0,0.0,1.0,74.0,300,8.0,1.0,1.0,,,"-739241,495","-1042168,597","-739241,520","-1042167,850",PRAHA8LibeÚ,SOKOLOVSK¡,,uzel,,,,,,,,,1
2100190971,6,,2019-01-20,0,1830,2,0,0,2,1,2,502,0,0,0,500,2,1,1,1,4,1,1,1,0,0,0,3,2,0,,3,39.0,11,1.0,0.0,0.0,0.0,1.0,5.0,200,2.0,1.0,1.0,,,"-747912,753","-1044108,1","-747911,957","-1044108,394",PRAHA5,BrdlÌkova,,mÌstnÌkomunikace,,712655.0,,Souhlasn˝sesmÏrem˙seku,Pomal˝,554782.0,485772.0,GN_V0.1UIR-ADR_410,1
2100190972,5,,2019-01-21,1,2560,3,0,4,2,1,0,516,0,0,0,200,2,1,1,1,1,1,5,1,0,0,0,1,1,0,,17,,XX,,,,,,,0,,,,,,"-744220,455","-1047350,579","-744216,307","-1047352,064",PRAHA5HluboËepy,STRAKONICK¡,,sledovan·komunikace,,,,,,,,,1
2100190973,5,,2019-01-21,1,650,3,0,3,2,1,2,508,0,0,0,120,2,1,1,1,4,1,2,1,0,0,5,1,1,0,,5,13.0,12,1.0,0.0,1.0,0.0,1.0,1.0,100,3.0,1.0,1.0,,,"-737996,99","-1046550,939","-738003,916","-1046550,207",Praha,Vkorytech,,mÌstnÌkomunikace,,1277804.0,,OpaËn˝kesmÏru˙seku,Pomal˝,554782.0,476315.0,GN_V0.1UIR-ADR_410,1
2100190974,5,,2019-01-21,1,655,1,4,0,2,1,2,503,0,0,0,1300,2,1,1,1,4,1,2,1,0,0,0,1,3,0,,3,39.0,16,1.0,0.0,1.0,0.0,1.0,1.0,700,2.0,1.0,1.0,,,"-744475,254","-1047875,286","-744476,331","-1047874,793",PRAHA5HluboËepy,STRAKONICK¡,,uzel,,,,,,,,,1
2100190975,5,,2019-01-21,1,640,1,2,0,2,1,2,411,0,0,0,400,2,3,1,1,4,1,3,1,0,5,2,1,2,0,,3,47.0,16,9.0,0.0,1.0,0.0,1.0,3.0,100,2.0,1.0,1.0,,,"-739582,825","-1047295,675","-739584,002","-1047296,768",PRAHA4Z·bÏhlice,CHODOVSK¡,,sledovan·komunikace,,,,,,,,,1
2100190976,4,,2019-01-21,1,653,4,0,0,1,3,0,100,0,0,1,600,2,3,1,1,4,1,5,1,2,0,1,5,1,19,,3,7.0,14,1.0,0.0,1.0,0.0,1.0,73.0,600,4.0,1.0,1.0,,,"-741890,638","-1042127,135","-741890,363","-1042128,135",PRAHA7-HOLEäOVICE,N¡Bÿ.KAPIT¡NAJAROäE,,uzel,,,,,,,,,1
2100190977,6,,2019-01-21,1,720,1,3,0,2,1,2,403,0,0,0,400,2,3,1,1,2,1,0,1,3,3,0,5,2,10,,3,35.0,05,1.0,0.0,1.0,0.0,1.0,5.0,300,3.0,1.0,1.0,,,"-739170,338","-1043434,343","-739170,411","-1043434,553",PRAHA3éiûkov,AMBROéOVA,,mÌstnÌkomunikace,,,,,,,,,1
2100190978,5,,2019-01-21,1,2560,2,0,0,2,1,0,516,0,0,0,1450,2,3,1,1,1,1,2,1,0,5,1,1,3,0,,17,,XX,,,,,,,0,,,,,,"-740889,505","-1044158,852","-740887,799","-1044163,119",PRAHA3éiûkov,ONDÿÕ»KOVA,,sledovan·komunikace,,,,,,,,,1
2100190979,5,,2019-01-21,1,755,3,0,4,2,1,2,204,0,0,0,300,2,6,1,1,1,1,3,1,0,0,0,3,1,0,,3,39.0,05,3.0,1.0,1.0,0.0,1.0,1.0,200,2.0,1.0,1.0,,,"-750164,173","-1054247,496","-750165,605","-1054246,428",PRAHA5,Zderazsk·,,silnice2.t¯Ìdy,101,2690769.0,,OpaËn˝kesmÏru˙seku,Pomal˝,554782.0,495824.0,GN_V0.1UIR-ADR_410,1
2100190980,5,,2019-01-21,1,730,1,4,0,2,1,2,503,0,0,0,1600,2,5,1,1,2,1,2,1,0,0,0,1,3,0,,3,39.0,13,1.0,0.0,1.0,0.0,1.0,1.0,800,3.0,1.0,1.0,,,"-733205,863","-1047979,98","-733202,856","-1047978,113",PRAHA10,Kutnohorsk·,,silnice2.t¯Ìdy,333,294540.0,,OpaËn˝kesmÏru˙seku,Pomal˝,554782.0,445487.0,GN_V0.1UIR-ADR_410,1
2100190981,6,,2019-01-21,1,750,1,2,0,2,1,2,404,0,0,0,400,2,1,1,1,1,1,0,1,0,5,2,4,2,10,,3,39.0,05,1.0,0.0,1.0,0.0,1.0,5.0,200,2.0,1.0,1.0,,,"-741481,934","-1044286,241","-741481,775","-1044285,441",PRAHA2Vinohrady,M¡NESOVAxBUDE»SK¡,,mÌstnÌkomunikace,,,,,,,,,1
2100190982,5,,2019-01-21,1,915,1,4,0,2,1,2,503,0,0,0,900,2,1,1,1,1,1,5,1,0,0,0,1,2,0,,3,47.0,15,3.0,0.0,1.0,0.0,1.0,3.0,600,2.0,1.0,1.0,,,"-744798,937","-1048178,420","-744798,081","-1048179,561",PRAHA5HluboËepy,KBARRANDOVU,,uzel,,,,,,,,,1
2100190983,6,,2019-01-20,0,2560,2,0,0,2,1,0,516,0,0,0,500,2,1,1,1,1,1,1,1,0,0,0,2,2,0,,17,,XX,,,,,,,0,,,,,,"-743941,910","-1051806,918","-743941,993","-1051807,992",PRAHA4-Mod¯any,JORDANAJOVKOVA,,mÌstnÌkomunikace,,,,,,,,,1
2100190984,4,,2019-01-21,1,915,1,2,0,2,1,2,204,0,0,0,700,2,3,1,1,1,1,0,1,3,3,0,4,2,19,,3,35.0,00,1.0,1.0,1.0,0.0,1.0,82.0,100,2.0,1.0,1.0,,,"-737673,540","-1039194,526","-737674,124","-1039196,327",PRAHA9St¯Ìûkov,LEVÕNSK¡,,uzel,,,,,,,,,1
2100190985,8,,2019-01-20,0,2560,2,0,0,2,1,0,516,0,0,0,300,2,1,1,1,1,1,1,1,0,0,0,1,2,0,,17,,XX,,,,,,,0,,,,,,"-737717,132","-1045381,406","-737724,985","-1045380,086",PRAHA10Straönice,VOlöin·ch,,˙Ëelov·komunikace,,,,,,,,,1
2100190986,6,,2019-01-20,0,2560,3,0,9,2,1,0,516,0,0,0,100,2,1,1,1,1,1,1,1,0,0,0,1,1,0,,17,,XX,,,,,,,0,,,,,,"-745097,878","-1047607,309","-745097,723","-1047611,030",PRAHA5HluboËepy,NAéVAHOVÃ,,mÌstnÌkomunikace,,,,,,,,,1
2100190987,5,,2019-01-21,1,955,3,0,9,2,1,2,508,0,0,0,1500,2,3,1,1,1,1,0,1,3,3,0,5,1,10,,3,17.0,18,3.0,0.0,1.0,1.0,1.0,1.0,1500,2.0,1.0,1.0,,,"-745696,425","-1042619,236","-745696,491","-1042619,685",PRAHA6B¯evnov,PARL…ÿOVA,,mÌstnÌkomunikace,,,,,,,,,1
2100190988,5,,2019-01-21,1,1020,1,4,0,2,1,2,503,0,0,0,650,2,1,1,1,1,1,4,1,0,0,0,1,2,0,,3,47.0,02,1.0,0.0,1.0,0.0,1.0,3.0,350,2.0,1.0,1.0,,,"-730398,996","-1045398,667","-730399,908","-1045401,878",Praha9BÏchovice,»ESKOBRODSK¡,,sledovan·komunikace,,,,,,,,,1
2100190989,5,,2019-01-21,1,955,1,4,0,2,1,2,503,0,0,0,20,2,1,1,1,1,1,0,1,3,3,1,4,2,10,,3,31.0,16,1.0,0.0,1.0,0.0,1.0,1.0,0,2.0,1.0,1.0,,,"-742142,017","-1043639,953","-742140,547","-1043638,880",PRAHA1NovÈMÏsto,,,sledovan·komunikace,,,,,,,,,1
2100190990,5,,2019-01-21,1,920,0,0,0,2,7,0,608,0,0,0,100,2,1,1,1,1,1,3,1,0,0,0,1,1,0,,6,35.0,18,3.0,0.0,1.0,0.0,1.0,1.0,0,3.0,1.0,1.0,,,"-745917,826","-1054191,125","-745918,770","-1054192,251",PRAHA12Komo¯any,RADOTÕNSK›MOST,,sledovan·komunikace,,,,,,,,,1
2100190991,5,,2019-01-21,1,1112,1,4,0,2,1,2,503,0,0,0,450,2,1,1,1,1,1,2,1,0,0,5,1,2,0,,3,39.0,18,2.0,0.0,1.0,0.0,1.0,1.0,300,3.0,1.0,1.0,,,"-742304,155","-1042167,031","-742302,694","-1042166,975",PRAHA7Holeöovice,LETENSK›TUNEL,,uzel,,,,,,,,,1
2100190992,5,,2019-01-21,1,1130,1,3,0,1,1,2,402,0,0,1,1250,2,1,1,1,1,1,0,1,3,3,0,4,2,10,,3,2.0,12,1.0,0.0,1.0,0.0,1.0,5.0,0,2.0,1.0,1.0,,,"-738557,540","-1045118,634","-738557,858","-1045118,092",PRAHA10Vinohrady,PODRAPIDEM,,mÌstnÌkomunikace,,,,,,,,,1
2100190993,4,,2019-01-21,1,620,1,2,0,2,1,0,508,0,0,0,300,2,1,1,1,4,1,0,1,2,0,0,4,2,19,,17,,XX,,,,,,,0,,,,,,"-744741,993","-1044493,219","-744740,992","-1044494,481",PRAHA5SmÌchov,MOZARTOVAxPLZE“SK¡,,uzel,,,,,,,,,1
2100190994,6,,2019-01-21,1,1150,1,3,0,2,1,2,410,0,0,0,300,2,1,1,1,1,1,1,1,0,5,0,1,2,0,,3,17.0,12,1.0,0.0,1.0,0.0,1.0,5.0,100,2.0,1.0,1.0,,,"-743899,270","-1056266,633","-743901,340","-1056264,260",PRAHA12ToËn·,KESP¡LENCE,,mÌstnÌkomunikace,,,,,,,,,1
2100190995,8,,2019-01-21,1,1140,1,2,0,2,1,2,410,0,0,0,350,2,1,1,1,1,1,1,1,0,5,10,1,2,0,,3,39.0,17,1.0,0.0,0.0,0.0,1.0,5.0,100,2.0,1.0,1.0,,,"-737360,552","-1039211,093","-737360,045","-1039210,735",PRAHA9St¯Ìûkov,,,˙Ëelov·komunikace,,,,,,,,,1
2100190996,5,,2019-01-21,1,1345,1,4,0,2,1,2,503,0,0,0,1000,2,1,1,1,1,1,0,1,3,3,2,5,2,10,,3,39.0,15,1.0,0.0,1.0,0.0,1.0,1.0,300,2.0,1.0,1.0,,,"-739033,576","-1040850,517","-739033,965","-1040852,216",PRAHA8LibeÚ,POVLTAVSK¡,,sledovan·komunikace,,,,,,,,,1
2100190997,5,,2019-01-20,0,2560,2,0,0,2,1,0,516,0,0,0,600,2,1,1,1,1,1,2,1,0,0,0,1,2,0,,17,,XX,,,,,,,0,,,,,,"-742817,497","-1044418,667","-742816,864","-1044418,916",PRAHA2,LÌpov·,,mÌstnÌkomunikace,,281061.0,,OpaËn˝kesmÏru˙seku,Pomal˝,554782.0,454711.0,GN_V0.1UIR-ADR_410,1
2100190998,5,,2019-01-21,1,1235,1,4,0,2,1,2,503,0,0,0,1850,2,1,1,1,1,1,4,1,0,0,0,1,3,0,,3,47.0,01,1.0,0.0,1.0,0.0,1.0,1.0,400,2.0,1.0,1.0,,,"-741175,727","-1047654,144","-741176,245","-1047654,701",PRAHA4Michle,,,uzel,,,,,,,,,1
2100190999,4,,2019-01-21,1,1245,1,2,0,2,1,2,411,0,0,0,400,2,1,1,1,1,1,0,1,3,3,2,6,2,19,,3,31.0,14,3.0,0.0,1.0,0.0,1.0,26.0,200,2.0,1.0,1.0,,,"-751585,971","-1041066,318","-751586,611","-1041066,937",PRAHA6RuzynÏ,KLETIäTI,,uzel,,,,,,,,,1
2100191000,5,,2019-01-18,5,2560,2,0,0,2,1,0,516,0,0,0,200,2,1,1,1,1,1,2,1,0,0,0,1,2,0,,17,,XX,,,,,,,0,,,,,,"-739096,376","-1042099,006","-739093,540","-1042104,759",PRAHA8LibeÚ,SOKOLOVSK¡,,sledovan·komunikace,,,,,,,,,1
2100191001,6,,2019-01-21,1,1260,2,0,0,2,1,0,516,0,0,0,1000,2,1,1,1,1,1,1,1,0,0,0,1,2,0,,7,26.0,14,3.0,0.0,4.0,0.0,1.0,5.0,0,9.0,,,,,"-747540,699","-1045062,023","-747540,78","-1045062,672",PRAHA5,NaskovÈ,,mÌstnÌkomunikace,,2772310.0,,OpaËn˝kesmÏru˙seku,Pomal˝,554782.0,461946.0,GN_V0.1UIR-ADR_410,1
2100191002,5,,2019-01-21,1,1410,1,2,0,2,1,2,410,0,0,0,400,2,1,1,1,1,1,3,1,0,5,0,1,2,0,,3,60.0,18,1.0,0.0,1.0,0.0,1.0,3.0,200,2.0,1.0,1.0,,,"-742438,802","-1047937,305","-742440,051","-1047938,771",PRAHA4KrË,JEREMENKOVA,,sledovan·komunikace,,,,,,,,,1
2100191003,6,,2019-01-21,1,1445,2,0,0,2,1,2,504,0,0,0,400,1,1,1,1,1,1,0,1,3,3,0,5,2,10,,3,48.0,17,3.0,0.0,1.0,0.0,1.0,5.0,250,2.0,1.0,1.0,,,"-741468,648","-1044987,978","-741470,138","-1044988,723",PRAHA2Vinohrady,RYBALKOVA,,mÌstnÌkomunikace,,,,,,,,,1
2100191004,6,,2019-01-21,1,1440,1,3,0,2,1,2,405,0,0,0,2000,2,1,1,1,1,1,0,1,3,3,0,5,2,10,,3,17.0,09,1.0,0.0,1.0,0.0,1.0,5.0,1000,2.0,1.0,1.0,,,"-751232,489","-1045483,616","-751232,329","-1045481,915",PRAHA5,S·rsk·,,mÌstnÌkomunikace,,1478718.0,,OpaËn˝kesmÏru˙seku,Pomal˝,554782.0,682853.0,GN_V0.1UIR-ADR_410,1
2100191005,5,,2019-01-21,1,1527,1,4,0,2,1,2,503,0,0,0,1100,2,1,1,1,1,1,2,1,0,0,0,1,2,0,,3,4.0,08,1.0,0.0,1.0,0.0,1.0,1.0,800,2.0,1.0,1.0,,,"-743354,745","-1041742,707","-743354,427","-1041745,000",PRAHA7Holeöovice,MILADYHOR¡KOV…,,sledovan·komunikace,,,,,,,,,1
2100191006,6,,2019-01-21,1,2560,2,0,0,2,1,0,516,0,0,0,100,2,1,1,1,1,1,1,1,0,0,0,1,2,0,,17,,XX,,,,,,,0,,,,,,"-738855,903","-1049890,033","-738855,903","-1049890,033",PRAHA11Chodov,Roztylsk·,,mÌstnÌkomunikace,,,,,,,,,1
2100191007,5,,2019-01-21,1,1530,1,4,0,2,1,2,503,0,0,0,1000,2,1,1,1,1,1,2,1,0,0,0,1,2,0,,3,44.0,06,1.0,0.0,1.0,0.0,1.0,1.0,400,3.0,1.0,1.0,,,"-733666,276","-1042112,804","-733666,206","-1042111,324",PRAHA9HloubÏtÌn,PODÃBRADSK¡,,uzel,,,,,,,,,1
2100191008,5,,2019-01-21,1,1605,1,2,0,2,1,2,502,0,0,0,400,2,3,1,1,1,1,2,1,0,0,0,1,2,0,,3,39.0,14,3.0,0.0,0.0,0.0,1.0,3.0,200,2.0,1.0,1.0,,,"-739563,005","-1040058,257","-739562,877","-1040054,440",PRAHA8LibeÚ,VHOLEäOVI»K¡CH,,sledovan·komunikace,,,,,,,,,1
2100191009,6,,2019-01-11,5,1355,2,0,0,2,1,0,516,0,0,0,10,1,1,1,1,1,1,1,1,0,0,0,1,2,0,,17,,XX,,,,,,,0,,,,,,"-742396,021","-1042705,235","-742395,957","-1042708,729",PRAHA1-StarÈMÏsto,DLOUH¡,,mÌstnÌkomunikace,,,,,,,,,1
2100191010,6,,2019-01-21,1,1720,1,1,0,2,1,2,501,0,0,0,150,2,1,1,1,4,1,1,1,0,0,0,1,2,0,,3,39.0,18,3.0,0.0,1.0,0.0,1.0,5.0,100,2.0,1.0,1.0,,,"-746226,610","-1051010,937","-746231,166","-1051012,812",PRAHA5Velk·Chuchle,MEZICHUCHELSK¡,,mÌstnÌkomunikace,,,,,,,,,1
2100191011,5,,2019-01-21,1,1725,1,4,0,2,1,2,503,0,0,0,600,2,1,1,1,4,1,2,1,0,0,0,1,3,0,,3,47.0,10,1.0,0.0,1.0,0.0,1.0,1.0,200,2.0,1.0,1.0,,,"-738785,272","-1040927,638","-738785,551","-1040929,056",Praha8,Zenklova,,mÌstnÌkomunikace,,1277965.0,,Souhlasn˝sesmÏrem˙seku,Pomal˝,554782.0,477761.0,GN_V0.1UIR-ADR_410,1
2100191012,4,,2019-01-21,1,1750,1,2,0,2,1,2,405,0,0,0,800,2,1,1,1,4,1,0,1,3,3,0,4,2,19,,3,39.0,18,3.0,0.0,0.0,0.0,1.0,53.0,600,2.0,1.0,1.0,,,"-736774,695","-1042225,104","-736774,896","-1042231,109",PRAHA9VysoËany,Freyova,,uzel,,,,,,,,,1
2100191013,5,,2019-01-21,1,1755,1,4,0,2,1,2,503,0,0,0,400,2,1,1,1,4,1,2,1,0,0,0,1,2,0,,3,35.0,07,1.0,0.0,1.0,0.0,1.0,1.0,200,2.0,1.0,1.0,,,"-737556,485","-1050935,766","-737556,594","-1050935,773",PRAHA4-CHODOV,Chilsk·,,uzel,,,,,,,,,1
2100191014,5,,2019-01-21,1,1915,1,4,0,2,1,2,503,0,0,0,700,2,1,1,1,4,1,3,1,0,0,0,1,2,0,,3,4.0,15,1.0,0.0,1.0,0.0,1.0,1.0,300,2.0,1.0,1.0,,,"-745823,493","-1047883,757","-745823,929","-1047894,894",PRAHA7,Hl·vk˘vmost,,mÌstnÌkomunikace,,1274088.0,,,Pomal˝,554782.0,449032.0,GN_V0.1UIR-ADR_410,1
2100191015,5,,2019-01-21,1,1830,1,4,0,2,1,9,511,0,0,0,100,2,1,1,1,4,1,2,1,0,0,0,1,2,0,,3,13.0,12,1.0,0.0,1.0,0.0,1.0,1.0,50,7.0,5.0,0.0,,,"-742363,221","-1044441,269","-742359,602","-1044442,131",PRAHA2,LEGEROVA,,uzel,,,,,,,,,1
2100191016,5,,2019-01-21,1,1900,1,4,0,2,1,2,503,0,0,0,400,2,1,1,1,4,1,3,1,0,5,2,1,2,0,,3,39.0,14,1.0,0.0,1.0,0.0,1.0,1.0,300,2.0,1.0,1.0,,,"-735743,315","-1036988,874","-735743,265","-1036989,326",PRAHA-»AKOVICE»akovice,KOSTELECK¡,,sledovan·komunikace,,,,,,,,,1
2100191017,4,,2019-01-21,1,1810,3,0,4,2,1,9,511,0,0,0,600,2,3,1,1,4,1,0,1,3,3,0,4,1,19,,3,2.0,10,1.0,0.0,1.0,0.0,1.0,84.0,600,2.0,5.0,0.0,,,"-736824,093","-1038437,572","-736827,136","-1038440,108",PRAHA9LET“ANY,sjezdzuliceLibereckÈnauliciKbelskou,,mÌstnÌkomunikace,,,,,,,,,1
2100191018,5,,2019-01-21,1,1935,1,2,0,2,1,2,403,0,0,0,800,2,1,1,1,4,1,0,1,3,3,0,4,2,10,,3,39.0,08,1.0,0.0,1.0,0.0,1.0,5.0,400,2.0,1.0,1.0,,,"-738116,497","-1043726,964","-738116,322","-1043725,396",PRAHA3-éiûkov,MALEäICK¡,,sledovan·komunikace,,,,,,,,,1
2100191019,5,,2019-01-21,1,1710,3,0,4,2,1,2,204,0,0,0,700,2,3,12,1,2,1,2,1,0,0,0,3,1,0,,3,39.0,09,1.0,1.0,1.0,0.0,1.0,1.0,600,2.0,1.0,1.0,,,"-750164,279","-1054248,177","-750165,659","-1054247,172",PRAHA5RadotÌn,ZDERAZSK¡,,sledovan·komunikace,,,,,,,,,1
2100191020,4,,2019-01-21,1,2025,1,3,0,2,1,2,403,0,0,0,150,2,1,1,1,4,1,0,1,3,3,1,4,2,11,,3,23.0,16,3.0,0.0,1.0,0.0,1.0,31.0,100,2.0,1.0,1.0,,,"-740631,405","-1045014,576","-740631,453","-1045018,032",PRAHA10Vröovice,RUSK¡,,uzel,,,,,,,,,1
2100191021,5,,2019-01-21,1,2050,1,4,0,2,1,2,503,0,0,0,300,2,1,1,1,4,1,2,1,0,0,0,1,2,0,,3,17.0,01,1.0,0.0,1.0,0.0,1.0,1.0,200,2.0,1.0,1.0,,,"-745977,554","-1045418,787","-745964,98","-1045434,987",PRAHA3,KonÏvova,,mÌstnÌkomunikace,,285158.0,,Souhlasn˝sesmÏrem˙seku,Pomal˝,554782.0,456241.0,GN_V0.1UIR-ADR_410,1
2100191022,6,,2019-01-21,1,2560,2,0,0,2,1,0,516,0,0,0,600,1,3,1,1,1,1,1,1,0,0,0,1,2,0,,17,,XX,,,,,,,0,,,,,,"-743372,881","-1043244,409","-743370,140","-1043244,111",PRAHA1StarÈMÏsto,KAROLINYSVÃTL…,,mÌstnÌkomunikace,,,,,,,,,1
2100191023,5,,2019-01-22,2,50,3,0,3,2,1,9,511,0,0,0,110,2,1,1,1,4,1,2,7,0,5,1,1,1,0,,5,13.0,12,3.0,0.0,1.0,0.0,1.0,1.0,100,2.0,5.0,0.0,,,"-751571,539","-1044230,068","-751570,910","-1044226,574",PRAHA6ÿepy,MAKOVSK…HO,,sledovan·komunikace,,,,,,,,,1
2100191024,5,,2019-01-22,2,610,3,0,9,2,1,2,204,0,0,0,250,2,5,1,1,4,1,2,1,0,0,0,1,1,0,,3,39.0,99,1.0,1.0,1.0,0.0,1.0,1.0,150,2.0,1.0,1.0,,,"-738407,569","-1044761,244","-738407,528","-1044761,102",PRAHA10-Straönice,VINOHRADSK¡,,sledovan·komunikace,,,,,,,,,1
2100191025,4,,2019-01-22,2,625,1,3,0,2,1,2,402,0,0,0,2000,2,1,1,1,4,1,0,1,3,3,2,4,2,19,,3,13.0,16,3.0,0.0,1.0,0.0,1.0,15.0,800,2.0,1.0,1.0,,,"-734807,083","-1045911,895","-734809,323","-1045911,278",Praha10-äTÃRBOHOLY,PRŸMYSLOV¡,,uzel,,,,,,,,,1
2100191026,6,,2019-01-22,2,730,1,4,0,2,1,2,503,0,0,0,1200,2,1,1,1,2,1,1,1,0,0,0,1,2,0,,3,60.0,14,1.0,0.0,1.0,0.0,1.0,5.0,600,2.0,1.0,1.0,,,"-735499,363","-1039848,009","-735496,634","-1039848,516",PRAHA9,BELADOVA,,mÌstnÌkomunikace,,,,,,,,,1
2100191027,5,,2019-01-22,2,720,3,0,1,1,1,2,508,0,0,1,400,2,3,1,1,2,1,2,1,0,0,0,1,1,0,,3,13.0,03,1.0,0.0,1.0,0.0,1.0,5.0,400,2.0,1.0,1.0,,,"-751401,957","-1040135,195","-751401,709","-1040135,484",PRAHA6,DoHoromÏ¯ic,,mÌstnÌkomunikace,,262212.0,,Souhlasn˝sesmÏrem˙seku,Pomal˝,554782.0,509132.0,GN_V0.1UIR-ADR_410,1
2100191028,6,,2019-01-22,2,800,1,4,0,2,1,2,504,0,0,0,500,2,1,1,1,1,1,1,1,0,0,0,1,2,0,,3,39.0,10,1.0,0.0,1.0,0.0,1.0,5.0,200,2.0,1.0,1.0,,,"-734714,720","-1048072,551","-734714,720","-1048074,000",PRAHA10Hostiva¯,BÃLINSK…HO,,mÌstnÌkomunikace,,,,,,,,,1
2100191029,5,,2019-01-22,2,910,1,4,0,2,1,2,503,0,0,0,300,2,1,1,1,1,1,5,1,0,0,0,1,2,0,,3,39.0,18,1.0,0.0,1.0,0.0,1.0,1.0,300,2.0,1.0,1.0,,,"-730634,996","-1042508,980","-730637,660","-1042509,120",PRAHA9HornÌPoËernice,ätÏrboholsk·spojka,,sledovan·komunikace,,,,,,,,,1
2100191030,5,,2019-01-22,2,840,1,4,0,2,1,2,503,0,0,0,400,2,1,1,1,1,1,4,1,0,0,0,1,2,0,,3,32.0,09,1.0,0.0,1.0,0.0,1.0,1.0,200,2.0,1.0,1.0,,,"-731635,041","-1044851,906","-731634,939","-1044851,746",PRAHA9,»ESKOBRODSK¡,,sledovan·komunikace,,,,,,,,,1
2100191031,5,,2019-01-22,2,825,2,0,0,2,1,2,502,0,0,0,200,2,1,1,1,1,1,2,1,0,5,2,1,2,0,,3,39.0,12,1.0,0.0,1.0,0.0,1.0,1.0,50,3.0,1.0,1.0,,,"-741188,765","-1044408,435","-741188,343","-1044403,280",PRAHA2Vinohrady,Vinohradsk·,,sledovan·komunikace,,,,,,,,,1
2100191032,5,,2019-01-22,2,1000,1,2,0,2,1,2,411,0,0,0,170,2,1,1,1,1,1,2,1,0,5,0,1,2,0,,3,39.0,00,1.0,0.0,1.0,0.0,1.0,3.0,70,3.0,1.0,1.0,,,"-738293,402","-1046743,632","-738292,226","-1046746,350",PRAHA10Z·bÏhlice,JIéNÕSPOJKA,,sledovan·komunikace,,,,,,,,,1
2100191033,5,,2019-01-22,2,915,1,4,0,1,1,2,201,0,0,2,9150,2,1,1,1,1,1,3,1,0,0,0,1,2,0,,7,26.0,16,3.0,0.0,1.0,0.0,1.0,1.0,5000,3.0,1.0,1.0,,,"-738566,600","-1049618,108","-738565,862","-1049618,027",PRAHA4CHODOV,Spo¯ilovsk·,,sledovan·komunikace,,,,,,,,,1