IDENTIFIKA»NÕ »ÕSLO,DRUH POZEMNÕ KOMUNIKACE,»ÕSLO POZEMNÕ KOMUNIKACE,"den, mÏsÌc, rok",,Ëas ,DRUH NEHODY,DRUH SR¡éKY JEDOUCÕCH VOZIDEL,DRUH PEVN… PÿEK¡éKY,CHARAKTER NEHODY,ZAVINÃNÕ NEHODY,ALKOHOL U VINÕKA NEHODY PÿÕTOMEN,HLAVNÕ PÿÕ»INY NEHODY,usmrceno osob,tÏûce zranÏno osob,lehce zranÏno osob,CELKOV¡ HMOTN¡ äKODA,DRUH POVRCHU VOZOVKY,STAV POVRCHU VOZOVKY V DOBÃ NEHODY,STAV KOMUNIKACE,POVÃTRNOSTNÕ PODMÕNKY V DOBÃ NEHODY,VIDITELNOST,ROZHLEDOV… POMÃRY,DÃLENÕ KOMUNIKACE,SITUOV¡NÕ NEHODY NA KOMUNIKACI,ÿÕZENÕ PROVOZU V DOBÃ NEHODY,MÕSTNÕ ⁄PRAVA PÿEDNOSTI V JÕZDÃ,SPECIFICK¡ MÕSTA A OBJEKTY V MÕSTÃ NEHODY,SMÃROV… POMÃRY,PO»ET Z⁄»ASTNÃN›CH VOZIDEL,MÕSTO DOPRAVNÕ NEHODY,DRUH KÿIéUJÕCÕ KOMUNIKACE,DRUH VOZIDLA,V›ROBNÕ ZNA»KA MOTOROV…HO VOZIDLA,ROK V›ROBY VOZIDLA,CHARAKTERISTIKA VOZIDLA ,SMYK,VOZIDLO PO NEHODÃ,"⁄NIK PROVOZNÕCH, PÿEPRAVOVAN›CH HMOT",ZPŸSOB VYPROäTÃNÕ OSOB Z VOZIDLA,SMÃR JÕZDY NEBO POSTAVENÕ VOZIDLA,äKODA NA VOZIDLE,KATEGORIE ÿIDI»E,STAV ÿIDI»E,VNÃJäÕ OVLIVNÃNÕ ÿIDI»E,nan.1,nan.2,nan.3,nan.4,nan.5,nan.6,nan.7,nan.8,nan.9,nan.10,nan.11,nan.12,nan.13,nan.14,nan.15,nan.16,nan.17,nan.18,LOKALITA NEHODY
2100191034,6,,2019-01-22,2,940,1,4,0,2,1,2,503,0,0,0,600,1,1,1,1,1,1,0,1,2,0,1,4,2,10,,3,44.0,17,1.0,0.0,1.0,0.0,1.0,5.0,500,2.0,1.0,1.0,,,"-743399,33","-1045179,976","-743398,968","-1045179,987",PRAHA2,VratislavovaxVnislavova,,mÌstnÌkomunikace,,283993.0,,Souhlasn˝sesmÏrem˙seku,Pomal˝,554782.0,478385.0,GN_V0.1UIR-ADR_410,1
2100191035,6,,2019-01-22,2,1000,2,0,0,2,1,2,504,0,0,0,320,2,1,1,1,1,1,1,1,0,0,0,1,2,0,,5,48.0,16,3.0,0.0,1.0,0.0,1.0,5.0,20,3.0,1.0,1.0,,,"-746639,702","-1042487,825","-746640,065","-1042487,752",PRAHA6B¯evnov,UDÃLNICK…HOCVI»IäTÃ,,mÌstnÌkomunikace,,,,,,,,,1
2100191036,6,,2019-01-22,2,1055,1,4,0,2,1,2,201,0,0,0,600,1,1,1,1,1,1,1,1,0,0,0,1,2,0,,3,47.0,12,3.0,0.0,1.0,0.0,1.0,5.0,100,2.0,1.0,1.0,,,"-740732,207","-1045606,572","-740728,224","-1045605,864",PRAHA10,SPORTOVNÕ,,mÌstnÌkomunikace,,,,,,,,,1
2100191037,8,,2019-01-22,2,1100,1,4,0,2,1,2,504,0,0,0,500,2,1,1,1,1,1,1,1,0,0,10,1,2,0,,5,19.0,14,3.0,0.0,1.0,0.0,1.0,5.0,0,3.0,1.0,1.0,,,"-736514,523","-1044632,843","-736511,924","-1044632,578",PRAHA10Straönice,DÿEV»ICK¡,,sledovan·komunikace,,,,,,,,,1
2100191038,5,,2019-01-21,1,745,1,4,0,2,1,0,503,0,0,0,100,2,1,1,1,2,1,5,1,0,5,1,1,2,0,,3,21.0,07,1.0,0.0,1.0,0.0,1.0,1.0,0,3.0,1.0,1.0,,,"-737471,861","-1039318,431","-737472,340","-1039318,731",PRAHA9St¯Ìûkov,VYSO»ANSK¡,,uzel,,,,,,,,,1
2100191039,5,,2019-01-22,2,1130,1,4,0,2,1,2,503,0,0,0,1800,2,1,1,1,1,1,2,1,0,0,0,1,2,0,,3,39.0,18,3.0,0.0,1.0,1.0,1.0,1.0,1200,2.0,1.0,1.0,,,"-740484,541","-1048885,563","-740483,333","-1048891,739",PRAHA4,JIéNÕSPOJKA,,sledovan·komunikace,,,,,,,,,1
2100191040,5,,2019-01-22,2,1140,1,3,0,2,1,2,410,0,0,0,1100,2,1,1,1,1,1,2,1,0,5,0,1,2,0,,3,13.0,01,3.0,0.0,1.0,0.0,1.0,3.0,100,2.0,1.0,1.0,,,"-740442,445","-1041562,802","-740442,560","-1041563,785",PRAHA7Holeöovice,DÃLNICK¡,,sledovan·komunikace,,,,,,,,,1
2100191041,6,,2019-01-22,2,1215,2,0,0,2,1,2,504,0,0,0,350,2,1,1,1,1,1,1,1,0,0,0,1,2,0,,5,26.0,,3.0,0.0,1.0,0.0,1.0,5.0,50,3.0,1.0,1.0,,,"-739343,662","-1046230,838","-739344,267","-1046230,739",PRAHA10,ELEKTR¡RENSK¡,,mÌstnÌkomunikace,,,,,,,,,1
2100191042,6,,2019-01-18,5,800,3,0,6,2,1,0,516,0,0,0,100,2,1,1,1,1,1,1,1,0,0,0,1,1,0,,17,,XX,,,,,,,0,,,,,,"-735865,290","-1044462,895","-735864,658","-1044460,565",PRAHA10,SAZE»SK¡,,uzel,,,,,,,,,1
2100191043,8,,2019-01-09,3,1900,3,0,9,2,1,0,516,0,0,0,50,2,1,1,1,4,1,1,1,0,0,10,1,1,0,,3,17.0,09,1.0,0.0,4.0,0.0,1.0,5.0,0,9.0,,,,,"-736410,014","-1042072,196","-736421,738","-1042070,907",PRAHA9,KABEäOVA,,mÌstnÌkomunikace,,,,,,,,,1
2100191044,4,,2019-01-22,2,1215,8,4,0,2,1,2,502,0,0,0,100,1,1,1,1,1,1,0,7,2,0,2,4,2,19,,5,26.0,18,3.0,0.0,1.0,0.0,1.0,71.0,100,3.0,1.0,1.0,,,"-742005,356","-1044476,839","-742005,205","-1044475,746",PRAHA2Vinohrady,N¡M.MÕRU,,uzel,,,,,,,,,1
2100191045,7,,2019-01-22,2,1355,2,0,0,2,1,2,502,0,0,0,300,2,1,1,1,1,1,1,1,0,0,9,1,2,0,,3,35.0,18,3.0,0.0,1.0,0.0,1.0,5.0,200,2.0,1.0,1.0,,,"-738285,490","-1039657,087","-738290,226","-1039657,187",PRAHA8,Libereck·,,˙Ëelov·komunikace,,,,,,,,,1
2100191046,5,,2019-01-22,2,1345,1,3,0,2,1,2,411,0,0,0,800,2,1,1,1,1,1,2,1,0,5,0,1,2,0,,3,39.0,13,1.0,0.0,1.0,0.0,1.0,1.0,400,2.0,1.0,1.0,,,"-742402,497","-1051061,158","-742402,397","-1051061,566",PRAHA4,DURYCHOVA,,sledovan·komunikace,,,,,,,,,1
2100191047,6,,2019-01-22,2,1415,1,3,0,2,1,2,408,0,0,0,1200,2,1,1,1,1,1,1,1,0,5,0,1,2,0,,3,13.0,11,1.0,0.0,1.0,0.0,1.0,5.0,200,2.0,1.0,1.0,,,"-740641,794","-1042963,654","-740641,589","-1042964,752",PRAHA8KarlÌn,PERNEROVA,,mÌstnÌkomunikace,,,,,,,,,1
2100191048,5,,2019-01-22,2,1445,8,3,0,1,1,2,411,0,0,1,400,2,1,1,1,1,1,0,7,3,3,0,4,2,10,,3,39.0,07,1.0,0.0,1.0,0.0,1.0,1.0,300,2.0,1.0,1.0,,,"-741575,292","-1044800,150","-741576,187","-1044798,673",PRAHA2Vinohrady,FRANCOUZSK¡,,uzel,,,,,,,,,1
2100191049,5,,2019-01-22,2,1400,1,2,0,2,1,2,410,0,0,0,200,2,1,1,1,1,1,2,1,0,5,0,1,2,0,,8,59.0,03,5.0,0.0,1.0,0.0,1.0,1.0,50,4.0,1.0,1.0,,,"-738870,688","-1039198,136","-738870,739","-1039198,691",PRAHA8LibeÚ,STÿELNI»N¡,,sledovan·komunikace,,,,,,,,,1
2100191050,5,,2019-01-22,2,1453,8,3,0,1,1,2,413,0,0,2,1900,2,1,1,1,1,1,0,7,3,3,2,4,2,10,,3,60.0,12,1.0,0.0,1.0,0.0,1.0,1.0,1500,3.0,1.0,1.0,,,"-741811,980","-1042017,410","-741813,410","-1042016,358",PRAHA7Holeöovice,DUKELSK›CHHRDINŸ,,uzel,,,,,,,,,1
2100191051,5,,2019-01-22,2,1450,1,2,0,2,1,2,408,0,0,0,500,2,1,1,1,1,1,2,1,0,5,0,1,2,0,,3,27.0,14,3.0,0.0,1.0,0.0,1.0,1.0,300,2.0,1.0,1.0,,,"-742334,441","-1044616,205","-742334,780","-1044612,646",PRAHA2NovÈMÏsto,RUMUNSK¡,,sledovan·komunikace,,,,,,,,,1
2100191052,7,,2019-01-22,2,1450,3,0,9,2,1,2,502,0,0,0,140,2,1,1,1,1,1,1,1,0,0,10,1,1,0,,3,13.0,10,1.0,0.0,1.0,0.0,1.0,5.0,10,2.0,1.0,1.0,,,"-738877,551","-1045134,745","-738878,626","-1045136,740",PRAHA10Vröovice,ärob·rova,,sledovan·komunikace,,,,,,,,,1
2100191053,6,,2019-01-22,2,1460,2,0,0,2,1,0,516,0,0,0,700,2,1,1,1,1,1,1,1,0,0,0,1,2,0,,3,39.0,15,3.0,0.0,4.0,0.0,1.0,5.0,200,9.0,,,,,"-744388,317","-1044330,843","-744391,373","-1044328,443",PRAHA5SmÌchov,KARTOUZSK¡,,uzel,,,,,,,,,1
2100191054,5,,2019-01-22,2,1540,1,2,0,2,1,2,502,0,0,0,450,2,1,1,1,1,1,2,1,0,0,5,1,2,0,,3,31.0,01,1.0,0.0,1.0,0.0,1.0,1.0,50,2.0,1.0,1.0,,,"-742300,643","-1042272,525","-742300,68","-1042272,526",PRAHA7,ätef·nik˘vmost,,mÌstnÌkomunikace,,2774905.0,,Souhlasn˝sesmÏrem˙seku,Pomal˝,554782.0,471852.0,GN_V0.1UIR-ADR_410,1
2100191055,5,,2019-01-22,2,1620,1,4,0,2,1,2,503,0,0,0,400,2,1,1,1,4,1,2,1,0,0,0,1,2,0,,3,44.0,99,1.0,0.0,0.0,0.0,1.0,1.0,100,2.0,1.0,1.0,,,"-738775,847","-1049659,772","-738775,276","-1049661,037",PRAHA4,PodChodovem,,mÌstnÌkomunikace,,822284.0,,Souhlasn˝sesmÏrem˙seku,Pomal˝,554782.0,508527.0,GN_V0.1UIR-ADR_410,1
2100191056,6,,2019-01-22,2,2560,2,0,0,2,1,0,516,0,0,0,200,2,1,1,1,1,1,1,1,0,0,0,1,2,0,,17,,XX,,,,,,,0,,,,,,"-752081,934","-1043777,729","-752081,777","-1043776,228",PRAHA6ÿepy,KäANCÕM,,mÌstnÌkomunikace,,,,,,,,,1
2100191057,5,,2019-01-22,2,1710,1,2,0,2,1,2,502,0,0,0,300,2,1,1,1,2,1,2,1,0,0,0,1,2,0,,5,13.0,15,1.0,0.0,1.0,0.0,1.0,1.0,100,2.0,1.0,1.0,,,"-747274,687","-1041941,485","-747274,900","-1041942,507",PRAHA6,VELESLAVÕNSK¡,,uzel,,,,,,,,,1
2100191058,5,,2019-01-22,2,1845,8,2,0,2,1,2,413,0,0,0,400,2,1,1,1,4,1,2,7,0,5,0,1,2,0,,3,47.0,01,9.0,0.0,1.0,0.0,1.0,1.0,400,2.0,1.0,1.0,,,"-739454,043","-1047445,815","-739450,593","-1047442,5",PRAHA4,Chodovsk·,,mÌstnÌkomunikace,,1278362.0,,Souhlasn˝sesmÏrem˙seku,Pomal˝,554782.0,448940.0,GN_V0.1UIR-ADR_410,1
2100191059,5,,2019-01-22,2,1730,1,2,0,2,1,2,411,0,0,0,800,2,1,1,1,4,1,5,1,0,5,0,1,2,0,,3,26.0,06,3.0,0.0,1.0,0.0,1.0,1.0,500,2.0,1.0,1.0,,,"-736462,710","-1041266,933","-736461,968","-1041265,306",PRAHA9VysoËany,KOLBENOVA,,sledovan·komunikace,,,,,,,,,1
2100191060,6,,2019-01-22,2,2560,2,0,0,2,1,0,516,0,0,0,100,2,1,1,1,1,1,1,1,0,0,0,1,2,0,,17,,XX,,,,,,,0,,,,,,"-746984,833","-1048786,324","-746989,187","-1048787,928",PRAHA5HluboËepy,ätÏpa¯sk·,,mÌstnÌkomunikace,,,,,,,,,1
2100191061,5,,2019-01-22,2,1700,1,3,0,1,1,2,403,0,0,3,2900,2,1,1,1,2,1,0,1,3,3,0,5,2,10,,3,35.0,07,1.0,0.0,1.0,0.0,1.0,5.0,400,2.0,1.0,1.0,,,"-739662,463","-1047202,658","-739668,148","-1047204,911",PRAHA4,Chodovsk·,,mÌstnÌkomunikace,,291980.0,,Souhlasn˝sesmÏrem˙seku,Pomal˝,554782.0,448940.0,GN_V0.1UIR-ADR_410,1
2100191062,6,,2019-01-22,2,1850,2,0,0,2,1,2,502,0,0,0,700,2,1,1,1,4,1,1,1,0,0,0,1,2,0,,8,78.0,11,5.0,0.0,1.0,0.0,1.0,5.0,100,4.0,1.0,1.0,,,"-736362,059","-1048353,586","-736361,290","-1048350,876",PRAHA15Hostiva¯,DOUPOVSK¡,,mÌstnÌkomunikace,,,,,,,,,1
2100191063,4,,2019-01-22,2,1845,4,0,0,1,1,2,401,0,1,1,400,2,1,1,1,4,1,0,1,2,0,1,5,1,19,,8,78.0,11,5.0,0.0,1.0,0.0,1.0,48.0,400,4.0,1.0,1.0,,,"-742975,098","-1050854,187","-742975,476","-1050852,996",PRAHA12(MODÿANY)Kam˝k,LHOTECK¡,,uzel,,,,,,,,,1
2100191064,4,,2019-01-23,3,30,3,0,3,2,1,2,203,0,0,0,200,2,1,1,1,4,1,0,1,3,3,0,7,1,19,,3,39.0,01,3.0,1.0,1.0,0.0,1.0,27.0,200,2.0,1.0,1.0,,,"-738870,774","-1049753,617","-738870,609","-1049754,838",PRAHA11(CHODOV),ROZTYLSK¡,,uzel,,,,,,,,,1
2100191065,6,,2019-01-23,3,50,2,0,0,2,1,2,508,0,0,0,600,2,1,1,1,4,1,1,1,0,0,0,1,3,0,,3,17.0,08,3.0,0.0,1.0,0.0,1.0,5.0,300,2.0,1.0,1.0,,,"-745127,202","-1051779,173","-745126,016","-1051778,968",PRAHA12Mod¯any,LEH¡ROVA,,mÌstnÌkomunikace,,,,,,,,,1
2100191066,6,,2019-01-22,2,2560,3,0,9,2,1,0,516,0,0,0,50,2,1,1,1,1,1,1,1,0,0,0,1,1,0,,17,,XX,,,,,,,0,,,,,,"-737528,159","-1041723,899","-737531,301","-1041725,131",PRAHA9LibeÚ,Kov·¯sk·,,mÌstnÌkomunikace,,,,,,,,,1
2100191067,5,,2019-01-23,3,455,2,0,0,2,1,2,508,0,0,0,2400,2,1,1,1,4,1,3,1,0,0,0,2,3,0,,3,4.0,11,1.0,0.0,1.0,0.0,1.0,3.0,1000,3.0,1.0,1.0,,,"-745298,511","-1051087,747","-745297,572","-1051087,823",Praha,Mod¯ansk·,,mÌstnÌkomunikace,,305865.0,,Souhlasn˝sesmÏrem˙seku,Pomal˝,554782.0,445185.0,GN_V0.1UIR-ADR_410,1
2100191068,5,,2019-01-23,3,635,1,4,0,1,1,2,503,0,0,1,1100,2,1,1,1,4,1,2,1,0,0,0,1,2,0,,3,39.0,14,3.0,0.0,1.0,0.0,1.0,1.0,800,2.0,1.0,1.0,,,"-734782,444","-1045809,569","-734781,943","-1045811,277",PRAHA-äTÃRBOHOLYätÏrboholy,JIéNÕSPOJKA,,uzel,,,,,,,,,1
2100191069,5,,2019-01-23,3,636,1,4,0,2,1,2,503,0,0,0,250,2,1,1,1,4,1,2,1,0,0,0,1,2,0,,3,39.0,00,1.0,0.0,1.0,0.0,1.0,1.0,50,2.0,1.0,1.0,,,"-734795,249","-1045813,488","-734794,791","-1045815,048",PRAHA-äTÃRBOHOLYätÏrboholy,JIéNÕSPOJKA,,uzel,,,,,,,,,1
2100191070,5,,2019-01-23,3,725,1,1,0,2,1,2,409,0,0,0,2300,2,1,1,1,2,1,2,1,0,5,0,1,2,0,,5,17.0,09,1.0,0.0,1.0,0.0,1.0,5.0,500,2.0,1.0,1.0,,,"-735578,896","-1038918,748","-735578,566","-1038918,807",PRAHA9,BERANOV›CH,,sledovan·komunikace,,,,,,,,,1
2100191071,5,,2019-01-23,3,825,1,1,0,2,1,2,204,0,0,0,1800,2,3,1,1,1,1,2,1,0,0,0,3,2,0,,3,17.0,11,3.0,1.0,1.0,1.0,1.0,1.0,1000,2.0,1.0,1.0,,,"-738856,716","-1042318,863","-738859,759","-1042314,768",PRAHA8LibeÚ,PODPLYNOJEMEM,,sledovan·komunikace,,,,,,,,,1
2100191072,5,,2019-01-23,3,848,1,3,0,2,1,2,411,0,0,0,600,2,1,1,1,1,1,5,1,0,5,0,1,2,0,,3,39.0,12,3.0,0.0,1.0,0.0,1.0,1.0,300,2.0,1.0,1.0,,,"-739683,656","-1045561,920","-739679,067","-1045561,059",PRAHA10Vröovice,USLAVIE,,sledovan·komunikace,,,,,,,,,1
2100191073,5,,2019-01-23,3,900,1,2,0,2,1,2,411,0,0,0,500,2,1,1,1,1,1,2,1,0,5,0,1,2,0,,3,32.0,05,1.0,0.0,0.0,0.0,1.0,1.0,0,2.0,1.0,1.0,,,"-735194,124","-1040893,530","-735195,821","-1040895,547",PRAHA9-VysoËany,KBELSK¡,,sledovan·komunikace,,,,,,,,,1
2100191074,6,,2019-01-22,2,2560,2,0,0,2,1,0,516,0,0,0,200,2,1,1,1,1,1,1,1,0,0,0,1,2,0,,17,,XX,,,,,,,0,,,,,,"-744136,661","-1052612,354","-744137,926","-1052611,360",PRAHA4-MODÿANY,VÃTROVCOVA,,mÌstnÌkomunikace,,,,,,,,,1
2100191075,6,,2019-01-23,3,915,2,0,0,2,1,2,508,0,0,0,1100,2,1,1,1,1,1,1,1,0,0,0,1,2,0,,3,12.0,07,1.0,0.0,1.0,0.0,1.0,5.0,600,2.0,1.0,1.0,,,"-736210,581","-1042051,037","-736210,597","-1042051,254",PRAHA9VysoËany,PODHARFOU,,mÌstnÌkomunikace,,,,,,,,,1
2100191076,6,,2019-01-23,3,930,2,0,0,2,1,2,502,0,0,0,50,2,1,1,1,1,1,1,1,0,0,0,1,2,0,,5,26.0,13,3.0,0.0,1.0,0.0,1.0,5.0,0,2.0,1.0,1.0,,,"-741209,472","-1044892,606","-741209,868","-1044895,767",PRAHA2Vinohrady,SLOVENSK¡,,mÌstnÌkomunikace,,,,,,,,,1
2100191077,5,,2019-01-23,3,933,8,3,0,1,3,2,100,0,1,0,0,2,1,1,1,1,1,5,7,0,5,1,1,1,0,,10,0.0,,5.0,0.0,1.0,0.0,1.0,5.0,0,8.0,1.0,1.0,,,"-738468,220","-1044753,290","-738470,159","-1044759,590",PRAHA10Straönice,VINOHRADSK¡,,sledovan·komunikace,,,,,,,,,1
2100191078,6,,2019-01-23,3,945,1,4,0,2,1,2,504,0,0,0,400,2,1,1,1,1,1,1,1,0,0,0,1,2,0,,5,3.0,01,3.0,0.0,1.0,0.0,1.0,5.0,0,3.0,1.0,1.0,,,"-729157,991","-1041670,093","-729157,863","-1041670,854",PRAHA9HornÌPoËernice,JIÿÕHOZEVTELNA,,mÌstnÌkomunikace,,,,,,,,,1
2100191079,5,,2019-01-23,3,920,1,3,0,2,1,2,408,0,0,0,800,2,1,1,1,1,1,2,1,0,5,0,1,2,0,,3,35.0,16,3.0,0.0,1.0,0.0,1.0,3.0,700,2.0,1.0,1.0,,,"-742277,128","-1047443,499","-742278,555","-1047448,713",PRAHA4KrË,MILEVSK¡,,sledovan·komunikace,,,,,,,,,1
2100191080,5,,2019-01-23,3,915,2,0,0,2,1,2,508,0,0,0,300,2,1,1,1,1,1,2,1,0,0,0,1,2,0,,3,44.0,10,1.0,0.0,1.0,0.0,1.0,1.0,300,2.0,1.0,1.0,,,"-747767,127","-1041332,971","-747767,227","-1041332,276",PRAHA6Vokovice,EVROPSK¡,,sledovan·komunikace,,,,,,,,,1
2100191081,5,,2019-01-23,3,950,1,3,0,2,1,2,403,0,0,0,1000,2,1,1,1,1,1,0,1,3,3,0,4,2,10,,3,39.0,13,3.0,0.0,1.0,0.0,1.0,5.0,500,2.0,1.0,1.0,,,"-739963,176","-1044860,961","-739963,995","-1044859,903",PRAHA10,BENEäOVSK¡,,sledovan·komunikace,,,,,,,,,1
2100191082,5,,2019-01-23,3,540,5,0,0,2,4,0,100,0,0,0,600,2,1,1,1,4,1,5,1,0,0,0,1,1,0,,3,39.0,14,3.0,0.0,1.0,0.0,1.0,1.0,600,3.0,1.0,1.0,,,"-741205,395","-1055336,425","-741205,395","-1055336,425",PRAHA,Praûsk˝Okruh,,sledovan·komunikace,,,,,,,,,1
2100191083,8,,2019-01-23,3,2560,2,0,0,2,1,0,516,0,0,0,200,3,1,1,1,1,1,1,1,0,0,10,1,2,0,,17,,XX,,,,,,,0,,,,,,"-748096,789","-1046576,532","-748097,003","-1046575,380",PRAHA5Jinonice,RADLICK¡,,sledovan·komunikace,,,,,,,,,1
2100191084,5,,2019-01-23,3,945,1,4,0,2,1,2,503,0,0,0,2620,2,1,1,1,1,1,5,1,0,0,0,1,2,0,,6,32.0,03,9.0,0.0,1.0,0.0,1.0,1.0,1000,4.0,1.0,1.0,,,"-730545,140","-1041568,866","-730546,652","-1041568,506",PRAHA9-HORNÕPO»ERNICE,PRAéSK›OKRUH,,uzel,,,,,,,,,1
2100191085,7,,2019-01-23,3,1035,4,0,0,1,1,2,504,0,0,1,0,2,1,1,2,1,1,1,1,0,0,10,1,1,0,,5,32.0,17,3.0,0.0,1.0,0.0,1.0,5.0,0,2.0,1.0,1.0,,,"-737090,580","-1035079,616","-737098,547","-1035074,385",PRAHA8,UPARKU,,mÌstnÌkomunikace,,,,,,,,,1
2100191086,6,,2019-01-23,3,1025,1,4,0,2,1,2,504,0,0,0,500,1,1,1,1,1,1,1,1,0,0,0,1,2,0,,3,27.0,01,1.0,0.0,1.0,0.0,1.0,5.0,200,3.0,1.0,1.0,,,"-744202,216","-1041428,379","-744199,517","-1041425,935",PRAHA6,N¡RODNÕOBRANY,,mÌstnÌkomunikace,,,,,,,,,1
2100191087,6,,2019-01-22,2,2560,2,0,0,2,1,0,516,0,0,0,5000,0,1,1,1,1,1,1,1,0,0,0,1,2,0,,17,,XX,,,,,,,0,,,,,,"-748833,797","-1046293,572","-748833,793","-1046292,314",PRAHA5Stod˘lky,PetrûÌlkova,,mÌstnÌkomunikace,,,,,,,,,1
2100191088,6,,2019-01-23,3,2560,2,0,0,2,1,0,516,0,0,0,800,2,1,1,1,1,1,1,1,0,0,0,2,2,0,,17,,XX,,,,,,,0,,,,,,"-739355,312","-1039996,021","-739355,422","-1039994,702",PRAHA8LibeÚ,GAB»ÕKOVA,,mÌstnÌkomunikace,,,,,,,,,1
2100191089,6,,2019-01-23,3,1140,2,0,0,2,1,2,502,0,0,0,300,2,1,1,1,1,1,1,1,0,0,0,1,2,0,,5,32.0,15,3.0,0.0,1.0,0.0,1.0,5.0,150,3.0,1.0,1.0,,,"-746041,840","-1042998,219","-746041,682","-1043004,567",PRAHA6B¯evnov,äLIKOVA,,mÌstnÌkomunikace,,,,,,,,,1
2100191090,5,,2019-01-23,3,1124,1,3,0,2,1,2,411,0,0,0,910,2,1,1,1,1,1,3,1,0,5,0,1,2,0,,7,10.0,10,3.0,0.0,1.0,0.0,1.0,3.0,300,3.0,1.0,1.0,,,"-748489,067","-1041445,932","-748489,123","-1041445,530",PRAHA6VeleslavÌn,EVROPSK¡,,sledovan·komunikace,,,,,,,,,1
2100191091,5,,2019-01-23,3,1142,2,0,0,2,1,2,502,0,0,0,200,2,1,1,1,1,1,2,1,0,0,0,1,2,0,,3,26.0,12,3.0,0.0,1.0,0.0,1.0,1.0,100,3.0,1.0,1.0,,,"-736712,051","-1042230,456","-736712,192","-1042226,465",PRAHA9VysoËany,PODÃBRADSK¡,,sledovan·komunikace,,,,,,,,,1
2100191092,6,,2019-01-23,3,2560,2,0,0,2,1,0,516,0,0,0,50,2,1,1,1,1,1,1,1,0,0,0,1,2,0,,17,,XX,,,,,,,0,,,,,,"-742332,123","-1043398,422","-742332,893","-1043398,932",PRAHA,,,mÌstnÌkomunikace,,,,,,,,,1
2100191093,8,,2019-01-23,3,2560,2,0,0,2,1,0,516,0,0,0,1000,1,1,1,1,1,1,1,1,0,0,10,1,2,0,,17,,XX,,,,,,,0,,,,,,"-740598,441","-1043579,275","-740598,738","-1043580,888",PRAHA3éiûkov,äTÕTN…HO,,mÌstnÌkomunikace,,,,,,,,,1
2100191094,5,,2019-01-23,3,1215,1,4,0,2,1,2,503,0,0,0,1000,2,1,1,1,1,1,0,1,3,3,0,4,2,10,,3,44.0,15,3.0,0.0,1.0,0.0,1.0,1.0,500,2.0,1.0,1.0,,,"-739702,767","-1040547,793","-739701,666","-1040546,504",PRAHA8LibeÚ,POVLTAVSK¡,,sledovan·komunikace,,,,,,,,,1
2100191095,5,,2019-01-23,3,1250,1,4,0,1,1,2,503,0,0,1,1000,2,1,1,1,1,1,5,1,0,5,1,1,2,0,,3,39.0,16,1.0,0.0,1.0,0.0,1.0,1.0,500,2.0,1.0,1.0,,,"-742430,010","-1044384,373","-742431,065","-1044384,155",PRAHA2NovÈMÏsto,SOKOLSK¡,,uzel,,,,,,,,,1
2100191096,6,,2019-01-21,1,930,3,0,2,2,1,0,502,0,0,0,50,2,1,1,1,1,1,1,1,0,0,0,1,1,0,,5,62.0,01,3.0,0.0,1.0,0.0,1.0,5.0,0,4.0,1.0,1.0,,,"-749114,457","-1047799,579","-749114,493","-1047796,818",PRAHA5-STODŸLKY,KLAUSOVA,,mÌstnÌkomunikace,,,,,,,,,1
2100191097,6,,2019-01-20,0,2560,2,0,0,2,1,0,516,0,0,0,600,2,1,1,1,1,1,1,1,0,0,0,1,2,0,,17,,XX,,,,,,,0,,,,,,"-751105,085","-1043770,858","-751105,984","-1043777,105",PRAHA6ÿepy,éufanova,,mÌstnÌkomunikace,,,,,,,,,1
2100191098,6,,2019-01-22,2,2560,2,0,0,2,1,0,516,0,0,0,100,2,1,1,1,1,1,1,1,0,0,0,1,2,0,,17,,XX,,,,,,,0,,,,,,"-744260,027","-1043981,442","-744257,426","-1043981,885",PRAHA5,KROFTOVA,,mÌstnÌkomunikace,,,,,,,,,1
2100191099,6,,2019-01-22,2,2560,2,0,0,2,1,0,516,0,0,0,200,2,1,1,1,1,1,1,1,0,0,0,1,2,0,,17,,XX,,,,,,,0,,,,,,"-749301,290","-1047638,291","-749302,348","-1047638,855",PRAHA5,BOROVANSK…HO,,mÌstnÌkomunikace,,,,,,,,,1
2100191100,6,,2019-01-21,1,2560,2,0,0,2,1,0,516,0,0,0,300,2,1,1,1,1,1,1,1,0,0,0,1,2,0,,17,,XX,,,,,,,0,,,,,,"-750573,760","-1046651,773","-750568,494","-1046646,506",PRAHA,,,mÌstnÌkomunikace,,,,,,,,,1
2100191101,6,,2019-01-23,3,1260,2,0,0,2,1,0,516,0,0,0,100,2,1,1,1,1,1,1,1,0,0,0,1,2,0,,3,12.0,09,1.0,0.0,4.0,0.0,1.0,5.0,0,9.0,,,,,"-742806,413","-1043329,985","-742809,591","-1043325,975",PRAHA1StarÈMÏsto,RYTÕÿSK¡,,mÌstnÌkomunikace,,,,,,,,,1
2100191102,5,,2019-01-23,3,1356,1,4,0,2,1,0,503,0,0,0,100,2,1,1,1,1,1,2,1,0,0,0,1,2,0,,3,39.0,15,3.0,0.0,4.0,0.0,1.0,3.0,0,9.0,,,,,"-744985,380","-1044407,437","-744985,422","-1044408,516",PRAHA5,PLZE“SK¡,,sledovan·komunikace,,,,,,,,,1
2100191103,4,,2019-01-23,3,1421,3,0,2,2,1,2,508,0,0,0,900,1,1,1,1,1,1,0,1,3,3,5,4,1,19,,3,39.0,11,3.0,0.0,1.0,0.0,1.0,75.0,800,2.0,1.0,1.0,,,"-742303,453","-1042177,808","-742302,279","-1042177,763",PRAHA7Holeöovice,N¡Bÿ.EDVARDABENEäExLetensk˝tunel,,uzel,,,,,,,,,1
2100191104,6,,2019-01-22,2,860,2,0,0,2,1,0,516,0,0,0,100,2,1,1,1,1,1,1,1,0,0,0,1,2,0,,3,60.0,08,1.0,0.0,4.0,0.0,1.0,5.0,0,9.0,,,,,"-742726,518","-1044505,295","-742726,459","-1044505,422",PRAHA2-NovÈMÏsto,KATEÿINSK¡,,mÌstnÌkomunikace,,,,,,,,,1