IDENTIFIKA»NÕ »ÕSLO,DRUH POZEMNÕ KOMUNIKACE,»ÕSLO POZEMNÕ KOMUNIKACE,"den, mÏsÌc, rok",,Ëas ,DRUH NEHODY,DRUH SR¡éKY JEDOUCÕCH VOZIDEL,DRUH PEVN… PÿEK¡éKY,CHARAKTER NEHODY,ZAVINÃNÕ NEHODY,ALKOHOL U VINÕKA NEHODY PÿÕTOMEN,HLAVNÕ PÿÕ»INY NEHODY,usmrceno osob,tÏûce zranÏno osob,lehce zranÏno osob,CELKOV¡ HMOTN¡ äKODA,DRUH POVRCHU VOZOVKY,STAV POVRCHU VOZOVKY V DOBÃ NEHODY,STAV KOMUNIKACE,POVÃTRNOSTNÕ PODMÕNKY V DOBÃ NEHODY,VIDITELNOST,ROZHLEDOV… POMÃRY,DÃLENÕ KOMUNIKACE,SITUOV¡NÕ NEHODY NA KOMUNIKACI,ÿÕZENÕ PROVOZU V DOBÃ NEHODY,MÕSTNÕ ⁄PRAVA PÿEDNOSTI V JÕZDÃ,SPECIFICK¡ MÕSTA A OBJEKTY V MÕSTÃ NEHODY,SMÃROV… POMÃRY,PO»ET Z⁄»ASTNÃN›CH VOZIDEL,MÕSTO DOPRAVNÕ NEHODY,DRUH KÿIéUJÕCÕ KOMUNIKACE,DRUH VOZIDLA,V›ROBNÕ ZNA»KA MOTOROV…HO VOZIDLA,ROK V›ROBY VOZIDLA,CHARAKTERISTIKA VOZIDLA ,SMYK,VOZIDLO PO NEHODÃ,"⁄NIK PROVOZNÕCH, PÿEPRAVOVAN›CH HMOT",ZPŸSOB VYPROäTÃNÕ OSOB Z VOZIDLA,SMÃR JÕZDY NEBO POSTAVENÕ VOZIDLA,äKODA NA VOZIDLE,KATEGORIE ÿIDI»E,STAV ÿIDI»E,VNÃJäÕ OVLIVNÃNÕ ÿIDI»E,nan.1,nan.2,nan.3,nan.4,nan.5,nan.6,nan.7,nan.8,nan.9,nan.10,nan.11,nan.12,nan.13,nan.14,nan.15,nan.16,nan.17,nan.18,LOKALITA NEHODY
2100191105,6,,2019-01-23,3,1360,2,0,0,2,1,0,516,0,0,0,200,2,1,1,1,1,1,1,0,0,0,0,1,2,0,,5,13.0,14,3.0,0.0,4.0,0.0,1.0,5.0,0,9.0,,,,,"-747537,003","-1045059,839","-747537,580","-1045063,742",PRAHA5,NASKOV…,,mÌstnÌkomunikace,,,,,,,,,1
2100191106,6,,2019-01-22,2,2560,2,0,0,2,1,0,516,0,0,0,200,2,1,1,1,1,1,1,1,0,0,0,1,2,0,,5,7.0,18,3.0,0.0,4.0,0.0,1.0,5.0,0,9.0,,,,,"-749654,166","-1047603,988","-749651,169","-1047604,010",PRAHA5-STODŸLKY,»ERVE“ANSK…HO,,mÌstnÌkomunikace,,,,,,,,,1
2100191107,5,,2019-01-23,3,1430,1,3,0,2,1,0,410,0,0,0,100,2,1,1,1,1,1,2,1,0,5,0,1,2,0,,17,,XX,,,,,,,0,,,,,,"-737596,520","-1044901,242","-737596,581","-1044903,219",PRAHA10Straönice,»ERNOKOSTELECK¡,,sledovan·komunikace,,,,,,,,,1
2100191108,5,,2019-01-23,3,1443,8,1,0,1,3,2,100,0,0,1,0,2,1,1,1,1,1,2,7,0,0,0,1,1,0,,10,0.0,,5.0,0.0,0.0,0.0,1.0,1.0,0,8.0,1.0,1.0,,,"-743167,909","-1044395,296","-743171,759","-1044394,173",PRAHA2NovÈMÏsto,KARLOVON¡M.,,sledovan·komunikace,,,,,,,,,1
2100191109,4,,2019-01-23,3,1442,0,0,0,1,1,0,411,0,0,1,0,2,1,1,1,1,1,0,1,3,3,0,4,2,19,,17,,XX,,,,,,,0,,,,,,"-737335,911","-1046678,112","-737331,825","-1046679,474",PRAHA10Z·bÏhlice,äVEHLOVAxJIéNÕSPOJKA,,uzel,,,,,,,,,1
2100191110,6,,2019-01-09,3,2560,2,0,0,2,1,0,516,0,0,0,200,2,1,1,1,1,1,1,1,0,0,0,1,2,0,,17,,XX,,,,,,,0,,,,,,"-738537,803","-1051269,299","-738537,851","-1051269,792",PRAHA4,Technologick·,,mÌstnÌkomunikace,,2376404.0,,Souhlasn˝sesmÏrem˙seku,Pomal˝,554782.0,505048.0,GN_V0.1UIR-ADR_410,1
2100191111,4,,2019-01-23,3,1510,1,4,0,2,1,2,503,0,0,0,600,2,1,1,1,1,1,0,1,2,0,2,4,2,19,,3,39.0,08,3.0,0.0,1.0,0.0,1.0,85.0,500,2.0,1.0,1.0,,,"-736778,135","-1042217,237","-736779,615","-1042216,560",PRAHA9VysoËany,"PODÃBRADSK¡,KéIéKOVU,FREYOVA,»ESKOMORAVSK¡",,uzel,,,,,,,,,1
2100191112,5,,2019-01-23,3,1530,1,4,0,2,1,2,503,0,0,0,600,2,1,1,1,1,1,2,1,0,0,0,1,2,0,,3,39.0,03,1.0,0.0,1.0,0.0,1.0,1.0,300,2.0,1.0,1.0,,,"-741523,808","-1043415,039","-741525,368","-1043416,553",PRAHA2,Seifertova,,mÌstnÌkomunikace,,1531774.0,,Souhlasn˝sesmÏrem˙seku,Pomal˝,554782.0,451240.0,GN_V0.1UIR-ADR_410,1
2100191113,6,,2019-01-23,3,1410,2,0,0,2,1,2,509,0,0,0,500,2,1,1,1,1,1,1,1,0,0,0,1,2,0,,5,7.0,15,3.0,0.0,1.0,0.0,1.0,5.0,100,2.0,1.0,1.0,,,"-741696,468","-1045777,539","-741696,943","-1045782,190",PRAHA4Nusle,»ESTMÕROVA,,mÌstnÌkomunikace,,,,,,,,,1
2100191114,8,,2019-01-23,3,1425,1,3,0,2,1,2,404,0,0,0,400,2,1,1,1,1,1,1,1,0,5,10,1,2,0,,3,39.0,02,1.0,0.0,1.0,0.0,1.0,5.0,200,3.0,1.0,1.0,,,"-739930,443","-1037865,174","-739929,680","-1037865,174",PRAHA8-DOLNÕCHABRY,⁄steck·,,mÌstnÌkomunikace,,,,,,,,,1
2100191115,5,,2019-01-23,3,1440,3,0,3,2,1,2,502,0,0,0,2200,2,1,1,1,1,1,2,1,0,0,0,1,1,0,,3,12.0,16,3.0,0.0,1.0,0.0,1.0,1.0,2000,3.0,1.0,1.0,,,"-736467,543","-1044141,733","-736464,572","-1044143,361",PRAHA10,UTVRZE,,sledovan·komunikace,,,,,,,,,1
2100191116,5,,2019-01-23,3,2560,2,0,0,2,1,0,516,0,0,0,300,2,1,1,1,1,1,2,1,0,5,2,1,2,0,,17,,XX,,,,,,,0,,,,,,"-736496,579","-1043407,492","-736498,521","-1043401,192",PRAHA9Hrdlo¯ezy,»ESKOBRODSK¡,,sledovan·komunikace,,,,,,,,,1
2100191117,5,,2019-01-23,3,1700,1,4,0,2,1,2,503,0,0,0,550,2,1,1,1,2,1,2,1,0,0,0,1,2,0,,3,47.0,11,3.0,0.0,1.0,0.0,1.0,1.0,450,3.0,1.0,1.0,,,"-743380,428","-1043210,742","-743377,582","-1043212,164",PRAHA1StarÈMÏsto,SMETANOVON¡Bÿ.,,sledovan·komunikace,,,,,,,,,1
2100191118,7,,2019-01-23,3,1700,2,0,0,2,1,2,502,0,0,0,500,2,1,1,1,2,1,1,1,0,0,10,1,2,0,,5,26.0,13,3.0,0.0,1.0,0.0,1.0,5.0,200,3.0,1.0,1.0,,,"-740985,695","-1047612,479","-740985,718","-1047611,250",PRAHA4-MICHLE,éELETAVSK¡,,˙Ëelov·komunikace,,,,,,,,,1
2100191119,5,,2019-01-23,3,1700,4,0,0,1,3,0,100,0,0,1,20,2,1,1,1,2,1,2,7,0,0,0,1,1,0,,10,0.0,,5.0,0.0,1.0,0.0,1.0,1.0,20,8.0,1.0,1.0,,,"-741405,288","-1044565,735","-741405,393","-1044566,576",PRAHA2Vinohrady,KORUNNÕ,,sledovan·komunikace,,,,,,,,,1
2100191120,4,,2019-01-23,3,1722,1,3,0,2,1,2,405,0,0,0,1700,2,1,1,1,4,1,0,1,2,0,0,5,2,19,,3,39.0,03,1.0,0.0,1.0,0.0,1.0,52.0,400,2.0,1.0,1.0,,,"-735142,818","-1047807,513","-735140,015","-1047808,074",PRAHA10Hostiva¯,PRŸMYSLOV¡,,uzel,,,,,,,,,1
2100191121,5,,2019-01-17,4,2560,2,0,0,2,1,0,516,0,0,0,150,2,1,1,1,1,1,2,1,0,0,0,1,2,0,,17,,XX,,,,,,,0,,,,,,"-735374,343","-1038477,065","-735374,318","-1038477,190",PRAHA18(LET“ANY)LetÚany,BERANOV›CH,,sledovan·komunikace,,,,,,,,,1
2100191122,5,,2019-01-23,3,1704,0,0,0,2,3,0,100,0,0,0,1,2,1,1,1,2,1,2,7,0,0,0,1,1,0,,10,0.0,,5.0,0.0,1.0,0.0,1.0,1.0,1,8.0,1.0,1.0,,,"-740325,265","-1043920,493","-740325,219","-1043924,373",PRAHA3éiûkov,T¡BORITSK¡,,sledovan·komunikace,,,,,,,,,1
2100191123,5,,2019-01-23,3,1545,2,0,0,2,1,2,502,0,0,0,450,2,1,1,1,1,1,2,1,0,0,0,1,2,0,,3,41.0,17,1.0,0.0,1.0,0.0,1.0,1.0,200,2.0,1.0,1.0,,,"-747998,784","-1046568,102","-747998,559","-1046565,558",PRAHA5Jinonice,RADLICK¡,,sledovan·komunikace,,,,,,,,,1
2100191124,5,,2019-01-23,3,800,4,0,0,2,3,0,100,0,0,0,10,2,1,1,1,1,1,2,7,0,0,0,1,1,0,,10,0.0,,5.0,0.0,1.0,0.0,1.0,1.0,10,8.0,1.0,1.0,,,"-734426,055","-1035123,728","-734429,546","-1035124,349",PRAHA9ËAKOVICE,Schoellerova,,mÌstnÌkomunikace,,1681580.0,,Souhlasn˝sesmÏrem˙seku,Pomal˝,554782.0,446874.0,GN_V0.1UIR-ADR_410,1
2100191125,7,,2019-01-22,2,2560,2,0,0,2,1,0,516,0,0,0,200,2,1,1,1,1,1,1,1,0,0,0,1,2,0,,17,,XX,,,,,,,0,,,,,,"-738451,099","-1047713,219","-738451,792","-1047717,386",PRAHA10Z·bÏhlice,KVODÃ,,˙Ëelov·komunikace,,,,,,,,,1
2100191126,5,,2019-01-23,3,1815,0,0,0,2,7,0,608,0,0,0,1000,2,1,1,1,4,1,6,1,0,0,0,1,2,0,,17,,XX,,,,,,,0,,,,,,"-752919,993","-1043741,539","-752920,945","-1043740,483",Praha5ZliËÌn,PRAéSK›OKRUH,,sledovan·komunikace,,,,,,,,,1
2100191127,6,,2019-01-23,3,1835,2,0,0,2,1,2,502,0,0,0,400,2,1,1,1,4,1,1,1,0,0,0,1,2,0,,8,99.0,12,9.0,0.0,1.0,0.0,1.0,5.0,300,4.0,1.0,1.0,,,"-742032,725","-1044239,913","-742032,669","-1044239,832",PRAHA2-Vinohrady,ÿÕMSK¡,,mÌstnÌkomunikace,,,,,,,,,1
2100191128,5,,2019-01-23,3,1840,1,4,0,2,1,2,503,0,0,0,400,2,1,1,1,4,1,0,1,2,0,2,5,2,10,,3,39.0,00,1.0,0.0,1.0,0.0,1.0,1.0,200,2.0,1.0,1.0,,,"-740157,952","-1044353,264","-740157,954","-1044353,071",PRAHA3éiûkov,"JI»ÕNSK¡,PÿEMYSLOVSK¡",,sledovan·komunikace,,,,,,,,,1
2100191129,4,,2019-01-23,3,1815,1,2,0,2,1,0,411,0,0,0,400,2,1,1,1,4,1,0,1,3,3,2,5,2,19,,5,35.0,14,1.0,0.0,4.0,0.0,1.0,17.0,0,9.0,,,,,"-750832,001","-1043152,802","-750832,960","-1043155,153",PRAHA6RuzynÏ,KARLOVARSK¡,,uzel,,,,,,,,,1
2100191130,5,,2019-01-23,3,1838,1,2,0,2,1,2,405,0,0,0,1900,2,3,1,1,4,1,0,1,3,3,2,4,2,10,,3,39.0,02,1.0,0.0,1.0,0.0,1.0,3.0,400,2.0,1.0,1.0,,,"-749051,056","-1045813,300","-749052,378","-1045814,622",PRAHA5Stod˘lky,BUCHAROVA-N¡ROéNÕ,,uzel,,,,,,,,,1
2100191131,6,,2019-01-23,3,1912,2,0,0,2,1,2,502,0,0,0,50,2,3,1,5,5,1,1,1,0,0,0,1,2,0,,3,47.0,04,2.0,0.0,1.0,0.0,1.0,5.0,0,2.0,1.0,1.0,,,"-741160,305","-1043825,232","-741160,730","-1043823,308",PRAHA3éiûkov,BOÿIVOJOVA,,mÌstnÌkomunikace,,,,,,,,,1
2100191132,5,,2019-01-23,3,1930,0,0,0,2,1,0,411,0,0,0,70,2,3,1,1,4,1,3,1,0,5,0,1,2,0,,17,,XX,,,,,,,0,,,,,,"-735601,263","-1046055,175","-735600,780","-1046056,643",PRAHA15Hostiva¯,JIéNÕSPOJKA,,sledovan·komunikace,,,,,,,,,1
2100191133,5,,2019-01-23,3,2020,3,0,2,2,1,2,504,0,0,0,230,2,1,1,1,4,1,2,1,0,0,0,1,1,0,,3,39.0,14,1.0,0.0,1.0,0.0,1.0,1.0,200,2.0,1.0,1.0,,,"-744339,735","-1040369,661","-744339,217","-1040369,540",PRAHA6BubeneË,TERRONSK¡,,sledovan·komunikace,,,,,,,,,1
2100191134,5,,2019-01-23,3,2030,1,4,0,2,1,2,503,0,0,0,900,2,6,1,1,4,1,2,1,0,0,0,1,2,0,,3,39.0,04,2.0,0.0,1.0,0.0,1.0,1.0,400,3.0,1.0,1.0,,,"-725578,464","-1041675,463","-725578,577","-1041674,211",PRAHA9HornÌPoËernice,N¡CHODSK¡,,sledovan·komunikace,,,,,,,,,1
2100191135,5,,2019-01-01,2,2560,2,0,0,2,1,0,516,0,0,0,400,2,1,1,1,1,1,2,1,0,0,0,1,2,0,,17,,XX,,,,,,,0,,,,,,"-741952,615","-1045686,390","-741954,115","-1045682,444",PRAHA4Nusle,KÿESOMYSLOVA,,sledovan·komunikace,,,,,,,,,1
2100191136,6,,2019-01-23,3,2125,3,0,1,2,1,2,204,0,0,0,1420,2,5,1,1,4,1,1,1,0,0,0,2,1,0,,3,13.0,12,1.0,1.0,1.0,0.0,1.0,5.0,1400,2.0,1.0,1.0,,,"-732996,003","-1047326,867","-732996,396","-1047329,858",PRAHA10,DolnomÏcholupsk·,,mÌstnÌkomunikace,,1684027.0,,OpaËn˝kesmÏru˙seku,Pomal˝,554782.0,445843.0,GN_V0.1UIR-ADR_410,1
2100191137,6,,2019-01-23,3,2560,3,0,9,2,1,0,516,0,0,0,200,2,1,1,1,1,1,1,1,0,0,0,3,1,0,,3,2.0,09,1.0,0.0,4.0,0.0,1.0,5.0,100,9.0,,,,,"-741943,125","-1042534,320","-741942,315","-1042534,344",PRAHA1NovÈMÏsto,Lannova,,mÌstnÌkomunikace,,,,,,,,,1
2100191138,5,,2019-01-23,3,2330,1,2,0,2,1,0,411,0,0,0,800,2,3,1,1,4,1,5,1,0,5,2,1,2,0,,3,2.0,09,2.0,0.0,4.0,0.0,1.0,1.0,300,9.0,,,,,"-742305,435","-1042474,672","-742298,068","-1042474,564",PRAHA1NovÈMÏsto,äTEF¡NIKŸVMOST,,uzel,,,,,,,,,1
2100191139,4,,2019-01-23,3,2342,1,2,0,2,1,2,401,0,0,0,1800,2,3,1,1,4,1,0,1,2,0,0,5,2,19,,3,39.0,11,12.0,0.0,1.0,0.0,1.0,37.0,300,2.0,1.0,1.0,,,"-744444,701","-1041959,021","-744444,722","-1041958,975",PRAHA6HradËany,MILADYHOR¡KOV…xSVATOVÕTSK¡,,uzel,,,,,,,,,1
2100191140,4,,2019-01-24,4,218,1,3,0,1,1,9,511,0,0,1,1400,2,3,1,1,4,1,0,1,2,0,0,4,2,19,,3,39.0,01,1.0,0.0,1.0,0.0,1.0,37.0,400,2.0,5.0,0.0,,,"-742351,665","-1044411,037","-742352,764","-1044410,818",PRAHA2Vinohrady,LEGEROVA,,uzel,,,,,,,,,1
2100191141,8,,2019-01-01,2,2560,3,0,9,2,1,0,516,0,0,0,300,2,1,1,1,1,1,1,1,0,0,10,1,1,0,,17,,XX,,,,,,,0,,,,,,"-752662,787","-1038969,337","-752662,429","-1038970,521",PRAHA6,LAGLEROV…,,˙Ëelov·komunikace,,,,,,,,,1
2100191142,8,,2019-01-01,2,2560,3,0,3,2,1,0,516,0,0,0,200,2,1,1,1,1,1,1,1,0,0,10,1,1,0,,5,99.0,,9.0,0.0,4.0,0.0,1.0,5.0,0,9.0,,,,,"-752574,318","-1038926,443","-752571,560","-1038925,534",PRAHA6RuzynÏ,Laglerov·,,˙Ëelov·komunikace,,,,,,,,,1
2100191143,6,,2019-01-23,3,2560,2,0,0,2,1,0,516,0,0,0,50,0,1,1,1,1,1,1,1,0,0,0,1,2,0,,17,,XX,,,,,,,0,,,,,,"-737508,851","-1047520,477","-737508,801","-1047521,763",PRAHA10Z·bÏhlice,ML¡DEéNICK¡,,mÌstnÌkomunikace,,,,,,,,,1
2100191144,5,,2019-01-24,4,710,3,0,9,2,1,2,204,0,0,0,450,2,3,1,1,4,1,2,1,0,0,0,1,1,0,,3,41.0,06,3.0,1.0,1.0,0.0,1.0,1.0,400,2.0,1.0,1.0,,,"-739696,754","-1040540,271","-739693,040","-1040545,250",PRAHA8LibeÚ,POVLTAVSK¡,,mÌstnÌkomunikace,,,,,,,,,1
2100191145,5,,2019-01-24,4,721,4,0,0,1,1,2,412,0,0,1,100,2,3,1,1,2,1,2,1,0,5,1,1,1,0,,3,47.0,09,1.0,0.0,1.0,0.0,1.0,5.0,100,2.0,1.0,1.0,,,"-741982,311","-1041549,886","-741982,709","-1041547,101",PRAHA7Holeöovice,VELETRéNÕ,,sledovan·komunikace,,,,,,,,,1
2100191146,5,,2019-01-24,4,740,1,2,0,2,1,2,502,0,0,0,500,2,1,1,1,2,1,2,1,0,0,0,1,2,0,,3,39.0,16,1.0,0.0,1.0,0.0,1.0,1.0,300,2.0,1.0,1.0,,,"-739857,739","-1039604,780","-739852,629","-1039600,351",PRAHA8LibeÚ,ZENKLOVA,,uzel,,,,,,,,,1
2100191147,6,,2019-01-24,4,820,2,0,0,2,1,2,504,0,0,0,310,2,3,1,1,1,1,1,1,0,0,0,1,2,0,,3,17.0,18,11.0,0.0,1.0,0.0,1.0,5.0,300,3.0,1.0,1.0,,,"-743097,883","-1041291,731","-743098,198","-1041291,722",PRAHA6-BUBENE»,NaZ·torce,,mÌstnÌkomunikace,,2691086.0,,Souhlasn˝sesmÏrem˙seku,Pomal˝,554782.0,460427.0,GN_V0.1UIR-ADR_410,1
2100191148,6,,2019-01-24,4,840,2,0,0,2,1,2,504,0,0,0,300,2,1,1,1,1,1,1,1,0,0,0,1,2,0,,3,39.0,11,12.0,0.0,1.0,0.0,1.0,5.0,150,2.0,1.0,1.0,,,"-743245,802","-1043512,967","-743244,254","-1043517,095",PRAHA1StarÈMÏsto,BARTOLOMÃJSK¡,,mÌstnÌkomunikace,,,,,,,,,1
2100191149,5,,2019-01-24,4,840,1,4,0,2,1,2,503,0,0,0,150,2,3,1,5,3,1,0,1,2,0,1,4,2,10,,3,39.0,15,3.0,0.0,1.0,0.0,1.0,1.0,100,2.0,1.0,1.0,,,"-742008,033","-1049124,469","-742011,582","-1049124,270",PRAHA4KrË,SULICK¡,,uzel,,,,,,,,,1
2100191150,4,,2019-01-24,4,835,1,2,0,2,1,0,508,0,0,0,300,2,1,1,1,1,1,0,1,2,0,0,4,2,19,,3,39.0,11,1.0,0.0,1.0,0.0,1.0,17.0,0,9.0,,,,,"-741152,529","-1049148,746","-741152,628","-1049148,711",PRAHA4-KrË,VÕDE“SK¡,,uzel,,,,,,,,,1
2100191151,8,,2019-01-24,4,910,1,3,0,2,1,2,504,0,0,0,100,1,1,1,1,1,1,1,1,0,0,10,1,2,0,,3,35.0,12,1.0,0.0,1.0,0.0,1.0,5.0,100,2.0,1.0,1.0,,,"-750207,538","-1047233,339","-750209,996","-1047242,002",PRAHA5STODŸLKY,JEREMI¡äOVA,,˙Ëelov·komunikace,,,,,,,,,1
2100191152,6,,2019-01-01,2,2560,2,0,0,2,1,0,516,0,0,0,300,2,1,1,1,1,1,1,1,0,0,0,1,2,0,,17,,XX,,,,,,,0,,,,,,"-741360,289","-1042840,136","-741360,777","-1042837,478",PRAHA8KarlÌn,ZAPOÿÕ»SKOUBR¡NOU,,mÌstnÌkomunikace,,,,,,,,,1
2100191153,7,,2019-01-13,0,2560,2,0,0,2,1,0,516,0,0,0,50,2,1,1,1,1,1,1,1,0,0,0,1,2,0,,17,,XX,,,,,,,0,,,,,,"-745475,852","-1043439,251","-745466,750","-1043440,373",PRAHA6B¯evnov,Z¡TOPKOVA,,˙Ëelov·komunikace,,,,,,,,,1
2100191154,5,,2019-01-03,4,1200,3,0,2,2,1,0,516,0,0,0,100,2,1,1,1,1,1,3,1,0,0,0,1,1,0,,17,,XX,,,,,,,0,,,,,,"-739858,717","-1037678,206","-739864,043","-1037678,136",DOLNÕCHABRYDolnÌChabry,⁄STECK¡,,sledovan·komunikace,,,,,,,,,1
2100191155,4,,2019-01-24,4,845,1,3,0,2,1,2,404,0,0,0,200,2,1,1,1,1,1,0,1,3,3,0,5,2,19,,3,42.0,07,1.0,0.0,1.0,0.0,1.0,18.0,50,2.0,1.0,1.0,,,"-743603,271","-1042451,281","-743603,188","-1042451,391",PRAHA1Mal·Strana,PODBRUSKOUxVALDäTEJNSK¡,,uzel,,,,,,,,,1
2100191156,8,,2019-01-24,4,900,1,4,0,2,1,2,504,0,0,0,350,2,1,1,1,1,1,1,1,0,0,10,1,2,0,,3,47.0,11,3.0,0.0,1.0,0.0,1.0,5.0,150,2.0,1.0,1.0,,,"-741916,914","-1049938,425","-741916,704","-1049938,968",PRAHA4,JiûnÌSpojka,,sledovan·komunikace,,,,,,,,,1
2100191157,6,,2019-01-24,4,2560,2,0,0,2,1,0,516,0,0,0,200,1,3,1,1,1,1,1,1,0,0,0,1,2,0,,17,,XX,,,,,,,0,,,,,,"-748464,773","-1041427,699","-748464,852","-1041427,110",PRAHA6Vokovice,EVROPSK¡,,sledovan·komunikace,,,,,,,,,1
2100191158,6,,2019-01-24,4,915,2,0,0,2,1,2,504,0,0,0,1100,2,5,1,1,1,1,1,1,0,0,0,1,2,0,,3,39.0,15,3.0,0.0,1.0,0.0,1.0,5.0,800,2.0,1.0,1.0,,,"-738598,944","-1045930,183","-738598,500","-1045929,047",PRAHA10-Straönice,éELEZNI»NÕ,,mÌstnÌkomunikace,,,,,,,,,1
2100191159,5,,2019-01-24,4,920,1,4,0,2,1,2,503,0,0,0,300,2,1,1,1,1,1,2,1,0,0,0,1,3,0,,3,11.0,08,1.0,0.0,1.0,0.0,1.0,1.0,100,2.0,1.0,1.0,,,"-741419,364","-1042464,093","-741419,209","-1042460,847",PRAHA8KarlÌn,ROHANSK…N¡BÿEéÕ,,sledovan·komunikace,,,,,,,,,1
2100191160,6,,2019-01-22,2,2560,2,0,0,2,1,0,516,0,0,0,100,2,3,1,1,1,1,1,1,0,0,0,1,2,0,,17,,XX,,,,,,,0,,,,,,"-735185,604","-1047618,788","-735185,575","-1047618,652",PRAHA10Hostiva¯,UBRANEK,,mÌstnÌkomunikace,,,,,,,,,1
2100191161,8,,2019-01-23,3,1250,3,0,9,2,1,0,516,0,0,0,100,2,1,3,1,1,1,1,1,0,0,10,1,1,0,,3,12.0,12,1.0,0.0,4.0,0.0,1.0,5.0,0,9.0,,,,,"-740623,428","-1041849,608","-740620,249","-1041850,072",PRAHA7Holeöovice,JATE»NÕ,,mÌstnÌkomunikace,,,,,,,,,1
2100191162,6,,2019-01-23,3,2560,3,0,9,2,1,0,516,0,0,0,100,4,3,1,5,3,1,1,1,0,0,0,1,1,0,,17,,XX,,,,,,,0,,,,,,"-746096,602","-1042839,004","-746097,521","-1042831,107",PRAHA6B¯evnov,PODMARJ¡NKOU,,mÌstnÌkomunikace,,,,,,,,,1
2100191163,8,,2019-01-01,2,2560,3,0,9,2,1,0,516,0,0,0,200,2,1,1,1,1,1,1,1,0,0,10,1,1,0,,3,60.0,18,1.0,0.0,4.0,0.0,1.0,5.0,0,9.0,,,,,"-740890,974","-1041810,148","-740891,157","-1041810,120",PRAHA7Holeöovice,JATE»NÕ,,mÌstnÌkomunikace,,,,,,,,,1
2100191164,6,,2019-01-24,4,2560,2,0,0,2,1,0,516,0,0,0,200,2,1,1,1,1,1,1,1,0,0,0,1,2,0,,17,,XX,,,,,,,0,,,,,,"-734184,253","-1049532,918","-734184,022","-1049531,056",PRAHA10-HornÌMÏcholupy,Mil·nsk·,,mÌstnÌkomunikace,,,,,,,,,1
2100191165,5,,2019-01-24,4,900,1,2,0,2,1,2,411,0,0,0,800,2,1,1,1,1,1,2,1,0,5,0,1,2,0,,3,39.0,14,3.0,0.0,1.0,0.0,1.0,1.0,600,2.0,1.0,1.0,,,"-739239,792","-1048808,547","-739239,159","-1048805,075",PRAHA4,5.KVÃTNA,,uzel,,,,,,,,,1
2100191166,6,,2019-01-08,2,1645,1,4,0,2,1,0,504,0,0,0,200,2,1,1,1,2,1,0,0,0,0,0,1,2,0,,3,4.0,06,1.0,0.0,0.0,0.0,1.0,5.0,0,2.0,1.0,1.0,,,"-744190,201","-1044049,538","-744187,794","-1044050,073",PRAHA5,ätef·nikova,,mÌstnÌkomunikace,,279153.0,,OpaËn˝kesmÏru˙seku,Pomal˝,554782.0,451959.0,GN_V0.1UIR-ADR_410,1
2100191167,6,,2019-01-01,2,2560,2,0,0,2,1,0,516,0,0,0,300,2,1,1,1,1,1,1,1,0,0,0,1,2,0,,3,39.0,00,1.0,0.0,4.0,0.0,1.0,5.0,0,9.0,,,,,"-741513,615","-1050746,152","-741513,936","-1050746,305","PRAHA5,SmÌchov",NaValentince,,mÌstnÌkomunikace,,3308946.0,,Souhlasn˝sesmÏrem˙seku,Pomal˝,554782.0,471666.0,GN_V0.1UIR-ADR_410,1
2100191168,5,,2019-01-24,4,1040,3,0,4,2,1,2,508,0,0,0,500,2,3,1,5,3,1,2,1,0,0,0,1,1,0,,3,47.0,19,3.0,0.0,1.0,0.0,1.0,1.0,500,2.0,1.0,1.0,,,"-732294,363","-1045636,913","-732293,069","-1045631,438",Praha10DolnÌPoËernice,äTÃRBOHOLSK¡SPOJKA,,sledovan·komunikace,,,,,,,,,1
2100191169,6,,2019-01-24,4,1120,1,4,0,2,1,2,504,0,0,0,600,2,3,1,1,1,1,1,1,0,0,0,1,2,0,,3,17.0,15,3.0,0.0,1.0,0.0,1.0,5.0,300,2.0,1.0,1.0,,,"-743000,223","-1044217,211","-742997,439","-1044218,235",PRAHA2,KARLOVON¡M.,,sledovan·komunikace,,,,,,,,,1
2100191170,5,,2019-01-24,4,1215,1,2,0,2,1,2,204,0,0,0,1100,2,5,1,1,1,1,0,1,2,0,0,4,2,10,,5,19.0,06,3.0,1.0,1.0,0.0,1.0,3.0,300,3.0,1.0,1.0,,,"-736373,066","-1037984,857","-736372,839","-1037985,654",PRAHA9-LetÚany,VESELSK¡,,sledovan·komunikace,,,,,,,,,1
2100191171,5,,2019-01-23,3,2030,2,0,0,2,1,0,516,0,0,0,50,2,3,1,1,4,1,2,1,0,0,0,1,2,0,,3,39.0,12,1.0,0.0,4.0,0.0,1.0,1.0,0,9.0,,,,,"-736484,872","-1039569,348","-736481,446","-1039567,725",PRAHA9Prosek,LOVOSICK¡,,sledovan·komunikace,,,,,,,,,1
2100191172,6,,2019-01-24,4,2560,2,0,0,2,1,0,516,0,0,0,50,1,1,1,1,1,1,1,1,0,0,0,1,2,0,,17,,XX,,,,,,,0,,,,,,"-741937,777","-1041738,768","-741937,483","-1041737,628",PRAHA7Holeöovice,PPLK.SOCHORA,,mÌstnÌkomunikace,,,,,,,,,1
2100191173,8,,2019-01-24,4,1220,1,2,0,2,1,2,508,0,0,0,400,2,1,1,1,1,1,1,1,0,0,10,1,2,0,,7,10.0,09,3.0,0.0,1.0,0.0,1.0,5.0,0,3.0,1.0,1.0,,,"-731724,366","-1050112,165","-731727,510","-1050107,604",PRAHA10,PODLESK¡,,sledovan·komunikace,,,,,,,,,1
2100191174,5,,2019-01-24,4,1240,1,2,0,2,1,2,409,0,0,0,1100,2,1,1,1,1,1,1,1,0,5,10,1,2,0,,3,39.0,13,1.0,0.0,1.0,0.0,1.0,5.0,300,2.0,1.0,1.0,,,"-739677,405","-1047172,687","-739676,999","-1047173,499",PRAHA4Michle,CHODOVSK¡,,sledovan·komunikace,,,,,,,,,1