IDENTIFIKA»NÕ »ÕSLO,DRUH POZEMNÕ KOMUNIKACE,»ÕSLO POZEMNÕ KOMUNIKACE,"den, mÏsÌc, rok",,Ëas ,DRUH NEHODY,DRUH SR¡éKY JEDOUCÕCH VOZIDEL,DRUH PEVN… PÿEK¡éKY,CHARAKTER NEHODY,ZAVINÃNÕ NEHODY,ALKOHOL U VINÕKA NEHODY PÿÕTOMEN,HLAVNÕ PÿÕ»INY NEHODY,usmrceno osob,tÏûce zranÏno osob,lehce zranÏno osob,CELKOV¡ HMOTN¡ äKODA,DRUH POVRCHU VOZOVKY,STAV POVRCHU VOZOVKY V DOBÃ NEHODY,STAV KOMUNIKACE,POVÃTRNOSTNÕ PODMÕNKY V DOBÃ NEHODY,VIDITELNOST,ROZHLEDOV… POMÃRY,DÃLENÕ KOMUNIKACE,SITUOV¡NÕ NEHODY NA KOMUNIKACI,ÿÕZENÕ PROVOZU V DOBÃ NEHODY,MÕSTNÕ ⁄PRAVA PÿEDNOSTI V JÕZDÃ,SPECIFICK¡ MÕSTA A OBJEKTY V MÕSTÃ NEHODY,SMÃROV… POMÃRY,PO»ET Z⁄»ASTNÃN›CH VOZIDEL,MÕSTO DOPRAVNÕ NEHODY,DRUH KÿIéUJÕCÕ KOMUNIKACE,DRUH VOZIDLA,V›ROBNÕ ZNA»KA MOTOROV…HO VOZIDLA,ROK V›ROBY VOZIDLA,CHARAKTERISTIKA VOZIDLA ,SMYK,VOZIDLO PO NEHODÃ,"⁄NIK PROVOZNÕCH, PÿEPRAVOVAN›CH HMOT",ZPŸSOB VYPROäTÃNÕ OSOB Z VOZIDLA,SMÃR JÕZDY NEBO POSTAVENÕ VOZIDLA,äKODA NA VOZIDLE,KATEGORIE ÿIDI»E,STAV ÿIDI»E,VNÃJäÕ OVLIVNÃNÕ ÿIDI»E,nan.1,nan.2,nan.3,nan.4,nan.5,nan.6,nan.7,nan.8,nan.9,nan.10,nan.11,nan.12,nan.13,nan.14,nan.15,nan.16,nan.17,nan.18,LOKALITA NEHODY
2100191175,6,,2019-01-24,4,1325,1,2,0,2,1,2,508,0,0,0,350,1,5,1,1,1,1,1,1,0,0,0,1,2,0,,3,48.0,00,1.0,0.0,1.0,0.0,1.0,5.0,50,2.0,1.0,1.0,,,"-740958,043","-1045157,386","-740958,063","-1045157,398",PRAHA10-Vröovice,KRYMSK¡,,mÌstnÌkomunikace,,,,,,,,,1
2100191176,5,,2019-01-24,4,1345,1,2,0,1,1,2,501,0,0,1,2650,2,1,1,1,1,1,2,1,0,0,0,3,2,0,,5,26.0,16,3.0,0.0,1.0,0.0,1.0,3.0,1100,3.0,1.0,1.0,,,"-748305,171","-1043319,345","-748307,855","-1043324,445",PRAHA6B¯evnov,KUKULOVA,,sledovan·komunikace,,,,,,,,,1
2100191177,6,,2019-01-24,4,1425,2,0,0,2,1,2,504,0,0,0,450,2,1,1,1,1,1,1,1,0,0,0,1,2,0,,3,26.0,18,1.0,0.0,0.0,0.0,1.0,5.0,400,2.0,1.0,1.0,,,"-743972,602","-1043941,019","-743972,224","-1043946,302",PRAHA5SmÌchov,MAL¡TOVA,,mÌstnÌkomunikace,,,,,,,,,1
2100191178,5,,2019-01-24,4,1350,1,2,0,2,1,2,204,0,0,0,1100,2,5,1,1,1,1,2,1,0,0,0,1,2,0,,3,13.0,94,1.0,1.0,1.0,0.0,1.0,1.0,100,2.0,1.0,1.0,,,"-735661,031","-1039638,522","-735662,010","-1039637,851",PRAHA9-LetÚany,PROSECK¡,,sledovan·komunikace,,,,,,,,,1
2100191179,6,,2019-01-24,4,2560,2,0,0,2,1,0,516,0,0,0,150,2,1,1,1,1,1,1,1,0,0,0,1,2,0,,17,,XX,,,,,,,0,,,,,,"-747898,889","-1041428,759","-747896,500","-1041427,126",PRAHA6,VELESLAVÕNSK¡,,sledovan·komunikace,,,,,,,,,1
2100191180,4,,2019-01-24,4,1400,1,4,0,2,1,2,503,0,0,0,50,2,3,1,1,1,1,0,1,2,0,2,5,2,19,,3,39.0,09,3.0,0.0,1.0,0.0,1.0,57.0,50,3.0,1.0,1.0,,,"-744313,100","-1045576,319","-744312,182","-1045574,534",PRAHA5SmÌchov,Radlick·,,uzel,,,,,,,,,1
2100191181,6,,2019-01-24,4,2560,2,0,0,2,1,0,516,0,0,0,100,2,3,1,1,1,1,1,1,0,0,0,1,2,0,,17,,XX,,,,,,,0,,,,,,"-746331,906","-1044443,855","-746333,280","-1044434,990",PRAHA5KoöÌ¯e,PLZE“SK¡,,sledovan·komunikace,,,,,,,,,1
2100191182,5,,2019-01-24,4,1500,1,4,0,2,1,2,503,0,0,0,1100,2,1,1,1,1,1,5,1,0,0,0,1,2,0,,3,32.0,18,1.0,0.0,1.0,0.0,1.0,1.0,500,2.0,1.0,1.0,,,"-739463,272","-1044685,375","-739462,817","-1044686,407",PRAHA3,SOBÃSLAVSK¡,,sledovan·komunikace,,,,,,,,,1
2100191183,8,,2019-01-24,4,1605,3,0,6,2,1,2,504,0,0,0,21,2,3,1,1,1,1,1,1,0,0,10,1,1,0,,3,44.0,18,1.0,0.0,1.0,0.0,1.0,5.0,20,2.0,1.0,1.0,,,"-746297,156","-1044434,152","-746297,214","-1044432,310",PRAHA5KoöÌ¯e,PLZE“SK¡,,sledovan·komunikace,,,,,,,,,1
2100191184,5,,2019-01-24,4,1530,1,4,0,2,1,2,503,0,0,0,400,2,1,1,1,1,1,5,1,0,0,0,1,2,0,,3,29.0,16,1.0,0.0,1.0,0.0,1.0,1.0,300,2.0,1.0,1.0,,,"-739871,214","-1043230,138","-739870,670","-1043233,232",PRAHA3éiûkov,KONÃVOVA,,sledovan·komunikace,,,,,,,,,1
2100191185,7,,2019-01-24,4,1448,4,0,0,2,3,2,100,0,0,0,100,2,3,1,1,1,1,1,1,0,0,10,1,1,0,,8,78.0,18,5.0,0.0,1.0,0.0,1.0,5.0,100,4.0,1.0,1.0,,,"-753268,291","-1039318,427","-753267,894","-1039318,778",PRAHA6,Aviatick·,,mÌstnÌkomunikace,,1278684.0,,Souhlasn˝sesmÏrem˙seku,Pomal˝,554782.0,506435.0,GN_V0.1UIR-ADR_410,1
2100191186,5,,2019-01-24,4,1540,2,0,0,2,1,2,502,0,0,0,150,2,1,1,1,1,1,2,1,0,0,0,1,2,0,,3,33.0,18,3.0,0.0,1.0,0.0,1.0,3.0,50,2.0,1.0,1.0,,,"-741672,496","-1048256,514","-741671,673","-1048262,050",PRAHA4KrË,ANTALASTAäKA,,sledovan·komunikace,,,,,,,,,1
2100191187,8,,2019-01-24,4,1550,1,3,0,2,1,2,410,0,0,0,450,2,1,1,1,1,1,1,1,0,5,10,1,2,0,,3,13.0,06,3.0,0.0,1.0,0.0,1.0,5.0,50,2.0,1.0,1.0,,,"-738756,539","-1049820,075","-738758,460","-1049822,053",PRAHA4,ROZTYLSK¡,,sledovan·komunikace,,,,,,,,,1
2100191188,5,,2019-01-24,4,1700,1,4,0,2,1,2,503,0,0,0,800,2,1,1,1,2,1,5,1,0,0,0,1,2,0,,3,26.0,06,3.0,0.0,1.0,0.0,1.0,1.0,200,2.0,1.0,1.0,,,"-742133,996","-1043864,906","-742136,382","-1043861,834",PRAHA1NovÈMÏsto,WILSONOVA,,uzel,,,,,,,,,1
2100191189,7,,2019-01-24,4,1625,2,0,0,2,1,2,204,0,0,0,1000,2,3,1,1,1,1,1,1,0,0,10,3,3,0,,3,39.0,14,3.0,1.0,1.0,0.0,1.0,5.0,600,2.0,1.0,1.0,,,"-738533,449","-1049209,041","-738535,522","-1049209,918",PRAHA11,T¸rkova,,˙Ëelov·komunikace,,,,,,,,,1
2100191190,6,,2019-01-24,4,2560,2,0,0,2,1,0,516,0,0,0,100,2,6,1,1,1,1,1,0,0,0,0,1,2,0,,17,,XX,,,,,,,0,,,,,,"-742009,765","-1038381,445","-742010,42","-1038384,032",PRAHA8,Vratislavsk·,,mÌstnÌkomunikace,,1481170.0,,OpaËn˝kesmÏru˙seku,Pomal˝,554782.0,485187.0,GN_V0.1UIR-ADR_410,1
2100191191,5,,2019-01-24,4,1725,1,2,0,2,1,2,502,0,0,0,200,2,1,1,1,4,1,2,1,0,0,0,1,2,0,,3,39.0,09,1.0,0.0,1.0,0.0,1.0,3.0,100,2.0,1.0,1.0,,,"-740894,351","-1050669,973","-740899,976","-1050674,303",PRAHA4,VÕDE“SK¡,,sledovan·komunikace,,,,,,,,,1
2100191192,5,,2019-01-24,4,1515,1,4,0,2,1,2,503,0,0,0,1000,2,3,1,1,1,1,5,1,0,0,0,1,3,0,,3,60.0,17,1.0,0.0,1.0,0.0,1.0,1.0,400,2.0,1.0,1.0,,,"-742743,565","-1042410,3","-742743,548","-1042408,554",Praha1,Dvo¯·kovon·b¯eûÌ,,mÌstnÌkomunikace,,271176.0,,Souhlasn˝sesmÏrem˙seku,Pomal˝,554782.0,446378.0,GN_V0.1UIR-ADR_410,1
2100191193,5,,2019-01-24,4,1700,1,4,0,2,1,2,503,0,0,0,400,2,1,1,1,2,1,2,1,0,0,0,1,2,0,,3,25.0,16,3.0,0.0,1.0,0.0,1.0,1.0,300,2.0,1.0,1.0,,,"-739378,488","-1043849,463","-739378,423","-1043850,211",PRAHA3,OLäANSK¡,,uzel,,,,,,,,,1
2100191194,5,,2019-01-24,4,1735,1,4,0,2,1,2,201,0,0,0,300,2,1,1,1,4,1,0,1,3,3,0,4,2,10,,3,39.0,02,1.0,0.0,1.0,0.0,1.0,1.0,100,2.0,1.0,1.0,,,"-737524,115","-1049112,212","-737524,449","-1049111,490",PRAHA4,MÕROV…HOHNUTÕ,,sledovan·komunikace,,,,,,,,,1
2100191195,8,,2019-01-24,4,1644,2,0,0,2,1,2,502,0,0,0,500,3,1,1,1,2,1,1,1,0,0,10,1,2,0,,3,39.0,12,1.0,0.0,1.0,0.0,1.0,5.0,200,2.0,1.0,1.0,,,"-744576,945","-1044539,608","-744576,780","-1044538,562",PRAHA5SmÌchov,PLZE“SK¡,,sledovan·komunikace,,,,,,,,,1
2100191196,5,,2019-01-24,4,1725,1,4,0,2,1,2,503,0,0,0,600,2,3,1,1,4,1,5,1,0,0,0,1,3,0,,3,39.0,11,1.0,0.0,1.0,0.0,1.0,1.0,200,2.0,1.0,1.0,,,"-750004,005","-1041419,046","-750004,405","-1041421,056",PRAHA6Liboc,EVROPSK¡,,sledovan·komunikace,,,,,,,,,1
2100191197,5,,2019-01-24,4,1700,4,0,0,1,1,2,412,0,0,1,0,2,1,1,1,2,1,2,1,0,5,1,1,1,0,,3,23.0,15,1.0,0.0,1.0,0.0,1.0,1.0,0,2.0,1.0,1.0,,,"-741100,985","-1043719,213","-741102,728","-1043711,455",Praha,Lovosick·,,mÌstnÌkomunikace,,712517.0,,Souhlasn˝sesmÏrem˙seku,Pomal˝,554782.0,,GN_V0.1UIR-ADR_410,1
2100191198,5,,2019-01-24,4,1700,3,0,9,2,1,2,508,0,0,0,1200,2,1,1,1,2,1,2,1,0,0,0,1,1,0,,3,13.0,10,1.0,0.0,1.0,0.0,1.0,1.0,1000,2.0,1.0,1.0,,,"-742020,950","-1045972,897","-742023,145","-1045970,885",PRAHA4,T¡BORSK¡,,uzel,,,,,,,,,1
2100191199,4,,2019-01-24,4,1755,1,1,0,2,1,2,404,0,0,0,800,2,6,1,5,5,1,0,1,3,3,2,4,2,19,,3,47.0,00,1.0,0.0,1.0,0.0,1.0,37.0,200,2.0,1.0,1.0,,,"-745603,35","-1041777,405","-745603,066","-1041777,456",PRAHA6,,,mÌstnÌkomunikace,,268092.0,,Souhlasn˝sesmÏrem˙seku,Pomal˝,554782.0,479616.0,GN_V0.1UIR-ADR_410,1
2100191200,6,,2019-01-21,1,1045,2,0,0,2,1,2,504,0,0,0,50,2,3,1,1,1,1,1,1,0,0,0,1,2,0,,5,12.0,04,1.0,0.0,1.0,0.0,1.0,5.0,0,3.0,1.0,1.0,,,"-741349,921","-1050078,045","-741351,262","-1050079,194",PRAHA4,RUéINOVSK¡,,mÌstnÌkomunikace,,,,,,,,,1
2100191201,5,,2019-01-24,4,1840,1,3,0,2,1,2,403,0,0,0,1820,2,1,1,1,4,1,0,1,3,3,2,5,2,10,,3,48.0,03,1.0,0.0,1.0,0.0,1.0,5.0,900,2.0,1.0,1.0,,,"-725404,383","-1045173,774","-725400,627","-1045174,340",PRAHA9,SLAVÃTÕNSK¡,,sledovan·komunikace,,,,,,,,,1
2100191202,5,,2019-01-24,4,1825,1,4,0,2,1,2,503,0,0,0,800,2,1,1,1,4,1,2,1,1,0,0,1,3,0,,3,39.0,01,1.0,0.0,1.0,0.0,1.0,1.0,300,2.0,1.0,1.0,,,"-733433,178","-1043020,594","-733433,138","-1043020,664",PRAHA9,Broumarsk·,,mÌstnÌkomunikace,,3549801.0,,,Pomal˝,554782.0,479403.0,GN_V0.1UIR-ADR_410,1
2100191203,5,,2019-01-24,4,1920,1,2,0,2,1,2,411,0,0,0,800,2,3,1,1,4,1,2,1,0,5,0,1,2,0,,7,40.0,18,9.0,0.0,1.0,0.0,1.0,3.0,200,3.0,1.0,1.0,,,"-735327,196","-1040794,081","-735325,201","-1040791,756",PRAHA9,KBELSK¡,,sledovan·komunikace,,,,,,,,,1
2100191204,5,,2019-01-24,4,1930,4,0,0,1,1,2,412,0,0,1,0,2,1,1,1,4,1,5,1,0,5,1,1,1,0,,3,47.0,10,3.0,0.0,1.0,0.0,1.0,1.0,0,3.0,1.0,1.0,,,"-741009,506","-1044615,897","-741009,715","-1044617,340",PRAHA3Vinohrady,KORUNNÕ,,uzel,,,,,,,,,1
2100191205,5,,2019-01-24,4,1750,1,3,0,2,1,0,410,0,0,0,200,2,1,1,1,4,1,0,1,2,0,1,4,2,10,,17,,XX,,,,,,,0,,,,,,"-739325,156","-1043996,352","-739324,42","-1043996,248",PRAHA3,JanaéelivskÈho,,mÌstnÌkomunikace,,1481620.0,,Souhlasn˝sesmÏrem˙seku,Pomal˝,554782.0,480240.0,GN_V0.1UIR-ADR_410,1
2100191206,5,,2019-01-24,4,2030,1,3,0,2,1,2,411,0,0,0,700,2,1,1,1,4,1,2,1,0,5,0,1,2,0,,3,32.0,17,1.0,0.0,1.0,0.0,1.0,1.0,400,2.0,1.0,1.0,,,"-735248,775","-1040836,121","-735249,976","-1040837,586",PRAHA9,KBELSK¡,,sledovan·komunikace,,,,,,,,,1
2100191207,4,,2019-01-24,4,1930,1,3,0,2,1,2,405,0,0,0,1400,2,3,1,1,4,1,0,1,2,0,2,5,2,19,,3,26.0,02,1.0,0.0,1.0,0.0,1.0,17.0,700,2.0,1.0,1.0,,,"-739354,829","-1043826,803","-739357,104","-1043826,901",PRAHA3,JanaéelivskÈhoxOlöansk·,,mÌstnÌkomunikace,,278146.0,,Souhlasn˝sesmÏrem˙seku,Pomal˝,554782.0,480240.0,GN_V0.1UIR-ADR_410,1
2100191208,5,,2019-01-24,4,1950,1,2,0,2,1,2,411,0,0,0,900,2,1,1,1,4,1,5,1,0,5,0,1,2,0,,7,26.0,11,9.0,0.0,1.0,0.0,1.0,1.0,100,3.0,1.0,1.0,,,"-738771,642","-1048875,416","-738773,446","-1048875,281",PRAHA4Chodov,Spo¯ilovsk·,,uzel,,,,,,,,,1
2100191209,4,,2019-01-24,4,2215,1,3,0,2,1,2,403,0,0,0,450,2,1,1,1,4,1,0,1,3,3,0,4,2,19,,3,17.0,14,3.0,0.0,1.0,0.0,1.0,53.0,400,2.0,1.0,1.0,,,"-741720,854","-1044448,334","-741720,909","-1044447,695",PRAHA2,SLEZSK¡,,uzel,,,,,,,,,1
2100191210,6,,2019-01-24,4,2160,3,0,6,2,1,0,509,0,0,0,400,2,1,1,1,4,1,0,1,3,3,0,5,1,10,,3,39.0,08,1.0,0.0,1.0,0.0,1.0,5.0,200,2.0,1.0,1.0,,,"-740847,818","-1051997,907","-740843,931","-1051996,407",PRAHA4,Dobronick·,,mÌstnÌkomunikace,,,,,,,,,1
2100191211,4,,2019-01-24,4,2200,9,0,0,2,1,2,508,0,0,0,1000,2,3,1,1,4,1,0,1,3,3,0,4,1,19,,3,39.0,12,1.0,0.0,1.0,0.0,1.0,16.0,1000,2.0,1.0,1.0,,,"-751251,327","-1049047,092","-751246,704","-1049048,039",PRAHA5,KAUSTISUxKZADNÕKOPANINÃ,,mÌstnÌkomunikace,,1275084.0,,Souhlasn˝sesmÏrem˙seku,Pomal˝,554782.0,507008.0,GN_V0.1UIR-ADR_410,1
2100191212,5,,2019-01-25,5,150,1,4,0,2,1,2,503,0,0,0,400,2,1,1,1,4,1,2,1,0,0,0,1,2,0,,3,39.0,08,1.0,0.0,1.0,0.0,1.0,5.0,100,3.0,1.0,1.0,,,"-743243,410","-1043603,123","-743244,480","-1043603,748",PRAHA1,N¡RODNÕ,,sledovan·komunikace,,,,,,,,,1
2100191213,5,,2019-01-25,5,345,3,0,4,2,1,2,204,0,0,0,1300,2,3,1,1,4,1,2,1,0,0,0,3,1,0,,3,44.0,07,1.0,1.0,1.0,0.0,1.0,3.0,1000,3.0,1.0,1.0,,,"-744234,694","-1047349,227","-744239,969","-1047347,528",PRAHA5HluboËepy,Strakonick·,,sledovan·komunikace,,,,,,,,,1
2100191214,5,,2019-01-25,5,650,1,4,0,1,1,2,503,0,0,1,700,2,1,1,1,4,1,2,1,0,0,0,1,2,0,,5,19.0,15,3.0,0.0,1.0,0.0,1.0,1.0,500,2.0,1.0,1.0,,,"-744068,263","-1046092,454","-744068,810","-1046092,297",PRAHA5SmÌchov,N¡DRAéNÕ,,sledovan·komunikace,,,,,,,,,1
2100191215,5,,2019-01-25,5,720,1,4,0,2,1,2,503,0,0,0,900,2,3,1,1,2,1,2,1,0,0,0,1,2,0,,3,47.0,01,1.0,0.0,0.0,0.0,1.0,1.0,400,4.0,1.0,1.0,,,"-736744,908","-1037332,008","-736747,644","-1037330,202",PRAHA8œ¡BLICE,CÕNOVECK¡,,uzel,,,,,,,,,1
2100191216,5,,2019-01-25,5,710,1,1,0,2,1,2,402,0,0,0,3100,2,1,1,1,2,1,0,1,3,3,0,4,2,10,,3,39.0,14,3.0,0.0,1.0,0.0,1.0,1.0,600,2.0,1.0,1.0,,,"-734177,368","-1036939,905","-734177,264","-1036939,871",Praha9-»akovice,POLABSK¡,,sledovan·komunikace,,,,,,,,,1
2100191217,5,,2019-01-25,5,725,1,3,0,2,1,2,411,0,0,0,500,2,1,1,1,2,1,2,1,0,5,0,1,2,0,,7,40.0,12,3.0,0.0,0.0,0.0,1.0,1.0,0,3.0,1.0,1.0,,,"-734662,118","-1045135,523","-734661,57","-1045135,615",Praha10,Pr˘myslov·,,mÌstnÌkomunikace,,1683540.0,,Souhlasn˝sesmÏrem˙seku,Pomal˝,554782.0,499391.0,GN_V0.1UIR-ADR_410,1
2100191218,5,,2019-01-25,5,805,1,4,0,2,1,2,503,0,0,0,500,2,1,1,1,1,1,0,1,3,3,2,5,2,10,,3,39.0,14,1.0,0.0,1.0,0.0,1.0,1.0,400,2.0,1.0,1.0,,,"-735144,725","-1047793,761","-735148,250","-1047792,250",PRAHA15(HORNÕMÃCHOLUPY)Hostiva¯,PRŸMYSLOV¡,,uzel,,,,,,,,,1
2100191219,5,,2019-01-25,5,840,1,4,0,2,1,2,503,0,0,0,800,1,1,1,1,1,1,2,1,0,0,0,1,2,0,,3,26.0,08,3.0,0.0,1.0,0.0,1.0,1.0,500,2.0,1.0,1.0,,,"-738944,610","-1049690,520","-738942,200","-1049689,392",PRAHA11(CHODOV),RYäAV…HO,,uzel,,,,,,,,,1
2100191220,5,,2019-01-25,5,845,3,0,4,2,1,2,204,0,0,0,8300,2,3,1,1,1,1,6,1,0,0,0,1,5,0,,3,12.0,12,9.0,1.0,1.0,0.0,1.0,1.0,3000,2.0,1.0,1.0,,,"-730576,849","-1042925,697","-730576,877","-1042925,702",PRAHA9HORNÕPO»ERNICE,PRAéSK›OKRUH,,sledovan·komunikace,,,,,,,,,1
2100191221,5,,2019-01-25,5,910,1,2,0,2,1,2,411,0,0,0,1400,2,3,1,5,3,1,2,1,0,5,0,1,3,0,,7,10.0,10,3.0,0.0,0.0,0.0,1.0,1.0,300,4.0,1.0,1.0,,,"-734742,03","-1045576,598","-734745,325","-1045575,939",Praha10,Pr˘myslov·,,mÌstnÌkomunikace,,1480988.0,,Souhlasn˝sesmÏrem˙seku,Pomal˝,554782.0,499391.0,GN_V0.1UIR-ADR_410,1
2100191222,5,,2019-01-25,5,900,1,3,0,2,1,2,408,0,0,0,2200,2,1,1,1,1,1,2,1,0,5,0,1,2,0,,3,47.0,18,3.0,0.0,1.0,0.0,1.0,1.0,1000,4.0,1.0,1.0,,,"-743121,291","-1046338,397","-743119,915","-1046337,793",PRAHA4,NADOLIN¡CH,,sledovan·komunikace,,,,,,,,,1
2100191223,4,,2019-01-25,5,2560,3,0,2,2,1,0,516,0,0,0,50,2,1,1,1,1,1,0,1,2,0,0,4,1,19,,17,,XX,,,,,,,0,,,,,,"-727871,725","-1041670,753","-727874,332","-1041671,045",PRAHA20HornÌPoËernice,N¡CHODSK¡,,uzel,,,,,,,,,1
2100191224,5,,2019-01-25,5,935,1,2,0,2,1,2,502,0,0,0,500,2,1,1,1,1,1,2,1,0,0,0,1,2,0,,3,39.0,08,1.0,0.0,1.0,0.0,1.0,1.0,200,2.0,1.0,1.0,,,"-732977,310","-1045349,943","-732976,546","-1045347,408",PRAHA14(»ERN›MOST)Hostavice,äTÃRBOHOLSK¡SPOJKA,,sledovan·komunikace,,,,,,,,,1
2100191225,8,,2019-01-24,4,2560,2,0,0,2,1,0,516,0,0,0,50,2,1,1,1,1,1,1,1,0,0,10,1,2,0,,17,,XX,,,,,,,0,,,,,,"-749164,845","-1047943,610","-749164,824","-1047944,560",PRAHA5Stod˘lky,JANSK…HO,,mÌstnÌkomunikace,,,,,,,,,1
2100191226,5,,2019-01-25,5,1010,1,2,0,2,1,2,411,0,0,0,800,2,1,1,1,1,1,5,1,0,5,0,1,2,0,,5,35.0,07,1.0,0.0,1.0,0.0,1.0,1.0,300,3.0,1.0,1.0,,,"-745884,884","-1042601,026","-745884,834","-1042602,149",PRAHA6B¯evnov,PATO»KOVA,,uzel,,,,,,,,,1
2100191227,6,,2019-01-25,5,950,1,4,0,2,1,2,504,0,0,0,600,2,1,1,1,1,1,0,1,3,3,0,4,2,10,,5,26.0,14,3.0,0.0,1.0,0.0,1.0,5.0,0,4.0,1.0,1.0,,,"-753034,351","-1044940,131","-753033,009","-1044941,201",ZLI»ÕNZliËÌn,SAZOVICK¡,,mÌstnÌkomunikace,,,,,,,,,1
2100191228,6,,2019-01-24,4,2560,2,0,0,2,1,0,516,0,0,0,300,2,3,1,1,1,1,1,1,0,0,0,1,2,0,,17,,XX,,,,,,,0,,,,,,"-742401,546","-1044437,418","-742401,782","-1044438,693",PRAHA2NovÈMÏsto,N¡M.I.P.PAVLOVA,,mÌstnÌkomunikace,,,,,,,,,1
2100191229,5,,2019-01-25,5,1050,1,4,0,1,1,2,503,0,0,1,500,1,1,1,1,1,1,3,1,0,0,0,1,2,0,,3,47.0,10,1.0,0.0,1.0,0.0,1.0,1.0,100,2.0,1.0,1.0,,,"-741533,586","-1042112,625","-741537,808","-1042112,062",PRAHA7Holeöovice,HL¡VKŸVMOST,,sledovan·komunikace,,,,,,,,,1
2100191230,4,,2019-01-25,5,1035,1,3,0,2,1,2,502,0,0,0,200,1,1,1,1,1,1,0,1,3,3,0,4,2,19,,5,26.0,16,2.0,0.0,1.0,0.0,1.0,17.0,0,3.0,1.0,1.0,,,"-743192,701","-1042824,335","-743192,71","-1042824,354",Praha1,Kaprova,,mÌstnÌkomunikace,,273288.0,,Souhlasn˝sesmÏrem˙seku,Pomal˝,554782.0,451410.0,GN_V0.1UIR-ADR_410,1
2100191231,5,,2019-01-25,5,1050,1,4,0,2,1,2,411,0,0,0,600,2,1,1,1,1,1,2,1,0,5,0,1,2,0,,3,17.0,08,1.0,0.0,1.0,0.0,1.0,1.0,100,2.0,1.0,1.0,,,"-754168,295","-1046349,344","-754170,079","-1046348,782",PRAHA13(STODŸLKY)T¯ebonice,,,uzel,,,,,,,,,1
2100191232,5,,2019-01-25,5,1115,1,4,0,2,1,2,503,0,0,0,700,2,3,1,1,1,1,6,1,0,0,0,1,2,0,,5,47.0,18,3.0,0.0,1.0,0.0,1.0,1.0,400,2.0,1.0,1.0,,,"-736430,825","-1046537,610","-736431,441","-1046536,247",PRAHA10,JIéNÕSPOJKA,,mÌstnÌkomunikace,,,,,,,,,1
2100191233,5,,2019-01-25,5,1115,1,4,0,2,1,2,503,0,0,0,350,2,3,1,1,1,1,6,1,0,0,0,1,2,0,,3,13.0,18,1.0,0.0,1.0,0.0,1.0,1.0,300,2.0,1.0,1.0,,,"-736427,756","-1046534,435","-736427,701","-1046534,557",PRAHA10,JIéNÕSPOJKA,,mÌstnÌkomunikace,,,,,,,,,1
2100191234,8,,2019-01-25,5,1130,2,0,0,2,1,2,504,0,0,0,300,2,1,1,1,1,1,1,1,0,0,10,1,2,0,,7,48.0,13,3.0,0.0,1.0,0.0,1.0,5.0,0,3.0,1.0,1.0,,,"-735631,530","-1046440,269","-735631,837","-1046440,230",PRAHA15(HORNÕMÃCHOLUPY)Hostiva¯,KP…ROVNÃ,,mÌstnÌkomunikace,,,,,,,,,1
2100191235,6,,2019-01-25,5,2560,2,0,0,2,1,0,516,0,0,0,100,5,1,1,1,1,1,1,1,0,0,0,1,2,0,,17,,XX,,,,,,,0,,,,,,"-741510,417","-1049291,812","-741510,776","-1049291,806",PRAHA4KrË,USPOLE»ENSK…ZAHRADY,,mÌstnÌkomunikace,,,,,,,,,1
2100191236,4,,2019-01-30,3,754,8,2,0,2,1,2,413,0,0,0,2500,2,1,1,1,1,1,0,7,3,3,0,4,2,19,,3,39.0,17,3.0,0.0,1.0,0.0,1.0,19.0,1000,2.0,1.0,1.0,,,"-741998,354","-1043010,925","-741997,989","-1043010,958",Praha1,,,mÌstnÌkomunikace,,1685007.0,,Souhlasn˝sesmÏrem˙seku,Pomal˝,554782.0,447471.0,GN_V0.1UIR-ADR_410,1
2100191237,5,,2019-01-25,5,1120,1,2,0,2,1,0,411,0,0,0,200,2,1,1,1,1,1,5,1,0,5,0,1,2,0,,17,,XX,,,,,,,0,,,,,,"-744271,622","-1039023,272","-744268,805","-1039024,533",PRAHA6Dejvice,PODBABSK¡,,sledovan·komunikace,,,,,,,,,1
2100191238,5,,2019-01-25,5,1220,1,2,0,2,1,2,411,0,0,0,500,2,1,1,1,1,1,3,1,0,5,0,1,2,0,,3,39.0,16,3.0,0.0,1.0,0.0,1.0,3.0,200,2.0,1.0,1.0,,,"-736870,215","-1045419,180","-736867,139","-1045419,192",PRAHA10Straönice,⁄VALSK¡,,uzel,,,,,,,,,1
2100191239,5,,2019-01-25,5,1335,1,3,0,2,1,2,411,0,0,0,150,2,1,1,1,1,1,3,1,0,5,0,1,2,0,,3,31.0,16,1.0,0.0,1.0,0.0,1.0,1.0,100,2.0,1.0,1.0,,,"-744369,881","-1040254,955","-744367,341","-1040254,726",PRAHA6BubeneË,TERRONSK¡,,sledovan·komunikace,,,,,,,,,1
2100191240,6,,2019-01-25,5,2560,2,0,0,2,1,0,516,0,0,0,200,2,1,1,1,1,1,1,1,0,0,0,1,2,0,,17,,XX,,,,,,,0,,,,,,"-745830,707","-1038419,697","-745830,33","-1038419,757",PRAHA6,Mate¯sk·,,mÌstnÌkomunikace,,257294.0,,Souhlasn˝sesmÏrem˙seku,Pomal˝,554782.0,483516.0,GN_V0.1UIR-ADR_410,1
2100191241,6,,2019-01-25,5,1415,2,0,0,2,1,2,504,0,0,0,60,2,1,1,1,1,1,1,1,0,0,0,1,2,0,,3,47.0,09,1.0,0.0,0.0,0.0,1.0,5.0,50,2.0,1.0,1.0,,,"-736815,176","-1045961,871","-736814,994","-1045960,653",PRAHA10Straönice,RUBENSOVA,,mÌstnÌkomunikace,,,,,,,,,1
2100191242,6,,2019-01-24,4,2560,2,0,0,2,1,0,516,0,0,0,100,2,1,1,1,1,1,1,1,0,0,0,1,2,0,,17,,XX,,,,,,,0,,,,,,"-735286,759","-1050334,742","-735294,192","-1050334,919",PRAHA11(CHODOV)H·je,äTICHOVA,,mÌstnÌkomunikace,,,,,,,,,1