IDENTIFIKA»NÕ »ÕSLO,DRUH POZEMNÕ KOMUNIKACE,»ÕSLO POZEMNÕ KOMUNIKACE,"den, mÏsÌc, rok",,Ëas ,DRUH NEHODY,DRUH SR¡éKY JEDOUCÕCH VOZIDEL,DRUH PEVN… PÿEK¡éKY,CHARAKTER NEHODY,ZAVINÃNÕ NEHODY,ALKOHOL U VINÕKA NEHODY PÿÕTOMEN,HLAVNÕ PÿÕ»INY NEHODY,usmrceno osob,tÏûce zranÏno osob,lehce zranÏno osob,CELKOV¡ HMOTN¡ äKODA,DRUH POVRCHU VOZOVKY,STAV POVRCHU VOZOVKY V DOBÃ NEHODY,STAV KOMUNIKACE,POVÃTRNOSTNÕ PODMÕNKY V DOBÃ NEHODY,VIDITELNOST,ROZHLEDOV… POMÃRY,DÃLENÕ KOMUNIKACE,SITUOV¡NÕ NEHODY NA KOMUNIKACI,ÿÕZENÕ PROVOZU V DOBÃ NEHODY,MÕSTNÕ ⁄PRAVA PÿEDNOSTI V JÕZDÃ,SPECIFICK¡ MÕSTA A OBJEKTY V MÕSTÃ NEHODY,SMÃROV… POMÃRY,PO»ET Z⁄»ASTNÃN›CH VOZIDEL,MÕSTO DOPRAVNÕ NEHODY,DRUH KÿIéUJÕCÕ KOMUNIKACE,DRUH VOZIDLA,V›ROBNÕ ZNA»KA MOTOROV…HO VOZIDLA,ROK V›ROBY VOZIDLA,CHARAKTERISTIKA VOZIDLA ,SMYK,VOZIDLO PO NEHODÃ,"⁄NIK PROVOZNÕCH, PÿEPRAVOVAN›CH HMOT",ZPŸSOB VYPROäTÃNÕ OSOB Z VOZIDLA,SMÃR JÕZDY NEBO POSTAVENÕ VOZIDLA,äKODA NA VOZIDLE,KATEGORIE ÿIDI»E,STAV ÿIDI»E,VNÃJäÕ OVLIVNÃNÕ ÿIDI»E,nan.1,nan.2,nan.3,nan.4,nan.5,nan.6,nan.7,nan.8,nan.9,nan.10,nan.11,nan.12,nan.13,nan.14,nan.15,nan.16,nan.17,nan.18,LOKALITA NEHODY
2100191243,5,,2019-01-25,5,1160,2,0,0,2,1,0,516,0,0,0,300,2,1,1,1,1,1,2,1,0,0,0,1,2,0,,3,39.0,13,1.0,0.0,4.0,0.0,1.0,1.0,0,9.0,,,,,"-744205,615","-1044147,939","-744214,173","-1044145,457",PRAHA5SmÌchov,äTEF¡NIKOVA,,sledovan·komunikace,,,,,,,,,1
2100191244,8,,2019-01-25,5,1435,2,0,0,2,1,2,502,0,0,0,850,1,1,1,1,1,1,1,1,0,0,10,1,2,0,,3,27.0,03,1.0,0.0,1.0,0.0,1.0,5.0,50,2.0,1.0,1.0,,,"-738550,484","-1049310,500","-738548,920","-1049311,078",PRAHA11(CHODOV)Chodov,T¸rkova,,˙Ëelov·komunikace,,,,,,,,,1
2100191245,6,,2019-01-23,3,2560,2,0,0,2,1,0,516,0,0,0,30,2,1,1,1,1,1,1,1,0,0,0,1,2,0,,17,,XX,,,,,,,0,,,,,,"-740622,621","-1045802,940","-740620,806","-1045803,177",PRAHA10Vröovice,OBLOUKOV¡,,mÌstnÌkomunikace,,,,,,,,,1
2100191246,6,,2019-01-21,1,2560,2,0,0,2,1,0,516,0,0,0,200,1,1,1,1,1,1,1,1,0,0,0,1,2,0,,17,,XX,,,,,,,0,,,,,,"-743467,865","-1044181,569","-743466,830","-1044179,745",PRAHA2NovÈMÏsto,JIR¡SKOVON¡M.,,mÌstnÌkomunikace,,,,,,,,,1
2100191247,6,,2019-01-25,5,1460,2,0,0,2,1,0,516,0,0,0,10,2,1,1,1,1,1,1,1,0,0,0,1,2,0,,3,27.0,99,1.0,0.0,4.0,0.0,1.0,5.0,0,9.0,,,,,"-735882,666","-1047771,497","-735882,983","-1047771,473",PRAHA10,Vladyck·,,mÌstnÌkomunikace,,2376648.0,,Souhlasn˝sesmÏrem˙seku,Pomal˝,554782.0,787396.0,GN_V0.1UIR-ADR_410,1
2100191248,5,,2019-01-25,5,1500,5,0,0,2,4,0,100,0,0,0,580,2,1,1,1,1,1,3,1,0,0,0,1,1,0,,3,44.0,11,3.0,0.0,1.0,0.0,1.0,1.0,500,2.0,1.0,1.0,,,"-737941,819","-1051268,418","-737941,829","-1051268,937",PRAHA4-äEBEROV,NaJelen·ch,,mÌstnÌkomunikace,,1684314.0,,Souhlasn˝sesmÏrem˙seku,Pomal˝,554782.0,457728.0,GN_V0.1UIR-ADR_410,1
2100191249,8,,2019-01-25,5,2560,2,0,0,2,1,0,516,0,0,0,300,2,1,1,1,1,1,1,1,0,0,10,1,2,0,,17,,XX,,,,,,,0,,,,,,"-742492,990","-1046196,429","-742490,110","-1046194,102",PRAHA4Nusle,NABITEVNÕPL¡NI,,mÌstnÌkomunikace,,,,,,,,,1
2100191250,6,,2019-01-20,0,2560,2,0,0,2,1,0,516,0,0,0,100,2,1,1,1,1,1,1,1,0,0,0,1,2,0,,17,,XX,,,,,,,0,,,,,,"-750421,601","-1047118,018","-750421,601","-1047110,130",PRAHA13(STODŸLKY),BELLUäOVA,,mÌstnÌkomunikace,,,,,,,,,1
2100191251,5,,2019-01-25,5,2560,2,0,0,2,1,0,516,0,0,0,300,2,1,1,1,1,1,2,1,0,0,0,1,2,0,,17,,XX,,,,,,,0,,,,,,"-743930,627","-1045142,858","-743934,866","-1045142,973",PRAHA5SmÌchov,SVORNOSTI,,sledovan·komunikace,,,,,,,,,1
2100191252,5,,2019-01-25,5,1515,1,4,0,2,1,2,503,0,0,0,1300,2,1,1,1,1,1,3,1,0,0,0,1,3,0,,3,32.0,13,1.0,0.0,1.0,0.0,1.0,3.0,800,2.0,1.0,1.0,,,"-736772,428","-1038492,796","-736772,049","-1038492,645",PRAHA9LetÚany,Kbelsk·,,sledovan·komunikace,,,,,,,,,1
2100191253,5,,2019-01-25,5,1520,1,3,0,2,1,2,508,0,0,0,100,2,1,1,1,1,1,3,1,0,0,7,1,2,0,,3,60.0,16,1.0,0.0,1.0,0.0,1.0,1.0,50,2.0,1.0,1.0,,,"-741602,598","-1048003,320","-741602,803","-1048002,974",PRAHA4,OLBRACHTOVA,,sledovan·komunikace,,,,,,,,,1
2100191254,6,,2019-01-25,5,1110,2,0,0,2,1,2,504,0,0,0,610,2,1,1,1,1,1,1,1,0,0,0,1,2,0,,5,35.0,18,9.0,0.0,1.0,0.0,1.0,5.0,10,3.0,1.0,1.0,,,"-752665,669","-1038969,955","-752665,240","-1038971,371",PRAHA6RuzynÏ,LAGLEROV…,,˙Ëelov·komunikace,,,,,,,,,1
2100191255,6,,2019-01-25,5,1535,1,3,0,2,1,2,410,0,0,0,400,2,1,1,1,1,1,0,1,3,3,0,5,2,10,,5,13.0,08,3.0,0.0,1.0,0.0,1.0,5.0,200,2.0,1.0,1.0,,,"-739177,631","-1043229,289","-739177,629","-1043229,298",PRAHA3-éIéKOV,Biskupcova,,mÌstnÌkomunikace,,712289.0,,Souhlasn˝sesmÏrem˙seku,Pomal˝,554782.0,443638.0,GN_V0.1UIR-ADR_410,1
2100191256,6,,2019-01-23,3,1630,2,0,0,2,1,0,516,0,0,0,100,1,1,1,1,1,1,1,1,0,0,0,1,2,0,,17,,XX,,,,,,,0,,,,,,"-743859,528","-1041694,624","-743859,484","-1041690,903",PRAHA6Dejvice,DEJVICK¡,,mÌstnÌkomunikace,,,,,,,,,1
2100191257,6,,2019-01-25,5,2560,2,0,0,2,1,0,516,0,0,0,100,2,1,1,1,1,1,1,1,0,0,0,1,2,0,,17,,XX,,,,,,,0,,,,,,"-740825,522","-1052751,927","-740824,692","-1052752,112",PRAHA4LIBUä,VLuûÌch,,mÌstnÌkomunikace,,,,,,,,,1
2100191258,8,,2019-01-25,5,1330,2,0,0,2,1,2,502,0,0,0,150,2,1,1,1,1,1,1,1,0,0,10,1,2,0,,3,47.0,12,3.0,0.0,1.0,0.0,1.0,5.0,100,2.0,1.0,1.0,,,"-740802,129","-1047610,157","-740802,143","-1047609,897",PRAHA4Michle,VyskoËilova,,mÌstnÌkomunikace,,,,,,,,,1
2100191259,5,,2019-01-25,5,1620,1,3,0,2,1,2,403,0,0,0,300,2,1,1,1,1,1,0,1,3,3,0,7,2,10,,3,39.0,03,1.0,0.0,1.0,0.0,1.0,3.0,100,3.0,1.0,1.0,,,"-736585,118","-1050696,779","-736585,153","-1050696,705",PRAHA4Chodov,OPATOVSK¡,,sledovan·komunikace,,,,,,,,,1
2100191260,5,,2019-01-25,5,1610,3,0,2,2,1,2,204,0,0,0,600,2,3,1,1,1,1,3,1,0,0,0,1,1,0,,3,29.0,01,1.0,1.0,1.0,0.0,1.0,1.0,400,2.0,1.0,1.0,,,"-743574,569","-1051965,813","-743574,622","-1051966,099",PRAHA4Mod¯any,GENER¡LAäIäKY,,sledovan·komunikace,,,,,,,,,1
2100191261,8,,2019-01-25,5,2560,2,0,0,2,1,0,516,0,0,0,50,2,1,1,1,1,1,1,1,0,0,10,1,2,0,,17,,XX,,,,,,,0,,,,,,"-740803,451","-1047607,908","-740803,337","-1047609,963",PRAHA4Michle,VyskoËilova,,mÌstnÌkomunikace,,,,,,,,,1
2100191262,8,,2019-01-25,5,2560,2,0,0,2,1,0,516,0,0,0,300,3,1,1,1,1,1,1,1,0,0,10,1,2,0,,17,,XX,,,,,,,0,,,,,,"-738737,160","-1049843,145","-738737,433","-1049843,401",PRAHA4Chodov,ROZTYLSK¡,,sledovan·komunikace,,,,,,,,,1
2100191263,5,,2019-01-25,5,1620,1,3,0,2,1,2,405,0,0,0,900,2,1,1,1,1,1,5,1,0,5,0,1,2,0,,3,13.0,19,9.0,0.0,1.0,0.0,1.0,3.0,600,3.0,1.0,1.0,,,"-750115,152","-1042414,903","-750114,81","-1042415,974",PRAHA6-RUZYNÃ,RuzyÚsk·,,mÌstnÌkomunikace,,3297566.0,,Souhlasn˝sesmÏrem˙seku,Pomal˝,554782.0,446238.0,GN_V0.1UIR-ADR_410,1
2100191264,6,,2019-01-25,5,1500,2,0,0,2,1,2,504,0,0,0,210,2,1,1,1,1,1,1,1,0,0,0,1,2,0,,3,47.0,07,1.0,0.0,1.0,0.0,1.0,5.0,10,2.0,1.0,1.0,,,"-745160,050","-1050868,895","-745158,233","-1050869,344",PRAHA4Mod¯any,PODVINICÕ,,mÌstnÌkomunikace,,,,,,,,,1
2100191265,5,,2019-01-25,5,1720,1,4,0,2,1,2,503,0,0,0,1600,2,1,1,1,2,1,2,1,0,0,0,1,3,0,,3,44.0,16,3.0,0.0,1.0,0.0,1.0,1.0,500,2.0,1.0,1.0,,,"-734209,253","-1046455,369","-734209,076","-1046455,207",PRAHA10,KUTNOHORSK¡,,sledovan·komunikace,,,,,,,,,1
2100191266,5,,2019-01-25,5,1745,1,2,0,2,1,2,411,0,0,0,700,2,1,1,1,4,1,5,1,0,5,0,1,2,0,,7,19.0,12,3.0,0.0,0.0,0.0,1.0,1.0,200,4.0,1.0,1.0,,,"-738775,028","-1048912,817","-738773,705","-1048912,740",PRAHA4Chodov,Spo¯ilovsk·,,uzel,,,,,,,,,1
2100191267,5,,2019-01-25,5,1800,1,4,0,2,1,2,503,0,0,0,250,2,1,1,1,4,1,6,1,0,0,0,1,2,0,,3,39.0,04,1.0,0.0,1.0,0.0,1.0,1.0,200,2.0,1.0,1.0,,,"-736156,740","-1046444,120","-736156,622","-1046444,559",PRAHA10Hostiva¯,JIéNÕSPOJKA,,mÌstnÌkomunikace,,,,,,,,,1
2100191268,6,,2019-01-12,6,2560,2,0,0,2,1,0,516,0,0,0,250,2,1,1,1,1,1,1,1,0,0,0,1,2,0,,17,,XX,,,,,,,0,,,,,,"-740871,366","-1041313,795","-740870,932","-1041310,109",PRAHA7Holeöovice,UPRŸHONU,,mÌstnÌkomunikace,,,,,,,,,1
2100191269,6,,2019-01-22,2,2560,2,0,0,2,1,0,516,0,0,0,400,2,1,1,1,1,1,1,1,0,0,0,1,2,0,,17,,XX,,,,,,,0,,,,,,"-740741,492","-1045550,202","-740739,861","-1045549,819",PRAHA10-VRäOVICE,SportovnÌ,,mÌstnÌkomunikace,,3362038.0,,OpaËn˝kesmÏru˙seku,Pomal˝,554782.0,470058.0,GN_V0.1UIR-ADR_410,1
2100191270,6,,2019-01-25,5,1610,2,0,0,2,1,2,502,0,0,0,110,2,1,1,1,4,1,1,1,0,0,0,1,2,0,,3,7.0,03,1.0,0.0,1.0,0.0,1.0,5.0,10,2.0,1.0,1.0,,,"-737903,273","-1043040,724","-737898,979","-1043047,268",PRAHA3éiûkov,KLU»IN¡M,,mÌstnÌkomunikace,,,,,,,,,1
2100191271,6,,2019-01-25,5,1720,1,4,0,2,1,2,503,0,0,0,500,1,1,1,1,2,1,1,1,0,0,1,3,2,0,,3,39.0,07,3.0,0.0,1.0,0.0,1.0,5.0,300,2.0,1.0,1.0,,,"-743402,094","-1045200,603","-743404,803","-1045202,127",PRAHA2Vyöehrad,VRATISLAVOVA,,uzel,,,,,,,,,1
2100191272,8,,2019-01-25,5,1840,1,3,0,2,1,2,502,0,0,0,450,2,1,1,1,4,1,1,1,0,0,10,1,2,0,,5,35.0,18,3.0,0.0,1.0,0.0,1.0,5.0,50,2.0,1.0,1.0,,,"-752289,401","-1045517,102","-752288,381","-1045519,738",PRAHA5,S¡RSK¡,,mÌstnÌkomunikace,,,,,,,,,1
2100191273,6,,2019-01-25,5,1855,1,3,0,2,1,2,410,0,0,0,15,2,1,1,1,4,1,1,1,0,5,0,1,2,0,,3,7.0,06,3.0,0.0,1.0,0.0,1.0,5.0,10,2.0,1.0,1.0,,,"-735094,923","-1045513,547","-735094,497","-1045513,913",PRAHA10-MALEäICE,UVozovny,,mÌstnÌkomunikace,,285386.0,,Souhlasn˝sesmÏrem˙seku,Pomal˝,554782.0,445037.0,GN_V0.1UIR-ADR_410,1
2100191274,5,,2019-01-25,5,1830,1,3,0,2,1,2,408,0,0,0,900,2,1,1,1,4,1,2,1,0,5,0,1,2,0,,3,39.0,08,3.0,0.0,0.0,0.0,1.0,1.0,400,2.0,1.0,1.0,,,"-742243,780","-1041577,454","-742243,558","-1041579,329",PRAHA7BubeneË,VELETRéNÕ,,sledovan·komunikace,,,,,,,,,1
2100191275,6,,2019-01-25,5,2560,2,0,0,2,1,0,516,0,0,0,50,2,1,1,1,1,1,1,1,0,0,0,1,2,0,,17,,XX,,,,,,,0,,,,,,"-739754,746","-1039546,719","-739757,502","-1039550,931",PRAHA8Kobylisy,KESTÕRCE,,mÌstnÌkomunikace,,,,,,,,,1
2100191276,6,,2019-01-25,5,1829,1,4,0,1,1,2,503,0,0,1,1500,2,1,1,1,4,1,2,1,0,0,0,1,4,0,,3,35.0,10,1.0,0.0,1.0,0.0,1.0,5.0,500,2.0,1.0,1.0,,,"-741094,447","-1040241,054","-741094,497","-1040239,306",PRAHA7LibeÚ,NOV¡POVLTAVSK¡,,mÌstnÌkomunikace,,,,,,,,,1
2100191277,6,,2019-01-25,5,1800,2,0,0,2,1,2,504,0,0,0,30,1,1,1,1,4,1,1,1,0,0,0,1,2,0,,3,13.0,15,1.0,0.0,1.0,0.0,1.0,5.0,10,4.0,1.0,1.0,,,"-738278,117","-1048643,484","-738278,027","-1048643,866",PRAHA4Chodov,Klap·lkova,,mÌstnÌkomunikace,,,,,,,,,1
2100191278,6,,2019-01-25,5,2125,3,0,3,2,1,2,508,0,0,0,300,2,1,1,1,4,1,1,1,0,0,0,1,1,0,,3,12.0,15,3.0,0.0,0.0,0.0,1.0,5.0,200,2.0,1.0,1.0,,,"-748586,057","-1046398,265","-748586,095","-1046403,480",PRAHA5Stod˘lky,SEYDLEROVA,,mÌstnÌkomunikace,,,,,,,,,1
2100191279,5,,2019-01-25,5,2248,8,3,0,2,1,2,408,0,0,0,300,3,1,1,1,4,1,2,7,0,5,0,1,2,0,,3,39.0,05,1.0,0.0,1.0,0.0,1.0,1.0,200,2.0,1.0,1.0,,,"-743041,812","-1043849,502","-743039,154","-1043850,427",PRAHA1,SP¡LEN¡,,sledovan·komunikace,,,,,,,,,1
2100191280,6,,2019-01-25,5,2315,3,0,2,1,1,2,508,1,0,0,2350,2,1,1,1,4,1,1,6,0,0,0,1,1,0,,5,47.0,18,3.0,0.0,1.0,0.0,1.0,5.0,2000,2.0,2.0,1.0,,,"-747449,113","-1042296,738","-747449,796","-1042298,892",PRAHA6,NAVÃTRNÕKU,,mÌstnÌkomunikace,,,,,,,,,1
2100191281,5,,2019-01-25,5,2310,1,3,0,2,1,2,405,0,0,0,1500,2,1,1,1,4,1,0,1,3,3,1,4,2,10,,3,12.0,12,3.0,0.0,1.0,0.0,1.0,3.0,500,3.0,1.0,1.0,,,"-733568,227","-1050262,572","-733567,852","-1050263,948",PRAHA10PETROVICE,NOVOPETROVICK¡xKUR»ATOVOVAxARCHIM…DOVA,,sledovan·komunikace,,,,,,,,,1
2100191282,6,,2019-01-26,6,510,3,0,6,2,1,2,511,0,0,0,500,2,8,1,5,5,1,1,1,0,0,0,1,1,0,,3,39.0,18,3.0,0.0,1.0,1.0,1.0,5.0,500,2.0,2.0,0.0,,,"-739510,977","-1043802,273","-739512,339","-1043792,796",PRAHA3éiûkov,PITTEROVA,,mÌstnÌkomunikace,,,,,,,,,1
2100191283,6,,2019-01-26,6,560,2,0,0,2,1,0,516,0,0,0,100,2,3,1,1,4,1,1,1,0,0,0,1,2,0,,17,,XX,,,,,,,0,,,,,,"-742294,727","-1042900,653","-742294,74","-1042900,632",PRAHA1-STAR…MÃSTO,Kr·lodvorsk·,,mÌstnÌkomunikace,,2375735.0,,Souhlasn˝sesmÏrem˙seku,Pomal˝,554782.0,453242.0,GN_V0.1UIR-ADR_410,1
2100191284,6,,2019-01-26,6,620,1,3,0,2,1,2,404,0,0,0,700,2,6,1,1,4,1,0,1,0,5,0,5,2,10,,3,39.0,10,3.0,0.0,1.0,0.0,1.0,5.0,400,2.0,1.0,1.0,,,"-737923,330","-1043550,269","-737923,136","-1043551,374",PRAHA3éiûkov,NAJAROVÃ,,mÌstnÌkomunikace,,,,,,,,,1
2100191285,5,,2019-01-26,6,702,3,0,4,2,1,2,204,0,0,0,1550,2,5,1,5,5,1,2,1,0,0,0,3,1,0,,3,4.0,14,3.0,1.0,1.0,0.0,1.0,5.0,1500,2.0,1.0,1.0,,,"-728919,825","-1053515,673","-728919,552","-1053514,437",PRAHA10-KOLOVRATY,KÿÕ»ANŸM,,sledovan·komunikace,,,,,,,,,1
2100191286,5,,2019-01-26,6,755,3,0,3,1,1,2,204,0,0,1,900,2,5,1,5,3,1,2,1,0,0,0,1,1,0,,3,7.0,10,1.0,1.0,1.0,0.0,1.0,1.0,800,2.0,1.0,1.0,,,"-732445,399","-1049011,089","-732444,551","-1049010,375",Praha10-DolnÌMÏcholupy,KUTNOHORSK¡,,sledovan·komunikace,,,,,,,,,1
2100191287,8,,2019-01-26,6,800,1,4,0,2,1,2,504,0,0,0,1400,2,1,1,1,1,1,1,1,0,0,10,1,2,0,,3,39.0,07,1.0,0.0,1.0,0.0,1.0,5.0,600,2.0,1.0,1.0,,,"-728757,719","-1040936,419","-728758,107","-1040934,260",PRAHA9,DO»ERTOUS,,mÌstnÌkomunikace,,,,,,,,,1
2100191288,6,,2019-01-26,6,855,2,0,0,2,1,2,204,0,0,0,150,2,6,1,5,3,1,1,1,0,0,0,2,2,0,,3,47.0,07,1.0,1.0,1.0,0.0,1.0,5.0,100,3.0,1.0,1.0,,,"-742492,001","-1049981,757","-742491,681","-1049980,599",PRAHA4BranÌk,NadLesnÌmdivadlem,,mÌstnÌkomunikace,,,,,,,,,1
2100191289,5,,2019-01-26,6,758,3,0,4,2,1,6,511,0,0,0,1100,2,5,1,5,3,1,6,1,0,0,0,1,1,0,,3,12.0,08,1.0,0.0,1.0,0.0,1.0,1.0,800,2.0,4.0,0.0,,,"-750084,763","-1049490,636","-750087,110","-1049492,875",PRAHA5,PRAéSK›OKRUH,,sledovan·komunikace,,,,,,,,,1
2100191290,5,,2019-01-26,6,800,3,0,4,2,1,2,508,0,0,0,500,2,5,1,5,3,1,6,1,0,0,0,1,1,0,,3,17.0,14,1.0,1.0,1.0,0.0,1.0,1.0,500,2.0,1.0,1.0,,,"-750088,601","-1049487,037","-750090,698","-1049489,135",PRAHA5,PRAéSK›OKRUH,,sledovan·komunikace,,,,,,,,,1
2100191291,6,,2019-01-26,6,925,3,0,9,2,1,2,204,0,0,0,250,2,5,1,5,3,1,1,1,0,0,0,1,1,0,,3,17.0,07,10.0,1.0,1.0,0.0,1.0,5.0,200,2.0,1.0,1.0,,,"-744980,294","-1049480,933","-744981,529","-1049480,302",PRAHA4-HodkoviËky,VLTAVANŸ,,mÌstnÌkomunikace,,,,,,,,,1
2100191292,6,,2019-01-26,6,950,3,0,9,2,1,2,204,0,0,0,560,2,5,1,5,3,1,1,1,0,0,0,1,1,0,,3,39.0,10,1.0,1.0,1.0,0.0,1.0,5.0,400,2.0,1.0,1.0,,,"-725701,535","-1047171,056","-725705,352","-1047170,814",PRAHA9(⁄JEZDNADLESY),ZAÿÕ»ANSK¡,,sledovan·komunikace,,,,,,,,,1
2100191293,5,,2019-01-26,6,1030,3,0,4,2,1,2,204,0,0,0,1100,2,3,1,5,3,1,6,1,0,0,0,3,1,0,,3,7.0,13,1.0,1.0,1.0,0.0,1.0,1.0,1000,2.0,1.0,1.0,,,"-742491,434","-1050256,751","-742490,962","-1050256,145",PRAHAV˝chod,D0Praûsk˝okruh,,sledovan·komunikace,,,,,,,,,1
2100191294,4,,2019-01-26,6,1030,1,3,0,2,1,2,401,0,0,0,2700,2,3,1,1,1,1,0,1,2,0,0,5,2,19,,3,47.0,16,1.0,0.0,1.0,0.0,1.0,35.0,2000,3.0,1.0,1.0,,,"-744441,142","-1041951,840","-744440,703","-1041954,855",PRAHA6,MILADYHOR¡KOV…,,uzel,,,,,,,,,1
2100191295,8,,2019-01-26,6,1120,1,4,0,2,1,2,504,0,0,0,50,2,3,1,1,1,1,1,1,0,0,10,1,2,0,,5,13.0,10,3.0,0.0,1.0,0.0,1.0,5.0,0,2.0,1.0,1.0,,,"-735033,759","-1042227,204","-735033,984","-1042225,762",PRAHA9-HloubÏtÌn,PODÃBRADSK¡,,sledovan·komunikace,,,,,,,,,1
2100191296,5,,2019-01-26,6,1050,8,3,0,2,1,2,403,0,0,0,1200,2,3,1,5,3,1,0,7,3,3,1,4,2,10,,3,60.0,12,3.0,0.0,1.0,0.0,1.0,3.0,800,2.0,1.0,1.0,,,"-744391,388","-1040412,567","-744391,380","-1040412,286",PRAHA6Dejvice,JUGOSL¡VSK›CHPARTYZ¡NŸ,,uzel,,,,,,,,,1
2100191297,8,,2019-01-26,6,1100,2,0,0,2,1,2,504,0,0,0,150,1,8,1,1,1,1,1,1,0,0,10,1,2,0,,3,35.0,04,3.0,0.0,1.0,0.0,1.0,5.0,50,3.0,1.0,1.0,,,"-735347,223","-1036861,33","-735351,688","-1036844,375",PRAHA9-»AKOVICE,ZaTratÌ,,mÌstnÌkomunikace,,251494.0,,Souhlasn˝sesmÏrem˙seku,Pomal˝,554782.0,447854.0,GN_V0.1UIR-ADR_410,1
2100191298,6,,2019-01-26,6,1120,2,0,0,2,1,2,502,0,0,0,405,2,3,1,1,1,1,1,1,0,0,0,1,2,0,,5,26.0,16,3.0,0.0,1.0,0.0,1.0,5.0,5,3.0,1.0,1.0,,,"-745835,848","-1044980,247","-745835,967","-1044979,032",PRAHA5,N·mÏstÌJosefaMachka,,mÌstnÌkomunikace,,,,,,,,,1
2100191299,5,,2019-01-26,6,1140,1,2,0,2,1,2,411,0,0,0,210,2,3,1,5,3,1,2,1,0,5,0,1,2,0,,3,12.0,12,1.0,0.0,0.0,0.0,1.0,1.0,10,2.0,1.0,1.0,,,"-736010,284","-1042196,676","-736010,293","-1042196,151",PRAHA9VysoËany,PODÃBRADSK¡xPodkov·¯sk·,,sledovan·komunikace,,,,,,,,,1
2100191300,6,,2019-01-26,6,1112,3,0,9,2,1,2,204,0,0,0,100,2,6,1,1,1,1,1,1,0,0,0,3,1,0,,3,39.0,10,12.0,1.0,1.0,0.0,1.0,5.0,100,2.0,1.0,1.0,,,"-738479,077","-1043800,504","-738478,028","-1043799,459",PRAHA3éiûkov,NAVIKTORCE,,mÌstnÌkomunikace,,,,,,,,,1
2100191301,6,,2019-01-26,6,1160,2,0,0,2,1,0,516,0,0,0,150,2,3,1,1,1,1,1,1,0,0,0,1,2,0,,3,17.0,16,1.0,0.0,4.0,0.0,1.0,5.0,0,9.0,,,,,"-737114,432","-1049144,547","-737115,765","-1049147,017",PRAHA4,MÕROV…HOHNUTÕ,,sledovan·komunikace,,,,,,,,,1
2100191302,6,,2019-01-26,6,1200,2,0,0,2,1,2,502,0,0,0,1500,2,3,1,4,3,1,1,1,0,0,0,1,3,0,,3,48.0,12,1.0,0.0,1.0,0.0,1.0,5.0,500,2.0,1.0,1.0,,,"-744277,936","-1041208,341","-744278,574","-1041208,491",PRAHA6BubeneË,N¡RODNÕOBRANY,,mÌstnÌkomunikace,,,,,,,,,1
2100191303,6,,2019-01-25,5,2560,2,0,0,2,1,0,516,0,0,0,200,2,3,1,1,1,1,1,1,0,0,0,1,2,0,,17,,XX,,,,,,,0,,,,,,"-746596,089","-1041495,496","-746594,799","-1041498,721",PRAHA6,NAROZDÕLU,,mÌstnÌkomunikace,,,,,,,,,1
2100191304,5,,2019-01-26,6,1250,1,4,0,2,1,2,503,0,0,0,1600,1,3,1,1,1,1,2,1,0,0,0,1,3,0,,3,47.0,12,1.0,0.0,1.0,0.0,1.0,1.0,500,2.0,1.0,1.0,,,"-741536,243","-1042122,613","-741539,163","-1042122,223",PRAHA7Holeöovice,HL¡VKŸVMOST,,sledovan·komunikace,,,,,,,,,1
2100191305,6,,2019-01-26,6,1320,3,0,4,2,1,2,204,0,0,0,200,2,3,1,5,3,1,1,1,0,0,0,1,1,0,,3,4.0,96,1.0,1.0,1.0,0.0,1.0,5.0,150,2.0,1.0,1.0,,,"-739144,306","-1040131,559","-739144,559","-1040135,976",PRAHA8-LibeÚ,VHOLEäOVI»K¡CH,,uzel,,,,,,,,,1
2100191306,6,,2019-01-25,5,2560,2,0,0,2,1,0,516,0,0,0,100,2,3,1,1,1,1,1,1,0,0,0,1,2,0,,17,,XX,,,,,,,0,,,,,,"-741086,441","-1043709,183","-741086,113","-1043710,729",PRAHA3éiûkov,VLKOVA,,mÌstnÌkomunikace,,,,,,,,,1
2100191307,6,,2019-01-26,6,1200,3,0,6,2,1,0,508,0,0,0,80,1,3,1,1,1,1,1,1,0,0,0,1,1,0,,3,13.0,11,1.0,0.0,4.0,0.0,1.0,5.0,0,9.0,,,,,"-743203,640","-1043401,664","-743202,421","-1043406,664",PRAHA1StarÈMÏsto,KONVIKTSK¡,,mÌstnÌkomunikace,,,,,,,,,1
2100191308,5,,2019-01-26,6,1330,1,4,0,2,1,2,503,0,0,0,800,2,3,1,1,1,1,2,1,0,0,0,3,2,0,,3,4.0,13,1.0,0.0,1.0,0.0,1.0,1.0,500,2.0,1.0,1.0,,,"-738908,939","-1049772,282","-738910,609","-1049771,148",PRAHA4Chodov,UKUNRATICK…HOLESA,,uzel,,,,,,,,,1
2100191309,6,,2019-01-26,6,1420,1,4,0,2,1,9,511,0,0,0,250,2,3,1,5,3,1,1,1,0,0,0,1,2,0,,3,32.0,08,1.0,0.0,1.0,0.0,1.0,5.0,50,7.0,5.0,0.0,,,"-734160,891","-1047607,059","-734161,330","-1047605,035",Praha10-DolnÌMÏcholupy,DOLNOMÃCHOLUPSK¡,,mÌstnÌkomunikace,,,,,,,,,1
2100191310,5,,2019-01-26,6,1400,3,0,4,2,1,2,204,0,0,0,500,2,5,4,1,1,1,6,1,0,0,0,1,1,0,,5,26.0,12,1.0,1.0,1.0,0.0,1.0,1.0,200,3.0,1.0,1.0,,,"-746463,219","-1054184,826","-746462,512","-1054185,426",PRAHA5,Praûsk˝Okruh,,sledovan·komunikace,,,,,,,,,1
2100191311,5,,2019-01-26,6,1428,1,2,0,2,1,2,404,0,0,0,1100,2,3,1,1,1,1,0,1,0,5,0,5,3,10,,3,35.0,09,1.0,0.0,1.0,0.0,1.0,5.0,200,2.0,1.0,1.0,,,"-742571,101","-1046981,747","-742571,079","-1046981,735",PRAHA4Nusle,PUJMANOV…,,sledovan·komunikace,,,,,,,,,1
2100191312,6,,2019-01-24,4,2560,2,0,0,2,1,0,516,0,0,0,100,2,1,1,1,1,1,1,1,0,0,0,1,2,0,,17,,XX,,,,,,,0,,,,,,"-742739,818","-1044020,854","-742739,947","-1044021,609",PRAHA1NovÈMÏsto,NAVR¡TILOVA,,mÌstnÌkomunikace,,,,,,,,,1