IDENTIFIKA»NÕ »ÕSLO,DRUH POZEMNÕ KOMUNIKACE,»ÕSLO POZEMNÕ KOMUNIKACE,"den, mÏsÌc, rok",,Ëas ,DRUH NEHODY,DRUH SR¡éKY JEDOUCÕCH VOZIDEL,DRUH PEVN… PÿEK¡éKY,CHARAKTER NEHODY,ZAVINÃNÕ NEHODY,ALKOHOL U VINÕKA NEHODY PÿÕTOMEN,HLAVNÕ PÿÕ»INY NEHODY,usmrceno osob,tÏûce zranÏno osob,lehce zranÏno osob,CELKOV¡ HMOTN¡ äKODA,DRUH POVRCHU VOZOVKY,STAV POVRCHU VOZOVKY V DOBÃ NEHODY,STAV KOMUNIKACE,POVÃTRNOSTNÕ PODMÕNKY V DOBÃ NEHODY,VIDITELNOST,ROZHLEDOV… POMÃRY,DÃLENÕ KOMUNIKACE,SITUOV¡NÕ NEHODY NA KOMUNIKACI,ÿÕZENÕ PROVOZU V DOBÃ NEHODY,MÕSTNÕ ⁄PRAVA PÿEDNOSTI V JÕZDÃ,SPECIFICK¡ MÕSTA A OBJEKTY V MÕSTÃ NEHODY,SMÃROV… POMÃRY,PO»ET Z⁄»ASTNÃN›CH VOZIDEL,MÕSTO DOPRAVNÕ NEHODY,DRUH KÿIéUJÕCÕ KOMUNIKACE,DRUH VOZIDLA,V›ROBNÕ ZNA»KA MOTOROV…HO VOZIDLA,ROK V›ROBY VOZIDLA,CHARAKTERISTIKA VOZIDLA ,SMYK,VOZIDLO PO NEHODÃ,"⁄NIK PROVOZNÕCH, PÿEPRAVOVAN›CH HMOT",ZPŸSOB VYPROäTÃNÕ OSOB Z VOZIDLA,SMÃR JÕZDY NEBO POSTAVENÕ VOZIDLA,äKODA NA VOZIDLE,KATEGORIE ÿIDI»E,STAV ÿIDI»E,VNÃJäÕ OVLIVNÃNÕ ÿIDI»E,nan.1,nan.2,nan.3,nan.4,nan.5,nan.6,nan.7,nan.8,nan.9,nan.10,nan.11,nan.12,nan.13,nan.14,nan.15,nan.16,nan.17,nan.18,LOKALITA NEHODY
2100191313,6,,2019-01-24,4,2560,2,0,0,2,1,0,516,0,0,0,300,2,5,1,1,1,1,1,1,0,0,0,1,2,0,,3,17.0,00,1.0,0.0,4.0,0.0,1.0,5.0,200,9.0,,,,,"-734670,280","-1048484,420","-734671,346","-1048483,127",PRAHA10Hostiva¯,Z¡PASNICK¡,,mÌstnÌkomunikace,,,,,,,,,1
2100191314,6,,2019-01-26,6,2560,2,0,0,2,1,0,516,0,0,0,150,2,1,1,1,1,1,1,1,0,0,0,1,2,0,,17,,XX,,,,,,,0,,,,,,"-752372,266","-1045769,432","-752371,116","-1045770,478",PRAHA5,Skandin·vsk·,,uzel,,,,,,,,,1
2100191315,5,,2019-01-26,6,1530,1,3,0,2,1,2,411,0,0,0,600,2,1,1,1,1,1,4,1,0,5,0,1,2,0,,3,4.0,03,1.0,0.0,1.0,0.0,1.0,1.0,300,2.0,1.0,1.0,,,"-745452,491","-1045829,354","-745452,520","-1045831,074",PRAHA5Radlice,RADLICK¡,,sledovan·komunikace,,,,,,,,,1
2100191316,5,,2019-01-26,6,2560,2,0,0,2,1,0,516,0,0,0,100,2,3,1,1,1,1,2,1,0,0,0,1,2,0,,17,,XX,,,,,,,0,,,,,,"-742623,229","-1045398,537","-742623,500","-1045400,772",PRAHA2Nusle,SEKANINOVA,,sledovan·komunikace,,,,,,,,,1
2100191317,6,,2019-01-26,6,1515,1,1,0,2,1,2,409,0,0,0,1000,2,3,1,1,1,1,1,1,0,5,10,1,2,0,,3,39.0,16,3.0,0.0,1.0,0.0,1.0,5.0,500,2.0,1.0,1.0,,,"-731135,347","-1042024,640","-731135,364","-1042024,427",PRAHA9HornÌPoËernice,,,mÌstnÌkomunikace,,,,,,,,,1
2100191318,6,,2019-01-26,6,1640,2,0,0,2,1,2,502,0,0,0,200,2,3,1,1,1,1,1,1,0,0,0,1,2,0,,3,4.0,14,1.0,0.0,1.0,0.0,1.0,5.0,100,2.0,1.0,1.0,,,"-743222,963","-1042987,048","-743222,771","-1042985,284",PRAHA1StarÈMÏsto,PLATN…ÿSK¡,,mÌstnÌkomunikace,,,,,,,,,1
2100191319,6,,2019-01-25,5,2560,2,0,0,2,1,0,516,0,0,0,600,1,3,1,1,1,1,1,1,0,0,0,1,2,0,,17,,XX,,,,,,,0,,,,,,"-735889,302","-1047841,746","-735888,662","-1047841,843",Praha10-Vinohrady,VoronÏûsk·,,mÌstnÌkomunikace,,1392299.0,,OpaËn˝kesmÏru˙seku,Pomal˝,554782.0,465224.0,GN_V0.1UIR-ADR_410,1
2100191320,4,,2019-01-26,6,1630,1,3,0,2,1,9,511,0,0,0,170,2,1,1,1,1,1,0,1,3,3,0,4,2,19,,3,39.0,08,3.0,0.0,1.0,0.0,1.0,78.0,20,7.0,5.0,0.0,,,"-732719,419","-1045585,393","-732719,206","-1045585,679",PRAHA10,äTÃRBOHOLSK¡SPOJKA,,uzel,,,,,,,,,1
2100191321,6,,2019-01-26,6,1800,4,0,0,1,1,2,412,0,1,0,300,2,3,1,1,4,1,1,1,0,5,1,1,1,0,,3,47.0,10,1.0,0.0,1.0,0.0,1.0,5.0,300,4.0,1.0,1.0,,,"-743111,573","-1044156,250","-743103,939","-1044158,415",PRAHA2NovÈMÏsto,KARLOVON¡M.,,sledovan·komunikace,,,,,,,,,1
2100191322,8,,2019-01-26,6,1755,2,0,0,2,1,2,204,0,0,0,200,3,3,1,1,4,1,1,1,0,0,10,3,2,0,,3,60.0,07,1.0,1.0,1.0,0.0,1.0,5.0,100,2.0,1.0,1.0,,,"-736753,283","-1045808,742","-736753,864","-1045809,716",PRAHA10Straönice,PÿETLUCK¡,,sledovan·komunikace,,,,,,,,,1
2100191323,4,,2019-01-26,6,1750,1,2,0,2,1,0,405,0,0,0,200,2,3,1,4,5,1,0,1,2,0,1,4,2,19,,17,,XX,,,,,,,0,,,,,,"-737179,416","-1049107,907","-737177,171","-1049109,665",PRAHA11Chodov,MÕROV…HOHNUTÕ,,uzel,,,,,,,,,1
2100191324,4,,2019-01-26,6,1825,4,0,0,1,1,2,412,0,0,1,200,2,3,1,1,4,1,0,1,2,0,1,6,1,19,,3,26.0,08,1.0,0.0,1.0,0.0,1.0,67.0,200,2.0,1.0,1.0,,,"-742068,665","-1047075,340","-742066,820","-1047074,335",PRAHA4-Nusle,NAPANKR¡CI,,uzel,,,,,,,,,1
2100191325,6,,2019-01-26,6,1830,2,0,0,2,1,2,509,0,0,0,200,2,3,1,4,5,1,0,1,3,3,1,7,2,10,,3,13.0,17,3.0,0.0,1.0,0.0,1.0,5.0,100,2.0,1.0,1.0,,,"-749287,202","-1047645,733","-749287,170","-1047645,903",PRAHA5Stod˘lky,BOROVANSK…HO,,mÌstnÌkomunikace,,,,,,,,,1
2100191326,5,,2019-01-26,6,1945,1,1,0,1,1,2,204,0,0,5,5800,2,3,1,4,5,1,2,1,0,0,0,2,2,0,,3,39.0,08,3.0,1.0,1.0,1.0,1.0,3.0,800,2.0,1.0,1.0,,,"-738940,444","-1049830,849","-738941,383","-1049830,616",PRAHA4Chodov,UKUNRATICK…HOLESA,,sledovan·komunikace,,,,,,,,,1
2100191327,5,,2019-01-26,6,2110,1,4,0,2,1,3,511,0,0,0,1600,2,3,1,1,4,1,0,1,3,3,0,5,2,10,,3,39.0,11,1.0,0.0,1.0,0.0,1.0,1.0,800,2.0,4.0,0.0,,,"-736143,68","-1047782,302","-736145,118","-1047782,088",PRAHA7,VeletrûnÌ,,mÌstnÌkomunikace,,1681093.0,,Souhlasn˝sesmÏrem˙seku,Pomal˝,554782.0,466344.0,GN_V0.1UIR-ADR_410,1
2100191328,8,,2019-01-26,6,1345,3,0,9,2,1,2,508,0,0,0,150,2,1,1,1,1,1,1,1,0,0,10,1,1,0,,3,39.0,11,1.0,0.0,1.0,0.0,1.0,5.0,100,2.0,1.0,1.0,,,"-747562,752","-1046663,569","-747562,977","-1046662,950",PRAHA5,RADLICK¡,,sledovan·komunikace,,,,,,,,,1
2100191329,5,,2019-01-27,0,118,3,0,3,2,1,2,204,0,0,0,250,2,3,1,1,4,1,2,1,0,0,0,2,1,0,,3,4.0,07,1.0,1.0,1.0,0.0,1.0,1.0,200,2.0,1.0,1.0,,,"-731666,071","-1050063,306","-731665,250","-1050064,407",PRAHA10Uh¯ÌnÏves,PODLESK¡,,sledovan·komunikace,,,,,,,,,1
2100191330,5,,2019-01-27,0,430,1,4,0,2,1,2,503,0,0,0,400,2,3,1,1,4,1,2,1,0,0,0,1,2,0,,3,39.0,17,1.0,0.0,1.0,0.0,1.0,1.0,200,2.0,1.0,1.0,,,"-742712,402","-1044366,852","-742711,536","-1044362,084",PRAHA2NovÈMÏsto,JE»N¡,,sledovan·komunikace,,,,,,,,,1
2100191331,6,,2019-01-26,6,2560,3,0,6,2,1,0,516,0,0,0,10,2,3,1,1,1,1,1,1,0,0,0,1,1,0,,17,,XX,,,,,,,0,,,,,,"-733793,848","-1042108,770","-733793,801","-1042105,680",PRAHA14(»ERN›MOST)HloubÏtÌn,PodÏbradsk·,,sledovan·komunikace,,,,,,,,,1
2100191332,4,,2019-01-27,0,1025,1,1,0,2,1,2,405,0,0,0,1000,2,3,1,1,1,1,0,1,3,3,0,5,2,19,,3,2.0,97,1.0,0.0,0.0,0.0,1.0,53.0,400,2.0,1.0,1.0,,,"-733219,827","-1050093,028","-733219,854","-1050092,550",PRAHA10,NOVOPETROVICK¡,,uzel,,,,,,,,,1
2100191333,5,,2019-01-27,0,1030,1,3,0,2,1,2,403,0,0,0,150,2,3,1,1,1,1,0,1,3,3,0,4,2,10,,3,13.0,95,1.0,0.0,1.0,0.0,1.0,1.0,50,2.0,1.0,1.0,,,"-742501,340","-1038589,565","-742498,967","-1038590,107",PRAHA8Troja,LODéSK¡,,sledovan·komunikace,,,,,,,,,1
2100191334,5,,2019-01-27,0,1110,1,2,0,2,1,2,204,0,0,0,3000,2,3,1,1,1,1,2,1,0,0,0,3,2,0,,3,39.0,11,1.0,1.0,1.0,0.0,1.0,1.0,1500,2.0,1.0,1.0,,,"-731522,144","-1051400,014","-731521,054","-1051401,437",PRAHA22Uh¯ÌnÏves,KD¡LNICI,,sledovan·komunikace,,,,,,,,,1
2100191335,5,,2019-01-27,0,1205,3,0,9,2,7,0,615,0,0,0,310,2,1,1,1,1,1,3,1,0,0,9,1,1,0,,4,39.0,14,1.0,0.0,1.0,0.0,1.0,1.0,0,3.0,1.0,1.0,,,"-739710,950","-1046995,015","-739709,661","-1046994,812",PRAHA4Michle,CHODOVSK¡,,sledovan·komunikace,,,,,,,,,1
2100191336,5,,2019-01-27,0,1215,1,3,0,1,1,2,401,0,0,1,1600,2,1,1,1,1,1,0,1,2,0,0,4,2,10,,3,2.0,09,1.0,0.0,1.0,0.0,1.0,1.0,600,2.0,1.0,1.0,,,"-746116,169","-1041247,349","-746116,189","-1041247,629",PRAHA6Dejvice,EVROPSK¡,,uzel,,,,,,,,,1
2100191337,6,,2019-01-27,0,1220,1,2,0,2,1,2,403,0,0,0,900,2,1,1,1,1,1,0,1,3,3,0,4,2,10,,3,47.0,08,1.0,0.0,1.0,0.0,1.0,5.0,400,2.0,1.0,1.0,,,"-731134,950","-1042021,583","-731134,734","-1042024,378",PRAHA20(HORNÕPO»ERNICE),Chlumeck·,,mÌstnÌkomunikace,,,,,,,,,1
2100191338,6,,2019-01-27,0,1550,1,2,0,2,1,2,404,0,0,0,200,2,1,1,1,1,1,0,1,0,5,0,4,2,10,,3,39.0,07,1.0,0.0,1.0,0.0,1.0,5.0,50,2.0,1.0,1.0,,,"-736892,132","-1046292,614","-736892,778","-1046292,193",PRAHA10Straönice,KR¡LOVICK¡,,mÌstnÌkomunikace,,,,,,,,,1
2100191339,5,,2019-01-27,0,720,6,0,0,2,4,0,100,0,0,0,200,2,1,1,1,2,1,2,1,0,0,0,1,1,0,,3,32.0,13,1.0,0.0,1.0,0.0,1.0,1.0,200,2.0,1.0,1.0,,,"-735895,779","-1045080,584","-735895,151","-1045077,689",PRAHA10Straönice,»ERNOKOSTELECK¡,,sledovan·komunikace,,,,,,,,,1
2100191340,6,,2019-01-27,0,560,2,0,0,2,1,0,516,0,0,0,250,2,1,1,1,4,1,1,1,0,0,0,3,3,0,,5,26.0,17,3.0,0.0,4.0,0.0,1.0,5.0,0,9.0,,,,,"-742997,794","-1043977,679","-742995,706","-1043977,484",PRAHA2NovÈMÏsto,OMLADIN¡ÿŸ,,mÌstnÌkomunikace,,,,,,,,,1
2100191341,6,,2019-01-27,0,1250,1,2,0,1,1,2,403,0,0,1,4000,2,3,1,1,1,1,0,1,3,3,0,5,2,10,,3,4.0,16,1.0,0.0,0.0,0.0,1.0,5.0,2000,2.0,1.0,1.0,,,"-725009,963","-1047392,554","-725009,877","-1047392,317",PRAHA9⁄jezdnadLesy,,,mÌstnÌkomunikace,,,,,,,,,1
2100191342,6,,2019-01-27,0,1235,1,2,0,2,1,2,403,0,0,0,200,2,1,1,1,1,1,0,1,3,3,2,5,2,10,,3,4.0,07,1.0,0.0,1.0,0.0,1.0,5.0,100,2.0,1.0,1.0,,,"-737510,271","-1040207,137","-737511,515","-1040208,708",PRAHA9Prosek,LITOMÃÿICK¡,,mÌstnÌkomunikace,,,,,,,,,1
2100191343,6,,2019-01-20,0,2560,2,0,0,2,1,0,516,0,0,0,300,2,3,1,1,1,1,1,1,0,0,0,1,2,0,,17,,XX,,,,,,,0,,,,,,"-732439,047","-1042620,625","-732439,909","-1042620,670",PRAHA9,ANDERLEHO,,mÌstnÌkomunikace,,,,,,,,,1
2100191344,4,,2019-01-27,0,1520,1,2,0,2,1,2,411,0,0,0,400,2,1,1,1,1,1,0,1,2,0,0,6,2,19,,3,13.0,03,9.0,0.0,1.0,0.0,1.0,37.0,200,3.0,1.0,1.0,,,"-735580,743","-1047893,029","-735580,808","-1047893,428",PRAHA15Hostiva¯,äVEHLOVA,,uzel,,,,,,,,,1
2100191345,5,,2019-01-27,0,1520,1,3,0,2,1,2,410,0,0,0,300,2,1,1,1,1,1,2,1,0,5,0,1,2,0,,3,13.0,18,1.0,0.0,1.0,0.0,1.0,1.0,100,2.0,1.0,1.0,,,"-741893,590","-1047288,676","-741895,058","-1047286,300",PRAHA4Nusle,NASTRéI,,sledovan·komunikace,,,,,,,,,1
2100191346,5,,2019-01-27,0,1535,2,0,0,2,1,2,502,0,0,0,600,2,1,1,1,1,1,2,1,0,0,0,1,2,0,,3,39.0,10,1.0,0.0,0.0,0.0,1.0,1.0,200,3.0,1.0,1.0,,,"-748397,515","-1042855,872","-748397,372","-1042855,793",PRAHA6,NaVypichu,,mÌstnÌkomunikace,,273881.0,,OpaËn˝kesmÏru˙seku,Pomal˝,554782.0,460192.0,GN_V0.1UIR-ADR_410,1
2100191347,6,,2019-01-27,0,1540,1,2,0,2,1,2,502,0,0,0,150,2,1,1,1,1,1,1,1,0,0,0,1,2,0,,8,78.0,15,3.0,0.0,0.0,0.0,1.0,5.0,50,4.0,1.0,1.0,,,"-731337,669","-1042912,031","-731337,769","-1042910,693",PRAHA9»ERN›MOST,BRYKSOVA,,mÌstnÌkomunikace,,,,,,,,,1
2100191348,8,,2019-01-25,5,2560,2,0,0,2,1,0,516,0,0,0,200,3,1,1,1,1,1,1,1,0,0,10,1,2,0,,17,,XX,,,,,,,0,,,,,,"-743245,138","-1042727,208","-743241,667","-1042728,547",PRAHA1StarÈMÏsto,N·m.JanaPalacha,,mÌstnÌkomunikace,,,,,,,,,1
2100191349,6,,2019-01-27,0,1550,2,0,0,2,1,2,504,0,0,0,350,2,1,1,1,1,1,1,1,0,0,0,1,2,0,,3,2.0,17,3.0,0.0,1.0,0.0,1.0,5.0,200,2.0,1.0,1.0,,,"-742813,978","-1042499,265","-742811,333","-1042499,326",PRAHA1StarÈMÏsto,DUäNÕ,,mÌstnÌkomunikace,,,,,,,,,1
2100191350,6,,2019-01-27,0,1625,1,4,0,1,1,2,503,0,0,1,450,2,1,1,1,1,1,1,1,0,0,0,1,2,0,,3,47.0,03,1.0,0.0,0.0,0.0,1.0,5.0,300,2.0,1.0,1.0,,,"-752420,368","-1045590,518","-752420,276","-1045590,435",PRAHA5ZLI»ÕN,S¡RSK¡,,mÌstnÌkomunikace,,,,,,,,,1
2100191351,7,,2019-01-27,0,1700,1,3,0,2,1,2,410,0,0,0,400,2,1,1,1,2,1,1,1,0,5,0,1,2,0,,3,35.0,14,1.0,0.0,1.0,0.0,1.0,5.0,100,2.0,1.0,1.0,,,"-734303,392","-1045982,126","-734304,222","-1045982,410",Praha10ätÏrboholy,N¡KUPNÕ,,˙Ëelov·komunikace,,,,,,,,,1
2100191352,4,,2019-01-27,0,1715,3,0,3,2,1,2,511,0,0,0,800,2,1,1,1,2,1,0,1,2,0,1,4,1,19,,3,29.0,02,1.0,0.0,1.0,0.0,1.0,37.0,500,4.0,1.0,1.0,,,"-736864,094","-1044915,457","-736864,137","-1044916,482",PRAHA10Straönice,»ERNOKOSTELECK¡x⁄VALSK¡XLIMUZSK¡,,uzel,,,,,,,,,1
2100191353,5,,2019-01-27,0,1730,1,4,0,2,1,2,503,0,0,0,450,2,1,1,1,4,1,2,1,0,0,0,1,2,0,,3,39.0,08,1.0,0.0,0.0,0.0,1.0,1.0,150,3.0,1.0,1.0,,,"-744959,399","-1041275,457","-744959,475","-1041276,685",PRAHA6,Evropsk·,,mÌstnÌkomunikace,,711184.0,,Souhlasn˝sesmÏrem˙seku,Pomal˝,554782.0,454222.0,GN_V0.1UIR-ADR_410,1
2100191354,5,,2019-01-27,0,1730,1,2,0,2,1,2,411,0,0,0,600,2,1,1,1,4,1,2,1,0,5,0,1,2,0,,5,13.0,11,3.0,0.0,1.0,0.0,1.0,1.0,100,2.0,1.0,1.0,,,"-744151,139","-1041877,355","-744151,443","-1041876,541",PRAHA6HradËany,DEJVICK›TUNEL,,uzel,,,,,,,,,1
2100191355,5,,2019-01-27,0,1745,3,0,2,2,1,2,502,0,0,0,2050,2,1,1,1,4,1,3,1,0,0,0,1,1,0,,3,4.0,15,3.0,0.0,1.0,0.0,1.0,1.0,2000,2.0,1.0,1.0,,,"-744173,731","-1052115,566","-744174,950","-1052112,232",PRAHA4Mod¯any,GENER¡LAäIäKY,,sledovan·komunikace,,,,,,,,,1
2100191356,5,,2019-01-27,0,2560,2,0,0,2,1,0,516,0,0,0,20,2,1,1,1,1,1,2,1,0,0,0,1,2,0,,17,,XX,,,,,,,0,,,,,,"-746490,520","-1042895,932","-746489,611","-1042891,534",PRAHA6B¯evnov,BÃLOHORSK¡,,sledovan·komunikace,,,,,,,,,1
2100191357,5,,2019-01-27,0,1905,3,0,4,2,1,2,205,0,0,0,800,2,1,1,1,4,1,6,1,0,0,0,3,1,0,,3,48.0,16,1.0,0.0,1.0,0.0,1.0,3.0,600,2.0,1.0,1.0,,,"-751546,452","-1041062,814","-751545,137","-1041063,593",PRAHA6RuzynÏ,PRAéSK›OKRUH,,uzel,,,,,,,,,1
2100191358,5,,2019-01-27,0,1905,1,4,0,2,1,2,503,0,0,0,800,2,1,1,1,4,1,3,1,0,0,0,1,2,0,,3,39.0,05,1.0,0.0,0.0,0.0,1.0,1.0,300,2.0,1.0,1.0,,,"-733831,257","-1042085,067","-733831,264","-1042085,218",PRAHA9,PodÏbradsk·,,mÌstnÌkomunikace,,3101668.0,,Souhlasn˝sesmÏrem˙seku,Pomal˝,554782.0,465879.0,GN_V0.1UIR-ADR_410,1
2100191359,5,,2019-01-27,0,2560,3,0,9,2,1,0,516,0,0,0,500,0,1,1,1,2,1,2,7,0,5,2,1,1,0,,17,,XX,,,,,,,0,,,,,,"-736894,600","-1044916,568","-736894,541","-1044915,189",PRAHA10,»ERNOKOSTELECK¡,,uzel,,,,,,,,,1
2100191360,6,,2019-01-27,0,2030,2,0,0,2,1,2,504,0,0,0,60,2,1,1,1,4,1,1,1,0,0,0,1,2,0,,3,31.0,01,1.0,0.0,0.0,0.0,1.0,5.0,10,2.0,1.0,1.0,,,"-741961,302","-1046000,467","-741960,816","-1045998,035",PRAHA4Nusle,N¡M.GENER¡LAKUTLVAäRA,,mÌstnÌkomunikace,,,,,,,,,1
2100191361,6,,2019-01-27,0,2560,3,0,2,2,1,0,516,0,0,0,50,2,3,1,1,1,1,1,1,0,0,0,1,1,0,,17,,XX,,,,,,,0,,,,,,"-737881,453","-1037144,292","-737882,597","-1037146,086",Praha8œ¡BLICE,Mysliveck·,,mÌstnÌkomunikace,,,,,,,,,1
2100191362,5,,2019-01-26,6,1835,1,3,0,2,1,0,411,0,0,0,100,2,1,1,1,4,1,3,1,0,5,0,1,2,0,,3,32.0,09,1.0,0.0,4.0,0.0,1.0,3.0,0,9.0,,,,,"-745944,902","-1042621,672","-745945,018","-1042619,080",PRAHA6B¯evnov,PATO»KOVA,,sledovan·komunikace,,,,,,,,,1
2100191363,6,,2019-01-27,0,2560,3,0,9,2,1,0,516,0,0,0,20,2,1,1,1,1,1,1,1,0,0,0,1,1,0,,17,,XX,,,,,,,0,,,,,,"-737861,238","-1039713,836","-737863,192","-1039713,229",PRAHA8,Teplick·,,mÌstnÌkomunikace,,756393.0,,OpaËn˝kesmÏru˙seku,Pomal˝,554782.0,472034.0,GN_V0.1UIR-ADR_410,1
2100191364,7,,2019-01-27,0,2300,3,0,9,2,1,2,204,0,0,0,700,2,5,1,1,4,1,1,1,0,0,10,1,1,0,,3,39.0,11,3.0,1.0,1.0,0.0,1.0,5.0,400,2.0,1.0,1.0,,,"-752583,010","-1039257,478","-752583,205","-1039257,299",PRAHA6RuzynÏ,KLETIäTI,,sledovan·komunikace,,,,,,,,,1
2100191365,4,,2019-01-27,0,640,3,0,4,2,1,2,508,0,0,0,500,2,3,1,1,1,1,0,1,3,3,0,7,1,19,,3,39.0,10,3.0,0.0,1.0,1.0,1.0,26.0,400,2.0,1.0,1.0,,,"-731648,168","-1050014,394","-731647,492","-1050013,939",PRAHA10,,,uzel,,,,,,,,,1
2100191366,5,,2019-01-28,1,425,2,0,0,2,1,2,203,0,0,0,5900,2,1,1,1,4,1,2,1,0,0,0,1,5,0,,3,39.0,13,3.0,0.0,0.0,0.0,1.0,1.0,2000,2.0,1.0,1.0,,,"-742358,813","-1046215,242","-742357,668","-1046214,48",PRAHA4,5.kvÏtna,,mÌstnÌkomunikace,,288215.0,,Souhlasn˝sesmÏrem˙seku,Pomal˝,554782.0,463698.0,GN_V0.1UIR-ADR_410,1
2100191367,5,,2019-01-28,1,415,1,1,0,2,1,2,501,0,0,0,1100,2,3,1,1,4,1,3,1,0,0,0,1,2,0,,3,47.0,99,1.0,0.0,1.0,0.0,1.0,3.0,200,2.0,1.0,1.0,,,"-749260,711","-1049955,563","-749260,715","-1049955,557",Praha5SLIVENEC,KBARRANDOVU,,sledovan·komunikace,,,,,,,,,1
2100191368,5,,2019-01-28,1,710,1,3,0,2,1,2,411,0,0,0,500,2,1,1,1,2,1,2,1,0,5,0,1,2,0,,3,35.0,10,3.0,0.0,0.0,0.0,1.0,1.0,400,2.0,1.0,1.0,,,"-742362,137","-1044471,436","-742362,679","-1044471,408",PRAHA2Vinohrady,LEGEROVA,,sledovan·komunikace,,,,,,,,,1
2100191369,5,,2019-01-28,1,755,1,3,0,2,1,2,502,0,0,0,1200,2,3,1,1,1,1,0,1,3,3,0,5,2,10,,3,39.0,03,1.0,0.0,1.0,0.0,1.0,1.0,200,2.0,1.0,1.0,,,"-745057,525","-1052298,446","-745063,392","-1052298,898",PRAHA4,DOLNOCHOLUPICK¡,,mÌstnÌkomunikace,,,,,,,,,1
2100191370,8,,2019-01-28,1,800,2,0,0,2,1,2,502,0,0,0,50,2,3,1,1,1,1,1,1,0,0,10,1,2,0,,5,29.0,17,3.0,0.0,1.0,0.0,1.0,5.0,0,2.0,1.0,1.0,,,"-745971,886","-1050379,960","-745966,458","-1050380,814",PRAHA5-VELK¡CHUCHLE,Strakonick·,,mÌstnÌkomunikace,,,,,,,,,1
2100191371,5,,2019-01-28,1,820,1,4,0,2,1,2,503,0,0,0,1000,2,3,1,1,1,1,0,1,3,3,0,4,2,10,,3,32.0,09,3.0,0.0,0.0,0.0,1.0,1.0,400,2.0,1.0,1.0,,,"-747941,543","-1053722,088","-747941,701","-1053721,970",PRAHA5RadotÌn,V›PADOV¡,,sledovan·komunikace,,,,,,,,,1
2100191372,5,,2019-01-28,1,840,1,3,0,2,1,2,203,0,0,0,600,2,3,1,1,1,1,2,1,0,0,0,1,2,0,,5,19.0,15,3.0,0.0,1.0,0.0,1.0,1.0,300,3.0,1.0,1.0,,,"-742567,550","-1047873,383","-742567,183","-1047869,347",PRAHA4,JEREMENKOVA,,sledovan·komunikace,,,,,,,,,1
2100191373,6,,2019-01-25,5,2560,2,0,0,2,1,0,516,0,0,0,100,2,1,1,1,1,1,1,1,0,0,0,1,2,0,,17,,XX,,,,,,,0,,,,,,"-746816,089","-1045023,400","-746818,125","-1045024,374",PRAHA5KoöÌ¯e,NAST¡RCE,,mÌstnÌkomunikace,,,,,,,,,1
2100191374,6,,2019-01-28,1,840,3,0,9,2,1,2,205,0,0,0,600,1,6,1,1,1,1,1,1,0,0,0,3,1,0,,3,13.0,17,1.0,1.0,1.0,0.0,1.0,5.0,500,2.0,1.0,1.0,,,"-737583,189","-1052317,641","-737583,189","-1052314,060",PRAHA4,TUéEBNÕKOV¡,,mÌstnÌkomunikace,,,,,,,,,1
2100191375,5,,2019-01-28,1,840,1,4,0,2,1,2,503,0,0,0,500,2,3,1,1,1,1,3,1,0,0,0,1,2,0,,3,39.0,08,3.0,0.0,1.0,0.0,1.0,1.0,400,3.0,1.0,1.0,,,"-737261,537","-1046762,908","-737262,076","-1046764,656",PRAHA10Z·bÏhlice,äVEHLOVA,,sledovan·komunikace,,,,,,,,,1
2100191376,5,,2019-01-28,1,840,1,4,0,2,1,2,503,0,0,0,5500,2,1,1,1,1,1,2,1,0,0,0,1,2,0,,3,39.0,18,3.0,0.0,1.0,0.0,1.0,1.0,500,2.0,1.0,1.0,,,"-738227,550","-1039627,851","-738230,524","-1039624,429",PRAHA8LibeÚ,LIBERECK¡,,sledovan·komunikace,,,,,,,,,1
2100191377,5,,2019-01-28,1,900,4,0,0,1,2,2,412,0,0,1,20,2,3,1,1,1,1,2,1,0,5,1,1,1,0,,13,0.0,,1.0,0.0,1.0,0.0,1.0,1.0,20,8.0,1.0,1.0,,,"-739942,369","-1048104,950","-739944,210","-1048106,790",PRAHA4Z·bÏhlice,SLIA»SK¡,,sledovan·komunikace,,,,,,,,,1
2100191378,6,,2019-01-28,1,915,1,3,0,2,1,2,204,0,0,0,1200,2,3,1,1,1,1,0,1,3,3,0,5,2,10,,3,39.0,12,1.0,1.0,1.0,0.0,1.0,5.0,400,2.0,1.0,1.0,,,"-739540,783","-1052108,232","-739540,697","-1052107,932",PRAHA4-Kunratice,GOL»OVA,,mÌstnÌkomunikace,,,,,,,,,1
2100191379,5,,2019-01-28,1,940,1,3,0,2,1,2,409,0,0,0,700,2,1,1,1,1,1,2,1,0,5,10,1,2,0,,3,60.0,16,1.0,0.0,1.0,0.0,1.0,5.0,400,2.0,1.0,1.0,,,"-726780,300","-1046232,425","-726779,658","-1046230,666",PRAHA9,STAROKOLÕNSK¡,,sledovan·komunikace,,,,,,,,,1
2100191380,6,,2019-01-25,5,2560,3,0,9,2,1,0,516,0,0,0,60,1,1,2,1,1,1,1,1,0,0,0,1,1,0,,5,26.0,,3.0,0.0,4.0,0.0,1.0,5.0,0,9.0,,,,,"-741045,312","-1043512,091","-741049,053","-1043511,685",PRAHA3éiûkov,KR¡SOVA,,mÌstnÌkomunikace,,,,,,,,,1
2100191381,7,,2019-01-28,1,1025,1,4,0,2,1,2,504,0,0,0,500,2,4,1,1,1,1,1,1,0,0,0,1,2,0,,5,43.0,09,3.0,0.0,1.0,0.0,1.0,5.0,0,3.0,1.0,1.0,,,"-734441,362","-1047884,797","-734441,583","-1047885,325",PRAHA10DolnÌMÏcholupy,UHOSTIVAÿSK…HON¡DRAéÕ,,˙Ëelov·komunikace,,,,,,,,,1