IDENTIFIKA»NÕ »ÕSLO,DRUH POZEMNÕ KOMUNIKACE,»ÕSLO POZEMNÕ KOMUNIKACE,"den, mÏsÌc, rok",,Ëas ,DRUH NEHODY,DRUH SR¡éKY JEDOUCÕCH VOZIDEL,DRUH PEVN… PÿEK¡éKY,CHARAKTER NEHODY,ZAVINÃNÕ NEHODY,ALKOHOL U VINÕKA NEHODY PÿÕTOMEN,HLAVNÕ PÿÕ»INY NEHODY,usmrceno osob,tÏûce zranÏno osob,lehce zranÏno osob,CELKOV¡ HMOTN¡ äKODA,DRUH POVRCHU VOZOVKY,STAV POVRCHU VOZOVKY V DOBÃ NEHODY,STAV KOMUNIKACE,POVÃTRNOSTNÕ PODMÕNKY V DOBÃ NEHODY,VIDITELNOST,ROZHLEDOV… POMÃRY,DÃLENÕ KOMUNIKACE,SITUOV¡NÕ NEHODY NA KOMUNIKACI,ÿÕZENÕ PROVOZU V DOBÃ NEHODY,MÕSTNÕ ⁄PRAVA PÿEDNOSTI V JÕZDÃ,SPECIFICK¡ MÕSTA A OBJEKTY V MÕSTÃ NEHODY,SMÃROV… POMÃRY,PO»ET Z⁄»ASTNÃN›CH VOZIDEL,MÕSTO DOPRAVNÕ NEHODY,DRUH KÿIéUJÕCÕ KOMUNIKACE,DRUH VOZIDLA,V›ROBNÕ ZNA»KA MOTOROV…HO VOZIDLA,ROK V›ROBY VOZIDLA,CHARAKTERISTIKA VOZIDLA ,SMYK,VOZIDLO PO NEHODÃ,"⁄NIK PROVOZNÕCH, PÿEPRAVOVAN›CH HMOT",ZPŸSOB VYPROäTÃNÕ OSOB Z VOZIDLA,SMÃR JÕZDY NEBO POSTAVENÕ VOZIDLA,äKODA NA VOZIDLE,KATEGORIE ÿIDI»E,STAV ÿIDI»E,VNÃJäÕ OVLIVNÃNÕ ÿIDI»E,nan.1,nan.2,nan.3,nan.4,nan.5,nan.6,nan.7,nan.8,nan.9,nan.10,nan.11,nan.12,nan.13,nan.14,nan.15,nan.16,nan.17,nan.18,LOKALITA NEHODY
2100191382,5,,2019-01-28,1,1115,1,3,0,2,1,2,403,0,0,0,1500,2,1,1,1,1,1,0,1,3,3,0,5,2,10,,3,4.0,05,1.0,0.0,1.0,0.0,1.0,3.0,600,2.0,1.0,1.0,,,"-748164,421","-1053850,586","-748164,440","-1053850,580",PRAHA5-RadotÌn,V›PADOV¡,,sledovan·komunikace,,,,,,,,,1
2100191383,5,,2019-01-28,1,1107,1,4,0,2,1,2,503,0,0,0,300,2,1,1,1,1,1,2,1,0,0,0,1,2,0,,5,35.0,18,3.0,0.0,1.0,0.0,1.0,1.0,100,3.0,1.0,1.0,,,"-743631,560","-1041782,006","-743621,821","-1041780,025",PRAHA6,BADENIHO,,uzel,,,,,,,,,1
2100191384,6,,2019-01-27,0,1300,2,0,0,2,1,0,508,0,0,0,60,2,1,1,1,1,1,1,1,0,0,0,1,2,0,,3,47.0,02,1.0,0.0,1.0,0.0,1.0,5.0,10,2.0,1.0,1.0,,,"-739115,703","-1049148,044","-739115,718","-1049146,537",PRAHA4,BAB¡KOVA,,mÌstnÌkomunikace,,,,,,,,,1
2100191385,5,,2019-01-28,1,1105,1,3,0,2,1,0,501,0,0,0,400,2,1,1,1,1,1,2,1,0,0,0,1,2,0,,17,,XX,,,,,,,0,,,,,,"-739104,314","-1040837,494","-739104,326","-1040837,556",PRAHA8LibeÚ,POVLTAVSK¡,,sledovan·komunikace,,,,,,,,,1
2100191386,6,,2019-01-28,1,2560,2,0,0,2,1,0,516,0,0,0,500,2,1,1,1,1,1,1,1,0,0,0,1,2,0,,17,,XX,,,,,,,0,,,,,,"-737483,570","-1041515,708","-737487,424","-1041517,188",PRAHA9LibeÚ,USKL¡DKY,,mÌstnÌkomunikace,,,,,,,,,1
2100191387,5,,2019-01-28,1,2560,3,0,9,2,1,0,516,0,0,0,100,2,1,1,1,1,1,2,1,0,0,0,1,1,0,,17,,XX,,,,,,,0,,,,,,"-744051,573","-1043254,930","-744059,680","-1043254,311",PRAHA1Mal·Strana,⁄JEZD,,sledovan·komunikace,,,,,,,,,1
2100191388,6,,2019-01-25,5,1045,2,0,0,2,1,0,516,0,0,0,50,2,1,1,1,1,1,1,1,0,0,0,1,2,0,,3,39.0,08,1.0,0.0,4.0,0.0,1.0,5.0,0,9.0,,,,,"-744406,309","-1041501,360","-744406,200","-1041503,432",PRAHA6Dejvice,KAFKOVA,,mÌstnÌkomunikace,,,,,,,,,1
2100191389,5,,2019-01-28,1,1300,1,4,0,2,1,2,503,0,0,0,600,2,1,1,1,1,1,2,1,0,0,0,1,2,0,,3,26.0,14,3.0,0.0,1.0,0.0,1.0,1.0,500,2.0,1.0,1.0,,,"-741354,919","-1051519,617","-741353,381","-1051519,053",PRAHA4Libuö,LIBUäSK¡,,sledovan·komunikace,,,,,,,,,1
2100191390,5,,2019-01-28,1,1255,4,0,0,1,3,0,100,0,1,0,0,2,1,1,1,1,1,3,7,0,5,1,1,1,0,,10,0.0,,5.0,0.0,0.0,0.0,1.0,1.0,0,8.0,1.0,1.0,,,"-751583,767","-1044235,933","-751584,892","-1044242,432",PRAHA17(ÿEPY)ÿepy,MAKOVSK…HO,,sledovan·komunikace,,,,,,,,,1
2100191391,8,,2019-01-28,1,2560,2,0,0,2,1,0,516,0,0,0,150,2,1,1,1,1,1,1,1,0,0,10,1,2,0,,17,,XX,,,,,,,0,,,,,,"-748746,667","-1043297,381","-748748,728","-1043287,978",PRAHA6B¯evnov,BÃLOHORSK¡,,mÌstnÌkomunikace,,,,,,,,,1
2100191392,5,,2019-01-28,1,1250,2,0,0,2,1,2,502,0,0,0,300,1,1,1,1,1,1,2,1,0,0,0,1,2,0,,3,47.0,00,2.0,0.0,1.0,0.0,1.0,1.0,100,3.0,1.0,1.0,,,"-740557,686","-1044556,670","-740557,811","-1044559,043",PRAHA3,SLEZSK¡,,sledovan·komunikace,,,,,,,,,1
2100191393,6,,2019-01-28,1,1325,2,0,0,2,1,2,504,0,0,0,100,2,1,1,1,1,1,1,1,0,0,0,1,2,0,,5,32.0,17,3.0,0.0,1.0,0.0,1.0,5.0,0,2.0,1.0,1.0,,,"-736965,171","-1039663,096","-736964,775","-1039662,790",PRAHA9,»ESKOLIPSK¡,,mÌstnÌkomunikace,,,,,,,,,1
2100191394,5,,2019-01-01,2,2560,2,0,0,2,1,0,516,0,0,0,400,2,1,1,1,1,1,5,1,0,0,0,1,2,0,,17,,XX,,,,,,,0,,,,,,"-741959,834","-1042872,540","-741959,095","-1042876,178",PRAHA1NovÈMÏsto,NAPOÿÕ»Õ,,uzel,,,,,,,,,1
2100191395,8,,2019-01-25,5,2560,3,0,9,2,1,0,516,0,0,0,400,2,1,1,1,1,1,1,1,0,0,10,1,1,0,,17,,XX,,,,,,,0,,,,,,"-750367,712","-1046644,867","-750363,710","-1046644,467",PRAHA5(STODŸLKY),UJEZERA,,mÌstnÌkomunikace,,,,,,,,,1
2100191396,6,,2019-01-10,4,1860,2,0,0,2,1,0,516,0,0,0,50,2,1,1,1,1,1,1,3,0,0,0,1,2,0,,17,,XX,,,,,,,0,,,,,,"-750795,460","-1045833,612","-750799,364","-1045834,728",PRAHA13Stod˘lky,CHALABALOVA,,mÌstnÌkomunikace,,,,,,,,,1
2100191397,8,,2019-01-28,1,1460,2,0,0,2,1,0,516,0,0,0,200,1,1,1,1,1,1,1,1,0,0,10,1,2,0,,3,39.0,17,1.0,0.0,4.0,0.0,1.0,5.0,0,9.0,,,,,"-741740,198","-1047607,451","-741745,007","-1047611,370",PRAHA4Michle,BUDÃJOVICK¡,,sledovan·komunikace,,,,,,,,,1
2100191398,6,,2019-01-28,1,1400,1,2,0,2,1,2,410,0,0,0,600,2,1,1,1,1,1,1,1,0,5,0,1,2,0,,3,39.0,18,3.0,0.0,0.0,0.0,1.0,5.0,200,2.0,1.0,1.0,,,"-741541,255","-1044705,331","-741541,669","-1044705,276",PRAHA2Vinohrady,BUDE»SK¡,,mÌstnÌkomunikace,,,,,,,,,1
2100191399,6,,2019-01-28,1,1460,3,0,3,2,1,0,516,0,0,0,1500,2,1,1,1,1,1,1,1,0,0,0,1,1,0,,3,48.0,18,1.0,0.0,4.0,0.0,1.0,5.0,1500,9.0,,,,,"-746210,918","-1048628,125","-746209,710","-1048626,284",PRAHA5,SLAVÕNSK…HO,,mÌstnÌkomunikace,,,,,,,,,1
2100191400,6,,2019-01-27,0,2560,2,0,0,2,1,0,516,0,0,0,400,2,1,1,1,1,1,1,1,0,0,0,1,2,0,,17,,XX,,,,,,,0,,,,,,"-742531,238","-1041504,055","-742530,447","-1041503,939",PRAHA7-HOLEäOVICE,ämeralova,,mÌstnÌkomunikace,,266798.0,,Souhlasn˝sesmÏrem˙seku,Pomal˝,554782.0,471330.0,GN_V0.1UIR-ADR_410,1
2100191401,5,,2019-01-28,1,1360,2,0,0,2,1,0,504,0,0,0,200,2,1,1,1,1,1,2,1,0,0,0,1,2,0,,3,47.0,07,3.0,0.0,0.0,0.0,1.0,1.0,0,2.0,1.0,1.0,,,"-742122,169","-1043623,773","-742124,176","-1043622,191",PRAHA1NovÈMÏsto,OPLETALOVA,,sledovan·komunikace,,,,,,,,,1
2100191402,5,,2019-01-28,1,1450,1,3,0,2,1,2,405,0,0,0,1400,2,1,1,1,1,1,0,1,2,0,0,4,2,10,,3,39.0,17,3.0,0.0,1.0,0.0,1.0,1.0,1000,2.0,1.0,1.0,,,"-742447,708","-1050307,019","-742449,093","-1050309,468",PRAHA4Lhotka,NOVODVORSK¡,,uzel,,,,,,,,,1
2100191403,6,,2019-01-28,1,1330,1,4,0,2,1,2,503,0,0,0,700,2,1,1,1,1,1,1,1,0,0,0,1,2,0,,3,35.0,03,1.0,0.0,1.0,0.0,1.0,5.0,100,2.0,1.0,1.0,,,"-745700,922","-1049787,250","-745698,687","-1049786,795",PRAHA5-VELK¡CHUCHLE,ZBRASLAVSK¡,,uzel,,,,,,,,,1
2100191404,5,,2019-01-28,1,2560,2,0,0,2,1,0,516,0,0,0,100,2,1,1,1,1,1,2,1,0,0,0,1,2,0,,17,,XX,,,,,,,0,,,,,,"-752067,114","-1039434,592","-752071,833","-1039435,594",PRAHA6RuzynÏ,KLETIäTI,,sledovan·komunikace,,,,,,,,,1
2100191405,5,,2019-01-28,1,1505,1,2,0,2,1,2,409,0,0,0,1500,2,2,1,1,1,1,2,1,0,5,10,1,2,0,,3,4.0,13,3.0,0.0,1.0,0.0,1.0,5.0,900,2.0,1.0,1.0,,,"-740298,120","-1046851,124","-740297,606","-1046848,128",PRAHA4Michle,UPLYN¡RNY,,sledovan·komunikace,,,,,,,,,1
2100191406,5,,2019-01-28,1,1420,3,0,1,2,1,2,502,0,0,0,400,2,1,1,1,1,1,2,1,0,0,0,1,1,0,,7,48.0,18,3.0,0.0,1.0,0.0,1.0,1.0,200,3.0,1.0,1.0,,,"-744653,499","-1044951,810","-744658,760","-1044951,191",PRAHA5SmÌchov,USANTOäKY,,sledovan·komunikace,,,,,,,,,1
2100191407,6,,2019-01-26,6,2260,2,0,0,2,1,0,516,0,0,0,150,2,1,1,1,4,1,0,1,3,3,0,5,2,10,,17,,XX,,,,,,,0,,,,,,"-734198,805","-1049214,713","-734195,619","-1049214,888",PRAHA15(HORNÕMÃCHOLUPY)HornÌMÏcholupy,NN3507,,mÌstnÌkomunikace,,,,,,,,,1
2100191408,4,,2019-01-28,1,1715,1,4,0,2,1,2,504,0,0,0,300,2,1,1,1,2,1,0,1,3,3,0,4,2,19,,3,26.0,12,1.0,0.0,1.0,0.0,1.0,14.0,200,3.0,1.0,1.0,,,"-735510,118","-1040510,148","-735510,971","-1040510,345",PRAHA9VysoËany,,,uzel,,,,,,,,,1
2100191409,6,,2019-01-28,1,2560,2,0,0,2,1,0,516,0,0,0,100,2,1,1,1,1,1,1,1,0,0,0,1,2,0,,17,,XX,,,,,,,0,,,,,,"-738055,594","-1046271,931","-738055,594","-1046271,931",PRAHA10Straönice,VKorytech,,mÌstnÌkomunikace,,,,,,,,,1
2100191410,4,,2019-01-28,1,1800,1,4,0,2,1,2,503,0,0,0,300,2,1,1,1,4,1,0,1,3,3,0,6,2,19,,5,13.0,14,3.0,0.0,0.0,0.0,1.0,83.0,200,3.0,1.0,1.0,,,"-741055,630","-1048976,553","-741055,544","-1048977,087",PRAHA4Michle,VÕDE“SK¡,,uzel,,,,,,,,,1
2100191411,6,,2019-01-25,5,1700,2,0,0,2,1,0,516,0,0,0,300,2,1,1,1,2,1,1,1,0,0,0,1,2,0,,17,,XX,,,,,,,0,,,,,,"-734850,372","-1037012,619","-734850,245","-1037012,638",Praha9»akovice,KESTADIONU,,mÌstnÌkomunikace,,,,,,,,,1
2100191412,5,,2019-01-28,1,1740,4,0,0,1,1,2,412,0,0,1,0,2,1,1,1,4,1,0,1,3,3,1,5,1,10,,3,60.0,18,1.0,0.0,1.0,0.0,1.0,1.0,0,2.0,1.0,1.0,,,"-739515,738","-1041686,421","-739512,959","-1041683,275",PRAHA8LibeÚ,äTORCHOVA,,uzel,,,,,,,,,1
2100191413,8,,2019-01-28,1,1700,3,0,2,2,1,2,508,0,0,0,1520,3,1,1,1,4,1,2,1,0,0,10,1,1,0,,3,26.0,18,3.0,0.0,1.0,0.0,1.0,5.0,1500,2.0,1.0,1.0,,,"-741967,400","-1043680,892","-741964,919","-1043682,351",PRAHA1NovÈMÏsto,WILSONOVA,,uzel,,,,,,,,,1
2100191414,6,,2019-01-28,1,1845,2,0,0,2,1,2,502,0,0,0,100,2,1,1,1,4,1,1,1,0,0,0,1,2,0,,5,32.0,16,3.0,0.0,1.0,0.0,1.0,5.0,50,3.0,1.0,1.0,,,"-747081,314","-1048163,336","-747081,369","-1048163,671",PRAHA5-HLUBO»EPY,LamaËova,,mÌstnÌkomunikace,,2773436.0,,Souhlasn˝sesmÏrem˙seku,Pomal˝,554782.0,502618.0,GN_V0.1UIR-ADR_410,1
2100191415,6,,2019-01-21,1,2560,2,0,0,2,1,0,516,0,0,0,200,2,1,1,1,1,1,1,1,0,0,0,1,2,0,,17,,XX,,,,,,,0,,,,,,"-737207,163","-1040307,180","-737208,136","-1040303,937",PRAHA9Prosek,LITOMÃÿICK¡,,mÌstnÌkomunikace,,,,,,,,,1
2100191416,6,,2019-01-28,1,1940,2,0,0,2,1,2,502,0,0,0,400,2,1,1,1,4,1,1,1,0,0,0,1,2,0,,5,13.0,93,1.0,0.0,1.0,0.0,1.0,5.0,100,2.0,1.0,1.0,,,"-742192,087","-1051254,845","-742190,167","-1051254,285",PRAHA4Kam˝k,PäEN»ÕKOVA,,mÌstnÌkomunikace,,,,,,,,,1
2100191417,5,,2019-01-28,1,2560,2,0,0,2,1,0,516,0,0,0,10,2,1,1,1,1,1,2,1,0,0,0,1,2,0,,3,16.0,08,1.0,0.0,4.0,0.0,1.0,1.0,0,9.0,,,,,"-742045,103","-1041763,165","-742045,681","-1041764,626",PRAHA7Holeöovice,MILADYHOR¡KOV…,,sledovan·komunikace,,,,,,,,,1
2100191418,6,,2019-01-28,1,2560,2,0,0,2,1,0,516,0,0,0,20,2,1,1,1,1,1,1,1,0,0,0,1,2,0,,3,60.0,06,1.0,0.0,4.0,0.0,1.0,5.0,0,9.0,,,,,"-742682,433","-1044435,056","-742683,553","-1044435,160",PRAHA2NovÈMÏsto,KEKARLOVU,,mÌstnÌkomunikace,,,,,,,,,1
2100191419,4,,2019-01-28,1,2125,8,3,0,2,1,0,401,0,0,0,500,2,1,1,1,4,1,0,7,2,0,0,4,2,19,,3,23.0,17,3.0,0.0,4.0,0.0,1.0,73.0,200,9.0,,,,,"-742300,671","-1042508,817","-742300,667","-1042508,558",PRAHA1NovÈMÏsto,LANNOVA-REVOLU»NÕ,,uzel,,,,,,,,,1
2100191420,5,,2019-01-28,1,1340,2,0,0,2,1,2,504,0,0,0,200,2,1,1,1,1,1,2,1,0,0,0,1,2,0,,3,47.0,15,3.0,0.0,1.0,0.0,1.0,1.0,100,2.0,1.0,1.0,,,"-741328,672","-1044226,397","-741328,692","-1044228,248",PRAHA2Vinohrady,POLSK¡,,sledovan·komunikace,,,,,,,,,1
2100191421,6,,2019-01-29,2,415,9,0,0,2,1,2,205,0,0,0,1200,2,1,1,1,4,1,1,1,0,0,0,3,1,0,,3,39.0,13,3.0,0.0,1.0,0.0,1.0,5.0,1200,2.0,1.0,1.0,,,"-749727,325","-1056263,445","-749728,864","-1056264,556",LIPENCELipence,»ERNOäICK¡,,mÌstnÌkomunikace,,,,,,,,,1
2100191422,4,,2019-01-29,2,650,1,3,0,2,1,2,410,0,0,0,1000,2,1,1,1,4,1,0,1,2,0,0,6,2,19,,3,47.0,09,1.0,0.0,1.0,0.0,1.0,46.0,600,2.0,1.0,1.0,,,"-744517,672","-1044427,540","-744517,484","-1044428,110",PRAHA5SmÌchov,Kartouzsk·,,uzel,,,,,,,,,1
2100191423,4,,2019-01-29,2,750,3,0,9,2,1,2,508,0,0,0,600,2,1,1,1,1,1,0,1,2,0,2,6,1,19,,3,17.0,08,1.0,0.0,1.0,0.0,1.0,31.0,500,3.0,1.0,1.0,,,"-739459,828","-1043191,037","-739457,798","-1043190,621",PRAHA3éiûkov,JANAéELIVSK…HO,,uzel,,,,,,,,,1
2100191424,8,,2019-01-29,2,730,1,4,0,2,1,2,503,0,0,0,300,2,1,1,1,2,1,1,1,0,0,10,1,2,0,,3,39.0,12,1.0,0.0,1.0,0.0,1.0,5.0,200,3.0,1.0,1.0,,,"-740984,531","-1050420,406","-740984,406","-1050420,371",PRAHA4KrË,VÕDE“SK¡,,sledovan·komunikace,,,,,,,,,1
2100191425,6,,2019-01-29,2,800,1,2,0,2,1,2,408,0,0,0,1400,2,1,1,1,1,1,1,1,0,5,0,1,2,0,,3,26.0,18,1.0,0.0,0.0,0.0,1.0,5.0,600,2.0,1.0,1.0,,,"-735393,310","-1040470,929","-735396,313","-1040463,949",PRAHA9VysoËany,MLADOBOLESLAVSK¡,,sledovan·komunikace,,,,,,,,,1
2100191426,5,,2019-01-29,2,730,5,0,0,2,4,0,100,0,0,0,200,2,1,1,1,2,1,3,1,0,0,0,1,1,0,,3,5.0,08,1.0,0.0,1.0,0.0,1.0,1.0,200,2.0,1.0,1.0,,,"-746752,832","-1039464,434","-746752,417","-1039464,606",PRAHA6DEJVICE,HOROMÃÿICK¡,,sledovan·komunikace,,,,,,,,,1
2100191427,6,,2019-01-29,2,840,1,2,0,2,1,2,502,0,0,0,1400,2,1,1,1,1,1,1,1,0,0,0,1,2,0,,3,35.0,12,1.0,0.0,1.0,0.0,1.0,5.0,400,2.0,1.0,1.0,,,"-740294,783","-1040864,274","-740297,524","-1040861,450",PRAHA7-Holeöovice,PÿÕVOZNÕ,,mÌstnÌkomunikace,,,,,,,,,1
2100191428,5,,2019-01-29,2,840,1,3,0,2,1,2,403,0,0,0,2300,2,1,1,1,1,1,0,1,3,3,0,5,2,10,,3,26.0,17,3.0,0.0,1.0,0.0,1.0,5.0,1500,2.0,1.0,1.0,,,"-748109,376","-1043495,878","-748109,353","-1043499,045",PRAHA6B¯evnov,KUKULOVA,,sledovan·komunikace,,,,,,,,,1
2100191429,5,,2019-01-29,2,930,1,4,0,2,1,2,410,0,0,0,400,2,1,1,1,1,1,2,1,0,5,0,1,2,0,,3,39.0,15,1.0,0.0,0.0,0.0,1.0,1.0,200,3.0,1.0,1.0,,,"-740624,924","-1041834,608","-740624,030","-1041835,512",PRAHA7Holeöovice,JATE»NÕ,,sledovan·komunikace,,,,,,,,,1
2100191430,8,,2019-01-29,2,948,1,4,0,2,1,2,503,0,0,0,250,2,1,1,1,1,1,1,1,0,0,10,1,2,0,,3,2.0,13,1.0,0.0,0.0,0.0,1.0,5.0,150,2.0,1.0,1.0,,,"-741577,542","-1050936,178","-741577,252","-1050937,357",PRAHA4KrË,Libuösk·,,˙Ëelov·komunikace,,,,,,,,,1
2100191431,6,,2019-01-29,2,924,2,0,0,2,1,2,508,0,0,0,200,2,1,1,1,1,1,1,1,0,0,0,1,2,0,,5,4.0,08,3.0,0.0,1.0,0.0,1.0,5.0,100,3.0,1.0,1.0,,,"-745922,648","-1045584,446","-745923,826","-1045582,548",PRAHA5Radlice,NAFARK¡NÃI,,mÌstnÌkomunikace,,,,,,,,,1
2100191432,5,,2019-01-29,2,955,1,4,0,2,1,2,503,0,0,0,950,2,1,1,1,1,1,2,1,0,0,0,1,3,0,,5,64.0,10,1.0,0.0,1.0,0.0,1.0,1.0,100,3.0,1.0,1.0,,,"-747742,853","-1046650,449","-747742,082","-1046648,212",PRAHA5Jinonice,RADLICK¡,,sledovan·komunikace,,,,,,,,,1
2100191433,5,,2019-01-29,2,1021,3,0,9,2,1,2,508,0,0,0,400,2,1,1,1,1,1,2,1,0,0,0,1,1,0,,3,44.0,09,1.0,0.0,1.0,0.0,1.0,1.0,300,2.0,1.0,1.0,,,"-729613,356","-1041884,069","-729613,221","-1041885,192",PRAHA9-HORNÕPO»ERNICE,N¡CHODSK¡xBystr·,,uzel,,,,,,,,,1
2100191434,6,,2019-01-29,2,1020,1,4,0,2,1,0,503,0,0,0,200,2,1,1,1,1,1,1,1,0,0,0,1,2,0,,17,,XX,,,,,,,0,,,,,,"-745266,408","-1055426,738","-745267,597","-1055426,837",PRAHA4MODÿANY,BRANIäOVSK¡,,mÌstnÌkomunikace,,,,,,,,,1
2100191435,6,,2019-01-29,2,1025,3,0,3,2,1,2,508,0,0,0,100,2,1,1,1,1,1,1,1,0,0,0,1,1,0,,3,17.0,18,3.0,0.0,1.0,0.0,1.0,5.0,100,2.0,1.0,1.0,,,"-738925,797","-1041590,970","-738923,228","-1041594,782",PRAHA8-LibeÚ,VOJENOVA,,mÌstnÌkomunikace,,,,,,,,,1
2100191436,5,,2019-01-29,2,1040,1,4,0,2,1,2,503,0,0,0,400,2,1,1,1,1,1,2,1,0,0,0,1,2,0,,3,60.0,17,1.0,0.0,1.0,0.0,1.0,1.0,200,2.0,1.0,1.0,,,"-739741,595","-1045491,205","-739741,166","-1045493,541",PRAHA10Vröovice,VRäOVICK¡,,uzel,,,,,,,,,1
2100191437,6,,2019-01-27,0,2560,2,0,0,2,1,0,516,0,0,0,100,2,1,1,1,1,1,1,1,0,0,0,1,2,0,,17,,XX,,,,,,,0,,,,,,"-736624,069","-1050625,063","-736623,401","-1050625,035",PRAHA4,METODÃJOVA,,mÌstnÌkomunikace,,,,,,,,,1
2100191438,6,,2019-01-29,2,1105,2,0,0,2,1,2,502,0,0,0,220,1,1,1,1,1,1,1,1,0,0,0,1,2,0,,5,10.0,06,3.0,0.0,1.0,0.0,1.0,5.0,20,3.0,1.0,1.0,,,"-736154,406","-1042804,571","-736154,392","-1042804,541",PRAHA9HRDLOÿEZY,,,mÌstnÌkomunikace,,,,,,,,,1
2100191439,6,,2019-01-29,2,1055,2,0,0,2,1,2,502,0,0,0,800,1,1,1,1,1,1,1,1,0,0,0,1,2,0,,3,47.0,17,9.0,0.0,0.0,0.0,1.0,5.0,600,2.0,1.0,1.0,,,"-742001,910","-1044902,865","-742002,091","-1044902,407",PRAHA2Vinohrady,Z¡HÿEBSK¡,,mÌstnÌkomunikace,,,,,,,,,1
2100191440,5,,2019-01-29,2,1055,1,2,0,1,1,0,411,0,0,1,200,2,1,1,1,1,1,2,1,0,5,0,1,2,0,,17,,XX,,,,,,,0,,,,,,"-742278,170","-1048262,878","-742278,412","-1048262,810",PRAHA4KrË,NASTRéI,,sledovan·komunikace,,,,,,,,,1
2100191441,6,,2019-01-29,2,1205,2,0,0,2,1,2,502,0,0,0,1100,2,1,1,1,1,1,1,1,0,0,0,1,2,0,,3,39.0,08,1.0,0.0,1.0,0.0,1.0,5.0,300,2.0,1.0,1.0,,,"-743402,080","-1047734,645","-743402,289","-1047734,810",PRAHA4-PodolÌ,JEREMENKOVA,,sledovan·komunikace,,,,,,,,,1
2100191442,6,,2019-01-29,2,1200,2,0,0,2,1,2,502,0,0,0,300,2,1,1,1,1,1,1,1,0,0,0,1,2,0,,3,39.0,10,1.0,0.0,0.0,0.0,1.0,5.0,150,2.0,1.0,1.0,,,"-743306,219","-1044115,828","-743304,495","-1044115,996",PRAHA2NovÈMÏsto,NAZDERAZE,,mÌstnÌkomunikace,,,,,,,,,1
2100191443,8,,2019-01-29,2,1125,3,0,9,2,1,2,508,0,0,0,900,2,1,1,1,1,1,1,1,0,0,10,1,1,0,,7,26.0,18,9.0,0.0,1.0,0.0,1.0,5.0,0,3.0,1.0,1.0,,,"-734151,626","-1046513,036","-734154,033","-1046515,243",PRAHA10,KUTNOHORSK¡,,sledovan·komunikace,,,,,,,,,1
2100191444,5,,2019-01-29,2,1213,1,2,0,2,1,2,411,0,0,0,3000,2,1,1,1,1,1,0,1,3,3,0,4,2,10,,5,32.0,15,3.0,0.0,1.0,0.0,1.0,1.0,1000,2.0,1.0,1.0,,,"-742516,072","-1038591,380","-742515,830","-1038593,164",PRAHA8Troja,LODéSK¡,,sledovan·komunikace,,,,,,,,,1
2100191445,5,,2019-01-29,2,1250,1,2,0,2,1,2,502,0,0,0,100,2,1,1,1,1,1,2,1,0,0,0,1,2,0,,5,26.0,15,3.0,0.0,1.0,0.0,1.0,3.0,100,2.0,1.0,1.0,,,"-738326,465","-1045466,241","-738327,025","-1045466,573",PRAHA10Straönice,PRŸBÃéN¡,,sledovan·komunikace,,,,,,,,,1
2100191446,6,,2019-01-29,2,1304,2,0,0,2,1,2,502,0,0,0,200,2,1,1,1,1,1,1,1,0,0,0,1,2,0,,3,47.0,00,1.0,0.0,0.0,0.0,1.0,5.0,100,2.0,1.0,1.0,,,"-742995,882","-1043477,888","-742996,049","-1043477,295",PRAHA1StarÈMÏsto,MARTINSK¡,,mÌstnÌkomunikace,,,,,,,,,1
2100191447,5,,2019-01-29,2,1330,1,4,0,2,1,2,503,0,0,0,150,2,1,1,1,1,1,1,1,0,0,0,1,2,0,,3,13.0,11,1.0,0.0,1.0,0.0,1.0,1.0,0,2.0,1.0,1.0,,,"-748994,132","-1043836,930","-748996,866","-1043834,717",PRAHA5Motol,KUKULOVA,,sledovan·komunikace,,,,,,,,,1
2100191448,5,,2019-01-29,2,1328,1,4,0,2,1,2,503,0,0,0,800,2,1,1,1,1,1,4,1,0,0,0,1,3,0,,8,59.0,04,5.0,0.0,1.0,0.0,1.0,1.0,300,4.0,1.0,1.0,,,"-738418,350","-1049270,446","-738420,048","-1049271,745",PRAHA4-Chodov,T‹RKOVA,,sledovan·komunikace,,,,,,,,,1
2100191449,5,,2019-01-29,2,1255,2,0,0,2,1,2,508,0,0,0,60,2,1,1,1,1,1,2,1,0,0,0,1,2,0,,3,26.0,15,3.0,0.0,1.0,0.0,1.0,1.0,10,2.0,1.0,1.0,,,"-739893,559","-1045227,238","-739893,803","-1045224,087",PRAHA10Vröovice,28.PLUKU,,sledovan·komunikace,,,,,,,,,1
2100191450,5,,2019-01-29,2,1415,2,0,0,2,1,2,502,0,0,0,600,2,1,1,1,1,1,2,1,0,0,0,1,2,0,,3,17.0,17,1.0,0.0,0.0,0.0,1.0,1.0,400,4.0,1.0,1.0,,,"-740087,826","-1043268,626","-740088,150","-1043267,178",PRAHA3éiûkov,KONÃVOVA,,sledovan·komunikace,,,,,,,,,1
2100191451,6,,2019-01-29,2,1404,2,0,0,2,1,2,502,0,0,0,20,2,1,1,1,1,1,1,1,0,0,0,1,2,0,,3,48.0,00,1.0,0.0,1.0,0.0,1.0,5.0,0,2.0,1.0,1.0,,,"-740955,990","-1044849,132","-740956,113","-1044850,119",PRAHA10,HRADEäÕNSK¡,,mÌstnÌkomunikace,,,,,,,,,1
2100191452,4,,2019-01-29,2,1450,1,2,0,1,1,2,405,0,0,1,1600,2,1,1,1,1,1,0,1,2,0,0,6,2,19,,3,35.0,08,1.0,0.0,0.0,0.0,1.0,57.0,800,2.0,1.0,1.0,,,"-737289,249","-1043269,791","-737286,520","-1043268,699",PRAHA3,SPOJOVACÕ,,uzel,,,,,,,,,1
2100191453,6,,2019-01-29,2,1430,2,0,0,2,1,2,508,0,0,0,400,2,1,1,1,1,1,1,1,0,0,0,1,2,0,,3,17.0,13,3.0,0.0,1.0,0.0,1.0,5.0,300,2.0,1.0,1.0,,,"-745254,471","-1052080,963","-745254,507","-1052075,551",PRAHA4MODÿANY,UKINA,,mÌstnÌkomunikace,,,,,,,,,1