IDENTIFIKA»NÕ »ÕSLO,DRUH POZEMNÕ KOMUNIKACE,»ÕSLO POZEMNÕ KOMUNIKACE,"den, mÏsÌc, rok",,Ëas ,DRUH NEHODY,DRUH SR¡éKY JEDOUCÕCH VOZIDEL,DRUH PEVN… PÿEK¡éKY,CHARAKTER NEHODY,ZAVINÃNÕ NEHODY,ALKOHOL U VINÕKA NEHODY PÿÕTOMEN,HLAVNÕ PÿÕ»INY NEHODY,usmrceno osob,tÏûce zranÏno osob,lehce zranÏno osob,CELKOV¡ HMOTN¡ äKODA,DRUH POVRCHU VOZOVKY,STAV POVRCHU VOZOVKY V DOBÃ NEHODY,STAV KOMUNIKACE,POVÃTRNOSTNÕ PODMÕNKY V DOBÃ NEHODY,VIDITELNOST,ROZHLEDOV… POMÃRY,DÃLENÕ KOMUNIKACE,SITUOV¡NÕ NEHODY NA KOMUNIKACI,ÿÕZENÕ PROVOZU V DOBÃ NEHODY,MÕSTNÕ ⁄PRAVA PÿEDNOSTI V JÕZDÃ,SPECIFICK¡ MÕSTA A OBJEKTY V MÕSTÃ NEHODY,SMÃROV… POMÃRY,PO»ET Z⁄»ASTNÃN›CH VOZIDEL,MÕSTO DOPRAVNÕ NEHODY,DRUH KÿIéUJÕCÕ KOMUNIKACE,DRUH VOZIDLA,V›ROBNÕ ZNA»KA MOTOROV…HO VOZIDLA,ROK V›ROBY VOZIDLA,CHARAKTERISTIKA VOZIDLA ,SMYK,VOZIDLO PO NEHODÃ,"⁄NIK PROVOZNÕCH, PÿEPRAVOVAN›CH HMOT",ZPŸSOB VYPROäTÃNÕ OSOB Z VOZIDLA,SMÃR JÕZDY NEBO POSTAVENÕ VOZIDLA,äKODA NA VOZIDLE,KATEGORIE ÿIDI»E,STAV ÿIDI»E,VNÃJäÕ OVLIVNÃNÕ ÿIDI»E,nan.1,nan.2,nan.3,nan.4,nan.5,nan.6,nan.7,nan.8,nan.9,nan.10,nan.11,nan.12,nan.13,nan.14,nan.15,nan.16,nan.17,nan.18,LOKALITA NEHODY
2100191454,6,,2019-01-29,2,1260,3,0,4,2,1,0,516,0,0,0,1200,2,1,1,1,1,1,1,1,0,0,0,3,1,0,,3,26.0,08,3.0,0.0,4.0,0.0,1.0,5.0,1000,9.0,,,,,"-737683,744","-1053155,013","-737683,006","-1053153,196",äEBEROVäeberov,KLABEäK¡M,,sledovan·komunikace,,,,,,,,,1
2100191455,5,,2019-01-29,2,1430,1,4,0,2,1,2,503,0,0,0,950,2,1,1,1,1,1,2,1,0,0,0,1,3,0,,3,31.0,93,1.0,0.0,1.0,0.0,1.0,1.0,400,3.0,1.0,1.0,,,"-751609,059","-1039558,232","-751607,316","-1039557,820",PRAHA6RuzynÏ,LIPSK¡,,sledovan·komunikace,,,,,,,,,1
2100191456,4,,2019-01-29,2,1430,1,4,0,2,1,2,503,0,0,0,300,2,1,1,1,1,1,0,1,3,3,0,4,2,19,,8,59.0,04,5.0,0.0,1.0,0.0,1.0,73.0,100,4.0,1.0,1.0,,,"-744473,777","-1044546,132","-744473,494","-1044538,047",PRAHA5SmÌchov,PLZE“SK¡,,uzel,,,,,,,,,1
2100191457,6,,2019-01-29,2,1520,1,3,0,2,1,2,404,0,0,0,1200,2,1,1,1,1,1,0,1,0,5,0,5,2,10,,3,47.0,15,1.0,0.0,1.0,0.0,1.0,5.0,800,2.0,1.0,1.0,,,"-743586,705","-1040856,621","-743585,480","-1040856,158",PRAHA6,GOETHEHO,,mÌstnÌkomunikace,,,,,,,,,1
2100191458,6,,2019-01-29,2,1550,2,0,0,2,1,2,502,0,0,0,50,2,1,1,1,1,1,1,1,0,0,0,1,2,0,,3,29.0,07,1.0,0.0,1.0,0.0,1.0,5.0,0,2.0,1.0,1.0,,,"-741491,442","-1042323,793","-741490,393","-1042322,670",PRAHA7Holeöovice,OSTROVäTVANICE,,mÌstnÌkomunikace,,,,,,,,,1
2100191459,4,,2019-01-29,2,1620,3,0,2,2,1,2,502,0,0,0,180,2,1,1,1,1,1,0,1,2,0,2,4,1,19,,7,40.0,,9.0,0.0,1.0,0.0,1.0,23.0,0,3.0,1.0,1.0,,,"-733463,574","-1047480,758","-733462,564","-1047484,956",PRAHA10,DOLNOMÃCHOLUPSK¡,,uzel,,,,,,,,,1
2100191460,6,,2019-01-22,2,2560,2,0,0,2,1,0,516,0,0,0,100,2,1,1,1,1,1,1,1,0,0,0,1,2,0,,17,,XX,,,,,,,0,,,,,,"-738491,507","-1049344,855","-738492,268","-1049346,864",PRAHA4Chodov,T‹RKOVA,,mÌstnÌkomunikace,,,,,,,,,1
2100191461,5,,2019-01-29,2,1645,2,0,0,2,1,2,502,0,0,0,250,2,1,1,1,1,1,2,1,0,0,0,1,2,0,,3,16.0,15,3.0,0.0,1.0,0.0,1.0,3.0,100,2.0,1.0,1.0,,,"-742702,274","-1044148,793","-742707,600","-1044146,600",PRAHA1NovÈMÏsto,äTÃP¡NSK¡,,uzel,,,,,,,,,1
2100191462,6,,2019-01-28,1,2560,2,0,0,2,1,0,516,0,0,0,300,3,3,1,1,1,1,1,1,0,0,0,1,2,0,,17,,XX,,,,,,,0,,,,,,"-738588,940","-1042508,364","-738590,826","-1042512,006",PRAHA8,VosmÌkov˝ch,,sledovan·komunikace,,,,,,,,,1
2100191463,6,,2019-01-29,2,1630,1,3,0,1,1,2,405,0,0,2,2200,2,1,1,1,1,1,0,1,3,3,0,5,2,10,,5,31.0,11,3.0,0.0,1.0,1.0,1.0,5.0,600,3.0,1.0,1.0,,,"-751654,672","-1045629,171","-751654,591","-1045629,431",PRAHA5,S¡RSK¡,,mÌstnÌkomunikace,,,,,,,,,1
2100191464,5,,2019-01-29,2,1708,8,3,0,2,1,2,502,0,0,0,300,1,1,1,1,2,1,2,7,0,5,2,1,2,0,,3,39.0,18,0.0,0.0,0.0,0.0,1.0,3.0,100,2.0,1.0,1.0,,,"-742974,124","-1043926,128","-742973,943","-1043924,865",PRAHA2NovÈMÏsto,LAZARSK¡,,uzel,,,,,,,,,1
2100191465,6,,2019-01-29,2,1760,2,0,0,2,1,0,516,0,0,0,400,2,1,1,1,4,1,1,1,0,0,0,1,3,0,,3,7.0,18,1.0,0.0,4.0,0.0,1.0,5.0,0,9.0,,,,,"-736627,067","-1050596,364","-736624,614","-1050596,261",PRAHA11,METODÃJOVA,,mÌstnÌkomunikace,,,,,,,,,1
2100191466,6,,2019-01-29,2,1650,1,4,0,2,1,2,504,0,0,0,150,2,1,1,1,1,1,1,1,0,0,0,1,2,0,,3,60.0,01,1.0,0.0,1.0,0.0,1.0,5.0,50,2.0,1.0,1.0,,,"-742139,978","-1047116,542","-742139,966","-1047116,593",PRAHA4Nusle,HVÃZDOVA,,mÌstnÌkomunikace,,,,,,,,,1
2100191467,6,,2019-01-29,2,1730,2,0,0,2,1,2,504,0,0,0,100,2,1,1,1,1,1,1,1,0,0,0,1,2,0,,3,17.0,10,3.0,0.0,1.0,0.0,1.0,5.0,0,3.0,1.0,1.0,,,"-737663,959","-1041780,486","-737663,318","-1041782,169",PRAHA9LibeÚ,OCEL¡ÿSK¡,,mÌstnÌkomunikace,,,,,,,,,1
2100191468,4,,2019-01-29,2,1755,8,2,0,2,1,2,401,0,0,0,1800,2,1,1,1,4,1,0,7,2,0,2,4,2,19,,10,0.0,,5.0,0.0,1.0,0.0,1.0,51.0,300,8.0,1.0,1.0,,,"-743080,338","-1044073,858","-743080,252","-1044074,092",PRAHA2NovÈMÏsto,KARLOVON¡M.,,uzel,,,,,,,,,1
2100191469,4,,2019-01-29,2,1740,1,4,0,2,1,2,503,0,0,0,1500,2,1,1,1,4,1,0,1,2,0,2,4,2,19,,3,44.0,14,3.0,0.0,1.0,0.0,1.0,15.0,700,2.0,1.0,1.0,,,"-739697,067","-1045491,301","-739698,407","-1045485,223",PRAHA10Vröovice,VRäOVICK¡xBÃLOCERKEVSK¡,,uzel,,,,,,,,,1
2100191470,6,,2019-01-29,2,1440,1,4,0,2,1,0,503,0,0,0,110,2,1,1,1,1,1,1,1,0,0,0,1,2,0,,3,39.0,06,1.0,0.0,4.0,0.0,1.0,5.0,10,9.0,,,,,"-743128,192","-1049778,489","-743129,776","-1049780,639",PRAHA4,NOVODVORSK¡,,sledovan·komunikace,,,,,,,,,1
2100191471,8,,2019-01-29,2,1740,1,3,0,1,1,2,405,0,0,1,300,2,1,1,1,4,1,1,1,0,5,10,1,2,0,,3,31.0,17,1.0,0.0,1.0,0.0,1.0,5.0,300,2.0,1.0,1.0,,,"-752204,201","-1045958,069","-752204,420","-1045957,991",PRAHA5,SKANDIN¡VSK¡,,mÌstnÌkomunikace,,,,,,,,,1
2100191472,5,,2019-01-29,2,1900,1,4,0,2,1,2,503,0,0,0,600,2,1,1,1,4,1,4,1,0,0,0,1,2,0,,3,27.0,08,1.0,0.0,1.0,0.0,1.0,1.0,400,3.0,1.0,1.0,,,"-739250,106","-1048891,866","-739251,591","-1048892,125",PRAHA4,5.kvÏtna,,uzel,,,,,,,,,1
2100191473,6,,2019-01-29,2,1730,0,0,0,1,1,2,508,0,0,1,0,2,1,1,1,4,1,0,1,3,3,0,5,1,10,,8,78.0,10,5.0,0.0,1.0,0.0,1.0,5.0,0,4.0,1.0,1.0,,,"-750612,061","-1046599,299","-750613,891","-1046601,101",PRAHA5Stod˘lky,"MUKAÿOVSK…HO,KETTNEROVA",,mÌstnÌkomunikace,,,,,,,,,1
2100191474,6,,2019-01-29,2,1600,3,0,6,2,1,2,504,0,0,0,60,2,1,1,1,1,1,0,1,3,3,0,5,1,10,,3,12.0,07,1.0,0.0,1.0,0.0,1.0,5.0,50,2.0,1.0,1.0,,,"-739296,476","-1043119,787","-739296,195","-1043121,820",PRAHA3éiûkov,KONÃVOVA,,sledovan·komunikace,,,,,,,,,1
2100191475,4,,2019-01-29,2,2020,1,2,0,2,1,2,401,0,0,0,1300,2,1,1,1,4,1,0,1,2,0,2,4,2,19,,3,39.0,,1.0,0.0,1.0,0.0,1.0,16.0,400,2.0,1.0,1.0,,,"-751023,324","-1046764,967","-751023,048","-1046764,504",PRAHA5Stod˘lky,JEREMI¡äOVA,,uzel,,,,,,,,,1
2100191476,5,,2019-01-29,2,2220,2,0,0,2,1,2,504,0,0,0,1000,2,1,1,1,4,1,2,1,0,5,1,1,3,0,,3,32.0,18,3.0,0.0,1.0,0.0,1.0,1.0,400,2.0,1.0,1.0,,,"-741746,044","-1044270,144","-741743,567","-1044264,382",PRAHA2Vinohrady,VINOHRADSK¡,,sledovan·komunikace,,,,,,,,,1
2100191477,8,,2019-01-29,2,2210,2,0,0,2,1,2,504,0,0,0,1300,3,1,1,1,4,1,1,1,0,0,10,1,2,0,,3,2.0,06,1.0,0.0,1.0,0.0,1.0,5.0,300,2.0,1.0,1.0,,,"-744382,720","-1044323,696","-744385,769","-1044321,303",PRAHA5SmÌchov,KARTOUZSK¡,,uzel,,,,,,,,,1
2100191478,8,,2019-01-30,3,145,2,0,0,2,1,2,504,0,0,0,200,2,1,1,1,4,1,1,1,0,0,0,1,2,0,,3,39.0,10,3.0,0.0,1.0,0.0,1.0,5.0,100,2.0,1.0,1.0,,,"-740055,342","-1046123,476","-740054,704","-1046122,211",PRAHA10Vröovice,KÿESLICK¡,,mÌstnÌkomunikace,,,,,,,,,1
2100191479,5,,2019-01-30,3,610,1,4,0,2,1,2,503,0,0,0,200,2,1,1,1,4,1,4,1,0,0,0,1,2,0,,3,39.0,18,3.0,0.0,1.0,0.0,1.0,3.0,200,3.0,1.0,1.0,,,"-750760,207","-1043185,039","-750760,159","-1043184,920",PRAHA6,KARLOVARSK¡,,sledovan·komunikace,,,,,,,,,1
2100191480,5,,2019-01-30,3,711,8,2,0,1,1,2,401,0,0,1,4500,2,1,1,1,2,1,0,7,2,0,1,4,2,10,,3,60.0,15,1.0,0.0,1.0,0.0,1.0,5.0,2000,2.0,1.0,1.0,,,"-745290,898","-1044422,148","-745293,555","-1044422,205",PRAHA5SmÌchov,PLZE“SK¡,,sledovan·komunikace,,,,,,,,,1
2100191481,5,,2019-01-30,3,640,5,0,0,2,4,0,100,0,0,0,60,2,1,1,1,4,1,2,1,0,0,0,1,1,0,,3,39.0,98,1.0,0.0,1.0,0.0,1.0,1.0,50,2.0,1.0,1.0,,,"-742756,821","-1052167,282","-742757,195","-1052165,654",PRAHA4Mod¯any,GENER¡LAäIäKY,,sledovan·komunikace,,,,,,,,,1
2100191482,5,,2019-01-30,3,736,1,2,0,2,1,2,411,0,0,0,600,2,1,1,1,2,1,2,1,0,5,0,1,2,0,,3,39.0,16,3.0,0.0,1.0,0.0,1.0,1.0,300,2.0,1.0,1.0,,,"-744526,382","-1048245,243","-744526,194","-1048245,164",PRAHA4BranÌk,BARRANDOVSK›MOST,,sledovan·komunikace,,,,,,,,,1
2100191483,4,,2019-01-30,3,720,1,2,0,2,1,2,502,0,0,0,1050,2,1,1,1,2,1,0,1,2,0,0,4,2,19,,7,48.0,14,3.0,0.0,1.0,0.0,1.0,71.0,0,3.0,1.0,1.0,,,"-746280,322","-1041244,131","-746280,286","-1041246,259",PRAHA6Dejvice,EVROPSK¡,,uzel,,,,,,,,,1
2100191484,5,,2019-01-30,3,810,1,4,0,2,1,2,503,0,0,0,2100,2,1,1,1,1,1,2,1,0,0,0,1,2,0,,3,39.0,18,3.0,0.0,0.0,0.0,1.0,1.0,1500,2.0,1.0,1.0,,,"-753642,663","-1047611,351","-753645,156","-1047613,844",PRAHA5STODŸLKY,PRAéSK›OKRUH,,sledovan·komunikace,,,,,,,,,1
2100191485,4,,2019-01-30,3,800,3,0,9,2,1,2,508,0,0,0,1000,2,1,1,1,1,1,0,1,3,3,0,7,1,29,,7,40.0,12,9.0,0.0,1.0,0.0,1.0,37.0,0,3.0,1.0,1.0,,,"-736030,917","-1037765,998","-736034,286","-1037762,973",PRAHA9LET“ANY,VESELSK¡,,uzel,,,,,,,,,1
2100191486,4,,2019-01-30,3,750,1,4,0,2,1,2,504,0,0,0,500,2,1,1,1,1,1,0,1,3,3,0,4,2,19,,5,12.0,,9.0,0.0,1.0,0.0,1.0,82.0,0,2.0,1.0,1.0,,,"-738719,793","-1048830,143","-738719,822","-1048830,120",PRAHA4Chodov,T¸rkova,,uzel,,,,,,,,,1
2100191487,5,,2019-01-30,3,810,1,4,0,2,1,2,503,0,0,0,800,2,1,1,1,1,1,2,1,0,0,0,1,2,0,,3,39.0,14,1.0,0.0,1.0,0.0,1.0,1.0,800,2.0,1.0,1.0,,,"-740927,660","-1045915,605","-740925,453","-1045915,443",PRAHA10Vröovice,PETROHRADSK¡,,sledovan·komunikace,,,,,,,,,1
2100191488,5,,2019-01-30,3,915,1,4,0,2,1,2,503,0,0,0,800,2,1,1,1,1,1,2,1,0,0,0,1,2,0,,3,31.0,07,1.0,0.0,0.0,0.0,1.0,1.0,300,2.0,1.0,1.0,,,"-744382,266","-1039627,849","-744386,078","-1039629,581",PRAHA6BubeneË,PODBABSK¡,,sledovan·komunikace,,,,,,,,,1
2100191489,5,,2019-01-30,3,915,1,4,0,2,1,2,503,0,0,0,1000,2,1,1,1,1,1,6,1,0,0,0,1,2,0,,3,39.0,03,1.0,0.0,1.0,1.0,1.0,1.0,500,2.0,1.0,1.0,,,"-753962,456","-1045948,807","-753960,702","-1045950,412",PRAHA13(STODŸLKY),PRAéSK›OKRUH,,uzel,,,,,,,,,1
2100191490,6,,2019-01-29,2,2560,2,0,0,2,1,0,516,0,0,0,500,1,1,1,1,1,1,1,1,0,0,0,1,2,0,,17,,XX,,,,,,,0,,,,,,"-734214,800","-1048715,183","-734214,753","-1048715,704",PRAHA15HornÌMÏcholupy,UGOLFU,,mÌstnÌkomunikace,,,,,,,,,1
2100191491,4,,2019-01-30,3,920,1,2,0,2,1,2,403,0,0,0,700,2,1,1,1,1,1,0,1,3,3,0,5,2,19,,5,32.0,16,3.0,0.0,1.0,0.0,1.0,56.0,200,2.0,1.0,1.0,,,"-734698,663","-1045936,718","-734698,404","-1045935,124",Praha10-äTÃRBOHOLY,»ERNOKOSTELECK¡,,uzel,,,,,,,,,1
2100191492,6,,2019-01-30,3,1035,2,0,0,2,1,2,502,0,0,0,350,2,1,1,1,1,1,1,1,0,0,0,1,2,0,,8,35.0,00,5.0,0.0,1.0,0.0,1.0,5.0,50,4.0,1.0,1.0,,,"-743122,614","-1042776,387","-743121,557","-1042773,962",PRAHA1Josefov,äIROK¡,,mÌstnÌkomunikace,,,,,,,,,1
2100191493,8,,2019-01-30,3,845,1,2,0,2,1,2,410,0,0,0,500,2,1,1,1,1,1,1,1,0,5,10,1,2,0,,3,4.0,18,3.0,0.0,1.0,0.0,1.0,5.0,200,2.0,1.0,1.0,,,"-733111,767","-1049204,974","-733116,977","-1049204,015",PRAHA10HornÌMÏcholupy,HORNOMÃCHOLUPSK¡,,sledovan·komunikace,,,,,,,,,1
2100191494,5,,2019-01-29,2,715,5,0,0,2,4,0,100,0,0,0,420,2,1,1,1,2,1,2,1,0,0,0,1,1,0,,3,38.0,14,3.0,0.0,1.0,0.0,1.0,1.0,400,2.0,1.0,1.0,,,"-737239,933","-1052897,119","-737241,22","-1052897,028",PRAHA4-äEBEROV,KHrnËÌ¯˘m,,mÌstnÌkomunikace,,3102987.0,,,Pomal˝,554782.0,497533.0,GN_V0.1UIR-ADR_410,1
2100191495,5,,2019-01-30,3,930,1,2,0,2,1,2,403,0,0,0,800,2,1,1,1,1,1,0,1,3,3,0,5,2,10,,3,13.0,07,1.0,0.0,1.0,0.0,1.0,3.0,300,2.0,1.0,1.0,,,"-741304,015","-1046084,978","-741303,806","-1046088,244",PRAHA4Nusle,,,sledovan·komunikace,,,,,,,,,1
2100191496,5,,2019-01-30,3,2560,3,0,6,2,1,0,516,0,0,0,400,2,1,1,1,1,1,2,1,0,0,0,1,2,0,,17,,XX,,,,,,,0,,,,,,"-740930,941","-1041505,116","-740931,356","-1041508,617",PRAHA7Holeöovice,DÃLNICK¡,,sledovan·komunikace,,,,,,,,,1
2100191497,5,,2019-01-30,3,1130,1,2,0,2,1,2,411,0,0,0,800,2,1,1,1,1,1,2,1,0,5,0,1,2,0,,3,39.0,17,3.0,0.0,0.0,0.0,1.0,1.0,500,2.0,1.0,1.0,,,"-742167,799","-1046890,269","-742162,252","-1046887,496",PRAHA4Nusle,NAPANKR¡CI,,uzel,,,,,,,,,1
2100191498,8,,2019-01-29,2,2560,2,0,0,2,1,0,516,0,0,0,20,2,1,1,1,1,1,1,1,0,0,10,1,2,0,,17,,XX,,,,,,,0,,,,,,"-737018,881","-1049753,103","-737018,037","-1049753,081",PRAHA11Chodov,MARKUäOVA,,mÌstnÌkomunikace,,,,,,,,,1
2100191499,5,,2019-01-30,3,1100,2,0,0,2,1,2,502,0,0,0,800,2,1,1,1,1,1,0,1,3,3,1,5,2,10,,6,19.0,17,3.0,0.0,1.0,0.0,1.0,1.0,0,3.0,1.0,1.0,,,"-740067,201","-1042488,638","-740067,570","-1042486,885",PRAHA8KarlÌn,SOKOLOVSK¡,,sledovan·komunikace,,,,,,,,,1
2100191500,6,,2019-01-29,2,2560,2,0,0,2,1,0,516,0,0,0,50,2,1,1,1,1,1,0,1,3,3,0,5,2,10,,17,,XX,,,,,,,0,,,,,,"-751220,977","-1044163,799","-751219,168","-1044165,536",PRAHA6ÿepy,BAZOVSK…HO,,mÌstnÌkomunikace,,,,,,,,,1
2100191501,5,,2019-01-30,3,845,1,3,0,2,1,2,508,0,0,0,1500,2,1,1,1,1,1,0,1,3,3,0,5,3,10,,3,35.0,99,1.0,0.0,1.0,0.0,1.0,1.0,400,2.0,1.0,1.0,,,"-735054,112","-1045469,671","-735051,909","-1045467,831",PRAHA10Maleöice,»ERNOKOSTELECK¡,,sledovan·komunikace,,,,,,,,,1
2100191502,8,,2019-01-30,3,1105,1,1,0,2,1,2,404,0,0,0,4500,3,1,1,1,1,1,1,1,0,5,10,1,2,0,,3,4.0,15,1.0,0.0,1.0,0.0,1.0,5.0,2000,2.0,1.0,1.0,,,"-744381,465","-1044318,046","-744383,752","-1044317,318",PRAHA5SmÌchov,KARTOUZSK¡,,uzel,,,,,,,,,1
2100191503,4,,2019-01-30,3,1300,1,2,0,2,1,2,403,0,0,0,800,2,1,1,1,1,1,0,1,3,3,0,7,2,29,,3,13.0,15,3.0,0.0,1.0,0.0,1.0,48.0,500,2.0,1.0,1.0,,,"-738346,053","-1049356,126","-738346,128","-1049354,130",PRAHA4CHODOV,MÕROV…HOHNUTÕ,,uzel,,,,,,,,,1
2100191504,5,,2019-01-30,3,1150,1,4,0,2,1,2,503,0,0,0,300,2,1,1,1,1,1,2,1,0,0,0,1,2,0,,3,2.0,07,1.0,0.0,1.0,0.0,1.0,1.0,200,2.0,1.0,1.0,,,"-741005,947","-1048735,797","-741003,759","-1048730,949",PRAHA4KrË,BudÏjovick·,,uzel,,,,,,,,,1
2100191505,8,,2019-01-26,6,2560,3,0,9,2,1,0,516,0,0,0,200,2,1,1,1,1,1,1,1,0,0,0,1,1,0,,17,,XX,,,,,,,0,,,,,,"-736872,839","-1045224,282","-736872,827","-1045223,968",PRAHA10Straönice,⁄VALSK¡,,sledovan·komunikace,,,,,,,,,1
2100191506,6,,2019-01-30,3,1125,1,3,0,2,1,2,410,0,0,0,800,2,1,1,1,1,1,1,1,0,5,0,1,2,0,,3,39.0,16,3.0,0.0,1.0,0.0,1.0,5.0,300,2.0,1.0,1.0,,,"-733047,321","-1039362,470","-733047,561","-1039363,190",PRAHA9Kbely,V¡GNEROVA,,mÌstnÌkomunikace,,,,,,,,,1
2100191507,6,,2019-01-30,3,2560,2,0,0,2,1,0,516,0,0,0,300,2,1,1,1,1,1,1,1,0,0,0,1,2,0,,17,,XX,,,,,,,0,,,,,,"-734365,895","-1041861,945","-734368,946","-1041861,808",PRAHA9»ERN›MOST,NEHVIZDSK¡,,mÌstnÌkomunikace,,,,,,,,,1
2100191508,5,,2019-01-30,3,1306,8,2,0,1,1,2,413,0,0,1,100,2,1,1,1,1,1,0,7,3,3,0,4,2,10,,5,26.0,15,3.0,0.0,1.0,0.0,1.0,1.0,50,2.0,1.0,1.0,,,"-743244,392","-1043604,948","-743243,936","-1043604,681",PRAHA1StarÈMÏsto,,,sledovan·komunikace,,,,,,,,,1
2100191509,6,,2019-01-29,2,1230,2,0,0,2,1,0,516,0,0,0,10,2,1,1,1,1,1,1,1,0,0,0,1,2,0,,3,12.0,04,1.0,0.0,4.0,0.0,1.0,5.0,0,9.0,,,,,"-738708,577","-1048050,076","-738710,196","-1048050,378",PRAHA4Z·bÏhlice,DUNICK¡,,mÌstnÌkomunikace,,,,,,,,,1
2100191510,6,,2019-01-30,3,1220,4,0,0,1,3,0,100,0,0,1,0,2,1,1,1,1,1,1,1,0,0,0,1,1,0,,3,60.0,15,3.0,0.0,1.0,0.0,1.0,5.0,0,3.0,1.0,4.0,,,"-735509,972","-1038669,978","-735517,806","-1038667,607",PRAHA9LetÚany,BERANOV›CH,,sledovan·komunikace,,,,,,,,,1
2100191511,5,,2019-01-30,3,1215,1,4,0,2,1,2,503,0,0,0,1200,2,1,1,1,1,1,2,1,0,5,1,1,2,0,,3,39.0,11,3.0,0.0,1.0,0.0,1.0,1.0,1000,2.0,1.0,1.0,,,"-743632,589","-1041540,746","-743632,069","-1041541,997",PRAHA6BubeneË,Jaselsk·,,uzel,,,,,,,,,1
2100191512,5,,2019-01-30,3,2560,2,0,0,2,1,0,516,0,0,0,300,1,1,1,1,1,1,2,1,0,0,0,1,2,0,,17,,XX,,,,,,,0,,,,,,"-741367,023","-1044417,206","-741366,151","-1044417,321",PRAHA2Vinohrady,äUMAVSK¡,,uzel,,,,,,,,,1
2100191513,5,,2019-01-30,3,1335,1,4,0,2,1,2,503,0,0,0,900,2,1,1,1,1,1,2,1,0,0,0,1,2,0,,5,26.0,17,3.0,0.0,1.0,0.0,1.0,1.0,600,2.0,1.0,1.0,,,"-740624,126","-1047917,291","-740628,502","-1047917,816",PRAHA4Michle,MICHELSK¡,,uzel,,,,,,,,,1
2100191514,5,,2019-01-30,3,1420,1,4,0,2,1,2,503,0,0,0,100,2,1,1,1,1,1,2,1,0,0,0,1,2,0,,3,26.0,92,3.0,0.0,1.0,0.0,1.0,1.0,50,2.0,1.0,1.0,,,"-742409,948","-1041601,131","-742410,205","-1041597,280",PRAHA7Holeöovice,VELETRéNÕ,,uzel,,,,,,,,,1
2100191515,6,,2019-01-30,3,1320,2,0,0,2,1,2,509,0,0,0,100,2,1,1,1,1,1,1,1,0,0,0,1,2,0,,3,39.0,12,1.0,0.0,1.0,0.0,1.0,5.0,50,3.0,1.0,1.0,,,"-740455,903","-1045354,801","-740455,759","-1045354,864",PRAHA10Vröovice,SLOVINSK¡,,mÌstnÌkomunikace,,,,,,,,,1
2100191516,6,,2019-01-30,3,1450,3,0,9,2,1,2,504,0,0,0,200,1,1,1,1,1,1,1,1,0,0,0,1,1,0,,3,39.0,17,3.0,0.0,1.0,0.0,1.0,5.0,200,2.0,1.0,1.0,,,"-743044,715","-1043549,696","-743042,726","-1043557,240",PRAHA1StarÈMÏsto,NaPeröt˝nÏ,,uzel,,,,,,,,,1
2100191517,6,,2019-01-30,3,2560,2,0,0,2,1,0,516,0,0,0,200,2,1,1,1,1,1,1,1,0,0,0,1,2,0,,17,,XX,,,,,,,0,,,,,,"-742393,884","-1046325,795","-742394,299","-1046326,144",PRAHA4Nusle,BOHUSLAVAZEäVAMBERKA,,mÌstnÌkomunikace,,,,,,,,,1
2100191518,5,,2019-01-30,3,1400,1,3,0,2,1,2,409,0,0,0,800,2,1,1,1,1,1,3,1,0,5,10,1,2,0,,3,39.0,08,3.0,0.0,1.0,0.0,1.0,5.0,500,2.0,1.0,1.0,,,"-747045,680","-1044413,035","-747045,713","-1044415,472",PRAHA5SmÌchov,PLZE“SK¡,,sledovan·komunikace,,,,,,,,,1
2100191519,6,,2019-01-30,3,1500,2,0,0,2,1,2,504,0,0,0,800,2,1,1,1,1,1,1,1,0,0,0,1,2,0,,3,7.0,17,3.0,0.0,1.0,0.0,1.0,5.0,500,2.0,1.0,1.0,,,"-746420,562","-1043741,593","-746420,986","-1043742,698",PRAHA5,LIBÕNSK¡,,mÌstnÌkomunikace,,,,,,,,,1
2100191520,5,,2019-01-30,3,1520,3,0,6,2,1,2,508,0,0,0,200,2,1,1,1,1,1,2,1,0,0,5,1,1,0,,7,10.0,11,9.0,0.0,1.0,0.0,1.0,3.0,0,3.0,1.0,1.0,,,"-739720,780","-1045882,291","-739723,912","-1045881,610",PRAHA10Vröovice,UVRäOVICK…HOHÿBITOVA,,sledovan·komunikace,,,,,,,,,1
2100191521,8,,2019-01-30,3,2560,2,0,0,2,1,0,516,0,0,0,200,2,1,1,1,1,1,1,1,0,0,10,1,2,0,,17,,XX,,,,,,,0,,,,,,"-738870,467","-1044874,649","-738844,507","-1044878,963",PRAHA10-VRäOVICE,ärob·rova,,mÌstnÌkomunikace,,1660461.0,,,Pomal˝,554782.0,475351.0,GN_V0.1UIR-ADR_410,1
2100191522,6,,2019-01-30,3,1550,1,4,0,2,1,2,503,0,0,0,500,2,1,1,1,1,1,1,1,0,0,0,1,2,0,,3,47.0,13,3.0,0.0,1.0,0.0,1.0,5.0,400,2.0,1.0,1.0,,,"-741540,049","-1042026,947","-741540,982","-1042027,458",PRAHA7Holeöovice,Hl·vk˘vmost,,uzel,,,,,,,,,1
2100191523,5,,2019-01-30,3,1610,1,4,0,2,1,2,503,0,0,0,800,2,1,1,1,1,1,0,1,3,3,1,5,2,10,,3,47.0,17,3.0,0.0,1.0,0.0,1.0,1.0,500,2.0,1.0,1.0,,,"-739506,814","-1041669,476","-739508,190","-1041666,817",PRAHA8LibeÚ,LibeÚsk˝most,,uzel,,,,,,,,,1
2100191524,6,,2019-01-30,3,2560,2,0,0,2,1,0,516,0,0,0,200,2,1,1,1,1,1,1,1,0,0,0,1,2,0,,17,,XX,,,,,,,0,,,,,,"-746903,020","-1042941,851","-746902,892","-1042944,677",PRAHA6B¯evnov,8.LISTOPADU,,mÌstnÌkomunikace,,,,,,,,,1
2100191525,6,,2019-01-30,3,2560,2,0,0,2,1,0,516,0,0,0,70,2,1,1,1,1,1,1,1,0,0,0,1,2,0,,3,39.0,17,3.0,0.0,4.0,0.0,1.0,5.0,50,9.0,,,,,"-739498,477","-1040452,967","-739498,182","-1040450,602",PRAHA8LibeÚ,Bulokva,,˙Ëelov·komunikace,,,,,,,,,1