IDENTIFIKA»NÕ »ÕSLO,DRUH POZEMNÕ KOMUNIKACE,»ÕSLO POZEMNÕ KOMUNIKACE,"den, mÏsÌc, rok",,Ëas ,DRUH NEHODY,DRUH SR¡éKY JEDOUCÕCH VOZIDEL,DRUH PEVN… PÿEK¡éKY,CHARAKTER NEHODY,ZAVINÃNÕ NEHODY,ALKOHOL U VINÕKA NEHODY PÿÕTOMEN,HLAVNÕ PÿÕ»INY NEHODY,usmrceno osob,tÏûce zranÏno osob,lehce zranÏno osob,CELKOV¡ HMOTN¡ äKODA,DRUH POVRCHU VOZOVKY,STAV POVRCHU VOZOVKY V DOBÃ NEHODY,STAV KOMUNIKACE,POVÃTRNOSTNÕ PODMÕNKY V DOBÃ NEHODY,VIDITELNOST,ROZHLEDOV… POMÃRY,DÃLENÕ KOMUNIKACE,SITUOV¡NÕ NEHODY NA KOMUNIKACI,ÿÕZENÕ PROVOZU V DOBÃ NEHODY,MÕSTNÕ ⁄PRAVA PÿEDNOSTI V JÕZDÃ,SPECIFICK¡ MÕSTA A OBJEKTY V MÕSTÃ NEHODY,SMÃROV… POMÃRY,PO»ET Z⁄»ASTNÃN›CH VOZIDEL,MÕSTO DOPRAVNÕ NEHODY,DRUH KÿIéUJÕCÕ KOMUNIKACE,DRUH VOZIDLA,V›ROBNÕ ZNA»KA MOTOROV…HO VOZIDLA,ROK V›ROBY VOZIDLA,CHARAKTERISTIKA VOZIDLA ,SMYK,VOZIDLO PO NEHODÃ,"⁄NIK PROVOZNÕCH, PÿEPRAVOVAN›CH HMOT",ZPŸSOB VYPROäTÃNÕ OSOB Z VOZIDLA,SMÃR JÕZDY NEBO POSTAVENÕ VOZIDLA,äKODA NA VOZIDLE,KATEGORIE ÿIDI»E,STAV ÿIDI»E,VNÃJäÕ OVLIVNÃNÕ ÿIDI»E,nan.1,nan.2,nan.3,nan.4,nan.5,nan.6,nan.7,nan.8,nan.9,nan.10,nan.11,nan.12,nan.13,nan.14,nan.15,nan.16,nan.17,nan.18,LOKALITA NEHODY
2100191526,6,,2019-01-30,3,1700,1,3,0,2,1,2,405,0,0,0,2100,2,1,1,1,2,1,0,1,3,3,0,5,2,10,,3,48.0,08,1.0,0.0,1.0,0.0,1.0,5.0,100,2.0,1.0,1.0,,,"-742999,562","-1044217,815","-742997,265","-1044218,575",PRAHA1-NOV…MÃSTO,Karlovon·mÏstÌ,,mÌstnÌkomunikace,,1684935.0,,Souhlasn˝sesmÏrem˙seku,Pomal˝,554782.0,451517.0,GN_V0.1UIR-ADR_410,1
2100191527,6,,2019-01-30,3,1635,0,0,0,1,1,2,203,0,0,2,0,2,1,1,1,1,1,1,1,0,0,0,1,1,0,,8,78.0,15,5.0,0.0,1.0,0.0,1.0,5.0,0,4.0,1.0,1.0,,,"-729699,310","-1042383,266","-729698,951","-1042383,117",PRAHA9HornÌPoËernice,BOéANOVSK¡,,mÌstnÌkomunikace,,,,,,,,,1
2100191528,6,,2019-01-30,3,2560,2,0,0,2,1,0,516,0,0,0,700,2,1,1,1,1,1,1,1,0,0,0,1,2,0,,17,,XX,,,,,,,0,,,,,,"-742031,679","-1048117,431","-742028,000","-1048117,431",PRAHA4,KR»SK¡,,mÌstnÌkomunikace,,,,,,,,,1
2100191529,5,,2019-01-30,3,1720,1,4,0,2,1,2,503,0,0,0,1200,2,1,1,1,2,1,2,1,0,5,2,1,2,0,,3,47.0,09,1.0,0.0,1.0,0.0,1.0,1.0,700,2.0,1.0,1.0,,,"-750988,869","-1041207,735","-750989,021","-1041208,310",PRAHA6,EVROPSK¡,,sledovan·komunikace,,,,,,,,,1
2100191530,6,,2019-01-30,3,1720,2,0,0,2,1,2,508,0,0,0,1100,1,1,1,1,2,1,1,1,0,0,0,1,2,0,,3,39.0,06,1.0,0.0,0.0,0.0,1.0,5.0,300,2.0,1.0,1.0,,,"-741129,820","-1046461,656","-741129,963","-1046462,898",PRAHA4Michle,MENDÕKŸ,,mÌstnÌkomunikace,,,,,,,,,1
2100191531,5,,2019-01-30,3,1805,1,4,0,2,1,0,503,0,0,0,1500,2,1,1,1,4,1,2,1,0,0,0,1,3,0,,3,13.0,13,3.0,0.0,4.0,0.0,1.0,3.0,500,9.0,,,,,"-739317,042","-1044621,648","-739316,854","-1044622,067",PRAHA3-VINOHRADY,SobÏslavsk·,,mÌstnÌkomunikace,,1873035.0,,Souhlasn˝sesmÏrem˙seku,Pomal˝,554782.0,469637.0,GN_V0.1UIR-ADR_410,1
2100191532,5,,2019-01-30,3,1820,4,0,0,1,1,2,412,0,0,2,600,2,1,1,1,4,1,2,1,0,5,1,1,1,0,,3,17.0,13,3.0,0.0,0.0,0.0,1.0,1.0,600,2.0,1.0,1.0,,,"-734102,019","-1041786,968","-734102,451","-1041788,512",PRAHA9-HloubÏtÌn,KOLBENOVA,,sledovan·komunikace,,,,,,,,,1
2100191533,6,,2019-01-30,3,2560,2,0,0,2,1,0,516,0,0,0,100,2,1,1,1,1,1,1,1,0,0,0,1,2,0,,17,,XX,,,,,,,0,,,,,,"-741648,396","-1050516,501","-741654,591","-1050515,727",PRAHA4KrË,äT⁄ROVA,,sledovan·komunikace,,,,,,,,,1
2100191534,5,,2019-01-30,3,1803,8,2,0,2,1,2,502,0,0,0,100,2,1,1,1,4,1,2,7,0,0,7,1,2,0,,10,0.0,,5.0,0.0,1.0,0.0,1.0,3.0,50,8.0,1.0,1.0,,,"-743964,208","-1044541,081","-743964,208","-1044538,000",PRAHA5SmÌchov,LIDICK¡,,uzel,,,,,,,,,1
2100191535,6,,2019-01-30,3,1060,2,0,0,2,1,0,502,0,0,0,100,2,1,1,1,1,1,1,1,0,0,0,1,2,0,,3,39.0,17,1.0,0.0,3.0,0.0,1.0,5.0,50,2.0,1.0,1.0,,,"-741838,986","-1046911,075","-741841,557","-1046908,175",PRAHA4Nusle,SDRUéENÕ,,mÌstnÌkomunikace,,,,,,,,,1
2100191536,6,,2019-01-30,3,1960,2,0,0,2,1,0,516,0,0,0,400,2,1,1,1,4,1,1,1,0,0,0,1,2,0,,3,13.0,18,3.0,0.0,4.0,0.0,1.0,5.0,100,9.0,,,,,"-739278,229","-1044612,484","-739274,466","-1044610,718",PRAHA2-VINOHRADY,SobÏslavsk·,,mÌstnÌkomunikace,,713005.0,,Souhlasn˝sesmÏrem˙seku,Pomal˝,554782.0,469637.0,GN_V0.1UIR-ADR_410,1
2100191537,8,,2019-01-30,3,2560,2,0,0,2,1,0,516,0,0,0,400,3,1,1,1,1,1,1,1,0,0,10,1,2,0,,17,,XX,,,,,,,0,,,,,,"-742038,644","-1047183,277","-742037,484","-1047182,835",PRAHA4Nusle,NAPANKR¡CI,,sledovan·komunikace,,,,,,,,,1
2100191538,6,,2019-01-30,3,1315,2,0,0,2,1,2,502,0,0,0,400,2,1,1,1,1,1,1,1,0,0,0,1,2,0,,3,32.0,10,3.0,0.0,1.0,0.0,1.0,5.0,0,2.0,1.0,1.0,,,"-738923,337","-1050242,156","-738920,464","-1050243,438",PRAHA4Chodov,äustova,,mÌstnÌkomunikace,,,,,,,,,1
2100191539,5,,2019-01-31,4,525,3,0,3,1,1,2,508,0,0,1,2800,2,1,1,1,4,1,2,1,0,5,1,1,1,0,,3,13.0,17,1.0,0.0,1.0,1.0,1.0,1.0,2500,2.0,2.0,1.0,,,"-728438,213","-1045797,615","-728438,141","-1045796,524",Praha9BÏchovice,»ESKOBRODSK¡,,sledovan·komunikace,,,,,,,,,1
2100191540,8,,2019-01-31,4,600,3,0,6,2,1,2,504,0,0,0,300,2,1,1,1,4,1,1,1,0,0,10,1,1,0,,5,13.0,10,3.0,0.0,1.0,0.0,1.0,5.0,0,2.0,1.0,1.0,,,"-739399,248","-1041986,775","-739396,853","-1041988,325",PRAHA8,VOCT¡ÿOVA,,sledovan·komunikace,,,,,,,,,1
2100191541,8,,2019-01-30,3,2560,2,0,0,2,1,0,516,0,0,0,100,2,1,1,1,1,1,1,1,0,0,10,1,2,0,,17,,XX,,,,,,,0,,,,,,"-741229,989","-1049605,575","-741225,067","-1049606,072",PRAHA4KrË,Thomayerova,,mÌstnÌkomunikace,,,,,,,,,1
2100191542,6,,2019-01-31,4,725,1,3,0,2,1,2,411,0,0,0,250,2,1,1,1,2,1,2,1,0,5,5,1,2,0,,3,31.0,03,3.0,0.0,1.0,0.0,1.0,5.0,200,2.0,1.0,1.0,,,"-745511,305","-1042468,687","-745509,019","-1042471,443",PRAHA6St¯eöovice,BRUSNICK›TUNEL,,uzel,,,,,,,,,1
2100191543,4,,2019-01-31,4,655,1,2,0,2,1,2,403,0,0,0,3000,2,1,1,1,2,1,0,1,3,3,0,4,2,19,,3,12.0,14,3.0,0.0,1.0,0.0,1.0,35.0,1000,3.0,1.0,1.0,,,"-752455,024","-1048567,293","-752455,613","-1048566,620",ÿEPORYJEÿeporyje,OÿEäSK¡,,uzel,,,,,,,,,1
2100191544,5,,2019-01-31,4,746,1,2,0,2,1,2,411,0,0,0,270,2,1,1,1,1,1,3,1,0,5,0,1,2,0,,5,64.0,10,3.0,0.0,1.0,0.0,1.0,1.0,20,3.0,1.0,1.0,,,"-744364,200","-1045419,127","-744364,723","-1045419,331",PRAHA5SmÌchov,RADLICK¡,,sledovan·komunikace,,,,,,,,,1
2100191545,5,,2019-01-31,4,935,1,4,0,2,1,2,503,0,0,0,700,2,1,1,1,1,1,0,1,3,3,0,5,2,10,,5,32.0,16,3.0,0.0,0.0,0.0,1.0,1.0,500,2.0,1.0,1.0,,,"-737223,701","-1036020,788","-737223,039","-1036020,701",Praha8œ·blice,NN48,,uzel,,,,,,,,,1
2100191546,8,,2019-01-30,3,1508,1,3,0,2,1,0,410,0,0,0,2200,3,1,1,1,1,1,1,1,0,5,10,1,2,0,,3,39.0,06,1.0,0.0,0.0,0.0,1.0,5.0,200,2.0,1.0,1.0,,,"-741520,902","-1045534,801","-741521,673","-1045540,163",PRAHA10VRäOVICE,VRäOVICK¡,,sledovan·komunikace,,,,,,,,,1
2100191547,5,,2019-01-31,4,945,1,4,0,2,1,2,503,0,0,0,800,2,1,1,1,1,1,2,1,0,0,0,1,2,0,,3,39.0,09,3.0,0.0,1.0,0.0,1.0,1.0,500,4.0,1.0,1.0,,,"-737797,457","-1049925,192","-737799,021","-1049928,003",PRAHA4Chodov,T‹RKOVA,,sledovan·komunikace,,,,,,,,,1
2100191548,6,,2019-01-31,4,930,4,0,0,1,1,2,508,0,0,1,0,2,1,1,1,1,1,0,1,3,3,0,5,1,10,,3,13.0,07,1.0,0.0,1.0,0.0,1.0,5.0,0,2.0,1.0,1.0,,,"-736968,519","-1045449,242","-736967,000","-1045449,242",PRAHA10Straönice,DOBRO»OVICK¡,,mÌstnÌkomunikace,,,,,,,,,1
2100191549,6,,2019-01-31,4,950,2,0,0,2,1,2,502,0,0,0,800,2,1,1,1,1,1,1,1,0,0,0,3,2,0,,3,60.0,14,1.0,0.0,0.0,0.0,1.0,5.0,600,2.0,1.0,1.0,,,"-738895,716","-1050314,118","-738895,692","-1050313,958",PRAHA4,äustova,,mÌstnÌkomunikace,,302810.0,,Souhlasn˝sesmÏrem˙seku,Pomal˝,554782.0,503860.0,GN_V0.1UIR-ADR_410,1
2100191550,6,,2019-01-31,4,1020,2,0,0,2,1,2,509,0,0,0,300,2,1,1,1,1,1,1,1,0,0,0,1,2,0,,3,17.0,17,3.0,0.0,1.0,0.0,1.0,5.0,200,2.0,1.0,1.0,,,"-738204,093","-1048343,611","-738204,268","-1048345,416",PRAHA4-Z¡BÃHLICE,Choceradsk·,,mÌstnÌkomunikace,,,,,,,,,1
2100191551,6,,2019-01-31,4,2560,2,0,0,2,1,0,516,0,0,0,100,2,1,1,1,1,1,1,1,0,0,0,1,2,0,,17,,XX,,,,,,,0,,,,,,"-743399,696","-1042555,369","-743398,110","-1042556,638",PRAHA1Mal·Strana,KOS¡RKOVON¡Bÿ.,,mÌstnÌkomunikace,,,,,,,,,1
2100191552,6,,2019-01-31,4,2560,2,0,0,2,1,0,516,0,0,0,200,2,1,1,1,1,1,1,1,0,0,0,1,2,0,,17,,XX,,,,,,,0,,,,,,"-738901,072","-1050294,838","-738900,508","-1050294,892",PRAHA4,äustova,,mÌstnÌkomunikace,,1479802.0,,Souhlasn˝sesmÏrem˙seku,Pomal˝,554782.0,503860.0,GN_V0.1UIR-ADR_410,1
2100191553,5,,2019-01-31,4,2560,3,0,2,2,1,0,502,0,0,0,1500,2,1,1,1,1,1,2,1,0,0,0,1,1,0,,3,32.0,13,3.0,0.0,1.0,0.0,1.0,1.0,1500,2.0,1.0,1.0,,,"-732193,033","-1042143,045","-732192,717","-1042147,807",PRAHA9-Kyje,CHLUMECK¡,,sledovan·komunikace,,,,,,,,,1
2100191554,5,,2019-01-31,4,1040,1,2,0,2,1,2,411,0,0,0,800,2,1,1,1,1,1,3,1,0,5,0,1,2,0,,5,12.0,16,3.0,0.0,1.0,0.0,1.0,1.0,400,2.0,1.0,1.0,,,"-734947,107","-1044568,810","-734947,231","-1044569,595",PRAHA10Maleöice,TEPL¡RENSK¡,,sledovan·komunikace,,,,,,,,,1
2100191555,6,,2019-01-31,4,1045,1,3,0,2,1,2,410,0,0,0,800,2,1,1,1,1,1,1,1,0,5,0,1,2,0,,3,13.0,11,1.0,0.0,1.0,0.0,1.0,5.0,400,2.0,1.0,1.0,,,"-740383,722","-1041819,163","-740384,045","-1041819,124",PRAHA7Holeöovice,NAMANIN¡CH,,mÌstnÌkomunikace,,,,,,,,,1
2100191556,8,,2019-01-31,4,1050,1,4,0,2,1,2,504,0,0,0,400,2,1,1,1,1,1,1,1,0,0,10,1,2,0,,3,39.0,16,1.0,0.0,1.0,0.0,1.0,5.0,200,2.0,1.0,1.0,,,"-736479,338","-1038229,314","-736479,608","-1038233,195",PRAHA9LetÚany,Veselsk·,,mÌstnÌkomunikace,,,,,,,,,1
2100191557,6,,2019-01-30,3,2560,2,0,0,2,1,0,516,0,0,0,100,3,1,1,1,1,1,1,1,0,0,0,1,2,0,,17,,XX,,,,,,,0,,,,,,"-738254,925","-1040473,416","-738244,367","-1040472,657",PRAHA8LibeÚ,NADB¡NÕ,,mÌstnÌkomunikace,,,,,,,,,1
2100191558,5,,2019-01-31,4,1015,3,0,6,2,1,2,508,0,0,0,400,2,1,1,1,1,1,2,1,0,0,5,1,1,0,,5,62.0,14,3.0,0.0,1.0,0.0,1.0,1.0,400,4.0,1.0,1.0,,,"-727893,111","-1041513,559","-727895,171","-1041513,871",PRAHA9HORNÕPO»ERNICE,VEéLÕBKU,,sledovan·komunikace,,,,,,,,,1
2100191559,4,,2019-01-20,0,2003,1,4,0,2,1,0,503,0,0,0,200,2,1,1,1,4,1,0,1,2,0,2,4,2,19,,3,39.0,18,3.0,0.0,4.0,0.0,1.0,57.0,0,9.0,,,,,"-742356,595","-1044421,1","-742356,215","-1044421,207",PRAHA2,LEGEROVA,,mÌstnÌkomunikace,,1688311.0,,Souhlasn˝sesmÏrem˙seku,Pomal˝,554782.0,499439.0,GN_V0.1UIR-ADR_410,1
2100191560,5,,2019-01-31,4,1155,2,0,0,2,1,2,502,0,0,0,600,2,1,1,1,1,1,0,1,3,3,0,4,2,10,,3,44.0,05,1.0,0.0,1.0,0.0,1.0,1.0,300,2.0,1.0,1.0,,,"-744234,566","-1044170,963","-744233,134","-1044165,699",PRAHA5SmÌchov,VIKTORAHUGAxäTEF¡NIKOVA,,sledovan·komunikace,,,,,,,,,1
2100191561,8,,2019-01-31,4,1150,1,3,0,2,1,2,410,0,0,0,300,2,1,1,1,1,1,1,1,0,5,10,1,2,0,,5,13.0,16,3.0,0.0,1.0,0.0,1.0,5.0,100,2.0,1.0,1.0,,,"-734373,648","-1045877,893","-734374,351","-1045878,098",PRAHA10äTÃRBOHOLY,N¡KUPNÕ,,˙Ëelov·komunikace,,,,,,,,,1
2100191562,8,,2019-01-31,4,2560,2,0,0,2,1,0,516,0,0,0,200,2,1,1,1,1,1,1,1,0,0,10,1,2,0,,17,,XX,,,,,,,0,,,,,,"-750936,204","-1047007,366","-750927,223","-1047003,997",PRAHA5-ÿEPORYJE,JEREMI¡äOVA,,˙Ëelov·komunikace,,,,,,,,,1
2100191563,8,,2019-01-31,4,1245,3,0,9,2,1,2,502,0,0,0,410,3,1,1,1,1,1,1,1,0,0,10,1,1,0,,3,7.0,07,1.0,0.0,1.0,0.0,1.0,5.0,400,2.0,1.0,1.0,,,"-742364,586","-1046480,509","-742365,028","-1046480,719",PRAHA4-NUSLE,NAPANKR¡CI,,uzel,,,,,,,,,1
2100191564,6,,2019-01-31,4,1310,2,0,0,2,1,2,502,0,0,0,200,1,1,1,1,1,1,1,1,0,0,0,1,2,0,,5,27.0,09,3.0,0.0,1.0,0.0,1.0,5.0,0,2.0,1.0,1.0,,,"-743504,258","-1044964,206","-743504,268","-1044964,515",PRAHA2NovÈMÏsto,PLAVECK¡,,mÌstnÌkomunikace,,,,,,,,,1
2100191565,8,,2019-01-31,4,1251,2,0,0,2,1,2,508,0,0,0,200,2,1,1,1,1,1,1,1,0,0,10,1,2,0,,3,47.0,18,1.0,0.0,1.0,0.0,1.0,5.0,100,2.0,1.0,1.0,,,"-744462,294","-1044400,776","-744463,255","-1044399,430",PRAHA5SmÌchov,,,uzel,,,,,,,,,1
2100191566,5,,2019-01-31,4,1300,1,4,0,2,1,2,503,0,0,0,600,2,1,1,1,1,1,3,1,0,0,0,1,2,0,,3,13.0,05,1.0,0.0,1.0,0.0,1.0,3.0,200,3.0,1.0,1.0,,,"-736285,467","-1046480,698","-736285,301","-1046481,259",PRAHA10Straönice,JIéNÕSPOJKA,,mÌstnÌkomunikace,,,,,,,,,1
2100191567,5,,2019-01-28,1,2560,2,0,0,2,1,0,516,0,0,0,200,2,1,1,1,1,1,2,1,0,0,0,1,2,0,,17,,XX,,,,,,,0,,,,,,"-745950,027","-1042883,549","-745950,184","-1042882,052",PRAHA6-BÿEVNOV,BÃLOHORSK¡,,sledovan·komunikace,,,,,,,,,1
2100191568,6,,2019-01-31,4,820,2,0,0,2,1,2,504,0,0,0,450,2,1,1,1,1,1,1,1,0,0,0,1,3,0,,3,47.0,99,1.0,0.0,1.0,0.0,1.0,5.0,150,2.0,1.0,1.0,,,"-741666,252","-1051456,046","-741662,209","-1051454,135",PRAHA4Lhotka,MIROTICK¡,,˙Ëelov·komunikace,,,,,,,,,1
2100191569,5,,2019-01-31,4,1345,1,2,0,2,1,2,411,0,0,0,1500,2,1,1,1,1,1,2,1,0,5,0,1,2,0,,3,47.0,06,1.0,0.0,1.0,0.0,1.0,1.0,400,2.0,1.0,1.0,,,"-736680,016","-1037129,228","-736678,970","-1037129,230",PRAHA8-œ¡BLICE,CÌnoveck·,,uzel,,,,,,,,,1
2100191570,5,,2019-01-31,4,1346,8,2,0,2,1,2,405,0,0,0,1200,2,1,1,1,1,1,0,7,3,3,0,5,2,10,,3,31.0,15,1.0,0.0,1.0,0.0,1.0,3.0,1000,2.0,1.0,1.0,,,"-738602,949","-1041672,599","-738602,676","-1041673,708",PRAHA8LibeÚ,VACÕNOVAxNAéERTV¡CH,,sledovan·komunikace,,,,,,,,,1
2100191571,6,,2019-01-31,4,2560,2,0,0,2,1,0,516,0,0,0,150,3,1,1,1,1,1,1,1,0,0,0,1,2,0,,17,,XX,,,,,,,0,,,,,,"-748263,424","-1046710,746","-748265,681","-1046708,694",PRAHA5Jinonice,RADLICK¡,,mÌstnÌkomunikace,,,,,,,,,1
2100191572,4,,2019-01-31,4,1330,1,3,0,2,1,2,401,0,0,0,3000,2,1,1,1,1,1,0,1,2,0,0,5,2,19,,3,47.0,14,3.0,0.0,1.0,0.0,1.0,48.0,1500,3.0,1.0,1.0,,,"-750833,005","-1044662,917","-750832,601","-1044664,270",PRAHA6-ÿepy,PLZE“SK¡,,uzel,,,,,,,,,1
2100191573,5,,2019-01-31,4,2560,3,0,3,2,1,0,516,0,0,0,50,2,1,1,1,1,1,2,1,0,5,2,1,1,0,,17,,XX,,,,,,,0,,,,,,"-741645,329","-1042832,475","-741646,516","-1042832,923",PRAHA4,NUSELSK¡,,mÌstnÌkomunikace,,1685070.0,,OpaËn˝kesmÏru˙seku,Pomal˝,554782.0,457418.0,GN_V0.1UIR-ADR_410,1
2100191574,4,,2019-01-31,4,1450,3,0,4,1,1,2,508,0,0,1,10400,2,1,1,1,1,1,0,1,3,3,0,7,1,19,,6,48.0,15,3.0,0.0,1.0,0.0,1.0,83.0,10000,4.0,1.0,1.0,,,"-750204,694","-1038953,432","-750204,643","-1038953,466",PRAHA6-NEBUäICE,TUCHOMÃÿICK¡,,uzel,,,,,,,,,1
2100191575,8,,2019-01-31,4,1400,3,0,6,2,1,2,504,0,0,0,200,2,1,1,1,1,1,1,1,0,0,10,1,1,0,,3,44.0,16,3.0,0.0,1.0,0.0,1.0,5.0,200,2.0,1.0,1.0,,,"-736732,040","-1040194,688","-736732,040","-1040194,688",PRAHA9Prosek,JABLONECK¡,,mÌstnÌkomunikace,,,,,,,,,1
2100191576,6,,2019-01-30,3,1235,2,0,0,2,1,0,516,0,0,0,500,2,1,1,1,1,1,1,1,0,0,0,1,2,0,,3,48.0,18,1.0,0.0,4.0,0.0,1.0,5.0,0,9.0,,,,,"-742182,099","-1044136,812","-742181,337","-1044135,691",PRAHA2VINOHRADY,ÿÕMSK¡,,mÌstnÌkomunikace,,,,,,,,,1
2100191577,6,,2019-01-31,4,1420,1,2,0,2,1,2,410,0,0,0,100,2,1,1,1,1,1,1,1,0,5,0,1,2,0,,3,47.0,16,1.0,0.0,1.0,0.0,1.0,5.0,0,3.0,1.0,1.0,,,"-736024,598","-1045208,463","-736025,630","-1045213,195",PRAHA10Straönice,SLUéEB,,mÌstnÌkomunikace,,,,,,,,,1
2100191578,5,,2019-01-30,3,2560,2,0,0,2,1,0,516,0,0,0,150,2,1,1,1,1,1,2,1,0,0,0,1,2,0,,17,,XX,,,,,,,0,,,,,,"-741940,556","-1044154,605","-741937,262","-1044150,923",PRAHA2Vinohrady,VINOHRADSK¡,,sledovan·komunikace,,,,,,,,,1
2100191579,5,,2019-01-31,4,1520,1,2,0,2,1,2,411,0,0,0,600,2,1,1,1,1,1,3,1,0,5,0,1,2,0,,3,39.0,16,3.0,0.0,1.0,0.0,1.0,1.0,400,2.0,1.0,1.0,,,"-744442,792","-1041138,282","-744444,623","-1041138,164",PRAHA6Dejvice,JUGOSL¡VSK›CHPARTYZ¡NŸ,,sledovan·komunikace,,,,,,,,,1
2100191580,5,,2019-01-31,4,1525,1,4,0,2,1,2,402,0,0,0,400,1,1,1,1,1,1,0,1,3,3,0,5,2,10,,3,27.0,10,1.0,0.0,1.0,0.0,1.0,5.0,200,2.0,1.0,1.0,,,"-741560,399","-1042276,789","-741563,384","-1042276,458",PRAHA7Holeöovice,HL¡VKŸVMOST,,sledovan·komunikace,,,,,,,,,1
2100191581,5,,2019-01-31,4,1545,3,0,2,1,1,2,508,0,0,1,2500,2,2,1,1,1,1,2,1,0,0,0,1,1,0,,3,47.0,11,3.0,0.0,1.0,0.0,1.0,1.0,2000,2.0,1.0,1.0,,,"-735108,525","-1047597,089","-735109,790","-1047596,867",PRAHA10,PRŸMYSLOV¡,,sledovan·komunikace,,,,,,,,,1
2100191582,5,,2019-01-31,4,1620,1,3,0,2,1,2,411,0,0,0,400,2,1,1,1,1,1,3,1,0,5,2,1,2,0,,3,39.0,13,1.0,0.0,1.0,0.0,1.0,3.0,200,3.0,1.0,1.0,,,"-750579,310","-1044540,013","-750578,917","-1044540,718",PRAHA6ÿEPY,PLZE“SK¡,,sledovan·komunikace,,,,,,,,,1
2100191583,5,,2019-01-31,4,1520,1,2,0,2,1,2,411,0,0,0,1200,2,1,1,1,1,1,2,1,0,5,0,1,2,0,,5,62.0,17,9.0,0.0,1.0,0.0,1.0,1.0,400,4.0,1.0,1.0,,,"-735336,582","-1040785,760","-735334,719","-1040783,590",PRAHA9VysoËany,KBELSK¡,,sledovan·komunikace,,,,,,,,,1
2100191584,6,,2019-01-31,4,1630,2,0,0,2,1,2,504,0,0,0,400,1,1,1,1,1,1,1,1,0,0,0,1,2,0,,3,26.0,10,1.0,0.0,1.0,0.0,1.0,5.0,100,2.0,1.0,1.0,,,"-744582,246","-1044601,241","-744580,000","-1044601,241",PRAHA5SmÌchov,KOV¡KŸ,,mÌstnÌkomunikace,,,,,,,,,1
2100191585,5,,2019-01-31,4,1705,1,4,0,2,1,2,503,0,0,0,1400,2,1,1,1,2,1,2,1,0,0,0,1,3,0,,5,19.0,16,3.0,0.0,1.0,0.0,1.0,1.0,500,2.0,1.0,1.0,,,"-731232,621","-1050984,511","-731231,952","-1050985,671",PRAHA10UHÿINÃVES,KEKÿÕéI,,sledovan·komunikace,,,,,,,,,1
2100191586,8,,2019-01-31,4,1645,1,2,0,2,1,2,502,0,0,0,1400,2,1,1,1,1,1,1,1,0,0,10,3,2,0,,3,47.0,08,1.0,0.0,1.0,0.0,1.0,5.0,800,2.0,1.0,1.0,,,"-730874,167","-1042176,460","-730874,215","-1042174,870",PRAHA9(»ERN›MOST),CHLUMECK¡,,sledovan·komunikace,,,,,,,,,1
2100191587,6,,2019-01-31,4,2560,2,0,0,2,1,0,516,0,0,0,800,2,1,1,1,1,1,1,1,0,0,0,1,2,0,,17,,XX,,,,,,,0,,,,,,"-736742,592","-1041193,444","-736738,950","-1041199,640",PRAHA9-VysoËany,SOKOLOVSK¡,,sledovan·komunikace,,,,,,,,,1
2100191588,6,,2019-01-30,3,2560,2,0,0,2,1,0,516,0,0,0,100,2,1,1,1,1,1,1,1,0,0,0,1,2,0,,17,,XX,,,,,,,0,,,,,,"-733794,839","-1049413,449","-733794,788","-1049409,567",PRAHA10HornÌMÏcholupy,LIVORNSK¡,,mÌstnÌkomunikace,,,,,,,,,1
2100191589,5,,2019-01-31,4,1730,1,3,0,2,1,2,410,0,0,0,200,2,1,1,1,4,1,0,1,3,3,0,5,2,10,,3,26.0,15,3.0,0.0,1.0,0.0,1.0,3.0,100,2.0,1.0,1.0,,,"-743075,497","-1044001,003","-743076,053","-1043999,534",PRAHA2NovÈMÏsto,SP¡LEN¡,,uzel,,,,,,,,,1
2100191590,5,,2019-01-31,4,1745,1,4,0,2,1,2,503,0,0,0,1700,2,1,1,1,4,1,2,1,0,0,0,1,2,0,,3,60.0,16,1.0,0.0,1.0,0.0,1.0,1.0,700,2.0,1.0,1.0,,,"-738265,644","-1041430,266","-738266,606","-1041429,916",PRAHA9LibeÚ,»uprova,,uzel,,,,,,,,,1
2100191591,4,,2019-01-31,4,1740,1,3,0,2,1,2,405,0,0,0,1300,2,1,1,1,4,1,0,1,2,0,0,5,2,19,,3,31.0,14,9.0,0.0,1.0,0.0,1.0,61.0,500,2.0,1.0,1.0,,,"-737497,338","-1042440,249","-737497,359","-1042440,268",PRAHA9VysoËany,SPOJOVACÕ,,uzel,,,,,,,,,1
2100191592,5,,2019-01-31,4,1805,1,4,0,2,1,2,503,0,0,0,450,2,1,1,1,4,1,2,1,0,0,0,1,2,0,,3,47.0,07,3.0,0.0,0.0,0.0,1.0,1.0,150,2.0,1.0,1.0,,,"-744799,165","-1048180,362","-744799,159","-1048180,369",PRAHA5HluboËepy,KBARRANDOVU,,uzel,,,,,,,,,1
2100191593,5,,2019-01-29,2,1600,4,0,0,1,1,0,412,0,0,1,0,2,1,1,1,1,1,0,1,3,3,1,5,1,10,,3,13.0,05,3.0,0.0,4.0,0.0,1.0,3.0,0,9.0,,,,,"-739323,571","-1045038,280","-739323,787","-1045042,736",PRAHA10Vröovice,RUSK¡,,sledovan·komunikace,,,,,,,,,1
2100191594,5,,2019-01-31,4,1804,4,0,0,1,3,9,100,0,0,1,50,2,1,1,1,4,1,2,1,0,0,0,1,1,0,,3,13.0,04,1.0,0.0,1.0,0.0,1.0,1.0,50,2.0,1.0,1.0,,,"-738081,013","-1044857,786","-738081,363","-1044858,952",PRAHA10-Straönice,»ernokosteleck·,,sledovan·komunikace,,,,,,,,,1
2100191595,6,,2019-01-31,4,1460,2,0,0,2,1,0,516,0,0,0,500,2,1,1,1,1,1,1,1,0,0,0,1,2,0,,3,2.0,07,1.0,0.0,4.0,0.0,1.0,5.0,0,9.0,,,,,"-738599,256","-1041584,951","-738599,480","-1041584,924",PRAHA8LibeÚ,RONKOVA,,mÌstnÌkomunikace,,,,,,,,,1