IDENTIFIKA»NÕ »ÕSLO,DRUH POZEMNÕ KOMUNIKACE,»ÕSLO POZEMNÕ KOMUNIKACE,"den, mÏsÌc, rok",,Ëas ,DRUH NEHODY,DRUH SR¡éKY JEDOUCÕCH VOZIDEL,DRUH PEVN… PÿEK¡éKY,CHARAKTER NEHODY,ZAVINÃNÕ NEHODY,ALKOHOL U VINÕKA NEHODY PÿÕTOMEN,HLAVNÕ PÿÕ»INY NEHODY,usmrceno osob,tÏûce zranÏno osob,lehce zranÏno osob,CELKOV¡ HMOTN¡ äKODA,DRUH POVRCHU VOZOVKY,STAV POVRCHU VOZOVKY V DOBÃ NEHODY,STAV KOMUNIKACE,POVÃTRNOSTNÕ PODMÕNKY V DOBÃ NEHODY,VIDITELNOST,ROZHLEDOV… POMÃRY,DÃLENÕ KOMUNIKACE,SITUOV¡NÕ NEHODY NA KOMUNIKACI,ÿÕZENÕ PROVOZU V DOBÃ NEHODY,MÕSTNÕ ⁄PRAVA PÿEDNOSTI V JÕZDÃ,SPECIFICK¡ MÕSTA A OBJEKTY V MÕSTÃ NEHODY,SMÃROV… POMÃRY,PO»ET Z⁄»ASTNÃN›CH VOZIDEL,MÕSTO DOPRAVNÕ NEHODY,DRUH KÿIéUJÕCÕ KOMUNIKACE,DRUH VOZIDLA,V›ROBNÕ ZNA»KA MOTOROV…HO VOZIDLA,ROK V›ROBY VOZIDLA,CHARAKTERISTIKA VOZIDLA ,SMYK,VOZIDLO PO NEHODÃ,"⁄NIK PROVOZNÕCH, PÿEPRAVOVAN›CH HMOT",ZPŸSOB VYPROäTÃNÕ OSOB Z VOZIDLA,SMÃR JÕZDY NEBO POSTAVENÕ VOZIDLA,äKODA NA VOZIDLE,KATEGORIE ÿIDI»E,STAV ÿIDI»E,VNÃJäÕ OVLIVNÃNÕ ÿIDI»E,nan.1,nan.2,nan.3,nan.4,nan.5,nan.6,nan.7,nan.8,nan.9,nan.10,nan.11,nan.12,nan.13,nan.14,nan.15,nan.16,nan.17,nan.18,LOKALITA NEHODY
2100191596,4,,2019-01-31,4,1816,1,3,0,1,1,2,405,0,0,1,600,2,1,1,1,4,1,0,1,3,3,2,5,2,19,,3,35.0,12,1.0,0.0,1.0,0.0,1.0,46.0,500,2.0,1.0,1.0,,,"-744238,772","-1038973,156","-744239,714","-1038975,144",PRAHA6DEJVICE,,,uzel,,,,,,,,,1
2100191597,5,,2019-01-31,4,1850,1,4,0,2,1,2,503,0,0,0,1300,2,1,1,1,4,1,2,1,0,0,0,1,2,0,,5,26.0,03,3.0,0.0,1.0,0.0,1.0,1.0,500,2.0,1.0,1.0,,,"-745772,917","-1055044,215","-745772,984","-1055044,110","PRAHA4,Mod¯any",KOMOÿANSK¡,,sledovan·komunikace,,,,,,,,,1
2100191598,5,,2019-01-31,4,1810,1,4,0,2,1,2,503,0,0,0,450,2,1,1,1,4,1,2,1,0,0,0,1,2,0,,3,4.0,00,1.0,0.0,1.0,0.0,1.0,1.0,300,2.0,1.0,1.0,,,"-739763,611","-1046177,788","-739761,690","-1046177,936",PRAHA10,UVRäOVICK…HOHÿBITOVA,,sledovan·komunikace,,,,,,,,,1
2100191599,6,,2019-01-30,3,2560,2,0,0,2,1,0,516,0,0,0,800,2,1,1,1,1,1,1,1,0,0,0,1,2,0,,17,,XX,,,,,,,0,,,,,,"-739065,522","-1042144,803","-739069,107","-1042146,724",PRAHA8-LibeÚ,NAKOPE»KU,,mÌstnÌkomunikace,,,,,,,,,1
2100191600,6,,2019-01-27,0,2560,2,0,0,2,1,0,516,0,0,0,50,2,1,1,1,1,1,1,1,0,0,0,1,2,0,,17,,XX,,,,,,,0,,,,,,"-746931,417","-1041348,866","-746930,972","-1041350,849",PRAHA6Vokovice,AFRICK¡,,mÌstnÌkomunikace,,,,,,,,,1
2100191601,5,,2019-01-31,4,1938,4,0,0,1,1,2,412,0,1,0,50,2,1,1,1,4,1,2,7,0,5,1,1,1,0,,3,4.0,18,3.0,0.0,1.0,0.0,1.0,1.0,50,2.0,1.0,1.0,,,"-739377,484","-1044514,241","-739377,410","-1044512,926",PRAHA3Vinohrady,VINOHRADSK¡,,sledovan·komunikace,,,,,,,,,1
2100191602,5,,2019-01-31,4,1820,1,4,0,2,1,2,503,0,0,0,1250,2,1,1,1,4,1,2,1,0,0,0,1,4,0,,3,22.0,03,1.0,0.0,1.0,0.0,1.0,1.0,300,2.0,1.0,1.0,,,"-742754,460","-1041524,841","-742753,874","-1041524,185",PRAHA7,KORUNOVA»NÕ,,uzel,,,,,,,,,1
2100191603,5,,2019-01-31,4,1910,1,4,0,2,1,2,503,0,0,0,700,2,1,1,1,4,1,4,1,0,0,0,1,2,0,,3,39.0,10,3.0,0.0,1.0,0.0,1.0,1.0,500,3.0,1.0,1.0,,,"-742178,081","-1046627,714","-742173,280","-1046624,816",PRAHA4Nusle,5.KVÃTNA,,sledovan·komunikace,,,,,,,,,1
2100191604,6,,2019-01-31,4,2040,2,0,0,2,1,2,504,0,0,0,320,2,1,1,1,4,1,1,1,0,0,0,1,2,0,,5,13.0,03,3.0,0.0,1.0,0.0,1.0,5.0,20,2.0,1.0,1.0,,,"-747078,658","-1048296,203","-747076,521","-1048297,730",PRAHA5HluboËepy,GRUSSOVA,,mÌstnÌkomunikace,,,,,,,,,1
2100191605,5,,2019-01-31,4,1928,1,3,0,2,1,2,405,0,0,0,3800,2,1,1,1,4,1,0,1,3,3,0,4,2,10,,3,35.0,16,3.0,0.0,1.0,0.0,1.0,1.0,3000,2.0,1.0,1.0,,,"-737872,682","-1041872,056","-737870,057","-1041871,779",PRAHA9,»ESKOMORAVSK¡,,sledovan·komunikace,,,,,,,,,1
10040190004,5,,2019-01-04,5,1820,1,4,0,1,1,2,209,0,0,1,1400,2,3,1,1,6,1,5,1,0,0,0,1,2,0,,7,40.0,15,3.0,0.0,1.0,0.0,1.0,3.0,1000,3.0,1.0,1.0,"-735221,511","-1052819,992","-735221,511","-1052819,992","-735221,861","-1052820,742",PRAHA,BrnÏnsk·,,d·lnice,D1,1556729.0,,OpaËn˝kesmÏru˙seku,Pomal˝,554782.0,507521.0,GN_V0.1UIR-ADR_410,1
10040190012,0,1.0,2019-01-16,3,705,1,4,0,1,1,2,201,0,0,1,700,2,3,1,1,6,1,5,1,0,0,0,1,2,0,,3,47.0,04,1.0,0.0,0.0,0.0,1.0,3.0,500,2.0,1.0,1.0,"-736248,517","-1052106,769","-736248,517","-1052106,769","-736245,056","-1052102,534",,,,d·lnice,D1,3514035.0,,OpaËn˝kesmÏru˙seku,Velmirychl˝,554782.0,507521.0,GN_V0.1UIR-ADR_410,1
10040190029,5,,2019-01-27,0,1750,3,0,4,2,1,2,201,0,0,0,600,2,3,1,1,6,1,5,1,0,0,0,1,1,0,,3,39.0,04,1.0,1.0,1.0,1.0,1.0,3.0,500,2.0,1.0,1.0,"-735027,108","-1052895,796","-735027,108","-1052895,796","-735030,355","-1052903,665",Praha,BrnÏnsk·,,d·lnice,D1,1556729.0,,OpaËn˝kesmÏru˙seku,Rychl˝,554782.0,507521.0,GN_V0.1UIR-ADR_410,1
10040190032,0,1.0,2019-01-30,3,830,1,4,0,2,1,2,201,0,0,0,5100,2,1,1,1,1,1,5,1,0,0,0,1,2,0,,5,19.0,06,3.0,0.0,1.0,1.0,1.0,1.0,500,3.0,1.0,1.0,"-738555,986","-1049905,776","-738555,986","-1049905,776","-738550,816","-1049904,749",,,,d·lnice,D1,3531874.0,,Souhlasn˝sesmÏrem˙seku,Pomal˝,554782.0,507521.0,GN_V0.1UIR-ADR_410,1
10043193006,0,11.0,2019-01-21,1,2255,5,0,0,2,4,0,100,0,0,0,1000,2,1,1,1,6,1,3,1,0,0,0,1,1,0,,3,39.0,11,3.0,0.0,1.0,0.0,1.0,1.0,500,2.0,1.0,1.0,"-729375,14","-1043486,272","-729375,14","-1043486,272","-729377,178","-1043479,071",,,,d·lnice,D11,1481955.0,,Souhlasn˝sesmÏrem˙seku,Pomal˝,554782.0,507890.0,GN_V0.1UIR-ADR_410,1
2100190159,0,0.0,2019-01-04,5,1030,3,0,4,2,1,2,204,0,0,0,600,3,8,1,5,3,1,6,1,0,0,0,1,1,0,,3,4.0,16,2.0,1.0,1.0,0.0,1.0,1.0,500,2.0,1.0,1.0,,,"-737902,382","-1057856,717","-737902,472","-1057856,087",,,,silnice1.t¯Ìdy,D0,1818273.0,,Souhlasn˝sesmÏrem˙seku,Pomal˝,539325.0,,GN_V0.1UIR-ADR_410,2
2100190420,0,0.0,2019-01-10,4,540,3,0,4,2,1,2,204,0,0,0,2500,2,5,1,1,4,1,0,0,0,0,0,1,1,0,,7,26.0,11,3.0,1.0,1.0,0.0,1.0,1.0,2000,4.0,1.0,1.0,,,"-733326,329","-1057084,519","-733325,405","-1057088,548",,,,silnice1.t¯Ìdy,D0,3068605.0,,Souhlasn˝sesmÏrem˙seku,Pomal˝,538167.0,,GN_V0.1UIR-ADR_410,2
10040190001,0,1.0,2019-01-02,3,1245,3,0,3,2,1,2,508,0,0,0,1500,2,1,1,1,1,1,5,1,0,0,0,1,1,0,,3,39.0,16,1.0,0.0,0.0,0.0,1.0,1.0,1000,3.0,1.0,1.0,"-733209,874","-1054109,03","-733209,874","-1054109,03","-733204,836","-1054104,705",,,,d·lnice,D1,3514216.0,,Souhlasn˝sesmÏrem˙seku,Pomal˝,538141.0,,GN_V0.1UIR-ADR_410,2
10040190002,0,1.0,2019-01-03,4,1120,3,0,4,2,1,2,204,0,0,0,200,2,8,1,5,3,1,5,1,0,0,0,2,1,0,,3,1.0,00,2.0,1.0,1.0,0.0,1.0,3.0,150,2.0,1.0,1.0,"-725010,245","-1064400,587","-725010,245","-1064400,587","-725018,945","-1064403,951",,,,d·lnice,D1,3531018.0,,OpaËn˝kesmÏru˙seku,Velmirychl˝,538485.0,,GN_V0.1UIR-ADR_410,2
10040190003,0,1.0,2019-01-03,4,1415,3,0,4,2,1,2,204,0,0,0,350,2,8,1,5,3,1,5,1,0,0,0,3,1,0,,3,2.0,08,1.0,1.0,1.0,0.0,1.0,1.0,200,3.0,1.0,1.0,"-725010,245","-1064400,587","-725010,245","-1064400,587","-725018,945","-1064403,951",,,,d·lnice,D1,3531018.0,,Souhlasn˝sesmÏrem˙seku,OdboËovacÌvpravo,529745.0,,GN_V0.1UIR-ADR_410,2
10040190005,0,1.0,2019-01-05,6,2330,3,0,4,2,1,2,204,0,0,0,1200,3,3,1,1,6,1,5,1,0,0,0,1,1,0,,3,35.0,04,9.0,1.0,1.0,0.0,1.0,3.0,500,2.0,1.0,1.0,"-720710,054","-1070473,431","-720710,054","-1070473,431","-720707,325","-1070469,098",,,,d·lnice,D1,715601.0,,OpaËn˝kesmÏru˙seku,Rychl˝,529745.0,,GN_V0.1UIR-ADR_410,2
10040190006,2,110.0,2019-01-08,2,820,1,3,0,2,1,2,403,0,0,0,300,2,3,1,1,1,1,5,1,3,3,0,4,2,19,2.0,3,39.0,96,1.0,0.0,0.0,0.0,1.0,14.0,100,2.0,1.0,1.0,"-727461,524","-1079455,337","-727469,558","-1079411,958","-727469,469","-1079411,845",Beneöov,Vlaöimsk·,,silnice2.t¯Ìdy,110,392767.0,,Souhlasn˝sesmÏrem˙seku,Pomal˝,529303.0,841.0,GN_V0.1UIR-ADR_410,2
10040190007,0,1.0,2019-01-09,3,1660,2,0,0,2,1,0,508,0,0,0,300,2,8,1,5,3,1,0,0,0,0,10,1,2,0,,17,,XX,,,,,,,0,,,,"-727476,146","-1079501,627","-727476,146","-1079501,627","-727506,468","-1079485,3",,,,mÌstnÌkomunikace,,2799808.0,,Souhlasn˝sesmÏrem˙seku,Rychl˝,530352.0,841.0,GN_V0.1UIR-ADR_410,2
10040190008,0,1.0,2019-01-09,3,2250,3,0,4,2,1,2,204,0,0,0,310,2,3,1,5,7,1,5,1,0,0,0,1,1,0,,3,39.0,08,1.0,1.0,0.0,0.0,1.0,1.0,300,2.0,1.0,1.0,"-731386,607","-1056403,595","-731386,607","-1056403,595","-731381,328","-1056400,532",,,,d·lnice,D1,1658182.0,,Souhlasn˝sesmÏrem˙seku,Rychl˝,564907.0,,GN_V0.1UIR-ADR_410,2
10040190009,0,1.0,2019-01-11,5,1443,1,4,0,2,1,2,201,0,0,0,1250,2,3,1,5,1,1,5,1,0,0,0,1,2,0,,3,31.0,11,1.0,0.0,1.0,0.0,1.0,1.0,200,3.0,1.0,1.0,"-730869,314","-1057290,076","-730860,183","-1057284,705","-730862,498","-1057286,065",,,,d·lnice,D1,1397805.0,,Souhlasn˝sesmÏrem˙seku,Rychl˝,598267.0,,GN_V0.1UIR-ADR_410,2
10040190010,0,1.0,2019-01-12,6,1705,1,3,0,2,1,2,516,0,0,0,900,2,3,1,4,4,1,5,1,0,0,0,1,2,0,,3,26.0,03,3.0,0.0,1.0,0.0,1.0,3.0,400,2.0,1.0,1.0,"-731649,199","-1055921,02","-731655,09","-1055927,447","-731657,016","-1055928,721",,,,d·lnice,D1,3326029.0,,OpaËn˝kesmÏru˙seku,Velmirychl˝,564907.0,,GN_V0.1UIR-ADR_410,2
10040190011,0,1.0,2019-01-14,1,700,1,3,0,2,1,2,508,0,0,0,900,2,1,1,1,4,1,5,1,0,0,0,1,2,0,,7,62.0,13,3.0,0.0,1.0,0.0,1.0,3.0,250,4.0,1.0,1.0,"-725067,668","-1064253,556","-725067,668","-1064253,556","-725074,992","-1064256,454",,,,d·lnice,D1,715076.0,,OpaËn˝kesmÏru˙seku,Pomal˝,538485.0,,GN_V0.1UIR-ADR_410,2
10040190013,0,1.0,2019-01-17,4,1120,1,3,0,2,1,2,516,0,0,0,500,2,2,1,1,1,1,5,4,0,0,9,1,2,0,,7,48.0,16,9.0,0.0,1.0,0.0,1.0,1.0,200,3.0,1.0,1.0,"-718495,502","-1073980,434","-718495,502","-1073980,434","-718493,613","-1073974,031",,,,d·lnice,D1,741379.0,,Souhlasn˝sesmÏrem˙seku,Rychl˝,530352.0,,GN_V0.1UIR-ADR_410,2
10040190014,0,1.0,2019-01-18,5,650,1,2,0,2,1,0,508,0,0,0,400,2,1,1,3,1,1,5,1,0,0,0,1,2,0,,17,,XX,,,,,,,0,,,,"-731982,782","-1055496,157","-731982,782","-1055496,157","-731987,074","-1055499,813",,,,d·lnice,D1,3531823.0,,Souhlasn˝sesmÏrem˙seku,Pomal˝,564907.0,,GN_V0.1UIR-ADR_410,2
10040190015,0,1.0,2019-01-18,5,742,3,0,5,2,7,0,608,0,0,0,210,2,3,1,1,2,1,5,1,0,0,0,1,2,0,,4,39.0,02,1.0,0.0,1.0,0.0,1.0,1.0,0,3.0,1.0,1.0,"-734357,704","-1053211,515","-734357,704","-1053211,515","-734353,783","-1053201,844",,,,d·lnice,D1,2482983.0,,Souhlasn˝sesmÏrem˙seku,Pomal˝,539571.0,,GN_V0.1UIR-ADR_410,2
10040190016,0,1.0,2019-01-17,4,2300,3,0,4,1,1,0,204,0,0,1,500,3,5,1,1,6,1,5,3,0,0,0,1,1,0,,3,13.0,08,1.0,1.0,0.0,0.0,1.0,1.0,400,2.0,1.0,1.0,,,"-717618,427","-1074288,005","-717618,724","-1074288,634",,,,d·lnice,D1,3529798.0,,Souhlasn˝sesmÏrem˙seku,Rychl˝,530352.0,,GN_V0.1UIR-ADR_410,2
10040190017,0,1.0,2019-01-21,1,642,1,4,0,2,1,2,503,0,0,0,800,2,1,1,1,6,1,5,1,0,0,0,1,2,0,,3,47.0,08,1.0,0.0,1.0,0.0,1.0,3.0,500,3.0,1.0,1.0,"-734111,673","-1053299,341","-734111,673","-1053299,341","-734110,369","-1053296,893",,,,d·lnice,D1,1397773.0,,Souhlasn˝sesmÏrem˙seku,Velmirychl˝,539571.0,,GN_V0.1UIR-ADR_410,2
10040190018,0,1.0,2019-01-21,1,650,1,4,0,2,1,2,204,0,0,0,2550,2,3,1,6,7,1,5,1,0,0,0,1,4,0,,3,39.0,18,3.0,0.0,1.0,0.0,1.0,3.0,800,2.0,1.0,1.0,"-733290,856","-1053981,677","-733290,856","-1053981,677","-733290,128","-1053981,051",,,,d·lnice,D1,1876961.0,,OpaËn˝kesmÏru˙seku,Velmirychl˝,538141.0,,GN_V0.1UIR-ADR_410,2
10040190019,0,1.0,2019-01-21,1,650,2,0,0,2,1,2,204,0,0,0,1800,2,3,1,6,6,1,5,1,0,0,0,1,3,0,,3,39.0,04,1.0,0.0,1.0,1.0,1.0,3.0,600,2.0,1.0,1.0,"-733290,856","-1053981,677","-733290,856","-1053981,677","-733289,766","-1053980,742",,,,d·lnice,D1,3529769.0,,OpaËn˝kesmÏru˙seku,Velmirychl˝,538141.0,,GN_V0.1UIR-ADR_410,2
10040190020,0,1.0,2019-01-21,1,915,1,2,0,2,1,2,516,0,0,0,50,2,1,1,1,1,1,5,1,0,0,0,1,2,0,,7,62.0,15,3.0,0.0,1.0,0.0,1.0,1.0,0,4.0,1.0,1.0,"-731479,189","-1056714,39","-731479,189","-1056714,39","-731483,742","-1056723,202",,,,d·lnice,D1,1756837.0,,Souhlasn˝sesmÏrem˙seku,Pomal˝,598267.0,,GN_V0.1UIR-ADR_410,2
10040190021,0,1.0,2019-01-21,1,948,1,4,0,2,1,2,201,0,0,0,20600,2,1,1,1,1,1,5,1,0,0,0,1,2,0,,5,26.0,11,3.0,0.0,2.0,1.0,2.0,3.0,7000,3.0,1.0,1.0,"-732881,613","-1054454,829","-732886,464","-1054459,141","-732882,258","-1054455,526",,,,d·lnice,D1,1876961.0,,OpaËn˝kesmÏru˙seku,Pomal˝,538141.0,,GN_V0.1UIR-ADR_410,2
10040190022,0,1.0,2019-01-21,1,1040,1,4,0,2,1,2,204,0,0,0,4300,2,3,1,6,1,1,5,1,0,0,0,1,3,0,,6,62.0,15,3.0,1.0,1.0,0.0,1.0,3.0,1500,4.0,1.0,1.0,"-730162,784","-1058432,832","-730170,841","-1058436,054","-730171,225","-1058436,279",,,,d·lnice,D1,2763984.0,,OpaËn˝kesmÏru˙seku,Pomal˝,538728.0,,GN_V0.1UIR-ADR_410,2
10040190024,0,1.0,2019-01-22,2,1720,1,3,0,2,1,2,516,0,0,0,1460,2,1,1,1,4,1,5,1,0,0,0,1,2,0,,3,48.0,05,1.0,0.0,1.0,1.0,1.0,3.0,500,4.0,1.0,1.0,"-731537,902","-1056114,27","-731537,902","-1056114,27","-731535,697","-1056112,9",,,,d·lnice,D1,1729431.0,,OpaËn˝kesmÏru˙seku,Rychl˝,564907.0,,GN_V0.1UIR-ADR_410,2
10040190025,0,1.0,2019-01-23,3,345,3,0,3,2,1,2,203,0,0,0,3000,2,1,1,1,6,1,5,1,0,0,0,1,2,0,,4,60.0,02,9.0,1.0,1.0,0.0,1.0,1.0,500,2.0,1.0,1.0,"-726747,305","-1061930,55","-726747,305","-1061930,55","-726744,904","-1061926,554",,,,d·lnice,D1,1601934.0,,Souhlasn˝sesmÏrem˙seku,Pomal˝,538426.0,,GN_V0.1UIR-ADR_410,2
10040190026,0,1.0,2019-01-23,3,1123,1,3,0,2,1,0,516,0,0,0,450,2,1,1,1,1,1,5,1,0,0,0,1,3,0,,17,,XX,,,,,,,0,,,,"-731712,695","-1055844,206","-731712,695","-1055844,206","-731714,786","-1055845,712",,,,d·lnice,D1,3293237.0,,Souhlasn˝sesmÏrem˙seku,Pomal˝,564907.0,,GN_V0.1UIR-ADR_410,2
10040190027,0,1.0,2019-01-24,4,1200,1,1,0,2,7,0,604,0,0,0,350,2,1,1,7,3,1,5,1,0,0,0,1,2,0,,5,26.0,13,8.0,0.0,0.0,0.0,1.0,3.0,150,4.0,1.0,1.0,"-725240,977","-1063824,213","-725240,977","-1063824,213","-725245,475","-1063825,982",,,,d·lnice,D1,3513517.0,,OpaËn˝kesmÏru˙seku,Rychl˝,538485.0,,GN_V0.1UIR-ADR_410,2
10040190028,0,1.0,2019-01-26,6,1100,3,0,9,2,1,2,204,0,0,0,170,2,8,1,5,3,1,5,0,0,0,10,1,1,0,,3,35.0,98,9.0,1.0,1.0,0.0,1.0,1.0,100,2.0,1.0,1.0,"-722030,166","-1069202,027","-722005,996","-1069198,804","-722005,612","-1069198,729",,,,d·lnice,D1,359910.0,,Souhlasn˝sesmÏrem˙seku,Pomal˝,538281.0,,GN_V0.1UIR-ADR_410,2
10040190030,0,1.0,2019-01-29,2,923,3,0,4,2,1,2,201,0,0,0,1250,3,1,1,1,1,1,5,3,0,0,0,1,1,0,,3,39.0,15,3.0,1.0,1.0,1.0,1.0,3.0,1000,3.0,1.0,1.0,"-719104,896","-1073766,864","-719104,896","-1073766,864","-719107,863","-1073774,397",,,,d·lnice,D1,715936.0,,OpaËn˝kesmÏru˙seku,Pomal˝,530352.0,,GN_V0.1UIR-ADR_410,2
10040190031,0,1.0,2019-01-30,3,740,1,4,0,2,1,2,508,0,0,0,1800,2,1,1,1,1,1,5,1,0,0,0,1,2,0,,3,4.0,10,3.0,0.0,1.0,1.0,1.0,1.0,1000,2.0,1.0,1.0,"-731020,862","-1057068,632","-730997,766","-1057055,204","-730998,192","-1057055,452",,,,d·lnice,D1,1352197.0,,Souhlasn˝sesmÏrem˙seku,Pomal˝,598267.0,,GN_V0.1UIR-ADR_410,2
10040190033,0,1.0,2019-02-03,0,1250,3,0,4,2,1,2,204,0,0,0,550,3,3,1,5,3,1,5,1,0,0,0,1,1,0,,3,2.0,12,9.0,1.0,1.0,0.0,1.0,3.0,500,2.0,1.0,1.0,"-719637,598","-1073106,133","-719656,463","-1073110,445","-719656,35","-1073110,42",,,,d·lnice,D1,3068850.0,,OpaËn˝kesmÏru˙seku,Rychl˝,530352.0,,GN_V0.1UIR-ADR_410,2
10040190034,0,1.0,2019-02-03,0,1320,3,0,4,2,1,2,204,0,0,0,850,2,3,1,3,1,1,5,1,0,0,0,1,1,0,,3,39.0,01,1.0,1.0,1.0,1.0,1.0,1.0,600,2.0,1.0,1.0,"-731087,304","-1056915,908","-731087,304","-1056915,908","-731081,402","-1056912,473",,,,d·lnice,D1,1729420.0,,Souhlasn˝sesmÏrem˙seku,Pomal˝,564907.0,,GN_V0.1UIR-ADR_410,2
10040190035,0,1.0,2019-02-03,0,2220,3,0,4,2,1,2,204,0,0,0,550,2,5,1,5,6,1,5,1,0,0,0,1,1,0,,3,17.0,14,1.0,1.0,0.0,0.0,1.0,1.0,400,2.0,1.0,1.0,"-728914,03","-1060597,643","-728914,03","-1060597,643","-728906,923","-1060591,837",,,,d·lnice,D1,3512247.0,,Souhlasn˝sesmÏrem˙seku,Velmirychl˝,538809.0,,GN_V0.1UIR-ADR_410,2
10041191001,0,1.0,2019-01-08,2,644,3,0,4,2,1,2,204,0,0,0,910,3,8,1,5,7,1,3,1,0,0,0,1,1,0,,3,13.0,13,3.0,1.0,1.0,0.0,1.0,1.0,900,2.0,1.0,1.0,"-716707,218","-1074736,914","-716707,218","-1074736,914","-716704,062","-1074730,361",,,,d·lnice,D1,3068856.0,,Souhlasn˝sesmÏrem˙seku,Pomal˝,530352.0,,GN_V0.1UIR-ADR_410,2
10041191002,0,1.0,2019-01-10,4,1521,1,4,0,1,1,2,411,0,1,0,4200,3,3,1,5,3,1,3,1,0,0,0,1,2,0,,6,26.0,11,9.0,0.0,1.0,0.0,1.0,3.0,100,4.0,1.0,1.0,"-697968,379","-1102551,99","-697968,379","-1102551,99","-697969,888","-1102555,771",,,,d·lnice,D1,716762.0,,OpaËn˝kesmÏru˙seku,Rychl˝,532843.0,,GN_V0.1UIR-ADR_410,2
10041191003,0,1.0,2019-01-11,5,455,1,3,0,2,1,2,204,0,0,0,710,2,6,1,6,4,1,3,1,0,0,0,1,2,0,,4,47.0,06,9.0,1.0,0.0,0.0,1.0,1.0,500,2.0,1.0,1.0,,,"-704947,637","-1085729,601","-704947,64","-1085731,193",,,,mÌstnÌkomunikace,,411369.0,,Souhlasn˝sesmÏrem˙seku,Pomal˝,530816.0,,GN_V0.1UIR-ADR_410,2
10041191004,0,1.0,2019-01-15,2,1820,3,0,5,2,7,0,608,0,0,0,1690,2,3,1,4,6,1,3,1,0,0,0,1,3,0,,17,,XX,,,,,,,0,,,,,,"-702280,726","-1090581,574","-702283,567","-1090586,917",,,,d·lnice,D1,427148.0,,Souhlasn˝sesmÏrem˙seku,Rychl˝,599387.0,,GN_V0.1UIR-ADR_410,2
10041191005,0,1.0,2019-01-17,4,820,1,2,0,2,1,2,411,0,0,0,300,2,1,1,1,1,1,3,1,0,0,0,1,2,0,,3,38.0,16,1.0,0.0,1.0,0.0,1.0,1.0,150,2.0,1.0,1.0,"-703429,672","-1089323,849","-703429,672","-1089323,849","-703421,988","-1089321,937",,,,d·lnice,D1,3530230.0,,Souhlasn˝sesmÏrem˙seku,Pomal˝,599387.0,,GN_V0.1UIR-ADR_410,2
10041191006,0,1.0,2019-01-17,4,1655,0,0,0,2,7,0,605,0,0,0,1000,2,3,1,3,2,1,3,1,0,0,0,1,4,0,,7,19.0,15,3.0,0.0,1.0,0.0,1.0,1.0,0,3.0,1.0,1.0,"-702371,619","-1090544,152","-702371,619","-1090544,152","-702369,936","-1090540,988",,,,d·lnice,D1,427148.0,,Souhlasn˝sesmÏrem˙seku,Rychl˝,599387.0,,GN_V0.1UIR-ADR_410,2
10041191007,0,1.0,2019-01-24,4,1335,3,0,4,2,1,2,508,0,0,0,510,2,1,1,1,1,1,3,1,0,0,0,1,1,0,,3,13.0,18,9.0,0.0,0.0,0.0,1.0,1.0,500,3.0,1.0,1.0,"-710878,665","-1081972,773","-710878,665","-1081972,773","-710875,604","-1081971,759",,,,d·lnice,D1,3503904.0,,Souhlasn˝sesmÏrem˙seku,Pomal˝,529621.0,,GN_V0.1UIR-ADR_410,2
10041191008,0,1.0,2019-02-01,5,1702,5,0,0,2,4,0,100,0,0,0,510,2,1,1,1,2,1,3,1,3,5,0,1,1,0,,3,48.0,17,1.0,0.0,1.0,0.0,1.0,1.0,500,3.0,1.0,1.0,"-699243,041","-1096805,801","-699228,581","-1096804,73","-699228,527","-1096804,727",,,,d·lnice,D1,1397918.0,,Souhlasn˝sesmÏrem˙seku,Pomal˝,530093.0,,GN_V0.1UIR-ADR_410,2
10041191009,0,1.0,2019-02-03,0,715,1,2,0,1,1,2,204,0,0,2,2550,3,8,1,5,2,1,3,1,0,0,0,1,2,0,,3,17.0,17,3.0,1.0,1.0,1.0,1.0,3.0,2000,2.0,1.0,1.0,,,"-715071,95","-1075893,949","-715072,898","-1075894,502",,,,d·lnice,D1,3531834.0,,OpaËn˝kesmÏru˙seku,Rychl˝,530352.0,,GN_V0.1UIR-ADR_410,2
10042192001,0,5.0,2019-01-02,3,1146,0,0,0,2,1,0,516,0,0,0,400,2,1,1,1,1,1,0,1,0,0,0,1,1,0,,5,31.0,18,3.0,0.0,1.0,0.0,1.0,1.0,0,3.0,1.0,1.0,,,"-758227,516","-1046908,117","-758229,223","-1046905,69",,,,d·lnice,D5,1351188.0,,Souhlasn˝sesmÏrem˙seku,Pomal˝,531723.0,,GN_V0.1UIR-ADR_410,2
10042192002,0,5.0,2019-01-03,4,750,1,3,0,2,1,2,402,0,0,0,1800,2,3,1,1,2,1,0,1,3,3,0,3,2,0,,5,19.0,14,3.0,0.0,1.0,0.0,1.0,12.0,1000,3.0,1.0,1.0,"-783037,698","-1061559,902","-783037,698","-1061559,902","-783037,665","-1061559,939",,,,d·lnice,D5,3530488.0,,Souhlasn˝sesmÏrem˙seku,Pomal˝,532029.0,,GN_V0.1UIR-ADR_410,2