IDENTIFIKA»NÕ »ÕSLO,DRUH POZEMNÕ KOMUNIKACE,»ÕSLO POZEMNÕ KOMUNIKACE,"den, mÏsÌc, rok",,Ëas ,DRUH NEHODY,DRUH SR¡éKY JEDOUCÕCH VOZIDEL,DRUH PEVN… PÿEK¡éKY,CHARAKTER NEHODY,ZAVINÃNÕ NEHODY,ALKOHOL U VINÕKA NEHODY PÿÕTOMEN,HLAVNÕ PÿÕ»INY NEHODY,usmrceno osob,tÏûce zranÏno osob,lehce zranÏno osob,CELKOV¡ HMOTN¡ äKODA,DRUH POVRCHU VOZOVKY,STAV POVRCHU VOZOVKY V DOBÃ NEHODY,STAV KOMUNIKACE,POVÃTRNOSTNÕ PODMÕNKY V DOBÃ NEHODY,VIDITELNOST,ROZHLEDOV… POMÃRY,DÃLENÕ KOMUNIKACE,SITUOV¡NÕ NEHODY NA KOMUNIKACI,ÿÕZENÕ PROVOZU V DOBÃ NEHODY,MÕSTNÕ ⁄PRAVA PÿEDNOSTI V JÕZDÃ,SPECIFICK¡ MÕSTA A OBJEKTY V MÕSTÃ NEHODY,SMÃROV… POMÃRY,PO»ET Z⁄»ASTNÃN›CH VOZIDEL,MÕSTO DOPRAVNÕ NEHODY,DRUH KÿIéUJÕCÕ KOMUNIKACE,DRUH VOZIDLA,V›ROBNÕ ZNA»KA MOTOROV…HO VOZIDLA,ROK V›ROBY VOZIDLA,CHARAKTERISTIKA VOZIDLA ,SMYK,VOZIDLO PO NEHODÃ,"⁄NIK PROVOZNÕCH, PÿEPRAVOVAN›CH HMOT",ZPŸSOB VYPROäTÃNÕ OSOB Z VOZIDLA,SMÃR JÕZDY NEBO POSTAVENÕ VOZIDLA,äKODA NA VOZIDLE,KATEGORIE ÿIDI»E,STAV ÿIDI»E,VNÃJäÕ OVLIVNÃNÕ ÿIDI»E,nan.1,nan.2,nan.3,nan.4,nan.5,nan.6,nan.7,nan.8,nan.9,nan.10,nan.11,nan.12,nan.13,nan.14,nan.15,nan.16,nan.17,nan.18,LOKALITA NEHODY
10042192003,0,5.0,2019-01-04,5,546,1,2,0,2,1,2,512,0,0,0,900,2,3,1,1,6,1,3,1,0,0,0,1,2,0,,3,39.0,97,1.0,0.0,1.0,0.0,1.0,3.0,100,2.0,1.0,1.0,"-781780,28","-1060297,472","-781780,28","-1060297,472","-781780,492","-1060297,22",,,,d·lnice,D5,3512532.0,,Souhlasn˝sesmÏrem˙seku,Rychl˝,534455.0,,GN_V0.1UIR-ADR_410,2
10042192004,0,5.0,2019-01-04,5,550,3,0,4,2,1,2,204,0,0,0,610,2,8,1,6,6,1,2,3,0,0,0,1,1,0,,3,32.0,03,1.0,1.0,0.0,0.0,1.0,1.0,600,2.0,1.0,1.0,"-761702,75","-1049694,382","-761702,75","-1049694,382","-761722,405","-1049672,029",,,,d·lnice,D5,3068616.0,,Souhlasn˝sesmÏrem˙seku,Pomal˝,531464.0,,GN_V0.1UIR-ADR_410,2
10042192005,0,5.0,2019-01-04,5,1860,1,3,0,2,1,2,302,0,0,0,600,2,3,1,1,6,1,3,1,0,0,0,1,2,0,,5,19.0,06,16.0,0.0,1.0,0.0,1.0,1.0,0,3.0,1.0,1.0,,,"-770735,304","-1054007,896","-770735,911","-1054005,765",,,,d·lnice,D5,3512278.0,,Souhlasn˝sesmÏrem˙seku,Pomal˝,531057.0,,GN_V0.1UIR-ADR_410,2
10042192006,0,5.0,2019-01-08,2,855,1,3,0,2,7,0,615,0,0,0,400,2,3,1,1,1,1,3,1,0,0,0,1,2,0,,17,,XX,,,,,,,0,,,,"-783523,541","-1061964,453","-783252,592","-1061727,926","-783251,837","-1061728,818",,,,d·lnice,D5,3512310.0,,Souhlasn˝sesmÏrem˙seku,Rychl˝,532029.0,,GN_V0.1UIR-ADR_410,2
10042192007,0,5.0,2019-01-09,3,1650,2,0,0,2,1,0,508,0,0,0,300,2,5,1,5,2,1,0,0,0,5,10,3,2,0,,17,,XX,,,,,,,0,,,,"-770740,372","-1054013,397","-770740,372","-1054013,397","-770742,047","-1054007,511",,,,d·lnice,D5,3512278.0,,Souhlasn˝sesmÏrem˙seku,Pomal˝,531057.0,,GN_V0.1UIR-ADR_410,2
10042192008,0,5.0,2019-01-14,1,1060,3,0,6,2,1,2,204,0,0,0,1670,2,3,1,4,1,1,0,0,0,0,10,2,1,0,,3,42.0,05,1.0,1.0,1.0,0.0,1.0,1.0,700,2.0,1.0,1.0,"-785441,293","-1063120,478","-785441,293","-1063120,478","-785439,257","-1063124,838",,,,d·lnice,D5,3513558.0,,Souhlasn˝sesmÏrem˙seku,Pomal˝,532002.0,,GN_V0.1UIR-ADR_410,2
10042192009,0,5.0,2019-01-14,1,1825,1,4,0,2,1,2,204,0,0,0,3200,2,6,1,6,5,1,5,0,0,0,10,1,4,0,,7,48.0,17,3.0,1.0,1.0,0.0,1.0,3.0,1500,3.0,1.0,1.0,"-758428,157","-1046952,489","-758444,795","-1047066,268","-758444,497","-1047066,648",,,,d·lnice,D5,3529809.0,,Souhlasn˝sesmÏrem˙seku,Pomal˝,531146.0,,GN_V0.1UIR-ADR_410,2
10042192010,0,5.0,2019-01-14,1,1906,3,0,3,2,1,0,504,0,0,0,50,2,3,1,1,4,1,0,6,0,0,9,1,1,0,,7,40.0,12,3.0,0.0,1.0,0.0,1.0,1.0,0,3.0,1.0,1.0,"-785427,734","-1063083,114","-785402,51","-1063112,095","-785404,296","-1063108,334",,,,d·lnice,D5,3530472.0,,Souhlasn˝sesmÏrem˙seku,Kolektor,531847.0,,GN_V0.1UIR-ADR_410,2
10042192011,0,5.0,2019-01-15,2,1800,3,0,5,2,7,0,608,0,0,0,520,2,3,1,1,6,1,3,1,0,0,0,1,2,0,,3,48.0,12,1.0,0.0,1.0,0.0,1.0,3.0,20,2.0,1.0,1.0,"-777028,582","-1058273,893","-777028,582","-1058273,893","-777030,869","-1058267,861",,,,d·lnice,D5,3513683.0,,Souhlasn˝sesmÏrem˙seku,Rychl˝,532011.0,,GN_V0.1UIR-ADR_410,2
10042192012,0,5.0,2019-01-09,3,1930,3,0,4,2,1,0,204,0,0,0,900,2,6,1,5,7,1,3,1,0,0,0,1,1,0,,3,13.0,16,1.0,1.0,1.0,0.0,1.0,1.0,900,2.0,1.0,1.0,"-788476,155",-1063993,"-788476,155","-1064000,497","-788476,708","-1063995,677",,,,d·lnice,D5,3513455.0,,Souhlasn˝sesmÏrem˙seku,Rychl˝,531138.0,,GN_V0.1UIR-ADR_410,2
10042192013,0,5.0,2019-01-16,3,2110,3,0,4,2,1,2,204,0,0,0,800,2,6,1,6,7,1,0,1,0,0,0,3,1,0,,3,5.0,05,1.0,1.0,1.0,1.0,1.0,3.0,500,2.0,1.0,1.0,"-766583,857","-1052226,982","-766588,687","-1052210,881","-766588,339","-1052211,516",,,,d·lnice,D5,1398041.0,,Souhlasn˝sesmÏrem˙seku,Pomal˝,531057.0,,GN_V0.1UIR-ADR_410,2
10042192014,0,5.0,2019-01-17,4,1660,1,4,0,2,1,2,201,0,0,0,1700,2,1,1,1,2,1,1,1,0,0,0,1,3,0,,3,8.0,15,3.0,0.0,1.0,0.0,1.0,3.0,500,2.0,8.0,1.0,,,"-756391,646","-1046104,724","-756390,317","-1046108,765",,,,d·lnice,D5,3513527.0,,Souhlasn˝sesmÏrem˙seku,Pomal˝,531723.0,,GN_V0.1UIR-ADR_410,2
10042192015,0,5.0,2019-01-17,4,1700,1,4,0,2,1,2,201,0,0,0,1100,2,1,1,1,2,1,5,1,0,0,0,1,2,0,,3,39.0,06,1.0,1.0,1.0,1.0,1.0,3.0,400,2.0,1.0,1.0,"-766583,857","-1052226,982","-761679,82","-1049637,537","-761680,688","-1049636,457",,,,d·lnice,D5,3068616.0,,OpaËn˝kesmÏru˙seku,Rychl˝,531464.0,,GN_V0.1UIR-ADR_410,2
10042192016,0,5.0,2019-01-17,4,1730,1,4,0,2,1,2,503,0,0,0,500,2,1,1,1,6,1,3,1,0,0,0,1,2,0,,7,26.0,17,3.0,0.0,1.0,0.0,1.0,3.0,300,4.0,1.0,1.0,"-757023,738","-1046345,172","-757023,738","-1046345,172","-757028,669","-1046331,765",,,,d·lnice,D5,3513527.0,,Souhlasn˝sesmÏrem˙seku,Pomal˝,531723.0,,GN_V0.1UIR-ADR_410,2
10042192017,0,5.0,2019-01-19,6,1735,3,0,9,1,7,0,615,0,0,1,900,2,1,1,1,6,1,5,1,0,0,0,1,1,0,,3,7.0,10,1.0,0.0,1.0,0.0,1.0,3.0,800,2.0,1.0,1.0,"-761836,445","-1049791,32","-761836,445","-1049791,32","-761843,366","-1049784,216",,,,d·lnice,D5,3068616.0,,Souhlasn˝sesmÏrem˙seku,Pomal˝,531464.0,,GN_V0.1UIR-ADR_410,2
10042192018,0,5.0,2019-01-20,0,2130,1,2,0,2,1,2,402,0,0,0,50,2,1,1,1,4,1,3,1,3,3,0,1,2,0,,3,2.0,04,1.0,0.0,0.0,0.0,1.0,1.0,20,2.0,1.0,1.0,"-758437,774","-1047019,417","-758430,261","-1047054,839","-758429,952","-1047055,233",,,,d·lnice,D5,3512229.0,,Souhlasn˝sesmÏrem˙seku,Pomal˝,531146.0,,GN_V0.1UIR-ADR_410,2
10042192019,0,5.0,2019-01-24,4,1225,0,0,0,2,1,2,204,0,0,0,610,2,5,1,1,1,1,5,1,0,0,0,1,1,0,,3,99.0,07,9.0,1.0,1.0,0.0,1.0,3.0,600,2.0,1.0,1.0,"-783121,558","-1061649,572","-783121,558","-1061649,572","-783129,149","-1061641,006",,,,d·lnice,D5,3530488.0,,Souhlasn˝sesmÏrem˙seku,Pomal˝,532029.0,,GN_V0.1UIR-ADR_410,2
10042192020,0,5.0,2019-01-28,1,1830,1,4,0,2,1,2,503,0,0,0,1500,2,1,1,1,6,1,3,1,0,0,0,1,3,0,,3,31.0,09,1.0,0.0,1.0,1.0,1.0,1.0,800,2.0,1.0,1.0,"-762084,013","-1050031,899","-762084,013","-1050031,899","-762080,596","-1050034,482",,,,d·lnice,D5,860289.0,,Souhlasn˝sesmÏrem˙seku,Rychl˝,531464.0,,GN_V0.1UIR-ADR_410,2
10042192021,0,5.0,2019-01-29,2,1428,0,0,0,2,1,0,516,0,0,0,30,2,1,1,1,1,1,3,1,0,0,0,1,2,0,,7,48.0,16,3.0,0.0,1.0,0.0,1.0,1.0,0,3.0,1.0,1.0,"-766664,696","-1052231,015","-766664,696","-1052231,015","-766661,075","-1052237,294",,,,d·lnice,D5,857013.0,,Souhlasn˝sesmÏrem˙seku,Pomal˝,531057.0,,GN_V0.1UIR-ADR_410,2
10042192022,0,5.0,2019-02-02,6,2110,3,0,4,2,1,9,209,0,0,0,1200,2,1,1,1,6,1,5,1,0,0,0,1,1,0,,3,60.0,07,1.0,1.0,0.0,1.0,1.0,3.0,800,2.0,5.0,0.0,"-759756,629","-1048436,819","-759765,216","-1048431,988","-759764,922","-1048432,323",,,,d·lnice,D5,3513496.0,,Souhlasn˝sesmÏrem˙seku,Pomal˝,531723.0,,GN_V0.1UIR-ADR_410,2
10042192023,0,5.0,2019-02-03,0,750,0,0,0,2,1,2,204,0,0,0,400,2,8,1,5,3,1,3,1,0,0,0,1,1,0,,3,22.0,03,1.0,0.0,0.0,0.0,1.0,1.0,400,2.0,1.0,1.0,"-764153,083","-1051177,719","-764153,083","-1051177,719","-764155,751","-1051173,71",,,,d·lnice,D5,3529815.0,,Souhlasn˝sesmÏrem˙seku,Pomal˝,531944.0,,GN_V0.1UIR-ADR_410,2
10042192024,0,5.0,2019-02-03,0,1121,3,0,4,2,1,2,204,0,0,0,700,2,8,1,5,1,1,3,2,0,0,0,1,1,0,,3,39.0,09,1.0,1.0,1.0,0.0,1.0,3.0,500,2.0,1.0,1.0,"-784730,27","-1062777,143","-784730,27","-1062777,143","-784732,188","-1062773,812",,,,d·lnice,D5,3513560.0,,Souhlasn˝sesmÏrem˙seku,Pomal˝,531847.0,,GN_V0.1UIR-ADR_410,2
10042192025,0,5.0,2019-02-03,0,1200,0,0,0,2,1,2,204,0,0,0,100,2,8,1,5,3,1,3,1,0,0,0,1,1,0,,3,26.0,08,9.0,0.0,0.0,0.0,1.0,1.0,0,2.0,1.0,1.0,"-785408,489","-1063091,188","-785398,292","-1063102,995","-785397,328","-1063105,024",,,,d·lnice,D5,3530472.0,,Souhlasn˝sesmÏrem˙seku,Pomal˝,531847.0,,GN_V0.1UIR-ADR_410,2
10043193001,0,11.0,2019-01-03,4,425,3,0,5,2,1,2,209,0,0,0,150,2,1,1,1,6,1,3,1,0,0,0,1,1,0,,3,39.0,09,11.0,0.0,1.0,0.0,1.0,3.0,150,3.0,1.0,1.0,"-701878,995","-1044844,774","-701878,995","-1044844,774","-701878,91","-1044845,216",,,,d·lnice,D11,3457014.0,,OpaËn˝kesmÏru˙seku,Pomal˝,537764.0,,GN_V0.1UIR-ADR_410,2
10043193002,3,6111.0,2019-01-05,6,1550,3,0,4,2,1,2,204,0,0,0,200,2,3,1,4,3,1,2,8,3,3,0,5,1,19,3.0,3,39.0,97,1.0,0.0,0.0,0.0,1.0,21.0,100,2.0,1.0,1.0,"-722188,187","-1041971,412","-722188,187","-1041971,412","-722190,924","-1041972,137",,,,silnice3.t¯Ìdy,6111,807742.0,,OpaËn˝kesmÏru˙seku,Pomal˝,538272.0,,GN_V0.1UIR-ADR_410,2
10043193003,0,11.0,2019-01-06,0,1645,5,0,0,2,4,0,100,0,0,0,441,2,1,1,1,2,1,3,1,0,0,0,1,1,0,,3,7.0,11,1.0,0.0,1.0,0.0,1.0,1.0,300,3.0,1.0,1.0,"-709155,306","-1042947,363","-709155,306","-1042947,363","-709154,248","-1042941,59",,,,d·lnice,D11,712161.0,,Souhlasn˝sesmÏrem˙seku,Pomal˝,534871.0,,GN_V0.1UIR-ADR_410,2
10043193004,0,11.0,2019-01-08,2,2151,3,0,3,2,1,0,504,0,0,0,20,2,3,1,1,4,1,3,0,0,0,10,1,1,0,,5,19.0,07,3.0,0.0,1.0,0.0,1.0,1.0,0,3.0,1.0,1.0,"-710890,908","-1042270,108","-710861,453","-1042269,037","-710861,98","-1042269,794",,,,d·lnice,D11,3513613.0,,Souhlasn˝sesmÏrem˙seku,Pomal˝,534871.0,,GN_V0.1UIR-ADR_410,2
10043193005,0,11.0,2019-01-17,4,1820,0,0,0,2,7,0,605,0,0,0,700,2,1,1,1,6,1,3,1,0,0,0,1,3,0,,6,10.0,08,3.0,0.0,1.0,0.0,1.0,1.0,0,3.0,1.0,1.0,"-695059,129","-1045608,331","-695059,129","-1045608,331","-695056,966","-1045594,482",,,,d·lnice,D11,3532799.0,,Souhlasn˝sesmÏrem˙seku,Pomal˝,537683.0,,GN_V0.1UIR-ADR_410,2
10043193007,0,11.0,2019-01-25,5,1710,3,0,4,2,1,2,209,0,0,0,1000,2,1,1,1,2,1,3,3,0,0,0,1,1,0,,3,39.0,04,1.0,1.0,1.0,1.0,1.0,3.0,500,2.0,1.0,1.0,"-707513,658","-1043297,539","-707513,658","-1043297,539","-707516,72","-1043305,875",,,,d·lnice,D11,1357120.0,,OpaËn˝kesmÏru˙seku,Pomal˝,537179.0,,GN_V0.1UIR-ADR_410,2
10043193008,0,11.0,2019-01-30,3,1429,3,0,4,2,1,2,509,0,0,0,1000,2,1,1,1,1,1,3,4,0,0,9,1,1,0,,3,47.0,12,1.0,0.0,1.0,0.0,1.0,1.0,700,2.0,1.0,1.0,"-710994,646","-1042203,061","-710982,864","-1042182,711","-710983,198","-1042183,161",,,,d·lnice,D11,3513613.0,,Souhlasn˝sesmÏrem˙seku,Pomal˝,534871.0,,GN_V0.1UIR-ADR_410,2
10043193009,0,11.0,2019-02-02,6,1120,3,0,9,2,1,2,509,0,0,0,350,2,1,1,1,1,1,3,8,0,0,10,1,1,0,,5,32.0,15,3.0,0.0,0.0,0.0,1.0,1.0,150,3.0,1.0,1.0,"-710966,742","-1042209,65","-710966,742","-1042209,65","-710959,911","-1042200,453",,,,d·lnice,D11,3513613.0,,Souhlasn˝sesmÏrem˙seku,Pomal˝,534871.0,,GN_V0.1UIR-ADR_410,2
10043193010,0,11.0,2019-02-03,0,1020,3,0,4,2,1,2,204,0,0,0,1900,2,8,1,5,3,1,3,3,0,0,0,1,1,0,,3,47.0,17,3.0,1.0,0.0,0.0,1.0,3.0,1500,2.0,1.0,1.0,"-688133,193","-1046795,04","-688133,193","-1046795,04","-688132,727","-1046793,686",,,,d·lnice,D11,1697720.0,,Souhlasn˝sesmÏrem˙seku,Pomal˝,537586.0,,GN_V0.1UIR-ADR_410,2
10044194001,0,8.0,2019-01-01,2,1600,3,0,3,2,1,2,204,0,0,0,700,2,3,1,1,1,1,3,1,0,0,0,3,1,0,,3,39.0,08,1.0,0.0,0.0,0.0,1.0,1.0,500,3.0,1.0,1.0,"-743654,819","-1024878,232","-743654,819","-1024878,232","-743653,689","-1024879,713",,,,d·lnice,D8,1397468.0,,Souhlasn˝sesmÏrem˙seku,Pomal˝,538647.0,,GN_V0.1UIR-ADR_410,2
10044194002,0,8.0,2019-01-01,2,2030,3,0,3,2,1,2,204,0,0,0,850,2,3,1,4,7,1,3,1,0,0,0,1,1,0,,3,13.0,01,7.0,1.0,1.0,0.0,1.0,1.0,300,3.0,1.0,1.0,"-739287,438","-1033560,803","-739287,438","-1033560,803","-739292,246","-1033558,762",,,,d·lnice,D8,1397474.0,,Souhlasn˝sesmÏrem˙seku,Pomal˝,598283.0,,GN_V0.1UIR-ADR_410,2
10044194004,0,8.0,2019-01-05,6,930,1,1,0,2,1,2,516,0,0,0,250,2,3,1,3,1,1,3,1,0,0,0,1,2,0,,4,44.0,96,3.0,0.0,1.0,0.0,1.0,1.0,0,3.0,1.0,1.0,"-741777,457","-1027628,505","-741777,457","-1027628,505","-741777,825","-1027628,835",,,,d·lnice,D8,3068671.0,,Souhlasn˝sesmÏrem˙seku,Pomal˝,538574.0,,GN_V0.1UIR-ADR_410,2
10044194007,0,8.0,2019-01-13,0,1938,1,2,0,2,1,2,411,0,0,0,1000,2,3,1,1,6,1,3,1,0,0,0,1,2,0,,3,39.0,15,3.0,0.0,1.0,0.0,1.0,3.0,600,2.0,1.0,1.0,"-757514,396","-1000824,142","-757514,396","-1000824,142",,,,,,,,,,,,,,GN_V0.1UIR-ADR_410,2
10044194008,0,8.0,2019-01-16,3,650,5,0,0,2,4,0,100,0,0,0,600,2,1,1,1,6,1,3,1,0,0,0,1,1,0,,3,17.0,17,3.0,0.0,1.0,0.0,1.0,1.0,500,2.0,1.0,1.0,"-743930,106","-1023097,417","-743930,106","-1023097,417","-743935,109","-1023099,23",,,,d·lnice,D8,1349127.0,,Souhlasn˝sesmÏrem˙seku,Pomal˝,535389.0,,GN_V0.1UIR-ADR_410,2
10044194009,0,8.0,2019-01-16,3,1420,1,4,0,2,1,2,503,0,0,0,400,2,1,1,1,1,1,3,1,0,0,0,1,2,0,,3,39.0,99,1.0,0.0,1.0,0.0,1.0,1.0,100,2.0,1.0,1.0,"-739078,831","-1033605,245","-739076,689","-1033591,322","-739076,595","-1033591,293",,,,d·lnice,D8,739816.0,,Souhlasn˝sesmÏrem˙seku,Pomal˝,598283.0,,GN_V0.1UIR-ADR_410,2
10044194010,0,8.0,2019-01-17,4,1530,1,4,0,2,1,2,411,0,0,0,1000,2,1,1,1,1,1,3,1,0,0,0,1,2,0,,3,7.0,18,3.0,0.0,0.0,0.0,1.0,3.0,500,2.0,1.0,1.0,"-739896,347","-1030480,499","-739896,347","-1030480,499","-739892,236","-1030479,583",,,,d·lnice,D8,3531249.0,,Souhlasn˝sesmÏrem˙seku,Pomal˝,538329.0,,GN_V0.1UIR-ADR_410,2
10044194011,0,8.0,2019-01-18,5,1004,3,0,9,2,1,2,508,0,0,0,50,2,1,1,1,1,1,3,1,0,0,0,1,1,0,,3,39.0,18,3.0,0.0,0.0,0.0,1.0,3.0,0,2.0,1.0,1.0,"-738798,701","-1034339,719","-738798,701","-1034339,719","-738811,704","-1034335,118",,,,mÌstnÌkomunikace,,1687759.0,,Souhlasn˝sesmÏrem˙seku,Pomal˝,539058.0,,GN_V0.1UIR-ADR_410,2
10044194012,0,8.0,2019-01-20,0,2100,1,2,0,2,1,2,508,0,0,0,1600,2,1,1,1,6,1,3,1,0,0,0,1,2,0,,3,39.0,18,3.0,0.0,0.0,0.0,1.0,3.0,1000,2.0,1.0,1.0,"-739625,481","-1032306,015","-739625,481","-1032306,015","-739619,793","-1032305,039",,,,d·lnice,D8,239312.0,,Souhlasn˝sesmÏrem˙seku,Pomal˝,598283.0,,GN_V0.1UIR-ADR_410,2
10044194013,0,8.0,2019-01-27,0,1450,1,4,0,2,1,2,508,0,0,0,1000,2,3,1,1,1,1,3,1,0,0,0,1,2,0,,3,35.0,18,9.0,0.0,0.0,0.0,1.0,3.0,600,2.0,1.0,1.0,"-746722,623","-1017621,436","-746722,623","-1017621,436","-746717,365","-1017617,863",,,,d·lnice,D8,3513573.0,,Souhlasn˝sesmÏrem˙seku,Pomal˝,535117.0,,GN_V0.1UIR-ADR_410,2
10044194014,0,8.0,2019-01-30,3,118,3,0,3,2,1,2,209,0,0,0,1200,2,1,1,1,4,1,3,4,0,0,0,3,1,0,,3,4.0,09,1.0,0.0,0.0,0.0,1.0,1.0,1000,0.0,1.0,1.0,"-738730,651","-1034338,27","-738730,651","-1034338,27","-738723,396","-1034338,867",,,,mÌstnÌkomunikace,,710365.0,,Souhlasn˝sesmÏrem˙seku,Pomal˝,539058.0,,GN_V0.1UIR-ADR_410,2
10106190001,1,3.0,2019-01-01,2,240,3,0,1,1,1,9,204,0,0,1,550,2,3,1,1,6,1,2,1,1,0,0,3,1,0,,3,39.0,05,3.0,1.0,0.0,0.0,1.0,3.0,500,2.0,5.0,1.0,"-732985,928","-1096694,482","-732985,928","-1096694,482","-732993,671","-1096697,782",,,,silnice1.t¯Ìdy,3,2796340.0,,OpaËn˝kesmÏru˙seku,Pomal˝,530905.0,,GN_V0.1UIR-ADR_410,2
10106190002,1,3.0,2019-01-01,2,1220,3,0,1,1,1,2,508,0,0,3,2050,2,1,1,1,1,1,1,8,0,0,0,1,1,0,,3,17.0,09,1.0,0.0,0.0,0.0,1.0,3.0,2000,2.0,1.0,1.0,"-729977,024","-1082565,128","-729977,024","-1082565,128","-729972,124","-1082565,155",,,,silnice1.t¯Ìdy,3,3294123.0,,Souhlasn˝sesmÏrem˙seku,Pomal˝,529451.0,,GN_V0.1UIR-ADR_410,2
10106190003,6,,2019-01-02,3,1410,9,0,0,1,1,2,204,0,0,2,500,2,8,1,5,3,1,0,9,0,0,0,1,1,0,,3,35.0,01,1.0,1.0,0.0,0.0,1.0,5.0,500,3.0,1.0,1.0,"-704206,131","-1095971,242","-704206,131","-1095971,242","-704207,211","-1095971,993",,,,mÌstnÌkomunikace,,2046005.0,,,Pomal˝,530191.0,,GN_V0.1UIR-ADR_410,2
10106190004,2,121.0,2019-01-02,3,1640,9,0,0,2,1,2,201,0,0,0,1000,2,8,1,1,6,1,1,1,0,0,0,2,1,0,,3,13.0,07,1.0,1.0,0.0,0.0,1.0,1.0,1000,2.0,1.0,1.0,"-735462,82","-1095020,239","-735462,82","-1095020,239","-735459,481","-1095025,777",,,,silnice2.t¯Ìdy,121,1575453.0,,Souhlasn˝sesmÏrem˙seku,Pomal˝,530905.0,,GN_V0.1UIR-ADR_410,2
10106190005,3,11216.0,2019-01-02,3,2000,9,0,0,2,1,2,204,0,0,0,400,2,8,1,5,7,1,0,1,0,0,0,1,1,0,,3,39.0,01,1.0,1.0,1.0,0.0,1.0,5.0,400,2.0,1.0,1.0,"-709113,742","-1096564,883","-709113,742","-1096564,883","-709111,941","-1096564,232",,,,silnice3.t¯Ìdy,11216,1698317.0,,Souhlasn˝sesmÏrem˙seku,Pomal˝,529788.0,,GN_V0.1UIR-ADR_410,2
10106190006,3,10614.0,2019-01-03,4,540,3,0,1,2,1,2,201,0,0,0,100,2,6,1,1,6,1,1,8,0,0,0,3,1,0,,3,39.0,04,1.0,1.0,0.0,0.0,1.0,3.0,100,2.0,1.0,1.0,"-731292,075","-1078995,816","-731292,075","-1078995,816","-731302,831","-1079026,625",,,,silnice3.t¯Ìdy,10614,2797267.0,,OpaËn˝kesmÏru˙seku,Pomal˝,529303.0,,GN_V0.1UIR-ADR_410,2
10106190007,2,112.0,2019-01-03,4,815,5,0,0,2,4,0,100,0,0,0,500,2,3,1,5,1,1,1,1,0,0,0,1,1,0,,3,39.0,17,1.0,0.0,0.0,0.0,1.0,1.0,500,3.0,1.0,1.0,"-731292,075","-1078995,816","-718934,073","-1086745,916","-718926,145","-1086744,554",,,,silnice2.t¯Ìdy,112,3231483.0,,OpaËn˝kesmÏru˙seku,Pomal˝,529818.0,,GN_V0.1UIR-ADR_410,2
10106190008,3,1257.0,2019-01-03,4,1155,1,3,0,2,1,2,204,0,0,0,1420,2,8,1,5,3,1,1,1,0,0,0,3,2,0,,3,32.0,13,1.0,1.0,0.0,0.0,1.0,3.0,500,2.0,1.0,1.0,,,"-715761,108","-1089750,144","-715761,28","-1089750,388",,,,silnice3.t¯Ìdy,1257,1252307.0,,Souhlasn˝sesmÏrem˙seku,Pomal˝,529931.0,,GN_V0.1UIR-ADR_410,2
10106190009,2,112.0,2019-01-03,4,1115,3,0,6,2,1,2,204,0,0,0,510,2,6,1,5,1,1,1,1,3,3,0,4,1,19,2.0,5,19.0,17,3.0,1.0,0.0,0.0,1.0,34.0,500,3.0,1.0,1.0,"-718944,398","-1086879,866","-718944,398","-1086879,866","-718939,221","-1086881,838",,,,silnice2.t¯Ìdy,112,3231483.0,,OpaËn˝kesmÏru˙seku,Pomal˝,529818.0,,GN_V0.1UIR-ADR_410,2
10106190010,3,1261.0,2019-01-03,4,1440,1,1,0,2,1,2,204,0,0,0,1310,2,6,1,5,3,1,1,1,0,0,0,3,2,0,,3,47.0,04,3.0,0.0,0.0,0.0,1.0,3.0,800,3.0,1.0,1.0,"-703600,576","-1091548,228","-703600,576","-1091548,228","-703601,33","-1091549,616",TRHOV›äTÃP¡NOV-DUBÃJOVICE,,,silnice3.t¯Ìdy,1261,2882248.0,,OpaËn˝kesmÏru˙seku,Pomal˝,530816.0,,GN_V0.1UIR-ADR_410,1
10106190011,3,11447.0,2019-01-03,4,1320,3,0,9,2,1,2,204,0,0,0,930,2,6,1,5,1,1,1,1,0,0,0,3,1,0,,5,47.0,09,3.0,1.0,0.0,0.0,1.0,1.0,900,2.0,1.0,1.0,"-739253,55","-1083807,425","-739253,55","-1083807,425","-739265,759","-1083807,569",Maröovice,,,silnice3.t¯Ìdy,11447,1009065.0,,OpaËn˝kesmÏru˙seku,Pomal˝,530115.0,,GN_V0.1UIR-ADR_410,1
10106190012,3,331.0,2019-01-03,4,1231,1,2,0,2,1,4,204,0,0,0,1020,2,6,1,6,1,1,1,1,0,0,0,3,2,0,,3,47.0,13,1.0,1.0,0.0,0.0,1.0,3.0,800,2.0,3.0,1.0,"-737509,35","-1091234,648","-737509,35","-1091234,648","-737508,023","-1091228,33",,,,mÌstnÌkomunikace,00331a,2797630.0,,Souhlasn˝sesmÏrem˙seku,Pomal˝,530948.0,,GN_V0.1UIR-ADR_410,2
10106190013,1,3.0,2019-01-03,4,1910,1,3,0,2,1,2,403,0,0,0,1900,2,8,1,5,7,1,1,1,3,3,0,4,2,19,2.0,3,7.0,08,1.0,0.0,0.0,0.0,1.0,31.0,700,2.0,1.0,1.0,"-729368,615","-1079748,496","-729383,656","-1079757,628","-729382,999","-1079757,64",,,,silnice1.t¯Ìdy,3,393844.0,,OpaËn˝kesmÏru˙seku,Pomal˝,529303.0,337.0,GN_V0.1UIR-ADR_410,2