IDENTIFIKA»NÕ »ÕSLO,DRUH POZEMNÕ KOMUNIKACE,»ÕSLO POZEMNÕ KOMUNIKACE,"den, mÏsÌc, rok",,Ëas ,DRUH NEHODY,DRUH SR¡éKY JEDOUCÕCH VOZIDEL,DRUH PEVN… PÿEK¡éKY,CHARAKTER NEHODY,ZAVINÃNÕ NEHODY,ALKOHOL U VINÕKA NEHODY PÿÕTOMEN,HLAVNÕ PÿÕ»INY NEHODY,usmrceno osob,tÏûce zranÏno osob,lehce zranÏno osob,CELKOV¡ HMOTN¡ äKODA,DRUH POVRCHU VOZOVKY,STAV POVRCHU VOZOVKY V DOBÃ NEHODY,STAV KOMUNIKACE,POVÃTRNOSTNÕ PODMÕNKY V DOBÃ NEHODY,VIDITELNOST,ROZHLEDOV… POMÃRY,DÃLENÕ KOMUNIKACE,SITUOV¡NÕ NEHODY NA KOMUNIKACI,ÿÕZENÕ PROVOZU V DOBÃ NEHODY,MÕSTNÕ ⁄PRAVA PÿEDNOSTI V JÕZDÃ,SPECIFICK¡ MÕSTA A OBJEKTY V MÕSTÃ NEHODY,SMÃROV… POMÃRY,PO»ET Z⁄»ASTNÃN›CH VOZIDEL,MÕSTO DOPRAVNÕ NEHODY,DRUH KÿIéUJÕCÕ KOMUNIKACE,DRUH VOZIDLA,V›ROBNÕ ZNA»KA MOTOROV…HO VOZIDLA,ROK V›ROBY VOZIDLA,CHARAKTERISTIKA VOZIDLA ,SMYK,VOZIDLO PO NEHODÃ,"⁄NIK PROVOZNÕCH, PÿEPRAVOVAN›CH HMOT",ZPŸSOB VYPROäTÃNÕ OSOB Z VOZIDLA,SMÃR JÕZDY NEBO POSTAVENÕ VOZIDLA,äKODA NA VOZIDLE,KATEGORIE ÿIDI»E,STAV ÿIDI»E,VNÃJäÕ OVLIVNÃNÕ ÿIDI»E,nan.1,nan.2,nan.3,nan.4,nan.5,nan.6,nan.7,nan.8,nan.9,nan.10,nan.11,nan.12,nan.13,nan.14,nan.15,nan.16,nan.17,nan.18,LOKALITA NEHODY
10106190014,3,1247.0,2019-01-03,4,1830,1,2,0,2,1,2,504,0,0,0,400,2,6,1,5,4,1,1,1,0,0,0,1,2,0,,9,0.0,10,3.0,0.0,0.0,0.0,1.0,1.0,0,3.0,1.0,1.0,"-732830,778","-1102320,679","-732830,778","-1102320,679","-732831,942","-1102327,748",MiliËÌn,,,silnice3.t¯Ìdy,1247,3116116.0,,OpaËn˝kesmÏru˙seku,Pomal˝,530166.0,,GN_V0.1UIR-ADR_410,1
10106190015,6,,2019-01-01,2,2560,2,0,0,2,1,0,504,0,0,0,100,2,1,1,1,1,1,0,0,0,0,0,1,2,0,,17,,XX,,,,,,,0,,,,,,"-719917,576","-1071491,741","-719917,34","-1071491,564",,,,mÌstnÌkomunikace,,2577624.0,,Souhlasn˝sesmÏrem˙seku,Pomal˝,530921.0,,GN_V0.1UIR-ADR_410,2
10106190016,3,1261.0,2019-01-03,4,1400,3,0,4,2,1,0,204,0,0,0,350,2,6,1,1,1,1,1,8,0,0,0,3,1,0,,3,60.0,10,1.0,0.0,0.0,0.0,1.0,1.0,200,3.0,1.0,1.0,"-703602,631","-1097146,622","-703599,408","-1097165,959","-703597,089","-1097166,173",Strojetice,,,silnice3.t¯Ìdy,1261,1017444.0,,Souhlasn˝sesmÏrem˙seku,Pomal˝,599361.0,,GN_V0.1UIR-ADR_410,1
10106190017,2,110.0,2019-01-04,5,1425,1,1,0,1,1,2,414,0,0,4,820,2,3,1,1,1,1,1,1,0,0,5,3,2,0,,3,47.0,15,1.0,0.0,0.0,0.0,1.0,3.0,800,2.0,1.0,1.0,"-712378,977","-1071564,728","-712385,423","-1071580,305","-712385,076","-1071580,42",S·zava,BENEäOVSK¡,,silnice2.t¯Ìdy,110,2382553.0,,OpaËn˝kesmÏru˙seku,Pomal˝,534382.0,246450.0,GN_V0.1UIR-ADR_410,1
10106190018,2,105.0,2019-01-04,5,1650,5,0,0,2,4,0,100,0,0,0,610,2,3,1,1,2,1,1,1,0,0,0,3,1,0,,3,13.0,10,1.0,0.0,0.0,0.0,1.0,1.0,600,2.0,1.0,1.0,"-740597,765","-1074439,458","-740597,765","-1074439,458","-740598,289","-1074439,172",,,,silnice2.t¯Ìdy,105,379830.0,,OpaËn˝kesmÏru˙seku,Pomal˝,530298.0,,GN_V0.1UIR-ADR_410,2
10106190019,2,110.0,2019-01-05,6,650,3,0,1,2,1,2,204,0,0,0,510,2,6,1,1,6,1,1,1,1,0,0,3,1,0,,3,39.0,15,1.0,1.0,0.0,0.0,1.0,1.0,500,2.0,1.0,1.0,"-716464,181","-1073822,238","-716464,181","-1073822,238","-716463,774","-1073822,582",,,,silnice2.t¯Ìdy,110,2013981.0,,Souhlasn˝sesmÏrem˙seku,Pomal˝,532614.0,,GN_V0.1UIR-ADR_410,2
10106190020,2,121.0,2019-01-04,5,2140,3,0,3,2,1,2,205,0,0,0,1520,2,6,1,1,6,1,1,1,0,0,0,3,1,0,,3,41.0,07,1.0,0.0,0.0,0.0,1.0,3.0,1500,3.0,1.0,1.0,"-745867,868","-1102418,304","-745867,868","-1102418,304","-745868,752","-1102416,951",,,,silnice2.t¯Ìdy,121,1575533.0,,Souhlasn˝sesmÏrem˙seku,Pomal˝,530573.0,,GN_V0.1UIR-ADR_410,2
10106190021,2,150.0,2019-01-05,6,1835,5,0,0,2,4,0,100,0,0,0,210,2,3,1,3,7,1,1,1,0,0,0,1,1,0,,3,13.0,05,1.0,0.0,0.0,0.0,1.0,1.0,200,3.0,1.0,1.0,"-706338,1","-1100578,616","-706338,1","-1100578,616","-706343,357","-1100572,573",,,,silnice2.t¯Ìdy,150,2881508.0,,Souhlasn˝sesmÏrem˙seku,Pomal˝,529486.0,,GN_V0.1UIR-ADR_410,2
10106190022,1,3.0,2019-01-05,6,1901,1,4,0,2,1,2,503,0,0,0,2000,2,3,1,4,7,1,1,1,3,3,0,5,2,19,6.0,3,13.0,08,1.0,0.0,0.0,0.0,1.0,12.0,1200,2.0,1.0,1.0,"-729476,104","-1080708,465","-729471,807","-1080683,755","-729471,097","-1080683,899",,,,silnice1.t¯Ìdy,3,396436.0,,Souhlasn˝sesmÏrem˙seku,Pomal˝,529303.0,388.0,GN_V0.1UIR-ADR_410,2
10106190023,6,,2019-01-06,0,1420,1,1,0,2,1,2,501,0,0,0,1400,2,1,1,1,1,1,1,1,3,5,0,5,2,10,6.0,3,47.0,06,1.0,0.0,0.0,0.0,1.0,5.0,800,2.0,1.0,1.0,"-743257,975","-1101777,985","-743257,975","-1101777,985","-743250,267","-1101781,934",,,,mÌstnÌkomunikace,,2800350.0,,OpaËn˝kesmÏru˙seku,Pomal˝,530573.0,,GN_V0.1UIR-ADR_410,2
10106190024,2,107.0,2019-01-06,0,1625,3,0,4,2,1,2,508,0,0,0,1116,2,3,1,1,2,1,1,8,0,0,0,1,1,0,,3,32.0,10,1.0,0.0,0.0,1.0,1.0,3.0,800,2.0,1.0,1.0,"-734297,797","-1071343,049","-734297,797","-1071343,049","-734304,151","-1071345,866",,,,silnice2.t¯Ìdy,107,368350.0,,OpaËn˝kesmÏru˙seku,Pomal˝,530841.0,,GN_V0.1UIR-ADR_410,2
10106190025,1,18.0,2019-01-07,1,10,9,0,0,2,1,2,204,0,0,0,1100,2,3,1,4,7,1,1,8,0,0,0,3,1,0,,3,7.0,08,1.0,0.0,0.0,0.0,1.0,1.0,1100,3.0,1.0,1.0,"-735199,415","-1091910,562","-735199,415","-1091910,562","-735202,773","-1091904,052",,,,silnice1.t¯Ìdy,18,3287689.0,,Souhlasn˝sesmÏrem˙seku,Pomal˝,530344.0,,GN_V0.1UIR-ADR_410,2
10106190026,2,125.0,2019-01-07,1,730,1,1,0,2,1,2,204,0,0,0,5500,2,6,1,6,2,1,1,1,0,0,0,1,2,0,,3,39.0,03,1.0,1.0,1.0,0.0,1.0,1.0,500,2.0,1.0,1.0,"-718932,67","-1096170,514","-718932,67","-1096170,514","-718932,259","-1096175,448",,,,silnice2.t¯Ìdy,125,3243256.0,,Souhlasn˝sesmÏrem˙seku,Pomal˝,530107.0,,GN_V0.1UIR-ADR_410,2
10106190027,6,,2019-01-07,1,905,1,1,0,1,1,2,201,0,0,1,2800,2,6,1,1,1,1,1,0,0,0,0,1,2,0,,3,39.0,04,1.0,1.0,0.0,0.0,1.0,5.0,300,3.0,1.0,1.0,"-720787,036","-1097013,887","-720787,036","-1097013,887","-720788,333","-1097016,301",ZVÃSTOV-LIBOU“,,,mÌstnÌkomunikace,,1017309.0,,Souhlasn˝sesmÏrem˙seku,Pomal˝,531049.0,,GN_V0.1UIR-ADR_410,1
10106190028,1,3.0,2019-01-07,1,1920,5,0,0,2,4,0,100,0,0,0,1550,2,3,1,1,6,1,1,1,0,0,0,1,1,0,,3,7.0,17,1.0,0.0,0.0,0.0,1.0,1.0,1500,2.0,1.0,1.0,"-728231,255","-1075315,454","-728231,255","-1075315,454","-728223,93","-1075317,697",,,,silnice1.t¯Ìdy,3,1354297.0,,Souhlasn˝sesmÏrem˙seku,Pomal˝,530204.0,,GN_V0.1UIR-ADR_410,2
10106190029,2,107.0,2019-01-08,2,755,3,0,1,2,0,0,100,0,0,0,200,2,3,1,1,2,1,1,1,0,0,0,1,1,0,,3,39.0,02,1.0,0.0,0.0,0.0,1.0,3.0,200,2.0,1.0,1.0,"-734277,148","-1071446,843","-734277,148","-1071446,843","-734263,962","-1071441,488",,,,silnice2.t¯Ìdy,107,1575353.0,,Souhlasn˝sesmÏrem˙seku,Pomal˝,530841.0,5053.0,GN_V0.1UIR-ADR_410,2
10106190030,6,,2019-01-07,1,1400,3,0,2,2,1,0,508,0,0,0,100,2,3,1,1,1,1,1,1,0,0,0,1,1,0,,17,,XX,,,,,,,0,,,,"-733936,829","-1068013,891","-733936,829","-1068013,891","-733936,196","-1068013,388",T˝necnadS·zavou-»akovice,,,mÌstnÌkomunikace,,1538142.0,,OpaËn˝kesmÏru˙seku,Pomal˝,530841.0,,GN_V0.1UIR-ADR_410,1
10106190031,2,112.0,2019-01-09,3,904,3,0,1,1,1,2,204,0,0,3,1010,2,6,1,5,3,1,1,1,0,0,0,3,1,0,,3,7.0,10,1.0,1.0,0.0,0.0,1.0,1.0,1000,2.0,1.0,1.0,"-722439,971","-1083702,999","-722448,565","-1083684,198","-722448,701","-1083685,226",,,,silnice2.t¯Ìdy,112,2013869.0,,Souhlasn˝sesmÏrem˙seku,Pomal˝,530450.0,,GN_V0.1UIR-ADR_410,2
10106190032,3,12411.0,2019-01-09,3,930,3,0,1,2,1,2,510,0,0,0,1000,2,6,1,5,3,1,1,1,0,0,0,2,1,0,,5,12.0,17,3.0,0.0,0.0,0.0,1.0,1.0,1000,2.0,1.0,1.0,"-733327,586","-1104413,637","-733327,586","-1104413,637","-733327,625","-1104405,1",,,,silnice3.t¯Ìdy,12411,1020391.0,,OpaËn˝kesmÏru˙seku,Pomal˝,530158.0,,GN_V0.1UIR-ADR_410,2
10106190033,3,1124.0,2019-01-09,3,1320,1,1,0,1,1,2,405,0,0,3,1350,2,8,1,5,3,1,1,1,3,3,0,4,3,19,6.0,3,21.0,08,1.0,0.0,0.0,0.0,1.0,14.0,800,3.0,1.0,1.0,"-721642,887","-1090088,444","-721626,773","-1090077,163","-721626,792","-1090077,176",POSTUPICE-»ELIVO,,,silnice3.t¯Ìdy,1124,1575750.0,,OpaËn˝kesmÏru˙seku,Pomal˝,530450.0,,GN_V0.1UIR-ADR_410,1
10106190034,2,111.0,2019-01-09,3,1355,1,4,0,1,1,2,503,0,0,1,1200,2,6,1,5,3,1,1,1,0,0,0,1,2,0,,7,10.0,15,3.0,0.0,0.0,0.0,1.0,1.0,0,3.0,1.0,1.0,"-717386,116","-1080173,074","-717386,116","-1080173,074","-717386,158","-1080171,595",,,,silnice2.t¯Ìdy,111,2014065.0,,Souhlasn˝sesmÏrem˙seku,Pomal˝,529621.0,,GN_V0.1UIR-ADR_410,2
10106190035,2,112.0,2019-01-09,3,1615,3,0,2,2,1,2,204,0,0,0,180,2,5,1,5,3,1,1,8,0,0,0,3,1,0,,3,29.0,08,1.0,0.0,0.0,0.0,1.0,3.0,150,2.0,1.0,1.0,"-719012,354","-1087674,956","-719012,354","-1087674,956","-719008,723","-1087674,772",,,,silnice2.t¯Ìdy,112,2883869.0,,Souhlasn˝sesmÏrem˙seku,Pomal˝,529818.0,,GN_V0.1UIR-ADR_410,2
10106190036,2,105.0,2019-01-09,3,1840,3,0,4,2,1,2,204,0,0,0,3300,2,8,1,5,7,1,1,8,0,0,0,2,1,0,,5,62.0,15,3.0,1.0,0.0,0.0,1.0,3.0,3000,3.0,1.0,1.0,"-745269,604","-1084069,838","-745269,604","-1084069,838","-745266,677","-1084071,381",,,,silnice2.t¯Ìdy,105,2002893.0,,Souhlasn˝sesmÏrem˙seku,Pomal˝,529991.0,,GN_V0.1UIR-ADR_410,2
10106190037,3,1101.0,2019-01-09,3,2045,3,0,1,2,0,0,100,0,0,0,300,2,6,1,5,7,1,1,1,0,0,0,1,1,0,,3,7.0,13,1.0,0.0,0.0,0.0,1.0,1.0,300,4.0,1.0,1.0,"-727451,227","-1080954,58","-727451,227","-1080954,58","-727433,681","-1080944,948",Beneöov,»ernolesk·,,silnice3.t¯Ìdy,1101,397362.0,,Souhlasn˝sesmÏrem˙seku,Pomal˝,529303.0,86.0,GN_V0.1UIR-ADR_410,1
10106190038,6,,2019-01-10,4,840,1,3,0,2,1,2,402,0,0,0,1100,2,3,1,1,1,1,1,1,3,3,0,4,2,10,6.0,3,44.0,08,1.0,0.0,0.0,0.0,1.0,5.0,400,2.0,1.0,1.0,"-728741,225","-1078603,772","-728733,168","-1078589,269","-728733,391","-1078589,955",Beneöov,KNemocnici,,mÌstnÌkomunikace,,390190.0,,OpaËn˝kesmÏru˙seku,Pomal˝,529303.0,272.0,GN_V0.1UIR-ADR_410,1
10106190039,6,,2019-01-10,4,1010,2,0,0,2,1,2,204,0,0,0,800,1,3,1,1,1,1,1,8,0,0,0,1,4,0,,3,4.0,01,1.0,0.0,0.0,0.0,1.0,5.0,200,2.0,1.0,1.0,"-714482,465","-1089569,781","-714482,465","-1089569,781","-714483,395","-1089570,902",Vlaöim,Husovon·m.,,mÌstnÌkomunikace,,3335951.0,,,Pomal˝,530883.0,5371.0,GN_V0.1UIR-ADR_410,1
10106190040,1,3.0,2019-01-10,4,1130,1,4,0,2,1,2,503,0,0,0,2000,2,3,1,1,1,1,1,1,3,3,0,4,4,19,6.0,5,13.0,07,3.0,0.0,0.0,0.0,1.0,12.0,700,3.0,1.0,1.0,,,"-729383,494","-1079751,937","-729382,893","-1079751,948",,,,silnice1.t¯Ìdy,3,393844.0,,OpaËn˝kesmÏru˙seku,Pomal˝,529303.0,337.0,GN_V0.1UIR-ADR_410,2
10106190041,2,109.0,2019-01-10,4,2230,2,0,0,2,1,2,204,0,0,0,2000,2,6,1,5,7,1,1,1,0,0,0,1,2,0,,7,48.0,17,9.0,1.0,0.0,0.0,1.0,3.0,1500,3.0,1.0,1.0,-720090,"-1071088,473",-720090,"-1071088,473","-720098,379","-1071095,52",,,,silnice2.t¯Ìdy,109,367698.0,,Souhlasn˝sesmÏrem˙seku,Pomal˝,529796.0,,GN_V0.1UIR-ADR_410,2
10106190042,2,121.0,2019-01-11,5,1105,1,3,0,2,1,2,403,0,0,0,1500,2,3,1,1,1,1,1,1,3,3,0,5,2,19,2.0,3,39.0,15,1.0,0.0,0.0,0.0,1.0,32.0,1000,3.0,1.0,1.0,"-733713,817","-1094602,264","-733713,817","-1094602,264","-733711,802","-1094605,603",Votice,T·borsk·,,silnice2.t¯Ìdy,121,437403.0,,Souhlasn˝sesmÏrem˙seku,Pomal˝,530905.0,6661.0,GN_V0.1UIR-ADR_410,1
10106190043,6,,2019-01-11,5,1310,3,0,6,2,1,2,204,0,0,0,200,2,8,1,5,3,1,1,1,0,0,0,1,1,0,,3,17.0,15,12.0,0.0,0.0,0.0,1.0,5.0,200,3.0,1.0,1.0,"-737843,013","-1091513,457","-737843,013","-1091513,457","-737848,551","-1091511,858",VrchotovyJanovice,,,mÌstnÌkomunikace,,1629767.0,,OpaËn˝kesmÏru˙seku,Pomal˝,530948.0,,GN_V0.1UIR-ADR_410,1
10106190044,2,111.0,2019-01-11,5,1130,2,0,0,2,1,0,502,0,0,0,300,2,8,1,5,3,1,1,1,0,0,0,1,2,0,,5,62.0,05,3.0,0.0,3.0,0.0,1.0,1.0,0,3.0,1.0,1.0,"-718027,591","-1080156,061","-718027,591","-1080156,061","-718026,594","-1080157,506",,,,silnice2.t¯Ìdy,111,1755913.0,,Souhlasn˝sesmÏrem˙seku,Pomal˝,532304.0,,GN_V0.1UIR-ADR_410,2
10106190045,6,,2019-01-11,5,1602,4,0,0,1,3,2,100,0,0,1,50,2,5,1,5,3,6,1,1,0,0,2,1,1,0,,3,7.0,04,1.0,0.0,0.0,0.0,1.0,5.0,50,3.0,1.0,1.0,"-728559,101","-1078939,886","-728559,101","-1078939,886","-728559,683","-1078940,827",Beneöov,Praûsk·,,mÌstnÌkomunikace,,391278.0,,OpaËn˝kesmÏru˙seku,Pomal˝,529303.0,655.0,GN_V0.1UIR-ADR_410,1
10106190046,6,,2019-01-01,2,2560,1,3,0,2,1,2,404,0,0,0,200,2,8,1,5,5,1,1,1,0,0,0,1,2,0,,3,32.0,10,1.0,0.0,0.0,0.0,1.0,5.0,200,2.0,1.0,1.0,"-733607,858","-1091012,602","-733607,858","-1091012,602","-733607,75","-1091012,4",Olbramovice,,,mÌstnÌkomunikace,,1532791.0,,Souhlasn˝sesmÏrem˙seku,Pomal˝,530344.0,,GN_V0.1UIR-ADR_410,1
10106190047,2,110.0,2019-01-11,5,2050,3,0,1,2,1,2,508,0,0,0,200,2,8,1,5,7,1,1,1,0,0,0,1,1,0,,5,19.0,18,3.0,0.0,0.0,0.0,1.0,1.0,200,3.0,1.0,1.0,"-714157,295","-1073157,324","-714157,295","-1073157,324","-714149,154","-1073154,851",,,,silnice2.t¯Ìdy,110,1354106.0,,Souhlasn˝sesmÏrem˙seku,Pomal˝,534382.0,,GN_V0.1UIR-ADR_410,2
10106190048,2,111.0,2019-01-12,6,1410,5,0,0,2,4,0,100,0,0,0,500,2,3,1,1,1,1,1,1,0,0,0,1,1,0,,3,39.0,18,3.0,0.0,0.0,0.0,1.0,3.0,500,2.0,1.0,1.0,"-719657,83","-1080599,397","-719657,83","-1080599,397","-719654,169","-1080606,771",,,,silnice2.t¯Ìdy,111,2013830.0,,Souhlasn˝sesmÏrem˙seku,Pomal˝,532304.0,,GN_V0.1UIR-ADR_410,2
10106190049,2,112.0,2019-01-12,6,1820,4,0,0,1,1,2,412,0,0,1,200,2,3,1,4,5,1,1,1,0,0,1,1,1,0,,3,39.0,06,1.0,0.0,0.0,0.0,1.0,3.0,200,2.0,1.0,1.0,"-728662,413","-1078290,63","-728662,413","-1078290,63","-728659,631","-1078289,992",Beneöov,»ervenÈVröky,,silnice2.t¯Ìdy,112,389311.0,,OpaËn˝kesmÏru˙seku,Pomal˝,529303.0,94.0,GN_V0.1UIR-ADR_410,1
10106190050,3,1205.0,2019-01-12,6,2125,5,0,0,2,4,0,100,0,0,0,310,2,3,1,5,5,1,1,1,0,0,0,1,1,0,,3,39.0,10,1.0,0.0,0.0,0.0,1.0,1.0,300,2.0,1.0,1.0,"-742096,406","-1103823,576","-742096,406","-1103823,576","-742096,41","-1103823,579",,,,silnice3.t¯Ìdy,1205,2800987.0,,,Pomal˝,530573.0,,GN_V0.1UIR-ADR_410,2
10106190051,3,10614.0,2019-01-13,0,1520,1,1,0,1,1,2,304,0,0,1,600,2,3,1,1,1,1,0,1,0,0,0,2,2,0,,3,31.0,99,1.0,1.0,1.0,0.0,1.0,1.0,200,2.0,1.0,1.0,"-729951,971","-1079108,721","-729951,971","-1079108,721","-729956,316","-1079117,435",Beneöov,,,silnice3.t¯Ìdy,10614,1575687.0,,OpaËn˝kesmÏru˙seku,Pomal˝,529303.0,,GN_V0.1UIR-ADR_410,1
10106190052,3,1096.0,2019-01-14,1,725,5,0,0,2,4,0,100,0,0,0,500,2,3,1,1,2,1,1,1,0,0,0,1,1,0,,3,35.0,16,3.0,0.0,0.0,0.0,1.0,3.0,500,2.0,1.0,1.0,"-726013,489","-1069457,186","-726013,489","-1069457,186","-726014,168","-1069460,61",,,,silnice3.t¯Ìdy,1096,2560478.0,,Souhlasn˝sesmÏrem˙seku,Pomal˝,529567.0,,GN_V0.1UIR-ADR_410,2
10106190053,3,1114.0,2019-01-14,1,900,1,3,0,2,1,2,501,0,0,0,60,2,3,1,1,1,1,1,1,0,0,0,1,2,0,,3,2.0,17,1.0,0.0,0.0,0.0,1.0,1.0,40,2.0,1.0,1.0,"-729078,688","-1086107,786","-729078,688","-1086107,786","-729076,721","-1086109,831",,,,silnice3.t¯Ìdy,1114,2013892.0,,OpaËn˝kesmÏru˙seku,Pomal˝,529451.0,,GN_V0.1UIR-ADR_410,2
10106190054,8,,2019-01-14,1,1145,2,0,0,2,1,0,504,0,0,0,20,2,1,1,1,1,1,1,1,0,0,0,1,2,0,,5,13.0,10,3.0,0.0,0.0,0.0,1.0,5.0,0,9.0,,,"-728242,309","-1079343,176","-728242,309","-1079343,176","-728238,467","-1079321,861",Beneöov,F.V.Mareöe,,mÌstnÌkomunikace,,1483144.0,,Souhlasn˝sesmÏrem˙seku,Pomal˝,529303.0,658570.0,GN_V0.1UIR-ADR_410,1
10106190055,2,126.0,2019-01-13,0,1530,5,0,0,2,4,0,100,0,0,0,210,2,1,1,1,1,1,1,8,0,0,0,1,1,0,,3,39.0,09,1.0,0.0,0.0,0.0,1.0,1.0,200,3.0,1.0,1.0,,,"-707135,391","-1089574,194","-707135,469","-1089571,384",,,,silnice2.t¯Ìdy,126,2014308.0,,OpaËn˝kesmÏru˙seku,Pomal˝,530816.0,,GN_V0.1UIR-ADR_410,2
10106190056,2,114.0,2019-01-14,1,1600,5,0,0,2,4,0,100,0,0,0,60,2,3,1,1,1,1,1,1,0,0,0,1,1,0,,3,39.0,18,3.0,0.0,0.0,0.0,1.0,1.0,60,3.0,1.0,1.0,"-737131,01","-1081437,38","-737131,01","-1081437,38","-737131,136","-1081436,22",,,,silnice2.t¯Ìdy,114,2013538.0,,OpaËn˝kesmÏru˙seku,Pomal˝,530310.0,,GN_V0.1UIR-ADR_410,2
10106190057,6,,2019-01-14,1,800,2,0,0,2,1,0,516,0,0,0,100,2,3,1,1,1,1,1,1,0,0,0,1,2,0,,17,,XX,,,,,,,0,,,,"-728136,382","-1079234,728","-728136,382","-1079234,728","-728140,599","-1079232,797",Beneöov,NaBezdÏkovÏ,,mÌstnÌkomunikace,,1259365.0,,Souhlasn˝sesmÏrem˙seku,Pomal˝,529303.0,485.0,GN_V0.1UIR-ADR_410,1
10106190058,3,1256.0,2019-01-14,1,1740,9,0,0,1,1,2,204,0,0,1,500,2,6,1,1,6,1,1,8,0,0,0,3,1,0,,3,39.0,04,1.0,0.0,0.0,0.0,1.0,3.0,500,2.0,1.0,1.0,"-716130,066","-1090491,496","-716130,066","-1090491,496","-716128,012","-1090494,223",,,,silnice3.t¯Ìdy,1256,2881337.0,,Souhlasn˝sesmÏrem˙seku,Pomal˝,529931.0,,GN_V0.1UIR-ADR_410,2
10106190059,6,,2019-01-14,1,1825,1,3,0,2,1,2,201,0,0,0,3800,2,6,1,1,6,1,1,1,3,3,0,5,3,10,6.0,3,4.0,15,3.0,0.0,0.0,0.0,1.0,5.0,3000,3.0,1.0,1.0,"-734279,873","-1092743,979","-734295,988","-1092791,787","-734295,531","-1092791,954",,,,mÌstnÌkomunikace,,1484307.0,,Souhlasn˝sesmÏrem˙seku,Pomal˝,530905.0,,GN_V0.1UIR-ADR_410,2
10106190060,6,,2019-01-15,2,705,1,4,0,1,1,2,508,0,1,0,1100,2,3,1,5,7,1,1,1,0,0,0,1,2,0,,3,39.0,06,1.0,0.0,0.0,0.0,1.0,5.0,600,3.0,1.0,1.0,"-728149,651","-1080896,003","-728149,651","-1080896,003","-728148,921","-1080899,03",Beneöov,,,mÌstnÌkomunikace,1103h,397061.0,,Souhlasn˝sesmÏrem˙seku,Pomal˝,529303.0,,GN_V0.1UIR-ADR_410,1
10106190061,2,112.0,2019-01-15,2,2560,2,0,0,2,1,0,508,0,0,0,100,2,3,1,1,1,1,1,1,0,0,10,1,2,0,,17,,XX,,,,,,,0,,,,"-713788,993","-1091155,188","-713788,993","-1091155,188","-713794,157","-1091159,134",Vlaöim,Lidick·,,silnice2.t¯Ìdy,112,3098239.0,,Souhlasn˝sesmÏrem˙seku,Pomal˝,530883.0,5576.0,GN_V0.1UIR-ADR_410,1
10106190062,1,3.0,2019-01-16,3,130,1,4,0,2,1,2,508,0,0,0,250,2,3,1,4,7,1,2,1,0,0,0,1,2,0,,5,26.0,17,1.0,0.0,0.0,0.0,1.0,1.0,100,2.0,1.0,1.0,,,"-731390,342","-1085432,73","-731382,895","-1085436,635",,,,silnice1.t¯Ìdy,3,1483258.0,,Souhlasn˝sesmÏrem˙seku,Pomal˝,529451.0,,GN_V0.1UIR-ADR_410,2
10106190063,1,18.0,2019-01-16,3,1750,5,0,0,2,4,0,100,0,0,0,200,2,1,1,1,6,1,2,1,0,0,0,1,1,0,,3,47.0,17,1.0,0.0,0.0,0.0,1.0,1.0,200,2.0,1.0,1.0,"-734194,416","-1091954,06","-734194,416","-1091954,06","-734197,197","-1091962,254",,,,silnice1.t¯Ìdy,18,741327.0,,OpaËn˝kesmÏru˙seku,Pomal˝,530905.0,,GN_V0.1UIR-ADR_410,2
10106190064,6,,2019-01-16,3,1800,3,0,4,2,1,2,504,0,0,0,30,2,3,1,1,4,1,0,1,0,0,0,1,1,0,,3,39.0,09,12.0,0.0,0.0,0.0,1.0,5.0,30,2.0,1.0,1.0,"-734065,31","-1093847,442","-734065,31","-1093847,442","-734071,829","-1093850,346",Votice,Praûsk·,,mÌstnÌkomunikace,,435095.0,,Souhlasn˝sesmÏrem˙seku,Pomal˝,530905.0,6564.0,GN_V0.1UIR-ADR_410,1
10106190065,2,106.0,2019-01-17,4,1645,5,0,0,2,4,0,100,0,0,0,60,2,3,1,1,2,1,1,1,0,0,0,1,1,0,,3,13.0,09,1.0,0.0,0.0,0.0,1.0,1.0,50,2.0,1.0,1.0,"-729650,496","-1077982,361","-729650,496","-1077982,361","-729663,25","-1077990,316",,,,silnice2.t¯Ìdy,106,1259371.0,,OpaËn˝kesmÏru˙seku,Pomal˝,529303.0,,GN_V0.1UIR-ADR_410,2
10106190066,2,112.0,2019-01-17,4,1755,5,0,0,2,4,0,100,0,0,0,810,2,3,1,1,6,1,1,1,0,0,0,1,2,0,,3,26.0,14,3.0,0.0,0.0,0.0,1.0,1.0,400,2.0,1.0,1.0,"-710710,538","-1093620,795","-710710,538","-1093620,795","-710711,891","-1093622,515",,,,silnice2.t¯Ìdy,112,3259628.0,,OpaËn˝kesmÏru˙seku,Pomal˝,530883.0,,GN_V0.1UIR-ADR_410,2
10106190067,2,107.0,2019-01-17,4,2030,4,0,0,1,1,2,202,0,1,0,300,2,1,1,0,6,1,1,1,0,0,0,1,1,0,,3,39.0,,3.0,0.0,0.0,0.0,1.0,1.0,300,4.0,1.0,1.0,"-734186,517","-1071848,848","-734186,517","-1071848,848","-734192,706","-1071848,672",,,,silnice2.t¯Ìdy,107,3115990.0,,OpaËn˝kesmÏru˙seku,Pomal˝,530841.0,5053.0,GN_V0.1UIR-ADR_410,2