IDENTIFIKA»NÕ »ÕSLO,DRUH POZEMNÕ KOMUNIKACE,»ÕSLO POZEMNÕ KOMUNIKACE,"den, mÏsÌc, rok",,Ëas ,DRUH NEHODY,DRUH SR¡éKY JEDOUCÕCH VOZIDEL,DRUH PEVN… PÿEK¡éKY,CHARAKTER NEHODY,ZAVINÃNÕ NEHODY,ALKOHOL U VINÕKA NEHODY PÿÕTOMEN,HLAVNÕ PÿÕ»INY NEHODY,usmrceno osob,tÏûce zranÏno osob,lehce zranÏno osob,CELKOV¡ HMOTN¡ äKODA,DRUH POVRCHU VOZOVKY,STAV POVRCHU VOZOVKY V DOBÃ NEHODY,STAV KOMUNIKACE,POVÃTRNOSTNÕ PODMÕNKY V DOBÃ NEHODY,VIDITELNOST,ROZHLEDOV… POMÃRY,DÃLENÕ KOMUNIKACE,SITUOV¡NÕ NEHODY NA KOMUNIKACI,ÿÕZENÕ PROVOZU V DOBÃ NEHODY,MÕSTNÕ ⁄PRAVA PÿEDNOSTI V JÕZDÃ,SPECIFICK¡ MÕSTA A OBJEKTY V MÕSTÃ NEHODY,SMÃROV… POMÃRY,PO»ET Z⁄»ASTNÃN›CH VOZIDEL,MÕSTO DOPRAVNÕ NEHODY,DRUH KÿIéUJÕCÕ KOMUNIKACE,DRUH VOZIDLA,V›ROBNÕ ZNA»KA MOTOROV…HO VOZIDLA,ROK V›ROBY VOZIDLA,CHARAKTERISTIKA VOZIDLA ,SMYK,VOZIDLO PO NEHODÃ,"⁄NIK PROVOZNÕCH, PÿEPRAVOVAN›CH HMOT",ZPŸSOB VYPROäTÃNÕ OSOB Z VOZIDLA,SMÃR JÕZDY NEBO POSTAVENÕ VOZIDLA,äKODA NA VOZIDLE,KATEGORIE ÿIDI»E,STAV ÿIDI»E,VNÃJäÕ OVLIVNÃNÕ ÿIDI»E,nan.1,nan.2,nan.3,nan.4,nan.5,nan.6,nan.7,nan.8,nan.9,nan.10,nan.11,nan.12,nan.13,nan.14,nan.15,nan.16,nan.17,nan.18,LOKALITA NEHODY
10106190068,2,105.0,2019-01-17,4,2150,5,0,0,2,4,0,100,0,0,0,220,2,1,1,1,6,1,1,1,0,0,0,1,1,0,,3,13.0,08,1.0,0.0,0.0,0.0,1.0,1.0,200,2.0,1.0,1.0,"-740565,098","-1071999,802","-740565,098","-1071999,802","-740553,293","-1071996,662",,,,silnice2.t¯Ìdy,105,1000574.0,,Souhlasn˝sesmÏrem˙seku,Pomal˝,530051.0,,GN_V0.1UIR-ADR_410,2
10106190069,2,120.0,2019-01-18,5,430,5,0,0,2,4,0,100,0,0,0,60,2,6,1,1,6,1,1,1,0,0,0,1,1,0,,3,1.0,11,1.0,0.0,0.0,0.0,1.0,1.0,50,2.0,1.0,1.0,"-741095,954","-1102155,136","-741095,954","-1102155,136","-741100,155","-1102156,07",,,,silnice2.t¯Ìdy,120,2800977.0,,OpaËn˝kesmÏru˙seku,Pomal˝,530573.0,,GN_V0.1UIR-ADR_410,2
10106190070,1,3.0,2019-01-18,5,808,5,0,0,2,4,0,100,0,0,0,202,2,3,1,1,1,1,1,1,0,0,0,1,1,0,,3,13.0,15,3.0,0.0,0.0,0.0,1.0,3.0,200,3.0,1.0,1.0,"-729362,261","-1079771,004","-729384,821","-1079838,147","-729384,412","-1079838,154",,,,silnice1.t¯Ìdy,3,396436.0,,Souhlasn˝sesmÏrem˙seku,Pomal˝,529303.0,337.0,GN_V0.1UIR-ADR_410,2
10106190071,1,3.0,2019-01-18,5,1520,5,0,0,2,4,0,100,0,0,0,1010,2,1,1,1,1,1,2,1,0,0,0,1,1,0,,3,2.0,18,1.0,0.0,0.0,0.0,1.0,1.0,1000,2.0,1.0,1.0,"-727590,875","-1071457,902","-727590,875","-1071457,902","-727587,631","-1071461,613",,,,silnice1.t¯Ìdy,3,1353959.0,,Souhlasn˝sesmÏrem˙seku,Pomal˝,530263.0,,GN_V0.1UIR-ADR_410,2
10106190072,1,3.0,2019-01-18,5,1600,1,4,0,2,1,2,508,0,0,0,4000,2,3,1,1,1,1,1,1,0,0,0,1,5,0,,5,35.0,17,3.0,0.0,0.0,0.0,1.0,1.0,900,2.0,1.0,1.0,"-729387,174","-1080138,724","-729387,174","-1080138,724","-729389,681","-1080138,68",,,,silnice1.t¯Ìdy,3,396436.0,,OpaËn˝kesmÏru˙seku,Pomal˝,529303.0,337.0,GN_V0.1UIR-ADR_410,2
10106190073,3,1256.0,2019-01-19,6,1010,1,2,0,2,1,0,508,0,0,0,300,2,1,1,1,1,1,1,1,0,0,0,1,2,0,,17,,XX,,,,,,,0,,,,,,"-720765,131","-1094473,665","-720775,911","-1094473,683",,,,silnice3.t¯Ìdy,1256,1874991.0,,Souhlasn˝sesmÏrem˙seku,Pomal˝,530867.0,,GN_V0.1UIR-ADR_410,2
10106190074,6,,2019-01-19,6,1615,3,0,1,1,1,0,205,0,0,2,500,2,1,1,1,1,1,1,8,3,5,0,5,1,10,6.0,3,31.0,00,1.0,0.0,0.0,0.0,1.0,5.0,500,2.0,1.0,1.0,,,"-714945,04","-1080633,055","-714944,948","-1080633,452",Diviöov,VDolÌch,,mÌstnÌkomunikace,,3335880.0,,Souhlasn˝sesmÏrem˙seku,Pomal˝,529621.0,709735.0,GN_V0.1UIR-ADR_410,1
10106190075,2,114.0,2019-01-20,0,300,5,0,0,2,4,0,100,0,0,0,500,2,1,1,1,6,1,1,1,0,0,0,2,1,0,,3,39.0,16,1.0,0.0,0.0,0.0,1.0,3.0,500,2.0,1.0,1.0,"-731348,798","-1081396,22","-731348,798","-1081396,22","-731348,678","-1081397,295",,,,silnice2.t¯Ìdy,114,398490.0,,OpaËn˝kesmÏru˙seku,Pomal˝,529451.0,,GN_V0.1UIR-ADR_410,2
10106190076,6,,2019-01-18,5,2560,2,0,0,2,1,0,508,0,0,0,200,2,1,1,1,1,1,0,0,0,0,0,1,2,0,,17,,XX,,,,,,,0,,,,"-709859,475","-1088584,956","-709859,475","-1088584,956","-709860,433","-1088592,901",Kladruby,,,mÌstnÌkomunikace,,2014257.0,,Souhlasn˝sesmÏrem˙seku,Pomal˝,533084.0,,GN_V0.1UIR-ADR_410,1
10106190077,3,13020.0,2019-01-20,0,1130,3,0,4,2,1,2,204,0,0,0,500,2,6,1,1,1,1,1,8,0,0,0,1,1,0,,3,39.0,06,3.0,0.0,0.0,0.0,1.0,1.0,400,2.0,1.0,1.0,"-696373,186","-1099138,791","-696373,186","-1099138,791","-696373,04","-1099138,335",,,,silnice3.t¯Ìdy,13020,2014578.0,,OpaËn˝kesmÏru˙seku,Pomal˝,532541.0,,GN_V0.1UIR-ADR_410,2
10106190078,3,1056.0,2019-01-20,0,1400,5,0,0,2,4,0,100,0,0,0,510,2,3,1,1,1,4,1,1,0,0,0,3,1,0,,3,2.0,16,3.0,0.0,0.0,0.0,1.0,1.0,500,2.0,1.0,1.0,"-742074,529","-1070589,591","-742074,529","-1070589,591","-742069,325","-1070584,574",,,,silnice3.t¯Ìdy,1056,1874904.0,,Souhlasn˝sesmÏrem˙seku,Pomal˝,530051.0,,GN_V0.1UIR-ADR_410,2
10106190079,6,,2019-01-20,0,1945,1,2,0,2,1,2,502,0,0,0,200,2,1,1,1,4,1,1,1,0,0,0,1,2,0,,3,47.0,12,3.0,0.0,0.0,0.0,1.0,5.0,100,4.0,1.0,1.0,"-716588,448","-1089665,476","-716588,448","-1089665,476","-716596,186","-1089662,69",Vlaöim-Znosim,,,mÌstnÌkomunikace,,1394432.0,,OpaËn˝kesmÏru˙seku,Pomal˝,530883.0,,GN_V0.1UIR-ADR_410,1
10106190080,2,150.0,2019-01-20,0,2030,3,0,9,2,1,0,204,0,0,0,520,2,3,1,1,6,1,1,1,0,0,0,3,1,0,,3,17.0,00,1.0,1.0,0.0,0.0,1.0,1.0,0,9.0,,,"-719073,999","-1096674,041","-719073,999","-1096674,041","-719067,678","-1096682,387",LouÚovicepodBlanÌkem,Blanick·,,silnice2.t¯Ìdy,150,3121038.0,,Souhlasn˝sesmÏrem˙seku,Pomal˝,530107.0,2470.0,GN_V0.1UIR-ADR_410,1
10106190081,2,121.0,2019-01-21,1,640,1,4,0,1,1,2,508,0,0,2,1000,2,1,1,1,4,1,1,1,3,3,0,5,2,19,6.0,3,25.0,08,1.0,0.0,0.0,0.0,1.0,13.0,500,2.0,1.0,1.0,"-734099,032","-1094649,264","-734099,032","-1094649,264","-734099,238","-1094650,226",Votice,Husova,,silnice2.t¯Ìdy,121,437554.0,,Souhlasn˝sesmÏrem˙seku,Pomal˝,530905.0,6378.0,GN_V0.1UIR-ADR_410,1
10106190082,6,,2019-01-21,1,1215,2,0,0,2,1,2,511,0,0,0,11,2,1,1,1,1,1,1,1,0,0,0,1,2,0,,4,31.0,16,1.0,0.0,0.0,0.0,1.0,5.0,0,2.0,1.0,1.0,"-728337,285","-1079048,264","-728308,816","-1079026,778","-728308,6","-1079026,837",Beneöov,Podbrankou,,mÌstnÌkomunikace,,3320472.0,,OpaËn˝kesmÏru˙seku,Pomal˝,529303.0,658553.0,GN_V0.1UIR-ADR_410,1
10106190083,6,,2019-01-21,1,1455,4,0,0,1,3,2,100,0,1,0,0,2,3,1,1,1,1,1,1,3,3,0,5,1,10,6.0,3,17.0,15,1.0,0.0,3.0,0.0,1.0,5.0,0,9.0,,,"-728539,943","-1078957,938","-728539,943","-1078957,938","-728537,865","-1078953,739",Beneöov,Praûsk·,,mÌstnÌkomunikace,,391317.0,,OpaËn˝kesmÏru˙seku,Pomal˝,529303.0,655.0,GN_V0.1UIR-ADR_410,1
10106190084,6,,2019-01-21,1,1540,4,0,0,1,1,2,508,0,0,1,100,2,1,1,1,1,1,1,1,0,0,1,1,1,0,,3,32.0,07,1.0,0.0,0.0,0.0,1.0,5.0,100,2.0,1.0,2.0,"-728727,958","-1078852,175","-728720,438","-1078844,118","-728720,306","-1078844,29",Beneöov,Mendelova,,mÌstnÌkomunikace,,1688902.0,,Souhlasn˝sesmÏrem˙seku,Pomal˝,529303.0,477.0,GN_V0.1UIR-ADR_410,1
10106190085,3,1096.0,2019-01-21,1,2000,3,0,3,2,1,2,508,0,0,0,500,2,3,1,1,6,1,0,1,0,0,0,3,1,0,,3,12.0,02,1.0,1.0,0.0,0.0,1.0,1.0,500,3.0,1.0,1.0,"-725740,646","-1069589,836","-725740,646","-1069589,836","-725734,238","-1069580,376",,,,silnice3.t¯Ìdy,1096,2560478.0,,OpaËn˝kesmÏru˙seku,Pomal˝,529567.0,,GN_V0.1UIR-ADR_410,2
10106190086,6,,2019-01-21,1,2230,5,0,0,2,4,0,100,0,0,0,415,2,1,1,1,6,1,1,1,0,0,0,3,1,0,,3,2.0,07,1.0,0.0,0.0,0.0,1.0,5.0,400,2.0,1.0,1.0,"-734365,713","-1093083,644","-734365,713","-1093083,644","-734367,194","-1093083,768",,,,mÌstnÌkomunikace,,1484309.0,,OpaËn˝kesmÏru˙seku,Pomal˝,530905.0,,GN_V0.1UIR-ADR_410,2
10106190087,2,106.0,2019-01-22,2,630,4,0,0,1,1,0,412,0,0,1,0,2,1,1,1,4,1,1,1,0,0,1,1,1,0,,17,,XX,,,,,,,0,,,,"-728808,942","-1078817,867","-728808,942","-1078817,867","-728804,046","-1078805,469",Beneöov,M·chova,,silnice2.t¯Ìdy,106,390919.0,,OpaËn˝kesmÏru˙seku,Pomal˝,529303.0,469.0,GN_V0.1UIR-ADR_410,1
10106190088,2,112.0,2019-01-19,6,2300,5,0,0,2,4,0,100,0,0,0,710,2,1,1,1,6,1,1,1,0,0,0,1,1,0,,3,39.0,10,1.0,0.0,1.0,0.0,1.0,1.0,700,3.0,1.0,1.0,"-706286,779","-1098507,382","-706286,779","-1098507,382","-706290,216","-1098509,959",,,,silnice2.t¯Ìdy,112,2881491.0,,OpaËn˝kesmÏru˙seku,Pomal˝,529486.0,,GN_V0.1UIR-ADR_410,2
10106190089,6,,2019-01-23,3,100,3,0,3,2,1,2,504,0,0,0,160,2,6,1,6,5,1,1,8,0,0,0,3,1,0,,3,4.0,05,1.0,0.0,0.0,0.0,1.0,5.0,150,2.0,1.0,1.0,"-714281,478","-1088650,508","-714281,478","-1088650,508","-714277,292","-1088659,759",Vlaöim,DruûstevnÌ,,mÌstnÌkomunikace,,420100.0,,OpaËn˝kesmÏru˙seku,Pomal˝,530883.0,5304.0,GN_V0.1UIR-ADR_410,1
10106190090,1,3.0,2019-01-23,3,100,5,0,0,2,4,0,100,0,0,0,210,2,1,1,1,6,1,1,1,0,0,0,1,1,0,,7,26.0,14,3.0,0.0,1.0,0.0,1.0,3.0,200,3.0,1.0,1.0,"-733573,261","-1104991,058","-733573,261","-1104991,058","-733572,623","-1104991,105",,,,silnice1.t¯Ìdy,3,3068323.0,,Souhlasn˝sesmÏrem˙seku,Pomal˝,530158.0,,GN_V0.1UIR-ADR_410,2
10106190091,6,,2019-01-20,0,2560,2,0,0,2,1,0,504,0,0,0,100,2,1,1,1,4,1,1,1,0,0,0,1,2,0,,17,,XX,,,,,,,0,,,,"-728390,915","-1079245,736","-728390,915","-1079245,736","-728393,984","-1079242,446",Beneöov,Tyröova,,mÌstnÌkomunikace,,392294.0,,Souhlasn˝sesmÏrem˙seku,Pomal˝,529303.0,787.0,GN_V0.1UIR-ADR_410,1
10106190092,2,125.0,2019-01-23,3,1725,5,0,0,2,4,0,100,0,0,0,200,2,1,1,1,6,1,1,1,0,0,0,1,1,0,,3,6.0,06,3.0,0.0,0.0,0.0,1.0,1.0,200,2.0,1.0,1.0,"-715236,02","-1091919,868","-715236,02","-1091919,868","-715231,201","-1091926,574",,,,silnice2.t¯Ìdy,125,430284.0,,Souhlasn˝sesmÏrem˙seku,Pomal˝,530883.0,,GN_V0.1UIR-ADR_410,2
10106190093,1,3.0,2019-01-23,3,1850,1,3,0,1,1,2,204,0,0,2,2400,2,6,1,1,6,1,2,1,0,0,0,3,3,0,,3,39.0,08,1.0,1.0,0.0,0.0,1.0,1.0,800,2.0,1.0,1.0,"-733354,539","-1096143,347","-733354,539","-1096143,347","-733358,634","-1096144,116",,,,silnice1.t¯Ìdy,3,2796339.0,,OpaËn˝kesmÏru˙seku,Pomal˝,530905.0,,GN_V0.1UIR-ADR_410,2
10106190094,2,110.0,2019-01-23,3,2000,5,0,0,2,4,0,100,0,0,0,1500,2,3,1,1,6,1,1,1,0,0,0,1,1,0,,3,4.0,10,1.0,0.0,0.0,0.0,1.0,1.0,1500,2.0,1.0,1.0,"-714484,728","-1073758,775","-714489,563","-1073766,831","-714488,805","-1073768,406",,,,silnice2.t¯Ìdy,110,2881360.0,,Souhlasn˝sesmÏrem˙seku,Pomal˝,532606.0,,GN_V0.1UIR-ADR_410,2
10106190095,2,112.0,2019-01-24,4,2560,3,0,3,2,1,0,205,0,0,0,260,2,3,1,1,4,1,1,8,0,0,0,3,1,0,,3,13.0,11,1.0,1.0,0.0,0.0,1.0,3.0,200,9.0,,,"-728494,664","-1078699,768","-728494,664","-1078699,768","-728493,47","-1078702,72",Beneöov,Nov·praûsk·,,silnice2.t¯Ìdy,112,3265399.0,,Souhlasn˝sesmÏrem˙seku,Pomal˝,529303.0,591.0,GN_V0.1UIR-ADR_410,1
10106190096,6,,2019-01-24,4,1022,0,0,0,1,5,2,100,0,0,1,0,1,8,1,1,1,1,1,0,0,0,7,1,1,0,,8,26.0,15,4.0,0.0,0.0,0.0,1.0,5.0,0,4.0,1.0,1.0,"-714682,643","-1090137,646","-714682,643","-1090137,646","-714681,84","-1090136,996",Vlaöim,N·draûnÌ,,mÌstnÌkomunikace,,425367.0,,Souhlasn˝sesmÏrem˙seku,Pomal˝,530883.0,5703.0,GN_V0.1UIR-ADR_410,1
10106190097,2,106.0,2019-01-24,4,1410,5,0,0,2,4,0,100,0,0,0,820,2,1,1,1,1,1,1,1,0,0,0,1,1,0,,3,39.0,17,3.0,0.0,0.0,0.0,1.0,1.0,800,2.0,1.0,1.0,"-731793,628","-1074254,647","-731793,628","-1074254,647","-731800,158","-1074257,606",,,,silnice2.t¯Ìdy,106,1002502.0,,Souhlasn˝sesmÏrem˙seku,Pomal˝,532924.0,,GN_V0.1UIR-ADR_410,2
10106190098,3,1063.0,2019-01-24,4,1830,5,0,0,2,4,0,100,0,0,0,400,2,1,1,1,6,1,1,1,0,0,0,1,1,0,,3,39.0,12,1.0,0.0,0.0,0.0,1.0,3.0,400,2.0,1.0,1.0,"-743323,888","-1072455,078","-743323,888","-1072455,078","-743327,235","-1072456,233",,,,silnice3.t¯Ìdy,1063,3115771.0,,OpaËn˝kesmÏru˙seku,Pomal˝,529974.0,,GN_V0.1UIR-ADR_410,2
10106190099,6,,2019-01-25,5,2560,2,0,0,2,1,0,508,0,0,0,400,2,1,1,1,1,1,1,1,0,0,0,1,2,0,,17,,XX,,,,,,,0,,,,,,"-714025,689","-1090273,303","-714025,422","-1090271,14",Vlaöim,OkruûnÌ,,mÌstnÌkomunikace,,1788945.0,,Souhlasn˝sesmÏrem˙seku,Pomal˝,530883.0,,GN_V0.1UIR-ADR_410,1
10106190100,1,18.0,2019-01-25,5,1340,5,0,0,2,4,0,100,0,0,0,510,2,1,1,1,1,1,1,1,0,0,0,1,1,0,,3,4.0,05,1.0,0.0,1.0,0.0,1.0,1.0,500,4.0,1.0,1.0,"-739126,14","-1091276,445","-739126,14","-1091276,445","-739124,942","-1091266,368",,,,silnice1.t¯Ìdy,18,2014940.0,,Souhlasn˝sesmÏrem˙seku,Pomal˝,530948.0,,GN_V0.1UIR-ADR_410,2
10106190101,6,,2019-01-25,5,1700,2,0,0,2,1,0,508,0,0,0,1020,2,1,1,1,2,1,1,1,0,0,0,2,3,0,,3,13.0,08,1.0,0.0,0.0,0.0,1.0,5.0,600,9.0,,,"-728242,984","-1073152,383","-728242,984","-1073152,383","-728240,701","-1073150,002",Po¯ÌËÌnadS·zavou,PotoËnÌ,,mÌstnÌkomunikace,,1537549.0,,OpaËn˝kesmÏru˙seku,Pomal˝,530441.0,,GN_V0.1UIR-ADR_410,1
10106190102,3,11216.0,2019-01-26,6,50,3,0,9,2,1,2,205,0,0,0,600,2,1,1,1,6,1,1,1,0,0,0,3,1,0,,3,35.0,00,1.0,1.0,3.0,0.0,1.0,1.0,400,9.0,,,"-708852,828","-1096950,356","-708852,828","-1096950,356","-708852,371","-1096949,965",Chmeln·,,,silnice3.t¯Ìdy,11216,3119277.0,,Souhlasn˝sesmÏrem˙seku,Pomal˝,529788.0,,GN_V0.1UIR-ADR_410,1
10106190103,6,,2019-01-26,6,630,2,0,0,2,1,2,204,0,0,0,1350,2,6,1,5,7,1,1,8,0,0,0,1,2,0,,3,39.0,96,1.0,0.0,3.0,0.0,1.0,5.0,0,7.0,1.0,1.0,"-728872,569","-1082804,784","-728872,569","-1082804,784","-728874,696","-1082808,593",BYSTÿICE-MOKR¡LHOTA,,,mÌstnÌkomunikace,,1385335.0,,OpaËn˝kesmÏru˙seku,Pomal˝,529451.0,,GN_V0.1UIR-ADR_410,1
10106190104,2,109.0,2019-01-26,6,1020,1,1,0,1,1,2,204,0,0,2,1200,2,6,1,5,3,1,1,1,0,0,0,3,2,0,,3,2.0,93,1.0,1.0,0.0,1.0,1.0,3.0,300,3.0,1.0,1.0,"-720314,089","-1071350,872","-720314,089","-1071350,872","-720319,895","-1071352,85",,,,silnice2.t¯Ìdy,109,1487462.0,,OpaËn˝kesmÏru˙seku,Pomal˝,530921.0,,GN_V0.1UIR-ADR_410,2
10106190105,2,150.0,2019-01-26,6,1100,3,0,1,2,1,2,510,0,0,0,3000,2,8,1,5,3,1,1,8,1,0,0,1,1,0,,7,26.0,16,3.0,0.0,0.0,0.0,1.0,3.0,2000,3.0,1.0,1.0,"-706975,361","-1101110,769","-706975,361","-1101110,769","-706974,94","-1101111,088",,,,silnice2.t¯Ìdy,150,2881376.0,,OpaËn˝kesmÏru˙seku,Pomal˝,529486.0,,GN_V0.1UIR-ADR_410,2
10106190106,6,,2019-01-26,6,1320,1,3,0,2,1,2,504,0,0,0,800,2,6,1,5,3,1,1,1,3,5,0,4,2,10,6.0,3,32.0,00,1.0,0.0,0.0,0.0,1.0,5.0,300,3.0,1.0,1.0,"-715310,713","-1090274,062","-715310,713","-1090274,062","-715312,694","-1090277,097",Vlaöim,Smetanova,,mÌstnÌkomunikace,,426011.0,,Souhlasn˝sesmÏrem˙seku,Pomal˝,530883.0,5894.0,GN_V0.1UIR-ADR_410,1
10106190107,2,125.0,2019-01-26,6,1910,9,0,0,1,1,2,508,0,0,2,400,2,5,1,3,7,1,1,1,0,0,0,1,1,0,,3,7.0,00,1.0,1.0,0.0,0.0,1.0,1.0,400,2.0,1.0,1.0,"-715299,967","-1092012,31","-715299,967","-1092012,31","-715306,07","-1092007,546",,,,silnice2.t¯Ìdy,125,1355397.0,,OpaËn˝kesmÏru˙seku,Pomal˝,530883.0,,GN_V0.1UIR-ADR_410,2
10106190108,1,3.0,2019-01-26,6,1535,1,2,0,1,1,2,305,0,0,1,1501,2,5,1,1,1,1,2,1,0,0,0,3,2,0,,3,39.0,15,1.0,1.0,0.0,0.0,1.0,1.0,1500,3.0,1.0,1.0,"-732851,473","-1097708,965","-732851,473","-1097708,965","-732848,843","-1097709,535",,,,silnice1.t¯Ìdy,3,2798989.0,,Souhlasn˝sesmÏrem˙seku,Pomal˝,530905.0,,GN_V0.1UIR-ADR_410,2
10106190109,2,127.0,2019-01-28,1,820,3,0,9,2,1,2,204,0,0,0,700,2,6,1,1,1,1,1,1,0,0,0,3,1,0,,3,39.0,15,1.0,1.0,0.0,0.0,1.0,1.0,700,2.0,1.0,1.0,"-714066,678","-1100043,317","-713981,275","-1100134,091","-713982,041","-1100134,868",,,,silnice2.t¯Ìdy,127,2882384.0,,OpaËn˝kesmÏru˙seku,Pomal˝,530212.0,,GN_V0.1UIR-ADR_410,2
10106190110,3,10513.0,2019-01-28,1,1745,1,2,0,2,1,0,501,0,0,0,150,2,1,1,1,6,1,1,1,0,5,0,1,2,0,,17,,XX,,,,,,,0,,,,"-737170,811","-1073251,369","-737170,811","-1073251,369","-737162,108","-1073250,019",,,,silnice3.t¯Ìdy,10513,2797657.0,,OpaËn˝kesmÏru˙seku,Pomal˝,532878.0,,GN_V0.1UIR-ADR_410,2
10106190111,1,3.0,2019-01-28,1,1900,1,4,0,2,1,2,504,0,0,0,300,2,3,1,5,6,1,1,1,0,0,0,1,2,0,,3,39.0,94,1.0,0.0,0.0,0.0,1.0,3.0,0,2.0,1.0,1.0,"-733423,069","-1104455,461","-733423,069","-1104455,461","-733417,924","-1104457,204",,,,silnice1.t¯Ìdy,3,2665192.0,,Souhlasn˝sesmÏrem˙seku,Pomal˝,530158.0,,GN_V0.1UIR-ADR_410,2
10106190112,2,150.0,2019-01-28,1,2230,1,2,0,2,1,0,205,0,0,0,700,2,1,1,1,6,1,1,1,0,0,0,3,2,0,,17,,XX,,,,,,,0,,,,,,"-730127,723","-1094591,056","-730128,19","-1094590,757",,,,silnice2.t¯Ìdy,150,3243242.0,,Souhlasn˝sesmÏrem˙seku,Pomal˝,530905.0,,GN_V0.1UIR-ADR_410,2
10106190113,3,1066.0,2019-01-29,2,855,1,2,0,2,1,2,501,0,0,0,800,2,3,1,1,1,2,1,1,0,0,0,3,2,0,,3,39.0,95,1.0,0.0,0.0,0.0,1.0,1.0,100,2.0,1.0,1.0,"-736614,64","-1069973,922","-736614,64","-1069973,922","-736615,575","-1069974,558",Krhanice,,,silnice3.t¯Ìdy,1066,362743.0,,OpaËn˝kesmÏru˙seku,Pomal˝,529958.0,,GN_V0.1UIR-ADR_410,1
10106190114,3,11444.0,2019-01-27,0,2560,3,0,9,2,1,0,508,0,0,0,50,6,3,1,1,6,1,0,3,0,0,7,1,1,0,,17,,XX,,,,,,,0,,,,,,"-740043,434","-1087448,298","-740043,086","-1087448,616",,,,silnice3.t¯Ìdy,11444,1874637.0,,OpaËn˝kesmÏru˙seku,Pomal˝,530115.0,,GN_V0.1UIR-ADR_410,2
10106190115,3,11438.0,2019-01-29,2,1640,1,3,0,2,1,2,403,0,0,0,700,2,6,1,5,3,1,1,1,3,3,0,5,2,19,3.0,3,9.0,01,1.0,0.0,0.0,0.0,1.0,13.0,300,2.0,1.0,1.0,,,"-739924,651","-1082449,13","-739924,624","-1082449,135",,,,silnice3.t¯Ìdy,11438,401759.0,,Souhlasn˝sesmÏrem˙seku,Pomal˝,530310.0,,GN_V0.1UIR-ADR_410,2
10106190116,6,,2019-01-29,2,1645,2,0,0,1,5,0,100,0,0,1,10,2,1,1,1,1,1,0,1,0,0,0,1,2,0,,13,0.0,,1.0,0.0,1.0,0.0,1.0,5.0,0,8.0,1.0,1.0,"-714524,729","-1090035,763","-714524,729","-1090035,763","-714525,361","-1090040,903",Vlaöim,HavlÌËkova,,mÌstnÌkomunikace,,424907.0,,Souhlasn˝sesmÏrem˙seku,Pomal˝,530883.0,5355.0,GN_V0.1UIR-ADR_410,2
10106190117,3,11434.0,2019-01-30,3,1645,5,0,0,2,4,0,100,0,0,0,120,2,3,1,1,1,4,1,1,0,0,0,1,1,0,,3,27.0,12,1.0,0.0,1.0,0.0,1.0,1.0,100,2.0,1.0,1.0,"-732871,628","-1078951,737","-732871,628","-1078951,737","-732871,851","-1078956,982",,,,silnice3.t¯Ìdy,11434,2797813.0,,Souhlasn˝sesmÏrem˙seku,Pomal˝,532061.0,,GN_V0.1UIR-ADR_410,2
10106190118,3,1069.0,2019-01-30,3,2330,5,0,0,2,4,0,100,0,0,0,210,2,1,1,1,6,1,1,1,0,0,0,1,1,0,,3,39.0,15,3.0,0.0,0.0,0.0,1.0,1.0,200,2.0,1.0,1.0,"-732468,92","-1073533,406","-732468,92","-1073533,406","-732466,019","-1073532,408",,,,silnice3.t¯Ìdy,1069,2796356.0,,OpaËn˝kesmÏru˙seku,Pomal˝,532924.0,,GN_V0.1UIR-ADR_410,2
10106190119,2,150.0,2019-01-31,4,1030,5,0,0,2,4,0,100,0,0,0,810,2,1,1,1,1,1,1,1,0,0,0,3,1,0,,5,32.0,18,8.0,0.0,0.0,0.0,1.0,1.0,800,2.0,1.0,1.0,"-697383,935","-1095379,463","-697383,935","-1095379,463","-697390,608","-1095376,244",,,,silnice2.t¯Ìdy,150,442088.0,,Souhlasn˝sesmÏrem˙seku,Pomal˝,532568.0,,GN_V0.1UIR-ADR_410,2
10106190120,1,3.0,2019-01-31,4,1120,1,3,0,2,1,2,403,0,0,0,1850,2,1,1,1,1,1,1,1,3,3,0,4,3,19,2.0,5,13.0,08,3.0,0.0,0.0,0.0,1.0,42.0,0,2.0,1.0,1.0,"-728849,39","-1077855,567","-728840,259","-1077860,938","-728840,372","-1077860,906",,,,silnice1.t¯Ìdy,3,758634.0,,OpaËn˝kesmÏru˙seku,Pomal˝,529303.0,94.0,GN_V0.1UIR-ADR_410,2
10106190121,2,109.0,2019-01-31,4,1435,1,1,0,2,1,2,501,0,0,0,1200,2,1,1,1,1,3,1,1,0,0,0,3,2,0,,3,7.0,06,1.0,0.0,0.0,1.0,1.0,1.0,800,2.0,1.0,1.0,"-720371,363","-1071669,951","-720371,363","-1071669,951","-720363,563","-1071667,886",,,,silnice2.t¯Ìdy,109,1487462.0,,Souhlasn˝sesmÏrem˙seku,Pomal˝,530921.0,,GN_V0.1UIR-ADR_410,2
10106190122,2,125.0,2019-01-31,4,1917,5,0,0,2,4,0,100,0,0,0,200,2,1,1,1,6,1,1,1,0,0,0,1,1,0,,3,38.0,12,1.0,0.0,0.0,0.0,1.0,3.0,200,3.0,1.0,1.0,"-709140,032","-1087988,159","-709140,032","-1087988,159","-709130,475","-1087983,221",,,,silnice2.t¯Ìdy,125,2881369.0,,Souhlasn˝sesmÏrem˙seku,Pomal˝,530751.0,,GN_V0.1UIR-ADR_410,2