IDENTIFIKA»NÕ »ÕSLO,DRUH POZEMNÕ KOMUNIKACE,»ÕSLO POZEMNÕ KOMUNIKACE,"den, mÏsÌc, rok",,Ëas ,DRUH NEHODY,DRUH SR¡éKY JEDOUCÕCH VOZIDEL,DRUH PEVN… PÿEK¡éKY,CHARAKTER NEHODY,ZAVINÃNÕ NEHODY,ALKOHOL U VINÕKA NEHODY PÿÕTOMEN,HLAVNÕ PÿÕ»INY NEHODY,usmrceno osob,tÏûce zranÏno osob,lehce zranÏno osob,CELKOV¡ HMOTN¡ äKODA,DRUH POVRCHU VOZOVKY,STAV POVRCHU VOZOVKY V DOBÃ NEHODY,STAV KOMUNIKACE,POVÃTRNOSTNÕ PODMÕNKY V DOBÃ NEHODY,VIDITELNOST,ROZHLEDOV… POMÃRY,DÃLENÕ KOMUNIKACE,SITUOV¡NÕ NEHODY NA KOMUNIKACI,ÿÕZENÕ PROVOZU V DOBÃ NEHODY,MÕSTNÕ ⁄PRAVA PÿEDNOSTI V JÕZDÃ,SPECIFICK¡ MÕSTA A OBJEKTY V MÕSTÃ NEHODY,SMÃROV… POMÃRY,PO»ET Z⁄»ASTNÃN›CH VOZIDEL,MÕSTO DOPRAVNÕ NEHODY,DRUH KÿIéUJÕCÕ KOMUNIKACE,DRUH VOZIDLA,V›ROBNÕ ZNA»KA MOTOROV…HO VOZIDLA,ROK V›ROBY VOZIDLA,CHARAKTERISTIKA VOZIDLA ,SMYK,VOZIDLO PO NEHODÃ,"⁄NIK PROVOZNÕCH, PÿEPRAVOVAN›CH HMOT",ZPŸSOB VYPROäTÃNÕ OSOB Z VOZIDLA,SMÃR JÕZDY NEBO POSTAVENÕ VOZIDLA,äKODA NA VOZIDLE,KATEGORIE ÿIDI»E,STAV ÿIDI»E,VNÃJäÕ OVLIVNÃNÕ ÿIDI»E,nan.1,nan.2,nan.3,nan.4,nan.5,nan.6,nan.7,nan.8,nan.9,nan.10,nan.11,nan.12,nan.13,nan.14,nan.15,nan.16,nan.17,nan.18,LOKALITA NEHODY
10106190123,1,3.0,2019-02-03,0,555,1,3,0,1,1,0,204,0,0,1,400,2,8,1,5,7,1,1,1,0,0,0,3,2,0,,3,39.0,05,1.0,0.0,0.0,0.0,1.0,3.0,400,2.0,1.0,1.0,,,"-732515,972","-1088764,469","-732516,11","-1088764,315",,,,silnice1.t¯Ìdy,3,2796524.0,,Souhlasn˝sesmÏrem˙seku,Pomal˝,530344.0,,GN_V0.1UIR-ADR_410,2
10106190124,2,121.0,2019-02-02,6,2560,3,0,7,2,1,0,516,0,0,0,100,2,8,1,5,6,1,1,1,0,0,4,3,1,0,,17,,XX,,,,,,,0,,,,"-738635,594","-1097699,9","-738635,594","-1097699,9","-738637,779","-1097693,164",He¯maniËky,,,silnice2.t¯Ìdy,121,1017737.0,,OpaËn˝kesmÏru˙seku,Pomal˝,529702.0,,GN_V0.1UIR-ADR_410,1
10106190125,3,1261.0,2019-02-03,0,1126,3,0,1,2,1,2,204,0,0,0,400,2,8,1,1,1,1,1,1,0,0,0,1,1,0,,3,60.0,08,1.0,1.0,1.0,0.0,1.0,5.0,400,2.0,1.0,1.0,"-706090,358","-1090248,018","-706090,358","-1090248,018","-706089,45","-1090245,881",Trhov˝ätÏp·nov,DubÏjovick·,,silnice3.t¯Ìdy,1261,425728.0,,Souhlasn˝sesmÏrem˙seku,Pomal˝,530816.0,670235.0,GN_V0.1UIR-ADR_410,1
10106190126,2,110.0,2019-02-03,0,1535,3,0,1,1,1,2,510,0,0,1,800,2,3,1,1,1,1,1,8,0,0,0,3,1,0,,3,13.0,03,1.0,0.0,0.0,0.0,1.0,1.0,800,2.0,1.0,1.0,"-726398,16","-1076969,738","-726398,16","-1076969,738","-726405,276","-1076965,603",,,,silnice2.t¯Ìdy,110,3115855.0,,OpaËn˝kesmÏru˙seku,Pomal˝,529303.0,,GN_V0.1UIR-ADR_410,2
10106190127,6,,2019-02-03,0,1740,1,2,0,2,1,0,501,0,0,0,50,2,8,1,1,4,1,1,1,0,0,0,1,2,0,,17,,XX,,,,,,,0,,,,"-728844,495","-1078913,972","-728844,495","-1078913,972","-728841,395","-1078916,054",Beneöov,HodÏjovskÈho,,mÌstnÌkomunikace,,3098103.0,,OpaËn˝kesmÏru˙seku,Pomal˝,529303.0,159.0,GN_V0.1UIR-ADR_410,1
10206190001,3,11524.0,2019-01-02,3,415,2,0,0,2,1,2,508,0,0,0,400,2,3,1,1,4,1,1,8,0,0,10,2,2,0,,3,17.0,15,12.0,0.0,0.0,0.0,1.0,1.0,200,2.0,2.0,1.0,"-765156,888","-1060775,858","-765156,888","-1060775,858","-765170,984","-1060773,96",LiteÚ,Dlouh·,,silnice3.t¯Ìdy,11524,863616.0,,Souhlasn˝sesmÏrem˙seku,Pomal˝,531456.0,11738.0,GN_V0.1UIR-ADR_410,1
10206190002,3,1182.0,2019-01-02,3,1855,3,0,2,2,1,2,204,0,0,0,430,2,6,1,6,4,1,1,8,0,0,0,3,1,0,,3,39.0,02,1.0,1.0,0.0,0.0,1.0,1.0,80,2.0,1.0,1.0,"-789421,633","-1072559,041","-789421,633","-1072559,041","-789420,444","-1072553,131",ZajeËov,,,silnice3.t¯Ìdy,1182,856863.0,,Souhlasn˝sesmÏrem˙seku,Pomal˝,531995.0,,GN_V0.1UIR-ADR_410,1
10206190003,3,2365.0,2019-01-02,3,1650,3,0,6,2,1,0,516,0,0,0,100,2,5,1,1,2,1,0,8,0,0,0,3,1,0,,17,,XX,,,,,,,0,,,,,,"-773743,335","-1053569,213","-773746,022","-1053576,102",KR¡LŸVDVŸR-ZAHOÿANY,Jungmannova,,silnice3.t¯Ìdy,2365,867114.0,,OpaËn˝kesmÏru˙seku,Pomal˝,533203.0,,GN_V0.1UIR-ADR_410,1
10206190005,6,,2019-01-04,5,2016,1,2,0,2,1,8,512,0,0,0,110,1,3,1,3,4,1,1,1,0,0,0,1,2,0,,3,2.0,15,1.0,0.0,1.0,0.0,1.0,5.0,100,2.0,5.0,1.0,"-769381,222","-1052981,267","-769381,222","-1052981,267","-769384,224","-1052982,411",BEROUN-CENTRUM,»esk·,,mÌstnÌkomunikace,,858093.0,,Souhlasn˝sesmÏrem˙seku,Pomal˝,531057.0,6921.0,GN_V0.1UIR-ADR_410,1
10206190006,3,1163.0,2019-01-05,6,825,5,0,0,2,4,0,100,0,0,0,200,2,8,1,1,1,1,1,1,0,0,0,3,1,0,,5,44.0,17,3.0,0.0,0.0,0.0,1.0,1.0,200,2.0,1.0,1.0,"-772199,874","-1045903,006","-772199,874","-1045903,006","-772195,777","-1045904,593",,,,silnice3.t¯Ìdy,1163,862584.0,,OpaËn˝kesmÏru˙seku,Pomal˝,531596.0,,GN_V0.1UIR-ADR_410,2
10206190007,3,11533.0,2019-01-06,0,1404,1,4,0,1,1,2,503,0,0,1,1000,2,1,1,1,1,1,1,1,3,3,0,7,2,19,7.0,3,39.0,18,2.0,0.0,1.0,0.0,1.0,12.0,500,2.0,1.0,1.0,,,"-770182,976","-1053804,711","-770182,73","-1053804,631",BEROUN-MÃSTO,KonÏprusk·,,silnice3.t¯Ìdy,11533,3103303.0,,Souhlasn˝sesmÏrem˙seku,Pomal˝,531057.0,,GN_V0.1UIR-ADR_410,1
10206190008,8,,2019-01-06,0,600,2,0,0,2,1,0,504,0,0,0,210,1,1,1,1,4,1,0,0,0,0,0,1,2,0,,7,48.0,16,3.0,0.0,1.0,0.0,1.0,5.0,0,3.0,1.0,1.0,"-789239,652","-1063796,331","-789239,652","-1063796,331","-789211,364","-1063796,891",,,,mÌstnÌkomunikace,,2002966.0,,Souhlasn˝sesmÏrem˙seku,Pomal˝,531138.0,724734.0,GN_V0.1UIR-ADR_410,2
10206190009,3,11525.0,2019-01-07,1,900,9,0,0,1,1,9,205,0,0,1,500,2,3,1,3,1,1,1,8,0,0,0,3,1,0,,3,27.0,10,1.0,1.0,1.0,0.0,1.0,1.0,500,3.0,5.0,1.0,"-763959,733","-1061299,841","-763959,733","-1061299,841","-763964,022","-1061296,083",,,,silnice3.t¯Ìdy,11525,3114067.0,,OpaËn˝kesmÏru˙seku,Pomal˝,531456.0,,GN_V0.1UIR-ADR_410,2
10206190010,6,,2019-01-04,5,2560,3,0,4,2,1,0,204,0,0,0,730,2,3,1,1,4,1,1,1,0,0,0,2,1,0,,5,12.0,13,3.0,0.0,1.0,1.0,3.0,5.0,700,2.0,1.0,1.0,"-770774,935","-1050207,068","-770774,935","-1050207,068","-770778,844","-1050216,794",H˝skov,DruûstevnÌ,,mÌstnÌkomunikace,,862903.0,,OpaËn˝kesmÏru˙seku,Pomal˝,531243.0,10596.0,GN_V0.1UIR-ADR_410,1
10206190011,3,1173.0,2019-01-07,1,1715,9,0,0,2,1,9,501,0,0,0,700,2,3,1,1,4,1,1,1,0,0,5,1,1,0,,3,7.0,05,3.0,0.0,1.0,1.0,1.0,1.0,700,3.0,5.0,1.0,"-778933,282","-1060679,176","-778924,687","-1060693,143","-778924,271","-1060693,037",Staöov,,,silnice3.t¯Ìdy,1173,852178.0,,Souhlasn˝sesmÏrem˙seku,Pomal˝,531766.0,,GN_V0.1UIR-ADR_410,1
10206190012,2,605.0,2019-01-08,2,540,1,3,0,1,1,2,403,0,0,1,30,2,3,1,4,5,1,0,1,3,3,2,4,2,19,3.0,3,39.0,17,1.0,0.0,1.0,0.0,1.0,14.0,0,2.0,1.0,1.0,,,"-762906,063","-1050627,539","-762906,066","-1050627,535",LodÏnice,PlzeÚsk·,,silnice2.t¯Ìdy,605,2751380.0,,,Pomal˝,531464.0,12351.0,GN_V0.1UIR-ADR_410,1
10206190013,8,,2019-01-08,2,2560,2,0,0,2,1,0,516,0,0,0,500,1,3,1,4,4,1,0,0,0,0,0,1,2,0,,17,,XX,,,,,,,0,,,,"-769089,431","-1053196,794","-769089,431","-1053196,794","-769083,193","-1053194,33",BEROUN-Z¡VODÕ,ZborovskÈn·b¯eûÌ,,mÌstnÌkomunikace,,1629526.0,,OpaËn˝kesmÏru˙seku,Pomal˝,531057.0,8711.0,GN_V0.1UIR-ADR_410,1
10206190014,8,,2019-01-03,4,2560,2,0,0,2,1,0,516,0,0,0,30,1,3,1,1,1,1,0,0,0,0,0,1,2,0,,17,,XX,,,,,,,0,,,,"-782771,885","-1065214,854","-782769,736","-1065212,705","-782771,344","-1065213,794",Ho¯ovice,KNEMOCNICI,,mÌstnÌkomunikace,,1371514.0,,OpaËn˝kesmÏru˙seku,Pomal˝,531189.0,,GN_V0.1UIR-ADR_410,1
10206190015,3,2369.0,2019-01-09,3,1815,3,0,9,2,1,2,204,0,0,0,800,2,6,1,5,5,1,1,8,3,3,0,5,1,19,3.0,8,99.0,08,4.0,1.0,1.0,0.0,1.0,12.0,100,4.0,1.0,1.0,"-778363,004","-1049964,169","-778363,004","-1049964,169","-778362,94","-1049964,207",Nov˝J·chymov,Kodetova,,silnice3.t¯Ìdy,2369,862824.0,,Souhlasn˝sesmÏrem˙seku,Pomal˝,531600.0,12599.0,GN_V0.1UIR-ADR_410,1
10206190016,3,1164.0,2019-01-09,3,1920,9,0,0,1,1,2,204,0,0,1,500,2,6,1,5,7,1,1,8,0,0,0,3,1,0,,3,32.0,10,1.0,1.0,1.0,0.0,1.0,1.0,500,2.0,1.0,1.0,"-770150,594","-1048534,275","-770150,594","-1048534,275","-770153,137","-1048533,804",,,,silnice3.t¯Ìdy,1164,2751340.0,,OpaËn˝kesmÏru˙seku,Pomal˝,531243.0,,GN_V0.1UIR-ADR_410,2
10206190017,3,11520.0,2019-01-10,4,650,5,0,0,2,4,0,100,0,0,0,200,2,8,1,5,7,1,1,1,0,0,0,1,1,0,,3,17.0,18,3.0,0.0,0.0,0.0,1.0,5.0,200,2.0,1.0,1.0,"-762705,198","-1060391,495","-762705,198","-1060391,495","-762707,211","-1060392,354",,,,silnice3.t¯Ìdy,11520,3114102.0,,OpaËn˝kesmÏru˙seku,Pomal˝,531456.0,,GN_V0.1UIR-ADR_410,2
10206190018,2,114.0,2019-01-10,4,840,1,1,0,1,1,2,204,0,0,1,2500,2,8,1,5,3,1,1,1,0,0,0,3,2,0,,3,25.0,18,1.0,0.0,0.0,0.0,1.0,1.0,500,2.0,1.0,1.0,"-785556,631","-1064342,106","-785556,631","-1064342,106","-785560,904","-1064348,852",,,,silnice2.t¯Ìdy,114,1356104.0,,OpaËn˝kesmÏru˙seku,Pomal˝,531847.0,,GN_V0.1UIR-ADR_410,2
10206190019,6,,2019-01-08,2,2560,3,0,6,2,1,0,516,0,0,0,150,1,6,1,1,1,1,0,6,0,0,0,1,1,0,,9,0.0,,3.0,0.0,1.0,0.0,1.0,5.0,0,4.0,1.0,1.0,"-783952,192","-1065115,136","-783967,772","-1065125,881","-783969,01","-1065126,561",Ho¯ovice,F¸gnerova,,mÌstnÌkomunikace,,863964.0,,Souhlasn˝sesmÏrem˙seku,Pomal˝,531189.0,9491.0,GN_V0.1UIR-ADR_410,1
10206190020,2,117.0,2019-01-11,5,1350,1,3,0,2,1,2,516,0,0,0,800,2,3,1,1,1,1,0,1,0,0,0,1,2,0,,3,17.0,17,1.0,0.0,1.0,0.0,1.0,1.0,600,2.0,1.0,1.0,"-784981,099","-1065800,447","-784981,099","-1065800,447","-784980,296","-1065802,378",Ho¯ovice,Masarykova,,silnice2.t¯Ìdy,117,2565254.0,,OpaËn˝kesmÏru˙seku,Pomal˝,531189.0,9717.0,GN_V0.1UIR-ADR_410,1
10206190021,6,,2019-01-11,5,1655,3,0,3,2,1,2,509,0,0,0,200,2,6,1,1,2,1,1,8,3,5,0,5,1,10,6.0,3,39.0,05,1.0,0.0,1.0,0.0,1.0,5.0,50,2.0,1.0,1.0,"-769837,508","-1053083,891","-769846,103","-1053077,982","-769846,554","-1053079,769",BEROUN-MÃSTO,Prof.Urbana,,mÌstnÌkomunikace,,858130.0,,Souhlasn˝sesmÏrem˙seku,Pomal˝,531057.0,8010.0,GN_V0.1UIR-ADR_410,1
10206190022,2,118.0,2019-01-12,6,1655,5,0,0,2,4,0,100,0,0,0,1030,2,3,1,1,2,1,1,1,0,0,0,1,1,0,,3,44.0,17,3.0,0.0,0.0,0.0,1.0,1.0,1000,2.0,1.0,1.0,"-767837,798","-1050212,541","-767837,798","-1050212,541","-767837,373","-1050212,88",,,,silnice2.t¯Ìdy,118,868147.0,,OpaËn˝kesmÏru˙seku,Pomal˝,531057.0,,GN_V0.1UIR-ADR_410,2
10206190023,2,605.0,2019-01-12,6,1736,1,1,0,1,1,2,204,0,0,2,1400,2,3,1,4,5,1,1,1,0,0,0,2,2,0,,3,4.0,15,3.0,1.0,0.0,1.0,1.0,1.0,1000,2.0,1.0,1.0,"-769641,967","-1053086,241","-769641,967","-1053086,241","-769629,549","-1053085,062",BEROUN-MÃSTO,Politick˝chvÏzÚ˘,,silnice2.t¯Ìdy,605,2751897.0,,Souhlasn˝sesmÏrem˙seku,Pomal˝,531057.0,7986.0,GN_V0.1UIR-ADR_410,1
10206190024,3,1149.0,2019-01-14,1,620,1,2,0,2,1,2,501,0,0,0,600,2,3,1,1,6,1,1,1,0,0,0,3,2,0,,3,39.0,05,1.0,0.0,1.0,0.0,1.0,1.0,400,2.0,1.0,1.0,"-782501,037","-1066579,33","-782501,037","-1066579,33","-782503,97","-1066580,721",,,,silnice3.t¯Ìdy,1149,864355.0,,OpaËn˝kesmÏru˙seku,Pomal˝,531685.0,,GN_V0.1UIR-ADR_410,2
10206190025,6,,2019-01-14,1,735,5,0,0,2,4,0,100,0,0,0,80,2,3,1,1,2,1,1,1,0,0,0,2,1,0,,3,13.0,17,3.0,0.0,1.0,0.0,1.0,5.0,50,2.0,1.0,1.0,"-772942,677","-1062034,114","-772942,677","-1062034,114","-772943,625","-1062033,572",,,,mÌstnÌkomunikace,,852573.0,,OpaËn˝kesmÏru˙seku,Pomal˝,531448.0,,GN_V0.1UIR-ADR_410,2
10206190026,6,,2019-01-14,1,1723,4,0,0,1,1,2,412,0,0,1,0,2,8,1,1,4,1,1,1,0,0,1,2,1,0,,3,39.0,16,3.0,0.0,0.0,0.0,1.0,5.0,0,2.0,1.0,1.0,"-771321,735","-1053798,367","-771323,884","-1053851,008","-771323,827","-1053851,003",BEROUN-MÃSTO,Koöù·lkova,,mÌstnÌkomunikace,,2788111.0,,Souhlasn˝sesmÏrem˙seku,Pomal˝,531057.0,7374.0,GN_V0.1UIR-ADR_410,1
10206190027,2,118.0,2019-01-14,1,1754,3,0,1,2,1,0,204,0,0,0,810,2,6,1,1,6,1,1,8,0,0,0,1,1,0,,5,32.0,08,3.0,1.0,1.0,0.0,1.0,3.0,800,2.0,0.0,1.0,"-766816,784","-1047411,751","-766816,784","-1047411,751","-766822,359","-1047407,149",,,,silnice2.t¯Ìdy,118,864891.0,,OpaËn˝kesmÏru˙seku,Pomal˝,599417.0,,GN_V0.1UIR-ADR_410,2
10206190028,2,114.0,2019-01-14,1,1855,3,0,3,2,1,2,204,0,0,0,200,2,6,1,1,4,1,1,8,0,0,0,3,1,0,,3,47.0,96,3.0,1.0,1.0,0.0,1.0,3.0,150,3.0,1.0,1.0,"-775165,81","-1066356,768","-775151,844","-1066362,677","-775151,845","-1066362,678",HOSTOMICE-RADOUä,,,silnice2.t¯Ìdy,114,3114639.0,,,Pomal˝,531201.0,,GN_V0.1UIR-ADR_410,1
10206190029,6,,2019-01-14,1,2560,2,0,0,2,1,0,516,0,0,0,250,2,3,1,1,6,1,0,1,0,0,0,1,2,0,,17,,XX,,,,,,,0,,,,"-770231,341","-1053095,405","-770231,341","-1053095,405","-770231,715","-1053096,26",BEROUN-MÃSTO,K¯ÌûkovskÈho,,mÌstnÌkomunikace,,1576384.0,,Souhlasn˝sesmÏrem˙seku,Pomal˝,531057.0,7439.0,GN_V0.1UIR-ADR_410,1
10206190030,6,,2019-01-01,2,2560,4,0,0,1,1,0,412,0,0,2,0,2,1,1,1,1,1,0,1,3,5,1,1,1,0,,17,,XX,,,,,,,0,,,,"-770238,569","-1053543,817","-770228,901","-1053554,56","-770228,327","-1053554,174",BEROUN-MÃSTO,NaTrûiöti,,mÌstnÌkomunikace,,858515.0,,Souhlasn˝sesmÏrem˙seku,Pomal˝,531057.0,7722.0,GN_V0.1UIR-ADR_410,1
10206190031,2,117.0,2019-01-16,3,520,1,3,0,2,1,2,209,0,0,0,650,2,3,1,1,6,1,0,1,0,0,0,1,2,0,,3,39.0,13,1.0,0.0,1.0,0.0,1.0,1.0,400,3.0,1.0,1.0,"-784890,484","-1065767,058","-784890,484","-1065767,058","-784894,934","-1065759,871",Ho¯ovice,Masarykova,,silnice2.t¯Ìdy,117,3114871.0,,Souhlasn˝sesmÏrem˙seku,Pomal˝,531189.0,9717.0,GN_V0.1UIR-ADR_410,1
10206190032,2,605.0,2019-01-16,3,1330,1,4,0,2,1,0,504,0,0,0,100,2,1,1,1,1,1,1,1,0,0,0,1,2,0,,3,44.0,03,1.0,0.0,1.0,0.0,1.0,1.0,50,3.0,1.0,1.0,"-769748,878","-1053333,196","-769769,763","-1053325,699","-769769,793","-1053325,624",BEROUN-MÃSTO,PlzeÚsk·,,silnice2.t¯Ìdy,605,3262788.0,,Souhlasn˝sesmÏrem˙seku,Pomal˝,531057.0,7889.0,GN_V0.1UIR-ADR_410,1
10206190033,2,605.0,2019-01-17,4,630,1,4,0,2,1,0,516,0,0,0,1050,2,3,1,1,4,1,1,1,0,0,0,1,3,0,,17,,XX,,,,,,,0,,,,"-771070,441","-1054013,281","-771070,441","-1054013,281","-771073,853","-1054007,497",BEROUN-MÃSTO,PlzeÚsk·,,silnice2.t¯Ìdy,605,1576568.0,,Souhlasn˝sesmÏrem˙seku,Pomal˝,531057.0,7889.0,GN_V0.1UIR-ADR_410,1
10206190034,6,,2019-01-17,4,750,4,0,0,1,1,2,209,0,0,1,0,2,3,1,1,2,1,1,1,0,0,0,1,1,0,,3,32.0,06,1.0,0.0,0.0,0.0,1.0,5.0,0,2.0,1.0,1.0,"-770475,166","-1053598,502","-770475,166","-1053598,502","-770477,967","-1053599,58",BEROUN-MÃSTO,Koll·rova,,mÌstnÌkomunikace,,1689373.0,,OpaËn˝kesmÏru˙seku,Pomal˝,531057.0,7331.0,GN_V0.1UIR-ADR_410,1
10206190035,3,23618.0,2019-01-18,5,12,5,0,0,2,4,0,100,0,0,0,50,2,1,1,1,6,1,1,1,0,0,0,1,1,0,,3,47.0,12,8.0,0.0,0.0,0.0,1.0,1.0,50,4.0,1.0,1.0,"-774092,491","-1048370,322","-774092,491","-1048370,322","-774090,645","-1048365,896",,,,silnice3.t¯Ìdy,23618,3114617.0,,Souhlasn˝sesmÏrem˙seku,Pomal˝,531596.0,,GN_V0.1UIR-ADR_410,2
10206190036,3,23611.0,2019-01-18,5,800,5,0,0,2,4,0,100,0,0,0,430,2,6,1,1,1,1,1,1,0,0,0,1,1,0,,3,39.0,16,3.0,0.0,0.0,0.0,1.0,1.0,400,2.0,1.0,1.0,"-780018,419","-1049557,556","-780018,419","-1049557,556","-780020,013","-1049555,491",,,,silnice3.t¯Ìdy,23611,2787289.0,,Souhlasn˝sesmÏrem˙seku,Pomal˝,598526.0,,GN_V0.1UIR-ADR_410,2
10206190037,2,118.0,2019-01-18,5,1333,1,3,0,2,1,8,205,0,0,0,700,2,1,1,1,1,1,2,4,3,3,0,5,2,19,2.0,3,39.0,97,1.0,1.0,3.0,0.0,1.0,12.0,100,2.0,5.0,1.0,"-766984,1","-1052110,549","-766984,1","-1052110,549","-766983,608","-1052113,075",,,,silnice2.t¯Ìdy,118,857011.0,,OpaËn˝kesmÏru˙seku,Pomal˝,531057.0,7994.0,GN_V0.1UIR-ADR_410,2
10206190038,3,11530.0,2019-01-18,5,1233,1,2,0,2,1,0,501,0,0,0,150,2,3,1,1,1,1,1,1,0,0,5,3,2,0,,17,,XX,,,,,,,0,,,,"-769080,097","-1054240,085","-769069,89","-1054218,598","-769070,258","-1054217,678",,,,silnice3.t¯Ìdy,11530,2565655.0,,Souhlasn˝sesmÏrem˙seku,Pomal˝,531057.0,8788.0,GN_V0.1UIR-ADR_410,2
10206190039,2,605.0,2019-01-18,5,2005,4,0,0,1,1,2,412,0,0,1,0,2,1,1,1,4,1,2,1,3,3,1,4,1,19,6.0,3,39.0,18,3.0,0.0,0.0,0.0,1.0,14.0,0,2.0,1.0,1.0,"-770168,062","-1053577,453","-770143,352","-1053534,479","-770142,848","-1053535,768",BEROUN-MÃSTO,PlzeÚsk·,,silnice2.t¯Ìdy,605,857045.0,,OpaËn˝kesmÏru˙seku,Pomal˝,531057.0,7889.0,GN_V0.1UIR-ADR_410,1
10206190040,6,,2019-01-18,5,2560,2,0,0,2,1,0,516,0,0,0,50,2,1,1,1,1,1,1,1,0,0,0,1,2,0,,17,,XX,,,,,,,0,,,,"-771372,626","-1053745,609","-771372,626","-1053745,609","-771385,176","-1053752,982",BEROUN-MÃSTO,KOäç¡LKOVA,,mÌstnÌkomunikace,,2788163.0,,,Pomal˝,531057.0,,GN_V0.1UIR-ADR_410,1
10206190041,3,11533.0,2019-01-20,0,1920,1,3,0,2,1,2,403,0,0,0,6560,2,1,1,1,4,1,1,1,3,3,0,4,2,19,6.0,3,39.0,14,3.0,0.0,0.0,1.0,1.0,13.0,2500,2.0,1.0,1.0,"-770141,062","-1053920,543","-770141,062","-1053920,543","-770143,673","-1053922,039",BEROUN-MÃSTO,KonÏprusk·,,silnice3.t¯Ìdy,11533,858790.0,,Souhlasn˝sesmÏrem˙seku,Pomal˝,531057.0,,GN_V0.1UIR-ADR_410,1
10206190042,2,117.0,2019-01-01,2,2560,1,3,0,1,1,2,403,0,0,1,500,2,1,1,1,2,1,1,1,3,3,0,4,2,19,6.0,3,47.0,10,1.0,0.0,1.0,0.0,1.0,14.0,300,2.0,1.0,1.0,"-784118,207","-1065296,961","-784118,207","-1065296,961","-784118,791","-1065286,22",Ho¯ovice,Masarykova,,silnice2.t¯Ìdy,117,860388.0,,Souhlasn˝sesmÏrem˙seku,Pomal˝,531189.0,9717.0,GN_V0.1UIR-ADR_410,1
10206190043,2,114.0,2019-01-23,3,900,5,0,0,2,4,0,100,0,0,0,150,2,1,1,1,1,1,1,1,0,0,0,1,1,0,,3,39.0,12,8.0,0.0,0.0,0.0,1.0,1.0,150,4.0,1.0,1.0,"-770872,29","-1069628,695","-770937,81","-1069603,453","-770937,825","-1069603,556",,,,silnice2.t¯Ìdy,114,856186.0,,OpaËn˝kesmÏru˙seku,Pomal˝,531201.0,,GN_V0.1UIR-ADR_410,2
10206190044,3,11710.0,2019-01-01,2,2560,3,0,2,2,1,0,516,0,0,0,55,2,1,1,1,1,1,1,3,0,0,0,1,1,0,,17,,XX,,,,,,,0,,,,"-778438,575","-1059152,347","-778438,575","-1059152,347","-778431,185","-1059153,168",BavorynÏ,,,silnice3.t¯Ìdy,11710,851481.0,,OpaËn˝kesmÏru˙seku,Pomal˝,534421.0,,GN_V0.1UIR-ADR_410,1
10206190045,2,117.0,2019-01-24,4,555,1,3,0,2,1,0,403,0,0,0,50,2,3,1,1,6,1,1,1,3,3,5,5,2,19,9.0,3,17.0,15,1.0,0.0,0.0,0.0,1.0,12.0,0,9.0,,,"-783531,069","-1061886,503","-783531,069","-1061886,503","-783529,622","-1061886,228",,,,silnice2.t¯Ìdy,117,860339.0,,OpaËn˝kesmÏru˙seku,Pomal˝,532029.0,,GN_V0.1UIR-ADR_410,2
10206190046,3,11716.0,2019-01-25,5,1017,3,0,1,1,1,2,204,0,0,1,560,2,3,1,1,1,1,1,8,0,0,0,2,1,0,,3,39.0,07,1.0,1.0,1.0,0.0,1.0,1.0,500,2.0,1.0,1.0,"-788744,087","-1070882,806","-788744,087","-1070882,806","-788747,138","-1070881,719",,,,silnice3.t¯Ìdy,11716,2787754.0,,OpaËn˝kesmÏru˙seku,Pomal˝,531995.0,,GN_V0.1UIR-ADR_410,2
10206190047,2,605.0,2019-01-25,5,2300,3,0,6,1,1,2,205,0,0,1,300,2,1,1,1,4,1,1,8,0,0,0,2,1,0,,3,4.0,96,1.0,1.0,1.0,1.0,1.0,1.0,300,7.0,1.0,1.0,"-776880,173","-1057840,303","-776880,173","-1057840,303",-776881,"-1057840,404",Zdice,»s.Arm·dy,,silnice2.t¯Ìdy,605,860528.0,,Souhlasn˝sesmÏrem˙seku,Pomal˝,532011.0,,GN_V0.1UIR-ADR_410,1
10206190048,3,1166.0,2019-01-26,6,600,3,0,1,2,1,8,204,0,0,0,1020,2,6,1,5,6,3,0,8,0,0,0,3,1,0,,3,48.0,17,1.0,1.0,1.0,0.0,1.0,3.0,1000,2.0,5.0,1.0,"-771158,612","-1051518,428","-771158,612","-1051518,428","-771168,227","-1051526,416",,,,silnice3.t¯Ìdy,1166,857541.0,,Souhlasn˝sesmÏrem˙seku,Pomal˝,531057.0,6793.0,GN_V0.1UIR-ADR_410,2
10206190049,2,117.0,2019-01-26,6,642,3,0,9,2,1,2,204,0,0,0,700,2,8,1,5,5,1,1,6,0,0,0,2,1,0,,3,39.0,10,1.0,1.0,0.0,0.0,1.0,1.0,500,2.0,1.0,1.0,"-783475,471","-1064913,995","-783475,471","-1064913,995","-783477,453","-1064913,477",Ho¯ovice,Tyröova,,silnice2.t¯Ìdy,117,1483320.0,,OpaËn˝kesmÏru˙seku,Pomal˝,531189.0,10120.0,GN_V0.1UIR-ADR_410,1