IDENTIFIKA»NÕ »ÕSLO,DRUH POZEMNÕ KOMUNIKACE,»ÕSLO POZEMNÕ KOMUNIKACE,"den, mÏsÌc, rok",,Ëas ,DRUH NEHODY,DRUH SR¡éKY JEDOUCÕCH VOZIDEL,DRUH PEVN… PÿEK¡éKY,CHARAKTER NEHODY,ZAVINÃNÕ NEHODY,ALKOHOL U VINÕKA NEHODY PÿÕTOMEN,HLAVNÕ PÿÕ»INY NEHODY,usmrceno osob,tÏûce zranÏno osob,lehce zranÏno osob,CELKOV¡ HMOTN¡ äKODA,DRUH POVRCHU VOZOVKY,STAV POVRCHU VOZOVKY V DOBÃ NEHODY,STAV KOMUNIKACE,POVÃTRNOSTNÕ PODMÕNKY V DOBÃ NEHODY,VIDITELNOST,ROZHLEDOV… POMÃRY,DÃLENÕ KOMUNIKACE,SITUOV¡NÕ NEHODY NA KOMUNIKACI,ÿÕZENÕ PROVOZU V DOBÃ NEHODY,MÕSTNÕ ⁄PRAVA PÿEDNOSTI V JÕZDÃ,SPECIFICK¡ MÕSTA A OBJEKTY V MÕSTÃ NEHODY,SMÃROV… POMÃRY,PO»ET Z⁄»ASTNÃN›CH VOZIDEL,MÕSTO DOPRAVNÕ NEHODY,DRUH KÿIéUJÕCÕ KOMUNIKACE,DRUH VOZIDLA,V›ROBNÕ ZNA»KA MOTOROV…HO VOZIDLA,ROK V›ROBY VOZIDLA,CHARAKTERISTIKA VOZIDLA ,SMYK,VOZIDLO PO NEHODÃ,"⁄NIK PROVOZNÕCH, PÿEPRAVOVAN›CH HMOT",ZPŸSOB VYPROäTÃNÕ OSOB Z VOZIDLA,SMÃR JÕZDY NEBO POSTAVENÕ VOZIDLA,äKODA NA VOZIDLE,KATEGORIE ÿIDI»E,STAV ÿIDI»E,VNÃJäÕ OVLIVNÃNÕ ÿIDI»E,nan.1,nan.2,nan.3,nan.4,nan.5,nan.6,nan.7,nan.8,nan.9,nan.10,nan.11,nan.12,nan.13,nan.14,nan.15,nan.16,nan.17,nan.18,LOKALITA NEHODY
10206190050,8,,2019-01-26,6,1200,3,0,3,2,1,2,504,0,0,0,50,2,6,1,5,3,1,0,8,0,0,0,1,1,0,,3,44.0,17,3.0,0.0,1.0,0.0,1.0,5.0,0,2.0,1.0,1.0,"-769815,954","-1052922,396","-769815,954","-1052922,396","-769817,352","-1052912,967",BEROUN-MÃSTO,OkruûnÌ,,mÌstnÌkomunikace,,2751873.0,,Souhlasn˝sesmÏrem˙seku,Pomal˝,531057.0,8818.0,GN_V0.1UIR-ADR_410,1
10206190051,8,,2019-01-27,0,2560,2,0,0,2,1,0,516,0,0,0,500,2,3,1,1,1,1,0,8,0,0,10,1,2,0,,17,,XX,,,,,,,0,,,,"-770180,682","-1053900,519","-770180,682","-1053900,519","-770180,965","-1053901,843",BEROUN-MÃSTO,,,mÌstnÌkomunikace,,2565276.0,,Souhlasn˝sesmÏrem˙seku,Pomal˝,531057.0,,GN_V0.1UIR-ADR_410,1
10206190052,8,,2019-01-27,0,1850,2,0,0,2,1,2,504,0,0,0,100,2,1,1,1,4,1,0,1,0,0,0,1,2,0,,3,60.0,17,3.0,0.0,0.0,0.0,1.0,5.0,100,2.0,1.0,1.0,"-770417,26","-1053757,17","-770417,26","-1053757,17","-770420,398","-1053750,71",BEROUN-MÃSTO,,,mÌstnÌkomunikace,,858649.0,,Souhlasn˝sesmÏrem˙seku,Pomal˝,531057.0,,GN_V0.1UIR-ADR_410,1
10206190053,6,,2019-01-01,2,2359,3,0,9,2,1,0,504,0,0,0,10,5,1,1,1,4,1,1,3,0,0,0,1,1,0,,3,39.0,08,1.0,0.0,1.0,0.0,1.0,5.0,10,2.0,1.0,1.0,"-770788,439","-1050163,128","-771005,985","-1050174,945","-771014,225","-1050190,639",H˝skov,Sr·zn·,,mÌstnÌkomunikace,,862917.0,,OpaËn˝kesmÏru˙seku,Pomal˝,531243.0,10685.0,GN_V0.1UIR-ADR_410,1
10206190054,6,,2019-01-28,1,1108,1,4,0,2,1,0,516,0,0,0,80,2,3,1,1,1,1,1,1,3,3,0,5,2,10,6.0,17,,XX,,,,,,,0,,,,"-782838,04","-1065105,398","-782841,263","-1065121,513","-782839,46","-1065122,462",Ho¯ovice,Knemocnici,,mÌstnÌkomunikace,,863961.0,,Souhlasn˝sesmÏrem˙seku,Pomal˝,531189.0,9601.0,GN_V0.1UIR-ADR_410,1
10206190055,6,,2019-01-22,2,1000,0,0,0,2,1,0,508,0,0,0,200,2,1,1,1,1,1,1,1,0,0,0,2,2,0,,3,39.0,14,1.0,0.0,0.0,0.0,1.0,5.0,200,2.0,1.0,1.0,"-783332,286","-1065291,699","-783332,286","-1065291,699","-783331,638","-1065291,673",Ho¯ovice,Z·meck·,,mÌstnÌkomunikace,,864043.0,,OpaËn˝kesmÏru˙seku,Pomal˝,531189.0,10286.0,GN_V0.1UIR-ADR_410,1
10206190056,6,,2019-01-29,2,1115,2,0,0,2,1,2,509,0,0,0,80,2,1,1,1,1,1,0,0,0,0,10,1,2,0,,3,39.0,02,1.0,0.0,1.0,0.0,1.0,5.0,30,9.0,,,,,"-769683,635","-1053324,76","-769682,99","-1053329,696",BEROUN-MÃSTO,HavlÌËkova,,mÌstnÌkomunikace,,867103.0,,Souhlasn˝sesmÏrem˙seku,Pomal˝,531057.0,7030.0,GN_V0.1UIR-ADR_410,1
10206190057,6,,2019-01-29,2,1020,2,0,0,2,1,2,504,0,0,0,130,2,1,1,1,1,1,0,1,0,0,0,1,2,0,,3,13.0,99,1.0,0.0,0.0,0.0,1.0,5.0,30,2.0,1.0,1.0,"-772895,761","-1054622,439","-772895,761","-1054622,439","-772894,641","-1054624,36",Kr·l˘vDv˘r,NadStadionem,,mÌstnÌkomunikace,,1576202.0,,OpaËn˝kesmÏru˙seku,Pomal˝,533203.0,11487.0,GN_V0.1UIR-ADR_410,1
10206190058,3,11611.0,2019-01-29,2,1914,5,0,0,2,4,0,100,0,0,0,250,2,1,1,1,6,1,1,1,0,0,0,1,1,0,,3,17.0,18,2.0,0.0,0.0,0.0,1.0,1.0,200,3.0,1.0,1.0,"-762837,857","-1052651,982","-762837,857","-1052651,982","-762839,806","-1052651,824",,,,silnice3.t¯Ìdy,11611,865127.0,,OpaËn˝kesmÏru˙seku,Pomal˝,531103.0,,GN_V0.1UIR-ADR_410,2
10206190059,6,,2019-01-30,3,715,1,3,0,2,1,2,516,0,0,0,1850,2,1,1,1,2,1,1,1,3,5,0,5,2,10,6.0,3,12.0,18,3.0,0.0,0.0,0.0,1.0,5.0,1500,2.0,1.0,1.0,"-769138,896","-1051808,776","-769139,433","-1051794,273","-769138,678","-1051794,32",BEROUN-Z¡VODÕ,NaHr·zi,,mÌstnÌkomunikace,,2751810.0,,Souhlasn˝sesmÏrem˙seku,Pomal˝,531057.0,7641.0,GN_V0.1UIR-ADR_410,1
10206190060,8,,2019-01-30,3,2560,2,0,0,2,1,0,516,0,0,0,100,2,1,1,1,1,1,0,0,0,0,0,1,2,0,,17,,XX,,,,,,,0,,,,"-769011,049","-1052800,754","-769011,049","-1052800,754","-769031,683","-1052762,828",BEROUN-Z¡VODÕ,Praûsk·,,silnice2.t¯Ìdy,605,857026.0,,Souhlasn˝sesmÏrem˙seku,Pomal˝,531057.0,7994.0,GN_V0.1UIR-ADR_410,1
10206190061,3,11413.0,2019-01-31,4,1830,5,0,0,2,4,0,100,0,0,0,300,2,1,1,1,6,1,1,1,0,0,0,2,1,0,,3,17.0,19,3.0,0.0,1.0,0.0,1.0,1.0,300,3.0,1.0,1.0,"-770089,425","-1058869,442","-770089,425","-1058869,442","-770081,418","-1058871,998",,,,silnice3.t¯Ìdy,11413,1357421.0,,Souhlasn˝sesmÏrem˙seku,Pomal˝,531782.0,,GN_V0.1UIR-ADR_410,2
10306190001,1,61.0,2019-01-01,2,1820,1,2,0,2,1,2,403,0,0,0,1510,2,3,1,1,4,1,1,1,3,3,0,4,2,19,6.0,3,35.0,05,1.0,0.0,1.0,0.0,1.0,24.0,10,3.0,1.0,1.0,"-763295,402","-1033851,238","-763301,31","-1033844,793","-763301,25","-1033845,661",Kladno,KroËehlavsk·,,silnice1.t¯Ìdy,61,242729.0,,Souhlasn˝sesmÏrem˙seku,Pomal˝,532053.0,210579.0,GN_V0.1UIR-ADR_410,1
10306190003,2,240.0,2019-01-03,4,2025,3,0,9,2,1,2,204,0,0,0,30,2,6,1,6,7,1,1,0,0,0,0,1,1,0,,3,39.0,10,1.0,1.0,1.0,0.0,1.0,1.0,30,2.0,1.0,1.0,"-752306,783","-1023499,477","-752308,931","-1023493,568","-752307,716","-1023493,148",,,,silnice2.t¯Ìdy,240,221162.0,,OpaËn˝kesmÏru˙seku,Pomal˝,532673.0,,GN_V0.1UIR-ADR_410,2
10306190004,3,23920.0,2019-01-03,4,1930,3,0,1,2,1,2,204,0,0,0,600,2,6,1,1,6,1,1,1,0,0,0,1,1,0,,5,39.0,05,1.0,0.0,1.0,0.0,1.0,3.0,600,2.0,1.0,1.0,"-756380,166","-1020149,067","-756384,033","-1020140,219","-756383,712","-1020141,295",,,,silnice3.t¯Ìdy,23920,1356561.0,,Souhlasn˝sesmÏrem˙seku,Pomal˝,533041.0,,GN_V0.1UIR-ADR_410,2
10306190005,2,240.0,2019-01-04,5,520,3,0,9,2,1,2,204,0,0,0,30,2,6,1,6,6,1,1,8,0,0,0,1,2,0,,3,39.0,05,1.0,1.0,1.0,0.0,1.0,1.0,30,2.0,1.0,1.0,"-752845,613","-1021782,305","-752856,36","-1021784,454","-752856,515","-1021784,469",,,,silnice2.t¯Ìdy,240,817237.0,,Souhlasn˝sesmÏrem˙seku,Pomal˝,533041.0,,GN_V0.1UIR-ADR_410,2
10306190006,2,118.0,2019-01-04,5,710,3,0,9,2,1,2,204,0,0,0,450,2,3,1,3,4,1,1,6,0,0,7,1,1,0,,3,31.0,11,1.0,1.0,1.0,0.0,1.0,3.0,400,2.0,1.0,1.0,"-763936,951","-1033644,027","-763936,951","-1033644,027","-763951,822","-1033664,017",Kladno,gen.Klap·lka,,silnice2.t¯Ìdy,118,242193.0,,OpaËn˝kesmÏru˙seku,Pomal˝,532053.0,209252.0,GN_V0.1UIR-ADR_410,1
10306190007,0,7.0,2019-01-04,5,1755,1,3,0,2,1,2,402,0,0,0,2110,2,3,1,1,6,1,1,1,3,3,0,4,2,19,3.0,3,39.0,15,3.0,0.0,1.0,0.0,1.0,13.0,2000,2.0,1.0,1.0,"-761941,016","-1026101,438","-761936,719","-1026063,299","-761936,68","-1026064,04",,,,silnice1.t¯Ìdy,7,2752867.0,,Souhlasn˝sesmÏrem˙seku,Pomal˝,532428.0,,GN_V0.1UIR-ADR_410,2
10306190008,3,2385.0,2019-01-05,6,2015,1,4,0,2,1,2,504,0,0,0,40,2,3,1,4,5,1,1,1,2,0,2,1,2,0,,3,39.0,06,1.0,0.0,1.0,0.0,1.0,3.0,10,2.0,1.0,1.0,"-764764,462","-1033897,142","-764764,462","-1033897,142","-764761,78","-1033899,718",Kladno,PetraBezruËe,,silnice3.t¯Ìdy,2385,243208.0,,OpaËn˝kesmÏru˙seku,Pomal˝,532053.0,210871.0,GN_V0.1UIR-ADR_410,1
10306190009,6,,2019-01-06,0,930,3,0,6,2,1,2,204,0,0,0,450,2,3,1,1,1,1,1,1,3,3,0,5,1,10,6.0,3,7.0,07,1.0,1.0,1.0,0.0,1.0,5.0,300,2.0,1.0,1.0,"-757858,485","-1033210,483","-757879,433","-1033202,963","-757879,469","-1033203,282",BuötÏhrad,Praûsk·,,mÌstnÌkomunikace,,818558.0,,OpaËn˝kesmÏru˙seku,Pomal˝,532169.0,205656.0,GN_V0.1UIR-ADR_410,1
10306190010,3,23636.0,2019-01-06,0,1415,5,0,0,2,4,0,100,0,0,0,610,2,1,1,1,1,1,1,1,0,0,0,1,1,0,,3,39.0,18,3.0,0.0,1.0,0.0,1.0,3.0,600,2.0,1.0,1.0,"-769699,214","-1027895,653","-769699,864","-1027887,315","-769699,898","-1027887,985",,,,silnice3.t¯Ìdy,23636,2004117.0,,Souhlasn˝sesmÏrem˙seku,Pomal˝,532835.0,,GN_V0.1UIR-ADR_410,2
10306190011,0,7.0,2019-01-06,0,2240,5,0,0,2,4,0,100,0,0,0,410,2,3,1,1,6,1,6,1,0,0,0,1,1,0,,3,39.0,12,3.0,0.0,1.0,0.0,1.0,1.0,400,2.0,1.0,1.0,"-756598,925","-1033222,026","-756598,925","-1033222,026","-756601,512","-1033223,034",,,,mÌstnÌkomunikace,R7,1350006.0,,Souhlasn˝sesmÏrem˙seku,Pomal˝,532169.0,,GN_V0.1UIR-ADR_410,2
10306190012,3,10144.0,2019-01-07,1,700,1,3,0,2,1,0,501,0,0,0,100,2,3,1,1,6,1,1,1,0,0,0,1,2,0,,17,,XX,,,,,,,0,,,,"-759423,51","-1027107,986","-759423,51","-1027107,986","-759425,647","-1027101,816",,,,silnice3.t¯Ìdy,10144,3114314.0,,OpaËn˝kesmÏru˙seku,Pomal˝,599425.0,,GN_V0.1UIR-ADR_410,2
10306190013,6,,2019-01-07,1,1239,3,0,9,2,1,2,502,0,0,0,170,2,3,1,1,1,1,1,1,3,3,1,4,1,10,6.0,8,19.0,18,3.0,0.0,1.0,0.0,1.0,5.0,100,4.0,1.0,1.0,"-764326,713","-1033627,815","-764343,364","-1033610,627","-764345,182","-1033612,079",Kladno,J.Hory,,mÌstnÌkomunikace,,2754866.0,,OpaËn˝kesmÏru˙seku,Pomal˝,532053.0,209007.0,GN_V0.1UIR-ADR_410,1
10306190014,3,724.0,2019-01-07,1,1505,1,1,0,2,7,0,615,0,0,0,1210,2,9,1,1,1,1,1,1,0,0,0,2,5,0,,8,59.0,13,3.0,0.0,1.0,1.0,1.0,3.0,0,4.0,1.0,1.0,"-762322,964","-1027061,122","-762291,274","-1027071,327","-762291,6","-1027070,985",,,,silnice3.t¯Ìdy,00724,228413.0,,Souhlasn˝sesmÏrem˙seku,Pomal˝,532428.0,,GN_V0.1UIR-ADR_410,2
10306190015,6,,2019-01-08,2,625,4,0,0,1,1,2,412,0,0,1,0,2,3,1,3,5,1,1,1,0,0,1,1,1,0,,3,39.0,13,1.0,0.0,1.0,0.0,1.0,5.0,0,2.0,1.0,1.0,"-763268,744","-1036238,217","-763268,744","-1036238,217","-763268,21","-1036244,376",Kladno,MiladyHor·kovÈ,,mÌstnÌkomunikace,,832812.0,,,Pomal˝,532053.0,701793.0,GN_V0.1UIR-ADR_410,1
10306190016,0,6.0,2019-01-08,2,1700,1,3,0,1,1,2,204,0,0,1,560,2,3,1,4,6,1,3,1,0,0,0,1,2,0,,3,35.0,05,1.0,1.0,1.0,0.0,1.0,1.0,500,2.0,1.0,1.0,"-770681,681","-1035808,404","-770681,681","-1035808,404","-770679,433","-1035806,208",,,,mÌstnÌkomunikace,R6,3068641.0,,Souhlasn˝sesmÏrem˙seku,Pomal˝,532452.0,,GN_V0.1UIR-ADR_410,2
10306190017,3,711.0,2019-01-09,3,1130,2,0,0,2,1,0,501,0,0,0,50,2,3,1,1,1,1,1,1,0,0,0,2,2,0,,17,,XX,,,,,,,0,,,,"-756070,697","-1034840,313","-756070,697","-1034840,313","-756070,651","-1034841,452",Makot¯asy,,,silnice3.t¯Ìdy,00711,1484853.0,,Souhlasn˝sesmÏrem˙seku,Pomal˝,532622.0,,GN_V0.1UIR-ADR_410,1
10306190018,6,,2019-01-09,3,1510,2,0,0,2,1,2,504,0,0,0,200,2,3,1,1,1,1,1,1,0,0,0,1,2,0,,3,39.0,11,12.0,0.0,1.0,1.0,1.0,5.0,50,2.0,1.0,1.0,"-772604,79","-1033184,411","-772604,79","-1033184,411","-772605,328","-1033179,54",Tuchlovice,N·mÏstÌ,,mÌstnÌkomunikace,,3098721.0,,Souhlasn˝sesmÏrem˙seku,Pomal˝,532983.0,217000.0,GN_V0.1UIR-ADR_410,1
10306190019,6,,2019-01-09,3,1935,2,0,0,2,1,4,204,0,0,0,500,2,8,1,5,4,1,1,1,0,0,0,3,2,0,,5,7.0,11,2.0,1.0,1.0,0.0,1.0,5.0,200,2.0,3.0,1.0,,,"-764405,716","-1034548,036","-764405,729","-1034548,01",Kladno,Mosteck·,,mÌstnÌkomunikace,,2755327.0,,Souhlasn˝sesmÏrem˙seku,Pomal˝,532053.0,210251.0,GN_V0.1UIR-ADR_410,1
10306190020,2,238.0,2019-01-10,4,535,1,3,0,2,1,2,402,0,0,0,1000,2,8,1,5,6,1,1,1,3,3,0,4,2,19,3.0,3,42.0,09,1.0,0.0,1.0,0.0,1.0,24.0,500,2.0,1.0,1.0,"-768989,123","-1034575,065","-768985,363","-1034591,716","-768985,26","-1034591,982",,,,silnice2.t¯Ìdy,238,245777.0,,OpaËn˝kesmÏru˙seku,Pomal˝,532452.0,,GN_V0.1UIR-ADR_410,2
10306190021,6,,2019-01-10,4,1115,1,2,0,1,1,2,403,0,0,1,650,2,3,1,5,3,1,1,1,3,3,0,5,2,10,6.0,3,4.0,16,3.0,0.0,1.0,0.0,1.0,5.0,400,2.0,1.0,1.0,"-762547,556","-1034663,759","-762518,015","-1034675,039","-762518,098","-1034674,423",Kladno,Praûsk·,,mÌstnÌkomunikace,,2752441.0,,Souhlasn˝sesmÏrem˙seku,Pomal˝,532053.0,211028.0,GN_V0.1UIR-ADR_410,1
10306190022,6,,2019-01-10,4,1405,2,0,0,2,1,2,504,0,0,0,20,2,3,6,1,1,1,1,1,3,3,0,1,2,0,,3,12.0,96,1.0,0.0,3.0,0.0,1.0,5.0,10,2.0,1.0,1.0,"-761483,025","-1029373,085","-761471,746","-1029370,937","-761471,715","-1029370,934",Pchery,OkruûnÌ,,mÌstnÌkomunikace,,232466.0,,Souhlasn˝sesmÏrem˙seku,Pomal˝,532720.0,,GN_V0.1UIR-ADR_410,1
10306190023,2,118.0,2019-01-11,5,1250,3,0,9,2,1,0,516,0,0,0,151,2,3,1,1,1,1,1,1,0,0,0,1,3,0,,17,,XX,,,,,,,0,,,,"-765749,27","-1025974,585","-765715,969","-1025955,249","-765715,676","-1025955,646",,,,silnice2.t¯Ìdy,118,3287899.0,,OpaËn˝kesmÏru˙seku,Pomal˝,532819.0,215490.0,GN_V0.1UIR-ADR_410,2
10306190024,6,,2019-01-11,5,1510,1,3,0,2,1,2,403,0,0,0,1350,2,6,1,5,1,1,1,1,3,3,0,5,4,10,6.0,3,39.0,05,1.0,0.0,1.0,0.0,1.0,5.0,150,2.0,1.0,1.0,"-762443,46","-1035292,869","-762443,46","-1035282,126","-762443,867","-1035282,077",Kladno,Litevsk·,,mÌstnÌkomunikace,,1574201.0,,Souhlasn˝sesmÏrem˙seku,Pomal˝,532053.0,209996.0,GN_V0.1UIR-ADR_410,1
10306190025,3,23643.0,2019-01-11,5,1550,1,4,0,2,1,2,204,0,0,0,700,2,5,1,1,1,1,1,1,0,0,0,2,2,0,,3,42.0,07,1.0,1.0,1.0,0.0,1.0,12.0,100,4.0,1.0,1.0,"-763025,426","-1028531,567","-763020,591","-1028512,767","-763020,407","-1028512,871",Pchery,5.kvÏtna,,silnice3.t¯Ìdy,23643,1484799.0,,OpaËn˝kesmÏru˙seku,Pomal˝,532720.0,214396.0,GN_V0.1UIR-ADR_410,1
10306190026,3,24019.0,2019-01-11,5,1910,3,0,8,2,1,2,204,0,0,0,650,2,3,1,1,4,1,1,1,0,0,0,1,1,0,,3,39.0,10,1.0,1.0,1.0,0.0,1.0,1.0,500,2.0,1.0,1.0,"-757953,588","-1024960,06","-757944,993","-1024969,191","-757943,333","-1024971,394",ZvolenÏves,,,silnice3.t¯Ìdy,24019,984904.0,,Souhlasn˝sesmÏrem˙seku,Pomal˝,533122.0,,GN_V0.1UIR-ADR_410,1
10306190027,6,,2019-01-11,5,2240,3,0,9,2,1,2,504,0,0,0,80,1,6,1,5,4,1,0,6,0,0,0,1,1,0,,12,0.0,17,3.0,0.0,1.0,0.0,1.0,5.0,50,2.0,1.0,1.0,"-763333,88","-1035033,234","-763333,88","-1035033,234","-763333,555","-1035036,431",Kladno,V·clavskÈn·mÏstÌ,,mÌstnÌkomunikace,,737287.0,,,Pomal˝,532053.0,,GN_V0.1UIR-ADR_410,1
10306190028,6,,2019-01-12,6,1215,3,0,9,2,1,2,508,0,0,0,110,2,3,1,1,1,1,1,1,0,0,0,1,1,0,,3,32.0,11,3.0,0.0,1.0,0.0,1.0,5.0,100,2.0,1.0,1.0,"-765435,947","-1033725,82","-765438,095","-1033724,208","-765438,205","-1033724,259",Kladno,VanËurova,,mÌstnÌkomunikace,,1266350.0,,OpaËn˝kesmÏru˙seku,Pomal˝,532053.0,212181.0,GN_V0.1UIR-ADR_410,1
10306190029,3,2015.0,2019-01-13,0,800,3,0,1,1,1,2,205,0,0,1,1000,2,3,1,6,3,1,1,1,0,0,0,2,1,0,,3,32.0,10,1.0,0.0,1.0,0.0,1.0,1.0,1000,2.0,1.0,1.0,"-768393,207","-1036492,064","-768393,207","-1036492,064","-768393,819","-1036488,966",,,,silnice3.t¯Ìdy,2015,2003825.0,,Souhlasn˝sesmÏrem˙seku,Pomal˝,532223.0,,GN_V0.1UIR-ADR_410,2
10306190030,6,,2019-01-13,0,1740,1,4,0,2,1,2,503,0,0,0,100,2,3,1,4,5,1,1,1,1,0,2,1,2,0,,3,39.0,03,1.0,0.0,1.0,0.0,1.0,5.0,50,2.0,1.0,1.0,"-764854,51","-1033807,3","-764864,178","-1033812,672","-764862,701","-1033812,05",Kladno,n·mÏstÌ17.listopadu,,mÌstnÌkomunikace,,242764.0,,Souhlasn˝sesmÏrem˙seku,Pomal˝,532053.0,211095.0,GN_V0.1UIR-ADR_410,1
10306190031,3,23631.0,2019-01-14,1,550,9,0,0,2,1,2,204,0,0,0,500,2,6,1,6,7,1,1,1,0,0,0,1,1,0,,5,7.0,13,3.0,1.0,1.0,0.0,1.0,3.0,500,2.0,1.0,1.0,"-770069,826","-1030245,166","-770069,826","-1030245,166","-770067,514","-1030243,491",,,,silnice3.t¯Ìdy,23631,234156.0,,OpaËn˝kesmÏru˙seku,Pomal˝,532835.0,,GN_V0.1UIR-ADR_410,2
10306190032,2,118.0,2019-01-14,1,750,1,2,0,2,1,2,204,0,0,0,2600,2,6,1,1,2,1,1,1,0,0,0,2,3,0,,3,17.0,09,1.0,1.0,1.0,0.0,1.0,3.0,700,2.0,1.0,1.0,"-763649,71","-1023146,987","-763648,176","-1023142,885","-763653,1","-1023139,91",Slan˝,NosaËick·,,silnice2.t¯Ìdy,118,3265366.0,,OpaËn˝kesmÏru˙seku,Pomal˝,532819.0,215287.0,GN_V0.1UIR-ADR_410,1
10306190033,3,23631.0,2019-01-14,1,820,3,0,9,2,1,2,204,0,0,0,350,2,3,1,1,1,1,1,1,0,0,0,2,1,0,,3,60.0,13,1.0,1.0,1.0,0.0,1.0,3.0,350,2.0,1.0,1.0,"-771571,207","-1029180,317","-771578,191","-1029183,541","-771575,327","-1029177,379",,,,silnice3.t¯Ìdy,23631,2004084.0,,Souhlasn˝sesmÏrem˙seku,Pomal˝,532835.0,,GN_V0.1UIR-ADR_410,2
10306190034,6,,2019-01-14,1,1108,4,0,0,1,1,2,412,0,0,1,100,0,1,1,1,1,1,1,1,0,0,1,1,1,0,,3,32.0,14,1.0,0.0,1.0,0.0,1.0,5.0,100,2.0,1.0,1.0,"-763844,034","-1034929,474","-763852,091","-1034967,613","-763851,959","-1034968,046",Kladno,Vod·rensk·,,mÌstnÌkomunikace,,1573994.0,,OpaËn˝kesmÏru˙seku,Pomal˝,532053.0,212393.0,GN_V0.1UIR-ADR_410,1
10306190035,6,,2019-01-14,1,1230,1,3,0,2,1,2,403,0,0,0,170,2,1,1,1,1,1,1,1,3,3,1,5,2,10,6.0,3,31.0,04,1.0,0.0,1.0,0.0,1.0,5.0,20,2.0,1.0,1.0,"-764269,414","-1023625,828","-764266,191","-1023625,828","-764263,593","-1023625,276",Slan˝,Politick˝chvÏzÚ˘,,mÌstnÌkomunikace,,1394563.0,,Souhlasn˝sesmÏrem˙seku,Pomal˝,532819.0,215708.0,GN_V0.1UIR-ADR_410,1
10306190036,6,,2019-01-12,6,2560,2,0,0,2,1,0,504,0,0,0,50,2,3,1,5,3,1,1,1,0,0,0,1,2,0,,17,,XX,,,,,,,0,,,,"-764895,198","-1033625,621","-764895,198","-1033625,621","-764898,023","-1033617,083",Kladno,KLEINEROVA,,mÌstnÌkomunikace,,1693530.0,,Souhlasn˝sesmÏrem˙seku,Pomal˝,532053.0,212288.0,GN_V0.1UIR-ADR_410,1
10306190037,6,,2019-01-14,1,1700,1,1,0,2,1,2,204,0,0,0,870,2,6,1,1,2,1,1,1,3,4,0,4,2,10,6.0,4,2.0,10,1.0,1.0,1.0,0.0,1.0,5.0,50,3.0,1.0,1.0,"-764409,4","-1034613,4","-764399,731","-1034619,846","-764403,345","-1034610,723",Kladno,Josefa»apka,,mÌstnÌkomunikace,,2755353.0,,Souhlasn˝sesmÏrem˙seku,Pomal˝,532053.0,209333.0,GN_V0.1UIR-ADR_410,1
10306190038,2,237.0,2019-01-14,1,1850,3,0,9,1,1,2,204,0,0,1,150,2,3,1,1,6,1,1,1,0,0,0,2,1,0,,3,39.0,08,1.0,0.0,1.0,0.0,1.0,1.0,150,3.0,1.0,1.0,"-769885,821","-1017586,024","-769889,582","-1017578,503","-769889,51","-1017578,486",,,,silnice2.t¯Ìdy,237,2788335.0,,Souhlasn˝sesmÏrem˙seku,Pomal˝,532461.0,,GN_V0.1UIR-ADR_410,2
10306190039,2,239.0,2019-01-14,1,1840,1,3,0,2,1,2,509,0,0,0,250,2,6,1,6,5,1,1,1,3,3,0,1,2,0,,5,43.0,16,3.0,0.0,1.0,0.0,1.0,3.0,50,3.0,1.0,1.0,"-767718,759","-1012701,973","-767718,759","-1012701,973","-767719,286","-1012700,499",Vran˝,,,silnice2.t¯Ìdy,239,3103935.0,,OpaËn˝kesmÏru˙seku,Pomal˝,533068.0,,GN_V0.1UIR-ADR_410,1
10306190040,1,16.0,2019-01-14,1,1920,3,0,9,2,1,2,204,0,0,0,350,2,3,1,1,4,1,1,3,0,0,0,1,1,0,,4,13.0,11,3.0,1.0,1.0,0.0,1.0,12.0,200,3.0,1.0,1.0,"-768399,499","-1023356,146","-768399,499","-1023356,146","-768400,238","-1023350,927",Tu¯any,,,silnice1.t¯Ìdy,16,2788668.0,,Souhlasn˝sesmÏrem˙seku,Pomal˝,532177.0,,GN_V0.1UIR-ADR_410,1
10306190041,3,69.0,2019-01-14,1,1730,1,2,0,2,1,2,204,0,0,0,1250,2,3,1,1,6,1,1,1,0,0,0,1,2,0,,3,26.0,11,1.0,1.0,1.0,0.0,1.0,1.0,350,2.0,1.0,1.0,"-764662,593","-1036226,6","-764653,462","-1036227,674","-764652,383","-1036227,051",,,,silnice3.t¯Ìdy,0069,1350311.0,,Souhlasn˝sesmÏrem˙seku,Pomal˝,532738.0,,GN_V0.1UIR-ADR_410,2
10306190042,6,,2019-01-15,2,1030,2,0,0,2,1,2,508,0,0,0,60,2,6,1,6,1,1,0,0,0,0,0,1,2,0,,3,12.0,17,3.0,0.0,1.0,0.0,1.0,5.0,10,2.0,1.0,1.0,"-765413,795","-1033445,006","-765388,012","-1033487,978","-765381,48","-1033485,481",Kladno,PRŸCHOVA,,mÌstnÌkomunikace,,3317347.0,,OpaËn˝kesmÏru˙seku,Pomal˝,532053.0,208248.0,GN_V0.1UIR-ADR_410,1
10306190043,1,61.0,2019-01-15,2,1820,1,3,0,2,1,2,405,0,0,0,1350,2,3,1,1,6,1,1,1,3,5,0,5,2,19,1.0,3,39.0,04,1.0,0.0,1.0,0.0,1.0,13.0,150,2.0,1.0,1.0,"-762610,897","-1038549,277","-762615,194","-1038542,294","-762613,921","-1038542,209",,,,silnice1.t¯Ìdy,61,1484772.0,,Souhlasn˝sesmÏrem˙seku,Pomal˝,513113.0,,GN_V0.1UIR-ADR_410,2