IDENTIFIKA»NÕ »ÕSLO,DRUH POZEMNÕ KOMUNIKACE,»ÕSLO POZEMNÕ KOMUNIKACE,"den, mÏsÌc, rok",,Ëas ,DRUH NEHODY,DRUH SR¡éKY JEDOUCÕCH VOZIDEL,DRUH PEVN… PÿEK¡éKY,CHARAKTER NEHODY,ZAVINÃNÕ NEHODY,ALKOHOL U VINÕKA NEHODY PÿÕTOMEN,HLAVNÕ PÿÕ»INY NEHODY,usmrceno osob,tÏûce zranÏno osob,lehce zranÏno osob,CELKOV¡ HMOTN¡ äKODA,DRUH POVRCHU VOZOVKY,STAV POVRCHU VOZOVKY V DOBÃ NEHODY,STAV KOMUNIKACE,POVÃTRNOSTNÕ PODMÕNKY V DOBÃ NEHODY,VIDITELNOST,ROZHLEDOV… POMÃRY,DÃLENÕ KOMUNIKACE,SITUOV¡NÕ NEHODY NA KOMUNIKACI,ÿÕZENÕ PROVOZU V DOBÃ NEHODY,MÕSTNÕ ⁄PRAVA PÿEDNOSTI V JÕZDÃ,SPECIFICK¡ MÕSTA A OBJEKTY V MÕSTÃ NEHODY,SMÃROV… POMÃRY,PO»ET Z⁄»ASTNÃN›CH VOZIDEL,MÕSTO DOPRAVNÕ NEHODY,DRUH KÿIéUJÕCÕ KOMUNIKACE,DRUH VOZIDLA,V›ROBNÕ ZNA»KA MOTOROV…HO VOZIDLA,ROK V›ROBY VOZIDLA,CHARAKTERISTIKA VOZIDLA ,SMYK,VOZIDLO PO NEHODÃ,"⁄NIK PROVOZNÕCH, PÿEPRAVOVAN›CH HMOT",ZPŸSOB VYPROäTÃNÕ OSOB Z VOZIDLA,SMÃR JÕZDY NEBO POSTAVENÕ VOZIDLA,äKODA NA VOZIDLE,KATEGORIE ÿIDI»E,STAV ÿIDI»E,VNÃJäÕ OVLIVNÃNÕ ÿIDI»E,nan.1,nan.2,nan.3,nan.4,nan.5,nan.6,nan.7,nan.8,nan.9,nan.10,nan.11,nan.12,nan.13,nan.14,nan.15,nan.16,nan.17,nan.18,LOKALITA NEHODY
10306190044,0,7.0,2019-01-16,3,730,5,0,0,2,4,0,100,0,0,0,710,2,3,1,1,2,1,3,1,0,0,0,1,2,0,,7,48.0,14,9.0,0.0,1.0,0.0,1.0,1.0,500,3.0,1.0,1.0,"-757098,263","-1031712,25","-757098,263","-1031712,25","-757101,664","-1031713,015",,,,mÌstnÌkomunikace,R7,710296.0,,Souhlasn˝sesmÏrem˙seku,Pomal˝,532851.0,,GN_V0.1UIR-ADR_410,2
10306190045,6,,2019-01-06,0,2560,2,0,0,2,1,0,504,0,0,0,40,2,1,1,1,4,1,0,1,3,3,0,1,2,0,,17,,XX,,,,,,,0,,,,,,"-764580,855","-1033506,618","-764581,528","-1033506,919",Kladno,Ctiborova,,mÌstnÌkomunikace,,241803.0,,Souhlasn˝sesmÏrem˙seku,Pomal˝,532053.0,208213.0,GN_V0.1UIR-ADR_410,1
10306190046,2,240.0,2019-01-15,2,2560,2,0,0,2,1,0,508,0,0,0,20,2,1,1,1,1,1,1,1,0,0,0,1,2,0,,17,,XX,,,,,,,0,,,,"-752932,889","-1019870,701","-752932,889","-1019870,701","-752930,441","-1019870,631",Velvary,Praûsk·,,silnice2.t¯Ìdy,240,817035.0,,OpaËn˝kesmÏru˙seku,Pomal˝,533041.0,218961.0,GN_V0.1UIR-ADR_410,1
10306190047,3,24022.0,2019-01-17,4,2045,3,0,9,2,1,2,204,0,0,0,700,2,3,1,1,6,1,1,1,0,0,0,2,1,0,,3,13.0,09,1.0,1.0,1.0,0.0,1.0,3.0,700,2.0,1.0,1.0,"-753242,897","-1025514,386","-753246,935","-1025502,585","-753246,313","-1025502,817",,,,silnice3.t¯Ìdy,24022,2762812.0,,Souhlasn˝sesmÏrem˙seku,Pomal˝,532673.0,,GN_V0.1UIR-ADR_410,2
10306190048,3,719.0,2019-01-18,5,1445,1,2,0,1,1,2,403,0,0,1,700,2,1,1,1,1,1,1,1,3,3,0,5,2,19,6.0,7,62.0,16,3.0,0.0,1.0,0.0,1.0,31.0,200,3.0,1.0,1.0,"-759066,553","-1033346,624","-759038,072","-1033282,137","-759037,309","-1033282,567",,,,silnice3.t¯Ìdy,00719,242217.0,,OpaËn˝kesmÏru˙seku,Pomal˝,532169.0,667901.0,GN_V0.1UIR-ADR_410,2
10306190049,3,2382.0,2019-01-18,5,1719,0,0,0,2,1,2,201,0,0,0,1,2,1,1,1,4,1,1,1,3,3,0,2,1,0,,8,99.0,08,3.0,0.0,1.0,0.0,1.0,1.0,0,4.0,1.0,1.0,"-770180,226","-1033243,042","-770180,226","-1033243,042","-770178,333","-1033241,99",Tuchlovice,,,silnice3.t¯Ìdy,2382,2752485.0,,Souhlasn˝sesmÏrem˙seku,Pomal˝,532983.0,,GN_V0.1UIR-ADR_410,1
10306190050,2,116.0,2019-01-19,6,725,5,0,0,2,4,0,100,0,0,0,200,2,1,1,1,2,1,1,1,0,0,0,1,1,0,,3,39.0,05,1.0,0.0,1.0,0.0,1.0,3.0,200,3.0,1.0,1.0,"-775480,927","-1041505,935","-775480,927","-1041505,935","-775476,284","-1041506,962",,,,silnice2.t¯Ìdy,116,2789271.0,,Souhlasn˝sesmÏrem˙seku,Pomal˝,535010.0,,GN_V0.1UIR-ADR_410,2
10306190051,6,,2019-01-19,6,2230,6,0,0,2,4,0,100,0,0,0,320,2,1,1,1,4,1,1,1,0,0,0,1,1,0,,3,26.0,11,3.0,0.0,1.0,0.0,1.0,5.0,200,2.0,1.0,1.0,"-765758,887","-1034213,355","-765759,424","-1034212,818","-765758,729","-1034212,818",Kladno,SPORTOVCŸ,,mÌstnÌkomunikace,,1628474.0,,Souhlasn˝sesmÏrem˙seku,Pomal˝,532053.0,212385.0,GN_V0.1UIR-ADR_410,1
10306190052,2,201.0,2019-01-20,0,155,3,0,2,2,1,2,508,0,0,0,1250,2,6,1,6,4,1,1,1,0,0,0,1,1,0,,3,39.0,11,1.0,0.0,1.0,0.0,1.0,3.0,1000,2.0,1.0,1.0,"-763271,539","-1040406,29","-763271,539","-1040406,29","-763271,242","-1040409,167",Unhoöù,Praûsk·,,silnice2.t¯Ìdy,201,2754057.0,,Souhlasn˝sesmÏrem˙seku,Pomal˝,533017.0,217824.0,GN_V0.1UIR-ADR_410,1
10306190053,1,61.0,2019-01-19,6,1805,1,3,0,2,1,0,403,0,0,0,310,2,1,1,1,4,1,1,1,3,3,0,7,2,19,3.0,3,12.0,16,1.0,0.0,1.0,0.0,1.0,31.0,10,9.0,,,,,"-759055,548","-1033714,236","-759055,272","-1033713,442",,,,silnice1.t¯Ìdy,61,739504.0,,OpaËn˝kesmÏru˙seku,Pomal˝,532169.0,,GN_V0.1UIR-ADR_410,2
10306190054,6,,2019-01-18,5,2560,3,0,9,2,1,0,508,0,0,0,50,2,1,1,1,1,1,0,0,0,0,9,1,1,0,,17,,XX,,,,,,,0,,,,"-767366,279","-1037504,597","-767366,279","-1037504,597","-767374,178","-1037524,616",Velk·Dobr·,,,mÌstnÌkomunikace,,1693452.0,,Souhlasn˝sesmÏrem˙seku,Pomal˝,533025.0,,GN_V0.1UIR-ADR_410,1
10306190055,3,23643.0,2019-01-20,0,1355,3,0,1,2,1,2,203,0,0,0,310,2,1,1,1,1,1,1,1,0,0,0,1,1,0,,3,35.0,02,1.0,0.0,1.0,0.0,1.0,1.0,300,3.0,8.0,1.0,"-763454,157","-1029321,936","-763454,157","-1029321,936","-763457,938","-1029320,6",,,,silnice3.t¯Ìdy,23643,3114339.0,,Souhlasn˝sesmÏrem˙seku,Pomal˝,532720.0,,GN_V0.1UIR-ADR_410,2
10306190056,6,,2019-01-20,0,1850,3,0,9,2,1,2,203,0,0,0,510,2,1,1,1,6,1,1,3,0,0,0,1,1,0,,3,39.0,18,1.0,0.0,1.0,1.0,1.0,5.0,500,4.0,1.0,1.0,"-769180,035","-1030677,527","-769186,481","-1030673,23","-769186,769","-1030673,332",LibuöÌn,D˘lMax,,mÌstnÌkomunikace,,817800.0,,Souhlasn˝sesmÏrem˙seku,Pomal˝,532576.0,213659.0,GN_V0.1UIR-ADR_410,1
10306190057,1,61.0,2019-01-21,1,940,1,4,0,2,1,2,503,0,0,0,990,2,1,1,1,1,1,1,1,0,0,0,1,2,0,,3,39.0,16,3.0,0.0,1.0,0.0,1.0,1.0,800,2.0,1.0,1.0,"-763015,226","-1036593,554","-763015,226","-1036593,554","-763020,603","-1036594,432",VelkÈP¯ÌtoËno,,,silnice1.t¯Ìdy,61,1574254.0,,Souhlasn˝sesmÏrem˙seku,Pomal˝,533033.0,,GN_V0.1UIR-ADR_410,1
10306190058,1,61.0,2019-01-21,1,1805,4,0,0,1,1,2,412,0,0,1,100,2,1,1,1,6,1,1,1,0,0,1,1,1,0,,3,13.0,16,3.0,0.0,1.0,0.0,1.0,3.0,100,2.0,1.0,1.0,"-763073,67","-1035476,356","-763066,687","-1035474,744","-763066,478","-1035474,735",Kladno,Unhoöùsk·,,silnice1.t¯Ìdy,61,1574088.0,,Souhlasn˝sesmÏrem˙seku,Pomal˝,532053.0,211991.0,GN_V0.1UIR-ADR_410,1
10306190059,6,,2019-01-22,2,800,3,0,6,2,1,2,204,0,0,0,220,2,3,1,1,1,1,1,8,0,0,5,2,1,0,,3,39.0,06,1.0,1.0,1.0,0.0,1.0,5.0,150,2.0,1.0,1.0,"-764018,997","-1024052,66","-764024,369","-1024056,957","-764024,951","-1024057,525",Slan˝,Vina¯ickÈho,,mÌstnÌkomunikace,,221418.0,,OpaËn˝kesmÏru˙seku,Pomal˝,532819.0,215775.0,GN_V0.1UIR-ADR_410,1
10306190060,6,,2019-01-22,2,1250,3,0,9,2,1,2,502,0,0,0,150,4,1,1,1,1,1,0,1,0,0,0,2,1,0,,7,40.0,08,9.0,0.0,1.0,0.0,1.0,5.0,0,3.0,1.0,1.0,"-764864,147","-1031475,178","-764864,147","-1031475,178","-764864,258","-1031470,497",Vina¯ice,,,mÌstnÌkomunikace,,2561519.0,,OpaËn˝kesmÏru˙seku,Pomal˝,533050.0,,GN_V0.1UIR-ADR_410,1
10306190061,3,10142.0,2019-01-22,2,1820,4,0,0,2,1,9,203,0,0,0,150,2,1,1,1,6,1,1,1,0,0,0,1,1,0,,3,7.0,11,1.0,0.0,1.0,0.0,1.0,3.0,150,3.0,1.0,1.0,"-759028,817","-1028893,045","-759028,817","-1028893,045","-759027,958","-1028895,192",,,,silnice3.t¯Ìdy,10142,2752508.0,,OpaËn˝kesmÏru˙seku,Pomal˝,532118.0,,GN_V0.1UIR-ADR_410,2
10306190062,3,23642.0,2019-01-23,3,735,5,0,0,2,4,0,100,0,0,0,320,2,1,1,1,2,1,1,1,0,0,0,1,1,0,,3,47.0,17,3.0,0.0,1.0,0.0,1.0,1.0,300,3.0,1.0,1.0,"-764609,546","-1027711,801","-764609,546","-1027711,801","-764609,967","-1027710,353",,,,silnice3.t¯Ìdy,23642,2003748.0,,Souhlasn˝sesmÏrem˙seku,Pomal˝,532959.0,,GN_V0.1UIR-ADR_410,2
10306190063,2,236.0,2019-01-23,3,2015,3,0,6,2,1,2,204,0,0,0,440,2,6,1,5,5,1,1,1,0,0,0,1,1,0,,5,19.0,11,1.0,1.0,1.0,0.0,1.0,3.0,400,2.0,1.0,1.0,"-773997,93","-1032645,684","-773997,93","-1032645,684","-773991,904","-1032651,37",Tuchlovice,,,silnice2.t¯Ìdy,236,2788785.0,,OpaËn˝kesmÏru˙seku,Pomal˝,532983.0,,GN_V0.1UIR-ADR_410,1
10306190064,1,16.0,2019-01-24,4,2055,3,0,9,1,1,2,204,0,0,2,1500,2,6,1,6,6,1,1,1,0,0,0,2,1,0,,3,39.0,12,1.0,1.0,1.0,0.0,1.0,1.0,1500,2.0,1.0,1.0,"-761112,623","-1023409,539","-761111,549","-1023407,928","-761110,789","-1023411,712",,,,silnice1.t¯Ìdy,16,1574724.0,,OpaËn˝kesmÏru˙seku,Pomal˝,532819.0,,GN_V0.1UIR-ADR_410,2
10306190065,0,6.0,2019-01-25,5,633,3,0,9,2,1,0,403,0,0,0,300,2,3,1,6,6,1,6,1,3,4,9,1,2,0,,17,,XX,,,,,,,0,,,,"-767551,852","-1037490,077","-767560,447","-1037493,3","-767560,344","-1037493,078",,,,mÌstnÌkomunikace,R6,741612.0,,Souhlasn˝sesmÏrem˙seku,Pomal˝,533025.0,,GN_V0.1UIR-ADR_410,2
10306190066,6,,2019-01-23,3,2560,3,0,9,2,1,0,511,0,0,0,150,2,1,1,1,1,1,1,1,0,0,0,1,1,0,,17,,XX,,,,,,,0,,,,"-774362,892","-1020989,155","-774362,892","-1020989,155","-774364,98","-1020989,22",PozdeÚ,,,mÌstnÌkomunikace,,2002142.0,,Souhlasn˝sesmÏrem˙seku,Pomal˝,532762.0,,GN_V0.1UIR-ADR_410,1
10306190067,1,16.0,2019-01-25,5,1715,5,0,0,2,4,0,100,0,0,0,210,2,1,1,1,2,1,1,1,3,5,0,1,1,0,,3,39.0,16,1.0,0.0,1.0,0.0,1.0,3.0,200,2.0,1.0,1.0,"-773239,972","-1023877,654","-773239,972","-1023877,654","-773240,032","-1023881,28",,,,silnice1.t¯Ìdy,16,2002170.0,,OpaËn˝kesmÏru˙seku,Pomal˝,532657.0,,GN_V0.1UIR-ADR_410,2
10306190068,2,101.0,2019-01-26,6,210,3,0,2,2,1,0,509,0,0,0,130,2,3,1,5,7,1,1,8,0,0,0,1,1,0,,3,35.0,98,9.0,0.0,4.0,0.0,1.0,1.0,30,9.0,,,"-757354,308","-1031019,601","-757354,308","-1031019,601","-757355,07","-1030992,937",StehelËeves,V.Hermacha,,silnice2.t¯Ìdy,101,1484842.0,,Souhlasn˝sesmÏrem˙seku,Pomal˝,532851.0,216160.0,GN_V0.1UIR-ADR_410,1
10306190069,6,,2019-01-27,0,905,2,0,0,2,1,2,204,0,0,0,1300,1,6,1,1,1,1,1,1,3,5,0,5,2,10,6.0,3,35.0,04,1.0,1.0,1.0,0.0,1.0,5.0,300,7.0,1.0,1.0,"-763321,031","-1034623,065","-763321,031","-1034623,065","-763322,563","-1034623,672",Kladno,Dlouh·,,mÌstnÌkomunikace,,245741.0,,Souhlasn˝sesmÏrem˙seku,Pomal˝,532053.0,208507.0,GN_V0.1UIR-ADR_410,1
10306190070,2,118.0,2019-01-27,0,1000,1,4,0,2,1,2,503,0,0,0,400,2,3,1,1,1,1,1,1,0,0,0,1,2,0,,3,39.0,11,1.0,0.0,1.0,0.0,1.0,1.0,200,2.0,1.0,1.0,"-763924,883","-1032292,026","-763924,883","-1032292,026","-763930,954","-1032292,059",Kladno,,,silnice2.t¯Ìdy,118,3298253.0,,OpaËn˝kesmÏru˙seku,Pomal˝,532053.0,,GN_V0.1UIR-ADR_410,1
10306190071,3,24032.0,2019-01-28,1,1160,3,0,2,2,1,0,516,0,0,0,10,2,2,1,1,1,1,1,3,3,5,0,5,1,19,6.0,17,,XX,,,,,,,0,,,,"-751618,684","-1018520,649","-751625,667","-1018521,186","-751625,734","-1018521,081",ChrûÌn,,,silnice3.t¯Ìdy,24032,981689.0,,Souhlasn˝sesmÏrem˙seku,Pomal˝,532398.0,,GN_V0.1UIR-ADR_410,1
10306190072,6,,2019-01-28,1,1310,4,0,0,1,1,0,412,0,0,1,0,2,1,1,1,1,1,1,1,0,0,1,1,1,0,,17,,XX,,,,,,,0,,,,"-765060,956","-1033692,723","-765014,224","-1033679,294","-765011,306","-1033686,237",Kladno,n·m.EdvardaBeneöe,,mÌstnÌkomunikace,,242261.0,,Souhlasn˝sesmÏrem˙seku,Pomal˝,532053.0,211125.0,GN_V0.1UIR-ADR_410,1
10306190073,2,201.0,2019-01-28,1,1300,3,0,1,2,1,2,205,0,0,0,1010,2,1,1,1,1,1,1,3,0,0,0,3,1,0,,3,19.0,16,3.0,0.0,1.0,0.0,1.0,3.0,1000,2.0,1.0,1.0,"-761291,491","-1040773,206","-761291,491","-1040773,206","-761291,316","-1040767,988",,,,silnice2.t¯Ìdy,201,2752457.0,,Souhlasn˝sesmÏrem˙seku,Pomal˝,533017.0,,GN_V0.1UIR-ADR_410,2
10306190074,6,,2019-01-28,1,1200,3,0,9,2,1,0,504,0,0,0,100,1,1,1,1,1,1,1,1,0,0,0,1,1,0,,17,,XX,,,,,,,0,,,,"-763400,584","-1035735,891","-763400,584","-1035735,891","-763393,879","-1035731,974",Kladno,AMERICK¡,,mÌstnÌkomunikace,,1693724.0,,OpaËn˝kesmÏru˙seku,Pomal˝,532053.0,210757.0,GN_V0.1UIR-ADR_410,1
10306190075,6,,2019-01-29,2,1630,1,4,0,2,1,3,504,0,0,0,600,2,1,1,1,1,1,1,1,0,0,0,1,2,0,,3,31.0,06,1.0,0.0,1.0,0.0,1.0,5.0,200,7.0,4.0,1.0,"-763412,291","-1035328,757","-763412,291","-1035328,757","-763413,987","-1035323,824",Kladno,Americk·,,mÌstnÌkomunikace,,247785.0,,Souhlasn˝sesmÏrem˙seku,Pomal˝,532053.0,208035.0,GN_V0.1UIR-ADR_410,1
10306190076,6,,2019-01-28,1,2560,2,0,0,2,1,0,508,0,0,0,10,1,1,1,1,4,1,1,1,0,0,0,1,2,0,,17,,XX,,,,,,,0,,,,"-763241,568","-1034891,312","-763241,568","-1034888,09","-763238,135","-1034887,8",Kladno,VrchlickÈho,,mÌstnÌkomunikace,,1873300.0,,Souhlasn˝sesmÏrem˙seku,Pomal˝,532053.0,212423.0,GN_V0.1UIR-ADR_410,1
10306190077,2,606.0,2019-01-29,2,1955,1,3,0,2,1,2,402,0,0,0,700,2,1,1,1,4,1,1,1,3,3,0,5,2,19,6.0,3,13.0,06,1.0,0.0,1.0,0.0,1.0,23.0,300,2.0,1.0,1.0,"-768849,683","-1035728,443","-768850,758","-1035729,517","-768853,716","-1035731,713",Doksy,Karlovarsk·,,silnice2.t¯Ìdy,606,248764.0,,Souhlasn˝sesmÏrem˙seku,Pomal˝,532223.0,206440.0,GN_V0.1UIR-ADR_410,1
10306190078,2,118.0,2019-01-30,3,710,1,2,0,2,1,2,401,0,0,0,900,2,1,1,1,2,1,2,1,2,0,2,5,2,19,2.0,3,39.0,12,1.0,0.0,1.0,0.0,1.0,13.0,500,2.0,1.0,1.0,"-764158,681","-1033544,054","-764147,938","-1033538,145","-764148,487","-1033538,616",Kladno,gen.Klap·lka,,silnice2.t¯Ìdy,118,241873.0,,Souhlasn˝sesmÏrem˙seku,Pomal˝,532053.0,209252.0,GN_V0.1UIR-ADR_410,1
10306190079,2,101.0,2019-01-30,3,740,3,0,6,2,1,2,502,0,0,0,400,2,1,1,1,1,1,1,1,0,0,5,1,1,0,,3,39.0,09,12.0,0.0,1.0,0.0,1.0,3.0,400,2.0,1.0,1.0,"-759007,985","-1031915,871","-759007,985","-1031915,871","-758997,513","-1031909,18",,,,silnice2.t¯Ìdy,101,2753954.0,,Souhlasn˝sesmÏrem˙seku,Pomal˝,532053.0,208426.0,GN_V0.1UIR-ADR_410,2
10306190080,6,,2019-01-01,2,2560,3,0,9,2,1,0,504,0,0,0,50,2,1,1,1,6,1,1,6,0,0,0,1,1,0,,17,,XX,,,,,,,0,,,,"-765783,244","-1027062,953","-765796,136","-1027084,976","-765795,889","-1027084,965",HrdlÌv,,,mÌstnÌkomunikace,,985942.0,,Souhlasn˝sesmÏrem˙seku,Pomal˝,532363.0,,GN_V0.1UIR-ADR_410,1
10306190081,0,6.0,2019-01-30,3,745,3,0,8,2,1,2,209,0,0,0,420,2,1,1,1,1,1,6,1,0,0,0,1,1,0,,3,26.0,06,1.0,0.0,1.0,0.0,1.0,3.0,300,3.0,1.0,1.0,"-768521,251","-1036836,194","-768521,251","-1036836,194","-768522,201","-1036837,871",,,,mÌstnÌkomunikace,R6,1350390.0,,Souhlasn˝sesmÏrem˙seku,Pomal˝,532274.0,,GN_V0.1UIR-ADR_410,2
10306190082,6,,2019-01-30,3,1130,3,0,2,2,1,2,504,0,0,0,150,1,1,1,1,1,1,0,1,3,5,0,1,1,0,,3,38.0,17,2.0,0.0,1.0,0.0,1.0,5.0,100,2.0,1.0,1.0,"-764761,596","-1033456,001","-764740,111","-1033442,036","-764739,566","-1033441,929",Kladno,KomenskÈho,,mÌstnÌkomunikace,,1573795.0,,,Pomal˝,532053.0,209627.0,GN_V0.1UIR-ADR_410,1
10306190083,2,118.0,2019-01-30,3,1940,5,0,0,2,4,0,100,0,0,0,60,2,1,1,1,6,1,1,1,3,3,0,2,1,0,,3,39.0,18,2.0,0.0,1.0,0.0,1.0,1.0,50,2.0,1.0,1.0,"-766231,196","-1043167,265","-766239,79","-1043165,654","-766238,389","-1043166,096",,,,silnice2.t¯Ìdy,118,817619.0,,OpaËn˝kesmÏru˙seku,Pomal˝,533017.0,,GN_V0.1UIR-ADR_410,2
10306190084,6,,2019-01-31,4,1055,1,2,0,2,1,3,501,0,0,0,600,2,1,1,1,1,1,1,1,0,0,0,3,2,0,,3,47.0,95,1.0,1.0,1.0,0.0,1.0,5.0,100,2.0,4.0,1.0,"-764219,938","-1032741,685","-764219,938","-1032741,685","-764218,785","-1032741,502",Kladno,H¯bitovnÌ,,mÌstnÌkomunikace,,2754315.0,,Souhlasn˝sesmÏrem˙seku,Pomal˝,532053.0,208892.0,GN_V0.1UIR-ADR_410,1
10306190085,2,118.0,2019-01-31,4,2150,4,0,0,1,1,2,412,0,0,1,400,2,3,1,1,4,1,1,1,3,3,1,4,1,19,2.0,3,32.0,04,1.0,0.0,1.0,0.0,1.0,13.0,400,2.0,5.0,1.0,"-764250,788","-1033117,746","-764250,788","-1033117,746","-764252,39","-1033118,035",Kladno,Dukelsk˝chhrdin˘,,silnice2.t¯Ìdy,118,736882.0,,Souhlasn˝sesmÏrem˙seku,Pomal˝,532053.0,208400.0,GN_V0.1UIR-ADR_410,1
10306190086,2,236.0,2019-01-31,4,2210,3,0,1,2,1,2,205,0,0,0,810,2,1,1,1,6,1,1,1,0,0,0,3,1,0,,3,39.0,04,1.0,1.0,1.0,0.0,1.0,1.0,800,3.0,1.0,1.0,"-770291,405","-1029122,717","-770291,405","-1029122,717","-770291,458","-1029122,604",,,,silnice2.t¯Ìdy,236,3265323.0,,Souhlasn˝sesmÏrem˙seku,Pomal˝,532835.0,,GN_V0.1UIR-ADR_410,2
10320190002,6,,2019-01-02,3,1635,2,0,0,2,1,9,511,0,0,0,400,2,3,1,3,2,1,1,1,3,5,0,1,2,0,,3,31.0,99,2.0,0.0,3.0,0.0,1.0,5.0,100,3.0,5.0,1.0,"-764011,567","-1031159,077","-764011,567","-1031159,077","-764011,623","-1031153,044",Kladno,Ros·lieHajnÌkovÈ,,mÌstnÌkomunikace,,1573628.0,,OpaËn˝kesmÏru˙seku,Pomal˝,532053.0,211281.0,GN_V0.1UIR-ADR_410,1
10406190001,3,3347.0,2019-01-01,2,820,3,0,6,2,1,2,508,0,0,0,150,2,1,1,1,1,1,1,1,0,0,0,1,1,0,,3,12.0,00,1.0,0.0,1.0,0.0,1.0,1.0,100,2.0,1.0,1.0,"-707111,856","-1050415,296","-707111,856","-1050415,296","-707115,054","-1050414,262",Chr·öùany,,,silnice3.t¯Ìdy,3347,3119598.0,,Souhlasn˝sesmÏrem˙seku,Pomal˝,533351.0,,GN_V0.1UIR-ADR_410,1
10406190002,1,2.0,2019-01-02,3,510,2,0,0,2,1,2,502,0,0,0,350,2,6,1,6,5,1,1,1,0,0,0,1,2,0,,3,4.0,08,1.0,1.0,1.0,0.0,1.0,1.0,200,2.0,1.0,1.0,"-717980,042","-1057518,425","-717980,042","-1057518,425","-717980,678","-1057516,143",,,,silnice1.t¯Ìdy,2,1600716.0,,Souhlasn˝sesmÏrem˙seku,Pomal˝,533904.0,,GN_V0.1UIR-ADR_410,2
10406190003,3,33333.0,2019-01-01,2,2560,5,0,0,2,4,0,100,0,0,0,200,2,1,1,1,6,1,1,1,0,0,0,1,1,0,,3,48.0,13,1.0,0.0,1.0,0.0,1.0,1.0,200,2.0,1.0,1.0,,,"-702935,706","-1066105,992","-702942,625","-1066104,055",,,,silnice3.t¯Ìdy,33333,1573123.0,,OpaËn˝kesmÏru˙seku,Pomal˝,533921.0,,GN_V0.1UIR-ADR_410,2
10406190004,3,3279.0,2019-01-02,3,1605,5,0,0,2,4,0,100,0,0,0,250,2,3,1,3,1,1,1,1,0,0,0,1,1,0,,3,7.0,08,1.0,0.0,1.0,0.0,1.0,1.0,250,2.0,1.0,1.0,"-679352,358","-1052896,655","-679352,358","-1052896,655","-679348,127","-1052894,429",,,,silnice3.t¯Ìdy,3279,1879541.0,,OpaËn˝kesmÏru˙seku,Pomal˝,571636.0,,GN_V0.1UIR-ADR_410,2
10406190005,2,330.0,2019-01-02,3,1830,0,0,0,2,1,2,204,0,0,0,420,2,6,1,6,5,1,1,8,0,0,0,1,1,0,,3,4.0,99,1.0,1.0,1.0,0.0,1.0,3.0,300,2.0,1.0,1.0,"-710958,021","-1048219,79","-710958,021","-1048219,79","-710959,93","-1048215,773",»esk˝Brod,KluËovsk·,,silnice2.t¯Ìdy,330,814976.0,,Souhlasn˝sesmÏrem˙seku,Pomal˝,533271.0,226114.0,GN_V0.1UIR-ADR_410,1
10406190006,3,12544.0,2019-01-02,3,1760,2,0,0,2,1,0,516,0,0,0,600,2,3,1,3,6,1,1,1,0,0,0,1,2,0,,3,32.0,03,1.0,0.0,3.0,0.0,1.0,1.0,150,3.0,1.0,1.0,"-693353,571","-1062146,073","-693353,571","-1062146,073","-693353,234","-1062146,049",Ko¯enice,,,silnice3.t¯Ìdy,12544,995655.0,,Souhlasn˝sesmÏrem˙seku,Pomal˝,533408.0,,GN_V0.1UIR-ADR_410,1
10406190007,3,12557.0,2019-01-03,4,1100,3,0,2,2,1,2,204,0,0,0,500,2,3,1,1,1,1,1,8,0,0,0,1,1,0,,3,39.0,04,1.0,1.0,1.0,0.0,1.0,1.0,400,2.0,1.0,1.0,,,"-688160,894","-1055455,301","-688162,063","-1055455,375",,,,silnice3.t¯Ìdy,12557,2884580.0,,OpaËn˝kesmÏru˙seku,Pomal˝,533165.0,229393.0,GN_V0.1UIR-ADR_410,2
10406190008,3,1132.0,2019-01-03,4,1135,1,1,0,1,1,2,204,0,1,0,4000,2,6,1,5,1,1,1,1,1,0,0,2,2,0,,3,47.0,16,3.0,1.0,0.0,0.0,3.0,5.0,3000,2.0,8.0,1.0,"-714336,154","-1054214,962","-714336,154","-1054214,962","-714334,825","-1054215,373",,,,silnice3.t¯Ìdy,1132,1879990.0,,Souhlasn˝sesmÏrem˙seku,Pomal˝,513369.0,,GN_V0.1UIR-ADR_410,2
10406190009,6,,2019-01-03,4,1440,3,0,2,2,1,2,204,0,0,0,150,2,6,1,5,3,1,1,1,3,3,0,3,1,0,,3,13.0,04,1.0,0.0,1.0,0.0,1.0,5.0,50,2.0,1.0,1.0,"-697014,23","-1054987,67","-697014,23","-1054987,67","-697012,008","-1054988,841",B¯eûanyI,,,mÌstnÌkomunikace,,993150.0,,OpaËn˝kesmÏru˙seku,Pomal˝,533211.0,,GN_V0.1UIR-ADR_410,1