IDENTIFIKA»NÕ »ÕSLO,DRUH POZEMNÕ KOMUNIKACE,»ÕSLO POZEMNÕ KOMUNIKACE,"den, mÏsÌc, rok",,Ëas ,DRUH NEHODY,DRUH SR¡éKY JEDOUCÕCH VOZIDEL,DRUH PEVN… PÿEK¡éKY,CHARAKTER NEHODY,ZAVINÃNÕ NEHODY,ALKOHOL U VINÕKA NEHODY PÿÕTOMEN,HLAVNÕ PÿÕ»INY NEHODY,usmrceno osob,tÏûce zranÏno osob,lehce zranÏno osob,CELKOV¡ HMOTN¡ äKODA,DRUH POVRCHU VOZOVKY,STAV POVRCHU VOZOVKY V DOBÃ NEHODY,STAV KOMUNIKACE,POVÃTRNOSTNÕ PODMÕNKY V DOBÃ NEHODY,VIDITELNOST,ROZHLEDOV… POMÃRY,DÃLENÕ KOMUNIKACE,SITUOV¡NÕ NEHODY NA KOMUNIKACI,ÿÕZENÕ PROVOZU V DOBÃ NEHODY,MÕSTNÕ ⁄PRAVA PÿEDNOSTI V JÕZDÃ,SPECIFICK¡ MÕSTA A OBJEKTY V MÕSTÃ NEHODY,SMÃROV… POMÃRY,PO»ET Z⁄»ASTNÃN›CH VOZIDEL,MÕSTO DOPRAVNÕ NEHODY,DRUH KÿIéUJÕCÕ KOMUNIKACE,DRUH VOZIDLA,V›ROBNÕ ZNA»KA MOTOROV…HO VOZIDLA,ROK V›ROBY VOZIDLA,CHARAKTERISTIKA VOZIDLA ,SMYK,VOZIDLO PO NEHODÃ,"⁄NIK PROVOZNÕCH, PÿEPRAVOVAN›CH HMOT",ZPŸSOB VYPROäTÃNÕ OSOB Z VOZIDLA,SMÃR JÕZDY NEBO POSTAVENÕ VOZIDLA,äKODA NA VOZIDLE,KATEGORIE ÿIDI»E,STAV ÿIDI»E,VNÃJäÕ OVLIVNÃNÕ ÿIDI»E,nan.1,nan.2,nan.3,nan.4,nan.5,nan.6,nan.7,nan.8,nan.9,nan.10,nan.11,nan.12,nan.13,nan.14,nan.15,nan.16,nan.17,nan.18,LOKALITA NEHODY
10406190010,6,,2019-01-03,4,1100,3,0,9,2,1,2,511,0,0,0,150,2,8,1,6,1,1,1,8,3,3,0,5,1,10,6.0,3,12.0,06,1.0,1.0,1.0,0.0,1.0,5.0,50,2.0,1.0,1.0,"-688502,03","-1051733,436","-688502,03","-1051733,436","-688502,011","-1051733,471",Veltruby,P¯ÌËn·,,mÌstnÌkomunikace,,308340.0,,OpaËn˝kesmÏru˙seku,Pomal˝,533858.0,234761.0,GN_V0.1UIR-ADR_410,1
10406190011,6,,2019-01-03,4,1830,4,0,0,1,1,2,412,0,0,1,0,2,3,1,1,4,1,1,1,1,0,1,5,1,10,6.0,3,38.0,99,1.0,0.0,1.0,0.0,1.0,5.0,0,2.0,1.0,1.0,"-689126,853","-1056534,875","-689126,853","-1056534,875","-689117,876","-1056526,329",KolÌn,Praûsk·,,mÌstnÌkomunikace,,1570873.0,,Souhlasn˝sesmÏrem˙seku,Pomal˝,533165.0,228737.0,GN_V0.1UIR-ADR_410,1
10406190012,6,,2019-01-04,5,655,1,1,0,2,1,2,501,0,0,0,900,2,3,1,1,4,1,1,1,3,3,0,5,2,10,6.0,3,39.0,06,1.0,0.0,1.0,0.0,1.0,5.0,600,2.0,1.0,1.0,"-686892,072","-1055081,63","-686892,072","-1055081,63","-686889,035","-1055078,767",KolÌn,SpojovacÌ,,mÌstnÌkomunikace,,2884418.0,,Souhlasn˝sesmÏrem˙seku,Pomal˝,533165.0,794759.0,GN_V0.1UIR-ADR_410,1
10406190013,6,,2019-01-03,4,2560,3,0,6,2,1,0,516,0,0,0,100,2,3,1,1,4,1,1,6,3,5,0,4,1,10,6.0,17,,XX,,,,,,,0,,,,"-687242,188","-1056238,509","-687242,188","-1056238,509","-687243,524","-1056241,224",KolÌn,Klicperova,,mÌstnÌkomunikace,,320776.0,,OpaËn˝kesmÏru˙seku,Pomal˝,533165.0,227978.0,GN_V0.1UIR-ADR_410,1
10406190014,3,32713.0,2019-01-04,5,800,5,0,0,2,4,0,100,0,0,0,120,2,3,1,1,1,1,1,1,0,0,0,1,1,0,,3,39.0,01,1.0,0.0,1.0,0.0,1.0,5.0,100,2.0,1.0,1.0,,,"-674502,235","-1054220,287","-674501,927","-1054220,845",,,,silnice3.t¯Ìdy,32713,1351876.0,,Souhlasn˝sesmÏrem˙seku,Pomal˝,533441.0,,GN_V0.1UIR-ADR_410,2
10406190015,6,,2019-01-04,5,1460,2,0,0,2,1,0,511,0,0,0,150,2,3,1,1,1,1,1,1,0,0,0,1,2,0,,17,,XX,,,,,,,0,,,,"-689610,511","-1057483,091","-689610,511","-1057483,091","-689610,193","-1057483,356",KolÌn,Beneöova,,mÌstnÌkomunikace,,1939964.0,,Souhlasn˝sesmÏrem˙seku,Pomal˝,533165.0,229555.0,GN_V0.1UIR-ADR_410,1
10406190016,6,,2019-01-05,6,1720,2,0,0,2,1,2,504,0,0,0,20,2,3,1,1,6,1,0,1,0,0,0,1,2,0,,3,4.0,18,1.0,0.0,1.0,0.0,1.0,5.0,0,2.0,1.0,1.0,"-689738,457","-1057179,027","-689738,457","-1057179,027","-689716,247","-1057151,974",KolÌn,KremliËkova,,mÌstnÌkomunikace,,2886276.0,,OpaËn˝kesmÏru˙seku,Pomal˝,533165.0,229539.0,GN_V0.1UIR-ADR_410,1
10406190017,2,328.0,2019-01-05,6,1800,6,0,0,2,4,0,100,0,0,0,60,2,3,1,3,6,1,1,1,0,0,0,1,1,0,,3,17.0,16,1.0,0.0,1.0,0.0,1.0,3.0,50,2.0,1.0,1.0,-685031,"-1052998,56",-685031,"-1052998,56","-685031,09","-1052998,28",,,,silnice2.t¯Ìdy,328,3240625.0,,Souhlasn˝sesmÏrem˙seku,Pomal˝,533572.0,,GN_V0.1UIR-ADR_410,2
10406190018,3,32711.0,2019-01-06,0,930,5,0,0,2,4,0,100,0,0,0,100,2,1,1,1,1,1,0,1,3,3,0,1,1,0,,3,17.0,11,1.0,0.0,1.0,0.0,1.0,1.0,100,3.0,1.0,1.0,"-675777,484","-1051576,906","-675777,484","-1051576,906","-675773,866","-1051578,331",,,,silnice3.t¯Ìdy,32711,3119878.0,,Souhlasn˝sesmÏrem˙seku,Pomal˝,513270.0,,GN_V0.1UIR-ADR_410,2
10406190019,6,,2019-01-07,1,820,2,0,0,2,1,2,511,0,0,0,200,2,1,1,1,1,1,1,1,0,0,0,1,2,0,,6,62.0,15,1.0,0.0,1.0,0.0,1.0,5.0,0,3.0,1.0,1.0,"-688690,925","-1056836,597","-688690,925","-1056836,597","-688689,133","-1056837,037",KolÌn,Kmochova,,mÌstnÌkomunikace,,322859.0,,OpaËn˝kesmÏru˙seku,Pomal˝,533165.0,227986.0,GN_V0.1UIR-ADR_410,1
10406190020,6,,2019-01-08,2,740,1,3,0,2,1,2,403,0,0,0,300,2,3,1,1,2,1,1,1,3,3,0,5,2,10,6.0,3,13.0,04,1.0,0.0,1.0,0.0,1.0,5.0,150,2.0,1.0,1.0,"-685055,828","-1053355,701","-685056,899","-1053323,034","-685056,257","-1053323,945",OvË·ry,KolÌnsk·,,mÌstnÌkomunikace,,816921.0,,OpaËn˝kesmÏru˙seku,Pomal˝,533572.0,732826.0,GN_V0.1UIR-ADR_410,1
10406190021,2,125.0,2019-01-08,2,900,1,2,0,2,1,2,502,0,0,0,600,2,3,1,1,1,1,1,1,1,0,0,1,2,0,,3,39.0,09,1.0,0.0,1.0,0.0,1.0,3.0,100,3.0,1.0,1.0,"-687838,781","-1056397,547","-687838,781","-1056397,547","-687837,792","-1056397,672",KolÌn,OvË·reck·,,silnice2.t¯Ìdy,125,752179.0,,Souhlasn˝sesmÏrem˙seku,Pomal˝,533165.0,228583.0,GN_V0.1UIR-ADR_410,1
10406190022,6,,2019-01-07,1,2560,2,0,0,2,1,0,504,0,0,0,200,2,3,1,1,1,1,1,1,1,0,0,1,2,0,,17,,XX,,,,,,,0,,,,"-699095,312","-1048160,659","-699095,312","-1048160,659","-699095,968","-1048160,066",PeËky,Lhoteck·,,mÌstnÌkomunikace,,814942.0,,Souhlasn˝sesmÏrem˙seku,Pomal˝,537641.0,231622.0,GN_V0.1UIR-ADR_410,1
10406190023,6,,2019-01-09,3,725,3,0,2,2,1,2,504,0,0,0,120,2,3,1,3,2,1,0,8,0,0,0,1,1,0,,6,40.0,18,9.0,0.0,1.0,0.0,1.0,5.0,20,4.0,1.0,1.0,"-685346,828","-1052656,829","-685346,828","-1052656,829","-685347,488","-1052653,274",,,,mÌstnÌkomunikace,,3290304.0,,Souhlasn˝sesmÏrem˙seku,Pomal˝,533572.0,,GN_V0.1UIR-ADR_410,2
10406190024,6,,2019-01-09,3,821,1,3,0,2,1,2,516,0,0,0,350,1,3,1,3,1,1,1,4,3,3,0,1,2,0,,5,32.0,17,3.0,0.0,1.0,0.0,1.0,5.0,50,2.0,1.0,1.0,"-688413,716","-1057132,13","-688413,716","-1057132,13","-688407,842","-1057133,617",KolÌn,Legerova,,mÌstnÌkomunikace,,1883993.0,,OpaËn˝kesmÏru˙seku,Pomal˝,533165.0,228141.0,GN_V0.1UIR-ADR_410,1
10406190025,2,125.0,2019-01-09,3,1340,1,1,0,2,1,2,204,0,0,0,2550,2,3,1,5,3,1,4,1,0,0,5,1,2,0,,3,4.0,01,1.0,1.0,1.0,0.0,1.0,1.0,1500,2.0,1.0,1.0,"-687828,632","-1056824,491","-687828,632","-1056824,491","-687828,955","-1056824,452",KolÌn,Nov˝most,,silnice2.t¯Ìdy,125,767417.0,,Souhlasn˝sesmÏrem˙seku,Pomal˝,533165.0,228401.0,GN_V0.1UIR-ADR_410,1
10406190026,6,,2019-01-09,3,2200,3,0,9,2,1,2,204,0,0,0,850,2,8,1,5,5,1,0,8,3,3,0,2,1,0,,3,39.0,15,3.0,1.0,1.0,0.0,1.0,5.0,800,2.0,1.0,1.0,"-719247,303","-1050048,766","-719247,303","-1050048,766","-719240,65","-1050046,822",P¯iöimasy,,,mÌstnÌkomunikace,,991390.0,,Souhlasn˝sesmÏrem˙seku,Pomal˝,533611.0,,GN_V0.1UIR-ADR_410,1
10406190027,1,2.0,2019-01-10,4,540,3,0,9,2,1,2,204,0,0,0,700,2,8,1,5,5,1,1,8,0,0,0,2,1,0,,3,8.0,09,1.0,0.0,1.0,0.0,1.0,1.0,500,2.0,1.0,1.0,"-709491,753","-1060370,413","-709491,753","-1060370,413","-709492,117","-1060372,001",Oleöka,,,silnice1.t¯Ìdy,2,333678.0,,OpaËn˝kesmÏru˙seku,Pomal˝,533564.0,,GN_V0.1UIR-ADR_410,1
10406190028,6,,2019-01-10,4,1730,1,3,0,2,1,2,414,0,0,0,550,2,1,1,1,4,1,1,1,3,5,0,4,2,10,6.0,5,32.0,08,3.0,0.0,1.0,0.0,1.0,5.0,50,2.0,1.0,1.0,"-700381,131","-1052743,141","-700381,131","-1052743,141","-700385,342","-1052740,762",PlaÚany,F¸gnerova,,mÌstnÌkomunikace,,311424.0,,OpaËn˝kesmÏru˙seku,Pomal˝,533581.0,231916.0,GN_V0.1UIR-ADR_410,1
10406190029,2,329.0,2019-01-10,4,2230,3,0,9,2,1,2,204,0,0,0,150,2,6,1,1,6,1,1,8,1,0,0,1,1,0,,3,39.0,99,1.0,1.0,0.0,0.0,1.0,3.0,150,2.0,1.0,1.0,"-697983,171","-1047130,256","-697983,171","-1047130,256","-697983,169","-1047130,263",,,,silnice2.t¯Ìdy,329,2878757.0,,,Pomal˝,537977.0,,GN_V0.1UIR-ADR_410,2
10406190030,3,1089.0,2019-01-10,4,2560,3,0,9,2,1,0,516,0,0,0,200,6,8,1,1,1,1,1,1,0,0,0,1,1,0,,17,,XX,,,,,,,0,,,,"-711679,257","-1058407,505","-711679,257","-1058407,505","-711671,999","-1058406,575",SVATBÕN,,,silnice3.t¯Ìdy,1089,1600753.0,,Souhlasn˝sesmÏrem˙seku,Pomal˝,533416.0,,GN_V0.1UIR-ADR_410,1
10406190031,6,,2019-01-11,5,1060,2,0,0,2,1,0,516,0,0,0,300,2,1,1,1,1,1,1,1,0,0,10,1,2,0,,17,,XX,,,,,,,0,,,,"-688039,934","-1057262,334","-688039,934","-1057262,334","-688036,993","-1057253,02",KolÌn,Smetanova,,mÌstnÌkomunikace,,324335.0,,Souhlasn˝sesmÏrem˙seku,Pomal˝,533165.0,228940.0,GN_V0.1UIR-ADR_410,1
10406190032,6,,2019-01-11,5,1228,3,0,9,2,1,2,508,0,0,0,210,3,1,1,1,1,1,1,1,0,0,0,1,1,0,,5,8.0,08,1.0,0.0,1.0,0.0,1.0,5.0,150,3.0,1.0,1.0,"-687671,991","-1057260,498","-687671,991","-1057260,498","-687679,406","-1057254,32",KolÌn,Rorejcova,,mÌstnÌkomunikace,,1723962.0,,Souhlasn˝sesmÏrem˙seku,Pomal˝,533165.0,228851.0,GN_V0.1UIR-ADR_410,1
10406190033,6,,2019-01-11,5,1420,1,2,0,2,1,2,511,0,0,0,700,2,6,1,1,1,4,0,1,3,3,0,3,2,0,,3,39.0,10,1.0,0.0,1.0,0.0,1.0,5.0,500,2.0,1.0,1.0,"-703083,601","-1066667,305","-703083,601","-1066667,305","-703098,024","-1066665,175",,,,mÌstnÌkomunikace,,353212.0,,OpaËn˝kesmÏru˙seku,Pomal˝,533921.0,,GN_V0.1UIR-ADR_410,2
10406190034,2,334.0,2019-01-12,6,934,1,2,0,1,1,2,402,0,0,3,2000,2,3,1,3,1,1,1,1,3,3,0,4,2,19,2.0,3,39.0,09,1.0,0.0,1.0,1.0,1.0,24.0,1200,3.0,1.0,1.0,"-705341,742","-1052285,566","-705341,742","-1052285,566","-705345,392","-1052285,508",,,,silnice2.t¯Ìdy,334,1880021.0,,OpaËn˝kesmÏru˙seku,Pomal˝,533351.0,,GN_V0.1UIR-ADR_410,2
10406190035,6,,2019-01-11,5,2560,2,0,0,2,1,0,516,0,0,0,200,2,1,1,1,1,1,1,1,0,0,0,1,2,0,,17,,XX,,,,,,,0,,,,"-712568,092","-1049128,774","-712568,092","-1049128,774","-712572,283","-1049128,213",»esk˝Brod,Mikol·öeAlöe,,mÌstnÌkomunikace,,815388.0,,OpaËn˝kesmÏru˙seku,Pomal˝,533271.0,226211.0,GN_V0.1UIR-ADR_410,1
10406190036,3,3299.0,2019-01-12,6,2000,3,0,1,2,1,0,204,0,0,0,300,2,3,1,4,4,1,1,8,3,3,0,3,1,0,,3,1.0,03,1.0,1.0,1.0,0.0,1.0,3.0,280,9.0,,,"-693683,111","-1052482,63","-693683,111","-1052482,63","-693685,023","-1052478,811",Velim,PalackÈho,,silnice3.t¯Ìdy,3299,3336129.0,,OpaËn˝kesmÏru˙seku,Pomal˝,533831.0,233927.0,GN_V0.1UIR-ADR_410,1
10406190037,6,,2019-01-12,6,2025,2,0,0,2,1,0,504,0,0,0,200,2,1,1,1,1,1,1,1,0,0,0,1,2,0,,17,,XX,,,,,,,0,,,,"-699344,185","-1048574,452","-699343,65","-1048565,884","-699342,889","-1048566,152",PeËky,,,mÌstnÌkomunikace,,1940780.0,,,Pomal˝,537641.0,,GN_V0.1UIR-ADR_410,1
10406190038,6,,2019-01-13,0,1515,1,4,0,2,1,2,504,0,0,0,220,2,3,1,3,3,1,0,1,0,0,0,1,2,0,,3,39.0,97,1.0,0.0,1.0,0.0,1.0,5.0,20,2.0,1.0,1.0,"-688275,558","-1056337,932","-688275,558","-1056337,932","-688264,687","-1056333,434",KolÌn,UBork˘,,mÌstnÌkomunikace,,1570988.0,,Souhlasn˝sesmÏrem˙seku,Pomal˝,533165.0,229156.0,GN_V0.1UIR-ADR_410,1
10406190039,6,,2019-01-13,0,1515,2,0,0,2,1,2,504,0,0,0,60,2,3,1,1,1,1,1,1,0,0,0,1,2,0,,3,47.0,15,1.0,0.0,1.0,0.0,1.0,5.0,10,2.0,1.0,1.0,"-688384,86","-1057150,593","-688384,86","-1057150,593","-688386,557","-1057154,288",KolÌn,Havelcova,,mÌstnÌkomunikace,,1883991.0,,Souhlasn˝sesmÏrem˙seku,Pomal˝,533165.0,227676.0,GN_V0.1UIR-ADR_410,1
10406190040,6,,2019-01-13,0,1715,1,3,0,2,1,2,401,0,0,0,2400,2,3,1,3,5,1,0,1,2,0,2,4,2,10,6.0,3,39.0,13,1.0,0.0,1.0,0.0,1.0,5.0,400,2.0,1.0,1.0,"-688467,215","-1057370,169","-688467,215","-1057370,169","-688468,632","-1057369,339",KolÌn,éiûkova,,mÌstnÌkomunikace,,3599082.0,,Souhlasn˝sesmÏrem˙seku,Pomal˝,533165.0,229521.0,GN_V0.1UIR-ADR_410,1
10406190041,6,,2019-01-14,1,1350,0,0,0,2,6,0,100,0,0,0,150,2,1,6,1,1,1,1,1,0,5,0,2,1,0,,3,39.0,11,12.0,0.0,1.0,0.0,1.0,5.0,100,2.0,1.0,1.0,"-704319,53","-1057668,625","-704319,53","-1057668,625","-704316,528","-1057669,698",Kou¯im,PodskalÌ,,mÌstnÌkomunikace,,816036.0,,Souhlasn˝sesmÏrem˙seku,Pomal˝,533424.0,230421.0,GN_V0.1UIR-ADR_410,1
10406190042,1,12.0,2019-01-14,1,1455,3,0,3,2,1,2,208,0,0,0,650,2,1,1,7,1,1,1,1,1,0,0,1,1,0,,6,13.0,06,3.0,1.0,0.0,0.0,1.0,1.0,500,2.0,1.0,1.0,"-718300,272","-1048075,393","-718300,272","-1048075,393","-718299,104","-1048069,317",,,,silnice1.t¯Ìdy,12,1351308.0,,Souhlasn˝sesmÏrem˙seku,Pomal˝,533785.0,,GN_V0.1UIR-ADR_410,2
10406190043,6,,2019-01-14,1,1526,1,4,0,2,1,0,503,0,0,0,100,2,1,1,1,1,1,1,1,1,0,0,1,2,0,,3,48.0,06,1.0,0.0,0.0,0.0,1.0,5.0,0,9.0,,,"-688171,568","-1057049,325","-688171,568","-1057049,325","-688169,1","-1057052,595",KolÌn,Politick˝chvÏzÚ˘,,mÌstnÌkomunikace,,323767.0,,Souhlasn˝sesmÏrem˙seku,Pomal˝,533165.0,228711.0,GN_V0.1UIR-ADR_410,1
10406190044,2,328.0,2019-01-15,2,520,3,0,9,2,1,2,204,0,0,0,550,2,5,1,5,7,1,1,1,0,0,0,3,1,0,,3,39.0,09,1.0,0.0,1.0,0.0,1.0,1.0,500,2.0,1.0,1.0,"-685572,047","-1053175,025","-685572,047","-1053175,025","-685568,307","-1053181,776",,,,silnice2.t¯Ìdy,328,3231514.0,,OpaËn˝kesmÏru˙seku,Pomal˝,533572.0,,GN_V0.1UIR-ADR_410,2
10406190045,2,328.0,2019-01-15,2,522,1,2,0,2,1,2,204,0,0,0,800,2,5,1,5,7,1,1,1,0,0,0,3,2,0,,3,6.0,02,1.0,1.0,1.0,0.0,1.0,1.0,300,2.0,1.0,1.0,"-685572,047","-1053175,025","-685572,047","-1053175,025","-685568,307","-1053181,776",,,,silnice2.t¯Ìdy,328,3231514.0,,OpaËn˝kesmÏru˙seku,Pomal˝,533572.0,,GN_V0.1UIR-ADR_410,2
10406190046,6,,2019-01-15,2,1505,1,2,0,2,1,3,508,0,0,0,210,2,3,1,1,1,1,1,1,0,0,0,1,2,0,,3,7.0,98,1.0,0.0,1.0,0.0,1.0,5.0,100,2.0,4.0,1.0,"-688981,794","-1056698,724","-688985,543","-1056704,079","-688986,372","-1056704,652",KolÌn,Praûsk·,,mÌstnÌkomunikace,,322465.0,,Souhlasn˝sesmÏrem˙seku,Pomal˝,533165.0,228737.0,GN_V0.1UIR-ADR_410,1
10406190047,6,,2019-01-16,3,2560,2,0,0,2,1,0,508,0,0,0,100,2,1,1,1,1,1,1,1,0,0,10,1,2,0,,17,,XX,,,,,,,0,,,,"-688997,501","-1057676,085","-688997,501","-1057676,085","-688996,478","-1057691,415",KolÌn,UNemocnice,,mÌstnÌkomunikace,,2886446.0,,OpaËn˝kesmÏru˙seku,Pomal˝,533165.0,229237.0,GN_V0.1UIR-ADR_410,1
10406190048,2,322.0,2019-01-17,4,735,5,0,0,2,4,0,100,0,0,0,150,2,1,1,1,2,1,1,1,0,0,0,1,1,0,,3,47.0,98,1.0,0.0,1.0,0.0,1.0,1.0,100,3.0,1.0,1.0,"-678962,281","-1057147,165","-678962,281","-1057147,165","-678962,901","-1057143,09",,,,silnice2.t¯Ìdy,322,2017040.0,,OpaËn˝kesmÏru˙seku,Pomal˝,533807.0,,GN_V0.1UIR-ADR_410,2
10406190049,6,,2019-01-17,4,1200,2,0,0,2,1,2,504,0,0,0,250,2,1,1,1,1,1,1,1,0,0,0,1,2,0,,3,35.0,12,1.0,0.0,1.0,0.0,1.0,5.0,100,2.0,1.0,1.0,"-689596,051","-1056635,043","-689596,051","-1056635,043","-689593,179","-1056636,795",KolÌn,HrnËÌ¯sk·,,mÌstnÌkomunikace,,322194.0,,Souhlasn˝sesmÏrem˙seku,Pomal˝,533165.0,227773.0,GN_V0.1UIR-ADR_410,1
10406190050,6,,2019-01-17,4,1260,2,0,0,2,1,0,508,0,0,0,300,2,3,1,1,1,1,1,1,0,0,0,1,2,0,,17,,XX,,,,,,,0,,,,"-706256,426","-1061360,777","-706256,426","-1061360,777","-706259,77","-1061361,47",éd·nice,,,mÌstnÌkomunikace,,995142.0,,Souhlasn˝sesmÏrem˙seku,Pomal˝,513164.0,,GN_V0.1UIR-ADR_410,1
10406190051,6,,2019-01-18,5,1225,1,4,0,2,1,2,504,0,0,0,250,2,1,1,1,1,1,1,1,3,3,8,1,2,0,,3,13.0,02,1.0,0.0,1.0,0.0,1.0,5.0,50,2.0,1.0,1.0,"-689607,884","-1057499,905","-689607,884","-1057499,905","-689606,605","-1057499,263",KolÌn,Beneöova,,mÌstnÌkomunikace,,1880479.0,,Souhlasn˝sesmÏrem˙seku,Pomal˝,533165.0,229555.0,GN_V0.1UIR-ADR_410,1
10406190052,6,,2019-01-18,5,1415,3,0,6,2,1,2,509,0,0,0,700,2,3,1,1,1,1,1,1,3,5,0,5,2,10,6.0,3,39.0,15,1.0,0.0,1.0,0.0,1.0,5.0,300,2.0,1.0,1.0,"-691830,138","-1061917,736","-691830,138","-1061917,736","-691834,462","-1061918,371",Ratbo¯,ZahradnÌ,,mÌstnÌkomunikace,,816608.0,,OpaËn˝kesmÏru˙seku,Pomal˝,533653.0,232734.0,GN_V0.1UIR-ADR_410,1
10406190053,3,1137.0,2019-01-18,5,1440,3,0,9,1,1,2,205,0,0,1,200,2,1,1,1,1,1,1,1,0,0,0,3,1,0,,2,42.0,,1.0,0.0,1.0,0.0,1.0,5.0,100,2.0,1.0,1.0,"-718740,312","-1050405,277","-718740,312","-1050405,277","-718743,871","-1050405,911",P¯iöimasy,,,silnice3.t¯Ìdy,1137,991678.0,,Souhlasn˝sesmÏrem˙seku,Pomal˝,533611.0,,GN_V0.1UIR-ADR_410,1
10406190054,2,113.0,2019-01-19,6,1505,3,0,9,2,1,2,508,0,0,0,215,2,1,1,1,1,1,1,1,0,0,0,1,1,0,,3,7.0,98,1.0,0.0,1.0,1.0,1.0,1.0,200,2.0,1.0,1.0,"-712434,372","-1049038,371","-712434,372","-1049038,371","-712436,66","-1049035,927",»esk˝Brod,PalackÈho,,silnice2.t¯Ìdy,113,815363.0,,OpaËn˝kesmÏru˙seku,Pomal˝,533271.0,226351.0,GN_V0.1UIR-ADR_410,1
10406190055,3,3223.0,2019-01-20,0,315,5,0,0,2,4,0,100,0,0,0,160,2,1,1,1,6,1,1,1,0,0,0,1,1,0,,3,39.0,17,3.0,0.0,1.0,0.0,1.0,1.0,160,2.0,1.0,1.0,"-681571,914","-1054699,585","-681571,914","-1054699,585","-681572,42","-1054699,87",,,,silnice3.t¯Ìdy,3223,3456813.0,,Souhlasn˝sesmÏrem˙seku,Pomal˝,533394.0,,GN_V0.1UIR-ADR_410,2
10406190056,6,,2019-01-19,6,2560,2,0,0,2,1,2,511,0,0,0,150,5,1,1,1,1,1,0,8,0,0,10,1,2,0,,3,39.0,13,1.0,0.0,3.0,0.0,1.0,5.0,0,2.0,1.0,1.0,"-687970,08","-1057025,024","-687970,08","-1057025,024","-687968,384","-1057027,999",KolÌn,äkolsk·,,mÌstnÌkomunikace,,2886364.0,,Souhlasn˝sesmÏrem˙seku,Pomal˝,533165.0,229008.0,GN_V0.1UIR-ADR_410,1
10406190057,6,,2019-01-21,1,560,4,0,0,1,1,0,516,0,0,1,0,2,1,1,1,4,1,1,1,3,3,1,4,1,10,6.0,17,,XX,,,,,,,0,,,,"-687692,321","-1056150,005","-687692,321","-1056150,005","-687698,378","-1056151,014",KolÌn,Sadov·,,mÌstnÌkomunikace,,320543.0,,OpaËn˝kesmÏru˙seku,Pomal˝,533165.0,228915.0,GN_V0.1UIR-ADR_410,1
10406190058,6,,2019-01-21,1,2560,3,0,6,2,1,0,511,0,0,0,100,2,1,1,1,1,1,0,1,3,3,10,1,1,0,,3,39.0,16,12.0,0.0,1.0,0.0,1.0,5.0,100,9.0,,,"-689286,698","-1057449,737","-689285,092","-1057449,737","-689283,547","-1057451,039",KolÌn,RimavskÈSoboty,,mÌstnÌkomunikace,,325086.0,,Souhlasn˝sesmÏrem˙seku,Pomal˝,533165.0,228826.0,GN_V0.1UIR-ADR_410,1
10406190059,6,,2019-01-21,1,1360,2,0,0,2,1,0,504,0,0,0,200,2,1,1,1,1,1,1,0,0,0,0,1,2,0,,17,,XX,,,,,,,0,,,,"-689529,751","-1056398,414","-689529,751","-1056398,414","-689525,086","-1056383,266",KolÌn,Praûsk·,,mÌstnÌkomunikace,,2886104.0,,Souhlasn˝sesmÏrem˙seku,Pomal˝,533165.0,228737.0,GN_V0.1UIR-ADR_410,1
10406190060,6,,2019-01-22,2,1230,2,0,0,2,1,0,504,0,0,0,100,2,1,1,1,1,1,0,0,3,3,10,1,2,0,,3,13.0,05,1.0,0.0,1.0,0.0,1.0,5.0,50,2.0,1.0,1.0,"-688443,308","-1058084,957","-688443,308","-1058084,957","-688449,866","-1058093,702",KolÌn,V·vrova,,mÌstnÌkomunikace,,1626829.0,,,Pomal˝,533165.0,229385.0,GN_V0.1UIR-ADR_410,1
10406190061,6,,2019-01-22,2,1940,2,0,0,2,1,2,508,0,0,0,400,2,1,1,1,4,1,1,1,0,0,0,1,2,0,,3,16.0,18,1.0,0.0,1.0,0.0,1.0,5.0,300,2.0,1.0,1.0,"-687341,645","-1056464,67","-687341,645","-1056464,67","-687346,872","-1056455,093",KolÌn,T¯Ìdvorsk·,,mÌstnÌkomunikace,,1382101.0,,Souhlasn˝sesmÏrem˙seku,Pomal˝,533165.0,229113.0,GN_V0.1UIR-ADR_410,1
10406190062,6,,2019-01-23,3,1325,4,0,0,1,3,2,100,0,0,1,25,2,1,1,1,1,1,1,1,0,0,0,1,1,0,,3,32.0,09,1.0,0.0,1.0,0.0,1.0,5.0,0,2.0,1.0,1.0,"-689019,943","-1057274,807","-689019,943","-1057274,807","-689016,82","-1057271,248",KolÌn,DÏlnick·,,mÌstnÌkomunikace,,2886322.0,,OpaËn˝kesmÏru˙seku,Pomal˝,533165.0,227587.0,GN_V0.1UIR-ADR_410,1
10406190063,6,,2019-01-23,3,1810,0,0,0,2,1,2,504,0,0,0,10,2,1,1,1,4,1,1,1,0,0,2,1,1,0,,3,47.0,14,3.0,0.0,1.0,0.0,1.0,5.0,0,3.0,1.0,1.0,"-688946,775","-1057348,683","-689004,076","-1057354,574","-689004,109","-1057354,615",KolÌn,DÏlnick·,,mÌstnÌkomunikace,,2886319.0,,OpaËn˝kesmÏru˙seku,Pomal˝,533165.0,227587.0,GN_V0.1UIR-ADR_410,1