IDENTIFIKA»NÕ »ÕSLO,DRUH POZEMNÕ KOMUNIKACE,»ÕSLO POZEMNÕ KOMUNIKACE,"den, mÏsÌc, rok",,Ëas ,DRUH NEHODY,DRUH SR¡éKY JEDOUCÕCH VOZIDEL,DRUH PEVN… PÿEK¡éKY,CHARAKTER NEHODY,ZAVINÃNÕ NEHODY,ALKOHOL U VINÕKA NEHODY PÿÕTOMEN,HLAVNÕ PÿÕ»INY NEHODY,usmrceno osob,tÏûce zranÏno osob,lehce zranÏno osob,CELKOV¡ HMOTN¡ äKODA,DRUH POVRCHU VOZOVKY,STAV POVRCHU VOZOVKY V DOBÃ NEHODY,STAV KOMUNIKACE,POVÃTRNOSTNÕ PODMÕNKY V DOBÃ NEHODY,VIDITELNOST,ROZHLEDOV… POMÃRY,DÃLENÕ KOMUNIKACE,SITUOV¡NÕ NEHODY NA KOMUNIKACI,ÿÕZENÕ PROVOZU V DOBÃ NEHODY,MÕSTNÕ ⁄PRAVA PÿEDNOSTI V JÕZDÃ,SPECIFICK¡ MÕSTA A OBJEKTY V MÕSTÃ NEHODY,SMÃROV… POMÃRY,PO»ET Z⁄»ASTNÃN›CH VOZIDEL,MÕSTO DOPRAVNÕ NEHODY,DRUH KÿIéUJÕCÕ KOMUNIKACE,DRUH VOZIDLA,V›ROBNÕ ZNA»KA MOTOROV…HO VOZIDLA,ROK V›ROBY VOZIDLA,CHARAKTERISTIKA VOZIDLA ,SMYK,VOZIDLO PO NEHODÃ,"⁄NIK PROVOZNÕCH, PÿEPRAVOVAN›CH HMOT",ZPŸSOB VYPROäTÃNÕ OSOB Z VOZIDLA,SMÃR JÕZDY NEBO POSTAVENÕ VOZIDLA,äKODA NA VOZIDLE,KATEGORIE ÿIDI»E,STAV ÿIDI»E,VNÃJäÕ OVLIVNÃNÕ ÿIDI»E,nan.1,nan.2,nan.3,nan.4,nan.5,nan.6,nan.7,nan.8,nan.9,nan.10,nan.11,nan.12,nan.13,nan.14,nan.15,nan.16,nan.17,nan.18,LOKALITA NEHODY
10406190064,1,12.0,2019-01-25,5,1445,2,0,0,1,1,2,508,0,0,1,1800,2,1,1,1,1,1,1,3,3,3,0,1,2,0,,3,42.0,18,1.0,0.0,1.0,0.0,1.0,1.0,1000,4.0,1.0,1.0,"-691813,61","-1055623,711","-691813,61","-1055623,711","-691811,51","-1055618,716",,,,silnice1.t¯Ìdy,12,2663028.0,,OpaËn˝kesmÏru˙seku,Pomal˝,533467.0,,GN_V0.1UIR-ADR_410,2
10406190065,3,12550.0,2019-01-26,6,300,3,0,3,2,1,2,204,0,0,0,400,2,3,1,1,4,1,1,8,3,3,0,3,1,0,,3,26.0,99,1.0,1.0,1.0,0.0,1.0,3.0,200,2.0,1.0,1.0,"-688460,459","-1062157,85","-688460,996","-1062162,148","-688460,989","-1062162,15",»ervenÈPeËky,KN·draûÌ,,silnice3.t¯Ìdy,12550,3439617.0,,,Pomal˝,533262.0,225584.0,GN_V0.1UIR-ADR_410,1
10406190066,2,334.0,2019-01-26,6,700,1,2,0,2,1,2,204,0,0,0,1400,2,8,1,5,4,1,1,1,3,3,1,5,2,19,6.0,3,47.0,12,1.0,1.0,1.0,0.0,1.0,32.0,400,2.0,1.0,1.0,"-704675,914","-1057137,917","-704675,914","-1057137,917","-704678,029","-1057138,086",Kou¯im,Praûsk·,,silnice2.t¯Ìdy,334,815799.0,,Souhlasn˝sesmÏrem˙seku,Pomal˝,533424.0,230430.0,GN_V0.1UIR-ADR_410,1
10406190067,6,,2019-01-26,6,715,3,0,9,2,1,2,204,0,0,0,2500,2,8,1,5,2,1,1,8,3,3,0,3,1,0,,5,26.0,18,3.0,1.0,1.0,0.0,1.0,5.0,1500,3.0,1.0,1.0,"-715875,731","-1048208,736","-715875,731","-1048208,736","-715874,927","-1048206,265",Rostoklaty,,,mÌstnÌkomunikace,,990890.0,,OpaËn˝kesmÏru˙seku,Pomal˝,533661.0,,GN_V0.1UIR-ADR_410,1
10406190068,6,,2019-01-26,6,915,3,0,1,2,1,2,204,0,0,0,11100,2,8,1,5,1,1,1,3,3,3,0,3,1,0,,3,39.0,16,3.0,1.0,1.0,0.0,1.0,5.0,1100,2.0,1.0,1.0,"-703109,908","-1064161,841","-703109,908","-1064161,841","-703109,614","-1064161,605",,,,mÌstnÌkomunikace,,1538896.0,,,Pomal˝,533921.0,,GN_V0.1UIR-ADR_410,2
10406190069,6,,2019-01-25,5,1610,3,0,9,2,1,0,504,0,0,0,20,1,2,1,1,1,1,0,8,0,0,9,1,1,0,,3,39.0,98,1.0,0.0,1.0,0.0,1.0,5.0,0,9.0,,,"-687297,054","-1055673,168","-687297,054","-1055673,168","-687303,846","-1055658,074",KolÌn,OvË·reck·,,mÌstnÌkomunikace,,2382527.0,,Souhlasn˝sesmÏrem˙seku,Pomal˝,533165.0,228583.0,GN_V0.1UIR-ADR_410,1
10406190070,1,12.0,2019-01-26,6,1455,0,0,0,1,1,2,209,0,0,1,2000,2,3,1,4,1,1,1,8,3,5,0,1,1,0,,3,23.0,18,1.0,0.0,1.0,0.0,1.0,1.0,2000,3.0,1.0,1.0,"-717447,188","-1048230,516","-717447,188","-1048230,516","-717446,939","-1048229,199",,,,silnice1.t¯Ìdy,12,1357172.0,,Souhlasn˝sesmÏrem˙seku,Pomal˝,533661.0,,GN_V0.1UIR-ADR_410,2
10406190071,2,125.0,2019-01-26,6,2060,4,0,0,1,1,0,516,0,1,0,0,2,3,1,4,4,1,4,1,3,3,0,1,1,0,,17,,XX,,,,,,,0,,,,"-687755,279","-1057452,946","-687755,279","-1057452,946","-687753,635","-1057452,044",KolÌn,UK¯iûovatky,,silnice2.t¯Ìdy,125,1693819.0,,Souhlasn˝sesmÏrem˙seku,Pomal˝,533165.0,229202.0,GN_V0.1UIR-ADR_410,1
10406190072,1,2.0,2019-01-27,0,115,0,0,0,2,1,2,204,0,0,0,110,2,6,1,6,6,1,1,3,3,3,0,3,1,0,,3,31.0,15,1.0,1.0,1.0,0.0,1.0,1.0,100,2.0,1.0,1.0,"-707174,404","-1060874,923","-707174,404","-1060874,923","-707177,655","-1060876,977",,,,silnice1.t¯Ìdy,2,1258990.0,,OpaËn˝kesmÏru˙seku,Pomal˝,513164.0,,GN_V0.1UIR-ADR_410,2
10406190073,1,2.0,2019-01-27,0,120,0,0,0,2,1,2,204,0,0,0,50,2,6,1,6,6,1,1,3,3,3,0,3,1,0,,3,35.0,04,1.0,1.0,1.0,0.0,1.0,1.0,50,4.0,1.0,1.0,"-707174,404","-1060874,923","-707174,404","-1060874,923","-707177,655","-1060876,977",,,,silnice1.t¯Ìdy,2,1258990.0,,OpaËn˝kesmÏru˙seku,Pomal˝,513164.0,,GN_V0.1UIR-ADR_410,2
10406190074,2,334.0,2019-01-27,0,625,3,0,1,1,1,2,205,0,0,1,540,2,3,1,6,6,1,1,1,0,0,0,3,1,0,,3,39.0,09,1.0,0.0,1.0,0.0,1.0,1.0,500,2.0,1.0,1.0,"-705070,79","-1056248,899","-705059,541","-1056238,721","-705059,475","-1056238,637",,,,silnice2.t¯Ìdy,334,2884472.0,,OpaËn˝kesmÏru˙seku,Pomal˝,533424.0,,GN_V0.1UIR-ADR_410,2
10406190075,1,38.0,2019-01-27,0,1855,9,0,0,2,1,2,511,0,0,0,100,2,1,1,1,4,1,1,1,0,0,0,1,1,0,,3,47.0,10,1.0,0.0,1.0,0.0,1.0,1.0,100,2.0,1.0,1.0,,,"-691251,244","-1054784,74","-691249,174","-1054783,35",,,,silnice1.t¯Ìdy,38,317029.0,,Souhlasn˝sesmÏrem˙seku,Pomal˝,533530.0,230812.0,GN_V0.1UIR-ADR_410,2
10406190076,3,3279.0,2019-01-28,1,545,9,0,0,1,1,2,204,0,0,1,500,2,6,1,6,6,1,1,1,0,0,0,1,1,0,,3,32.0,05,1.0,0.0,1.0,0.0,1.0,1.0,500,2.0,1.0,1.0,"-678522,723","-1054420,499","-678522,723","-1054420,499","-678520,516","-1054419,127",,,,silnice3.t¯Ìdy,3279,2017003.0,,Souhlasn˝sesmÏrem˙seku,Pomal˝,533441.0,,GN_V0.1UIR-ADR_410,2
10406190077,3,32713.0,2019-01-28,1,720,9,0,0,2,1,2,204,0,0,0,150,2,6,1,6,2,1,1,1,0,0,0,1,1,0,,3,99.0,12,1.0,1.0,1.0,0.0,1.0,5.0,150,2.0,1.0,1.0,"-674784,831","-1054273,302","-674784,831","-1054273,302","-674784,35","-1054270,799",,,,silnice3.t¯Ìdy,32713,3485829.0,,OpaËn˝kesmÏru˙seku,Pomal˝,533441.0,,GN_V0.1UIR-ADR_410,2
10406190078,3,3279.0,2019-01-28,1,2560,2,0,0,2,1,0,508,0,0,0,30,2,3,1,1,1,1,1,1,0,0,0,1,2,0,,17,,XX,,,,,,,0,,,,"-677025,398","-1056765,628","-677008,029","-1056742,605","-677004,537","-1056739,01",T˝necnadLabem,Kr·leJi¯Ìho,,silnice3.t¯Ìdy,3279,815687.0,,OpaËn˝kesmÏru˙seku,Pomal˝,533807.0,233587.0,GN_V0.1UIR-ADR_410,1
10406190079,6,,2019-01-28,1,1655,2,0,0,2,1,2,508,0,0,0,300,2,1,1,1,2,1,1,1,0,0,0,1,2,0,,3,32.0,12,1.0,0.0,1.0,0.0,1.0,5.0,100,2.0,1.0,1.0,"-688949,811","-1057684,502","-688949,811","-1057684,502","-688949,826","-1057684,414",KolÌn,UNemocnice,,mÌstnÌkomunikace,,2886442.0,,Souhlasn˝sesmÏrem˙seku,Pomal˝,533165.0,229237.0,GN_V0.1UIR-ADR_410,1
10406190080,6,,2019-01-29,2,645,1,2,0,2,1,2,505,0,0,0,800,2,1,1,1,4,1,1,1,0,0,0,1,2,0,,5,47.0,14,3.0,0.0,1.0,0.0,1.0,5.0,400,2.0,1.0,1.0,"-687019,625","-1058565,811","-687028,22","-1058576,554","-687028,178","-1058576,527",KolÌn,HavlÌËkova,,mÌstnÌkomunikace,,328560.0,,Souhlasn˝sesmÏrem˙seku,Pomal˝,533165.0,227692.0,GN_V0.1UIR-ADR_410,1
10406190081,6,,2019-01-29,2,925,1,3,0,2,1,0,403,0,0,0,150,2,1,1,1,1,1,1,1,3,3,0,5,2,10,6.0,17,,XX,,,,,,,0,,,,"-686987,387","-1058631,215","-686987,387","-1058631,215","-686991,474","-1058633,833",KolÌn,HavlÌËkova,,mÌstnÌkomunikace,,328560.0,,OpaËn˝kesmÏru˙seku,Pomal˝,533165.0,227692.0,GN_V0.1UIR-ADR_410,1
10406190082,6,,2019-01-30,3,650,1,1,0,2,1,2,501,0,0,0,1050,1,1,1,1,4,1,1,1,3,3,2,1,3,0,,3,39.0,13,1.0,0.0,1.0,0.0,1.0,5.0,500,2.0,1.0,1.0,"-688118,51","-1056957,973","-688118,51","-1056957,973","-688124,804","-1056956,475",KolÌn,MostnÌ,,mÌstnÌkomunikace,,323505.0,,OpaËn˝kesmÏru˙seku,Pomal˝,533165.0,228281.0,GN_V0.1UIR-ADR_410,1
10406190083,2,329.0,2019-01-30,3,720,1,1,0,1,1,2,501,0,0,1,10000,2,6,1,1,2,1,1,1,3,3,0,3,2,0,,9,0.0,13,8.0,1.0,2.0,1.0,1.0,1.0,5000,2.0,1.0,1.0,"-701131,824","-1050741,709","-701131,824","-1050741,709","-701134,474","-1050742,239",Radim,,,silnice2.t¯Ìdy,329,991745.0,,OpaËn˝kesmÏru˙seku,Pomal˝,533629.0,,GN_V0.1UIR-ADR_410,1
10406190084,6,,2019-01-30,3,1850,3,0,9,2,1,2,504,0,0,0,100,2,1,1,1,4,1,0,0,3,3,9,1,1,0,,3,39.0,16,3.0,0.0,1.0,0.0,1.0,5.0,50,3.0,1.0,1.0,"-687915,164","-1057589,261","-687915,164","-1057589,261","-687914,872","-1057585,05",KolÌn,Jaselsk·,,mÌstnÌkomunikace,,1573571.0,,Souhlasn˝sesmÏrem˙seku,Pomal˝,533165.0,227838.0,GN_V0.1UIR-ADR_410,1
10406190085,6,,2019-01-31,4,615,2,0,0,2,1,0,516,0,0,0,205,2,1,1,1,4,1,1,1,3,5,0,4,2,10,6.0,6,48.0,18,3.0,0.0,1.0,0.0,1.0,5.0,0,3.0,1.0,1.0,"-687866,952","-1049273,736","-687866,952","-1049273,736","-687866,463","-1049272,28",Velk˝Osek,N·b¯eûÌ,,mÌstnÌkomunikace,,816745.0,,Souhlasn˝sesmÏrem˙seku,Pomal˝,533840.0,234222.0,GN_V0.1UIR-ADR_410,1
10406190086,6,,2019-01-31,4,1310,1,3,0,2,1,2,405,0,0,0,650,2,1,1,1,1,1,0,1,2,0,2,4,2,10,6.0,3,42.0,08,1.0,0.0,1.0,0.0,1.0,5.0,600,2.0,1.0,1.0,"-688475,29","-1057329,683","-688462,398","-1057339,351","-688462,609","-1057339,804",KolÌn,Jaselsk·,,mÌstnÌkomunikace,,1571081.0,,Souhlasn˝sesmÏrem˙seku,Pomal˝,533165.0,227838.0,GN_V0.1UIR-ADR_410,1
10406190087,2,322.0,2019-01-31,4,1915,5,0,0,2,4,0,100,0,0,0,300,2,1,1,1,6,1,1,1,0,0,0,1,1,0,,3,44.0,09,1.0,0.0,1.0,0.0,1.0,3.0,300,2.0,1.0,1.0,"-680094,402","-1057267,274","-680094,402","-1057267,274","-680094,32","-1057268,387",,,,silnice2.t¯Ìdy,322,1357380.0,,Souhlasn˝sesmÏrem˙seku,Pomal˝,533823.0,,GN_V0.1UIR-ADR_410,2
10406190088,6,,2019-01-31,4,2310,2,0,0,2,1,2,504,0,0,0,200,1,1,1,1,4,1,0,2,0,0,2,1,2,0,,5,47.0,08,1.0,0.0,1.0,0.0,1.0,5.0,100,2.0,1.0,1.0,"-688378,065","-1056801,466","-688359,264","-1056800,392","-688359,77","-1056801,288",KolÌn,Z·meck·,,mÌstnÌkomunikace,,322784.0,,Souhlasn˝sesmÏrem˙seku,Pomal˝,533165.0,229474.0,GN_V0.1UIR-ADR_410,1
10406190089,1,2.0,2019-02-01,5,810,3,0,1,1,1,0,205,2,2,0,820,2,3,1,1,1,1,1,8,0,0,0,3,1,0,,3,12.0,05,1.0,1.0,1.0,1.0,3.0,3.0,800,2.0,1.0,1.0,"-714923,722","-1057539,875","-714923,722","-1057539,875","-714916,752","-1057532,052",,,,silnice1.t¯Ìdy,2,1601106.0,,Souhlasn˝sesmÏrem˙seku,Pomal˝,533416.0,,GN_V0.1UIR-ADR_410,2
10406190090,2,113.0,2019-02-01,5,1300,1,2,0,1,1,2,402,0,0,1,550,2,1,1,1,1,1,1,1,3,3,0,5,2,19,6.0,5,47.0,97,1.0,0.0,1.0,0.0,1.0,13.0,50,2.0,1.0,1.0,"-711609,82","-1048418,397","-711608,706",-1048418,"-711608,758","-1048417,978",»esk˝Brod,Zborovsk·,,silnice2.t¯Ìdy,113,2854733.0,,Souhlasn˝sesmÏrem˙seku,Pomal˝,533271.0,226734.0,GN_V0.1UIR-ADR_410,1
10406190091,6,,2019-02-02,6,1030,3,0,9,2,1,2,504,0,0,0,300,2,1,1,1,1,1,1,1,0,0,0,1,1,0,,7,10.0,13,3.0,0.0,1.0,0.0,1.0,5.0,0,3.0,1.0,1.0,"-687512,021","-1048829,166","-687512,021","-1048829,166","-687516,282","-1048828,101",Velk˝Osek,Uh¯iötÏ,,mÌstnÌkomunikace,,3513708.0,,OpaËn˝kesmÏru˙seku,Pomal˝,533840.0,234524.0,GN_V0.1UIR-ADR_410,1
10406190092,6,,2019-02-02,6,1050,2,0,0,2,1,2,504,0,0,0,55,2,1,1,1,1,1,0,0,0,0,0,1,2,0,,3,39.0,12,1.0,0.0,1.0,0.0,1.0,5.0,5,2.0,1.0,1.0,"-713051,432","-1057528,472","-713051,432","-1057528,472","-713053,411","-1057515,011",Kostelecnad»ern˝milesy,n·mÏstÌSmi¯ick˝ch,,mÌstnÌkomunikace,,3246247.0,,Souhlasn˝sesmÏrem˙seku,Pomal˝,533416.0,229857.0,GN_V0.1UIR-ADR_410,1
10406190093,2,125.0,2019-02-03,0,750,9,0,0,2,1,2,205,0,0,0,500,2,6,1,6,3,1,1,8,0,0,0,2,1,0,,3,35.0,12,1.0,0.0,1.0,0.0,1.0,1.0,500,2.0,1.0,1.0,"-696763,204","-1064475,819","-696763,204","-1064475,819","-696767,934","-1064473,95",BeËv·ry,,,silnice2.t¯Ìdy,125,3290299.0,,OpaËn˝kesmÏru˙seku,Pomal˝,533181.0,,GN_V0.1UIR-ADR_410,1
10406190094,2,328.0,2019-02-03,0,1150,3,0,3,1,1,2,204,0,0,1,600,2,3,1,5,1,1,1,1,0,0,0,3,1,0,,3,39.0,16,1.0,1.0,1.0,0.0,1.0,3.0,500,2.0,1.0,1.0,"-683697,44","-1051061,953","-683697,44","-1051061,953","-683694,073","-1051061,9",,,,silnice2.t¯Ìdy,328,1021686.0,,Souhlasn˝sesmÏrem˙seku,Pomal˝,533360.0,,GN_V0.1UIR-ADR_410,2
10406190095,3,12540.0,2019-02-03,0,1130,3,0,6,1,1,2,204,0,0,1,250,2,3,1,5,3,1,1,8,0,0,0,1,1,0,,3,7.0,06,1.0,0.0,1.0,0.0,1.0,1.0,200,3.0,1.0,1.0,"-693935,58","-1059209,949","-693935,58","-1059209,949","-693938,102","-1059208,95",Loöany,,,silnice3.t¯Ìdy,12540,3119866.0,,OpaËn˝kesmÏru˙seku,Pomal˝,533505.0,,GN_V0.1UIR-ADR_410,1
10406190096,3,3294.0,2019-02-03,0,1500,3,0,1,1,1,2,204,0,0,1,750,2,5,1,5,1,1,1,1,0,0,0,1,1,0,,3,32.0,07,1.0,1.0,1.0,0.0,1.0,5.0,700,3.0,1.0,1.0,"-700359,973","-1049569,904","-700359,973","-1049569,904","-700362,778","-1049566,961",,,,silnice3.t¯Ìdy,3294,2482854.0,,Souhlasn˝sesmÏrem˙seku,Pomal˝,533629.0,,GN_V0.1UIR-ADR_410,2
10406190097,2,108.0,2019-02-03,0,1545,1,4,0,1,1,2,503,0,0,1,1300,2,8,1,5,3,1,1,1,3,3,0,5,2,19,2.0,3,2.0,11,1.0,0.0,1.0,0.0,1.0,21.0,800,3.0,1.0,1.0,"-711346,518","-1053448,525","-711346,518","-1053448,525","-711343,791","-1053449,546",,,,silnice2.t¯Ìdy,108,1880005.0,,Souhlasn˝sesmÏrem˙seku,Pomal˝,533459.0,,GN_V0.1UIR-ADR_410,2
10406190098,1,12.0,2019-02-04,1,525,3,0,1,1,1,2,204,0,0,1,500,2,6,1,5,6,1,1,1,0,0,0,1,1,0,,3,7.0,07,1.0,1.0,1.0,0.0,1.0,3.0,500,2.0,1.0,1.0,"-706776,446","-1051950,788","-706776,446","-1051950,788","-706773,74","-1051939,379",,,,silnice1.t¯Ìdy,12,309411.0,,OpaËn˝kesmÏru˙seku,Pomal˝,533866.0,,GN_V0.1UIR-ADR_410,2
10506190001,6,,2019-01-02,3,625,1,2,0,2,1,2,502,0,0,0,150,2,3,1,1,4,1,1,1,0,0,0,1,2,0,,3,39.0,07,1.0,0.0,0.0,0.0,1.0,5.0,50,2.0,1.0,1.0,"-682201,084","-1061637,674","-682201,084","-1061637,674","-682197,087","-1061637,44",,,,mÌstnÌkomunikace,,1879286.0,,OpaËn˝kesmÏru˙seku,Pomal˝,531197.0,,GN_V0.1UIR-ADR_410,2
10506190002,1,38.0,2019-01-03,4,920,0,0,0,2,1,0,516,0,0,0,1000,2,3,1,1,1,1,1,1,3,3,0,1,2,0,,17,,XX,,,,,,,0,,,,"-681159,813","-1064948,341","-681159,813","-1064948,341","-681163,331","-1064948,861",,,,silnice1.t¯Ìdy,38,1572158.0,,Souhlasn˝sesmÏrem˙seku,Pomal˝,534242.0,,GN_V0.1UIR-ADR_410,2
10506190003,1,38.0,2019-01-03,4,1050,1,4,0,2,1,2,201,0,0,0,400,2,3,1,1,1,1,1,1,3,3,0,5,2,19,6.0,3,39.0,05,1.0,0.0,1.0,0.0,1.0,12.0,200,4.0,1.0,1.0,"-682682,783","-1063057,747","-682681,176","-1063052,391","-682681,284","-1063052,494",,,,silnice1.t¯Ìdy,38,2665275.0,,OpaËn˝kesmÏru˙seku,Pomal˝,531197.0,,GN_V0.1UIR-ADR_410,2
10506190004,2,335.0,2019-01-03,4,1045,3,0,6,2,1,2,204,0,0,0,300,2,5,1,5,1,1,1,1,3,3,0,5,1,19,3.0,5,19.0,07,3.0,1.0,1.0,0.0,1.0,13.0,200,4.0,1.0,1.0,"-695912,094","-1074822,972","-695924,413","-1074826,186","-695924,336","-1074825,596",ChlÌstovice,,,silnice2.t¯Ìdy,335,1002470.0,,OpaËn˝kesmÏru˙seku,Pomal˝,534099.0,,GN_V0.1UIR-ADR_410,1
10506190005,6,,2019-01-03,4,1245,1,3,0,2,1,2,404,0,0,0,150,2,6,1,5,1,1,1,1,3,5,10,5,2,10,6.0,3,7.0,01,1.0,0.0,0.0,0.0,1.0,5.0,50,2.0,1.0,1.0,"-670627,481","-1070563,098","-670627,481","-1070563,098","-670626,955","-1070563,035",Vrdy,Chrudimsk·,,mÌstnÌkomunikace,,834430.0,,OpaËn˝kesmÏru˙seku,Pomal˝,534587.0,,GN_V0.1UIR-ADR_410,1
10506190006,2,337.0,2019-01-01,2,2560,1,2,0,2,1,0,403,0,0,0,1300,2,1,1,1,1,6,1,1,3,3,0,5,2,19,6.0,3,32.0,09,1.0,0.0,0.0,0.0,1.0,32.0,1100,2.0,1.0,1.0,"-676621,712","-1071265,894","-676621,712","-1071265,894","-676617,309","-1071269,455",»·slav,Tylova,,silnice2.t¯Ìdy,337,2054773.0,,Souhlasn˝sesmÏrem˙seku,Pomal˝,534005.0,243124.0,GN_V0.1UIR-ADR_410,1
10506190007,1,38.0,2019-01-08,2,600,1,3,0,2,1,2,403,0,0,0,700,2,3,1,4,7,1,1,1,3,3,0,5,2,19,3.0,3,47.0,11,1.0,0.0,1.0,0.0,1.0,21.0,700,2.0,1.0,1.0,"-683599,801","-1062269,963","-683577,308","-1062239,436","-683577,186","-1062239,282",,,,silnice1.t¯Ìdy,38,1266810.0,,Souhlasn˝sesmÏrem˙seku,Pomal˝,533955.0,,GN_V0.1UIR-ADR_410,2
10506190008,1,38.0,2019-01-08,2,1450,1,2,0,1,1,2,501,0,0,1,1700,2,3,1,4,1,1,1,1,0,0,0,1,2,0,,3,7.0,07,1.0,0.0,1.0,1.0,3.0,3.0,500,2.0,1.0,1.0,"-673001,061","-1078056,159","-673001,061","-1078056,159","-673001,887","-1078056,538",,,,silnice1.t¯Ìdy,38,1259038.0,,OpaËn˝kesmÏru˙seku,Pomal˝,531286.0,,GN_V0.1UIR-ADR_410,2
10506190009,3,33825.0,2019-01-08,2,810,5,0,0,2,4,0,100,0,0,0,310,2,3,1,4,1,1,1,1,0,0,0,1,1,0,,3,27.0,15,1.0,0.0,1.0,0.0,1.0,1.0,300,2.0,1.0,1.0,"-671981,707","-1075516,454","-671981,707","-1075516,454","-671980,97","-1075517,689",,,,silnice3.t¯Ìdy,33825,1354293.0,,Souhlasn˝sesmÏrem˙seku,Pomal˝,534668.0,,GN_V0.1UIR-ADR_410,2
10506190010,2,336.0,2019-01-07,1,1920,5,0,0,2,4,0,100,0,0,0,800,2,3,1,3,6,1,1,1,0,0,0,1,1,0,,3,39.0,18,1.0,0.0,1.0,0.0,1.0,1.0,800,2.0,1.0,1.0,"-696239,765","-1091528,932","-696239,765","-1091528,932","-696238,915","-1091528,795",,,,silnice2.t¯Ìdy,336,3120138.0,,Souhlasn˝sesmÏrem˙seku,Pomal˝,534056.0,,GN_V0.1UIR-ADR_410,2
10506190011,1,17.0,2019-01-08,2,2330,9,0,0,2,1,0,510,0,0,0,10,2,3,1,1,6,1,1,1,0,0,0,1,1,0,,3,32.0,95,1.0,0.0,1.0,0.0,1.0,1.0,10,9.0,,,"-666840,557","-1070187,046","-666840,557","-1070187,046","-666840,663","-1070179,728",,,,silnice1.t¯Ìdy,17,1353774.0,,Souhlasn˝sesmÏrem˙seku,Pomal˝,530875.0,,GN_V0.1UIR-ADR_410,2
10506190012,2,335.0,2019-01-09,3,510,3,0,1,2,1,2,204,0,0,0,1200,2,8,1,5,6,1,1,1,3,3,0,5,1,19,6.0,3,47.0,12,3.0,1.0,1.0,0.0,1.0,12.0,1200,3.0,1.0,1.0,"-702003,616","-1071744,985","-702003,616","-1071744,985","-702003,853","-1071740,025",,,,silnice2.t¯Ìdy,335,1353955.0,,Souhlasn˝sesmÏrem˙seku,Pomal˝,534412.0,,GN_V0.1UIR-ADR_410,2
10506190013,2,126.0,2019-01-09,3,900,3,0,3,2,1,2,204,0,0,0,90,2,6,1,5,3,1,1,8,3,3,0,7,1,19,3.0,3,32.0,05,1.0,1.0,1.0,0.0,1.0,14.0,70,2.0,1.0,1.0,"-700463,525","-1088578,265","-700475,353","-1088323,413","-700474,946","-1088322,059",,,,silnice2.t¯Ìdy,126,418837.0,,Souhlasn˝sesmÏrem˙seku,Pomal˝,534633.0,,GN_V0.1UIR-ADR_410,2
10506190014,1,17.0,2019-01-10,4,745,3,0,3,2,1,2,204,0,0,0,260,2,5,1,5,2,1,1,8,0,0,0,3,1,0,,7,35.0,17,3.0,1.0,1.0,0.0,1.0,3.0,200,3.0,1.0,1.0,"-670208,669","-1070547,757","-669149,866","-1070143,408","-669150,052","-1070142,127",,,,silnice1.t¯Ìdy,17,1353777.0,,Souhlasn˝sesmÏrem˙seku,Pomal˝,530875.0,,GN_V0.1UIR-ADR_410,2
10506190015,6,,2019-01-10,4,735,1,4,0,2,1,2,204,0,0,0,300,2,5,1,5,2,1,1,1,3,3,0,4,2,10,6.0,3,60.0,12,1.0,0.0,1.0,0.0,1.0,5.0,150,2.0,1.0,1.0,"-676474,375","-1072366,256","-676466,877","-1072370,54","-676466,858","-1072371,045",»·slav,Sadov·,,mÌstnÌkomunikace,,2523962.0,,Souhlasn˝sesmÏrem˙seku,Pomal˝,534005.0,243051.0,GN_V0.1UIR-ADR_410,1
10506190016,6,,2019-01-11,5,623,3,0,9,2,1,0,204,0,0,0,100,2,6,1,1,4,1,1,3,0,0,0,1,1,0,,17,,XX,,,,,,,0,,,,"-682925,468","-1064803,682","-682925,468","-1064803,682","-682925,417","-1064803,991",Kutn·Hora,NaChmelnici,,mÌstnÌkomunikace,,346002.0,,OpaËn˝kesmÏru˙seku,Pomal˝,533955.0,244406.0,GN_V0.1UIR-ADR_410,1
10506190017,6,,2019-01-11,5,1442,2,0,0,2,1,2,502,0,0,0,160,2,3,1,1,1,1,1,8,0,0,10,1,2,0,,3,32.0,06,1.0,0.0,0.0,0.0,1.0,5.0,10,2.0,1.0,1.0,"-675698,794","-1072565,712","-675698,794","-1072565,712","-675701,683","-1072567,908",»·slav,JenÌkonvsk·,,mÌstnÌkomunikace,,3329618.0,,OpaËn˝kesmÏru˙seku,Pomal˝,534005.0,,GN_V0.1UIR-ADR_410,1
10506190018,2,126.0,2019-01-11,5,1530,9,0,0,2,1,2,204,0,0,0,600,2,6,1,5,1,1,1,3,0,0,0,2,1,0,,3,39.0,04,1.0,1.0,0.0,0.0,1.0,3.0,600,2.0,1.0,1.0,"-687463,172","-1074639,956","-687463,172","-1074639,956","-687460,139","-1074642,161",,,,silnice2.t¯Ìdy,126,1002427.0,,Souhlasn˝sesmÏrem˙seku,Pomal˝,534013.0,,GN_V0.1UIR-ADR_410,2