IDENTIFIKA»NÕ »ÕSLO,DRUH POZEMNÕ KOMUNIKACE,»ÕSLO POZEMNÕ KOMUNIKACE,"den, mÏsÌc, rok",,Ëas ,DRUH NEHODY,DRUH SR¡éKY JEDOUCÕCH VOZIDEL,DRUH PEVN… PÿEK¡éKY,CHARAKTER NEHODY,ZAVINÃNÕ NEHODY,ALKOHOL U VINÕKA NEHODY PÿÕTOMEN,HLAVNÕ PÿÕ»INY NEHODY,usmrceno osob,tÏûce zranÏno osob,lehce zranÏno osob,CELKOV¡ HMOTN¡ äKODA,DRUH POVRCHU VOZOVKY,STAV POVRCHU VOZOVKY V DOBÃ NEHODY,STAV KOMUNIKACE,POVÃTRNOSTNÕ PODMÕNKY V DOBÃ NEHODY,VIDITELNOST,ROZHLEDOV… POMÃRY,DÃLENÕ KOMUNIKACE,SITUOV¡NÕ NEHODY NA KOMUNIKACI,ÿÕZENÕ PROVOZU V DOBÃ NEHODY,MÕSTNÕ ⁄PRAVA PÿEDNOSTI V JÕZDÃ,SPECIFICK¡ MÕSTA A OBJEKTY V MÕSTÃ NEHODY,SMÃROV… POMÃRY,PO»ET Z⁄»ASTNÃN›CH VOZIDEL,MÕSTO DOPRAVNÕ NEHODY,DRUH KÿIéUJÕCÕ KOMUNIKACE,DRUH VOZIDLA,V›ROBNÕ ZNA»KA MOTOROV…HO VOZIDLA,ROK V›ROBY VOZIDLA,CHARAKTERISTIKA VOZIDLA ,SMYK,VOZIDLO PO NEHODÃ,"⁄NIK PROVOZNÕCH, PÿEPRAVOVAN›CH HMOT",ZPŸSOB VYPROäTÃNÕ OSOB Z VOZIDLA,SMÃR JÕZDY NEBO POSTAVENÕ VOZIDLA,äKODA NA VOZIDLE,KATEGORIE ÿIDI»E,STAV ÿIDI»E,VNÃJäÕ OVLIVNÃNÕ ÿIDI»E,nan.1,nan.2,nan.3,nan.4,nan.5,nan.6,nan.7,nan.8,nan.9,nan.10,nan.11,nan.12,nan.13,nan.14,nan.15,nan.16,nan.17,nan.18,LOKALITA NEHODY
10506190019,6,,2019-01-11,5,1915,2,0,0,2,1,2,509,0,0,0,10,2,8,1,1,4,1,1,1,0,0,0,1,2,0,,5,25.0,01,1.0,0.0,0.0,0.0,1.0,5.0,0,2.0,1.0,1.0,"-684101,063","-1065024,735","-684101,063","-1065024,735","-684102,076","-1065024,496",Kutn·Hora,JanaPalacha,,mÌstnÌkomunikace,,1693269.0,,OpaËn˝kesmÏru˙seku,Pomal˝,533955.0,243744.0,GN_V0.1UIR-ADR_410,1
10506190020,1,2.0,2019-01-12,6,1748,2,0,0,2,1,2,202,0,0,0,600,2,3,1,3,4,1,1,1,0,0,0,1,2,0,,3,39.0,05,1.0,0.0,1.0,0.0,1.0,3.0,300,2.0,1.0,1.0,"-677713,341","-1062099,325","-677713,341","-1062099,325","-677707,528","-1062105,025",Svat˝Mikul·ö,,,silnice1.t¯Ìdy,2,338738.0,,OpaËn˝kesmÏru˙seku,Pomal˝,534196.0,,GN_V0.1UIR-ADR_410,1
10506190021,6,,2019-01-12,6,2350,3,0,9,2,1,9,511,0,0,0,100,2,3,1,1,4,1,1,1,0,5,0,1,1,0,,3,7.0,01,1.0,0.0,1.0,0.0,1.0,5.0,50,2.0,5.0,1.0,"-699891,422","-1087255,85","-699891,422","-1087255,85","-699893,969","-1087258,909",ZruËnadS·zavou,Hlohov·,,mÌstnÌkomunikace,,415827.0,,Souhlasn˝sesmÏrem˙seku,Pomal˝,534633.0,248088.0,GN_V0.1UIR-ADR_410,1
10506190022,3,33838.0,2019-01-13,0,230,9,0,0,1,1,9,205,0,0,1,50,2,3,1,1,6,1,1,1,3,3,0,5,1,19,3.0,3,47.0,95,1.0,1.0,1.0,0.0,1.0,23.0,50,2.0,5.0,1.0,"-684137,459","-1080126,39","-684146,029","-1080119,963","-684146,055","-1080119,965",,,,silnice3.t¯Ìdy,33838,3456963.0,,Souhlasn˝sesmÏrem˙seku,Pomal˝,534315.0,,GN_V0.1UIR-ADR_410,2
10506190023,2,337.0,2019-01-13,0,1330,3,0,9,2,1,2,508,0,0,0,1600,2,3,1,1,1,1,1,6,1,0,5,3,1,0,,3,21.0,03,1.0,0.0,1.0,1.0,1.0,3.0,800,2.0,1.0,1.0,"-688332,043","-1070188,449","-688332,043","-1070188,449","-688330,896","-1070192,066",Maleöov,,,silnice2.t¯Ìdy,337,1573315.0,,OpaËn˝kesmÏru˙seku,Pomal˝,534188.0,,GN_V0.1UIR-ADR_410,1
10506190024,3,3321.0,2019-01-14,1,1530,1,2,0,2,1,2,306,0,0,0,1200,2,3,1,5,1,1,1,1,3,3,0,5,2,19,7.0,5,7.0,06,1.0,0.0,1.0,0.0,1.0,31.0,300,3.0,1.0,1.0,"-684216,783","-1064450,702","-684216,783","-1064450,702","-684222,483","-1064450,105",,,,silnice3.t¯Ìdy,03321,3336222.0,,Souhlasn˝sesmÏrem˙seku,Pomal˝,533955.0,243744.0,GN_V0.1UIR-ADR_410,2
10506190025,1,17.0,2019-01-14,1,1750,1,3,0,2,1,2,402,0,0,0,170,2,3,1,1,6,1,1,1,3,3,0,4,2,19,2.0,3,39.0,97,1.0,0.0,1.0,0.0,1.0,43.0,70,2.0,1.0,1.0,"-674012,551","-1071094,122","-673983,628","-1071085,552","-673983,235","-1071087,268",,,,silnice1.t¯Ìdy,17,1572144.0,,OpaËn˝kesmÏru˙seku,Pomal˝,534587.0,,GN_V0.1UIR-ADR_410,2
10506190026,2,125.0,2019-01-15,2,520,3,0,1,1,1,2,204,0,0,1,300,2,6,1,4,6,1,1,8,0,0,0,3,1,0,,3,7.0,97,1.0,1.0,1.0,0.0,1.0,1.0,300,2.0,1.0,1.0,"-698636,366","-1068897,613","-698636,366","-1068897,613","-698631,497","-1068898,542",,,,silnice2.t¯Ìdy,125,2887219.0,,Souhlasn˝sesmÏrem˙seku,Pomal˝,534340.0,,GN_V0.1UIR-ADR_410,2
10506190027,3,33519.0,2019-01-16,3,730,5,0,0,2,4,0,100,0,0,0,150,2,3,1,1,2,1,1,1,0,0,0,1,1,0,,3,39.0,06,1.0,0.0,1.0,0.0,1.0,3.0,150,2.0,1.0,1.0,"-696511,197","-1076899,353","-696511,197","-1076899,353","-696509,254","-1076901,175",,,,silnice3.t¯Ìdy,33519,2016259.0,,Souhlasn˝sesmÏrem˙seku,Pomal˝,534030.0,,GN_V0.1UIR-ADR_410,2
10506190028,1,2.0,2019-01-17,4,920,1,4,0,2,1,2,503,0,0,0,300,2,1,1,1,1,1,1,1,3,3,0,5,2,19,6.0,3,32.0,00,1.0,0.0,1.0,0.0,1.0,21.0,150,2.0,1.0,1.0,"-684416,718","-1065789,19","-684403,863","-1065817,577","-684403,757","-1065818,03",Kutn·Hora,ätef·nikova,,silnice1.t¯Ìdy,2,3322024.0,,Souhlasn˝sesmÏrem˙seku,Pomal˝,533955.0,245551.0,GN_V0.1UIR-ADR_410,1
10506190029,6,,2019-01-18,5,1245,2,0,0,2,1,2,504,0,0,0,150,2,3,1,1,1,1,1,1,0,0,10,1,2,0,,5,47.0,06,2.0,0.0,0.0,0.0,1.0,5.0,50,3.0,1.0,1.0,"-683328,591","-1065122,383","-683328,591","-1065122,383","-683331,687","-1065127,132",Kutn·Hora,Z·meck·,,mÌstnÌkomunikace,,3321903.0,,Souhlasn˝sesmÏrem˙seku,Pomal˝,533955.0,245861.0,GN_V0.1UIR-ADR_410,1
10506190030,6,,2019-01-18,5,1730,2,0,0,2,1,2,504,0,0,0,250,1,1,1,1,4,1,1,1,0,0,9,1,2,0,,3,39.0,08,1.0,0.0,0.0,0.0,1.0,5.0,50,2.0,1.0,1.0,"-683308,739","-1065347,826","-683308,739","-1065347,826","-683307,894","-1065353,225",Kutn·Hora,HrnËÌ¯sk·,,mÌstnÌkomunikace,,347710.0,,OpaËn˝kesmÏru˙seku,Pomal˝,533955.0,243868.0,GN_V0.1UIR-ADR_410,1
10506190031,6,,2019-01-20,0,1230,4,0,0,2,1,2,412,0,0,0,10,2,1,1,1,1,6,0,1,3,3,1,5,1,10,6.0,3,47.0,04,1.0,0.0,1.0,0.0,1.0,5.0,10,2.0,1.0,1.0,"-683703,42","-1065648,402","-683706,098","-1065636,62","-683705,903","-1065636,392",Kutn·Hora,Zelenkova,,mÌstnÌkomunikace,,1879200.0,,Souhlasn˝sesmÏrem˙seku,Pomal˝,533955.0,818089.0,GN_V0.1UIR-ADR_410,1
10506190032,1,2.0,2019-01-20,0,1745,1,3,0,2,1,2,405,0,0,0,1400,2,1,1,1,4,1,1,1,0,0,0,1,2,0,,3,13.0,15,1.0,0.0,1.0,0.0,1.0,1.0,800,2.0,1.0,1.0,"-685964,92","-1066275,509","-685964,92","-1066275,509","-685964,88","-1066277,34",Kutn·Hora,Kou¯imsk·,,silnice1.t¯Ìdy,2,2015826.0,,OpaËn˝kesmÏru˙seku,Pomal˝,533955.0,244163.0,GN_V0.1UIR-ADR_410,1
10506190033,3,12519.0,2019-01-20,0,1920,5,0,0,2,4,0,100,0,0,0,150,2,1,1,1,6,1,1,1,0,0,0,1,1,0,,3,39.0,17,3.0,0.0,1.0,0.0,1.0,1.0,150,2.0,1.0,1.0,"-700453,213","-1080892,848","-700466,711","-1080877,191","-700466,188","-1080877,878",,,,silnice3.t¯Ìdy,12519,1007240.0,,Souhlasn˝sesmÏrem˙seku,Pomal˝,534030.0,,GN_V0.1UIR-ADR_410,2
10506190034,3,33725.0,2019-01-20,0,2000,9,0,0,2,1,2,204,0,0,0,100,2,3,8,1,4,1,1,1,0,0,3,1,1,0,,3,4.0,10,9.0,0.0,0.0,0.0,1.0,1.0,100,2.0,1.0,1.0,"-670907,097","-1070631,675","-670907,097","-1070631,675","-670900,015","-1070625,379",Vrdy,äkolsk·,,silnice3.t¯Ìdy,33725,3098256.0,,Souhlasn˝sesmÏrem˙seku,Pomal˝,534587.0,247847.0,GN_V0.1UIR-ADR_410,1
10506190035,3,3388.0,2019-01-16,3,2230,5,0,0,2,4,0,100,0,0,0,260,2,1,1,1,6,1,1,1,0,0,0,1,1,0,,3,39.0,08,1.0,0.0,0.0,0.0,1.0,3.0,250,3.0,1.0,1.0,,,"-669291,218","-1065481,107","-669291,335","-1065481,187",,,,silnice3.t¯Ìdy,3388,3120760.0,,OpaËn˝kesmÏru˙seku,Pomal˝,533971.0,,GN_V0.1UIR-ADR_410,2
10506190036,3,33816.0,2019-01-21,1,1015,1,3,0,2,1,2,403,0,0,0,1000,2,1,1,1,1,1,1,1,3,3,0,5,2,19,3.0,3,39.0,05,1.0,0.0,1.0,0.0,1.0,23.0,200,2.0,1.0,1.0,"-675859,266","-1064274,244","-675859,266","-1064274,244","-675860,07","-1064274,72",Rohozec,,,silnice3.t¯Ìdy,33816,1877874.0,,Souhlasn˝sesmÏrem˙seku,Pomal˝,526622.0,,GN_V0.1UIR-ADR_410,1
10506190037,3,12525.0,2019-01-19,6,910,5,0,0,2,4,0,100,0,0,0,360,2,1,1,1,1,1,1,1,0,0,0,1,1,0,,3,39.0,16,3.0,0.0,1.0,0.0,1.0,1.0,350,2.0,1.0,1.0,,,"-700895,99","-1076547,295","-700896,187","-1076547,35",,,,silnice3.t¯Ìdy,12525,1573142.0,,OpaËn˝kesmÏru˙seku,Pomal˝,534498.0,,GN_V0.1UIR-ADR_410,2
10506190038,3,33821.0,2019-01-20,0,745,5,0,0,2,4,0,100,0,0,0,310,2,1,1,1,2,1,1,1,0,0,0,1,1,0,,3,12.0,18,15.0,0.0,1.0,0.0,1.0,1.0,300,3.0,1.0,1.0,"-673473,286","-1068272,142","-673473,286","-1068272,142","-673471,278","-1068267,966",,,,silnice3.t¯Ìdy,33821,1877899.0,,OpaËn˝kesmÏru˙seku,Pomal˝,534552.0,,GN_V0.1UIR-ADR_410,2
10506190039,2,337.0,2019-01-21,1,1940,3,0,3,2,1,2,501,0,0,0,100,2,1,1,1,4,1,1,1,3,3,1,1,1,0,,3,38.0,96,1.0,0.0,1.0,0.0,1.0,1.0,50,2.0,1.0,1.0,"-676501,069","-1071184,535","-676501,069","-1071184,535","-676500,496","-1071187,619",»·slav,Masarykova,,silnice2.t¯Ìdy,337,834325.0,,OpaËn˝kesmÏru˙seku,Pomal˝,534005.0,243141.0,GN_V0.1UIR-ADR_410,1
10506190040,3,33818.0,2019-01-22,2,750,5,0,0,2,4,0,100,0,0,0,310,2,1,1,1,1,1,1,1,0,0,0,1,1,0,,3,39.0,15,1.0,0.0,1.0,0.0,1.0,1.0,300,2.0,1.0,1.0,"-680404,611","-1065533,979","-680404,611","-1065533,979","-680403,629","-1065535,811",,,,silnice3.t¯Ìdy,33818,2015662.0,,Souhlasn˝sesmÏrem˙seku,Pomal˝,534242.0,,GN_V0.1UIR-ADR_410,2
10506190041,2,338.0,2019-01-16,3,2330,5,0,0,2,4,0,100,0,0,0,300,2,1,1,1,6,1,1,1,0,0,0,1,1,0,,3,39.0,17,3.0,0.0,1.0,0.0,1.0,3.0,300,2.0,1.0,1.0,,,"-677719,472","-1072923,554","-677720,648","-1072923,023",,,,silnice2.t¯Ìdy,338,1878425.0,,OpaËn˝kesmÏru˙seku,Pomal˝,534641.0,,GN_V0.1UIR-ADR_410,2
10506190042,6,,2019-01-24,4,220,3,0,9,2,1,0,204,0,0,0,180,2,6,1,1,4,1,1,0,0,0,10,3,1,0,,3,47.0,00,2.0,1.0,1.0,0.0,1.0,5.0,30,2.0,1.0,1.0,"-700335,611","-1087164,904","-700335,611","-1087164,904","-700335,584","-1087165,151",ZruËnadS·zavou,PoötovnÌ,,mÌstnÌkomunikace,,415483.0,,Souhlasn˝sesmÏrem˙seku,Pomal˝,534633.0,248428.0,GN_V0.1UIR-ADR_410,1
10506190043,1,38.0,2019-01-24,4,1030,2,0,0,2,1,0,511,0,0,0,20,2,1,1,1,1,1,1,1,0,0,0,1,2,0,,17,,XX,,,,,,,0,,,,"-679674,575","-1067898,16","-679674,575","-1067898,16","-679675,609","-1067899,24",CÌrkvice,,,silnice1.t¯Ìdy,38,1258864.0,,OpaËn˝kesmÏru˙seku,Pomal˝,533998.0,,GN_V0.1UIR-ADR_410,1
10506190044,6,,2019-01-24,4,1030,1,2,0,2,1,2,204,0,0,0,1000,2,6,1,1,1,1,1,1,0,0,0,2,2,0,,3,39.0,01,1.0,1.0,0.0,0.0,1.0,5.0,100,2.0,1.0,1.0,"-690651,302","-1084525,197","-690651,302","-1084525,197","-690652,237","-1084528,309",BohdaneË,,,mÌstnÌkomunikace,,3486609.0,,Souhlasn˝sesmÏrem˙seku,Pomal˝,533980.0,,GN_V0.1UIR-ADR_410,1
10506190045,6,,2019-01-24,4,1610,1,3,0,2,1,2,504,0,0,0,50,2,1,1,1,1,6,1,1,0,0,0,1,2,0,,3,39.0,16,12.0,0.0,0.0,0.0,1.0,5.0,0,2.0,1.0,1.0,"-683446,445","-1065061,924","-683437,267","-1065055,985","-683437,289","-1065056,01",Kutn·Hora,Ortenova,,mÌstnÌkomunikace,,737505.0,,Souhlasn˝sesmÏrem˙seku,Pomal˝,533955.0,244350.0,GN_V0.1UIR-ADR_410,1
10506190046,2,338.0,2019-01-24,4,1740,0,0,0,2,1,0,516,0,0,0,200,2,1,1,1,6,1,1,1,0,0,0,1,2,0,,17,,XX,,,,,,,0,,,,"-674808,36","-1067403,116","-674808,36","-1067403,116","-674810,748","-1067404,977",,,,silnice2.t¯Ìdy,338,997814.0,,Souhlasn˝sesmÏrem˙seku,Pomal˝,534650.0,,GN_V0.1UIR-ADR_410,2
10506190047,3,3321.0,2019-01-25,5,1035,3,0,7,2,1,2,516,0,0,0,30,2,1,1,1,1,1,1,1,2,0,4,1,2,0,,7,10.0,11,9.0,0.0,1.0,0.0,1.0,3.0,10,2.0,1.0,1.0,"-680396,319","-1067457,643","-680411,315","-1067455,501","-680411,288","-1067455,773",,,,silnice3.t¯Ìdy,03321,3120406.0,,Souhlasn˝sesmÏrem˙seku,Pomal˝,533998.0,,GN_V0.1UIR-ADR_410,2
10506190048,1,38.0,2019-01-27,0,930,1,2,0,2,1,2,403,0,0,0,1200,2,3,1,1,1,1,1,1,3,3,1,4,2,19,1.0,3,39.0,17,3.0,0.0,0.0,0.0,1.0,13.0,1000,2.0,1.0,1.0,"-673792,368","-1076367,885","-673785,942","-1076343,785","-673786,64","-1076344,114",Horky,,,silnice1.t¯Ìdy,38,384074.0,,OpaËn˝kesmÏru˙seku,Pomal˝,531359.0,,GN_V0.1UIR-ADR_410,1
10506190049,2,125.0,2019-01-27,0,700,5,0,0,2,4,0,100,0,0,0,200,2,3,1,1,6,1,1,1,0,0,0,1,1,0,,3,39.0,03,1.0,0.0,0.0,0.0,1.0,3.0,200,2.0,1.0,1.0,"-703605,965","-1079411,463","-703605,965","-1079411,463","-703602,922","-1079412,866",,,,silnice2.t¯Ìdy,125,2886708.0,,Souhlasn˝sesmÏrem˙seku,Pomal˝,534129.0,,GN_V0.1UIR-ADR_410,2
10506190050,6,,2019-01-28,1,535,2,0,0,2,1,2,204,0,0,0,450,1,6,1,1,6,1,1,1,3,3,0,3,2,0,,3,35.0,03,1.0,1.0,0.0,0.0,1.0,5.0,150,2.0,1.0,1.0,"-685052,646","-1066256,986","-685052,646","-1066256,986","-685052,733","-1066257,062",Kutn·Hora,n·mÏstÌN·rodnÌhoodboje,,mÌstnÌkomunikace,,350887.0,,Souhlasn˝sesmÏrem˙seku,Pomal˝,533955.0,244660.0,GN_V0.1UIR-ADR_410,1
10506190051,2,327.0,2019-01-28,1,535,3,0,1,1,1,2,204,0,0,1,500,2,6,1,1,6,1,1,1,0,0,0,2,1,0,,3,39.0,04,1.0,1.0,0.0,0.0,1.0,3.0,500,2.0,1.0,1.0,"-678170,945","-1059445,654","-678170,945","-1059445,654","-678170,725","-1059445,794",,,,silnice2.t¯Ìdy,327,1878416.0,,Souhlasn˝sesmÏrem˙seku,Pomal˝,534196.0,,GN_V0.1UIR-ADR_410,2
10506190052,6,,2019-01-28,1,735,1,1,0,2,1,2,204,0,0,0,1300,2,6,1,1,2,1,1,1,0,0,0,2,2,0,,5,35.0,08,1.0,1.0,1.0,0.0,1.0,5.0,300,2.0,1.0,1.0,"-676056,089","-1072501,002","-676056,089","-1072501,002","-676057,213","-1072500,856",»·slav,VB¯Ìzk·ch,,mÌstnÌkomunikace,,2889116.0,,OpaËn˝kesmÏru˙seku,Pomal˝,534005.0,243370.0,GN_V0.1UIR-ADR_410,1
10506190053,1,38.0,2019-01-28,1,901,0,0,0,2,1,0,516,0,0,0,250,2,3,1,1,1,1,1,1,0,0,0,3,2,0,,17,,XX,,,,,,,0,,,,"-677294,028","-1069135,728","-677294,028","-1069135,728","-677294,051","-1069135,83",,,,silnice1.t¯Ìdy,38,1489222.0,,OpaËn˝kesmÏru˙seku,Pomal˝,534005.0,,GN_V0.1UIR-ADR_410,2
10506190054,2,335.0,2019-01-24,4,725,5,0,0,2,4,0,100,0,0,0,260,2,3,1,1,2,1,1,1,0,0,0,1,1,0,,3,47.0,17,3.0,0.0,1.0,0.0,1.0,3.0,250,2.0,1.0,1.0,,,"-706558,926","-1070543,03","-706557,876","-1070542,154",,,,silnice2.t¯Ìdy,335,1697607.0,,Souhlasn˝sesmÏrem˙seku,Pomal˝,534510.0,,GN_V0.1UIR-ADR_410,2
10506190055,6,,2019-01-29,2,1400,1,3,0,2,1,2,402,0,0,0,500,2,1,1,1,1,1,1,1,3,3,0,4,2,10,6.0,3,39.0,10,3.0,0.0,1.0,0.0,1.0,5.0,200,3.0,1.0,1.0,"-684196,064","-1065649,32","-684196,513","-1065654,446","-684196,269","-1065654,577",Kutn·Hora,Beneöova,,mÌstnÌkomunikace,,348642.0,,Souhlasn˝sesmÏrem˙seku,Pomal˝,533955.0,243655.0,GN_V0.1UIR-ADR_410,1
10506190056,3,33838.0,2019-01-29,2,1750,5,0,0,2,4,0,100,0,0,0,510,2,1,1,1,6,1,1,1,0,0,0,1,1,0,,5,27.0,16,3.0,0.0,0.0,0.0,1.0,1.0,500,3.0,1.0,1.0,"-685264,135","-1085742,184","-685264,135","-1085742,184","-685266,895","-1085742,08",,,,silnice3.t¯Ìdy,33838,1878325.0,,Souhlasn˝sesmÏrem˙seku,Pomal˝,530972.0,,GN_V0.1UIR-ADR_410,2
10506190057,6,,2019-01-30,3,945,1,3,0,2,1,9,403,0,0,0,500,2,1,1,1,1,1,1,1,3,3,0,5,2,10,6.0,3,39.0,04,1.0,0.0,1.0,0.0,1.0,5.0,200,2.0,5.0,1.0,"-700427,259","-1087198,419","-700427,259","-1087198,419","-700427,481","-1087197,846",ZruËnadS·zavou,PoötovnÌ,,mÌstnÌkomunikace,,415574.0,,Souhlasn˝sesmÏrem˙seku,Pomal˝,534633.0,248428.0,GN_V0.1UIR-ADR_410,1
10506190058,1,38.0,2019-01-31,4,720,1,4,0,2,1,2,201,0,0,0,3500,2,3,1,1,2,1,1,1,0,0,0,1,2,0,,5,24.0,89,2.0,0.0,0.0,0.0,1.0,1.0,100,3.0,1.0,1.0,"-682682,502","-1063056,661","-682691,072","-1063042,735","-682691,014","-1063042,667",,,,silnice1.t¯Ìdy,38,834588.0,,Souhlasn˝sesmÏrem˙seku,Pomal˝,531197.0,,GN_V0.1UIR-ADR_410,2
10506190059,2,126.0,2019-01-31,4,840,7,3,0,1,1,2,414,0,0,1,3000,2,1,1,1,1,1,1,1,2,0,4,2,2,0,,3,2.0,12,1.0,0.0,0.0,0.0,1.0,1.0,2500,2.0,1.0,1.0,"-699260,928","-1087598,168","-699260,928","-1087598,168","-699256,303","-1087596,555",ZruËnadS·zavou,n·mÏstÌMalostranskÈ,,silnice2.t¯Ìdy,126,416866.0,,Souhlasn˝sesmÏrem˙seku,Pomal˝,534633.0,248649.0,GN_V0.1UIR-ADR_410,1
10506190060,3,3354.0,2019-01-31,4,1420,1,1,0,2,1,2,501,0,0,0,1400,2,3,1,1,1,3,1,1,0,0,0,3,2,0,,3,26.0,14,1.0,0.0,0.0,0.0,1.0,3.0,1200,3.0,1.0,1.0,"-710264,019","-1071061,027","-710264,019","-1071061,027","-710265,616","-1071061,559",,,,silnice3.t¯Ìdy,3354,999806.0,,OpaËn˝kesmÏru˙seku,Pomal˝,534510.0,,GN_V0.1UIR-ADR_410,2
10506190061,6,,2019-02-01,5,1440,1,4,0,2,1,2,504,0,0,0,500,2,1,1,1,1,1,1,1,3,5,0,5,2,10,6.0,5,26.0,12,3.0,0.0,1.0,0.0,1.0,5.0,0,2.0,1.0,1.0,"-688213,169","-1069883,357","-688208,884","-1069867,555","-688209,063","-1069867,917",Maleöov,,,mÌstnÌkomunikace,,362131.0,,Souhlasn˝sesmÏrem˙seku,Pomal˝,534188.0,,GN_V0.1UIR-ADR_410,1
10506190062,6,,2019-01-29,2,2560,3,0,2,2,1,0,504,0,0,0,200,1,1,1,1,4,1,1,8,0,0,9,1,1,0,,17,,XX,,,,,,,0,,,,"-672193,019","-1080009,194","-672193,019","-1080009,194","-672189,037","-1080012,824",,,,mÌstnÌkomunikace,,1698576.0,,Souhlasn˝sesmÏrem˙seku,Pomal˝,534251.0,,GN_V0.1UIR-ADR_410,2
10506190063,2,126.0,2019-02-01,5,1940,5,0,0,2,4,0,100,0,0,0,600,2,3,1,1,6,1,1,1,0,0,0,1,1,0,,3,17.0,09,1.0,0.0,1.0,0.0,1.0,1.0,600,2.0,1.0,1.0,"-699832,456","-1088164,666","-699834,076","-1088158,187","-699833,911","-1088159,548",,,,silnice2.t¯Ìdy,126,3120096.0,,Souhlasn˝sesmÏrem˙seku,Pomal˝,534633.0,,GN_V0.1UIR-ADR_410,2
10506190064,3,3321.0,2019-02-02,6,1360,2,0,0,2,1,0,511,0,0,0,50,1,1,1,1,1,1,1,1,0,0,0,1,2,0,,17,,XX,,,,,,,0,,,,"-684181,427","-1066203,433","-684181,427","-1066203,433","-684169,372","-1066199,221",Kutn·Hora,ätef·nikova,,silnice3.t¯Ìdy,03321,2888858.0,,Souhlasn˝sesmÏrem˙seku,Pomal˝,533955.0,245551.0,GN_V0.1UIR-ADR_410,1
10506190065,1,2.0,2019-02-03,0,215,2,0,0,2,1,8,511,0,0,0,1000,2,3,1,4,5,1,1,1,3,3,7,1,2,0,,3,7.0,04,1.0,0.0,0.0,0.0,1.0,3.0,400,2.0,5.0,1.0,"-682576,274","-1064953,645","-682576,274","-1064953,645","-682577,102","-1064951,756",Kutn·Hora,VÌtÏzn·,,silnice1.t¯Ìdy,2,346438.0,,Souhlasn˝sesmÏrem˙seku,Pomal˝,533955.0,245704.0,GN_V0.1UIR-ADR_410,1
10506190066,1,38.0,2019-02-03,0,930,9,0,0,2,1,2,204,0,0,0,300,2,3,1,5,1,1,1,8,3,3,0,1,1,0,,3,31.0,05,1.0,0.0,1.0,0.0,1.0,3.0,300,3.0,1.0,1.0,"-683101,722","-1062647,565","-683101,722","-1062647,565","-683099,433","-1062644,971",,,,silnice1.t¯Ìdy,38,2663037.0,,Souhlasn˝sesmÏrem˙seku,Pomal˝,531197.0,,GN_V0.1UIR-ADR_410,2
10506190067,2,339.0,2019-02-03,0,1215,9,0,0,2,1,2,204,0,0,0,4500,2,8,1,5,1,1,1,1,0,0,0,1,1,0,,3,39.0,15,3.0,1.0,1.0,0.0,1.0,1.0,4500,3.0,1.0,1.0,"-682701,98","-1076293,451","-682701,98","-1076293,451","-682702,239","-1076293,091",,,,silnice2.t¯Ìdy,339,2016339.0,,OpaËn˝kesmÏru˙seku,Pomal˝,571741.0,,GN_V0.1UIR-ADR_410,2
10606190001,2,273.0,2019-01-01,2,1835,3,0,1,2,1,9,510,0,0,0,750,2,3,1,1,6,1,1,1,3,3,0,1,1,0,,3,35.0,05,1.0,0.0,1.0,0.0,1.0,1.0,700,2.0,5.0,1.0,,,"-731068,002","-1012098,376","-731067,309","-1012100,975",,,,silnice2.t¯Ìdy,273,978947.0,,OpaËn˝kesmÏru˙seku,Pomal˝,531898.0,,GN_V0.1UIR-ADR_410,2
10606190002,2,608.0,2019-01-01,2,2000,3,0,1,2,1,9,510,0,0,0,300,2,3,1,4,6,1,1,1,0,0,0,1,1,0,,3,39.0,03,1.0,1.0,1.0,0.0,1.0,1.0,300,3.0,5.0,1.0,,,"-745479,646","-1023650,771","-745477,87","-1023649,507",,,,silnice2.t¯Ìdy,608,1349161.0,,Souhlasn˝sesmÏrem˙seku,Pomal˝,535389.0,,GN_V0.1UIR-ADR_410,2
10606190003,2,101.0,2019-01-02,3,1013,1,2,0,2,1,2,504,0,0,0,1000,2,3,1,1,1,1,1,1,0,0,0,1,2,0,,3,26.0,16,1.0,0.0,1.0,0.0,1.0,1.0,600,2.0,1.0,1.0,,,"-742643,649","-1019500,305","-742643,505","-1019501,751",Vojkovice,II/101,,silnice2.t¯Ìdy,101,982229.0,,OpaËn˝kesmÏru˙seku,Pomal˝,535290.0,,GN_V0.1UIR-ADR_410,1
10606190004,1,9.0,2019-01-02,3,1620,3,0,4,2,1,0,204,0,0,0,200,2,6,1,6,2,1,1,1,3,3,0,3,1,0,,17,,XX,,,,,,,0,,,,,,"-733508,622","-1002619,946","-733498,134","-1002624,869",,,,silnice1.t¯Ìdy,9,2011363.0,,OpaËn˝kesmÏru˙seku,Pomal˝,529583.0,,GN_V0.1UIR-ADR_410,2
10606190005,1,16.0,2019-01-02,3,1700,5,0,0,2,4,0,100,0,0,0,500,2,3,1,4,6,1,1,1,3,3,0,1,1,0,,3,39.0,15,3.0,0.0,1.0,0.0,1.0,3.0,500,3.0,1.0,1.0,,,"-749042,314","-1020360,422","-749042,302","-1020360,361",,,,silnice1.t¯Ìdy,16,1022349.0,,OpaËn˝kesmÏru˙seku,Pomal˝,535079.0,,GN_V0.1UIR-ADR_410,2