IDENTIFIKA»NÕ »ÕSLO,DRUH POZEMNÕ KOMUNIKACE,»ÕSLO POZEMNÕ KOMUNIKACE,"den, mÏsÌc, rok",,Ëas ,DRUH NEHODY,DRUH SR¡éKY JEDOUCÕCH VOZIDEL,DRUH PEVN… PÿEK¡éKY,CHARAKTER NEHODY,ZAVINÃNÕ NEHODY,ALKOHOL U VINÕKA NEHODY PÿÕTOMEN,HLAVNÕ PÿÕ»INY NEHODY,usmrceno osob,tÏûce zranÏno osob,lehce zranÏno osob,CELKOV¡ HMOTN¡ äKODA,DRUH POVRCHU VOZOVKY,STAV POVRCHU VOZOVKY V DOBÃ NEHODY,STAV KOMUNIKACE,POVÃTRNOSTNÕ PODMÕNKY V DOBÃ NEHODY,VIDITELNOST,ROZHLEDOV… POMÃRY,DÃLENÕ KOMUNIKACE,SITUOV¡NÕ NEHODY NA KOMUNIKACI,ÿÕZENÕ PROVOZU V DOBÃ NEHODY,MÕSTNÕ ⁄PRAVA PÿEDNOSTI V JÕZDÃ,SPECIFICK¡ MÕSTA A OBJEKTY V MÕSTÃ NEHODY,SMÃROV… POMÃRY,PO»ET Z⁄»ASTNÃN›CH VOZIDEL,MÕSTO DOPRAVNÕ NEHODY,DRUH KÿIéUJÕCÕ KOMUNIKACE,DRUH VOZIDLA,V›ROBNÕ ZNA»KA MOTOROV…HO VOZIDLA,ROK V›ROBY VOZIDLA,CHARAKTERISTIKA VOZIDLA ,SMYK,VOZIDLO PO NEHODÃ,"⁄NIK PROVOZNÕCH, PÿEPRAVOVAN›CH HMOT",ZPŸSOB VYPROäTÃNÕ OSOB Z VOZIDLA,SMÃR JÕZDY NEBO POSTAVENÕ VOZIDLA,äKODA NA VOZIDLE,KATEGORIE ÿIDI»E,STAV ÿIDI»E,VNÃJäÕ OVLIVNÃNÕ ÿIDI»E,nan.1,nan.2,nan.3,nan.4,nan.5,nan.6,nan.7,nan.8,nan.9,nan.10,nan.11,nan.12,nan.13,nan.14,nan.15,nan.16,nan.17,nan.18,LOKALITA NEHODY
10606190006,6,,2019-01-02,3,2236,4,0,0,1,1,2,204,1,0,0,300,2,6,1,6,4,1,1,1,0,0,0,1,1,0,,3,4.0,07,1.0,1.0,1.0,0.0,1.0,5.0,300,3.0,1.0,1.0,,,"-734429,846","-1015091,736","-734427,45","-1015090,582",MÏlnÌk,Praûsk·,,mÌstnÌkomunikace,,1381361.0,,OpaËn˝kesmÏru˙seku,Pomal˝,534676.0,281212.0,GN_V0.1UIR-ADR_410,1
10606190007,1,16.0,2019-01-03,4,915,0,0,0,2,1,0,516,0,0,0,50,2,3,1,5,3,1,1,1,0,0,0,1,2,0,,17,,XX,,,,,,,0,,,,,,"-741533,889","-1014899,161","-741534,039","-1014898,004",,,,silnice1.t¯Ìdy,16,201933.0,,Souhlasn˝sesmÏrem˙seku,Pomal˝,535028.0,,GN_V0.1UIR-ADR_410,2
10606190008,6,,2019-01-03,4,1115,3,0,2,2,1,2,204,0,0,0,190,2,6,1,5,3,1,1,1,3,3,0,1,1,0,,8,99.0,10,3.0,1.0,1.0,0.0,1.0,5.0,150,4.0,1.0,1.0,"-727914,944","-1003805,278","-727871,824","-1003780,484","-727871,798","-1003780,826",äEMANOVICE,,,mÌstnÌkomunikace,,976877.0,,Souhlasn˝sesmÏrem˙seku,Pomal˝,534901.0,,GN_V0.1UIR-ADR_410,1
10606190009,2,331.0,2019-01-03,4,1710,3,0,1,2,1,2,204,0,0,0,275,2,6,1,1,6,1,1,8,0,0,0,3,1,0,,3,39.0,02,1.0,1.0,0.0,0.0,1.0,1.0,250,2.0,1.0,1.0,,,"-724238,609","-1031132,679","-724236,518","-1031131,424",,,,silnice2.t¯Ìdy,331,236687.0,,OpaËn˝kesmÏru˙seku,Pomal˝,534986.0,,GN_V0.1UIR-ADR_410,2
10606190010,2,101.0,2019-01-03,4,2018,3,0,2,2,1,2,204,0,0,0,120,2,6,1,5,5,1,1,1,3,3,0,7,1,19,6.0,3,39.0,18,3.0,1.0,1.0,0.0,1.0,31.0,80,2.0,1.0,1.0,,,"-748291,825","-1024928,802","-748292,474","-1024928,207",KralupynadVltavou,MostnÌ,,silnice2.t¯Ìdy,101,223605.0,,OpaËn˝kesmÏru˙seku,Pomal˝,534951.0,278831.0,GN_V0.1UIR-ADR_410,1
10606190011,3,2731.0,2019-01-04,5,1230,5,0,0,2,4,0,100,0,0,0,60,2,3,1,1,1,1,1,1,0,0,0,1,1,0,,3,23.0,03,1.0,0.0,1.0,0.0,1.0,1.0,50,4.0,1.0,1.0,,,"-730263,734","-1015914,227","-730263,745","-1015914,156",Velk˝Borek,MÏlnick·Vrutice,,silnice3.t¯Ìdy,2731,204438.0,,Souhlasn˝sesmÏrem˙seku,Pomal˝,535265.0,,GN_V0.1UIR-ADR_410,1
10606190012,1,16.0,2019-01-04,5,1345,1,1,0,2,1,0,508,0,0,0,1500,2,3,1,1,1,1,1,1,3,5,0,1,2,0,,17,,XX,,,,,,,0,,,,,,"-742991,798","-1015451,644","-742991,027","-1015452,492",,,,silnice1.t¯Ìdy,16,834549.0,,OpaËn˝kesmÏru˙seku,Pomal˝,535192.0,,GN_V0.1UIR-ADR_410,2
10606190013,3,10158.0,2019-01-01,2,2560,3,0,6,2,1,0,508,0,0,0,500,2,1,1,1,1,1,1,1,3,3,0,2,1,0,,17,,XX,,,,,,,0,,,,,,"-724567,351","-1026853,904","-724567,038","-1026853,732",D¯Ìsy,HlavnÌ,,silnice3.t¯Ìdy,10158,1225262.0,,Souhlasn˝sesmÏrem˙seku,Pomal˝,534781.0,,GN_V0.1UIR-ADR_410,1
10606190014,1,9.0,2019-01-06,0,1915,5,0,0,2,4,0,100,0,0,0,250,2,1,1,1,6,1,1,1,3,3,0,1,1,0,,3,7.0,09,1.0,0.0,1.0,0.0,1.0,3.0,250,2.0,1.0,1.0,,,"-733729,484","-1003917,024","-733727,177","-1003918,331",,,,silnice1.t¯Ìdy,9,1348248.0,,OpaËn˝kesmÏru˙seku,Pomal˝,529583.0,,GN_V0.1UIR-ADR_410,2
10606190015,2,101.0,2019-01-06,0,2200,1,3,0,2,1,2,508,0,0,0,1300,2,1,1,1,4,1,1,1,3,3,0,5,2,19,6.0,3,39.0,18,1.0,0.0,1.0,0.0,1.0,31.0,600,2.0,1.0,1.0,,,"-734261,003","-1023174,681","-734260,32","-1023174,421",Libiö,MÏlnick·,,silnice2.t¯Ìdy,101,219171.0,,Souhlasn˝sesmÏrem˙seku,Pomal˝,571784.0,280097.0,GN_V0.1UIR-ADR_410,1
10606190016,3,10148.0,2019-01-07,1,1435,1,1,0,2,1,2,508,0,0,0,300,2,3,1,1,1,1,1,1,3,5,0,1,2,0,,3,39.0,98,1.0,0.0,1.0,0.0,1.0,12.0,100,2.0,1.0,1.0,,,"-750422,596","-1025570,183","-750422,256","-1025571,562",KralupynadVltavou,VR˘ûovÈm˙dolÌ,,silnice3.t¯Ìdy,10148,833401.0,,OpaËn˝kesmÏru˙seku,Pomal˝,534951.0,279609.0,GN_V0.1UIR-ADR_410,1
10606190017,3,24621.0,2019-01-08,2,530,1,1,0,2,1,2,403,0,0,0,600,2,3,1,4,4,1,1,1,3,3,0,4,2,19,6.0,3,39.0,00,1.0,0.0,1.0,0.0,1.0,24.0,100,2.0,1.0,1.0,,,"-739997,801","-1005499,541","-739997,158","-1005500,04",HornÌPoËaply,,,silnice3.t¯Ìdy,24621,977218.0,,Souhlasn˝sesmÏrem˙seku,Pomal˝,534790.0,,GN_V0.1UIR-ADR_410,1
10606190018,2,101.0,2019-01-08,2,725,4,0,0,2,1,2,502,0,0,0,300,2,3,1,1,2,1,1,1,0,0,0,2,1,0,,5,48.0,05,3.0,0.0,1.0,0.0,1.0,1.0,300,2.0,1.0,1.0,,,"-727114,562","-1031342,286","-727112,11","-1031341,112",,,,silnice2.t¯Ìdy,101,987743.0,,Souhlasn˝sesmÏrem˙seku,Pomal˝,535362.0,,GN_V0.1UIR-ADR_410,2
10606190019,6,,2019-01-02,3,2560,2,0,0,2,1,0,516,0,0,0,160,2,3,1,1,1,1,1,3,0,0,0,1,2,0,,17,,XX,,,,,,,0,,,,,,"-745798,54","-1025042,135","-745798,604","-1025042,171",ChvatÏruby,,,mÌstnÌkomunikace,,984917.0,,OpaËn˝kesmÏru˙seku,Pomal˝,534846.0,,GN_V0.1UIR-ADR_410,1
10606190020,2,273.0,2019-01-09,3,1950,3,0,1,2,1,2,510,0,0,0,810,2,3,1,1,6,1,1,8,0,0,0,1,1,0,,8,19.0,18,3.0,0.0,0.0,0.0,1.0,1.0,800,4.0,1.0,1.0,"-731449,64","-1012299,087","-731477,668","-1012252,733","-731478,389","-1012251,062",,,,silnice2.t¯Ìdy,273,979028.0,,OpaËn˝kesmÏru˙seku,Pomal˝,535338.0,,GN_V0.1UIR-ADR_410,2
10606190021,1,9.0,2019-01-10,4,330,5,0,0,2,4,0,100,0,0,0,280,2,3,1,1,6,1,1,1,0,0,0,1,1,0,,3,47.0,10,1.0,0.0,1.0,0.0,1.0,3.0,250,2.0,1.0,1.0,,,"-734960,985","-1011190,057","-734959,266","-1011189,682",,,,silnice1.t¯Ìdy,09,2795352.0,,Souhlasn˝sesmÏrem˙seku,Pomal˝,534676.0,,GN_V0.1UIR-ADR_410,2
10606190022,6,,2019-01-09,3,2560,2,0,0,2,1,0,508,0,0,0,200,2,1,1,1,1,1,1,1,3,3,10,1,2,0,,17,,XX,,,,,,,0,,,,,,"-733758,653","-1025181,361","-733759,06","-1025181,753",Neratovice,,,mÌstnÌkomunikace,,224259.0,,Souhlasn˝sesmÏrem˙seku,Pomal˝,535087.0,,GN_V0.1UIR-ADR_410,1
10606190023,1,16.0,2019-01-10,4,1320,3,0,1,2,1,2,510,0,0,0,810,2,1,1,1,1,1,1,1,0,0,0,1,1,0,,5,12.0,08,1.0,1.0,1.0,0.0,1.0,1.0,800,2.0,1.0,1.0,,,"-724753,908","-1018756,745","-724756,048","-1018754,685",,,,silnice1.t¯Ìdy,16,1488786.0,,OpaËn˝kesmÏru˙seku,Pomal˝,534722.0,,GN_V0.1UIR-ADR_410,2
10606190024,3,27318.0,2019-01-10,4,1745,5,0,0,2,4,0,100,0,0,0,210,2,3,1,1,4,1,1,1,0,0,0,1,1,0,,3,39.0,11,1.0,0.0,1.0,0.0,1.0,1.0,200,3.0,1.0,1.0,,,"-723918,385","-1009506,016","-723920,128","-1009495,536",,,,silnice3.t¯Ìdy,27318,978198.0,,Souhlasn˝sesmÏrem˙seku,Pomal˝,534838.0,,GN_V0.1UIR-ADR_410,2
10606190025,3,24636.0,2019-01-10,4,2245,5,0,0,2,4,0,100,0,0,0,90,2,1,1,1,4,1,1,1,0,0,0,1,1,0,,3,12.0,03,1.0,1.0,1.0,0.0,1.0,1.0,90,2.0,1.0,1.0,,,"-738677,485","-1011275,406","-738677,997","-1011274,594",,,,silnice3.t¯Ìdy,24636,1267120.0,,Souhlasn˝sesmÏrem˙seku,Pomal˝,534765.0,,GN_V0.1UIR-ADR_410,2
10606190026,3,810.0,2019-01-11,5,1605,9,0,0,2,1,2,204,0,0,0,850,2,5,1,5,3,1,1,1,0,0,0,1,1,0,,3,39.0,07,1.0,1.0,1.0,0.0,1.0,3.0,700,2.0,1.0,1.0,,,"-742785,852","-1023795,233","-742788,808","-1023792,296",,,,silnice3.t¯Ìdy,00810,3410080.0,,OpaËn˝kesmÏru˙seku,Pomal˝,535257.0,,GN_V0.1UIR-ADR_410,2
10606190027,2,608.0,2019-01-11,5,1610,1,2,0,2,1,2,508,0,0,0,500,2,5,1,1,1,1,1,1,3,5,0,1,2,0,,3,47.0,98,1.0,0.0,1.0,0.0,1.0,1.0,200,2.0,1.0,1.0,,,"-743870,264","-1025701,035","-743870,021","-1025700,395",,,,silnice2.t¯Ìdy,608,225694.0,,OpaËn˝kesmÏru˙seku,Pomal˝,571792.0,,GN_V0.1UIR-ADR_410,2
10606190028,6,,2019-01-11,5,2560,2,0,0,2,1,0,502,0,0,0,100,2,3,1,1,1,3,1,1,0,0,0,3,2,0,,17,,XX,,,,,,,0,,,,,,"-734025,639","-1015429,268","-734026,075","-1015429,047",MÏlnÌk,SportovnÌ,,mÌstnÌkomunikace,,1876567.0,,OpaËn˝kesmÏru˙seku,Pomal˝,534676.0,282529.0,GN_V0.1UIR-ADR_410,1
10606190029,3,811.0,2019-01-12,6,1345,1,2,0,2,1,2,305,0,0,0,800,2,1,1,1,1,1,1,1,0,0,0,1,2,0,,3,17.0,11,1.0,0.0,1.0,0.0,1.0,1.0,500,2.0,1.0,1.0,,,"-746915,152","-1025071,496","-746914,881","-1025071,256",,,,silnice3.t¯Ìdy,00811,3114500.0,,Souhlasn˝sesmÏrem˙seku,Pomal˝,534951.0,279455.0,GN_V0.1UIR-ADR_410,2
10606190030,3,24418.0,2019-01-12,6,1730,3,0,9,2,1,0,508,0,0,0,100,2,3,1,1,4,1,1,1,0,0,0,2,1,0,,17,,XX,,,,,,,0,,,,,,"-724934,092","-1030345,854","-724934,1","-1030346,569",Borek,,,silnice3.t¯Ìdy,24418,987382.0,,OpaËn˝kesmÏru˙seku,Pomal˝,534684.0,,GN_V0.1UIR-ADR_410,1
10606190031,2,261.0,2019-01-13,0,455,9,0,0,2,1,2,204,0,0,0,600,2,3,1,4,6,1,1,8,0,0,0,1,1,0,,3,39.0,12,1.0,0.0,1.0,0.0,1.0,1.0,600,2.0,1.0,1.0,,,"-737098,206","-1006540,598","-737101,188","-1006542,953",,,,silnice2.t¯Ìdy,261,3278438.0,,OpaËn˝kesmÏru˙seku,Pomal˝,535001.0,,GN_V0.1UIR-ADR_410,2
10606190032,2,101.0,2019-01-11,5,2560,3,0,2,2,1,0,508,0,0,0,200,2,1,1,1,1,1,1,8,0,0,0,1,1,0,,17,,XX,,,,,,,0,,,,,,"-734790,176","-1021236,821","-734790,162","-1021236,807",,,,silnice2.t¯Ìdy,101,3271926.0,,Souhlasn˝sesmÏrem˙seku,Pomal˝,535133.0,850373.0,GN_V0.1UIR-ADR_410,2
10606190033,1,16.0,2019-01-14,1,1350,1,2,0,2,1,0,516,0,0,0,300,2,1,1,1,1,1,1,1,0,0,0,1,2,0,,17,,XX,,,,,,,0,,,,,,"-743898,612","-1015871,909","-743896,905","-1015877,882",,,,silnice1.t¯Ìdy,16,1259044.0,,OpaËn˝kesmÏru˙seku,Pomal˝,535303.0,,GN_V0.1UIR-ADR_410,2
10606190034,1,9.0,2019-01-14,1,1700,0,0,0,2,1,2,516,0,0,0,3500,2,1,1,1,2,1,1,1,0,0,0,1,1,0,,7,48.0,17,3.0,0.0,1.0,0.0,1.0,3.0,2000,3.0,1.0,1.0,,,"-734959,992","-1025065,739","-734962,513","-1025065,422",Neratovice,Praûsk·,,silnice1.t¯Ìdy,9,1572321.0,,OpaËn˝kesmÏru˙seku,Pomal˝,535087.0,284459.0,GN_V0.1UIR-ADR_410,1
10606190035,2,273.0,2019-01-14,1,1730,5,0,0,2,4,0,100,0,0,0,250,2,3,1,1,6,1,1,1,0,0,0,2,1,0,,3,39.0,18,3.0,0.0,1.0,0.0,1.0,1.0,200,2.0,1.0,1.0,,,"-719353,013","-1004008,597","-719355,716","-1004003,717",,,,silnice2.t¯Ìdy,273,2011283.0,,Souhlasn˝sesmÏrem˙seku,Pomal˝,531677.0,,GN_V0.1UIR-ADR_410,2
10606190036,2,261.0,2019-01-16,3,2203,5,0,0,2,4,0,100,0,0,0,110,2,1,1,1,6,1,1,1,0,0,0,1,1,0,,3,4.0,99,1.0,0.0,1.0,0.0,1.0,1.0,100,3.0,1.0,1.0,,,"-736887,895","-1006844,767","-736894,07","-1006848,878",,,,silnice2.t¯Ìdy,261,3278438.0,,OpaËn˝kesmÏru˙seku,Pomal˝,535001.0,,GN_V0.1UIR-ADR_410,2
10606190037,2,331.0,2019-01-17,4,715,5,0,0,2,4,0,100,0,0,0,150,2,3,1,1,6,1,1,1,0,0,0,1,1,0,,3,39.0,17,1.0,0.0,1.0,0.0,1.0,3.0,100,2.0,1.0,1.0,,,"-724358,404","-1030016,451","-724360,505","-1030016,48",,,,silnice2.t¯Ìdy,331,3231182.0,,OpaËn˝kesmÏru˙seku,Pomal˝,534986.0,,GN_V0.1UIR-ADR_410,2
10606190038,3,24635.0,2019-01-17,4,900,3,0,4,2,1,2,508,0,0,0,1050,2,1,1,1,1,1,1,1,3,3,0,1,1,0,,3,2.0,16,1.0,0.0,1.0,0.0,1.0,3.0,1000,3.0,1.0,1.0,,,"-736627,646","-1016489,019","-736626,482","-1016489,953",,,,silnice3.t¯Ìdy,24635,2012604.0,,Souhlasn˝sesmÏrem˙seku,Pomal˝,534803.0,,GN_V0.1UIR-ADR_410,2
10606190039,2,331.0,2019-01-17,4,2010,5,0,0,2,4,0,100,0,0,0,550,2,1,1,1,6,1,1,1,3,5,0,1,1,0,,3,47.0,13,1.0,0.0,1.0,0.0,1.0,1.0,500,3.0,1.0,1.0,,,"-727476,958","-1026264,143","-727470,011","-1026249,172",,,,silnice2.t¯Ìdy,331,2011034.0,,Souhlasn˝sesmÏrem˙seku,Pomal˝,535141.0,,GN_V0.1UIR-ADR_410,2
10606190040,6,,2019-01-18,5,1600,5,0,0,2,4,0,100,0,0,0,150,2,1,1,1,1,1,1,1,3,3,0,1,1,0,,5,23.0,08,3.0,0.0,1.0,0.0,1.0,5.0,150,3.0,1.0,1.0,,,"-734418,489","-1012457,943","-734420,091","-1012456,254",,,,mÌstnÌkomunikace,,2011195.0,,Souhlasn˝sesmÏrem˙seku,Pomal˝,534676.0,281450.0,GN_V0.1UIR-ADR_410,2
10606190041,1,16.0,2019-01-19,6,1540,1,2,0,2,1,2,508,0,0,0,500,2,1,1,1,1,1,1,1,0,0,0,1,2,0,,3,39.0,17,3.0,0.0,1.0,0.0,1.0,1.0,200,3.0,1.0,1.0,,,"-728312,97","-1019228,797","-728309,618","-1019223,894",,,,silnice1.t¯Ìdy,16,2012575.0,,OpaËn˝kesmÏru˙seku,Pomal˝,531502.0,,GN_V0.1UIR-ADR_410,2
10606190042,2,261.0,2019-01-19,6,1655,5,0,0,2,4,0,100,0,0,0,200,2,1,1,1,2,1,1,1,3,3,0,1,1,0,,3,32.0,10,1.0,0.0,1.0,0.0,1.0,1.0,200,2.0,1.0,1.0,,,"-737375,69","-1006275,131","-737377,17","-1006276,75",,,,silnice2.t¯Ìdy,261,3278438.0,,OpaËn˝kesmÏru˙seku,Pomal˝,535001.0,,GN_V0.1UIR-ADR_410,2
10606190043,2,244.0,2019-01-20,0,905,5,0,0,2,4,0,100,0,0,0,400,2,3,1,1,1,1,1,1,3,3,0,1,1,0,,3,39.0,08,1.0,0.0,1.0,0.0,1.0,3.0,400,2.0,1.0,1.0,,,"-728310,592","-1026971,328","-728310,112","-1026971,255",,,,silnice2.t¯Ìdy,244,228520.0,,OpaËn˝kesmÏru˙seku,Pomal˝,534935.0,,GN_V0.1UIR-ADR_410,2
10606190044,6,,2019-01-22,2,1842,3,0,6,2,1,6,203,0,0,0,70,2,1,1,1,6,2,1,1,0,0,0,2,1,0,,3,25.0,10,1.0,0.0,1.0,0.0,1.0,5.0,50,7.0,4.0,1.0,,,"-729566,195","-1015700,8","-729566,195","-1015701,451",MÃLNICK¡VRUTICE,,,mÌstnÌkomunikace,,203715.0,,OpaËn˝kesmÏru˙seku,Pomal˝,535265.0,,GN_V0.1UIR-ADR_410,1
10606190045,1,9.0,2019-01-23,3,1055,1,2,0,2,1,2,501,0,0,0,1900,2,1,1,1,1,1,1,1,3,3,0,3,2,0,,5,32.0,12,3.0,0.0,1.0,0.0,1.0,3.0,800,3.0,1.0,1.0,,,"-734682,894","-1006259,985","-734683,746","-1006259,866",éelÌzy,,,silnice1.t¯Ìdy,9,179401.0,,Souhlasn˝sesmÏrem˙seku,Pomal˝,535397.0,,GN_V0.1UIR-ADR_410,1
10606190046,1,16.0,2019-01-23,3,1320,1,2,0,2,1,0,508,0,0,0,800,2,1,1,1,1,1,1,1,3,5,0,1,2,0,,17,,XX,,,,,,,0,,,,,,"-742091,541","-1014947,348","-742091,61","-1014946,572",,,,silnice1.t¯Ìdy,16,1876483.0,,OpaËn˝kesmÏru˙seku,Pomal˝,535303.0,,GN_V0.1UIR-ADR_410,2
10606190047,6,,2019-01-23,3,2560,2,0,0,2,1,0,508,0,0,0,500,2,1,1,1,4,1,1,1,3,3,0,1,2,0,,17,,XX,,,,,,,0,,,,,,"-743007,769","-1015116,135","-743008,01","-1015116,194",Spomyöl,,,mÌstnÌkomunikace,,1224668.0,,OpaËn˝kesmÏru˙seku,Pomal˝,535192.0,,GN_V0.1UIR-ADR_410,1
10606190048,2,331.0,2019-01-24,4,840,1,2,0,2,1,2,403,0,0,0,900,2,3,1,1,1,1,1,1,3,3,0,4,2,19,3.0,3,39.0,01,1.0,0.0,1.0,0.0,1.0,24.0,400,2.0,1.0,1.0,"-732562,11","-1019589,884","-732550,251","-1019593,657","-732550,698","-1019593,787",Kly,,,silnice2.t¯Ìdy,331,982314.0,,OpaËn˝kesmÏru˙seku,Pomal˝,534897.0,,GN_V0.1UIR-ADR_410,1
10606190049,3,27314.0,2019-01-24,4,1850,5,0,0,2,4,0,100,0,0,0,350,2,3,1,1,6,1,1,1,0,0,0,1,1,0,,3,47.0,05,1.0,0.0,1.0,0.0,1.0,1.0,300,2.0,1.0,1.0,,,"-728538,523","-1015240,115","-728540,208","-1015238,375",,,,silnice3.t¯Ìdy,27314,2793988.0,,Souhlasn˝sesmÏrem˙seku,Pomal˝,535265.0,,GN_V0.1UIR-ADR_410,2
10606190050,6,,2019-01-24,4,2035,2,0,0,2,1,2,508,0,0,0,20,2,1,1,1,4,1,0,2,0,0,0,1,2,0,,5,12.0,01,1.0,0.0,1.0,0.0,1.0,5.0,10,2.0,1.0,1.0,,,"-734578,836","-1014398,373","-734578,143","-1014397,784",MÏlnÌk,NadPivovarem,,mÌstnÌkomunikace,,741784.0,,Souhlasn˝sesmÏrem˙seku,Pomal˝,534676.0,281905.0,GN_V0.1UIR-ADR_410,1
10606190051,6,,2019-01-01,2,2560,2,0,0,2,1,0,508,0,0,0,200,0,0,12,1,1,1,0,0,0,0,0,1,2,0,,17,,XX,,,,,,,0,,,,,,,,,,NEZJIäTÃNO,,,,,,,,,,,,1
10606190052,3,24635.0,2019-01-26,6,850,3,0,1,2,1,2,510,0,0,0,600,2,8,1,5,3,1,1,8,0,0,0,2,1,0,,3,8.0,14,1.0,0.0,0.0,0.0,1.0,1.0,600,2.0,1.0,1.0,"-743032,967","-1017112,585","-743032,967","-1017112,585","-743032,73","-1017111,921",,,,silnice3.t¯Ìdy,24635,2794303.0,,OpaËn˝kesmÏru˙seku,Pomal˝,535303.0,,GN_V0.1UIR-ADR_410,2
10606190053,3,96.0,2019-01-26,6,2115,4,0,0,2,1,2,508,0,0,0,1,2,3,1,3,4,1,1,1,0,0,0,1,1,0,,3,32.0,03,1.0,0.0,1.0,0.0,1.0,1.0,0,2.0,1.0,1.0,"-733348,97","-1025666,129","-733321,305","-1025684,212","-733321,432","-1025684,142",Neratovice,Kojetick·,,silnice3.t¯Ìdy,0096,225337.0,,OpaËn˝kesmÏru˙seku,Pomal˝,535087.0,283941.0,GN_V0.1UIR-ADR_410,1
10606190054,2,331.0,2019-01-27,0,1830,1,1,0,1,1,2,501,0,0,3,3000,2,3,1,1,6,1,1,1,3,3,0,3,2,0,,3,16.0,17,1.0,0.0,1.0,0.0,1.0,1.0,2000,2.0,1.0,1.0,,,"-731418,355","-1021824,843","-731414,2","-1021824,824",,,,silnice2.t¯Ìdy,331,2012577.0,,Souhlasn˝sesmÏrem˙seku,Pomal˝,531561.0,,GN_V0.1UIR-ADR_410,2
10606190055,3,24423.0,2019-01-28,1,555,3,0,6,2,1,2,204,0,0,0,100,2,6,1,6,6,1,1,8,0,0,0,1,1,0,,3,35.0,99,1.0,1.0,1.0,0.0,1.0,3.0,100,2.0,1.0,1.0,,,"-727408,284","-1021065,981","-727407,662","-1021066,216",,,,silnice3.t¯Ìdy,24423,1356589.0,,OpaËn˝kesmÏru˙seku,Pomal˝,534749.0,,GN_V0.1UIR-ADR_410,2
10606190056,1,16.0,2019-01-28,1,950,9,0,0,2,1,2,508,0,0,0,1000,2,3,1,1,1,1,1,1,3,5,0,3,1,0,,3,31.0,13,1.0,0.0,1.0,0.0,1.0,1.0,1000,2.0,1.0,1.0,,,"-747387,016","-1017750,655","-747386,468","-1017753,678",,,,silnice1.t¯Ìdy,16,2002607.0,,OpaËn˝kesmÏru˙seku,Pomal˝,535117.0,,GN_V0.1UIR-ADR_410,2
10606190057,1,16.0,2019-01-27,0,1735,5,0,0,2,4,0,100,0,0,0,50,2,3,1,1,6,1,1,1,0,0,0,1,1,0,,3,13.0,99,1.0,0.0,1.0,0.0,1.0,3.0,50,2.0,1.0,1.0,,,"-724042,652","-1018020,105","-724043,199","-1018019,522",,,,silnice1.t¯Ìdy,16,2878096.0,,OpaËn˝kesmÏru˙seku,Pomal˝,534722.0,,GN_V0.1UIR-ADR_410,2
10606190058,6,,2019-01-28,1,1445,1,4,0,2,1,0,508,0,0,0,200,2,1,1,1,1,1,1,1,3,3,1,1,2,0,,3,26.0,17,1.0,0.0,1.0,0.0,1.0,5.0,0,9.0,,,,,"-734793,094","-1014624,208","-734793,013","-1014624,33",MÏlnÌk,Jir·skova,,mÌstnÌkomunikace,,201189.0,,Souhlasn˝sesmÏrem˙seku,Pomal˝,534676.0,281310.0,GN_V0.1UIR-ADR_410,1
10606190059,1,9.0,2019-01-28,1,1730,1,4,0,2,1,2,508,0,0,0,1000,2,1,1,1,4,1,1,1,0,0,2,2,2,0,,5,26.0,08,3.0,0.0,1.0,0.0,1.0,3.0,600,3.0,1.0,1.0,"-733716,107","-1015380,954","-733699,937","-1015365,862","-733699,006","-1015366,915",MÏlnÌk,Cukrovarsk·,,silnice1.t¯Ìdy,9,3510502.0,,Souhlasn˝sesmÏrem˙seku,Pomal˝,534676.0,281026.0,GN_V0.1UIR-ADR_410,1
10606190060,1,9.0,2019-01-29,2,1000,5,0,0,2,4,0,100,0,0,0,800,2,1,1,1,1,1,1,1,0,0,0,3,1,0,,3,39.0,13,3.0,0.0,1.0,0.0,1.0,3.0,800,3.0,1.0,1.0,"-734987,969","-1007053,884","-734987,969","-1007053,884","-734982,738","-1007055,177",,,,silnice1.t¯Ìdy,09,3294087.0,,OpaËn˝kesmÏru˙seku,Pomal˝,535397.0,,GN_V0.1UIR-ADR_410,2
10606190061,3,25931.0,2019-01-29,2,1635,5,0,0,2,4,0,100,0,0,0,200,2,3,1,1,1,1,1,1,0,0,0,1,1,0,,3,44.0,07,1.0,0.0,1.0,0.0,1.0,1.0,200,3.0,1.0,1.0,"-727459,985","-1009395,903","-727473,718","-1009381,449","-727473,915","-1009381,246",,,,silnice3.t¯Ìdy,25931,1876140.0,,OpaËn˝kesmÏru˙seku,Pomal˝,535061.0,,GN_V0.1UIR-ADR_410,2
10606190062,2,240.0,2019-01-29,2,1650,3,0,1,2,1,2,203,0,0,0,300,2,3,1,1,1,1,1,8,0,0,0,1,1,0,,3,47.0,17,1.0,0.0,1.0,0.0,1.0,1.0,300,3.0,1.0,1.0,"-748956,878","-1027590,44","-748950,41","-1027576,426","-748950,661","-1027577,09",,,,silnice2.t¯Ìdy,240,2009434.0,,OpaËn˝kesmÏru˙seku,Pomal˝,534951.0,,GN_V0.1UIR-ADR_410,2
10606190063,1,16.0,2019-01-30,3,716,5,0,0,2,4,0,100,0,0,0,300,2,3,1,1,2,1,1,1,0,0,0,1,1,0,,5,19.0,16,3.0,0.0,1.0,0.0,1.0,3.0,300,3.0,1.0,1.0,"-724090,628","-1018060,811","-724090,628","-1018060,811","-724088,738","-1018062,659",,,,silnice1.t¯Ìdy,16,2878096.0,,Souhlasn˝sesmÏrem˙seku,Pomal˝,534722.0,,GN_V0.1UIR-ADR_410,2
10606190064,2,261.0,2019-02-01,5,1130,5,0,0,2,4,0,100,0,0,0,475,2,1,1,1,1,1,1,1,0,0,0,1,1,0,,7,19.0,04,3.0,0.0,0.0,0.0,1.0,1.0,400,3.0,1.0,1.0,"-736911,91","-1006838,571","-736911,91","-1006838,571","-736904,302","-1006833,507",,,,silnice2.t¯Ìdy,261,3278438.0,,Souhlasn˝sesmÏrem˙seku,Pomal˝,535001.0,,GN_V0.1UIR-ADR_410,2