IDENTIFIKA»NÕ »ÕSLO,DRUH POZEMNÕ KOMUNIKACE,»ÕSLO POZEMNÕ KOMUNIKACE,"den, mÏsÌc, rok",,Ëas ,DRUH NEHODY,DRUH SR¡éKY JEDOUCÕCH VOZIDEL,DRUH PEVN… PÿEK¡éKY,CHARAKTER NEHODY,ZAVINÃNÕ NEHODY,ALKOHOL U VINÕKA NEHODY PÿÕTOMEN,HLAVNÕ PÿÕ»INY NEHODY,usmrceno osob,tÏûce zranÏno osob,lehce zranÏno osob,CELKOV¡ HMOTN¡ äKODA,DRUH POVRCHU VOZOVKY,STAV POVRCHU VOZOVKY V DOBÃ NEHODY,STAV KOMUNIKACE,POVÃTRNOSTNÕ PODMÕNKY V DOBÃ NEHODY,VIDITELNOST,ROZHLEDOV… POMÃRY,DÃLENÕ KOMUNIKACE,SITUOV¡NÕ NEHODY NA KOMUNIKACI,ÿÕZENÕ PROVOZU V DOBÃ NEHODY,MÕSTNÕ ⁄PRAVA PÿEDNOSTI V JÕZDÃ,SPECIFICK¡ MÕSTA A OBJEKTY V MÕSTÃ NEHODY,SMÃROV… POMÃRY,PO»ET Z⁄»ASTNÃN›CH VOZIDEL,MÕSTO DOPRAVNÕ NEHODY,DRUH KÿIéUJÕCÕ KOMUNIKACE,DRUH VOZIDLA,V›ROBNÕ ZNA»KA MOTOROV…HO VOZIDLA,ROK V›ROBY VOZIDLA,CHARAKTERISTIKA VOZIDLA ,SMYK,VOZIDLO PO NEHODÃ,"⁄NIK PROVOZNÕCH, PÿEPRAVOVAN›CH HMOT",ZPŸSOB VYPROäTÃNÕ OSOB Z VOZIDLA,SMÃR JÕZDY NEBO POSTAVENÕ VOZIDLA,äKODA NA VOZIDLE,KATEGORIE ÿIDI»E,STAV ÿIDI»E,VNÃJäÕ OVLIVNÃNÕ ÿIDI»E,nan.1,nan.2,nan.3,nan.4,nan.5,nan.6,nan.7,nan.8,nan.9,nan.10,nan.11,nan.12,nan.13,nan.14,nan.15,nan.16,nan.17,nan.18,LOKALITA NEHODY
10606190066,1,16.0,2019-02-01,5,1715,5,0,0,2,4,0,100,0,0,0,600,2,1,1,1,2,1,1,1,0,0,0,2,1,0,,7,10.0,15,3.0,0.0,1.0,0.0,1.0,3.0,500,3.0,1.0,1.0,"-724131,259","-1018096,857","-724131,259","-1018096,857","-724126,501","-1018101,39",,,,silnice1.t¯Ìdy,16,2878098.0,,Souhlasn˝sesmÏrem˙seku,Pomal˝,534722.0,,GN_V0.1UIR-ADR_410,2
10606190067,8,,2019-02-02,6,530,2,0,0,2,1,2,502,0,0,0,500,2,1,1,1,4,6,0,1,0,0,0,1,2,0,,5,64.0,10,3.0,0.0,1.0,0.0,1.0,5.0,0,2.0,1.0,1.0,"-734087,378","-1015446,737","-734085,625","-1015477,217","-734085,626","-1015477,217",MÏlnÌk,SportovnÌ,,mÌstnÌkomunikace,,1876570.0,,,Pomal˝,534676.0,282529.0,GN_V0.1UIR-ADR_410,1
10606190069,2,101.0,2019-02-02,6,1550,3,0,2,2,1,9,204,0,0,0,550,2,3,1,1,1,1,1,1,3,3,0,7,1,19,6.0,3,7.0,98,1.0,1.0,1.0,0.0,1.0,31.0,300,2.0,5.0,1.0,,,"-748281,179","-1024927,579","-748281,494","-1024927,626",KralupynadVltavou,,,silnice2.t¯Ìdy,101,3379951.0,,Souhlasn˝sesmÏrem˙seku,Pomal˝,534951.0,,GN_V0.1UIR-ADR_410,1
10706190001,3,167.0,2019-01-01,2,2328,3,0,2,2,1,0,204,0,0,0,200,2,3,1,1,4,1,1,1,0,0,0,3,1,0,,3,39.0,00,1.0,1.0,0.0,0.0,1.0,3.0,100,9.0,,,"-701715,876","-1011987,604","-701715,876","-1011987,604","-701712,21","-1011987,182",Mlad·Boleslav,t¯ÌdaLudvÌkaKalmyaVolkhardaKˆhlera,,mÌstnÌkomunikace,0167h,3450869.0,,OpaËn˝kesmÏru˙seku,Pomal˝,535419.0,291323.0,GN_V0.1UIR-ADR_410,1
10706190002,0,10.0,2019-01-02,3,1250,3,0,3,2,1,2,508,0,0,0,650,2,3,1,1,1,1,1,1,0,0,0,3,1,0,,3,48.0,04,1.0,0.0,1.0,0.0,1.0,1.0,500,2.0,1.0,1.0,"-705206,438","-1015124,159","-705206,438","-1015124,159","-705196,472","-1015113,221",,,,silnice1.t¯Ìdy,D10,3350640.0,,Souhlasn˝sesmÏrem˙seku,Pomal˝,536351.0,,GN_V0.1UIR-ADR_410,2
10706190003,6,,2019-01-02,3,2045,1,2,0,2,1,9,516,0,0,0,150,1,6,1,6,4,1,1,1,0,0,0,1,2,0,,3,16.0,97,1.0,0.0,1.0,0.0,1.0,5.0,50,2.0,5.0,1.0,"-703286,029","-1009453,518","-703286,029","-1009453,518","-703286,111","-1009453,647",Mlad·Boleslav,17.listopadu,,mÌstnÌkomunikace,,3294256.0,,Souhlasn˝sesmÏrem˙seku,Pomal˝,535419.0,292397.0,GN_V0.1UIR-ADR_410,1
10706190004,6,,2019-01-02,3,2150,3,0,1,2,1,2,204,0,0,0,510,2,6,2,6,7,1,1,8,3,5,0,5,1,10,7.0,3,26.0,13,3.0,1.0,1.0,0.0,1.0,5.0,500,2.0,1.0,1.0,"-703529,015","-1007911,256","-703529,015","-1007911,256","-703527,38","-1007912,731",Bradlec,SportovnÌ,,mÌstnÌkomunikace,,3567501.0,,Souhlasn˝sesmÏrem˙seku,Pomal˝,570788.0,707538.0,GN_V0.1UIR-ADR_410,1
10706190005,2,610.0,2019-01-03,4,915,3,0,9,2,1,2,204,0,0,0,800,2,6,1,5,3,1,1,8,0,0,0,3,1,0,,5,26.0,02,1.0,1.0,1.0,0.0,1.0,3.0,400,2.0,1.0,1.0,"-692955,719","-998271,222","-692955,719","-998271,222","-692953,899","-998295,887",B¯ezina,,,silnice2.t¯Ìdy,610,2876082.0,,OpaËn˝kesmÏru˙seku,Pomal˝,535567.0,,GN_V0.1UIR-ADR_410,1
10706190006,1,16.0,2019-01-03,4,1005,1,2,0,1,1,2,403,0,0,1,1800,2,5,1,5,1,1,1,1,3,3,0,4,2,19,3.0,3,35.0,07,1.0,0.0,1.0,0.0,1.0,24.0,500,3.0,1.0,1.0,"-713529,385","-1017813,464","-713553,556","-1017791,979","-713552,93","-1017792,582",,,,silnice1.t¯Ìdy,16,3294273.0,,Souhlasn˝sesmÏrem˙seku,Pomal˝,571156.0,,GN_V0.1UIR-ADR_410,2
10706190007,0,10.0,2019-01-03,4,1040,3,0,4,2,1,2,204,0,0,0,800,2,5,1,1,1,1,3,8,0,0,0,1,1,0,,3,39.0,18,3.0,1.0,1.0,0.0,1.0,3.0,700,2.0,1.0,1.0,,,"-700890,964","-1010527,351","-700891,282","-1010527,293",,,,silnice1.t¯Ìdy,D10,1267602.0,,Souhlasn˝sesmÏrem˙seku,Pomal˝,570826.0,,GN_V0.1UIR-ADR_410,2
10706190008,6,,2019-01-03,4,1140,3,0,6,2,1,2,204,0,0,0,1600,2,6,1,1,1,1,1,1,0,0,0,3,1,0,,3,39.0,18,3.0,0.0,1.0,0.0,1.0,5.0,1200,2.0,1.0,1.0,,,"-702916,285","-1009407,974","-702916,608","-1009402,647",Mlad·Boleslav,HavlÌËkova,,mÌstnÌkomunikace,,3383903.0,,Souhlasn˝sesmÏrem˙seku,Pomal˝,535419.0,291471.0,GN_V0.1UIR-ADR_410,1
10706190009,6,,2019-01-03,4,950,3,0,2,2,1,2,204,0,0,0,500,2,5,1,1,1,1,1,1,0,0,0,1,1,0,,3,47.0,11,1.0,0.0,1.0,0.0,1.0,5.0,400,2.0,1.0,1.0,,,"-700842,977","-1009804,541","-700844,145","-1009805,182",Kosmonosy,Pr˘myslov·,,mÌstnÌkomunikace,,3523079.0,,,Pomal˝,570826.0,,GN_V0.1UIR-ADR_410,1
10706190010,6,,2019-01-03,4,950,3,0,9,2,1,2,516,0,0,0,40,2,5,1,1,1,1,1,8,0,0,0,1,1,0,,7,40.0,12,3.0,0.0,1.0,0.0,1.0,5.0,0,9.0,,,"-700344,755","-1013003,982","-700344,755","-1013003,982","-700343,59","-1012994,669",ÿepov,,,mÌstnÌkomunikace,,979343.0,,OpaËn˝kesmÏru˙seku,Pomal˝,536580.0,,GN_V0.1UIR-ADR_410,1
10706190011,6,,2019-01-03,4,1125,3,0,9,2,1,2,204,0,0,0,150,2,5,1,1,1,1,1,8,0,0,0,1,1,0,,6,19.0,12,3.0,1.0,1.0,0.0,1.0,5.0,0,4.0,1.0,1.0,"-696486,508","-1000721,233","-696486,508","-1000721,233","-696487,098","-1000726,877",MnichovoHradiötÏ,HrnËÌ¯sk·,,mÌstnÌkomunikace,,1540227.0,,Souhlasn˝sesmÏrem˙seku,Pomal˝,536326.0,292974.0,GN_V0.1UIR-ADR_410,1
10706190012,6,,2019-01-03,4,1135,3,0,6,2,1,2,504,0,0,0,200,1,6,1,1,1,1,1,8,0,0,0,1,1,0,,6,19.0,12,3.0,0.0,1.0,0.0,1.0,5.0,0,4.0,1.0,1.0,"-696486,508","-1000721,233","-696486,508","-1000721,233","-696487,098","-1000726,877",MnichovoHradiötÏ,HRN»Ì¯sk·,,mÌstnÌkomunikace,,1540227.0,,Souhlasn˝sesmÏrem˙seku,Pomal˝,536326.0,,GN_V0.1UIR-ADR_410,1
10706190013,3,24426.0,2019-01-03,4,1250,1,2,0,2,1,0,502,0,0,0,10,2,6,1,1,1,1,1,1,0,0,0,1,2,0,,8,59.0,06,3.0,0.0,1.0,0.0,1.0,1.0,0,9.0,,,,,"-715241,479","-1023121,576","-715241,337","-1023121,129",,,,silnice3.t¯Ìdy,24426,2010454.0,,Souhlasn˝sesmÏrem˙seku,Pomal˝,529591.0,,GN_V0.1UIR-ADR_410,2
10706190014,6,,2019-01-03,4,1500,3,0,6,2,1,2,204,0,0,0,550,2,5,1,1,1,1,1,1,0,0,0,1,1,0,,9,0.0,05,1.0,0.0,1.0,0.0,1.0,5.0,50,2.0,1.0,1.0,,,"-701189,213","-1003232,083","-701188,267","-1003232,602",Nov·VesuBakova,,,mÌstnÌkomunikace,,976779.0,,Souhlasn˝sesmÏrem˙seku,Pomal˝,571806.0,,GN_V0.1UIR-ADR_410,1
10706190015,6,,2019-01-03,4,1605,3,0,9,2,1,2,205,0,0,0,350,2,6,1,1,1,1,1,1,0,0,0,3,1,0,,3,39.0,18,3.0,1.0,1.0,0.0,1.0,5.0,300,2.0,1.0,1.0,,,"-706602,131","-1016083,733","-706605,489","-1016079,908",PÌskov·Lhota,,,mÌstnÌkomunikace,,1539841.0,,OpaËn˝kesmÏru˙seku,Pomal˝,536440.0,,GN_V0.1UIR-ADR_410,1
10706190016,0,10.0,2019-01-03,4,1625,1,2,0,2,1,2,204,0,0,0,2200,2,6,1,1,2,1,3,1,0,0,0,1,2,0,,7,62.0,13,3.0,0.0,1.0,0.0,1.0,3.0,400,3.0,1.0,1.0,,,"-717804,317","-1029167,712","-717805,146","-1029166,752",,,,silnice1.t¯Ìdy,D10,3068790.0,,Souhlasn˝sesmÏrem˙seku,Pomal˝,557030.0,,GN_V0.1UIR-ADR_410,2
10706190017,1,16.0,2019-01-03,4,1803,9,0,0,1,1,2,204,0,0,1,600,2,5,1,1,6,1,1,8,0,0,0,2,1,0,,3,47.0,01,1.0,1.0,1.0,0.0,1.0,3.0,600,2.0,1.0,1.0,"-696573,2","-1012117,349","-696573,2","-1012117,349","-696574,776","-1012115,087",,,,silnice1.t¯Ìdy,16,195073.0,,OpaËn˝kesmÏru˙seku,Pomal˝,536997.0,,GN_V0.1UIR-ADR_410,2
10706190018,0,10.0,2019-01-03,4,1815,3,0,3,2,1,2,204,0,0,0,400,2,5,1,1,6,1,1,1,0,0,0,1,1,0,,3,7.0,96,1.0,0.0,1.0,0.0,1.0,1.0,100,2.0,1.0,1.0,,,"-719053,388","-1030229,649","-719053,939","-1030228,991",,,,silnice1.t¯Ìdy,D10,3513688.0,,Souhlasn˝sesmÏrem˙seku,Pomal˝,557030.0,,GN_V0.1UIR-ADR_410,2
10706190019,0,10.0,2019-01-03,4,1830,3,0,9,2,1,2,204,0,0,0,1000,2,6,1,1,6,1,3,1,0,0,0,1,1,0,,3,31.0,07,1.0,1.0,1.0,0.0,1.0,1.0,800,2.0,1.0,1.0,,,"-718636,38","-1029881,911","-718637,552","-1029880,51",,,,silnice1.t¯Ìdy,D10,3513688.0,,Souhlasn˝sesmÏrem˙seku,Pomal˝,557030.0,,GN_V0.1UIR-ADR_410,2
10706190020,2,610.0,2019-01-03,4,1830,1,2,0,2,1,9,403,0,0,0,300,2,3,1,1,4,1,1,1,3,3,0,5,2,19,6.0,3,99.0,07,9.0,0.0,1.0,0.0,1.0,31.0,100,2.0,5.0,1.0,"-696573,2","-1012117,349","-697212,525","-1000293,731","-697212,52","-1000293,786",MnichovoHradiötÏ,Turnovsk·,,silnice2.t¯Ìdy,610,812775.0,,OpaËn˝kesmÏru˙seku,Pomal˝,536326.0,293431.0,GN_V0.1UIR-ADR_410,1
10706190021,1,16.0,2019-01-03,4,2150,1,1,0,1,1,2,304,0,0,2,600,2,3,1,1,6,1,1,1,0,0,0,1,2,0,,3,47.0,02,1.0,0.0,1.0,1.0,1.0,1.0,300,2.0,1.0,1.0,"-715373,106","-1017852,414","-715373,106","-1017852,414","-715377,098","-1017859,68",,,,silnice1.t¯Ìdy,16,3294252.0,,Souhlasn˝sesmÏrem˙seku,Pomal˝,536181.0,,GN_V0.1UIR-ADR_410,2
10706190022,0,10.0,2019-01-03,4,2205,5,0,0,2,4,0,100,0,0,0,400,2,3,1,1,6,1,3,1,0,0,0,1,1,0,,3,39.0,08,1.0,0.0,1.0,0.0,1.0,3.0,300,2.0,1.0,1.0,,,"-698849,526","-1004986,275","-698844,819","-1004990,493",,,,silnice1.t¯Ìdy,D10,1482935.0,,Souhlasn˝sesmÏrem˙seku,Pomal˝,535427.0,,GN_V0.1UIR-ADR_410,2
10706190023,0,10.0,2019-01-03,4,2350,3,0,4,1,1,2,204,0,0,1,1100,2,6,1,1,6,1,3,1,0,0,0,1,1,0,,3,47.0,08,1.0,0.0,1.0,0.0,1.0,1.0,800,2.0,1.0,1.0,,,"-715787,156","-1027897,707","-715787,002","-1027898,025",,,,silnice1.t¯Ìdy,D10,2577818.0,,Souhlasn˝sesmÏrem˙seku,Pomal˝,536491.0,,GN_V0.1UIR-ADR_410,2
10706190024,0,10.0,2019-01-04,5,555,1,2,0,2,1,2,204,0,0,0,100,2,6,1,1,6,1,3,1,0,0,0,1,2,0,,3,13.0,18,3.0,1.0,1.0,0.0,1.0,1.0,80,4.0,1.0,1.0,,,"-715839,564","-1027923,1","-715839,721","-1027922,749",,,,silnice1.t¯Ìdy,D10,710251.0,,Souhlasn˝sesmÏrem˙seku,Pomal˝,570982.0,,GN_V0.1UIR-ADR_410,2
10706190025,6,,2019-01-04,5,720,1,2,0,1,1,2,204,0,0,4,1400,2,6,1,1,6,1,1,1,3,3,0,3,2,0,,3,16.0,01,1.0,1.0,1.0,0.0,1.0,5.0,700,2.0,1.0,1.0,"-721500,688","-1032290,073","-721500,688","-1032290,073","-721500,441","-1032290,027",,,,mÌstnÌkomunikace,,1356821.0,,OpaËn˝kesmÏru˙seku,Pomal˝,557030.0,,GN_V0.1UIR-ADR_410,2
10706190026,6,,2019-01-03,4,1000,3,0,3,2,1,0,204,0,0,0,120,2,6,1,6,1,1,0,8,0,0,0,1,1,0,,3,39.0,13,1.0,1.0,1.0,0.0,1.0,5.0,100,2.0,1.0,1.0,"-701767,266","-1010031,43","-701767,266","-1010031,43","-701769,042","-1010027,603",Kosmonosy,,,mÌstnÌkomunikace,,1789341.0,,Souhlasn˝sesmÏrem˙seku,Pomal˝,570826.0,,GN_V0.1UIR-ADR_410,1
10706190027,2,272.0,2019-01-04,5,1300,0,0,0,2,1,0,516,0,0,0,500,2,3,1,1,1,1,1,1,0,0,0,1,2,0,,17,,XX,,,,,,,0,,,,"-710909,69","-1025887,149","-710909,69","-1025887,149","-710907,409","-1025886,898",,,,silnice2.t¯Ìdy,272,2851341.0,,Souhlasn˝sesmÏrem˙seku,Pomal˝,535451.0,,GN_V0.1UIR-ADR_410,2
10706190028,0,10.0,2019-01-05,6,50,3,0,9,2,1,9,204,0,0,0,1600,2,3,1,3,6,1,3,8,0,0,0,1,1,0,,5,7.0,18,3.0,1.0,1.0,0.0,1.0,1.0,1500,3.0,5.0,1.0,"-717599,135","-1029000,694","-717599,135","-1029000,694","-717597,444","-1029002,643",,,,silnice1.t¯Ìdy,D10,3068789.0,,Souhlasn˝sesmÏrem˙seku,Pomal˝,557030.0,,GN_V0.1UIR-ADR_410,2
10706190029,0,10.0,2019-01-05,6,1850,1,3,0,1,1,2,411,0,0,1,1250,2,3,1,1,6,1,6,1,0,0,0,1,2,0,,5,32.0,17,3.0,0.0,1.0,0.0,1.0,1.0,300,2.0,1.0,1.0,"-718222,739","-1029539,936","-718222,739","-1029539,936","-718224,525","-1029537,823",,,,silnice1.t¯Ìdy,D10,3068789.0,,Souhlasn˝sesmÏrem˙seku,Pomal˝,557030.0,,GN_V0.1UIR-ADR_410,2
10706190030,6,,2019-01-05,6,2030,3,0,1,2,1,2,508,0,0,0,350,2,3,1,1,4,1,1,1,3,3,0,5,1,10,6.0,3,2.0,03,1.0,0.0,1.0,0.0,1.0,5.0,200,2.0,1.0,1.0,,,"-702982,588","-1009947,424","-702982,674","-1009947,563",Mlad·Boleslav,JanaPalacha,,mÌstnÌkomunikace,,2877778.0,,OpaËn˝kesmÏru˙seku,Pomal˝,535419.0,291331.0,GN_V0.1UIR-ADR_410,1
10706190031,3,27511.0,2019-01-06,0,610,5,0,0,2,4,0,100,0,0,0,400,2,3,1,1,6,1,1,1,0,0,0,1,1,0,,3,39.0,08,1.0,0.0,1.0,0.0,1.0,3.0,300,2.0,1.0,1.0,"-700432,907","-1018203,872","-700418,403","-1018200,112","-700417,421","-1018200,157",,,,silnice3.t¯Ìdy,27511,3461582.0,,Souhlasn˝sesmÏrem˙seku,Pomal˝,535672.0,289493.0,GN_V0.1UIR-ADR_410,2
10706190032,0,10.0,2019-01-06,0,1525,1,4,0,1,1,2,411,0,0,3,800,2,1,1,1,1,1,3,1,0,0,0,1,2,0,,3,39.0,13,1.0,0.0,1.0,0.0,1.0,3.0,600,2.0,1.0,1.0,"-699102,233","-1005292,645","-699102,233","-1005292,645","-699110,065","-1005285,109",,,,silnice1.t¯Ìdy,D10,3456466.0,,Souhlasn˝sesmÏrem˙seku,Pomal˝,535427.0,,GN_V0.1UIR-ADR_410,2
10706190033,6,,2019-01-07,1,703,2,0,0,2,1,2,209,0,0,0,600,2,1,1,1,4,1,1,1,0,0,0,1,2,0,,3,4.0,93,1.0,0.0,1.0,0.0,1.0,5.0,100,3.0,1.0,1.0,"-703046,654","-1010505,111","-703046,654","-1010505,111","-703051,243","-1010502,229",Mlad·Boleslav,PalackÈho,,mÌstnÌkomunikace,,709817.0,,Souhlasn˝sesmÏrem˙seku,Pomal˝,535419.0,292150.0,GN_V0.1UIR-ADR_410,1
10706190034,2,280.0,2019-01-07,1,650,5,0,0,2,4,0,100,0,0,0,110,2,1,1,1,4,1,1,1,0,0,0,1,1,0,,3,39.0,,3.0,0.0,1.0,0.0,1.0,1.0,100,2.0,1.0,1.0,,,"-690742,352","-1015469,855","-690741,48","-1015468,967",,,,silnice2.t¯Ìdy,280,1882367.0,,Souhlasn˝sesmÏrem˙seku,Pomal˝,535745.0,,GN_V0.1UIR-ADR_410,2
10706190035,6,,2019-01-07,1,1260,2,0,0,2,1,0,508,0,0,0,250,1,1,1,1,1,1,1,8,0,0,0,1,2,0,,17,,XX,,,,,,,0,,,,"-702492,697","-1011596,816","-702492,697","-1011596,816","-702492,13","-1011597,107",Mlad·Boleslav,ätef·nikova,,mÌstnÌkomunikace,,2877946.0,,OpaËn˝kesmÏru˙seku,Pomal˝,535419.0,292729.0,GN_V0.1UIR-ADR_410,1
10706190036,0,10.0,2019-01-07,1,1745,1,2,0,2,1,2,411,0,0,0,400,2,3,1,1,6,1,3,1,0,0,0,1,2,0,,3,13.0,12,9.0,0.0,1.0,0.0,1.0,1.0,100,2.0,1.0,1.0,"-696797,362","-1001427,222","-696797,362","-1001427,222","-696800,104","-1001425,099",,,,silnice1.t¯Ìdy,D10,3529068.0,,Souhlasn˝sesmÏrem˙seku,Pomal˝,536326.0,,GN_V0.1UIR-ADR_410,2
10706190037,2,280.0,2019-01-08,2,1030,9,0,0,2,1,2,205,0,0,0,400,2,3,1,1,1,1,1,1,0,0,0,3,1,0,,3,35.0,05,1.0,1.0,0.0,0.0,1.0,1.0,400,2.0,1.0,1.0,"-693398,517","-1014257,998","-693398,517","-1014257,998","-693404,778","-1014264,98",,,,silnice2.t¯Ìdy,280,1577152.0,,OpaËn˝kesmÏru˙seku,Pomal˝,536431.0,,GN_V0.1UIR-ADR_410,2
10706190038,0,10.0,2019-01-08,2,2350,3,0,9,2,1,2,204,0,0,0,900,2,3,1,1,6,1,1,1,0,0,0,1,1,0,,5,47.0,13,3.0,0.0,1.0,0.0,1.0,3.0,800,2.0,1.0,1.0,"-721247,539","-1032065,552","-721247,539","-1032065,552","-721245,148","-1032067,76",,,,silnice1.t¯Ìdy,D10,238357.0,,Souhlasn˝sesmÏrem˙seku,Pomal˝,557030.0,,GN_V0.1UIR-ADR_410,2
10706190039,0,10.0,2019-01-09,3,500,0,0,0,2,7,0,615,0,0,0,300,2,3,1,4,7,1,1,1,0,0,0,1,2,0,,3,39.0,08,1.0,0.0,0.0,0.0,1.0,3.0,300,2.0,1.0,1.0,"-706229,602","-1016477,415","-706229,602","-1016477,415","-706229,62","-1016477,401",,,,silnice1.t¯Ìdy,D10,3068810.0,,Souhlasn˝sesmÏrem˙seku,Pomal˝,536440.0,,GN_V0.1UIR-ADR_410,2
10706190040,0,10.0,2019-01-09,3,502,0,0,0,2,7,0,615,0,0,0,50,2,3,1,4,7,1,1,1,0,0,0,1,2,0,,3,31.0,95,1.0,0.0,0.0,0.0,1.0,3.0,50,3.0,1.0,1.0,"-706229,602","-1016477,415","-706229,602","-1016477,415","-706229,62","-1016477,401",,,,silnice1.t¯Ìdy,D10,3068810.0,,Souhlasn˝sesmÏrem˙seku,Pomal˝,536440.0,,GN_V0.1UIR-ADR_410,2
10706190041,0,10.0,2019-01-09,3,500,0,0,0,2,7,0,615,0,0,0,300,2,3,1,4,7,1,1,1,0,0,0,1,2,0,,3,17.0,18,1.0,0.0,1.0,0.0,1.0,3.0,300,2.0,1.0,1.0,"-706229,602","-1016477,415","-706229,602","-1016477,415","-706229,62","-1016477,401",,,,silnice1.t¯Ìdy,D10,3068810.0,,Souhlasn˝sesmÏrem˙seku,Pomal˝,536440.0,,GN_V0.1UIR-ADR_410,2
10706190042,0,10.0,2019-01-09,3,505,0,0,0,2,7,0,615,0,0,0,600,2,3,1,4,7,1,1,1,0,0,0,1,2,0,,3,39.0,18,3.0,0.0,1.0,0.0,1.0,3.0,600,3.0,1.0,1.0,"-706229,602","-1016477,415","-706229,602","-1016477,415","-706229,62","-1016477,401",,,,silnice1.t¯Ìdy,D10,3068810.0,,Souhlasn˝sesmÏrem˙seku,Pomal˝,536440.0,,GN_V0.1UIR-ADR_410,2
10706190043,3,2764.0,2019-01-09,3,820,9,0,0,2,1,2,204,0,0,0,300,2,5,1,5,1,1,1,1,0,0,0,2,1,0,,3,47.0,09,1.0,1.0,1.0,1.0,1.0,1.0,300,2.0,1.0,1.0,"-703529,095","-1003955,315","-703529,095","-1003955,315","-703531,482","-1003954,496",,,,silnice3.t¯Ìdy,2764,2874649.0,,Souhlasn˝sesmÏrem˙seku,Pomal˝,535486.0,,GN_V0.1UIR-ADR_410,2
10706190044,6,,2019-01-08,2,860,2,0,0,2,1,0,502,0,0,0,50,1,3,1,5,1,1,0,1,0,0,0,1,2,0,,17,,XX,,,,,,,0,,,,"-703983,127","-1011924,837","-703989,019","-1011898,053","-703988,059","-1011898,719",Mlad·Boleslav,StaromÏstskÈn·mÏstÌ,,mÌstnÌkomunikace,,709911.0,,Souhlasn˝sesmÏrem˙seku,Pomal˝,535419.0,292435.0,GN_V0.1UIR-ADR_410,1
10706190045,6,,2019-01-09,3,1230,1,1,0,2,1,2,404,0,0,0,750,2,3,1,5,1,1,1,1,3,5,0,5,3,10,6.0,3,39.0,18,1.0,0.0,1.0,0.0,1.0,5.0,200,2.0,1.0,1.0,"-702582,383","-1012239,328","-702582,383","-1012239,328","-702578,559","-1012223,551",Mlad·Boleslav,äafa¯Ìkova,,mÌstnÌkomunikace,,194910.0,,OpaËn˝kesmÏru˙seku,Pomal˝,535419.0,292460.0,GN_V0.1UIR-ADR_410,1
10706190046,1,38.0,2019-01-09,3,1510,5,0,0,2,4,0,100,0,0,0,60,2,3,1,5,1,1,1,1,0,0,0,1,2,0,,7,62.0,17,3.0,0.0,1.0,0.0,1.0,3.0,50,3.0,1.0,1.0,"-707688,623","-1003390,727","-707688,623","-1003390,727","-707687,55","-1003384,82",,,,silnice1.t¯Ìdy,38,1358303.0,,Souhlasn˝sesmÏrem˙seku,Pomal˝,535630.0,,GN_V0.1UIR-ADR_410,2
10706190047,0,10.0,2019-01-10,4,1010,3,0,3,2,1,2,204,0,0,0,300,2,3,1,1,1,1,1,1,0,0,0,3,1,0,,3,47.0,00,1.0,1.0,1.0,0.0,1.0,1.0,300,3.0,1.0,1.0,"-704458,239","-1014699,242","-704458,239","-1014699,242","-704457,946","-1014699,267",,,,silnice1.t¯Ìdy,D10,1602469.0,,Souhlasn˝sesmÏrem˙seku,Pomal˝,535419.0,,GN_V0.1UIR-ADR_410,2
10706190048,6,,2019-01-10,4,950,3,0,3,2,1,2,504,0,0,0,350,2,3,1,1,1,1,1,1,0,0,0,1,1,0,,3,39.0,18,3.0,0.0,1.0,0.0,1.0,5.0,300,2.0,1.0,1.0,"-702648,728","-1010664,189","-702648,728","-1010664,189","-702648,728","-1010669,273",Mlad·Boleslav,t¯.V·clavaKlementa,,mÌstnÌkomunikace,,1940440.0,,,Pomal˝,535419.0,292591.0,GN_V0.1UIR-ADR_410,1
10706190049,2,268.0,2019-01-10,4,1515,1,4,0,1,1,2,508,0,0,1,2100,2,3,1,1,1,1,1,1,0,0,0,1,3,0,,3,35.0,12,1.0,0.0,1.0,0.0,1.0,1.0,800,2.0,1.0,1.0,"-692404,079","-1005748,623","-692404,079","-1005748,623","-692401,367","-1005746,317",,,,silnice2.t¯Ìdy,268,2874755.0,,Souhlasn˝sesmÏrem˙seku,Pomal˝,536041.0,,GN_V0.1UIR-ADR_410,2
10706190050,3,2764.0,2019-01-10,4,1750,1,2,0,2,1,0,204,0,0,0,600,2,3,1,1,4,1,1,1,0,0,0,1,2,0,,3,39.0,02,1.0,0.0,1.0,0.0,1.0,1.0,100,2.0,0.0,1.0,"-701446,502","-1003825,816","-701446,502","-1003825,816","-701446,306","-1003824,663",BakovnadJizerou,,,silnice3.t¯Ìdy,2764,173066.0,,OpaËn˝kesmÏru˙seku,Pomal˝,535427.0,,GN_V0.1UIR-ADR_410,1
10706190051,1,38.0,2019-01-11,5,25,1,4,0,2,1,2,503,0,0,0,1700,2,3,1,2,6,1,1,1,0,0,0,1,2,0,,7,48.0,04,3.0,0.0,1.0,0.0,1.0,3.0,0,3.0,1.0,1.0,"-704175,646","-1018132,827","-704175,646","-1018132,827","-704170,129","-1018131,841",,,,silnice1.t¯Ìdy,38,2661998.0,,Souhlasn˝sesmÏrem˙seku,Pomal˝,535672.0,,GN_V0.1UIR-ADR_410,2
10706190052,6,,2019-01-10,4,2560,2,0,0,2,1,0,516,0,0,0,100,2,6,1,1,4,1,1,0,0,0,0,1,2,0,,17,,XX,,,,,,,0,,,,"-701550,294","-1010262,901","-701550,294","-1010262,901","-701548,616","-1010260,425",Kosmonosy,Pr˘myslov·,,mÌstnÌkomunikace,,3314460.0,,Souhlasn˝sesmÏrem˙seku,Pomal˝,570826.0,,GN_V0.1UIR-ADR_410,1