IDENTIFIKA»NÕ »ÕSLO,DRUH POZEMNÕ KOMUNIKACE,»ÕSLO POZEMNÕ KOMUNIKACE,"den, mÏsÌc, rok",,Ëas ,DRUH NEHODY,DRUH SR¡éKY JEDOUCÕCH VOZIDEL,DRUH PEVN… PÿEK¡éKY,CHARAKTER NEHODY,ZAVINÃNÕ NEHODY,ALKOHOL U VINÕKA NEHODY PÿÕTOMEN,HLAVNÕ PÿÕ»INY NEHODY,usmrceno osob,tÏûce zranÏno osob,lehce zranÏno osob,CELKOV¡ HMOTN¡ äKODA,DRUH POVRCHU VOZOVKY,STAV POVRCHU VOZOVKY V DOBÃ NEHODY,STAV KOMUNIKACE,POVÃTRNOSTNÕ PODMÕNKY V DOBÃ NEHODY,VIDITELNOST,ROZHLEDOV… POMÃRY,DÃLENÕ KOMUNIKACE,SITUOV¡NÕ NEHODY NA KOMUNIKACI,ÿÕZENÕ PROVOZU V DOBÃ NEHODY,MÕSTNÕ ⁄PRAVA PÿEDNOSTI V JÕZDÃ,SPECIFICK¡ MÕSTA A OBJEKTY V MÕSTÃ NEHODY,SMÃROV… POMÃRY,PO»ET Z⁄»ASTNÃN›CH VOZIDEL,MÕSTO DOPRAVNÕ NEHODY,DRUH KÿIéUJÕCÕ KOMUNIKACE,DRUH VOZIDLA,V›ROBNÕ ZNA»KA MOTOROV…HO VOZIDLA,ROK V›ROBY VOZIDLA,CHARAKTERISTIKA VOZIDLA ,SMYK,VOZIDLO PO NEHODÃ,"⁄NIK PROVOZNÕCH, PÿEPRAVOVAN›CH HMOT",ZPŸSOB VYPROäTÃNÕ OSOB Z VOZIDLA,SMÃR JÕZDY NEBO POSTAVENÕ VOZIDLA,äKODA NA VOZIDLE,KATEGORIE ÿIDI»E,STAV ÿIDI»E,VNÃJäÕ OVLIVNÃNÕ ÿIDI»E,nan.1,nan.2,nan.3,nan.4,nan.5,nan.6,nan.7,nan.8,nan.9,nan.10,nan.11,nan.12,nan.13,nan.14,nan.15,nan.16,nan.17,nan.18,LOKALITA NEHODY
10706190053,6,,2019-01-11,5,735,1,4,0,2,1,0,516,0,0,0,350,2,1,1,1,2,1,1,1,3,4,0,1,2,0,,17,,XX,,,,,,,0,,,,"-700577,11","-1020719,753","-700577,11","-1020719,753","-700574,265","-1020717,131",Koso¯ice,,,mÌstnÌkomunikace,,1627892.0,,,Pomal˝,536121.0,,GN_V0.1UIR-ADR_410,1
10706190054,6,,2019-01-11,5,650,3,0,9,2,1,2,204,0,0,0,300,2,6,1,5,4,1,1,1,3,5,0,4,1,10,6.0,7,35.0,18,3.0,0.0,1.0,0.0,1.0,5.0,0,3.0,1.0,1.0,,,"-700104,767","-1004811,1","-700103,597","-1004812,002",BakovnadJizerou,NaV˝slunÌ,,mÌstnÌkomunikace,,1482908.0,,OpaËn˝kesmÏru˙seku,Pomal˝,535427.0,287211.0,GN_V0.1UIR-ADR_410,1
10706190055,6,,2019-01-11,5,940,1,2,0,2,1,2,403,0,0,0,900,2,5,1,1,1,1,1,1,3,3,1,4,3,10,6.0,3,39.0,,1.0,0.0,1.0,0.0,1.0,5.0,300,2.0,1.0,1.0,"-703060,756","-1010764,495","-703060,756","-1010764,495","-703055,975","-1010757,84",Mlad·Boleslav,Erbenova,,mÌstnÌkomunikace,,709840.0,,Souhlasn˝sesmÏrem˙seku,Pomal˝,535419.0,291404.0,GN_V0.1UIR-ADR_410,1
10706190056,6,,2019-01-11,5,1030,3,0,9,2,1,2,508,0,0,0,300,2,3,1,1,1,1,1,1,0,0,0,1,1,0,,5,12.0,17,3.0,0.0,1.0,0.0,1.0,5.0,200,2.0,1.0,1.0,"-703839,485","-1011359,837","-703839,485","-1011359,837","-703842,323","-1011361,694",Mlad·Boleslav,Jaselsk·,,mÌstnÌkomunikace,,192653.0,,Souhlasn˝sesmÏrem˙seku,Pomal˝,535419.0,291587.0,GN_V0.1UIR-ADR_410,1
10706190057,1,38.0,2019-01-11,5,1235,1,2,0,1,1,2,402,0,1,2,1370,2,3,1,5,1,1,1,1,3,4,0,5,4,19,1.0,3,12.0,02,1.0,0.0,1.0,0.0,1.0,13.0,550,2.0,1.0,1.0,"-704511,377","-1016433,757","-704509,504","-1016460,247","-704509,043","-1016460,148",,,,silnice1.t¯Ìdy,38,1348789.0,,Souhlasn˝sesmÏrem˙seku,Pomal˝,536351.0,,GN_V0.1UIR-ADR_410,2
10706190058,3,27221.0,2019-01-11,5,1153,1,3,0,2,1,0,502,0,0,0,50,2,5,1,5,3,1,1,1,0,0,0,1,2,0,,17,,XX,,,,,,,0,,,,"-710873,614","-1017641,912","-710873,614","-1017641,912","-710876,351","-1017636,784",,,,silnice3.t¯Ìdy,27221,981377.0,,OpaËn˝kesmÏru˙seku,Pomal˝,566039.0,,GN_V0.1UIR-ADR_410,2
10706190059,6,,2019-01-11,5,1645,1,3,0,1,1,2,405,0,0,1,1200,2,6,1,5,2,1,1,1,0,0,0,1,3,0,,3,39.0,00,1.0,0.0,1.0,0.0,1.0,5.0,100,2.0,1.0,1.0,"-702891,818","-1009852,17","-702891,818","-1009852,17","-702892,956","-1009851,41",Mlad·Boleslav,HavlÌËkova,,mÌstnÌkomunikace,,1381783.0,,Souhlasn˝sesmÏrem˙seku,Pomal˝,535419.0,291471.0,GN_V0.1UIR-ADR_410,1
10706190060,1,38.0,2019-01-11,5,1735,3,0,3,2,1,2,204,0,0,0,150,2,5,1,5,7,1,1,1,0,0,0,2,1,0,,3,39.0,97,1.0,0.0,1.0,0.0,1.0,1.0,100,4.0,1.0,1.0,"-704761,116","-1015289,349","-704761,116","-1015289,349","-704765,45","-1015290,335",,,,silnice1.t¯Ìdy,38,3289011.0,,OpaËn˝kesmÏru˙seku,Pomal˝,536351.0,,GN_V0.1UIR-ADR_410,2
10706190061,2,268.0,2019-01-11,5,2030,9,0,0,2,1,2,204,0,0,0,7900,2,6,1,5,5,1,1,1,3,3,0,1,1,0,,6,48.0,11,0.0,1.0,1.0,0.0,1.0,1.0,650,4.0,1.0,1.0,"-704893,868","-996564,121","-704893,868","-996564,121","-704892,187","-996560,149",DolnÌKrup·,,,silnice2.t¯Ìdy,268,1224173.0,,OpaËn˝kesmÏru˙seku,Pomal˝,535711.0,,GN_V0.1UIR-ADR_410,1
10706190062,2,610.0,2019-01-11,5,2030,1,3,0,2,1,2,204,0,0,0,1000,2,6,1,5,4,1,1,1,0,0,0,1,2,0,,3,26.0,10,3.0,0.0,1.0,0.0,1.0,1.0,500,3.0,1.0,1.0,"-690382,975","-996190,425","-690382,975","-996190,425","-690375,225","-996193,483",,,,silnice2.t¯Ìdy,610,975909.0,,OpaËn˝kesmÏru˙seku,Pomal˝,536971.0,,GN_V0.1UIR-ADR_410,2
10706190063,0,10.0,2019-01-12,6,15,9,0,0,2,1,2,204,0,0,0,1050,2,3,1,1,6,1,3,1,0,0,0,1,1,0,,3,39.0,,3.0,1.0,1.0,0.0,1.0,3.0,850,2.0,1.0,1.0,"-697503,163","-1002668,528","-697503,163","-1002668,528","-697507,219","-1002666,892",,,,silnice1.t¯Ìdy,D10,3068800.0,,Souhlasn˝sesmÏrem˙seku,Pomal˝,536326.0,,GN_V0.1UIR-ADR_410,2
10706190064,2,610.0,2019-01-11,5,1520,1,2,0,2,1,0,304,0,0,0,15,2,3,1,4,1,1,1,1,0,0,0,1,2,0,,17,,XX,,,,,,,0,,,,"-701370,443","-1007251,662","-701380,104","-1007243,074","-701380,03","-1007243,081",CHUDOPLESY,33,,silnice2.t¯Ìdy,610,1482861.0,,OpaËn˝kesmÏru˙seku,Pomal˝,535427.0,,GN_V0.1UIR-ADR_410,1
10706190065,6,,2019-01-12,6,1210,1,4,0,1,1,0,209,0,0,3,800,2,3,1,1,1,1,2,1,0,0,0,1,3,0,,3,35.0,99,1.0,0.0,0.0,0.0,1.0,5.0,200,0.0,0.0,1.0,"-702785,947","-1010601,034","-702785,947","-1010601,034","-702779,644","-1010591,51",Mlad·Boleslav,Ustadionu,,mÌstnÌkomunikace,,1883808.0,,Souhlasn˝sesmÏrem˙seku,Pomal˝,535419.0,292087.0,GN_V0.1UIR-ADR_410,1
10706190066,6,,2019-01-12,6,1215,3,0,6,2,1,0,505,0,0,0,100,2,3,1,1,1,1,1,1,3,3,0,4,1,10,6.0,3,35.0,99,1.0,0.0,0.0,0.0,1.0,5.0,0,0.0,0.0,1.0,"-703064,487","-1010749,201","-703064,487","-1010749,201","-703065,667","-1010751,039",Mlad·Boleslav,Erbenova,,mÌstnÌkomunikace,,709835.0,,Souhlasn˝sesmÏrem˙seku,Pomal˝,535419.0,291404.0,GN_V0.1UIR-ADR_410,1
10706190067,6,,2019-01-12,6,200,2,0,0,2,1,0,204,0,0,0,270,2,3,1,4,4,1,1,1,0,0,0,1,3,0,,3,12.0,01,9.0,1.0,1.0,0.0,1.0,5.0,50,7.0,1.0,1.0,"-701624,065","-1008791,359","-701624,065","-1008791,359","-701621,003","-1008785,643",Kosmonosy,JelÌnkova,,mÌstnÌkomunikace,,185775.0,,OpaËn˝kesmÏru˙seku,Pomal˝,570826.0,290718.0,GN_V0.1UIR-ADR_410,1
10706190068,6,,2019-01-12,6,1500,1,3,0,2,1,2,402,0,0,0,580,2,3,1,1,1,1,1,1,3,3,0,4,2,10,6.0,3,8.0,11,3.0,0.0,0.0,0.0,1.0,5.0,500,3.0,1.0,1.0,"-704676,788","-1014558,65","-704690,754","-1014562,947","-704690,637","-1014562,805",Mlad·Boleslav,,,mÌstnÌkomunikace,,201067.0,,Souhlasn˝sesmÏrem˙seku,Pomal˝,535419.0,,GN_V0.1UIR-ADR_410,1
10706190069,3,2746.0,2019-01-12,6,1855,5,0,0,2,4,0,100,0,0,0,810,2,3,1,4,7,1,1,1,0,0,0,1,1,0,,3,38.0,17,1.0,0.0,1.0,0.0,1.0,1.0,800,2.0,1.0,1.0,"-701180,328","-1018221,333","-701180,328","-1018221,333","-701178,359","-1018224,561",,,,silnice3.t¯Ìdy,2746,1755640.0,,Souhlasn˝sesmÏrem˙seku,Pomal˝,535672.0,,GN_V0.1UIR-ADR_410,2
10706190070,0,10.0,2019-01-12,6,2030,5,0,0,2,4,0,100,0,0,0,1250,2,3,1,4,7,1,3,1,0,0,0,1,1,0,,3,48.0,17,1.0,0.0,1.0,0.0,1.0,3.0,1200,2.0,1.0,1.0,"-708754,018","-1023281,737","-708754,018","-1023281,737","-708748,668","-1023284,219",,,,silnice1.t¯Ìdy,D10,3068749.0,,Souhlasn˝sesmÏrem˙seku,Pomal˝,535451.0,,GN_V0.1UIR-ADR_410,2
10706190071,6,,2019-01-13,0,230,3,0,2,2,1,0,516,0,0,0,410,2,3,1,1,4,1,1,1,0,0,0,1,1,0,,3,47.0,01,1.0,0.0,1.0,0.0,1.0,5.0,300,9.0,,,"-711294,684","-1025475,654","-711294,684","-1025475,654","-711296,631","-1025478,27",Ben·tkynadJizerou,Uäpejcharu,,mÌstnÌkomunikace,,814091.0,,OpaËn˝kesmÏru˙seku,Pomal˝,535451.0,755648.0,GN_V0.1UIR-ADR_410,1
10706190072,6,,2019-01-12,6,2560,2,0,0,2,1,0,508,0,0,0,300,2,3,1,1,1,1,1,1,0,0,0,1,2,0,,17,,XX,,,,,,,0,,,,"-702700,288","-1010365,371","-702700,288","-1010365,371","-702710,495","-1010358,414",Mlad·Boleslav,Jir·skova,,mÌstnÌkomunikace,,190154.0,,OpaËn˝kesmÏru˙seku,Pomal˝,535419.0,291609.0,GN_V0.1UIR-ADR_410,1
10706190073,6,,2019-01-13,0,607,2,0,0,2,1,0,204,0,0,0,400,2,3,1,1,4,1,1,1,0,0,0,1,2,0,,3,39.0,18,3.0,0.0,1.0,0.0,1.0,5.0,300,2.0,1.0,1.0,"-701494,244","-1010458,651","-701494,244","-1010458,651","-701492,396","-1010455,869",MLAD¡BOLESLAV,,,mÌstnÌkomunikace,,3314437.0,,OpaËn˝kesmÏru˙seku,Pomal˝,570826.0,,GN_V0.1UIR-ADR_410,1
10706190074,6,,2019-01-12,6,2560,2,0,0,2,1,0,516,0,0,0,500,2,3,1,1,1,1,1,0,0,0,0,1,2,0,,17,,XX,,,,,,,0,,,,"-703636,422","-1010746,538","-703636,422","-1010746,538","-703625,634","-1010745,394",Mlad·Boleslav,V·clavkova,,mÌstnÌkomunikace,,191194.0,,OpaËn˝kesmÏru˙seku,Pomal˝,535419.0,292672.0,GN_V0.1UIR-ADR_410,1
10706190075,6,,2019-01-12,6,2560,2,0,0,2,1,0,504,0,0,0,100,2,3,1,1,4,1,1,1,0,0,0,1,2,0,,17,,XX,,,,,,,0,,,,"-703142,771","-1010077,183","-703142,771","-1010077,183","-703144,772","-1010075,844",Mlad·Boleslav,HavlÌËkova,,mÌstnÌkomunikace,,2877766.0,,Souhlasn˝sesmÏrem˙seku,Pomal˝,535419.0,291471.0,GN_V0.1UIR-ADR_410,1
10706190076,1,38.0,2019-01-14,1,1430,1,1,0,1,1,2,405,0,0,2,1400,2,3,1,5,1,1,1,1,3,3,0,4,2,19,1.0,3,39.0,14,1.0,0.0,1.0,1.0,1.0,14.0,700,2.0,1.0,1.0,"-704517,109","-1016429,865","-704517,109","-1016429,865","-704515,595","-1016429,541",,,,silnice1.t¯Ìdy,38,3521875.0,,Souhlasn˝sesmÏrem˙seku,Pomal˝,536351.0,,GN_V0.1UIR-ADR_410,2
10706190077,2,280.0,2019-01-15,2,515,3,0,6,2,1,2,516,0,0,0,100,2,3,1,1,6,1,1,1,0,0,0,3,1,0,,3,39.0,15,1.0,0.0,1.0,0.0,1.0,3.0,100,2.0,1.0,1.0,"-692256,864","-1014497,865","-692252,85","-1014473,516","-692253,456","-1014475,52",Petkovy,,,silnice2.t¯Ìdy,280,2012570.0,,OpaËn˝kesmÏru˙seku,Pomal˝,536431.0,,GN_V0.1UIR-ADR_410,1
10706190078,1,38.0,2019-01-15,2,830,0,0,0,2,7,0,615,0,0,0,100,2,1,1,1,1,1,1,1,0,0,0,1,2,0,,17,,XX,,,,,,,0,,,,"-703553,509","-1020112,576","-703553,509","-1020112,576","-703559,642","-1020115,084",,,,silnice1.t¯Ìdy,38,2010796.0,,OpaËn˝kesmÏru˙seku,Pomal˝,536270.0,,GN_V0.1UIR-ADR_410,2
10706190079,3,27221.0,2019-01-15,2,955,3,0,6,2,1,2,204,0,0,0,400,2,5,1,1,1,1,1,1,0,0,0,3,1,0,,3,7.0,98,1.0,1.0,1.0,0.0,1.0,1.0,100,2.0,1.0,1.0,"-708186,574","-1016320,37","-708186,574","-1016320,37","-708192,835","-1016315,482",JizernÌVtelno,,,silnice3.t¯Ìdy,27221,980681.0,,Souhlasn˝sesmÏrem˙seku,Pomal˝,566039.0,,GN_V0.1UIR-ADR_410,1
10706190080,0,10.0,2019-01-15,2,1120,3,0,4,2,1,2,201,0,0,0,600,2,1,1,1,1,1,1,1,0,0,0,1,1,0,,3,2.0,01,1.0,0.0,1.0,0.0,1.0,1.0,500,2.0,1.0,1.0,"-715603,059","-1027812,796","-715603,059","-1027812,796","-715607,459","-1027805,12",,,,silnice1.t¯Ìdy,D10,2577818.0,,Souhlasn˝sesmÏrem˙seku,Pomal˝,536491.0,,GN_V0.1UIR-ADR_410,2
10706190081,6,,2019-01-15,2,1860,2,0,0,2,1,0,508,0,0,0,200,2,3,1,1,4,1,1,1,0,0,0,1,2,0,,17,,XX,,,,,,,0,,,,"-703014,104","-1009608,357","-703014,104","-1009608,357",-703015,"-1009607,796",Mlad·Boleslav,17.listopadu,,mÌstnÌkomunikace,,1381764.0,,Souhlasn˝sesmÏrem˙seku,Pomal˝,535419.0,292397.0,GN_V0.1UIR-ADR_410,1
10706190082,1,16.0,2019-01-15,2,2120,5,0,0,2,4,0,100,0,0,0,200,2,3,1,6,6,1,1,1,0,0,0,1,1,0,,3,39.0,00,3.0,0.0,1.0,0.0,1.0,1.0,100,2.0,1.0,1.0,"-711144,791","-1015804,514","-711144,791","-1015804,514","-711143,971","-1015795,137",,,,silnice1.t¯Ìdy,16,203980.0,,OpaËn˝kesmÏru˙seku,Pomal˝,535478.0,,GN_V0.1UIR-ADR_410,2
10706190083,1,16.0,2019-01-16,3,725,1,3,0,2,1,2,411,0,0,0,150,2,3,1,1,2,1,1,4,3,5,0,1,2,0,,3,2.0,09,1.0,0.0,1.0,0.0,1.0,1.0,50,2.0,1.0,1.0,"-701082,985","-1012497,666","-701073,878","-1012479,452","-701073,947","-1012479,753",Mlad·Boleslav,JiËÌnsk·,,silnice1.t¯Ìdy,16,2877977.0,,OpaËn˝kesmÏru˙seku,Pomal˝,535419.0,292583.0,GN_V0.1UIR-ADR_410,1
10706190084,6,,2019-01-14,1,2560,2,0,0,2,1,0,516,0,0,0,300,1,3,1,1,2,1,1,1,0,0,0,1,2,0,,17,,XX,,,,,,,0,,,,"-703112,073","-1011068,921","-703112,073","-1011068,921","-703110,87","-1011069,796",Mlad·Boleslav,t¯.V·clavaKlementa,,mÌstnÌkomunikace,,1940192.0,,Souhlasn˝sesmÏrem˙seku,Pomal˝,535419.0,292591.0,GN_V0.1UIR-ADR_410,1
10706190085,0,10.0,2019-01-16,3,810,1,4,0,2,1,2,411,0,0,0,800,2,3,1,1,1,1,3,1,0,0,0,1,2,0,,3,47.0,04,1.0,0.0,1.0,1.0,1.0,1.0,300,2.0,1.0,1.0,"-704569,878","-1014783,763","-704569,878","-1014783,763","-704579,395","-1014770,127",,,,silnice1.t¯Ìdy,D10,2010886.0,,Souhlasn˝sesmÏrem˙seku,Pomal˝,535419.0,,GN_V0.1UIR-ADR_410,2
10706190086,0,10.0,2019-01-16,3,910,3,0,4,2,1,2,508,0,0,0,1800,2,3,1,1,1,1,3,1,0,0,0,1,1,0,,7,19.0,12,6.0,0.0,1.0,0.0,1.0,3.0,500,3.0,1.0,1.0,"-703429,365","-1013532,228","-703429,365","-1013532,228","-703432,435","-1013528,395",,,,silnice1.t¯Ìdy,D10,3514051.0,,Souhlasn˝sesmÏrem˙seku,Pomal˝,535419.0,,GN_V0.1UIR-ADR_410,2
10706190087,0,10.0,2019-01-17,4,620,1,4,0,2,1,2,503,0,0,0,100,2,1,1,1,6,1,3,1,1,0,0,1,2,0,,3,13.0,06,1.0,0.0,1.0,0.0,1.0,3.0,50,2.0,1.0,1.0,,,"-701644,461","-1012458,826","-701643,872","-1012459,345",,,,silnice1.t¯Ìdy,D10,2577477.0,,Souhlasn˝sesmÏrem˙seku,Pomal˝,535419.0,292583.0,GN_V0.1UIR-ADR_410,2
10706190088,2,610.0,2019-01-17,4,1420,9,0,0,2,1,0,305,0,0,0,110,2,3,1,4,1,1,1,1,0,0,0,1,2,0,,5,13.0,11,3.0,0.0,1.0,0.0,1.0,1.0,0,9.0,,,"-698609,859","-1003689,015","-698609,859","-1003689,015","-698613,186","-1003687,686",,,,silnice2.t¯Ìdy,610,3265456.0,,OpaËn˝kesmÏru˙seku,Pomal˝,536326.0,,GN_V0.1UIR-ADR_410,2
10706190089,2,610.0,2019-01-17,4,1502,1,4,0,1,1,2,503,0,0,2,400,2,3,1,1,1,1,1,1,0,0,1,1,3,0,,3,7.0,99,1.0,0.0,1.0,0.0,1.0,3.0,300,2.0,1.0,1.0,"-709817,013","-1024541,047","-709817,013","-1024541,047","-709816,99","-1024541,089",Ben·tkynadJizerou,Praûsk·,,silnice2.t¯Ìdy,610,813839.0,,OpaËn˝kesmÏru˙seku,Pomal˝,535451.0,288705.0,GN_V0.1UIR-ADR_410,1
10706190090,3,27513.0,2019-01-17,4,1905,3,0,1,1,1,9,204,0,0,1,310,2,3,1,1,6,1,1,1,0,0,0,1,1,0,,3,42.0,98,1.0,1.0,1.0,0.0,1.0,1.0,300,2.0,5.0,1.0,"-700508,399","-1015005,716","-700508,399","-1015005,716","-700506,986","-1015006,513",,,,silnice3.t¯Ìdy,27513,202641.0,,OpaËn˝kesmÏru˙seku,Pomal˝,535672.0,,GN_V0.1UIR-ADR_410,2
10706190091,3,2746.0,2019-01-18,5,730,9,0,0,1,1,2,204,0,0,1,500,2,5,1,5,2,1,1,1,0,0,0,3,1,0,,5,43.0,98,3.0,1.0,1.0,0.0,1.0,3.0,500,3.0,1.0,1.0,"-703498,807","-1018748,001","-703498,807","-1018748,001","-703500,805","-1018747,72",,,,silnice3.t¯Ìdy,2746,3117639.0,,Souhlasn˝sesmÏrem˙seku,Pomal˝,535672.0,,GN_V0.1UIR-ADR_410,2
10706190092,0,10.0,2019-01-18,5,1600,5,0,0,2,4,0,100,0,0,0,400,2,1,1,1,1,1,1,1,0,0,0,1,1,0,,3,47.0,17,3.0,0.0,1.0,0.0,1.0,1.0,400,2.0,1.0,1.0,"-713946,357","-1027194,732","-713946,357","-1027194,732","-713951,84","-1027179,941",,,,silnice1.t¯Ìdy,D10,3068752.0,,Souhlasn˝sesmÏrem˙seku,Pomal˝,536491.0,,GN_V0.1UIR-ADR_410,2
10706190093,1,38.0,2019-01-18,5,1820,1,1,0,1,1,2,409,0,0,1,1650,2,3,1,1,4,1,1,1,0,0,0,1,2,0,,3,39.0,04,1.0,0.0,1.0,0.0,1.0,1.0,600,2.0,1.0,1.0,"-712417,183","-999111,241","-712417,183","-999111,241","-712415,817","-999104,087",,,,silnice1.t¯Ìdy,38,1488156.0,,Souhlasn˝sesmÏrem˙seku,Pomal˝,535443.0,,GN_V0.1UIR-ADR_410,2
10706190094,2,268.0,2019-01-18,5,2330,5,0,0,2,4,0,100,0,0,0,600,2,1,1,1,4,1,1,1,0,0,0,1,1,0,,3,38.0,00,1.0,0.0,1.0,0.0,1.0,1.0,600,3.0,1.0,1.0,"-704710,589","-996659,355","-704940,479","-996536,89","-704940,591","-996537,043",DolnÌKrup·,,,silnice2.t¯Ìdy,268,975906.0,,Souhlasn˝sesmÏrem˙seku,Pomal˝,535711.0,,GN_V0.1UIR-ADR_410,1
10706190095,3,26815.0,2019-01-18,5,2300,9,0,0,2,1,2,204,0,0,0,300,2,5,1,1,6,1,1,1,0,0,0,2,1,0,,3,35.0,03,1.0,1.0,1.0,0.0,1.0,1.0,300,2.0,1.0,1.0,"-698510,513","-999612,827","-698510,513","-999612,827","-698502,363","-999599,267",,,,silnice3.t¯Ìdy,26815,3461795.0,,OpaËn˝kesmÏru˙seku,Pomal˝,536024.0,,GN_V0.1UIR-ADR_410,2
10706190096,6,,2019-01-18,5,2560,2,0,0,2,1,0,516,0,0,0,50,2,1,1,1,1,1,1,3,0,0,0,1,2,0,,17,,XX,,,,,,,0,,,,"-697669,953","-1001378,594","-697669,953","-1001378,594","-697666,279","-1001379,269",MnichovoHradiötÏ,VÌtaNejedlÈho,,mÌstnÌkomunikace,,2877217.0,,Souhlasn˝sesmÏrem˙seku,Pomal˝,536326.0,293610.0,GN_V0.1UIR-ADR_410,1
10706190097,2,279.0,2019-01-19,6,1355,5,0,0,2,4,0,100,0,0,0,350,2,1,1,1,1,1,1,1,0,0,0,1,1,0,,3,47.0,14,3.0,0.0,1.0,0.0,1.0,1.0,300,3.0,1.0,1.0,"-688122,755","-1009369,848","-688122,755","-1009369,848","-688109,853","-1009364,973",,,,silnice2.t¯Ìdy,279,2874746.0,,Souhlasn˝sesmÏrem˙seku,Pomal˝,535702.0,,GN_V0.1UIR-ADR_410,2
10706190098,2,259.0,2019-01-20,0,900,9,0,0,2,1,8,508,0,0,0,500,2,1,1,1,1,1,1,1,0,0,0,1,1,0,,3,39.0,08,1.0,0.0,1.0,0.0,1.0,3.0,500,2.0,5.0,1.0,"-717856,035","-1007537,324","-717856,035","-1007537,324","-717850,088","-1007526,389",,,,silnice2.t¯Ìdy,259,1883049.0,,OpaËn˝kesmÏru˙seku,Pomal˝,572021.0,,GN_V0.1UIR-ADR_410,2
10706190099,3,2688.0,2019-01-20,0,1425,3,0,9,2,1,0,516,0,0,0,220,2,1,1,1,1,1,1,1,3,5,0,5,1,19,7.0,3,13.0,01,1.0,0.0,1.0,0.0,1.0,12.0,100,9.0,,,"-695926,445","-1003234,108","-695906,089","-1003195,003","-695907,435","-1003199,712",LHOTICE,,,silnice3.t¯Ìdy,2688,813593.0,,Souhlasn˝sesmÏrem˙seku,Pomal˝,536326.0,,GN_V0.1UIR-ADR_410,1
10706190100,3,27223.0,2019-01-20,0,1650,5,0,0,2,4,0,100,0,0,0,300,2,1,1,1,2,1,1,1,0,0,0,1,1,0,,3,39.0,06,1.0,0.0,1.0,0.0,1.0,3.0,200,2.0,1.0,1.0,"-709168,815","-1013892,914","-709168,815","-1013892,914","-709164,454","-1013889,158",,,,silnice3.t¯Ìdy,27223,3117864.0,,Souhlasn˝sesmÏrem˙seku,Pomal˝,536717.0,,GN_V0.1UIR-ADR_410,2
10706190102,3,2769.0,2019-01-22,2,615,6,0,0,2,4,0,100,0,0,0,300,2,1,1,1,6,1,1,1,0,0,0,1,1,0,,3,39.0,18,3.0,0.0,1.0,0.0,1.0,1.0,300,2.0,1.0,1.0,"-701160,709","-1009033,25","-701155,342","-1009030,566","-701155,207","-1009030,991",,,,silnice3.t¯Ìdy,2769,2877604.0,,OpaËn˝kesmÏru˙seku,Pomal˝,570826.0,,GN_V0.1UIR-ADR_410,2
10706190103,6,,2019-01-22,2,1040,3,0,2,2,1,2,504,0,0,0,200,2,1,1,1,1,1,0,8,0,0,0,1,1,0,,5,32.0,00,8.0,0.0,1.0,0.0,1.0,5.0,100,2.0,1.0,1.0,,,"-703404,513","-1010843,695","-703404,645","-1010843,623",Mlad·Boleslav,Nerudova,,mÌstnÌkomunikace,,709849.0,,Souhlasn˝sesmÏrem˙seku,Pomal˝,535419.0,292079.0,GN_V0.1UIR-ADR_410,1
10706190104,6,,2019-01-22,2,1225,1,2,0,2,1,2,403,0,0,0,70,2,1,1,1,1,1,1,1,3,3,2,4,2,10,6.0,3,35.0,94,1.0,0.0,1.0,0.0,1.0,5.0,20,7.0,1.0,1.0,"-703172,362","-1011699,241","-703167,273","-1011689,866","-703167,17","-1011691,691",Mlad·Boleslav,Dukelsk·,,mÌstnÌkomunikace,,193403.0,,OpaËn˝kesmÏru˙seku,Pomal˝,535419.0,291374.0,GN_V0.1UIR-ADR_410,1
10706190105,6,,2019-01-22,2,1560,2,0,0,2,1,0,508,0,0,0,300,2,1,1,1,1,1,0,0,0,0,0,1,2,0,,17,,XX,,,,,,,0,,,,"-703451,83","-1010232,998","-703451,83","-1010232,998","-703444,562","-1010221,582",Mlad·Boleslav,V·clavkova,,mÌstnÌkomunikace,,189732.0,,,Pomal˝,535419.0,292672.0,GN_V0.1UIR-ADR_410,1
10706190106,6,,2019-01-22,2,1900,4,0,0,1,1,2,412,0,0,1,500,2,1,1,1,4,1,1,1,0,0,1,1,1,0,,3,17.0,16,1.0,0.0,1.0,0.0,1.0,5.0,500,2.0,1.0,1.0,"-703043,372","-1011116,273","-703042,031","-1011106,351","-703042,043","-1011106,371",Mlad·Boleslav,t¯.LudvÌkaKalmyaVolkhardaKˆhlera,,mÌstnÌkomunikace,,758085.0,,Souhlasn˝sesmÏrem˙seku,Pomal˝,535419.0,292591.0,GN_V0.1UIR-ADR_410,1