IDENTIFIKA»NÕ »ÕSLO,DRUH POZEMNÕ KOMUNIKACE,»ÕSLO POZEMNÕ KOMUNIKACE,"den, mÏsÌc, rok",,Ëas ,DRUH NEHODY,DRUH SR¡éKY JEDOUCÕCH VOZIDEL,DRUH PEVN… PÿEK¡éKY,CHARAKTER NEHODY,ZAVINÃNÕ NEHODY,ALKOHOL U VINÕKA NEHODY PÿÕTOMEN,HLAVNÕ PÿÕ»INY NEHODY,usmrceno osob,tÏûce zranÏno osob,lehce zranÏno osob,CELKOV¡ HMOTN¡ äKODA,DRUH POVRCHU VOZOVKY,STAV POVRCHU VOZOVKY V DOBÃ NEHODY,STAV KOMUNIKACE,POVÃTRNOSTNÕ PODMÕNKY V DOBÃ NEHODY,VIDITELNOST,ROZHLEDOV… POMÃRY,DÃLENÕ KOMUNIKACE,SITUOV¡NÕ NEHODY NA KOMUNIKACI,ÿÕZENÕ PROVOZU V DOBÃ NEHODY,MÕSTNÕ ⁄PRAVA PÿEDNOSTI V JÕZDÃ,SPECIFICK¡ MÕSTA A OBJEKTY V MÕSTÃ NEHODY,SMÃROV… POMÃRY,PO»ET Z⁄»ASTNÃN›CH VOZIDEL,MÕSTO DOPRAVNÕ NEHODY,DRUH KÿIéUJÕCÕ KOMUNIKACE,DRUH VOZIDLA,V›ROBNÕ ZNA»KA MOTOROV…HO VOZIDLA,ROK V›ROBY VOZIDLA,CHARAKTERISTIKA VOZIDLA ,SMYK,VOZIDLO PO NEHODÃ,"⁄NIK PROVOZNÕCH, PÿEPRAVOVAN›CH HMOT",ZPŸSOB VYPROäTÃNÕ OSOB Z VOZIDLA,SMÃR JÕZDY NEBO POSTAVENÕ VOZIDLA,äKODA NA VOZIDLE,KATEGORIE ÿIDI»E,STAV ÿIDI»E,VNÃJäÕ OVLIVNÃNÕ ÿIDI»E,nan.1,nan.2,nan.3,nan.4,nan.5,nan.6,nan.7,nan.8,nan.9,nan.10,nan.11,nan.12,nan.13,nan.14,nan.15,nan.16,nan.17,nan.18,LOKALITA NEHODY
10706190107,1,38.0,2019-01-23,3,520,5,0,0,2,4,0,100,0,0,0,400,2,1,1,1,6,1,1,1,0,0,0,1,1,0,,7,40.0,16,3.0,0.0,1.0,0.0,1.0,3.0,300,3.0,1.0,1.0,"-711156,364","-999670,607","-711156,364","-999670,607","-711154,202","-999668,151",,,,silnice1.t¯Ìdy,38,2661975.0,,Souhlasn˝sesmÏrem˙seku,Pomal˝,535443.0,,GN_V0.1UIR-ADR_410,2
10706190108,2,280.0,2019-01-23,3,600,5,0,0,2,4,0,100,0,0,0,300,2,1,1,1,6,1,1,1,0,0,0,1,1,0,,8,99.0,09,3.0,0.0,1.0,0.0,1.0,1.0,300,4.0,1.0,1.0,"-690933,829","-1015296,212","-690933,829","-1015296,212","-690927,845","-1015289,961",,,,silnice2.t¯Ìdy,280,1882367.0,,Souhlasn˝sesmÏrem˙seku,Pomal˝,535745.0,,GN_V0.1UIR-ADR_410,2
10706190109,2,275.0,2019-01-23,3,605,1,2,0,2,1,2,501,0,0,0,60,2,1,1,1,6,1,1,1,0,0,0,1,2,0,,3,32.0,10,1.0,0.0,1.0,0.0,1.0,1.0,30,3.0,1.0,1.0,"-705768,31","-1022022,28","-705766,163","-1022011,545","-705766,277","-1022011,946",,,,silnice2.t¯Ìdy,275,2874593.0,,OpaËn˝kesmÏru˙seku,Pomal˝,536270.0,,GN_V0.1UIR-ADR_410,2
10706190110,6,,2019-01-22,2,1022,3,0,9,2,1,0,516,0,0,0,290,2,1,1,1,1,1,1,1,0,0,0,1,1,0,,17,,XX,,,,,,,0,,,,"-702929,461","-1011039,432","-702929,461","-1011039,432","-702912,687","-1011046,076",Mlad·Boleslav,t¯.V·clavaKlementa,,mÌstnÌkomunikace,,3314559.0,,Souhlasn˝sesmÏrem˙seku,Pomal˝,535419.0,292591.0,GN_V0.1UIR-ADR_410,1
10706190111,3,2767.0,2019-01-23,3,1135,3,0,9,2,1,2,501,0,0,0,700,2,1,1,1,1,1,1,8,0,0,1,1,1,0,,3,7.0,02,1.0,0.0,1.0,0.0,1.0,5.0,300,2.0,1.0,1.0,"-700469,496","-1004768,211","-700477,016","-1004763,377","-700476,834","-1004763,406",BakovnadJizerou,Boleslavsk·,,silnice3.t¯Ìdy,2767,176112.0,,OpaËn˝kesmÏru˙seku,Pomal˝,535427.0,287296.0,GN_V0.1UIR-ADR_410,1
10706190112,6,,2019-01-23,3,1240,2,0,0,2,1,2,504,0,0,0,100,2,1,1,1,1,1,1,1,0,0,0,1,2,0,,3,39.0,02,1.0,0.0,1.0,0.0,1.0,5.0,0,3.0,1.0,1.0,"-701415,529","-1012532,775","-701415,529","-1012532,775","-701409,473","-1012532,707",Mlad·Boleslav,JiËÌnsk·,,mÌstnÌkomunikace,,1940555.0,,Souhlasn˝sesmÏrem˙seku,Pomal˝,535419.0,292583.0,GN_V0.1UIR-ADR_410,1
10706190113,1,16.0,2019-01-23,3,1410,3,0,4,1,1,2,403,0,0,1,1000,2,1,1,1,1,1,1,1,3,3,0,4,2,19,1.0,3,39.0,05,1.0,0.0,1.0,0.0,1.0,21.0,300,2.0,1.0,1.0,"-705094,601","-1015022,962","-705094,601","-1015022,962","-705093,84","-1015010,811",,,,silnice1.t¯Ìdy,16,202371.0,,Souhlasn˝sesmÏrem˙seku,Pomal˝,536351.0,,GN_V0.1UIR-ADR_410,2
10706190114,6,,2019-01-23,3,1505,2,0,0,2,1,0,516,0,0,0,100,2,1,1,1,1,1,1,1,0,0,0,1,2,0,,17,,XX,,,,,,,0,,,,"-701406,304","-1010753,227","-701406,304","-1010753,227","-701410,948","-1010750,338",Mlad·Boleslav,,,mÌstnÌkomunikace,,1627204.0,,,Pomal˝,535419.0,,GN_V0.1UIR-ADR_410,1
10706190115,0,10.0,2019-01-24,4,835,5,0,0,1,4,0,100,0,0,1,300,2,1,1,1,1,1,3,1,0,0,5,1,1,0,,5,62.0,09,3.0,0.0,1.0,0.0,1.0,1.0,200,3.0,1.0,1.0,"-715709,544","-1027876,283","-715709,544","-1027876,283","-715716,044","-1027863,418",,,,silnice1.t¯Ìdy,D10,2577818.0,,Souhlasn˝sesmÏrem˙seku,Pomal˝,536491.0,,GN_V0.1UIR-ADR_410,2
10706190116,0,10.0,2019-01-01,2,2560,1,2,0,2,1,0,311,0,0,0,200,2,3,1,3,2,1,3,1,0,0,0,1,2,0,,3,39.0,18,1.0,0.0,1.0,0.0,1.0,1.0,0,9.0,,,,,"-716389,435","-1028153,334","-716387,064","-1028158,333",,,,silnice1.t¯Ìdy,D10,3513601.0,,Souhlasn˝sesmÏrem˙seku,Pomal˝,570982.0,,GN_V0.1UIR-ADR_410,2
10706190117,3,2769.0,2019-01-24,4,1440,1,2,0,2,1,2,405,0,0,0,300,2,1,1,1,1,1,1,1,3,3,2,4,2,19,6.0,3,7.0,09,1.0,0.0,1.0,0.0,1.0,13.0,200,2.0,1.0,1.0,"-701637,861","-1009035,638","-701637,861","-1009035,638","-701637,833","-1009035,569",Kosmonosy,Stakorsk·,,silnice3.t¯Ìdy,2769,3487116.0,,Souhlasn˝sesmÏrem˙seku,Pomal˝,570826.0,290963.0,GN_V0.1UIR-ADR_410,1
10706190118,8,,2019-01-24,4,1645,3,0,9,2,1,2,508,0,0,0,400,6,1,1,1,2,1,1,1,0,0,0,1,1,0,,3,39.0,03,1.0,0.0,1.0,0.0,1.0,5.0,300,2.0,1.0,1.0,"-720177,724","-1032207,595","-720177,724","-1032207,595","-720169,799","-1032216,707",,,,mÌstnÌkomunikace,,2036170.0,,,Pomal˝,557030.0,,GN_V0.1UIR-ADR_410,2
10706190119,3,2688.0,2019-01-24,4,1720,5,0,0,2,4,0,100,0,0,0,150,2,1,1,1,6,1,1,1,0,0,0,1,1,0,,3,13.0,08,1.0,0.0,1.0,0.0,1.0,3.0,100,2.0,1.0,1.0,"-697269,424","-1002831,931","-697269,424","-1002831,931","-697267,133","-1002824,415",,,,silnice3.t¯Ìdy,2688,1572701.0,,OpaËn˝kesmÏru˙seku,Pomal˝,536326.0,,GN_V0.1UIR-ADR_410,2
10706190120,6,,2019-01-24,4,2100,1,2,0,2,1,2,305,0,0,0,800,2,3,1,5,4,1,1,1,3,3,8,4,3,10,7.0,3,39.0,00,1.0,0.0,1.0,0.0,1.0,5.0,100,2.0,1.0,1.0,"-702719,561","-1010137,513","-702717,951","-1010128,925","-702716,634","-1010126,991",Mlad·Boleslav,JanaPalacha,,mÌstnÌkomunikace,,1883570.0,,Souhlasn˝sesmÏrem˙seku,Pomal˝,535419.0,291331.0,GN_V0.1UIR-ADR_410,1
10706190121,6,,2019-01-25,5,750,1,4,0,2,1,2,201,0,0,0,400,2,1,1,1,1,1,1,1,0,0,0,1,2,0,,3,32.0,06,1.0,0.0,1.0,0.0,1.0,5.0,100,2.0,1.0,1.0,"-701935,371","-1012272,419","-701935,371","-1012272,419","-701935,632","-1012273,422",Mlad·Boleslav,JiËÌnsk·,,mÌstnÌkomunikace,,709949.0,,Souhlasn˝sesmÏrem˙seku,Pomal˝,535419.0,292583.0,GN_V0.1UIR-ADR_410,1
10706190122,1,16.0,2019-01-25,5,745,1,3,0,2,1,2,403,0,0,0,100,2,1,1,1,1,1,1,1,3,3,0,5,2,19,3.0,3,39.0,15,1.0,0.0,1.0,0.0,1.0,31.0,100,3.0,1.0,1.0,"-707090,408","-1016001,278","-707090,408","-1016001,278","-707089,419","-1015993,396",Krnsko,,,silnice1.t¯Ìdy,16,2010510.0,,OpaËn˝kesmÏru˙seku,Pomal˝,536172.0,,GN_V0.1UIR-ADR_410,1
10706190123,0,10.0,2019-01-25,5,915,2,0,0,1,1,2,508,0,0,1,3500,2,1,1,1,1,1,1,1,0,0,0,1,2,0,,5,19.0,18,3.0,0.0,1.0,0.0,1.0,3.0,2000,2.0,1.0,1.0,"-693619,689","-999154,505","-693619,689","-999154,505","-693618,117","-999157,695",,,,silnice1.t¯Ìdy,D10,1348147.0,,Souhlasn˝sesmÏrem˙seku,Pomal˝,535567.0,,GN_V0.1UIR-ADR_410,2
10706190124,6,,2019-01-25,5,2560,2,0,0,2,1,0,504,0,0,0,100,2,1,1,1,1,1,0,0,0,0,0,1,2,0,,17,,XX,,,,,,,0,,,,,,"-711541,395","-1025682,309","-711533,387","-1025676,447",Ben·tkynadJizerou,PRAéSK¡,,mÌstnÌkomunikace,,2851312.0,,,Pomal˝,535451.0,,GN_V0.1UIR-ADR_410,1
10706190125,0,10.0,2019-01-25,5,1900,1,3,0,2,1,0,411,0,0,0,500,2,1,1,1,6,1,6,1,0,0,0,1,3,0,,17,,XX,,,,,,,0,,,,"-716205,594","-1028083,754","-716205,594","-1028083,754","-716207,833","-1028078,467",,,,silnice1.t¯Ìdy,D10,3513601.0,,Souhlasn˝sesmÏrem˙seku,Pomal˝,570982.0,,GN_V0.1UIR-ADR_410,2
10706190126,0,10.0,2019-01-26,6,300,3,0,4,2,1,2,508,0,0,0,1200,2,6,1,1,6,1,3,1,0,0,0,1,1,0,,3,25.0,09,1.0,0.0,1.0,0.0,1.0,1.0,800,2.0,1.0,1.0,"-710626,748","-1025502,262","-710633,972","-1025498,784","-710633,849","-1025498,927",,,,silnice1.t¯Ìdy,D10,2010816.0,,Souhlasn˝sesmÏrem˙seku,Pomal˝,535451.0,,GN_V0.1UIR-ADR_410,2
10706190127,6,,2019-01-26,6,550,1,3,0,2,1,2,409,0,0,0,600,2,5,1,5,5,1,1,1,3,3,0,5,2,10,6.0,3,39.0,18,3.0,0.0,1.0,0.0,1.0,5.0,500,2.0,1.0,1.0,,,"-704811,714","-1015573,808","-704811,612","-1015573,786",Nep¯ev·zka,,,mÌstnÌkomunikace,,2577864.0,,Souhlasn˝sesmÏrem˙seku,Pomal˝,536351.0,,GN_V0.1UIR-ADR_410,1
10706190128,0,10.0,2019-01-26,6,706,3,0,9,2,1,2,204,0,0,0,400,2,6,1,5,4,1,1,1,0,0,0,3,1,0,,3,38.0,01,1.0,1.0,0.0,0.0,1.0,1.0,200,2.0,1.0,1.0,"-701425,674","-1012218,976","-701458,975","-1012213,604","-701458,218","-1012214,108",,,,silnice1.t¯Ìdy,D10,1398703.0,,Souhlasn˝sesmÏrem˙seku,Pomal˝,535419.0,292583.0,GN_V0.1UIR-ADR_410,2
10706190129,0,10.0,2019-01-26,6,1025,3,0,3,2,1,2,204,0,0,0,820,2,3,1,5,1,1,3,8,0,0,0,1,1,0,,3,47.0,12,9.0,1.0,1.0,0.0,1.0,3.0,800,2.0,1.0,1.0,"-718479,347","-1029740,996","-718479,347","-1029740,996","-718482,425","-1029737,291",,,,silnice1.t¯Ìdy,D10,3531912.0,,Souhlasn˝sesmÏrem˙seku,Pomal˝,557030.0,,GN_V0.1UIR-ADR_410,2
10706190130,2,268.0,2019-01-26,6,1045,1,3,0,1,1,2,403,0,0,1,1000,2,6,1,5,3,1,2,1,3,3,0,5,2,19,2.0,3,39.0,07,1.0,0.0,0.0,0.0,1.0,21.0,300,2.0,1.0,1.0,"-697807,083","-1001084,625","-697807,083","-1001084,625","-697805,896","-1001081,712",,,,silnice2.t¯Ìdy,268,3117568.0,,OpaËn˝kesmÏru˙seku,Pomal˝,536326.0,,GN_V0.1UIR-ADR_410,2
10706190131,2,275.0,2019-01-26,6,1303,1,3,0,2,1,2,502,0,0,0,100,2,5,1,1,1,1,1,1,0,0,0,1,2,0,,3,32.0,14,3.0,0.0,0.0,0.0,1.0,3.0,50,2.0,1.0,1.0,"-706091,577","-1021923,008","-706091,577","-1021923,008","-706090,459","-1021918,977",,,,silnice2.t¯Ìdy,275,2010409.0,,Souhlasn˝sesmÏrem˙seku,Pomal˝,535559.0,,GN_V0.1UIR-ADR_410,2
10706190132,1,38.0,2019-01-26,6,1600,1,1,0,1,1,2,204,0,1,3,2710,2,6,1,5,1,1,1,1,0,0,0,1,2,0,,3,26.0,11,3.0,1.0,1.0,1.0,1.0,1.0,1500,2.0,1.0,1.0,"-711075,789","-999743,34","-711075,789","-999743,34","-711074,227","-999741,764",,,,silnice1.t¯Ìdy,38,2661975.0,,Souhlasn˝sesmÏrem˙seku,Pomal˝,535443.0,,GN_V0.1UIR-ADR_410,2
10706190133,0,10.0,2019-01-26,6,1708,3,0,4,2,1,2,204,0,0,0,860,2,5,1,5,2,1,1,1,0,0,0,1,1,0,,3,44.0,13,1.0,1.0,0.0,0.0,1.0,3.0,600,2.0,1.0,1.0,"-691613,475","-997063,444","-691613,475","-997063,444","-691611,21","-997065,519",,,,silnice1.t¯Ìdy,D10,3530688.0,,Souhlasn˝sesmÏrem˙seku,Pomal˝,570770.0,,GN_V0.1UIR-ADR_410,2
10706190134,6,,2019-01-26,6,2250,2,0,0,2,1,2,204,0,0,0,400,2,5,1,1,4,1,1,1,0,0,0,1,2,0,,3,26.0,97,1.0,1.0,0.0,0.0,1.0,5.0,100,2.0,1.0,1.0,"-702503,981","-1009894,619","-702481,958","-1009865,076","-702481,66","-1009864,634",Mlad·Boleslav,17.listopadu,,mÌstnÌkomunikace,,188732.0,,Souhlasn˝sesmÏrem˙seku,Pomal˝,535419.0,292397.0,GN_V0.1UIR-ADR_410,1
10706190135,6,,2019-01-26,6,1900,3,0,2,2,1,0,516,0,0,0,600,2,6,1,1,4,1,1,8,0,0,0,3,1,0,,17,,XX,,,,,,,0,,,,"-707292,745","-1002684,619","-707292,745","-1002684,619","-707302,832","-1002669,339",BÏl·podBezdÏzem,Praûsk·,,mÌstnÌkomunikace,,2876953.0,,Souhlasn˝sesmÏrem˙seku,Pomal˝,535443.0,287881.0,GN_V0.1UIR-ADR_410,1
10706190136,6,,2019-01-27,0,28,1,3,0,1,1,2,402,0,0,2,700,2,5,1,1,4,1,1,1,3,3,0,4,2,10,6.0,3,39.0,96,1.0,0.0,0.0,0.0,1.0,5.0,100,2.0,1.0,1.0,"-702970,062","-1009980,226","-702967,384","-1009960,942","-702968,165","-1009960,426",Mlad·Boleslav,HavlÌËkova,,mÌstnÌkomunikace,,189054.0,,Souhlasn˝sesmÏrem˙seku,Pomal˝,535419.0,291471.0,GN_V0.1UIR-ADR_410,1
10706190137,6,,2019-01-26,6,1740,2,0,0,2,1,2,204,0,0,0,700,2,5,1,6,4,1,1,1,0,0,0,1,2,0,,3,39.0,15,3.0,0.0,1.0,0.0,1.0,5.0,300,2.0,1.0,1.0,"-703280,97","-1011585,983","-703280,97","-1011585,983","-703274,29","-1011577,418",Mlad·Boleslav,Husova,,mÌstnÌkomunikace,,193286.0,,Souhlasn˝sesmÏrem˙seku,Pomal˝,535419.0,291510.0,GN_V0.1UIR-ADR_410,1
10706190138,3,27513.0,2019-01-27,0,900,1,2,0,2,1,2,204,0,0,0,1600,2,3,1,1,1,1,1,1,0,0,0,3,2,0,,3,7.0,17,1.0,1.0,1.0,0.0,1.0,1.0,1000,2.0,1.0,1.0,"-702655,27","-1012470,496","-702655,27","-1012470,496","-702657,151","-1012471,228",Mlad·Boleslav,NaCelnÏ,,silnice3.t¯Ìdy,27513,3461714.0,,OpaËn˝kesmÏru˙seku,Pomal˝,535419.0,291943.0,GN_V0.1UIR-ADR_410,1
10706190139,6,,2019-01-27,0,1200,1,2,0,2,1,2,404,0,0,0,650,2,8,1,1,1,1,1,1,3,5,0,4,2,10,6.0,3,7.0,13,1.0,0.0,1.0,0.0,1.0,5.0,500,2.0,1.0,1.0,"-702328,123","-1009287,491","-702334,015","-1009290,17","-702334,38","-1009290,744",Kosmonosy,Pion˝r˘,,mÌstnÌkomunikace,,187214.0,,OpaËn˝kesmÏru˙seku,Pomal˝,570826.0,290751.0,GN_V0.1UIR-ADR_410,1
10706190140,0,10.0,2019-01-27,0,1330,3,0,6,2,1,2,204,0,0,0,600,2,3,1,1,1,1,1,1,0,0,0,3,1,0,,3,39.0,04,1.0,0.0,1.0,0.0,1.0,3.0,400,2.0,1.0,1.0,"-711059,411","-1025693,057","-711067,469","-1025773,092","-711066,567","-1025773,693",,,,silnice1.t¯Ìdy,D10,1397588.0,,Souhlasn˝sesmÏrem˙seku,Pomal˝,535451.0,,GN_V0.1UIR-ADR_410,2
10706190141,6,,2019-01-27,0,1030,2,0,0,2,1,0,508,0,0,0,150,2,3,1,1,1,1,1,1,0,0,0,1,2,0,,3,13.0,99,1.0,0.0,1.0,0.0,1.0,5.0,50,9.0,,,,,"-702633,639","-1010127,527","-702634,238","-1010128,377",Mlad·Boleslav,JanaPalacha,,mÌstnÌkomunikace,,1883569.0,,,Pomal˝,535419.0,291331.0,GN_V0.1UIR-ADR_410,1
10706190142,2,275.0,2019-01-28,1,440,3,0,2,2,1,2,204,0,0,0,650,2,3,1,1,4,1,1,8,0,0,0,3,1,0,,3,38.0,00,3.0,1.0,1.0,0.0,1.0,1.0,400,3.0,1.0,1.0,"-697537,425","-1022853,959","-697537,425","-1022853,959","-697536,812","-1022854,212",Jabkenice,,,silnice2.t¯Ìdy,275,984056.0,,OpaËn˝kesmÏru˙seku,Pomal˝,535966.0,,GN_V0.1UIR-ADR_410,1
10706190143,3,2802.0,2019-01-28,1,445,3,0,2,2,1,2,204,0,0,0,200,2,5,1,1,4,1,1,8,0,0,0,1,1,0,,3,39.0,99,1.0,1.0,1.0,0.0,1.0,1.0,100,2.0,1.0,1.0,"-696282,612","-1014136,728","-696282,612","-1014136,728","-696285,597","-1014138,508",,,,silnice3.t¯Ìdy,2802,3098645.0,,Souhlasn˝sesmÏrem˙seku,Pomal˝,535583.0,,GN_V0.1UIR-ADR_410,2
10706190144,3,2802.0,2019-01-28,1,520,3,0,2,2,1,2,204,0,0,0,160,2,6,1,1,4,1,1,1,0,0,0,1,1,0,,3,39.0,01,1.0,1.0,1.0,0.0,1.0,3.0,150,2.0,1.0,1.0,"-696282,612","-1014136,728","-696282,612","-1014136,728","-696285,597","-1014138,508",,,,silnice3.t¯Ìdy,2802,3098645.0,,Souhlasn˝sesmÏrem˙seku,Pomal˝,535583.0,,GN_V0.1UIR-ADR_410,2
10706190145,6,,2019-01-28,1,600,1,2,0,2,1,2,306,0,0,0,1150,2,1,1,1,4,1,1,1,3,4,0,1,2,0,,3,39.0,13,1.0,0.0,1.0,0.0,1.0,5.0,650,2.0,1.0,1.0,"-700195,294","-1012587,062","-700195,294","-1012587,062","-700203,901","-1012585,978",Plazy,,,mÌstnÌkomunikace,,1571480.0,,OpaËn˝kesmÏru˙seku,Pomal˝,536458.0,,GN_V0.1UIR-ADR_410,1
10706190146,6,,2019-01-26,6,2560,0,0,0,2,1,0,516,0,0,0,200,0,0,12,1,1,1,0,0,0,0,0,1,2,0,,17,,XX,,,,,,,0,,,,,,"-702590,887","-1011953,532","-702590,633","-1011953,595",Mlad·Boleslav,,,mÌstnÌkomunikace,,194118.0,,Souhlasn˝sesmÏrem˙seku,Pomal˝,535419.0,292729.0,GN_V0.1UIR-ADR_410,1
10706190147,1,38.0,2019-01-29,2,2225,1,4,0,1,1,2,503,0,0,1,120,2,3,1,1,4,1,1,1,0,0,0,1,2,0,,3,47.0,01,1.0,0.0,0.0,0.0,1.0,3.0,20,2.0,1.0,1.0,"-704168,755","-1009016,58","-704142,507","-1008995,688","-704142,658","-1008997,418",,,,silnice1.t¯Ìdy,38,767241.0,,Souhlasn˝sesmÏrem˙seku,Pomal˝,535419.0,291625.0,GN_V0.1UIR-ADR_410,2
10706190148,1,38.0,2019-01-29,2,2220,5,0,0,2,4,0,100,0,0,0,100,2,1,1,1,6,1,1,1,0,0,0,1,1,0,,3,35.0,06,1.0,0.0,1.0,0.0,1.0,3.0,100,2.0,1.0,1.0,"-707789,376","-1003372,495","-707789,376","-1003372,495","-707788,289","-1003366,513",,,,silnice1.t¯Ìdy,38,1358303.0,,Souhlasn˝sesmÏrem˙seku,Pomal˝,535630.0,,GN_V0.1UIR-ADR_410,2
10706190149,6,,2019-01-30,3,330,3,0,9,2,1,0,504,0,0,0,100,2,1,1,1,4,1,1,1,0,0,0,1,1,0,,17,,XX,,,,,,,0,,,,"-702272,566","-1010356,263","-702272,566","-1010356,263","-702271,488","-1010356,924",Mlad·Boleslav,t¯.V·clavaKlementa,,mÌstnÌkomunikace,,1883556.0,,,Pomal˝,535419.0,292591.0,GN_V0.1UIR-ADR_410,1
10706190150,1,38.0,2019-01-30,3,635,1,2,0,2,1,2,516,0,0,0,200,2,3,1,1,6,1,1,1,0,0,0,1,2,0,,3,47.0,06,1.0,0.0,1.0,0.0,1.0,3.0,100,3.0,1.0,1.0,"-705598,965","-1006508,301","-705598,965","-1006508,301","-705588,026","-1006505,356",,,,silnice1.t¯Ìdy,38,3521112.0,,Souhlasn˝sesmÏrem˙seku,Pomal˝,535869.0,,GN_V0.1UIR-ADR_410,2
10706190151,0,10.0,2019-01-30,3,1030,1,2,0,2,1,0,411,0,0,0,600,2,3,1,1,1,1,3,1,0,0,0,1,2,0,,17,,XX,,,,,,,0,,,,"-701894,23","-1012709,273","-701894,23","-1012709,273","-701895,582","-1012707,628",,,,silnice1.t¯Ìdy,D10,3514045.0,,Souhlasn˝sesmÏrem˙seku,Pomal˝,535419.0,292583.0,GN_V0.1UIR-ADR_410,2
10706190152,3,27938.0,2019-01-30,3,1620,5,0,0,2,4,0,100,0,0,0,50,2,1,1,1,1,1,1,1,0,0,0,1,1,0,,3,26.0,11,1.0,0.0,1.0,0.0,1.0,1.0,50,2.0,1.0,1.0,"-692280,643","-1008510,688","-692280,643","-1008510,688","-692279,59","-1008509,959",,,,silnice3.t¯Ìdy,27938,2010208.0,,OpaËn˝kesmÏru˙seku,Pomal˝,570893.0,,GN_V0.1UIR-ADR_410,2
10706190153,1,38.0,2019-01-30,3,2220,1,4,0,2,1,2,310,0,0,0,300,2,1,1,1,6,1,1,1,0,0,0,1,2,0,,3,39.0,14,1.0,0.0,1.0,0.0,1.0,3.0,100,2.0,1.0,1.0,"-708730,651","-1002734,499","-708730,651","-1002734,499","-708729,38","-1002732,974",,,,silnice1.t¯Ìdy,38,1881671.0,,Souhlasn˝sesmÏrem˙seku,Pomal˝,535443.0,,GN_V0.1UIR-ADR_410,2
10706190154,0,10.0,2019-01-31,4,645,5,0,0,2,4,0,100,0,0,0,650,2,1,1,1,6,1,3,1,0,0,0,1,1,0,,3,42.0,15,9.0,0.0,1.0,0.0,1.0,1.0,600,2.0,1.0,1.0,"-700773,446","-1008715,026","-700773,446","-1008715,026","-700777,967","-1008715,506",,,,silnice1.t¯Ìdy,D10,3068796.0,,Souhlasn˝sesmÏrem˙seku,Pomal˝,570826.0,,GN_V0.1UIR-ADR_410,2
10706190155,0,10.0,2019-01-31,4,845,3,0,3,2,1,2,209,0,0,0,450,2,1,1,1,1,1,1,1,0,0,0,1,1,0,,3,17.0,05,1.0,0.0,1.0,0.0,1.0,1.0,400,3.0,1.0,1.0,"-700907,92","-1010768,263","-700907,92","-1010768,263","-700904,477","-1010774,642",,,,silnice1.t¯Ìdy,D10,3459874.0,,Souhlasn˝sesmÏrem˙seku,Pomal˝,570826.0,,GN_V0.1UIR-ADR_410,2
10706190156,0,10.0,2019-01-31,4,921,1,2,0,2,1,2,305,0,0,0,200,2,1,1,1,1,1,3,1,0,0,0,1,2,0,,3,13.0,07,1.0,0.0,1.0,0.0,1.0,1.0,100,3.0,1.0,1.0,"-705383,114","-1015414,934","-705383,114","-1015414,934","-705390,354","-1015409,393",,,,silnice1.t¯Ìdy,D10,1356467.0,,Souhlasn˝sesmÏrem˙seku,Pomal˝,536440.0,,GN_V0.1UIR-ADR_410,2
10706190157,6,,2019-01-31,4,2560,1,2,0,2,1,0,516,0,0,0,250,2,1,1,1,1,1,1,1,0,0,0,1,2,0,,17,,XX,,,,,,,0,,,,"-703136,559","-1010851,37","-703136,559","-1010851,37","-703132,305","-1010854,241",Mlad·Boleslav,Jir·skova,,mÌstnÌkomunikace,,191374.0,,Souhlasn˝sesmÏrem˙seku,Pomal˝,535419.0,291609.0,GN_V0.1UIR-ADR_410,1
10706190158,6,,2019-01-31,4,1810,3,0,4,2,1,2,516,0,0,0,310,2,1,1,1,4,1,1,8,3,3,0,5,1,10,6.0,3,2.0,17,1.0,0.0,1.0,0.0,1.0,5.0,300,2.0,1.0,1.0,"-704488,274","-1007953,816","-704488,274","-1007953,816","-704509,805","-1007942,945",Mlad·Boleslav,Up¯ejezdu,,mÌstnÌkomunikace,,1381685.0,,OpaËn˝kesmÏru˙seku,Pomal˝,535419.0,292184.0,GN_V0.1UIR-ADR_410,1
10706190159,3,2742.0,2019-01-31,4,2040,9,0,0,2,1,2,209,0,0,0,150,2,6,1,1,4,1,1,1,0,0,0,2,1,0,,3,39.0,98,1.0,0.0,1.0,0.0,1.0,1.0,100,2.0,1.0,1.0,"-717850,662","-1014000,061","-717850,662","-1014000,061","-717850,13","-1014000,434",,,,silnice3.t¯Ìdy,2742,3457089.0,,Souhlasn˝sesmÏrem˙seku,Pomal˝,536857.0,,GN_V0.1UIR-ADR_410,2
10706190160,6,,2019-01-31,4,2560,2,0,0,2,1,0,508,0,0,0,20,2,1,1,1,4,1,1,8,0,0,0,1,2,0,,17,,XX,,,,,,,0,,,,"-701465,722","-1010330,252","-701496,025","-1010391,663","-701496,656","-1010392,598",Kosmonosy,Pr˘myslov·,,mÌstnÌkomunikace,,2880858.0,,OpaËn˝kesmÏru˙seku,Pomal˝,570826.0,,GN_V0.1UIR-ADR_410,1