IDENTIFIKA»NÕ »ÕSLO,DRUH POZEMNÕ KOMUNIKACE,»ÕSLO POZEMNÕ KOMUNIKACE,"den, mÏsÌc, rok",,Ëas ,DRUH NEHODY,DRUH SR¡éKY JEDOUCÕCH VOZIDEL,DRUH PEVN… PÿEK¡éKY,CHARAKTER NEHODY,ZAVINÃNÕ NEHODY,ALKOHOL U VINÕKA NEHODY PÿÕTOMEN,HLAVNÕ PÿÕ»INY NEHODY,usmrceno osob,tÏûce zranÏno osob,lehce zranÏno osob,CELKOV¡ HMOTN¡ äKODA,DRUH POVRCHU VOZOVKY,STAV POVRCHU VOZOVKY V DOBÃ NEHODY,STAV KOMUNIKACE,POVÃTRNOSTNÕ PODMÕNKY V DOBÃ NEHODY,VIDITELNOST,ROZHLEDOV… POMÃRY,DÃLENÕ KOMUNIKACE,SITUOV¡NÕ NEHODY NA KOMUNIKACI,ÿÕZENÕ PROVOZU V DOBÃ NEHODY,MÕSTNÕ ⁄PRAVA PÿEDNOSTI V JÕZDÃ,SPECIFICK¡ MÕSTA A OBJEKTY V MÕSTÃ NEHODY,SMÃROV… POMÃRY,PO»ET Z⁄»ASTNÃN›CH VOZIDEL,MÕSTO DOPRAVNÕ NEHODY,DRUH KÿIéUJÕCÕ KOMUNIKACE,DRUH VOZIDLA,V›ROBNÕ ZNA»KA MOTOROV…HO VOZIDLA,ROK V›ROBY VOZIDLA,CHARAKTERISTIKA VOZIDLA ,SMYK,VOZIDLO PO NEHODÃ,"⁄NIK PROVOZNÕCH, PÿEPRAVOVAN›CH HMOT",ZPŸSOB VYPROäTÃNÕ OSOB Z VOZIDLA,SMÃR JÕZDY NEBO POSTAVENÕ VOZIDLA,äKODA NA VOZIDLE,KATEGORIE ÿIDI»E,STAV ÿIDI»E,VNÃJäÕ OVLIVNÃNÕ ÿIDI»E,nan.1,nan.2,nan.3,nan.4,nan.5,nan.6,nan.7,nan.8,nan.9,nan.10,nan.11,nan.12,nan.13,nan.14,nan.15,nan.16,nan.17,nan.18,LOKALITA NEHODY
10806190001,1,38.0,2019-01-01,2,520,6,0,0,2,4,0,100,0,0,0,70,2,3,1,1,6,1,1,1,0,0,0,1,1,0,,3,39.0,16,3.0,0.0,1.0,0.0,1.0,3.0,70,2.0,1.0,1.0,"-693248,449","-1045485,258","-693248,449","-1045485,258","-693248,496","-1045485,308",,,,silnice1.t¯Ìdy,38,2880346.0,,OpaËn˝kesmÏru˙seku,Pomal˝,537683.0,,GN_V0.1UIR-ADR_410,2
10806190002,8,,2019-01-01,2,2560,2,0,0,2,1,0,504,0,0,0,400,2,1,1,1,1,1,0,1,0,0,0,1,2,0,,17,,XX,,,,,,,0,,,,"-707906,096","-1031650,612","-707906,096","-1031650,612","-707906,163","-1031655,856",Milovice,,,mÌstnÌkomunikace,,1396474.0,,OpaËn˝kesmÏru˙seku,Pomal˝,537501.0,,GN_V0.1UIR-ADR_410,1
10806190003,2,329.0,2019-01-03,4,1031,3,0,2,2,1,2,204,0,0,0,165,2,6,1,6,1,1,1,1,3,3,2,5,1,19,6.0,3,26.0,01,1.0,0.0,0.0,0.0,1.0,31.0,15,2.0,1.0,1.0,"-693022,281","-1042505,344","-693022,281","-1042505,344","-693022,116","-1042500,443",PodÏbrady,M·nesova,,silnice3.t¯Ìdy,329,271646.0,,OpaËn˝kesmÏru˙seku,Pomal˝,537683.0,320790.0,GN_V0.1UIR-ADR_410,1
10806190004,6,,2019-01-03,4,1000,3,0,3,2,1,0,204,0,0,0,550,2,6,1,5,3,1,1,1,3,3,2,5,1,10,6.0,17,,XX,,,,,,,0,,,,"-692177,843","-1043256,249","-692173,549","-1043260,006","-692173,484","-1043260,048",PodÏbrady,F¸gnerova,,mÌstnÌkomunikace,,275442.0,,Souhlasn˝sesmÏrem˙seku,Pomal˝,537683.0,320439.0,GN_V0.1UIR-ADR_410,1
10806190005,2,329.0,2019-01-03,4,1551,3,0,6,2,1,2,204,0,0,0,330,2,6,1,6,1,1,1,1,3,3,0,5,1,19,3.0,3,35.0,01,1.0,1.0,0.0,0.0,1.0,12.0,300,2.0,1.0,1.0,"-689704,15","-1038190,065","-689710,589","-1038183,625","-689709,744","-1038183,708",Kouty,,,silnice3.t¯Ìdy,329,989409.0,,OpaËn˝kesmÏru˙seku,Pomal˝,534943.0,,GN_V0.1UIR-ADR_410,1
10806190006,2,332.0,2019-01-03,4,1615,3,0,9,2,1,2,204,0,0,0,900,2,6,1,6,2,1,1,3,0,0,0,2,1,0,,3,23.0,00,1.0,1.0,1.0,0.0,1.0,1.0,900,3.0,1.0,1.0,"-709358,083","-1033013,305","-709358,083","-1033013,305","-709358,178","-1033012,64",,,,silnice2.t¯Ìdy,332,2011877.0,,OpaËn˝kesmÏru˙seku,Pomal˝,537501.0,,GN_V0.1UIR-ADR_410,2
10806190007,2,611.0,2019-01-03,4,1621,1,4,0,1,1,2,204,0,0,1,700,2,6,1,6,2,1,1,1,0,0,0,1,2,0,,3,39.0,03,1.0,1.0,0.0,0.0,1.0,1.0,400,2.0,1.0,1.0,"-713835,848","-1040182,623","-713835,848","-1040182,623","-713834,772","-1040175,056",,,,silnice2.t¯Ìdy,611,1350700.0,,Souhlasn˝sesmÏrem˙seku,Pomal˝,538507.0,,GN_V0.1UIR-ADR_410,2
10806190008,6,,2019-01-03,4,2560,3,0,9,2,1,0,204,0,0,0,150,2,6,1,1,2,1,1,1,0,0,0,3,1,0,,17,,XX,,,,,,,0,,,,"-692069,461","-1042992,295","-692046,92","-1043018,056","-692046,341","-1043018,675",PodÏbrady,Hakenova,,mÌstnÌkomunikace,,2662442.0,,Souhlasn˝sesmÏrem˙seku,Pomal˝,537683.0,,GN_V0.1UIR-ADR_410,1
10806190009,2,331.0,2019-01-04,5,748,1,2,0,2,1,0,501,0,0,0,50,2,8,1,5,2,1,1,1,0,5,9,2,2,0,,17,,XX,,,,,,,0,,,,"-712821,034","-1033853,159","-712821,034","-1033853,159","-712819,715","-1033851,148",,,,silnice2.t¯Ìdy,331,3265435.0,,Souhlasn˝sesmÏrem˙seku,Pomal˝,537454.0,,GN_V0.1UIR-ADR_410,2
10806190010,6,,2019-01-04,5,830,3,0,3,2,1,2,504,0,0,0,30,2,3,1,1,1,1,1,8,3,3,0,5,1,10,6.0,5,62.0,16,3.0,0.0,0.0,0.0,1.0,5.0,0,3.0,1.0,1.0,"-692325,926","-1043470,604","-692330,22","-1043474,898","-692330,191","-1043474,786",PodÏbrady,Riegrovon·mÏstÌ,,mÌstnÌkomunikace,,276439.0,,Souhlasn˝sesmÏrem˙seku,Pomal˝,537683.0,,GN_V0.1UIR-ADR_410,1
10806190011,6,,2019-01-03,4,2560,2,0,0,2,1,0,508,0,0,0,200,2,8,1,5,1,1,1,1,0,5,0,1,2,0,,17,,XX,,,,,,,0,,,,"-702324,803","-1042621,427","-702324,803","-1042621,427","-702326,756","-1042620,142",Sadsk·,Sadov·,,mÌstnÌkomunikace,,811450.0,,Souhlasn˝sesmÏrem˙seku,Pomal˝,537764.0,322261.0,GN_V0.1UIR-ADR_410,1
10806190012,2,503.0,2019-01-04,5,1115,4,0,0,1,1,2,412,0,0,1,0,2,3,1,5,1,1,1,1,0,0,1,1,1,0,,3,7.0,00,1.0,0.0,0.0,0.0,1.0,1.0,0,2.0,1.0,1.0,"-697444,107","-1038049,321","-697441,424","-1038048,247","-697442,23","-1038048,278",Nymburk,N·mÏstÌP¯emyslovc˘,,mÌstnÌkomunikace,503,1881593.0,,OpaËn˝kesmÏru˙seku,Pomal˝,537004.0,319694.0,GN_V0.1UIR-ADR_410,1
10806190013,3,27212.0,2019-01-04,5,1855,3,0,1,1,1,2,204,0,0,1,1500,1,3,1,1,6,1,1,1,0,5,8,1,1,0,,3,39.0,12,1.0,0.0,1.0,0.0,1.0,3.0,1500,2.0,1.0,1.0,"-705885,887","-1029456,351","-705885,887","-1029456,351","-705888,324","-1029459,109",,,,silnice3.t¯Ìdy,27212,2878487.0,,OpaËn˝kesmÏru˙seku,Pomal˝,537501.0,,GN_V0.1UIR-ADR_410,2
10806190014,2,332.0,2019-01-03,4,2560,3,0,9,2,1,0,205,0,0,0,200,2,3,1,5,3,1,1,8,3,3,0,5,1,19,6.0,17,,XX,,,,,,,0,,,,"-704043,75","-1032712,2","-704050,683","-1032703,897","-704050,678","-1032703,904",ZboûÌËko,,,silnice2.t¯Ìdy,332,988183.0,,,Pomal˝,599697.0,,GN_V0.1UIR-ADR_410,1
10806190015,2,330.0,2019-01-05,6,1305,1,2,0,1,1,2,402,0,0,1,2700,2,3,1,1,1,1,1,1,3,3,2,4,2,19,6.0,3,39.0,08,1.0,0.0,1.0,0.0,1.0,21.0,1000,2.0,1.0,1.0,"-697182,073","-1037752,702","-697177,243","-1037746,262","-697177,382","-1037746,766",Nymburk,PodÏbradsk·,,silnice2.t¯Ìdy,330,3241112.0,,OpaËn˝kesmÏru˙seku,Pomal˝,537004.0,319791.0,GN_V0.1UIR-ADR_410,1
10806190016,2,331.0,2019-01-05,6,1650,5,0,0,2,4,0,100,0,0,0,830,2,3,1,1,6,1,1,1,0,0,0,1,1,0,,3,44.0,18,3.0,0.0,0.0,0.0,1.0,3.0,800,2.0,1.0,1.0,"-694728,413","-1039498,197","-694728,413","-1039498,197","-694733,358","-1039500,988",,,,silnice2.t¯Ìdy,331,1357032.0,,OpaËn˝kesmÏru˙seku,Pomal˝,537683.0,,GN_V0.1UIR-ADR_410,2
10806190017,1,38.0,2019-01-05,6,2025,5,0,0,2,4,0,100,0,0,0,500,2,3,1,3,6,1,1,1,0,0,0,1,1,0,,3,39.0,14,1.0,0.0,1.0,0.0,1.0,3.0,500,2.0,1.0,1.0,"-696134,546","-1036784,265","-696134,546","-1036784,265","-696134,409","-1036784,113",,,,silnice1.t¯Ìdy,38,1725947.0,,Souhlasn˝sesmÏrem˙seku,Pomal˝,537004.0,,GN_V0.1UIR-ADR_410,2
10806190018,2,611.0,2019-01-06,0,845,3,0,9,2,1,2,508,0,0,0,1700,2,1,1,1,1,1,1,8,0,0,0,3,1,0,,3,39.0,11,1.0,0.0,0.0,0.0,1.0,1.0,1500,2.0,1.0,1.0,"-708239,506","-1041879,476","-708239,506","-1041879,476","-708238,357","-1041876,055",Velenka,,,silnice2.t¯Ìdy,611,3366728.0,,OpaËn˝kesmÏru˙seku,Pomal˝,534871.0,,GN_V0.1UIR-ADR_410,1
10806190019,8,,2019-01-04,5,2560,2,0,0,2,1,0,504,0,0,0,150,1,1,1,1,1,1,1,1,0,0,0,1,2,0,,17,,XX,,,,,,,0,,,,"-708966,297","-1031634,112","-708966,297","-1031634,112","-708969,253","-1031633,107",Milovice,,,mÌstnÌkomunikace,,2665581.0,,Souhlasn˝sesmÏrem˙seku,Pomal˝,537501.0,,GN_V0.1UIR-ADR_410,1
10806190020,6,,2019-01-03,4,1600,2,0,0,2,1,0,504,0,0,0,50,1,1,1,1,1,1,1,0,0,0,0,1,2,0,,3,39.0,02,1.0,0.0,0.0,0.0,1.0,5.0,0,2.0,1.0,1.0,"-691993,179","-1042645,858","-691993,179","-1042645,858","-692002,068","-1042639,76",PodÏbrady,»echova,,mÌstnÌkomunikace,,1395021.0,,Souhlasn˝sesmÏrem˙seku,Pomal˝,537683.0,741507.0,GN_V0.1UIR-ADR_410,1
10806190021,1,38.0,2019-01-06,0,1635,5,0,0,2,4,0,100,0,0,0,1530,2,1,1,1,2,1,1,1,0,0,0,1,1,0,,3,39.0,18,3.0,0.0,0.0,0.0,1.0,3.0,1500,2.0,1.0,1.0,"-699360,123","-1030710,982","-699360,123","-1030710,982","-699354,705","-1030704,627",,,,silnice1.t¯Ìdy,38,2011890.0,,Souhlasn˝sesmÏrem˙seku,Pomal˝,537390.0,,GN_V0.1UIR-ADR_410,2
10806190022,8,,2019-01-07,1,1140,3,0,3,2,1,2,511,0,0,0,510,2,1,1,1,1,1,1,6,0,0,10,1,1,0,,3,13.0,15,3.0,0.0,1.0,0.0,1.0,5.0,500,2.0,1.0,1.0,"-681336,738","-1047338,8","-681336,738","-1047338,8","-681337,903","-1047357,595",,,,mÌstnÌkomunikace,,3218161.0,,Souhlasn˝sesmÏrem˙seku,Pomal˝,537101.0,,GN_V0.1UIR-ADR_410,2
10806190023,2,324.0,2019-01-07,1,1500,3,0,9,1,1,2,205,0,0,1,700,2,3,1,1,1,1,1,8,0,0,0,2,1,0,,3,47.0,06,1.0,1.0,1.0,0.0,1.0,3.0,700,2.0,1.0,1.0,"-674111,672","-1037039,77","-674111,672","-1037039,77","-674111,87","-1037037,52",,,,silnice2.t¯Ìdy,324,1880891.0,,OpaËn˝kesmÏru˙seku,Pomal˝,537802.0,,GN_V0.1UIR-ADR_410,2
10806190024,1,38.0,2019-01-08,2,1750,3,0,9,2,1,0,506,0,0,0,550,2,3,1,4,7,1,1,1,0,0,0,1,2,0,,17,,XX,,,,,,,0,,,,"-692095,858","-1052203,341","-692095,858","-1052203,341","-692096,713","-1052203,314",,,,silnice1.t¯Ìdy,38,2016818.0,,OpaËn˝kesmÏru˙seku,Pomal˝,533530.0,,GN_V0.1UIR-ADR_410,2
10806190025,6,,2019-01-08,2,2560,3,0,2,2,1,0,501,0,0,0,30,2,3,1,1,1,1,1,1,3,3,0,5,1,10,6.0,17,,XX,,,,,,,0,,,,"-691272,222","-1043516,451","-691272,222","-1043516,451","-691273,858","-1043521,446",PodÏbrady,UBaûantnice,,mÌstnÌkomunikace,,276812.0,,Souhlasn˝sesmÏrem˙seku,Pomal˝,537683.0,321435.0,GN_V0.1UIR-ADR_410,1
10806190026,3,3318.0,2019-01-08,2,1720,4,0,0,1,1,0,412,0,0,1,0,2,3,1,4,7,1,1,1,0,5,1,1,1,0,,3,39.0,08,1.0,0.0,0.0,0.0,1.0,1.0,0,2.0,1.0,1.0,"-698118,388","-1037651,098","-698118,388","-1037651,098","-698120,749","-1037655,474",Nymburk,Zboûsk·,,silnice3.t¯Ìdy,3318,254263.0,,OpaËn˝kesmÏru˙seku,Pomal˝,537004.0,320170.0,GN_V0.1UIR-ADR_410,1
10806190027,6,,2019-01-09,3,1325,3,0,1,2,1,2,502,0,0,0,1500,2,3,1,3,1,1,1,1,0,0,0,1,1,0,,3,26.0,14,3.0,0.0,1.0,0.0,1.0,5.0,1500,3.0,1.0,1.0,"-692891,555","-1043031,143","-692891,555","-1043031,143","-692889,248","-1043032,817",PodÏbrady,NaChmelnici,,mÌstnÌkomunikace,,274396.0,,Souhlasn˝sesmÏrem˙seku,Pomal˝,537683.0,320421.0,GN_V0.1UIR-ADR_410,1
10806190028,6,,2019-01-10,4,1534,2,0,0,1,1,2,516,0,0,1,0,2,3,1,1,1,1,1,1,0,0,0,1,2,0,,3,39.0,07,1.0,0.0,0.0,0.0,1.0,6.0,0,2.0,1.0,1.0,"-692919,399","-1042806,02","-692919,399","-1042806,02","-692924,651","-1042802,436",PodÏbrady,BouËkova,,mÌstnÌkomunikace,,273446.0,,OpaËn˝kesmÏru˙seku,Pomal˝,537683.0,320285.0,GN_V0.1UIR-ADR_410,1
10806190029,2,329.0,2019-01-09,3,2560,3,0,3,2,1,0,508,0,0,0,10,1,3,1,5,5,1,1,8,3,3,0,5,1,19,6.0,3,35.0,97,1.0,0.0,0.0,0.0,1.0,23.0,0,9.0,,,"-692829,58","-1043254,812","-692835,529","-1043257,489","-692835,501","-1043257,477",PodÏbrady,Husova,,silnice3.t¯Ìdy,329,834156.0,,Souhlasn˝sesmÏrem˙seku,Pomal˝,537683.0,320501.0,GN_V0.1UIR-ADR_410,1
10806190030,2,331.0,2019-01-11,5,655,1,4,0,1,1,2,209,0,1,0,410,2,3,1,1,4,1,1,1,0,0,0,3,2,0,,3,42.0,05,1.0,0.0,0.0,0.0,1.0,3.0,400,2.0,1.0,1.0,"-699160,962","-1038598,547","-699160,962","-1038598,547","-699161,033","-1038598,29",Nymburk,Drahelick·,,silnice2.t¯Ìdy,331,1381274.0,,Souhlasn˝sesmÏrem˙seku,Pomal˝,537004.0,319121.0,GN_V0.1UIR-ADR_410,1
10806190031,2,329.0,2019-01-11,5,1120,1,1,0,1,1,2,403,0,0,2,2700,2,1,1,1,1,1,1,1,3,3,0,5,2,19,2.0,3,13.0,15,1.0,0.0,1.0,1.0,1.0,21.0,2000,2.0,1.0,1.0,"-690990,673","-1035827,807","-691004,089","-1035832,1","-691004,161","-1035831,863",,,,silnice2.t¯Ìdy,330,249002.0,,OpaËn˝kesmÏru˙seku,Pomal˝,537055.0,,GN_V0.1UIR-ADR_410,2
10806190032,1,38.0,2019-01-11,5,1620,5,0,0,2,4,0,100,0,0,0,330,2,5,1,5,1,1,1,1,0,0,0,2,1,0,,3,47.0,13,1.0,0.0,1.0,0.0,1.0,3.0,300,2.0,1.0,1.0,"-694817,564","-1038762,15","-694817,564","-1038762,15","-694817,101","-1038762,062",,,,silnice1.t¯Ìdy,38,3288007.0,,Souhlasn˝sesmÏrem˙seku,Pomal˝,537004.0,,GN_V0.1UIR-ADR_410,2
10806190033,3,32823.0,2019-01-11,5,1735,3,0,3,2,1,2,204,0,0,0,80,2,6,1,5,5,1,1,8,3,3,0,5,1,19,6.0,3,16.0,02,1.0,1.0,1.0,0.0,1.0,12.0,50,2.0,1.0,1.0,"-682269,179","-1041096,669","-682279,911","-1041113,305","-682279,589","-1041113,52",OpoËnice,,,silnice3.t¯Ìdy,32823,989918.0,,OpaËn˝kesmÏru˙seku,Pomal˝,537578.0,,GN_V0.1UIR-ADR_410,1
10806190034,8,,2019-01-12,6,2560,2,0,0,2,1,0,504,0,0,0,200,2,3,1,4,4,1,1,1,0,0,0,1,2,0,,17,,XX,,,,,,,0,,,,"-692600,715","-1043610,755","-692600,715","-1043610,755","-692599,175","-1043607,738",PodÏbrady,,,mÌstnÌkomunikace,,1394996.0,,Souhlasn˝sesmÏrem˙seku,Pomal˝,537683.0,,GN_V0.1UIR-ADR_410,1
10806190035,2,324.0,2019-01-13,0,1622,1,3,0,1,1,2,402,0,0,1,1600,2,3,1,1,1,1,1,1,3,3,2,4,2,19,2.0,3,39.0,06,1.0,0.0,0.0,0.0,1.0,41.0,700,2.0,1.0,1.0,"-679285,393","-1038092,737","-679285,393","-1038092,737","-679284,795","-1038095,623",MÏstecKr·lovÈ,PrezidentaBeneöe,,silnice2.t¯Ìdy,324,810925.0,,OpaËn˝kesmÏru˙seku,Pomal˝,537489.0,318281.0,GN_V0.1UIR-ADR_410,1
10806190036,3,2725.0,2019-01-13,0,1930,3,0,6,2,1,2,204,0,0,0,20,2,3,1,3,7,3,1,1,0,0,4,3,1,0,,3,47.0,04,1.0,0.0,1.0,0.0,1.0,1.0,20,2.0,1.0,1.0,"-704585,325","-1036946,927","-704585,325","-1036946,927","-704586,395","-1036948,285",,,,silnice3.t¯Ìdy,2725,2012368.0,,OpaËn˝kesmÏru˙seku,Pomal˝,537331.0,316237.0,GN_V0.1UIR-ADR_410,2
10806190037,3,3297.0,2019-01-14,1,1350,1,1,0,1,1,2,508,0,0,2,4800,2,1,2,1,1,1,1,1,0,0,0,1,2,0,,3,39.0,18,3.0,0.0,1.0,0.0,1.0,3.0,4000,2.0,1.0,1.0,"-694190,199","-1046168,688","-694190,199","-1046168,688","-694191,436","-1046168,442",,,,silnice3.t¯Ìdy,3297,1395123.0,,OpaËn˝kesmÏru˙seku,Pomal˝,537683.0,,GN_V0.1UIR-ADR_410,2
10806190038,6,,2019-01-14,1,1930,3,0,9,2,1,2,504,0,0,0,200,2,1,1,1,4,1,1,1,0,0,0,1,1,0,,3,39.0,15,3.0,0.0,1.0,1.0,1.0,5.0,200,2.0,1.0,1.0,"-691814,754","-1043628,444","-691814,754","-1043628,444","-691818,1","-1043625,094",PodÏbrady,NaHr·zi,,mÌstnÌkomunikace,,277190.0,,Souhlasn˝sesmÏrem˙seku,Pomal˝,537683.0,320862.0,GN_V0.1UIR-ADR_410,1
10806190039,8,,2019-01-14,1,1326,2,0,0,2,1,0,508,0,0,0,50,1,1,1,1,1,1,1,0,0,0,0,1,2,0,,3,7.0,03,3.0,0.0,1.0,0.0,1.0,5.0,0,9.0,,,"-708919,206","-1031584,108","-708919,206","-1031584,108","-708921,772","-1031601,731",Milovice,,,mÌstnÌkomunikace,,1536486.0,,Souhlasn˝sesmÏrem˙seku,Pomal˝,537501.0,,GN_V0.1UIR-ADR_410,1
10806190040,2,330.0,2019-01-15,2,1505,1,2,0,2,1,2,501,0,0,0,50,2,3,1,1,1,1,1,1,0,0,0,2,2,0,,3,39.0,03,1.0,0.0,0.0,0.0,1.0,1.0,0,3.0,1.0,1.0,"-701010,839","-1041910,623","-701010,839","-1041910,623","-701007,662","-1041913,393",,,,silnice2.t¯Ìdy,330,3118438.0,,OpaËn˝kesmÏru˙seku,Pomal˝,537764.0,,GN_V0.1UIR-ADR_410,2
10806190041,6,,2019-01-16,3,1412,2,0,0,2,1,2,504,0,0,0,110,2,1,1,1,1,1,1,1,0,0,2,1,2,0,,3,39.0,08,1.0,0.0,1.0,0.0,1.0,5.0,10,2.0,1.0,1.0,"-678896,525","-1037919,918","-678896,525","-1037919,918","-678896,525","-1037919,81",MÏstecKr·lovÈ,N·mÏstÌRepubliky,,mÌstnÌkomunikace,,255107.0,,Souhlasn˝sesmÏrem˙seku,Pomal˝,537489.0,318485.0,GN_V0.1UIR-ADR_410,1
10806190042,1,32.0,2019-01-17,4,1215,1,3,0,1,1,2,403,0,0,1,3000,2,3,1,3,3,1,1,1,3,3,0,4,2,19,2.0,3,17.0,06,1.0,0.0,1.0,0.0,1.0,24.0,1500,2.0,1.0,1.0,"-684088,4","-1033851,53","-684085,18","-1033848,31","-684084,867","-1033848,311",,,,silnice1.t¯Ìdy,32,1356861.0,,Souhlasn˝sesmÏrem˙seku,Pomal˝,537080.0,,GN_V0.1UIR-ADR_410,2
10806190043,2,334.0,2019-01-18,5,630,5,0,0,2,4,0,100,0,0,0,300,2,5,1,1,6,1,1,1,0,0,0,1,1,0,,3,39.0,18,3.0,0.0,1.0,0.0,1.0,3.0,300,2.0,1.0,1.0,"-702164,658","-1045161,938","-702164,658","-1045161,938","-702168,245","-1045161,836",,,,silnice2.t¯Ìdy,334,1487002.0,,OpaËn˝kesmÏru˙seku,Pomal˝,537497.0,,GN_V0.1UIR-ADR_410,2
10806190044,2,272.0,2019-01-18,5,600,3,0,4,2,1,2,204,0,0,0,700,2,6,1,1,6,1,1,8,3,3,0,4,1,19,6.0,3,42.0,09,1.0,1.0,0.0,0.0,1.0,31.0,600,2.0,1.0,1.0,"-710871,377","-1037518,093","-710873,91","-1037505,988","-710873,901","-1037505,978",,,,silnice2.t¯Ìdy,272,253728.0,,Souhlasn˝sesmÏrem˙seku,Pomal˝,537454.0,,GN_V0.1UIR-ADR_410,2
10806190045,6,,2019-01-18,5,730,2,0,0,2,1,2,204,0,0,0,170,2,3,1,6,2,1,1,3,0,0,0,1,2,0,,3,39.0,97,1.0,0.0,0.0,0.0,1.0,5.0,20,2.0,1.0,1.0,"-696407,909","-1037772,784","-696407,909","-1037772,784","-696413,676","-1037772,61",Nymburk,Bobnick·,,mÌstnÌkomunikace,,1694809.0,,OpaËn˝kesmÏru˙seku,Pomal˝,537004.0,319007.0,GN_V0.1UIR-ADR_410,1
10806190046,8,,2019-01-18,5,1130,2,0,0,2,1,0,502,0,0,0,30,1,1,1,1,1,1,1,2,0,0,10,1,2,0,,5,47.0,13,3.0,0.0,0.0,0.0,1.0,5.0,0,9.0,,,"-693012,999","-1042281,28","-693012,999","-1042282,89","-693020,423","-1042293,953",PodÏbrady,Dr.KryöpÌna,,mÌstnÌkomunikace,,1395104.0,,Souhlasn˝sesmÏrem˙seku,Pomal˝,537683.0,320803.0,GN_V0.1UIR-ADR_410,1
10806190047,6,,2019-01-18,5,1560,2,0,0,2,1,0,504,0,0,0,40,2,1,1,1,1,1,1,1,0,0,0,1,2,0,,17,,XX,,,,,,,0,,,,"-692743,554","-1043348,809","-692743,554","-1043348,809","-692742,299","-1043349,691",PodÏbrady,NaValech,,mÌstnÌkomunikace,,275908.0,,Souhlasn˝sesmÏrem˙seku,Pomal˝,537683.0,320919.0,GN_V0.1UIR-ADR_410,1
10806190048,1,11.0,2019-01-18,5,1650,1,4,0,1,1,2,202,0,0,1,2450,2,1,1,0,2,1,2,1,0,0,0,1,2,0,,3,13.0,16,1.0,0.0,0.0,0.0,1.0,1.0,2000,3.0,1.0,1.0,"-684064,109","-1042815,79","-684042,643","-1042803,984","-684042,608","-1042804,107",,,,silnice1.t¯Ìdy,11,1572235.0,,OpaËn˝kesmÏru˙seku,Pomal˝,537306.0,,GN_V0.1UIR-ADR_410,2
10806190049,2,324.0,2019-01-18,5,2010,1,2,0,1,1,2,305,0,0,1,300,2,3,1,1,6,1,1,1,0,0,0,3,2,0,,3,39.0,01,1.0,0.0,0.0,0.0,1.0,1.0,150,2.0,1.0,1.0,"-677407,665","-1037718,929","-677407,665","-1037718,929","-677410,014","-1037713,392",,,,silnice2.t¯Ìdy,324,3231426.0,,Souhlasn˝sesmÏrem˙seku,Pomal˝,537489.0,,GN_V0.1UIR-ADR_410,2
10806190050,6,,2019-01-18,5,2210,3,0,9,2,6,0,100,0,0,0,100,2,1,6,1,6,1,1,1,0,0,0,1,1,0,,3,39.0,09,1.0,0.0,0.0,0.0,1.0,5.0,100,2.0,1.0,1.0,"-707614,648","-1031577,606","-707614,648","-1031577,606","-707613,58","-1031574,766",Milovice,Ostravsk·,,mÌstnÌkomunikace,,1487089.0,,Souhlasn˝sesmÏrem˙seku,Pomal˝,537501.0,318868.0,GN_V0.1UIR-ADR_410,1
10806190051,8,,2019-01-19,6,1060,2,0,0,2,1,0,511,0,0,0,200,1,1,1,1,1,1,1,1,0,0,0,1,2,0,,17,,XX,,,,,,,0,,,,"-696505,604","-1037861,999","-696505,604","-1037861,999","-696500,562","-1037862,877",Nymburk,,,mÌstnÌkomunikace,,1381273.0,,Souhlasn˝sesmÏrem˙seku,Pomal˝,537004.0,,GN_V0.1UIR-ADR_410,1
10806190052,6,,2019-01-19,6,1255,3,0,9,2,1,2,502,0,0,0,255,2,1,1,1,1,1,1,1,0,0,10,1,1,0,,3,38.0,06,1.0,0.0,0.0,0.0,1.0,5.0,250,2.0,1.0,1.0,"-692284,481","-1043376,014","-692284,481","-1043376,014","-692284,154","-1043375,65",PodÏbrady,L·zeÚsk·,,mÌstnÌkomunikace,,2662436.0,,Souhlasn˝sesmÏrem˙seku,Pomal˝,537683.0,320692.0,GN_V0.1UIR-ADR_410,1
10806190053,6,,2019-01-19,6,2560,2,0,0,2,1,0,511,0,0,0,100,2,1,1,1,1,1,1,1,0,0,0,1,2,0,,17,,XX,,,,,,,0,,,,"-692819,486","-1043168,202","-692819,486","-1043168,202","-692823,595","-1043165,525",PodÏbrady,Dr.Hor·kovÈ,,mÌstnÌkomunikace,,2662022.0,,Souhlasn˝sesmÏrem˙seku,Pomal˝,537683.0,320706.0,GN_V0.1UIR-ADR_410,1
10806190054,8,,2019-01-19,6,2560,2,0,0,2,1,0,504,0,0,0,100,5,1,1,1,4,1,0,8,0,0,0,1,2,0,,17,,XX,,,,,,,0,,,,"-712022,318","-1034375,861","-712022,318","-1034375,861","-712022,383","-1034377,309",Lys·nadLabem,,,mÌstnÌkomunikace,,1788108.0,,,Pomal˝,537454.0,,GN_V0.1UIR-ADR_410,1