IDENTIFIKA»NÕ »ÕSLO,DRUH POZEMNÕ KOMUNIKACE,»ÕSLO POZEMNÕ KOMUNIKACE,"den, mÏsÌc, rok",,Ëas ,DRUH NEHODY,DRUH SR¡éKY JEDOUCÕCH VOZIDEL,DRUH PEVN… PÿEK¡éKY,CHARAKTER NEHODY,ZAVINÃNÕ NEHODY,ALKOHOL U VINÕKA NEHODY PÿÕTOMEN,HLAVNÕ PÿÕ»INY NEHODY,usmrceno osob,tÏûce zranÏno osob,lehce zranÏno osob,CELKOV¡ HMOTN¡ äKODA,DRUH POVRCHU VOZOVKY,STAV POVRCHU VOZOVKY V DOBÃ NEHODY,STAV KOMUNIKACE,POVÃTRNOSTNÕ PODMÕNKY V DOBÃ NEHODY,VIDITELNOST,ROZHLEDOV… POMÃRY,DÃLENÕ KOMUNIKACE,SITUOV¡NÕ NEHODY NA KOMUNIKACI,ÿÕZENÕ PROVOZU V DOBÃ NEHODY,MÕSTNÕ ⁄PRAVA PÿEDNOSTI V JÕZDÃ,SPECIFICK¡ MÕSTA A OBJEKTY V MÕSTÃ NEHODY,SMÃROV… POMÃRY,PO»ET Z⁄»ASTNÃN›CH VOZIDEL,MÕSTO DOPRAVNÕ NEHODY,DRUH KÿIéUJÕCÕ KOMUNIKACE,DRUH VOZIDLA,V›ROBNÕ ZNA»KA MOTOROV…HO VOZIDLA,ROK V›ROBY VOZIDLA,CHARAKTERISTIKA VOZIDLA ,SMYK,VOZIDLO PO NEHODÃ,"⁄NIK PROVOZNÕCH, PÿEPRAVOVAN›CH HMOT",ZPŸSOB VYPROäTÃNÕ OSOB Z VOZIDLA,SMÃR JÕZDY NEBO POSTAVENÕ VOZIDLA,äKODA NA VOZIDLE,KATEGORIE ÿIDI»E,STAV ÿIDI»E,VNÃJäÕ OVLIVNÃNÕ ÿIDI»E,nan.1,nan.2,nan.3,nan.4,nan.5,nan.6,nan.7,nan.8,nan.9,nan.10,nan.11,nan.12,nan.13,nan.14,nan.15,nan.16,nan.17,nan.18,LOKALITA NEHODY
10806190055,2,272.0,2019-01-01,2,2560,5,0,0,2,4,0,100,0,0,0,200,2,1,1,1,6,1,1,1,0,0,0,1,1,0,,3,39.0,06,1.0,0.0,1.0,0.0,1.0,3.0,200,2.0,1.0,1.0,"-711488,743","-1043448,156","-711488,743","-1043448,156","-711484,937","-1043446,341",,,,silnice2.t¯Ìdy,272,2012441.0,,OpaËn˝kesmÏru˙seku,Pomal˝,537357.0,,GN_V0.1UIR-ADR_410,2
10806190056,6,,2019-01-22,2,1235,2,0,0,2,1,2,508,0,0,0,900,4,1,1,1,1,1,1,1,0,0,8,1,3,0,,3,48.0,03,1.0,0.0,1.0,0.0,1.0,5.0,100,2.0,1.0,1.0,"-709366,978","-1032105,463","-709366,978","-1032105,463","-709374,07","-1032095,197",Milovice,KomenskÈho,,mÌstnÌkomunikace,,2851530.0,,OpaËn˝kesmÏru˙seku,Pomal˝,537501.0,,GN_V0.1UIR-ADR_410,1
10806190057,2,272.0,2019-01-22,2,1335,1,3,0,2,1,2,403,0,0,0,2300,2,1,1,1,1,1,1,1,3,3,2,4,2,19,2.0,3,35.0,16,1.0,0.0,0.0,0.0,1.0,42.0,1500,2.0,1.0,1.0,"-711232,566","-1034358,132","-711238,47","-1034380,673","-711238,979","-1034380,617",Lys·nadLabem,»eskoslovenskÈarm·dy,,silnice2.t¯Ìdy,272,244774.0,,OpaËn˝kesmÏru˙seku,Pomal˝,537454.0,317276.0,GN_V0.1UIR-ADR_410,1
10806190058,3,32918.0,2019-01-22,2,1910,3,0,1,2,1,6,205,0,0,0,1500,2,1,1,1,6,1,1,1,0,0,0,2,1,0,,3,32.0,15,3.0,0.0,0.0,0.0,1.0,3.0,1500,2.0,4.0,1.0,"-686230,029","-1036431,081","-686230,029","-1036431,081","-686232,078","-1036427,442",,,,silnice3.t¯Ìdy,32918,2012174.0,,OpaËn˝kesmÏru˙seku,Pomal˝,537900.0,,GN_V0.1UIR-ADR_410,2
10806190059,3,33016.0,2019-01-23,3,635,1,3,0,2,1,2,501,0,0,0,50,2,1,1,1,6,1,1,1,0,0,0,1,2,0,,17,,XX,,,,,,,0,,,,"-692367,761","-1038324,126","-692367,761","-1038324,126","-692367,017","-1038324,128",,,,silnice3.t¯Ìdy,33016,1350557.0,,Souhlasn˝sesmÏrem˙seku,Pomal˝,537055.0,,GN_V0.1UIR-ADR_410,2
10806190060,1,38.0,2019-01-23,3,1000,1,3,0,1,1,2,402,0,0,2,2400,2,1,1,1,1,1,1,1,3,3,0,4,3,19,3.0,3,39.0,99,1.0,0.0,1.0,0.0,1.0,24.0,400,2.0,1.0,1.0,"-693569,842","-1045196,471","-693569,842","-1045196,471","-693569,833","-1045196,462",,,,silnice1.t¯Ìdy,38,2880349.0,,Souhlasn˝sesmÏrem˙seku,Pomal˝,537683.0,,GN_V0.1UIR-ADR_410,2
10806190061,3,3318.0,2019-01-23,3,1640,1,2,0,1,1,2,516,0,0,1,0,2,1,1,1,2,1,1,1,3,3,2,4,2,19,6.0,3,42.0,18,1.0,0.0,1.0,0.0,1.0,12.0,0,2.0,1.0,1.0,"-697980,191","-1037688,256","-697989,851","-1037685,036","-697989,921","-1037685,409",Nymburk,Zboûsk·,,silnice3.t¯Ìdy,3318,254310.0,,OpaËn˝kesmÏru˙seku,Pomal˝,537004.0,320170.0,GN_V0.1UIR-ADR_410,1
10806190063,1,38.0,2019-01-24,4,930,9,0,0,1,1,2,402,0,0,1,1000,2,1,1,1,1,1,1,8,3,3,0,4,2,19,3.0,3,39.0,10,1.0,0.0,0.0,0.0,1.0,24.0,0,2.0,1.0,1.0,"-693577,811","-1045201,279","-693573,449","-1045193,127","-693573,499","-1045193,182",,,,silnice1.t¯Ìdy,38,2880349.0,,OpaËn˝kesmÏru˙seku,Pomal˝,537683.0,,GN_V0.1UIR-ADR_410,2
10806190064,3,27948.0,2019-01-24,4,1255,5,0,0,2,4,0,100,0,0,0,500,2,1,1,1,1,1,1,1,0,0,0,1,1,0,,3,39.0,17,3.0,0.0,1.0,0.0,1.0,1.0,500,2.0,1.0,1.0,"-688896,681","-1021218,691","-688896,681","-1021218,691","-688897,012","-1021218,827",,,,silnice3.t¯Ìdy,27948,1881345.0,,OpaËn˝kesmÏru˙seku,Pomal˝,537349.0,,GN_V0.1UIR-ADR_410,2
10806190065,1,38.0,2019-01-24,4,700,5,0,0,2,4,0,100,0,0,0,200,2,1,1,1,6,1,1,1,0,0,0,1,1,0,,3,47.0,04,1.0,0.0,0.0,0.0,1.0,1.0,200,2.0,1.0,1.0,"-691919,851","-1051396,743","-691919,851","-1051396,743","-691922,315","-1051395,476",,,,silnice1.t¯Ìdy,38,1879569.0,,OpaËn˝kesmÏru˙seku,Pomal˝,537675.0,,GN_V0.1UIR-ADR_410,2
10806190066,2,332.0,2019-01-25,5,945,3,0,4,2,1,2,511,0,0,0,1600,2,1,1,1,1,1,1,1,3,3,0,5,1,19,2.0,3,42.0,11,3.0,0.0,1.0,0.0,1.0,31.0,1500,2.0,1.0,1.0,"-708113,692","-1032194,615","-708113,692","-1032194,615","-708116,97","-1032193,343",Milovice,MÌrov·,,silnice2.t¯Ìdy,332,238354.0,,Souhlasn˝sesmÏrem˙seku,Pomal˝,537501.0,318825.0,GN_V0.1UIR-ADR_410,1
10806190067,1,32.0,2019-01-25,5,1935,5,0,0,2,4,0,100,0,0,0,1250,2,1,1,1,6,1,1,1,0,0,0,1,1,0,,3,48.0,14,1.0,0.0,0.0,0.0,1.0,1.0,1200,3.0,1.0,1.0,"-682885,812","-1031339,198","-682885,812","-1031339,198","-682888,002","-1031336,316",,,,silnice1.t¯Ìdy,32,2879262.0,,OpaËn˝kesmÏru˙seku,Pomal˝,537225.0,,GN_V0.1UIR-ADR_410,2
10806190068,2,331.0,2019-01-26,6,645,3,0,3,2,1,2,204,0,0,0,330,2,6,1,5,7,1,1,8,0,0,7,2,1,0,,3,47.0,00,1.0,0.0,1.0,0.0,1.0,3.0,300,2.0,1.0,1.0,"-709071,759","-1036787,626","-709071,759","-1036787,626","-709071,835","-1036787,199",,,,silnice2.t¯Ìdy,331,3268447.0,,Souhlasn˝sesmÏrem˙seku,Pomal˝,537624.0,,GN_V0.1UIR-ADR_410,2
10806190069,3,32925.0,2019-01-26,6,1100,1,2,0,2,1,2,204,0,0,0,1270,2,8,1,1,1,1,1,1,0,0,5,1,2,0,,3,47.0,95,1.0,1.0,1.0,0.0,1.0,3.0,200,2.0,1.0,1.0,"-689888,009","-1030013,546","-689888,009","-1030013,546","-689888,028","-1030009,337",K¯inec,Chotuck·,,silnice3.t¯Ìdy,32925,233576.0,,OpaËn˝kesmÏru˙seku,Pomal˝,537411.0,316806.0,GN_V0.1UIR-ADR_410,1
10806190070,2,328.0,2019-01-26,6,1219,2,0,0,1,1,2,204,0,0,1,3300,2,8,1,0,1,1,1,8,0,0,0,1,3,0,,3,39.0,17,3.0,0.0,1.0,0.0,1.0,3.0,2500,2.0,1.0,1.0,"-678978,872","-1039272,901","-678978,872","-1039272,901","-678971,793","-1039269,643",,,,silnice2.t¯Ìdy,328,260041.0,,Souhlasn˝sesmÏrem˙seku,Pomal˝,537489.0,318558.0,GN_V0.1UIR-ADR_410,2
10806190071,2,330.0,2019-01-26,6,1300,3,0,3,2,1,2,204,0,0,0,180,2,8,1,5,1,1,1,3,3,3,0,5,1,19,6.0,3,39.0,13,1.0,1.0,1.0,0.0,1.0,13.0,150,3.0,1.0,1.0,"-684640,291","-1034675,687","-684647,804","-1034678,37","-684647,65","-1034678,886",»inÏves,,,silnice2.t¯Ìdy,330,988828.0,,Souhlasn˝sesmÏrem˙seku,Pomal˝,537080.0,,GN_V0.1UIR-ADR_410,1
10806190072,6,,2019-01-26,6,1340,3,0,2,2,1,2,204,0,0,0,450,2,8,1,5,1,1,1,6,3,3,1,4,1,10,6.0,3,39.0,17,3.0,1.0,1.0,0.0,1.0,5.0,300,2.0,1.0,1.0,"-692298,04","-1042381,672","-692298,04","-1042381,672","-692296,68","-1042380,433",PodÏbrady,ZaN·draûÌm,,mÌstnÌkomunikace,,2880052.0,,Souhlasn˝sesmÏrem˙seku,Pomal˝,537683.0,321532.0,GN_V0.1UIR-ADR_410,1
10806190073,2,331.0,2019-01-26,6,1645,3,0,1,1,1,2,204,0,0,1,1500,2,8,1,3,2,1,1,8,0,0,0,2,1,0,,3,39.0,13,1.0,1.0,1.0,0.0,1.0,3.0,1500,2.0,1.0,1.0,"-694701,983","-1039553,063","-694701,983","-1039553,063","-694703,483","-1039553,91",,,,silnice2.t¯Ìdy,331,1357032.0,,OpaËn˝kesmÏru˙seku,Pomal˝,537683.0,,GN_V0.1UIR-ADR_410,2
10806190074,2,331.0,2019-01-26,6,2345,2,0,0,2,1,9,508,0,0,0,900,2,3,1,1,4,1,1,6,3,3,1,2,2,0,,3,39.0,02,1.0,1.0,1.0,1.0,1.0,13.0,500,2.0,5.0,1.0,"-702960,104","-1037512,135","-702960,104","-1037512,135","-702959,524","-1037507,597",KostomlatynadLabem,9.kvÏtna,,silnice2.t¯Ìdy,331,253778.0,,Souhlasn˝sesmÏrem˙seku,Pomal˝,537331.0,316237.0,GN_V0.1UIR-ADR_410,1
10806190075,3,32919.0,2019-01-27,0,825,3,0,9,1,1,2,204,0,0,1,2060,2,5,1,1,1,1,1,1,3,4,0,5,1,19,3.0,3,39.0,18,3.0,1.0,1.0,0.0,1.0,32.0,2000,2.0,1.0,1.0,"-686558,929","-1039610,354","-686558,929","-1039610,354","-686556,509","-1039608,726",,,,silnice3.t¯Ìdy,32919,2012180.0,,OpaËn˝kesmÏru˙seku,Pomal˝,537799.0,,GN_V0.1UIR-ADR_410,2
10806190076,2,503.0,2019-01-27,0,1020,5,0,0,2,4,0,100,0,0,0,1500,2,3,1,1,1,1,1,1,0,0,0,1,1,0,,3,4.0,11,1.0,0.0,1.0,0.0,1.0,3.0,1500,2.0,1.0,1.0,"-696144,226","-1039527,579","-696144,226","-1039527,579","-696145,335","-1039529,062",,,,mÌstnÌkomunikace,503,1571841.0,,OpaËn˝kesmÏru˙seku,Pomal˝,537373.0,,GN_V0.1UIR-ADR_410,2
10806190077,2,330.0,2019-01-28,1,1038,5,0,0,2,4,0,100,0,0,0,330,2,1,1,1,1,1,1,1,0,0,0,3,2,0,,3,47.0,08,1.0,0.0,0.0,0.0,1.0,1.0,100,3.0,1.0,1.0,"-695716,105","-1038378,234","-695716,105","-1038378,234","-695714,889","-1038376,451",,,,silnice2.t¯Ìdy,330,2878472.0,,Souhlasn˝sesmÏrem˙seku,Pomal˝,537004.0,,GN_V0.1UIR-ADR_410,2
10806190078,3,27517.0,2019-01-27,0,2560,3,0,6,2,1,0,204,0,0,0,50,2,3,1,1,1,1,1,3,3,3,0,4,1,19,3.0,17,,XX,,,,,,,0,,,,"-695244,03","-1029767,85","-695244,03","-1029767,85","-695250,399","-1029768,925",JÌkev,,,silnice3.t¯Ìdy,27517,987181.0,,OpaËn˝kesmÏru˙seku,Pomal˝,537250.0,,GN_V0.1UIR-ADR_410,1
10806190079,3,2722.0,2019-01-28,1,1515,3,0,9,2,1,0,501,0,0,0,600,2,1,1,1,1,1,1,1,0,0,0,2,2,0,,17,,XX,,,,,,,0,,,,"-709320,52","-1039013,538","-709320,52","-1039013,538","-709317,263","-1039009,799",Semice,,,silnice3.t¯Ìdy,2722,989592.0,,Souhlasn˝sesmÏrem˙seku,Pomal˝,537781.0,,GN_V0.1UIR-ADR_410,1
10806190080,2,125.0,2019-01-28,1,1940,5,0,0,2,4,0,100,0,0,0,550,2,1,1,1,6,1,1,1,0,0,0,1,1,0,,3,39.0,16,1.0,0.0,0.0,0.0,1.0,3.0,550,3.0,1.0,1.0,"-688226,198","-1047307,873","-688226,198","-1047307,873","-688223,957","-1047307,419",,,,silnice2.t¯Ìdy,125,1486907.0,,OpaËn˝kesmÏru˙seku,Pomal˝,537586.0,,GN_V0.1UIR-ADR_410,2
10806190081,6,,2019-01-28,1,1800,2,0,0,2,1,2,504,0,0,0,530,2,1,1,1,4,1,1,1,3,3,0,5,2,10,6.0,3,35.0,02,1.0,0.0,0.0,0.0,1.0,5.0,30,2.0,1.0,1.0,"-697609,716","-1037024,074","-697609,716","-1037024,074","-697610,33","-1037026,06",Nymburk,JiËÌnsk·,,mÌstnÌkomunikace,,810961.0,,OpaËn˝kesmÏru˙seku,Pomal˝,537004.0,319309.0,GN_V0.1UIR-ADR_410,1
10806190082,7,,2019-01-29,2,1907,3,0,2,2,1,9,203,0,0,0,1000,1,1,1,1,4,1,1,1,0,0,9,2,1,0,,3,32.0,16,3.0,0.0,1.0,0.0,1.0,5.0,1000,2.0,5.0,1.0,"-685896,821","-1040112,06","-685896,821","-1040112,06","-685923,758","-1040079,841",Senice,,,silnice1.t¯Ìdy,32,2665238.0,,OpaËn˝kesmÏru˙seku,Pomal˝,537799.0,,GN_V0.1UIR-ADR_410,1
10806190083,2,331.0,2019-01-30,3,1000,1,2,0,2,1,2,403,0,0,0,1900,2,1,1,1,1,1,1,1,3,3,2,4,2,19,6.0,3,32.0,16,3.0,0.0,1.0,1.0,1.0,31.0,700,2.0,1.0,1.0,"-698304,794","-1038275,597","-698274,74","-1038283,111","-698275,735","-1038282,142",Nymburk,,,silnice2.t¯Ìdy,331,256455.0,,Souhlasn˝sesmÏrem˙seku,Pomal˝,537004.0,320005.0,GN_V0.1UIR-ADR_410,1
10806190084,2,272.0,2019-01-30,3,1345,1,2,0,2,1,2,403,0,0,0,2000,2,1,1,1,1,1,1,1,3,3,2,4,2,19,2.0,3,47.0,18,3.0,0.0,1.0,0.0,1.0,42.0,1500,2.0,1.0,1.0,"-711207,044","-1034386,289","-711238,709","-1034381,995","-711239,075","-1034381,999",Lys·nadLabem,Husovon·mÏstÌ,,silnice2.t¯Ìdy,272,2851881.0,,OpaËn˝kesmÏru˙seku,Pomal˝,537454.0,317420.0,GN_V0.1UIR-ADR_410,1
10806190085,2,331.0,2019-01-30,3,1713,1,1,0,1,1,2,501,0,0,2,1850,2,1,1,1,2,1,1,1,0,0,0,1,3,0,,3,39.0,98,1.0,0.0,1.0,1.0,1.0,1.0,250,3.0,1.0,1.0,"-700032,95","-1038686,963","-700032,95","-1038686,963","-700032,748","-1038686,484",,,,silnice2.t¯Ìdy,331,3231437.0,,OpaËn˝kesmÏru˙seku,Pomal˝,537004.0,,GN_V0.1UIR-ADR_410,2
10806190086,6,,2019-01-30,3,1800,2,0,0,2,1,0,504,0,0,0,200,2,1,1,1,4,1,0,1,0,0,0,1,2,0,,3,32.0,01,1.0,0.0,1.0,0.0,1.0,5.0,100,2.0,1.0,1.0,"-711137,67","-1033550,091","-711137,67","-1033550,091","-711134,365","-1033546,397",Lys·nadLabem,SÌdliötÏ,,mÌstnÌkomunikace,,2851818.0,,Souhlasn˝sesmÏrem˙seku,Pomal˝,537454.0,657379.0,GN_V0.1UIR-ADR_410,1
10806190087,2,275.0,2019-01-31,4,1030,5,0,0,2,4,0,100,0,0,0,830,2,1,1,1,1,1,1,1,0,5,0,1,1,0,,3,47.0,17,3.0,0.0,1.0,0.0,1.0,3.0,800,2.0,1.0,1.0,"-691897,054","-1026670,378","-691897,054","-1026670,378","-691897,255","-1026670,411",,,,silnice2.t¯Ìdy,275,3118579.0,,OpaËn˝kesmÏru˙seku,Pomal˝,537411.0,,GN_V0.1UIR-ADR_410,2
10806190088,2,272.0,2019-01-31,4,1548,2,0,0,2,1,0,504,0,0,0,50,1,1,1,1,1,1,1,1,0,5,8,1,2,0,,17,,XX,,,,,,,0,,,,"-710923,366","-1033363,535","-710923,366","-1033363,535","-710893,784","-1033367,168",Lys·nadLabem,KeVrutici,,silnice2.t¯Ìdy,272,241207.0,,Souhlasn˝sesmÏrem˙seku,Pomal˝,537454.0,657344.0,GN_V0.1UIR-ADR_410,1
11106190001,1,4.0,2019-01-01,2,1703,5,0,0,2,4,0,100,0,0,0,170,2,3,1,4,7,1,1,1,0,0,0,1,1,0,,5,13.0,03,3.0,0.0,0.0,0.0,1.0,1.0,150,2.0,1.0,5.0,"-775576,109","-1093642,053","-775592,76","-1093642,59","-775593,989","-1093642,918",,,,silnice1.t¯Ìdy,4,2561710.0,,OpaËn˝kesmÏru˙seku,Pomal˝,529664.0,,GN_V0.1UIR-ADR_410,2
11106190002,2,114.0,2019-01-02,3,815,5,0,0,2,4,0,100,0,0,0,200,2,3,1,1,1,1,1,1,0,0,0,1,1,0,,3,39.0,14,3.0,0.0,0.0,0.0,1.0,1.0,200,2.0,1.0,1.0,"-769067,825","-1070973,355","-769067,825","-1070973,355","-769071,05","-1070976,008",,,,silnice2.t¯Ìdy,114,2800326.0,,OpaËn˝kesmÏru˙seku,Pomal˝,540111.0,,GN_V0.1UIR-ADR_410,2
11106190003,2,118.0,2019-01-02,3,940,9,0,0,2,1,2,204,0,0,0,1050,2,8,1,1,1,1,1,8,0,0,0,2,1,0,,5,10.0,09,3.0,0.0,0.0,0.0,1.0,3.0,1000,3.0,1.0,1.0,"-776675,353","-1075966,005","-776675,353","-1075966,005","-776681,593","-1075965,838",,,,silnice2.t¯Ìdy,118,3116981.0,,OpaËn˝kesmÏru˙seku,Pomal˝,540242.0,,GN_V0.1UIR-ADR_410,2
11106190004,3,10245.0,2019-01-02,3,1505,3,0,1,1,1,2,204,0,0,2,600,2,5,1,5,1,1,1,1,0,0,0,2,1,0,,3,25.0,04,1.0,1.0,1.0,1.0,1.0,1.0,600,2.0,1.0,1.0,"-773807,483","-1097277,167","-773807,483","-1097277,167","-773804,472","-1097275,462",,,,silnice3.t¯Ìdy,10245,1873260.0,,OpaËn˝kesmÏru˙seku,Pomal˝,540536.0,,GN_V0.1UIR-ADR_410,2
11106190005,1,4.0,2019-01-02,3,1530,3,0,4,2,1,2,204,0,0,0,200,2,3,1,1,1,1,1,1,0,0,0,1,1,0,,3,39.0,99,1.0,1.0,0.0,0.0,1.0,1.0,100,2.0,1.0,1.0,"-775489,933","-1094072,204","-775489,933","-1094072,204","-775489,278","-1094072,042",,,,silnice1.t¯Ìdy,4,2008303.0,,Souhlasn˝sesmÏrem˙seku,Pomal˝,529664.0,,GN_V0.1UIR-ADR_410,2
11106190006,2,118.0,2019-01-02,3,1600,1,1,0,1,1,2,204,0,0,4,1000,2,5,1,1,1,1,1,1,0,0,0,2,2,0,,3,35.0,11,1.0,0.0,0.0,0.0,1.0,1.0,500,2.0,1.0,1.0,"-777515,43","-1080601,378","-777515,43","-1080601,378","-777518,894","-1080601,298",,,,silnice2.t¯Ìdy,118,397998.0,,Souhlasn˝sesmÏrem˙seku,Pomal˝,598429.0,,GN_V0.1UIR-ADR_410,2
11106190007,6,,2019-01-02,3,1630,1,1,0,2,1,2,204,0,0,0,600,2,5,1,6,2,1,1,1,0,0,0,1,2,0,,3,47.0,16,3.0,1.0,1.0,0.0,1.0,5.0,200,2.0,1.0,1.0,"-777643,268","-1082270,482","-777644,342","-1082288,745","-777643,266","-1082288,981",PÿÕBRAMI,Jineck·,,mÌstnÌkomunikace,,832930.0,,OpaËn˝kesmÏru˙seku,Pomal˝,539911.0,528200.0,GN_V0.1UIR-ADR_410,1
11106190008,6,,2019-01-02,3,1630,1,4,0,2,1,2,204,0,0,0,400,2,5,1,1,2,1,1,1,0,0,0,1,2,0,,3,13.0,01,1.0,0.0,0.0,0.0,1.0,5.0,200,2.0,1.0,1.0,"-777643,268","-1082270,482","-777641,657","-1082283,373","-777642,015","-1082283,294",P¯Ìbram,Jineck·,,mÌstnÌkomunikace,,832930.0,,Souhlasn˝sesmÏrem˙seku,Pomal˝,539911.0,528200.0,GN_V0.1UIR-ADR_410,1
11106190009,1,4.0,2019-01-02,3,2045,5,0,0,2,4,0,100,0,0,0,810,2,3,1,1,6,1,3,1,0,0,0,1,1,0,,3,44.0,13,2.0,0.0,0.0,0.0,1.0,1.0,800,2.0,1.0,1.0,"-771361,207","-1081038,1","-771361,207","-1081038,1","-771358,201","-1081043,502",,,,silnice1.t¯Ìdy,D4,3529154.0,,Souhlasn˝sesmÏrem˙seku,Pomal˝,540153.0,,GN_V0.1UIR-ADR_410,2
11106190010,3,11441.0,2019-01-02,3,930,5,0,0,2,4,0,100,0,0,0,250,2,3,1,1,1,1,1,1,0,0,0,1,1,0,,3,39.0,18,3.0,0.0,0.0,0.0,1.0,1.0,250,2.0,1.0,1.0,"-743962,205","-1089224,787","-743962,205","-1089234,455","-743961,876","-1089234,103",,,,silnice3.t¯Ìdy,11441,2017227.0,,Souhlasn˝sesmÏrem˙seku,Pomal˝,541133.0,,GN_V0.1UIR-ADR_410,2
11106190011,3,11417.0,2019-01-01,2,2560,1,2,0,2,1,0,501,0,0,0,50,2,1,1,1,2,1,1,1,0,0,0,2,2,0,,3,35.0,07,1.0,0.0,0.0,0.0,1.0,3.0,0,9.0,,,"-777475,878","-1082172,767","-777475,878","-1082172,767","-777474,806","-1082173,883",,,,silnice3.t¯Ìdy,11417,3116927.0,,Souhlasn˝sesmÏrem˙seku,Pomal˝,539911.0,784605.0,GN_V0.1UIR-ADR_410,2
11106190012,2,114.0,2019-01-03,4,855,3,0,3,2,1,2,508,0,0,0,30,2,3,1,5,3,1,1,1,0,0,1,1,1,0,,5,19.0,05,3.0,0.0,0.0,0.0,1.0,3.0,0,3.0,1.0,1.0,"-764734,831","-1074242,574","-764739,666","-1074220,552","-764739,682","-1074220,514",Dob¯Ìö,Praûsk·,,silnice2.t¯Ìdy,114,378444.0,,Souhlasn˝sesmÏrem˙seku,Pomal˝,540111.0,526363.0,GN_V0.1UIR-ADR_410,1
11106190013,6,,2019-01-02,3,1000,3,0,6,2,1,0,508,0,0,0,20,5,3,1,5,3,1,1,1,3,3,0,5,1,10,7.0,5,19.0,01,3.0,0.0,3.0,0.0,1.0,5.0,0,0.0,1.0,1.0,"-774011,351","-1076396,317","-774011,351","-1076396,317","-774011,219","-1076398,088",PiËÌn,,,mÌstnÌkomunikace,,1227268.0,,Souhlasn˝sesmÏrem˙seku,Pomal˝,541052.0,,GN_V0.1UIR-ADR_410,1
11106190014,6,,2019-01-03,4,1356,7,3,0,2,1,2,402,0,0,0,600,2,6,1,5,3,1,1,1,3,3,3,1,2,0,,3,39.0,03,3.0,1.0,1.0,1.0,1.0,5.0,400,2.0,1.0,1.0,"-745170,713","-1090644,77","-745163,192","-1090639,936","-745163,444","-1090639,65",KosovaHora,,,mÌstnÌkomunikace,,2800804.0,,Souhlasn˝sesmÏrem˙seku,Pomal˝,540498.0,,GN_V0.1UIR-ADR_410,1
11106190015,1,18.0,2019-01-03,4,1515,9,0,0,2,1,2,511,0,0,0,500,2,8,1,7,3,1,1,8,0,5,0,1,1,0,,8,78.0,03,4.0,0.0,1.0,0.0,1.0,1.0,500,4.0,1.0,1.0,"-788615,825","-1090550,973","-788612,065","-1090554,195","-788611,725","-1090554,516",,,,silnice1.t¯Ìdy,18,2800301.0,,OpaËn˝kesmÏru˙seku,Pomal˝,541231.0,,GN_V0.1UIR-ADR_410,2
11106190016,6,,2019-01-03,4,1815,9,0,0,2,1,2,204,0,0,0,300,2,8,1,6,6,1,1,8,0,0,0,3,1,0,,3,35.0,98,3.0,1.0,0.0,0.0,1.0,5.0,300,3.0,1.0,1.0,"-764885,935","-1077048,857","-764885,935","-1077048,857","-764887,218","-1077051,055",,,,mÌstnÌkomunikace,,386218.0,,Souhlasn˝sesmÏrem˙seku,Pomal˝,541389.0,,GN_V0.1UIR-ADR_410,2
11106190017,6,,2019-01-03,4,1400,3,0,9,2,1,2,204,0,0,0,1650,2,6,2,6,3,1,1,1,0,5,0,3,1,0,,3,35.0,18,3.0,1.0,0.0,0.0,1.0,5.0,1500,2.0,1.0,1.0,"-754417,81","-1072805,15","-754417,273","-1072804,076","-754417,327","-1072804,145",Velk·LeËice,,,mÌstnÌkomunikace,,1001035.0,,OpaËn˝kesmÏru˙seku,Pomal˝,513539.0,,GN_V0.1UIR-ADR_410,1
11106190018,2,105.0,2019-01-04,5,920,3,0,2,2,1,2,204,0,0,0,450,2,8,1,5,3,1,1,8,0,0,0,2,1,0,,3,32.0,03,1.0,1.0,1.0,1.0,1.0,1.0,300,2.0,1.0,1.0,"-756702,453","-1101196,627","-756702,453","-1101196,627","-756701,034","-1101195,534",Petrovice,,,silnice2.t¯Ìdy,105,1019762.0,,Souhlasn˝sesmÏrem˙seku,Pomal˝,541044.0,,GN_V0.1UIR-ADR_410,1
11106190019,6,,2019-01-04,5,930,3,0,9,2,1,2,508,0,0,0,220,1,3,1,5,3,1,0,0,0,0,0,1,1,0,,5,35.0,16,3.0,0.0,0.0,0.0,1.0,5.0,200,2.0,1.0,1.0,"-778148,669","-1082881,634","-778148,669","-1082881,634","-778150,326","-1082876,999",P¯ÌbramI,Praûsk·,,mÌstnÌkomunikace,,1484066.0,,,Pomal˝,539911.0,529095.0,GN_V0.1UIR-ADR_410,1
11106190020,6,,2019-01-04,5,1205,3,0,1,1,1,2,204,0,1,3,100,2,6,1,5,3,1,1,8,0,0,0,2,1,0,,3,99.0,85,15.0,1.0,1.0,1.0,1.0,5.0,100,4.0,1.0,1.0,"-782526,613","-1070897,236","-782526,613","-1070897,236","-782526,711","-1070900,164",,,,mÌstnÌkomunikace,,2007092.0,,,Pomal˝,540587.0,,GN_V0.1UIR-ADR_410,2
11106190021,1,4.0,2019-01-04,5,1210,3,0,4,2,1,2,205,0,0,0,350,2,8,1,5,3,1,3,3,0,0,0,3,1,0,,3,39.0,06,1.0,1.0,0.0,1.0,1.0,3.0,200,2.0,1.0,1.0,"-763634,009","-1074455,302","-763634,009","-1074455,302","-763640,317","-1074450,201",,,,silnice1.t¯Ìdy,D4,1354215.0,,Souhlasn˝sesmÏrem˙seku,Pomal˝,541338.0,,GN_V0.1UIR-ADR_410,2