IDENTIFIKA»NÕ »ÕSLO,DRUH POZEMNÕ KOMUNIKACE,»ÕSLO POZEMNÕ KOMUNIKACE,"den, mÏsÌc, rok",,Ëas ,DRUH NEHODY,DRUH SR¡éKY JEDOUCÕCH VOZIDEL,DRUH PEVN… PÿEK¡éKY,CHARAKTER NEHODY,ZAVINÃNÕ NEHODY,ALKOHOL U VINÕKA NEHODY PÿÕTOMEN,HLAVNÕ PÿÕ»INY NEHODY,usmrceno osob,tÏûce zranÏno osob,lehce zranÏno osob,CELKOV¡ HMOTN¡ äKODA,DRUH POVRCHU VOZOVKY,STAV POVRCHU VOZOVKY V DOBÃ NEHODY,STAV KOMUNIKACE,POVÃTRNOSTNÕ PODMÕNKY V DOBÃ NEHODY,VIDITELNOST,ROZHLEDOV… POMÃRY,DÃLENÕ KOMUNIKACE,SITUOV¡NÕ NEHODY NA KOMUNIKACI,ÿÕZENÕ PROVOZU V DOBÃ NEHODY,MÕSTNÕ ⁄PRAVA PÿEDNOSTI V JÕZDÃ,SPECIFICK¡ MÕSTA A OBJEKTY V MÕSTÃ NEHODY,SMÃROV… POMÃRY,PO»ET Z⁄»ASTNÃN›CH VOZIDEL,MÕSTO DOPRAVNÕ NEHODY,DRUH KÿIéUJÕCÕ KOMUNIKACE,DRUH VOZIDLA,V›ROBNÕ ZNA»KA MOTOROV…HO VOZIDLA,ROK V›ROBY VOZIDLA,CHARAKTERISTIKA VOZIDLA ,SMYK,VOZIDLO PO NEHODÃ,"⁄NIK PROVOZNÕCH, PÿEPRAVOVAN›CH HMOT",ZPŸSOB VYPROäTÃNÕ OSOB Z VOZIDLA,SMÃR JÕZDY NEBO POSTAVENÕ VOZIDLA,äKODA NA VOZIDLE,KATEGORIE ÿIDI»E,STAV ÿIDI»E,VNÃJäÕ OVLIVNÃNÕ ÿIDI»E,nan.1,nan.2,nan.3,nan.4,nan.5,nan.6,nan.7,nan.8,nan.9,nan.10,nan.11,nan.12,nan.13,nan.14,nan.15,nan.16,nan.17,nan.18,LOKALITA NEHODY
11106190022,3,410.0,2019-01-04,5,1340,1,3,0,1,1,2,204,0,0,1,550,2,6,1,5,3,1,1,1,3,3,0,5,2,19,3.0,3,38.0,09,1.0,0.0,0.0,0.0,1.0,12.0,500,2.0,1.0,1.0,"-781704,034","-1094101,839","-781704,034","-1094101,839","-781703,21","-1094106,378",HorË·psko,,,silnice3.t¯Ìdy,00410,1015278.0,,Souhlasn˝sesmÏrem˙seku,Pomal˝,564257.0,,GN_V0.1UIR-ADR_410,1
11106190023,6,,2019-01-04,5,1455,1,1,0,2,1,2,204,0,0,0,1400,2,6,1,1,1,3,1,1,0,0,0,3,2,0,,3,25.0,08,1.0,0.0,0.0,0.0,1.0,5.0,600,2.0,1.0,1.0,"-748610,758","-1090904,864","-748610,758","-1090904,864","-748607,583","-1090905,203",SedlËany,,,mÌstnÌkomunikace,,427769.0,,Souhlasn˝sesmÏrem˙seku,Pomal˝,541281.0,,GN_V0.1UIR-ADR_410,1
11106190024,1,4.0,2019-01-04,5,2110,1,4,0,2,1,2,503,0,0,0,950,2,6,1,6,7,1,1,8,0,0,0,1,2,0,,3,39.0,02,1.0,1.0,1.0,0.0,1.0,1.0,250,2.0,1.0,1.0,"-775267,517","-1098879,194","-775257,312","-1098873,286","-775257,113","-1098873,346",,,,silnice1.t¯Ìdy,4,2006216.0,,Souhlasn˝sesmÏrem˙seku,Pomal˝,541613.0,,GN_V0.1UIR-ADR_410,2
11106190025,1,18.0,2019-01-05,6,615,3,0,9,2,1,2,204,0,0,0,410,2,8,1,7,7,1,1,3,0,0,0,1,1,0,,3,13.0,08,1.0,1.0,0.0,0.0,1.0,1.0,400,4.0,1.0,1.0,"-788308,953","-1090238,432","-788310,027","-1090235,746","-788309,968","-1090235,802",,,,silnice1.t¯Ìdy,18,425912.0,,OpaËn˝kesmÏru˙seku,Pomal˝,541231.0,,GN_V0.1UIR-ADR_410,2
11106190026,2,105.0,2019-01-01,2,2560,3,0,9,2,1,0,204,0,0,0,200,2,6,1,6,2,1,1,3,0,0,0,3,1,0,,5,7.0,18,3.0,1.0,0.0,0.0,1.0,1.0,200,2.0,1.0,1.0,,,"-756405,857","-1101497,174","-756402,659","-1101466,464",,,,mÌstnÌkomunikace,,2051687.0,,,Pomal˝,541044.0,,GN_V0.1UIR-ADR_410,2
11106190027,3,11417.0,2019-01-05,6,1345,3,0,1,1,1,2,205,0,0,1,800,2,3,1,1,1,1,1,1,0,0,0,2,1,0,,3,44.0,06,1.0,1.0,0.0,1.0,1.0,1.0,800,2.0,0.0,1.0,"-775432,338","-1081271,298","-775435,561","-1081254,109","-775435,872","-1081252,522",,,,silnice3.t¯Ìdy,11417,2008182.0,,OpaËn˝kesmÏru˙seku,Pomal˝,564508.0,,GN_V0.1UIR-ADR_410,2
11106190028,3,11628.0,2019-01-06,0,610,3,0,9,2,1,2,501,0,0,0,600,2,1,1,1,4,1,1,1,0,0,0,1,1,0,,3,39.0,18,3.0,0.0,0.0,0.0,1.0,1.0,600,2.0,1.0,1.0,"-761105,721","-1070568,815","-761000,445","-1070594,06","-761000,621","-1070594,276",,,,silnice3.t¯Ìdy,11628,365209.0,,Souhlasn˝sesmÏrem˙seku,Pomal˝,540889.0,,GN_V0.1UIR-ADR_410,2
11106190029,2,118.0,2019-01-07,1,530,5,0,0,2,4,0,100,0,0,0,120,2,3,1,5,7,1,1,1,0,0,0,3,1,0,,3,17.0,12,1.0,0.0,1.0,0.0,1.0,1.0,120,3.0,1.0,5.0,"-768995,179","-1087755,992","-768995,179","-1087755,992","-768998,583","-1087757,3",,,,silnice2.t¯Ìdy,118,3265413.0,,OpaËn˝kesmÏru˙seku,Pomal˝,540374.0,,GN_V0.1UIR-ADR_410,2
11106190030,2,118.0,2019-01-07,1,520,3,0,1,1,1,2,508,0,0,1,100,2,3,1,5,7,1,1,8,0,0,0,2,1,0,,3,47.0,97,1.0,0.0,1.0,0.0,1.0,1.0,100,2.0,2.0,1.0,"-771095,001","-1086155,265","-771095,001","-1086155,265","-771096,781","-1086157,126",,,,silnice2.t¯Ìdy,118,2006186.0,,OpaËn˝kesmÏru˙seku,Pomal˝,540374.0,,GN_V0.1UIR-ADR_410,2
11106190031,2,174.0,2019-01-07,1,1815,5,0,0,2,4,0,100,0,0,0,600,2,3,1,1,6,1,1,1,0,0,0,1,1,0,,3,39.0,15,3.0,0.0,0.0,0.0,1.0,1.0,500,2.0,1.0,1.0,"-783583,383","-1095707,638","-783583,383","-1095707,638","-783575,796","-1095712,748",,,,silnice2.t¯Ìdy,174,2802031.0,,Souhlasn˝sesmÏrem˙seku,Pomal˝,540013.0,,GN_V0.1UIR-ADR_410,2
11106190032,1,18.0,2019-01-07,1,1800,3,0,9,2,1,0,508,0,0,0,100,2,3,1,1,4,1,1,3,3,3,2,5,1,19,6.0,17,,XX,,,,,,,0,,,,"-779915,779","-1083394,643","-779899,127","-1083379,602","-779898,933","-1083379,626",P¯ÌbramVI,Roûmit·lsk·,,silnice1.t¯Ìdy,18,404621.0,,Souhlasn˝sesmÏrem˙seku,Pomal˝,539911.0,529184.0,GN_V0.1UIR-ADR_410,1
11106190033,2,176.0,2019-01-08,2,730,1,3,0,2,1,2,501,0,0,0,600,2,6,1,5,2,1,1,1,0,5,0,1,2,0,,3,39.0,12,3.0,0.0,0.0,0.0,1.0,1.0,400,2.0,1.0,1.0,"-789795,04","-1097683,6","-789797,188","-1097659,428","-789797,197","-1097659,323",,,,silnice2.t¯Ìdy,176,2007720.0,,OpaËn˝kesmÏru˙seku,Pomal˝,541524.0,,GN_V0.1UIR-ADR_410,2
11106190034,1,18.0,2019-01-07,1,1800,5,0,0,2,4,0,100,0,0,0,410,2,3,1,1,6,4,1,1,0,5,0,1,1,0,,3,17.0,17,3.0,0.0,0.0,0.0,1.0,3.0,400,2.0,1.0,1.0,"-766587,894","-1083655,668","-766595,414","-1083675,006","-766595,51","-1083675,267",,,,silnice1.t¯Ìdy,18,1357987.0,,OpaËn˝kesmÏru˙seku,Pomal˝,540811.0,,GN_V0.1UIR-ADR_410,2
11106190035,1,66.0,2019-01-08,2,1053,1,1,0,1,1,2,501,1,0,0,1000,2,3,1,1,1,1,1,1,0,0,0,3,2,0,,3,39.0,96,1.0,0.0,0.0,0.0,1.0,1.0,300,3.0,0.0,1.0,"-778864,735","-1084541,097","-778864,735","-1084541,097","-778863,287","-1084541,914",,,,silnice1.t¯Ìdy,66,1574653.0,,OpaËn˝kesmÏru˙seku,Pomal˝,539911.0,528544.0,GN_V0.1UIR-ADR_410,2
11106190036,6,,2019-01-08,2,2015,3,0,5,2,1,2,509,0,0,0,600,2,1,1,1,4,1,0,0,0,0,0,1,2,0,,3,26.0,07,1.0,0.0,0.0,0.0,1.0,5.0,300,2.0,1.0,1.0,"-778816,932","-1083052,614","-778792,225","-1083030,592","-778792,282","-1083031,715",P¯ÌbramIV,PetraBezruËe,,mÌstnÌkomunikace,,716127.0,,Souhlasn˝sesmÏrem˙seku,Pomal˝,539911.0,528919.0,GN_V0.1UIR-ADR_410,1
11106190037,1,0.0,2019-01-09,3,550,3,0,1,2,1,2,204,0,0,0,2000,2,3,1,4,7,1,3,8,0,0,0,3,1,0,,3,4.0,16,3.0,1.0,0.0,0.0,1.0,1.0,2000,3.0,1.0,1.0,"-768661,611","-1079495,885","-768661,611","-1079495,885","-768661,902","-1079495,55",,,,silnice1.t¯Ìdy,D4,3068741.0,,Souhlasn˝sesmÏrem˙seku,Pomal˝,513504.0,,GN_V0.1UIR-ADR_410,2
11106190038,1,4.0,2019-01-09,3,850,3,0,3,1,1,2,204,0,0,1,680,2,5,1,5,1,1,1,1,0,0,0,3,1,0,,5,47.0,16,3.0,0.0,0.0,0.0,1.0,1.0,600,2.0,1.0,1.0,"-772384,25","-1081705,34","-772336,983","-1081704,265","-772335,627","-1081705,466",,,,silnice1.t¯Ìdy,D4,1397985.0,,Souhlasn˝sesmÏrem˙seku,Pomal˝,540153.0,,GN_V0.1UIR-ADR_410,2
11106190039,2,114.0,2019-01-09,3,930,3,0,1,1,1,2,204,0,0,1,400,2,5,1,5,3,1,1,1,0,0,0,3,1,0,,3,39.0,07,1.0,0.0,0.0,0.0,1.0,3.0,400,2.0,1.0,1.0,"-769844,627","-1070215,587","-769844,627","-1070215,587","-769845,433","-1070217,265",,,,silnice2.t¯Ìdy,114,363554.0,,OpaËn˝kesmÏru˙seku,Pomal˝,531910.0,,GN_V0.1UIR-ADR_410,2
11106190040,3,11812.0,2019-01-09,3,1450,1,3,0,1,1,2,403,0,0,1,1100,2,3,1,5,3,1,1,1,3,3,0,4,2,19,3.0,3,48.0,10,1.0,0.0,1.0,0.0,1.0,43.0,600,3.0,1.0,1.0,"-776131,341","-1086694,151","-776130,267","-1086698,448","-776130,556","-1086698,9",,,,silnice3.t¯Ìdy,11812,2806832.0,,OpaËn˝kesmÏru˙seku,Pomal˝,598402.0,,GN_V0.1UIR-ADR_410,2
11106190041,2,118.0,2019-01-09,3,1600,1,3,0,1,1,2,204,0,1,0,800,2,5,1,5,3,1,1,1,0,0,0,3,2,0,,3,17.0,11,1.0,1.0,1.0,0.0,1.0,3.0,400,2.0,1.0,1.0,"-777388,051","-1079051,966","-777388,051","-1079051,966","-777365,389","-1079049,031",,,,silnice2.t¯Ìdy,118,2009568.0,,Souhlasn˝sesmÏrem˙seku,Pomal˝,598429.0,,GN_V0.1UIR-ADR_410,2
11106190042,2,118.0,2019-01-10,4,815,3,0,6,1,1,2,204,0,0,1,50,2,8,1,1,1,1,1,1,0,0,0,2,1,0,,3,39.0,94,1.0,1.0,0.0,0.0,1.0,3.0,50,2.0,1.0,1.0,"-766174,769","-1089119,734","-766174,769","-1089119,734","-766176,788","-1089123,448",,,,silnice2.t¯Ìdy,118,2006149.0,,OpaËn˝kesmÏru˙seku,Pomal˝,540129.0,,GN_V0.1UIR-ADR_410,2
11106190043,6,,2019-01-10,4,1145,2,0,0,2,1,2,204,0,0,0,250,2,8,1,1,1,1,1,1,0,0,0,2,2,0,,3,7.0,99,1.0,1.0,0.0,0.0,1.0,5.0,100,2.0,1.0,1.0,"-779292,431","-1084062,427","-779292,431","-1084062,427","-779291,697","-1084069,826",P¯ÌbramVII,,,mÌstnÌkomunikace,,1484235.0,,OpaËn˝kesmÏru˙seku,Pomal˝,539911.0,527793.0,GN_V0.1UIR-ADR_410,1
11106190044,3,11418.0,2019-01-10,4,1410,1,2,0,2,1,0,508,0,0,0,10,2,5,1,5,3,1,1,1,0,0,0,1,2,0,,17,,XX,,,,,,,0,,,,"-772057,882","-1076835,243","-772062,179","-1076805,7","-772062,22","-1076806,069",,,,silnice3.t¯Ìdy,11418,2005842.0,,OpaËn˝kesmÏru˙seku,Pomal˝,540021.0,,GN_V0.1UIR-ADR_410,2
11106190045,6,,2019-01-10,4,1515,1,3,0,2,1,2,205,0,0,0,800,2,6,1,5,3,1,1,1,0,0,0,3,2,0,,3,60.0,03,1.0,1.0,0.0,0.0,1.0,5.0,500,3.0,1.0,1.0,"-779920,85","-1083512,781","-779920,85","-1083512,781","-779921,737","-1083513,016",P¯ÌbramVI,éeûick·,,mÌstnÌkomunikace,,405323.0,,Souhlasn˝sesmÏrem˙seku,Pomal˝,539911.0,529834.0,GN_V0.1UIR-ADR_410,1
11106190046,1,18.0,2019-01-11,5,610,5,0,0,2,4,0,100,0,0,0,200,2,3,1,1,6,1,1,1,0,0,0,1,1,0,,3,39.0,06,1.0,0.0,0.0,0.0,1.0,3.0,200,2.0,1.0,5.0,"-756246,05","-1087475,424","-756246,05","-1087466,293","-756246,177","-1087467,612",,,,silnice1.t¯Ìdy,18,3294140.0,,OpaËn˝kesmÏru˙seku,Pomal˝,540218.0,,GN_V0.1UIR-ADR_410,2
11106190047,8,,2019-01-11,5,705,2,0,0,2,1,2,504,0,0,0,150,2,6,1,6,7,1,0,0,0,0,10,1,2,0,,3,13.0,01,1.0,0.0,0.0,0.0,1.0,5.0,50,2.0,1.0,1.0,"-778041,104","-1082776,378","-778041,104","-1082776,378","-778039,025","-1082775,607",P¯ÌbramI,t¯ÌdaKpt.OlesinskÈho,,mÌstnÌkomunikace,,1724764.0,,,Pomal˝,539911.0,529508.0,GN_V0.1UIR-ADR_410,1
11106190048,1,4.0,2019-01-11,5,1240,9,0,0,2,1,2,204,0,0,0,20,2,3,6,5,3,1,1,1,0,0,0,2,1,0,,5,2.0,05,3.0,0.0,0.0,0.0,1.0,1.0,20,3.0,1.0,1.0,"-775222,112","-1098722,323","-775215,666","-1098722,86","-775210,876","-1098724,327",,,,silnice1.t¯Ìdy,4,1358235.0,,Souhlasn˝sesmÏrem˙seku,Pomal˝,541613.0,,GN_V0.1UIR-ADR_410,2
11106190049,6,,2019-01-11,5,1540,1,4,0,2,1,2,504,0,0,0,500,2,8,1,1,1,2,1,1,3,5,0,5,2,10,6.0,3,26.0,18,1.0,0.0,0.0,0.0,1.0,5.0,300,4.0,1.0,1.0,"-765740,514","-1074168,039","-765739,44","-1074169,65","-765738,645","-1074170,887",Dob¯Ìö,PolnÌ,,mÌstnÌkomunikace,,378251.0,,OpaËn˝kesmÏru˙seku,Pomal˝,540111.0,526355.0,GN_V0.1UIR-ADR_410,1
11106190050,2,174.0,2019-01-11,5,1700,1,2,0,2,1,2,501,0,0,0,800,2,8,1,5,2,1,1,1,0,0,0,2,2,0,,3,47.0,00,1.0,1.0,0.0,0.0,1.0,1.0,300,2.0,1.0,1.0,"-783635,498","-1095794,071","-783635,498","-1095794,071","-783632,999","-1095795,973",,,,silnice2.t¯Ìdy,174,2802031.0,,Souhlasn˝sesmÏrem˙seku,Pomal˝,540013.0,,GN_V0.1UIR-ADR_410,2
11106190051,3,10230.0,2019-01-12,6,940,3,0,6,2,1,2,204,0,0,0,1020,2,5,1,1,1,1,1,1,0,0,0,3,1,0,,3,26.0,16,1.0,1.0,0.0,0.0,1.0,1.0,1000,2.0,1.0,1.0,"-758222,423","-1091952,225","-758222,423","-1091952,225","-758218,908","-1091950,264",,,,silnice3.t¯Ìdy,10230,2523318.0,,Souhlasn˝sesmÏrem˙seku,Pomal˝,541397.0,,GN_V0.1UIR-ADR_410,2
11106190052,2,114.0,2019-01-12,6,1130,1,3,0,2,1,2,306,0,0,0,800,1,3,1,1,1,1,1,1,0,0,10,1,2,0,,3,47.0,18,1.0,0.0,0.0,0.0,1.0,1.0,400,2.0,1.0,1.0,"-765160,981","-1074277,521","-765160,444","-1074273,761","-765160,469","-1074274,343",Dob¯Ìö,Praûsk·,,silnice2.t¯Ìdy,114,378613.0,,OpaËn˝kesmÏru˙seku,Pomal˝,540111.0,526363.0,GN_V0.1UIR-ADR_410,1
11106190053,6,,2019-01-11,5,2560,2,0,0,2,1,0,508,0,0,0,100,2,3,1,1,4,1,0,0,0,0,0,1,2,0,,17,,XX,,,,,,,0,,,,"-779523,121","-1083387,949","-779494,117","-1083375,058","-779493,283","-1083377,816",PÿÕBRAMVII,PodHaldou,,mÌstnÌkomunikace,,2806654.0,,OpaËn˝kesmÏru˙seku,Pomal˝,539911.0,528960.0,GN_V0.1UIR-ADR_410,1
11106190054,3,1918.0,2019-01-12,6,1415,3,0,1,1,1,2,510,0,0,2,5000,2,6,12,5,3,1,1,1,0,5,0,1,1,0,,5,26.0,05,8.0,1.0,1.0,0.0,1.0,5.0,5000,3.0,1.0,1.0,"-791050,794","-1086451,909","-791049,72","-1086448,686","-791050,521","-1086449,238",,,,silnice3.t¯Ìdy,1918,1010925.0,,Souhlasn˝sesmÏrem˙seku,Pomal˝,564524.0,,GN_V0.1UIR-ADR_410,2
11106190055,3,10528.0,2019-01-12,6,1630,3,0,1,2,1,2,204,0,0,0,800,2,6,1,3,2,1,1,1,0,5,0,3,1,0,,5,26.0,07,3.0,1.0,0.0,0.0,1.0,5.0,800,3.0,1.0,1.0,"-754264,157","-1094583,777","-754264,157","-1094583,777","-754264,128","-1094584,307",,,,silnice3.t¯Ìdy,10528,2006746.0,,OpaËn˝kesmÏru˙seku,Pomal˝,541591.0,,GN_V0.1UIR-ADR_410,2
11106190056,8,,2019-01-11,5,2560,2,0,0,2,1,0,508,0,0,0,300,2,3,1,1,1,1,0,0,0,0,0,1,2,0,,17,,XX,,,,,,,0,,,,"-774062,265","-1083519,768","-774062,265","-1083519,768","-774063,554","-1083520,031",Dubenec,,,mÌstnÌkomunikace,,2562869.0,,,Pomal˝,598381.0,,GN_V0.1UIR-ADR_410,1
11106190057,0,4.0,2019-01-13,0,635,3,0,4,1,1,2,204,0,2,2,950,2,6,1,6,7,0,3,1,0,0,0,2,2,0,,3,13.0,10,1.0,0.0,0.0,1.0,1.0,1.0,500,2.0,1.0,1.0,"-759125,961","-1068678,1","-759125,961","-1068678,1","-759126,019","-1068678,049",,,,silnice1.t¯Ìdy,D4,1397945.0,,Souhlasn˝sesmÏrem˙seku,Pomal˝,540889.0,,GN_V0.1UIR-ADR_410,2
11106190058,1,4.0,2019-01-13,0,640,3,0,5,2,1,2,208,0,0,0,300,2,9,1,6,7,1,3,1,0,0,0,1,1,0,,3,39.0,16,3.0,0.0,0.0,0.0,1.0,1.0,300,2.0,1.0,4.0,"-759125,961","-1068678,1","-759125,424","-1068677,563","-759125,516","-1068677,482",,,,silnice1.t¯Ìdy,D4,1397945.0,,Souhlasn˝sesmÏrem˙seku,Pomal˝,540889.0,,GN_V0.1UIR-ADR_410,2
11106190059,2,118.0,2019-01-13,0,630,3,0,9,2,1,2,204,0,0,0,100,2,8,1,6,7,1,1,8,0,0,0,2,1,0,,3,44.0,04,1.0,1.0,0.0,0.0,1.0,3.0,100,2.0,1.0,1.0,"-774676,461","-1085093,346","-774676,461","-1085093,346","-774677,528","-1085097,74",,,,silnice2.t¯Ìdy,118,2800707.0,,Souhlasn˝sesmÏrem˙seku,Pomal˝,598402.0,,GN_V0.1UIR-ADR_410,2
11106190060,0,4.0,2019-01-13,0,632,3,0,4,2,1,2,204,0,0,0,100,2,3,1,6,7,3,3,1,0,0,0,2,1,0,,3,38.0,98,1.0,1.0,0.0,0.0,1.0,1.0,0,2.0,1.0,1.0,,,"-759116,746","-1068681,57","-759115,545","-1068682,611",,,,d·lnice,D4,715269.0,,Souhlasn˝sesmÏrem˙seku,Pomal˝,540889.0,,GN_V0.1UIR-ADR_410,2
11106190061,1,18.0,2019-01-14,1,1420,3,0,3,2,1,2,204,0,0,0,310,2,8,1,1,1,1,1,8,0,0,0,3,1,0,,3,13.0,03,1.0,1.0,0.0,0.0,1.0,1.0,300,3.0,1.0,1.0,"-764901,171","-1084616,818","-764901,171","-1084616,818","-764890,749","-1084610,293",,,,silnice1.t¯Ìdy,18,2006227.0,,Souhlasn˝sesmÏrem˙seku,Pomal˝,540943.0,,GN_V0.1UIR-ADR_410,2
11106190062,2,114.0,2019-01-14,1,1900,3,0,3,2,1,2,204,0,0,0,150,2,5,1,1,6,1,1,8,0,0,0,2,1,0,,3,25.0,97,1.0,1.0,0.0,0.0,1.0,1.0,100,2.0,1.0,1.0,"-763546,035","-1073917,387","-763546,035","-1073917,387","-763547,634","-1073922,414",,,,silnice2.t¯Ìdy,114,1574968.0,,OpaËn˝kesmÏru˙seku,Pomal˝,541338.0,,GN_V0.1UIR-ADR_410,2
11106190063,6,,2019-01-15,2,1050,2,0,0,2,1,0,509,0,0,0,80,2,6,1,1,1,1,1,6,3,3,0,1,2,0,,5,32.0,17,8.0,0.0,0.0,0.0,1.0,5.0,0,2.0,1.0,1.0,"-780274,162","-1084234,592","-780244,081","-1084213,105","-780243,319","-1084213,538",PÿÕBRAMV-ZDABOÿ,DruûstevnÌ,,mÌstnÌkomunikace,,1724608.0,,,Pomal˝,539911.0,527921.0,GN_V0.1UIR-ADR_410,1
11106190064,6,,2019-01-11,5,2560,2,0,0,2,1,0,508,0,0,0,70,2,3,1,5,5,1,1,1,0,0,0,1,2,0,,17,,XX,,,,,,,0,,,,"-779967,106","-1083901,165","-779970,329","-1083917,28","-779970,436","-1083918,242",PÿÕBRAMVII,JanaDrdy,,mÌstnÌkomunikace,,1393314.0,,Souhlasn˝sesmÏrem˙seku,Pomal˝,539911.0,529800.0,GN_V0.1UIR-ADR_410,1
11106190065,2,174.0,2019-01-15,2,1915,3,0,1,1,1,2,204,0,0,1,1600,2,6,1,7,6,1,1,8,0,0,0,1,1,0,,3,39.0,10,1.0,1.0,0.0,0.0,1.0,3.0,1500,3.0,1.0,1.0,"-776934,275","-1088689,688","-776934,275","-1088689,688","-776934,021","-1088689,772",,,,silnice2.t¯Ìdy,174,421027.0,,Souhlasn˝sesmÏrem˙seku,Pomal˝,540757.0,,GN_V0.1UIR-ADR_410,2
11106190066,6,,2019-01-17,4,935,3,0,9,2,1,0,205,0,0,0,200,2,1,1,1,1,1,1,3,0,0,0,2,1,0,,3,39.0,03,1.0,1.0,0.0,0.0,1.0,5.0,100,2.0,1.0,1.0,"-778579,975","-1083561,566","-778579,975","-1083561,566","-778573,01","-1083564,199",PÿÕBRAMIV,B¯eznick·,,mÌstnÌkomunikace,,1694843.0,,OpaËn˝kesmÏru˙seku,Pomal˝,539911.0,527823.0,GN_V0.1UIR-ADR_410,1
11106190067,1,19.0,2019-01-17,4,1605,1,1,0,1,1,2,405,0,0,2,200,2,3,1,3,3,1,1,1,3,3,0,4,2,19,3.0,3,39.0,05,1.0,0.0,0.0,0.0,1.0,12.0,100,3.0,1.0,1.0,"-789831,467","-1090171,349","-789834,689","-1090183,167","-789833,702","-1090183,109",,,,silnice3.t¯Ìdy,1918,1697456.0,,OpaËn˝kesmÏru˙seku,Pomal˝,541231.0,530425.0,GN_V0.1UIR-ADR_410,2
11106190068,1,19.0,2019-01-17,4,1810,3,0,3,2,1,2,205,0,0,0,220,2,3,1,1,6,1,1,3,0,0,0,3,1,0,,3,39.0,18,3.0,0.0,0.0,0.0,1.0,1.0,200,2.0,1.0,1.0,"-782860,805","-1098850,601","-782858,119","-1098843,081","-782858,18","-1098843,161",,,,silnice1.t¯Ìdy,19,2008342.0,,OpaËn˝kesmÏru˙seku,Pomal˝,564214.0,,GN_V0.1UIR-ADR_410,2
11106190069,3,11812.0,2019-01-18,5,800,1,2,0,2,1,2,502,0,0,0,200,2,5,1,1,1,1,1,1,0,0,0,2,2,0,,3,39.0,10,1.0,0.0,1.0,0.0,1.0,1.0,100,2.0,1.0,1.0,"-775127,866","-1088048,559","-775127,866","-1088048,559","-775127,363","-1088048,022",,,,silnice3.t¯Ìdy,11812,2008838.0,,Souhlasn˝sesmÏrem˙seku,Pomal˝,540757.0,,GN_V0.1UIR-ADR_410,2
11106190070,1,18.0,2019-01-18,5,845,1,2,0,2,1,2,508,0,0,0,400,2,3,1,1,1,1,2,1,0,0,0,1,2,0,,5,99.0,14,3.0,0.0,0.0,0.0,1.0,1.0,100,2.0,1.0,1.0,"-776424,427","-1082357,258","-776467,937","-1082329,326","-776467,916","-1082329,27",,,,silnice1.t¯Ìdy,18,1650332.0,,Souhlasn˝sesmÏrem˙seku,Pomal˝,564508.0,785474.0,GN_V0.1UIR-ADR_410,2
11106190071,3,1734.0,2019-01-18,5,850,9,0,0,2,1,2,510,0,0,0,800,2,5,1,1,1,1,1,1,0,0,0,1,1,0,,8,19.0,15,3.0,1.0,0.0,0.0,1.0,1.0,800,4.0,1.0,1.0,"-783956,935","-1098267,773","-783956,935","-1098267,773","-783958,063","-1098271,278",,,,silnice3.t¯Ìdy,1734,1574908.0,,Souhlasn˝sesmÏrem˙seku,Pomal˝,540013.0,,GN_V0.1UIR-ADR_410,2
11106190072,1,18.0,2019-01-18,5,1145,1,3,0,2,1,2,305,0,0,0,800,2,3,1,1,1,1,1,1,0,0,0,1,2,0,,3,39.0,06,8.0,0.0,1.0,0.0,1.0,1.0,300,2.0,1.0,1.0,"-764411,584","-1085169,579","-764411,584","-1085169,579","-764427,398","-1085189,03",,,,silnice1.t¯Ìdy,18,2662717.0,,OpaËn˝kesmÏru˙seku,Pomal˝,540943.0,,GN_V0.1UIR-ADR_410,2
11106190073,6,,2019-01-18,5,2560,2,0,0,2,1,0,508,0,0,0,50,2,3,1,1,1,1,1,1,0,0,0,1,2,0,,17,,XX,,,,,,,0,,,,"-778041,151","-1082548,649","-778041,151","-1082548,649","-778040,992","-1082546,468",P¯ÌbramI,Gen.R.Tesa¯Ìka,,mÌstnÌkomunikace,,3319209.0,,Souhlasn˝sesmÏrem˙seku,Pomal˝,539911.0,528005.0,GN_V0.1UIR-ADR_410,1
11106190074,6,,2019-01-18,5,1350,1,3,0,2,1,2,403,0,0,0,900,2,6,1,1,1,1,1,1,3,3,0,5,2,10,6.0,3,32.0,04,1.0,1.0,0.0,0.0,1.0,5.0,300,2.0,1.0,1.0,"-789514,521","-1090918,245","-789511,298","-1090916,096","-789511,409","-1090916,382",Roûmit·lpodT¯emöÌnem,»elakovskÈ-RajskÈ,,mÌstnÌkomunikace,,427407.0,,OpaËn˝kesmÏru˙seku,Pomal˝,541231.0,530069.0,GN_V0.1UIR-ADR_410,1
11106190075,1,18.0,2019-01-18,5,2110,6,0,0,2,4,0,100,0,0,0,460,2,1,1,1,6,1,1,1,0,0,0,1,1,0,,3,39.0,00,1.0,0.0,0.0,0.0,1.0,1.0,400,2.0,1.0,1.0,"-754912,989","-1087754,603","-754784,616","-1087816,909","-754784,972","-1087817,701",,,,silnice1.t¯Ìdy,18,2801919.0,,OpaËn˝kesmÏru˙seku,Pomal˝,540218.0,,GN_V0.1UIR-ADR_410,2