IDENTIFIKA»NÕ »ÕSLO,DRUH POZEMNÕ KOMUNIKACE,»ÕSLO POZEMNÕ KOMUNIKACE,"den, mÏsÌc, rok",,Ëas ,DRUH NEHODY,DRUH SR¡éKY JEDOUCÕCH VOZIDEL,DRUH PEVN… PÿEK¡éKY,CHARAKTER NEHODY,ZAVINÃNÕ NEHODY,ALKOHOL U VINÕKA NEHODY PÿÕTOMEN,HLAVNÕ PÿÕ»INY NEHODY,usmrceno osob,tÏûce zranÏno osob,lehce zranÏno osob,CELKOV¡ HMOTN¡ äKODA,DRUH POVRCHU VOZOVKY,STAV POVRCHU VOZOVKY V DOBÃ NEHODY,STAV KOMUNIKACE,POVÃTRNOSTNÕ PODMÕNKY V DOBÃ NEHODY,VIDITELNOST,ROZHLEDOV… POMÃRY,DÃLENÕ KOMUNIKACE,SITUOV¡NÕ NEHODY NA KOMUNIKACI,ÿÕZENÕ PROVOZU V DOBÃ NEHODY,MÕSTNÕ ⁄PRAVA PÿEDNOSTI V JÕZDÃ,SPECIFICK¡ MÕSTA A OBJEKTY V MÕSTÃ NEHODY,SMÃROV… POMÃRY,PO»ET Z⁄»ASTNÃN›CH VOZIDEL,MÕSTO DOPRAVNÕ NEHODY,DRUH KÿIéUJÕCÕ KOMUNIKACE,DRUH VOZIDLA,V›ROBNÕ ZNA»KA MOTOROV…HO VOZIDLA,ROK V›ROBY VOZIDLA,CHARAKTERISTIKA VOZIDLA ,SMYK,VOZIDLO PO NEHODÃ,"⁄NIK PROVOZNÕCH, PÿEPRAVOVAN›CH HMOT",ZPŸSOB VYPROäTÃNÕ OSOB Z VOZIDLA,SMÃR JÕZDY NEBO POSTAVENÕ VOZIDLA,äKODA NA VOZIDLE,KATEGORIE ÿIDI»E,STAV ÿIDI»E,VNÃJäÕ OVLIVNÃNÕ ÿIDI»E,nan.1,nan.2,nan.3,nan.4,nan.5,nan.6,nan.7,nan.8,nan.9,nan.10,nan.11,nan.12,nan.13,nan.14,nan.15,nan.16,nan.17,nan.18,LOKALITA NEHODY
11206190047,6,,2019-01-16,3,910,1,4,0,1,1,2,504,0,0,1,210,2,1,1,1,1,1,1,1,0,0,0,1,2,0,,3,4.0,02,1.0,0.0,0.0,0.0,1.0,5.0,10,2.0,1.0,1.0,"-791239,753","-1034276,895","-791229,039","-1034279,574","-791229,436","-1034280,112",RakovnÌk,éiûkovon·m.,,mÌstnÌkomunikace,,244445.0,,Souhlasn˝sesmÏrem˙seku,Pomal˝,541656.0,535290.0,GN_V0.1UIR-ADR_410,1
11206190048,3,2274.0,2019-01-13,0,515,2,0,0,2,1,0,508,0,0,0,300,5,1,1,1,4,1,0,0,0,0,0,1,2,0,,5,19.0,97,1.0,0.0,1.0,0.0,1.0,5.0,0,3.0,1.0,1.0,"-796537,583","-1028920,331","-796537,583","-1028920,331","-796547,549","-1028944,524",KnÏûeves,Praûsk·,,silnice3.t¯Ìdy,2274,3517238.0,,Souhlasn˝sesmÏrem˙seku,Pomal˝,541877.0,532002.0,GN_V0.1UIR-ADR_410,1
11206190049,6,,2019-01-17,4,2560,2,0,0,2,1,0,508,0,0,0,130,2,1,1,1,2,1,1,1,0,0,0,1,2,0,,17,,XX,,,,,,,0,,,,"-791934,288","-1034305,261","-791934,288","-1034305,261","-791935,766","-1034307,251",RakovnÌk,n·b¯.T.G.Masaryka,,mÌstnÌkomunikace,,1393176.0,,Souhlasn˝sesmÏrem˙seku,Pomal˝,541656.0,534391.0,GN_V0.1UIR-ADR_410,1
11206190050,3,22912.0,2019-01-18,5,520,3,0,1,1,1,2,204,0,0,1,550,2,6,1,1,6,1,1,1,0,0,0,3,1,0,,3,39.0,12,1.0,1.0,1.0,0.0,1.0,3.0,500,2.0,1.0,1.0,"-797420,518","-1040160,245","-797420,518","-1040160,245","-797419,518","-1040160,732",,,,silnice3.t¯Ìdy,22912,2004608.0,,Souhlasn˝sesmÏrem˙seku,Pomal˝,565351.0,,GN_V0.1UIR-ADR_410,2
11206190051,6,,2019-01-16,3,530,2,0,0,2,1,0,504,0,0,0,60,2,3,1,1,4,1,0,1,0,0,10,1,2,0,,3,17.0,17,1.0,0.0,1.0,0.0,1.0,5.0,50,2.0,1.0,1.0,,,"-787313,849","-1026945,448","-787314,351","-1026945,258",Kruöovice,UPivovaru,,mÌstnÌkomunikace,,2791268.0,,OpaËn˝kesmÏru˙seku,Pomal˝,541974.0,806889.0,GN_V0.1UIR-ADR_410,1
11206190052,6,,2019-01-19,6,1245,1,3,0,2,1,2,403,0,0,0,1000,2,1,1,1,1,1,1,1,3,3,0,5,2,10,6.0,3,35.0,04,1.0,0.0,0.0,0.0,1.0,5.0,200,2.0,1.0,1.0,"-790560,986","-1034261,637","-790560,449","-1034262,711","-790560,436","-1034262,703",RakovnÌk,Luûensk·,,mÌstnÌkomunikace,,244527.0,,OpaËn˝kesmÏru˙seku,Pomal˝,541656.0,534307.0,GN_V0.1UIR-ADR_410,1
11206190053,2,236.0,2019-01-19,6,2236,5,0,0,2,4,0,100,0,0,0,250,2,1,1,1,6,1,1,1,0,0,0,1,1,0,,3,44.0,18,1.0,0.0,0.0,0.0,1.0,1.0,250,4.0,1.0,1.0,"-780007,535","-1035058,258","-780007,535","-1035058,258","-780009,591","-1035055,797",,,,silnice2.t¯Ìdy,236,1575207.0,,Souhlasn˝sesmÏrem˙seku,Pomal˝,541991.0,,GN_V0.1UIR-ADR_410,2
11206190054,1,6.0,2019-01-20,0,1620,1,2,0,2,1,2,403,0,0,0,800,2,1,1,1,1,1,1,1,3,3,0,4,2,19,1.0,3,17.0,16,3.0,0.0,0.0,0.0,1.0,13.0,800,2.0,1.0,1.0,"-807795,556","-1027410,717","-807796,147","-1027398,003","-807796,147","-1027398,003",,,,silnice1.t¯Ìdy,6,2004438.0,,,Pomal˝,565199.0,,GN_V0.1UIR-ADR_410,2
11206190055,6,,2019-01-21,1,1005,2,0,0,2,1,2,504,0,0,0,400,2,1,1,1,1,1,1,1,0,0,0,1,2,0,,3,47.0,06,1.0,0.0,0.0,0.0,1.0,5.0,300,2.0,1.0,1.0,"-791290,922","-1034592,535","-791279,245","-1034581,389","-791279,35","-1034581,677",RakovnÌk,n·b¯.Dr.Beneöe,,mÌstnÌkomunikace,,2793378.0,,Souhlasn˝sesmÏrem˙seku,Pomal˝,541656.0,534358.0,GN_V0.1UIR-ADR_410,1
11206190056,6,,2019-01-21,1,1451,2,0,0,2,1,2,511,0,0,0,30,1,1,1,1,1,1,1,1,1,0,0,1,2,0,,5,32.0,15,3.0,0.0,1.0,0.0,1.0,5.0,10,3.0,1.0,1.0,"-791916,496","-1034160,739","-791921,33","-1034158,591","-791921,628","-1034159,179",RakovnÌk,Klicperova,,mÌstnÌkomunikace,,1695286.0,,,Pomal˝,541656.0,534170.0,GN_V0.1UIR-ADR_410,1
11206190057,2,229.0,2019-01-23,3,1720,3,0,9,2,1,2,511,0,0,0,550,2,1,1,1,2,1,1,1,0,0,0,3,1,0,,3,39.0,13,2.0,0.0,1.0,1.0,1.0,1.0,500,2.0,1.0,1.0,"-791489,988","-1034543,374","-791493,21","-1034549,82","-791492,849","-1034550,079",RakovnÌk,N·draûnÌ,,silnice2.t¯Ìdy,229,245459.0,,OpaËn˝kesmÏru˙seku,Pomal˝,541656.0,534544.0,GN_V0.1UIR-ADR_410,1
11206190058,2,228.0,2019-01-24,4,1230,1,4,0,1,1,2,503,0,0,1,250,2,3,1,1,1,1,1,1,3,3,0,5,2,22,2.0,3,13.0,02,3.0,0.0,0.0,0.0,1.0,31.0,150,2.0,1.0,1.0,"-793623,728","-1033093,175","-793623,728","-1033093,175","-793626,72","-1033088,871",,,,silnice2.t¯Ìdy,228,2005111.0,,OpaËn˝kesmÏru˙seku,Pomal˝,541656.0,533874.0,GN_V0.1UIR-ADR_410,2
11206190059,1,6.0,2019-01-24,4,1905,0,0,0,2,1,0,516,0,0,0,150,2,1,1,1,4,1,1,1,0,0,0,1,2,0,,17,,XX,,,,,,,0,,,,"-799781,78","-1026440,082","-799781,78","-1026440,082","-799781,572","-1026438,602",Ho¯esedly,,,silnice1.t¯Ìdy,6,877521.0,,Souhlasn˝sesmÏrem˙seku,Pomal˝,541729.0,,GN_V0.1UIR-ADR_410,1
11206190060,6,,2019-01-25,5,1810,3,0,9,2,1,2,204,0,0,0,310,1,6,1,1,4,1,0,0,0,0,0,3,1,0,,3,39.0,15,3.0,1.0,1.0,0.0,1.0,5.0,300,2.0,1.0,1.0,"-791945,589","-1035319,972","-791945,589","-1035319,972","-791949,59","-1035314,651",RakovnÌk,Lubensk·,,mÌstnÌkomunikace,,2560772.0,,,Pomal˝,541656.0,534633.0,GN_V0.1UIR-ADR_410,1
11206190061,3,20113.0,2019-01-26,6,100,3,0,1,1,1,0,204,0,0,1,1100,2,6,1,5,7,1,1,1,0,0,0,2,1,0,,3,32.0,06,1.0,1.0,1.0,1.0,1.0,1.0,1100,2.0,1.0,1.0,"-787393,847","-1042311,59","-787393,847","-1042311,59","-787394,963","-1042305,835",,,,silnice3.t¯Ìdy,20113,2004813.0,,Souhlasn˝sesmÏrem˙seku,Pomal˝,542563.0,,GN_V0.1UIR-ADR_410,2
11206190062,3,22924.0,2019-01-26,6,1050,1,1,0,2,1,2,204,0,0,0,530,2,6,1,5,1,1,1,1,0,0,0,3,2,0,,3,31.0,99,1.0,0.0,1.0,0.0,1.0,3.0,100,7.0,1.0,1.0,"-793873,051","-1020023,503","-793873,051","-1020023,503","-793875,029","-1020013,616",,,,silnice3.t¯Ìdy,22924,2002325.0,,OpaËn˝kesmÏru˙seku,Pomal˝,541907.0,,GN_V0.1UIR-ADR_410,2
11206190063,6,,2019-01-26,6,1410,1,1,0,1,1,2,204,0,0,1,550,2,6,1,1,1,1,1,1,0,0,0,1,2,0,,3,13.0,98,1.0,1.0,1.0,1.0,1.0,5.0,200,2.0,1.0,1.0,"-792261,217","-1024574,779","-792261,217","-1024574,779","-792262,662","-1024573,55",,,,mÌstnÌkomunikace,,1698426.0,,Souhlasn˝sesmÏrem˙seku,Pomal˝,542121.0,,GN_V0.1UIR-ADR_410,2
11206190064,3,2279.0,2019-01-26,6,1740,1,1,0,2,1,2,516,0,0,0,200,2,3,1,1,4,1,1,1,0,0,0,3,2,0,,4,47.0,09,3.0,0.0,1.0,0.0,1.0,3.0,0,2.0,1.0,1.0,"-792909,774","-1025790,068","-792909,774","-1025790,068","-792915,664","-1025793,745",NesuchynÏ,,,silnice3.t¯Ìdy,2279,2004504.0,,OpaËn˝kesmÏru˙seku,Pomal˝,542130.0,,GN_V0.1UIR-ADR_410,1
11206190065,6,,2019-01-27,0,1440,2,0,0,2,1,2,504,0,0,0,600,2,1,1,1,1,1,1,1,0,0,0,1,2,0,,5,35.0,17,3.0,0.0,1.0,0.0,1.0,5.0,300,2.0,1.0,1.0,"-792017,036","-1034380,651","-792017,036","-1034380,651","-792022,466","-1034377,668",RakovnÌk,Libuöina,,mÌstnÌkomunikace,,245131.0,,OpaËn˝kesmÏru˙seku,Pomal˝,541656.0,534323.0,GN_V0.1UIR-ADR_410,1
11206190066,2,606.0,2019-01-28,1,1030,4,0,0,2,3,2,100,0,0,0,100,2,3,1,1,1,1,1,1,0,0,0,1,1,0,,3,13.0,18,3.0,0.0,0.0,0.0,1.0,1.0,100,2.0,1.0,1.0,"-778560,162","-1030887,113","-778560,162","-1030887,113","-778562,014","-1030887,567",NovÈStraöecÌ,»sl.arm·dy,,silnice2.t¯Ìdy,606,3290183.0,,OpaËn˝kesmÏru˙seku,Pomal˝,542164.0,533246.0,GN_V0.1UIR-ADR_410,1
11206190067,3,22912.0,2019-01-28,1,1320,1,2,0,2,1,2,501,0,0,0,400,2,1,1,1,1,1,1,1,0,0,0,3,2,0,,7,10.0,16,9.0,0.0,1.0,0.0,1.0,1.0,0,4.0,1.0,1.0,"-792149,229","-1034298,7","-792137,413","-1034302,997","-792137,361","-1034303,536",RakovnÌk,Kuötova,,silnice3.t¯Ìdy,22912,244550.0,,Souhlasn˝sesmÏrem˙seku,Pomal˝,541656.0,534285.0,GN_V0.1UIR-ADR_410,1
11206190068,2,227.0,2019-01-28,1,2210,1,3,0,2,1,2,403,0,0,0,1350,2,1,1,1,6,1,1,1,3,3,0,5,2,19,2.0,3,35.0,11,1.0,0.0,0.0,0.0,1.0,31.0,150,3.0,1.0,1.0,"-793626,786","-1033076,649","-793626,786","-1033076,649","-793629,596","-1033082,988",,,,silnice2.t¯Ìdy,227,2005114.0,,OpaËn˝kesmÏru˙seku,Pomal˝,541656.0,533874.0,GN_V0.1UIR-ADR_410,2
11206190069,6,,2019-01-29,2,627,4,0,0,1,1,2,202,0,0,1,0,2,1,1,0,4,1,1,1,3,3,8,1,1,0,,3,17.0,07,1.0,0.0,0.0,0.0,1.0,5.0,0,3.0,1.0,1.0,"-791387,959","-1034546,797","-791389,566","-1034540,906","-791389,414","-1034540,505",RakovnÌk,n·b¯.Dr.Beneöe,,mÌstnÌkomunikace,,735054.0,,OpaËn˝kesmÏru˙seku,Pomal˝,541656.0,534358.0,GN_V0.1UIR-ADR_410,1
11206190070,2,236.0,2019-01-29,2,1950,5,0,0,2,4,0,100,0,0,0,200,2,1,12,1,6,1,1,1,0,0,0,2,1,0,,3,41.0,18,1.0,0.0,1.0,0.0,1.0,3.0,200,2.0,1.0,1.0,"-780406,437","-1040838,615","-780406,437","-1040838,615","-780406,947","-1040838,013",,,,silnice2.t¯Ìdy,236,2005486.0,,OpaËn˝kesmÏru˙seku,Pomal˝,541982.0,,GN_V0.1UIR-ADR_410,2
11206190071,2,233.0,2019-01-29,2,2325,5,0,0,2,4,0,100,0,0,0,50,2,3,1,1,6,1,1,1,0,0,0,1,1,0,,3,39.0,09,1.0,0.0,1.0,0.0,1.0,1.0,50,2.0,1.0,1.0,"-794482,106","-1042674,557","-794482,106","-1042674,557","-794447,993","-1042662,993",,,,silnice2.t¯Ìdy,233,876049.0,,Souhlasn˝sesmÏrem˙seku,Pomal˝,542211.0,,GN_V0.1UIR-ADR_410,2
11206190072,2,227.0,2019-01-30,3,925,1,2,0,2,1,0,501,0,0,0,270,2,1,1,1,1,1,1,1,0,0,0,1,2,0,,17,,XX,,,,,,,0,,,,"-785593,153","-1037622,27","-785593,153","-1037622,27","-785584,624","-1037616,028",,,,silnice2.t¯Ìdy,227,2004887.0,,Souhlasn˝sesmÏrem˙seku,Pomal˝,542288.0,,GN_V0.1UIR-ADR_410,2
11206190073,3,2285.0,2019-01-30,3,1150,2,0,0,2,1,2,508,0,0,0,500,2,1,1,1,1,1,1,1,0,0,0,1,2,0,,4,35.0,10,1.0,0.0,1.0,0.0,1.0,1.0,200,2.0,1.0,1.0,,,"-799695,417","-1038428,853","-799696,926","-1038434,656",Zavidov,,,silnice3.t¯Ìdy,2285,3278616.0,,OpaËn˝kesmÏru˙seku,Pomal˝,542601.0,,GN_V0.1UIR-ADR_410,1
11206190074,3,23739.0,2019-01-30,3,1750,5,0,0,2,4,0,100,0,0,0,200,2,1,1,1,6,1,1,1,0,0,0,2,1,0,,3,47.0,00,1.0,0.0,0.0,1.0,1.0,1.0,200,2.0,1.0,1.0,"-783614,329","-1021738,368","-783614,329","-1021738,368","-783613,894","-1021738,621",,,,silnice3.t¯Ìdy,23739,2002460.0,,Souhlasn˝sesmÏrem˙seku,Pomal˝,565466.0,,GN_V0.1UIR-ADR_410,2
11206190075,1,6.0,2019-02-01,5,540,9,0,0,2,1,2,510,0,0,0,4000,2,1,1,1,6,1,1,3,0,0,0,2,1,0,,7,62.0,13,9.0,0.0,1.0,0.0,1.0,1.0,2000,3.0,1.0,1.0,"-794121,117","-1026343,929","-794121,117","-1026343,929","-794121,115","-1026343,314",,,,silnice1.t¯Ìdy,6,1489350.0,,Souhlasn˝sesmÏrem˙seku,Pomal˝,542130.0,,GN_V0.1UIR-ADR_410,2
11206190076,2,229.0,2019-02-01,5,815,5,0,0,2,4,0,100,0,0,0,100,2,3,1,1,1,1,1,1,0,0,0,2,1,0,,3,39.0,09,3.0,0.0,1.0,0.0,1.0,1.0,100,2.0,1.0,1.0,"-788144,501","-1022954,333","-788144,501","-1022954,333","-788143,872","-1022953,401",,,,silnice2.t¯Ìdy,229,2002419.0,,OpaËn˝kesmÏru˙seku,Pomal˝,542504.0,,GN_V0.1UIR-ADR_410,2
11206190077,2,236.0,2019-02-01,5,1515,1,2,0,2,1,2,501,0,0,0,800,2,1,1,1,1,1,1,1,0,0,0,2,2,0,,3,60.0,17,1.0,0.0,1.0,0.0,1.0,1.0,500,2.0,1.0,1.0,"-778870,279","-1034110,658","-778870,279","-1034110,658","-778878,409","-1034101,315",,,,silnice2.t¯Ìdy,236,1575209.0,,Souhlasn˝sesmÏrem˙seku,Pomal˝,541991.0,,GN_V0.1UIR-ADR_410,2
11206190078,6,,2019-02-02,6,550,2,0,0,2,1,0,508,0,0,0,150,2,3,1,3,4,1,1,1,0,0,0,1,2,0,,17,,XX,,,,,,,0,,,,"-791719,521","-1034348,881","-791719,521","-1034348,881","-791720,496","-1034351,448",RakovnÌk,NaSeky¯e,,mÌstnÌkomunikace,,1695305.0,,OpaËn˝kesmÏru˙seku,Pomal˝,541656.0,534471.0,GN_V0.1UIR-ADR_410,1
11206190079,2,236.0,2019-02-03,0,1155,1,3,0,2,1,2,204,0,0,0,300,2,6,1,5,3,1,1,1,0,0,0,3,2,0,,3,2.0,94,1.0,0.0,1.0,0.0,1.0,1.0,100,2.0,1.0,1.0,"-782804,393","-1045666,78","-782804,393","-1045666,78","-782804,5","-1045666,761",,,,silnice2.t¯Ìdy,236,2004893.0,,Souhlasn˝sesmÏrem˙seku,Pomal˝,598526.0,,GN_V0.1UIR-ADR_410,2
11206190081,2,237.0,2019-02-04,1,125,3,0,9,2,1,2,508,0,0,0,750,2,5,1,1,4,1,1,8,0,0,0,2,1,0,,6,48.0,13,9.0,0.0,1.0,0.0,1.0,1.0,100,3.0,1.0,1.0,"-777381,168","-1025693,501","-777381,168","-1025693,501","-777378,874","-1025690,133",Möec,,,silnice2.t¯Ìdy,237,225513.0,,Souhlasn˝sesmÏrem˙seku,Pomal˝,542105.0,,GN_V0.1UIR-ADR_410,1
11206190082,1,6.0,2019-02-04,1,610,9,0,0,2,1,2,508,0,0,0,4500,2,1,1,1,6,1,1,1,0,0,0,1,1,0,,7,40.0,16,3.0,0.0,0.0,0.0,1.0,3.0,3500,3.0,1.0,1.0,,,"-779326,297","-1029452,138","-779326,661","-1029452,856",,,,silnice1.t¯Ìdy,6,1489365.0,,OpaËn˝kesmÏru˙seku,Pomal˝,542164.0,,GN_V0.1UIR-ADR_410,2
11406190001,3,6031.0,2019-01-01,2,715,3,0,9,2,1,0,205,0,0,0,340,2,3,1,1,1,1,1,3,0,0,0,2,1,0,,3,4.0,02,1.0,0.0,1.0,0.0,1.0,1.0,300,2.0,1.0,1.0,"-724820,168","-1067019,566","-724820,168","-1067019,566","-724820,171","-1067019,382",Senohraby,HlavnÌ,,silnice3.t¯Ìdy,6031,739612.0,,Souhlasn˝sesmÏrem˙seku,Pomal˝,538752.0,421588.0,GN_V0.1UIR-ADR_410,1
11406190002,2,508.0,2019-01-03,4,1300,1,3,0,2,1,2,501,0,0,0,20,2,6,1,5,1,1,1,1,0,0,0,1,2,0,,17,,XX,,,,,,,0,,,,,,"-724246,684","-1063490,245","-724246,522","-1063490,191",,,,silnice2.t¯Ìdy,508,3522698.0,,Souhlasn˝sesmÏrem˙seku,Pomal˝,538493.0,415294.0,GN_V0.1UIR-ADR_410,2
11406190003,6,,2019-01-03,4,1515,3,0,2,2,1,2,204,0,0,0,600,2,6,1,1,1,1,1,3,3,5,0,5,1,10,6.0,3,2.0,11,1.0,1.0,0.0,1.0,1.0,5.0,500,2.0,1.0,1.0,"-725920,694","-1054308,699","-725920,694","-1054308,699","-725916,854","-1054298,139",ÿÌËany,NadBahnivkou,,mÌstnÌkomunikace,,1877038.0,,OpaËn˝kesmÏru˙seku,Pomal˝,538728.0,691038.0,GN_V0.1UIR-ADR_410,1
11406190004,3,10114.0,2019-01-03,4,1930,9,0,0,1,1,2,510,0,0,1,510,2,6,1,5,6,1,1,3,0,0,0,1,1,0,,5,26.0,10,3.0,0.0,0.0,0.0,1.0,3.0,500,4.0,1.0,1.0,"-741285,704","-1058734,887","-741285,704","-1058734,887","-741286,416","-1058734,211",,,,silnice3.t¯Ìdy,10114,994149.0,,Souhlasn˝sesmÏrem˙seku,Pomal˝,539422.0,,GN_V0.1UIR-ADR_410,2
11406190005,3,314.0,2019-01-03,4,2560,3,0,8,2,1,0,508,0,0,0,10,2,6,1,1,4,1,1,3,0,0,2,3,1,0,,17,,XX,,,,,,,0,,,,"-741814,146","-1056745,977","-741814,146","-1056745,977","-741814,328","-1056745,571",DolnÌB¯eûany,KHodkovic˘m,,silnice3.t¯Ìdy,00314,322682.0,,Souhlasn˝sesmÏrem˙seku,Pomal˝,539210.0,712086.0,GN_V0.1UIR-ADR_410,1
11406190006,2,101.0,2019-01-04,5,1130,3,0,3,2,1,2,204,0,0,0,110,2,8,1,5,3,1,1,1,0,0,0,1,1,0,,3,47.0,05,1.0,0.0,0.0,0.0,1.0,3.0,100,2.0,1.0,1.0,"-740501,023","-1057574,689","-740501,023","-1057574,689","-740500,691","-1057576,434",ZlatnÌky,Jesenick·,,silnice2.t¯Ìdy,101,1259493.0,,OpaËn˝kesmÏru˙seku,Pomal˝,539881.0,727806.0,GN_V0.1UIR-ADR_410,1
11406190007,1,2.0,2019-01-04,5,1300,3,0,6,2,1,2,510,0,0,0,2310,2,3,1,1,1,1,1,8,0,0,0,1,1,0,,6,62.0,06,3.0,0.0,0.0,1.0,1.0,3.0,700,4.0,1.0,1.0,"-722288,766","-1056728,55","-722233,439","-1056757,019","-722233,535","-1056757,54",Muka¯ov,Praûsk·,,silnice1.t¯Ìdy,2,1485819.0,,OpaËn˝kesmÏru˙seku,Pomal˝,538523.0,416819.0,GN_V0.1UIR-ADR_410,1
11406190008,6,,2019-01-04,5,1300,1,2,0,2,1,2,501,0,0,0,900,2,6,1,5,3,1,1,1,0,0,0,3,2,0,,3,4.0,09,1.0,0.0,0.0,0.0,1.0,5.0,300,3.0,1.0,1.0,"-747937,641","-1073324,134","-747939,253","-1073311,242","-747939,203","-1073311,879",,,,mÌstnÌkomunikace,,2789779.0,,Souhlasn˝sesmÏrem˙seku,Pomal˝,539660.0,,GN_V0.1UIR-ADR_410,2
11406190009,6,,2019-01-05,6,1910,2,0,0,2,1,0,508,0,0,0,100,2,3,1,1,4,1,1,1,0,0,0,1,2,0,,3,39.0,99,1.0,0.0,0.0,0.0,1.0,5.0,0,2.0,1.0,1.0,"-724818,966","-1062797,934","-724818,966","-1062797,934","-724817,706","-1062796,395",Mnichovice,Str·ûnÌdomek,,mÌstnÌkomunikace,,1273266.0,,Souhlasn˝sesmÏrem˙seku,Pomal˝,538493.0,,GN_V0.1UIR-ADR_410,1
11406190010,6,,2019-01-01,2,2560,3,0,9,2,1,0,508,0,0,0,100,2,0,1,1,4,1,1,8,0,0,0,1,1,0,,17,,XX,,,,,,,0,,,,"-730422,751","-1063900,688","-730422,751","-1063900,688","-730421,548","-1063897,362",VelkÈPopovice,NaDlaskovÏ,,mÌstnÌkomunikace,,1600470.0,,Souhlasn˝sesmÏrem˙seku,Pomal˝,538981.0,,GN_V0.1UIR-ADR_410,1
11406190011,3,32.0,2019-01-07,1,1640,1,3,0,2,1,0,501,0,0,0,100,2,3,1,1,2,1,1,1,0,0,0,1,2,0,,17,,XX,,,,,,,0,,,,"-735324,547","-1054731,546","-735324,547","-1054731,546","-735320,757","-1054723,856",Pr˘honice,Uh·jovny,,silnice3.t¯Ìdy,0032,2662893.0,,Souhlasn˝sesmÏrem˙seku,Pomal˝,539571.0,436305.0,GN_V0.1UIR-ADR_410,1
11406190012,3,320.0,2019-01-08,2,620,3,0,9,2,1,2,204,0,0,0,200,2,3,1,5,5,1,1,1,3,5,0,3,1,0,,3,39.0,97,1.0,0.0,0.0,0.0,1.0,1.0,100,2.0,1.0,1.0,"-731506,925","-1062404,846","-731506,925","-1062404,846","-731502,514","-1062403,191",Pet¯Ìkov,,,silnice3.t¯Ìdy,00320,1273441.0,,Souhlasn˝sesmÏrem˙seku,Pomal˝,538612.0,,GN_V0.1UIR-ADR_410,1
11406190013,2,335.0,2019-01-08,2,900,3,0,9,2,1,2,204,0,0,0,320,2,5,1,6,1,1,1,1,3,5,0,3,1,0,,3,12.0,07,1.0,1.0,1.0,0.0,1.0,1.0,300,2.0,1.0,1.0,"-722102,302","-1064881,757","-722102,302","-1064881,757","-722102,681","-1064882,512",,,,silnice2.t¯Ìdy,335,1687137.0,,OpaËn˝kesmÏru˙seku,Pomal˝,538248.0,,GN_V0.1UIR-ADR_410,2
11406190014,6,,2019-01-08,2,360,3,0,9,2,1,0,508,0,0,0,150,2,3,1,3,5,1,0,8,0,0,9,1,1,0,,6,26.0,15,9.0,0.0,0.0,0.0,1.0,5.0,0,9.0,,,"-737151,795","-1058284,663","-737151,795","-1058284,663","-737152,571","-1058271,193",,,,mÌstnÌkomunikace,,1352359.0,,Souhlasn˝sesmÏrem˙seku,Pomal˝,539325.0,431427.0,GN_V0.1UIR-ADR_410,2
11406190015,2,101.0,2019-01-09,3,630,3,0,1,2,0,0,100,0,0,0,610,2,3,1,1,6,1,1,1,0,0,0,1,1,0,,5,19.0,18,3.0,0.0,0.0,1.0,1.0,1.0,600,3.0,1.0,0.0,"-744457,684","-1056657,875","-744457,684","-1056660,023","-744457,652","-1056661,291",,,,silnice2.t¯Ìdy,101,1688272.0,,OpaËn˝kesmÏru˙seku,Pomal˝,539210.0,,GN_V0.1UIR-ADR_410,2
11406190016,8,,2019-01-09,3,810,1,4,0,2,1,2,306,0,0,0,300,2,8,1,5,3,1,1,1,0,0,0,1,2,0,,3,13.0,10,1.0,0.0,0.0,0.0,1.0,5.0,100,2.0,1.0,4.0,"-727972,153","-1061463,629","-727972,153","-1061463,629","-727959,413","-1061495,711",Kunice,,,mÌstnÌkomunikace,,2566534.0,,,Pomal˝,538426.0,,GN_V0.1UIR-ADR_410,1
11406190017,3,1011.0,2019-01-09,3,945,1,2,0,2,1,0,501,0,0,0,50,2,3,1,5,3,1,1,1,0,0,0,1,2,0,,17,,XX,,,,,,,0,,,,"-724275,424","-1057286,581","-724280,258","-1057248,98","-724279,192","-1057249,218",,,,silnice3.t¯Ìdy,1011,1686620.0,,Souhlasn˝sesmÏrem˙seku,Pomal˝,538892.0,,GN_V0.1UIR-ADR_410,2
11406190018,2,508.0,2019-01-09,3,1350,1,2,0,2,1,2,502,0,0,0,200,2,8,1,5,3,1,1,1,0,0,0,1,2,0,,3,17.0,11,1.0,0.0,0.0,0.0,1.0,1.0,100,4.0,1.0,4.0,"-723155,713","-1061420,982","-723158,399","-1061411,85","-723158,196","-1061412,322",,,,silnice2.t¯Ìdy,508,1352792.0,,Souhlasn˝sesmÏrem˙seku,Pomal˝,538825.0,,GN_V0.1UIR-ADR_410,2
11406190019,2,603.0,2019-01-09,3,1440,3,0,1,1,1,2,204,0,0,1,760,2,8,1,5,3,1,2,8,0,0,0,1,1,0,,5,24.0,90,3.0,1.0,0.0,1.0,1.0,3.0,700,3.0,1.0,1.0,"-733133,498","-1065451,005","-733117,384",-1065422,"-733117,845","-1065422,886",,,,silnice2.t¯Ìdy,603,3101619.0,,OpaËn˝kesmÏru˙seku,Pomal˝,538299.0,718319.0,GN_V0.1UIR-ADR_410,2