IDENTIFIKA»NÕ »ÕSLO,DRUH POZEMNÕ KOMUNIKACE,»ÕSLO POZEMNÕ KOMUNIKACE,"den, mÏsÌc, rok",,Ëas ,DRUH NEHODY,DRUH SR¡éKY JEDOUCÕCH VOZIDEL,DRUH PEVN… PÿEK¡éKY,CHARAKTER NEHODY,ZAVINÃNÕ NEHODY,ALKOHOL U VINÕKA NEHODY PÿÕTOMEN,HLAVNÕ PÿÕ»INY NEHODY,usmrceno osob,tÏûce zranÏno osob,lehce zranÏno osob,CELKOV¡ HMOTN¡ äKODA,DRUH POVRCHU VOZOVKY,STAV POVRCHU VOZOVKY V DOBÃ NEHODY,STAV KOMUNIKACE,POVÃTRNOSTNÕ PODMÕNKY V DOBÃ NEHODY,VIDITELNOST,ROZHLEDOV… POMÃRY,DÃLENÕ KOMUNIKACE,SITUOV¡NÕ NEHODY NA KOMUNIKACI,ÿÕZENÕ PROVOZU V DOBÃ NEHODY,MÕSTNÕ ⁄PRAVA PÿEDNOSTI V JÕZDÃ,SPECIFICK¡ MÕSTA A OBJEKTY V MÕSTÃ NEHODY,SMÃROV… POMÃRY,PO»ET Z⁄»ASTNÃN›CH VOZIDEL,MÕSTO DOPRAVNÕ NEHODY,DRUH KÿIéUJÕCÕ KOMUNIKACE,DRUH VOZIDLA,V›ROBNÕ ZNA»KA MOTOROV…HO VOZIDLA,ROK V›ROBY VOZIDLA,CHARAKTERISTIKA VOZIDLA ,SMYK,VOZIDLO PO NEHODÃ,"⁄NIK PROVOZNÕCH, PÿEPRAVOVAN›CH HMOT",ZPŸSOB VYPROäTÃNÕ OSOB Z VOZIDLA,SMÃR JÕZDY NEBO POSTAVENÕ VOZIDLA,äKODA NA VOZIDLE,KATEGORIE ÿIDI»E,STAV ÿIDI»E,VNÃJäÕ OVLIVNÃNÕ ÿIDI»E,nan.1,nan.2,nan.3,nan.4,nan.5,nan.6,nan.7,nan.8,nan.9,nan.10,nan.11,nan.12,nan.13,nan.14,nan.15,nan.16,nan.17,nan.18,LOKALITA NEHODY
11406190020,2,603.0,2019-01-09,3,1615,3,0,3,2,1,2,204,0,0,0,450,2,8,1,5,1,1,1,1,0,0,0,1,1,0,,3,35.0,05,1.0,1.0,1.0,0.0,1.0,3.0,400,2.0,1.0,1.0,"-734473,647","-1062485,31","-734473,647","-1062485,31","-734467,815","-1062480,062",,,,silnice2.t¯Ìdy,603,3265217.0,,OpaËn˝kesmÏru˙seku,Pomal˝,538833.0,,GN_V0.1UIR-ADR_410,2
11406190021,3,39.0,2019-01-10,4,730,3,0,1,2,1,2,510,0,0,0,310,2,5,1,1,2,1,1,3,0,0,0,1,1,0,,3,17.0,08,1.0,1.0,0.0,0.0,1.0,3.0,300,2.0,1.0,1.0,"-732216,003","-1053773,636","-732216,003","-1053773,636","-732221,694","-1053760,368",,,,silnice3.t¯Ìdy,0039,3101607.0,,Souhlasn˝sesmÏrem˙seku,Pomal˝,538141.0,689980.0,GN_V0.1UIR-ADR_410,2
11406190022,6,,2019-01-01,2,2560,3,0,9,2,1,0,508,0,0,0,50,1,6,1,1,1,1,0,2,0,0,0,1,1,0,,17,,XX,,,,,,,0,,,,"-746161,759","-1061891,136","-746161,759","-1061891,136","-746161,424","-1061890,667",B¯ezov·-Oleöko,Praûsk·,,mÌstnÌkomunikace,,806872.0,,OpaËn˝kesmÏru˙seku,Pomal˝,599735.0,661210.0,GN_V0.1UIR-ADR_410,1
11406190023,6,,2019-01-01,2,2560,3,0,9,2,1,0,508,0,0,0,100,2,3,1,1,4,1,1,3,0,0,0,1,1,0,,17,,XX,,,,,,,0,,,,"-730007,346","-1063320,849","-730007,346","-1063320,849","-730006,598","-1063318,055",VelkÈPopovice,Pivovarsk·,,mÌstnÌkomunikace,,2764536.0,,,Pomal˝,538981.0,424943.0,GN_V0.1UIR-ADR_410,1
11406190024,6,,2019-01-11,5,745,1,4,0,2,1,2,201,0,0,0,800,2,3,1,1,2,1,1,1,0,0,0,1,2,0,,3,39.0,17,3.0,0.0,0.0,0.0,1.0,5.0,500,2.0,1.0,1.0,"-725424,961","-1068217,559","-725424,961","-1068217,559","-725427,744","-1068217,637",,,,mÌstnÌkomunikace,,998134.0,,Souhlasn˝sesmÏrem˙seku,Pomal˝,529656.0,,GN_V0.1UIR-ADR_410,2
11406190025,2,603.0,2019-01-11,5,838,2,0,0,2,1,2,508,0,0,0,700,2,3,1,1,1,1,1,3,0,0,2,1,2,0,,3,44.0,18,1.0,0.0,1.0,0.0,1.0,3.0,400,2.0,1.0,1.0,"-736598,657","-1059034,804","-736598,657","-1059034,804","-736601,201","-1059036,429",HORNÕJIR»ANY,BudÏjovick·,,silnice2.t¯Ìdy,603,329690.0,,OpaËn˝kesmÏru˙seku,Pomal˝,539325.0,431427.0,GN_V0.1UIR-ADR_410,1
11406190026,2,105.0,2019-01-01,2,2359,4,0,0,1,1,0,516,0,1,0,0,2,1,1,1,4,1,1,1,0,0,0,2,1,0,,17,,XX,,,,,,,0,,,,"-740199,536","-1067761,127","-740199,536","-1067761,127","-740197,911","-1067760,353",,,,silnice2.t¯Ìdy,105,3231088.0,,Souhlasn˝sesmÏrem˙seku,Pomal˝,539368.0,,GN_V0.1UIR-ADR_410,2
11406190027,1,2.0,2019-01-11,5,1505,4,0,0,1,3,2,100,0,0,1,500,2,5,1,1,1,1,1,1,0,0,0,1,1,0,,3,39.0,08,1.0,0.0,0.0,0.0,1.0,1.0,500,2.0,1.0,1.0,"-726850,115","-1054943,138","-726850,115","-1054943,138","-726853,894","-1054945,29",ÿÌËany,»ernokosteleck·,,silnice1.t¯Ìdy,2,1398561.0,,OpaËn˝kesmÏru˙seku,Pomal˝,538728.0,420492.0,GN_V0.1UIR-ADR_410,1
11406190028,3,6031.0,2019-01-11,5,2560,3,0,2,2,1,0,508,0,0,0,100,2,8,1,5,3,1,1,3,0,0,0,1,1,0,,17,,XX,,,,,,,0,,,,"-720137,082","-1066521,282","-720137,082","-1066521,282","-720137,054","-1066521,625",Ond¯ejov,Turkovick·,,silnice3.t¯Ìdy,6031,351532.0,,Souhlasn˝sesmÏrem˙seku,Pomal˝,538582.0,418099.0,GN_V0.1UIR-ADR_410,1
11406190029,6,,2019-01-11,5,1950,1,2,0,2,1,0,501,0,0,0,100,6,6,1,1,4,1,1,1,0,0,0,1,2,0,,3,47.0,07,3.0,0.0,1.0,0.0,1.0,5.0,0,9.0,,,"-724915,086","-1058527,534","-724915,086","-1058527,534","-724918,736","-1058530,798",Tehov,Dlouh·,,mÌstnÌkomunikace,,994032.0,,OpaËn˝kesmÏru˙seku,Pomal˝,538892.0,,GN_V0.1UIR-ADR_410,1
11406190030,6,,2019-01-11,5,2560,3,0,9,2,1,0,516,0,0,0,100,2,3,1,1,1,1,1,1,3,5,0,4,1,10,6.0,17,,XX,,,,,,,0,,,,"-727989,286","-1056368,934","-727989,286","-1056368,934","-727990,485","-1056367,194",ÿÌËany,Otavsk·,,mÌstnÌkomunikace,,321257.0,,OpaËn˝kesmÏru˙seku,Pomal˝,538728.0,420557.0,GN_V0.1UIR-ADR_410,1
11406190031,2,105.0,2019-01-13,0,1120,3,0,3,1,1,2,204,0,0,1,210,2,3,12,1,1,1,1,1,0,0,0,3,1,0,,3,39.0,98,1.0,0.0,0.0,0.0,1.0,1.0,200,2.0,1.0,1.0,"-739514,737","-1062233,956","-739514,737","-1062233,956","-739520,659","-1062224,43",,,,silnice2.t¯Ìdy,105,1686586.0,,OpaËn˝kesmÏru˙seku,Pomal˝,539333.0,,GN_V0.1UIR-ADR_410,2
11406190032,2,101.0,2019-01-02,3,940,1,4,0,1,1,2,204,0,0,1,60,2,3,1,5,1,1,1,1,3,4,0,5,2,19,6.0,3,47.0,08,1.0,0.0,1.0,0.0,1.0,13.0,50,2.0,1.0,1.0,,,"-727023,666","-1054879,202","-727023,23","-1054878,85",ÿÌËany,Spojka,,silnice2.t¯Ìdy,101,755517.0,,Souhlasn˝sesmÏrem˙seku,Pomal˝,538728.0,,GN_V0.1UIR-ADR_410,1
11406190033,6,,2019-01-14,1,2560,3,0,9,2,1,0,508,0,0,0,50,5,5,1,1,1,1,1,3,0,0,0,1,1,0,,17,,XX,,,,,,,0,,,,"-721204,919","-1063303,544","-721204,919","-1063303,544","-721170,935","-1063311,148",Ond¯ejov-T¯emblat,KeSrubu,,mÌstnÌkomunikace,,1653466.0,,Souhlasn˝sesmÏrem˙seku,Pomal˝,538582.0,,GN_V0.1UIR-ADR_410,1
11406190034,2,106.0,2019-01-14,1,1645,3,0,9,2,1,2,204,0,0,0,500,2,6,1,1,2,1,1,3,0,0,0,2,1,0,,3,39.0,10,1.0,1.0,1.0,0.0,1.0,3.0,400,2.0,1.0,1.0,"-747042,805","-1067475,669","-747042,805","-1067475,669","-747042,477","-1067476,432",Hradiötko,Beneöovsk·,,silnice2.t¯Ìdy,106,2758383.0,,OpaËn˝kesmÏru˙seku,Pomal˝,539252.0,,GN_V0.1UIR-ADR_410,1
11406190035,6,,2019-01-15,2,2305,3,0,9,2,1,0,511,0,0,0,1700,2,3,1,1,4,1,1,8,0,0,0,1,1,0,,3,23.0,15,3.0,0.0,0.0,0.0,1.0,5.0,1500,9.0,,,"-731347,167","-1057644,346","-731347,167","-1057644,346","-731346,029","-1057641,67",Modletice,Doubravice,,mÌstnÌkomunikace,,755653.0,,Souhlasn˝sesmÏrem˙seku,Pomal˝,598267.0,,GN_V0.1UIR-ADR_410,1
11406190036,3,33.0,2019-01-16,3,1915,1,2,0,2,1,0,501,0,0,0,50,2,1,1,1,6,1,1,1,0,0,0,1,2,0,,17,,XX,,,,,,,0,,,,"-737208,43","-1054848,257","-737208,43","-1054848,257","-737208,425","-1054848,257",,,,silnice3.t¯Ìdy,0033,2759858.0,,,Pomal˝,539325.0,,GN_V0.1UIR-ADR_410,2
11406190037,2,101.0,2019-01-17,4,314,3,0,2,2,1,0,508,0,0,0,250,2,1,1,1,4,1,1,3,3,3,0,1,1,0,,17,,XX,,,,,,,0,,,,"-728587,685","-1056093,288","-728587,685","-1056093,288","-728594,673","-1056088,956",ÿÌËany,ÿÌËansk·,,silnice2.t¯Ìdy,101,2663559.0,,OpaËn˝kesmÏru˙seku,Pomal˝,538728.0,420786.0,GN_V0.1UIR-ADR_410,1
11406190038,3,10115.0,2019-01-17,4,728,3,0,2,1,1,0,205,0,0,1,600,2,1,1,1,6,1,1,3,3,3,0,3,1,0,,3,39.0,03,1.0,0.0,0.0,0.0,1.0,5.0,400,9.0,,,"-743108,62","-1056586,456","-743108,62","-1056586,456","-743108,66","-1056586,607",DolnÌB¯eûany,KToËnÈ,,silnice3.t¯Ìdy,10115,2760156.0,,OpaËn˝kesmÏru˙seku,Pomal˝,539210.0,712035.0,GN_V0.1UIR-ADR_410,1
11406190039,6,,2019-01-01,2,2560,3,0,9,2,1,0,516,0,0,0,150,2,1,1,1,1,1,1,6,3,3,0,5,1,10,6.0,5,99.0,,0.0,0.0,0.0,0.0,1.0,5.0,0,9.0,,,"-722867,813","-1054421,588","-722867,813","-1054421,588","-722872,231","-1054421,455",Babice,KeH¯iöti,,mÌstnÌkomunikace,,992980.0,,OpaËn˝kesmÏru˙seku,Pomal˝,538043.0,,GN_V0.1UIR-ADR_410,1
11406190040,6,,2019-01-17,4,2000,1,1,0,2,1,0,508,0,0,0,1500,2,1,1,1,4,1,1,1,0,0,0,1,2,0,,3,47.0,04,3.0,0.0,0.0,0.0,1.0,5.0,800,2.0,1.0,1.0,"-747310,806","-1068558,98","-747310,806","-1068558,98","-747309,941","-1068566,074",Hradiötko,NaOvËiËk·ch,,mÌstnÌkomunikace,,1485320.0,,OpaËn˝kesmÏru˙seku,Pomal˝,539252.0,,GN_V0.1UIR-ADR_410,1
11406190041,3,1015.0,2019-01-18,5,1255,1,1,0,2,1,9,504,0,0,0,200,2,3,1,1,1,1,1,1,0,0,0,1,2,0,,3,12.0,09,1.0,0.0,0.0,0.0,1.0,5.0,0,2.0,5.0,1.0,"-727276,029","-1060953,102","-727276,029","-1060953,102","-727273,714","-1060929,325",StranËice,RevoluËnÌ,,silnice3.t¯Ìdy,1015,1273587.0,,Souhlasn˝sesmÏrem˙seku,Pomal˝,538809.0,422355.0,GN_V0.1UIR-ADR_410,1
11406190042,3,10115.0,2019-01-18,5,1515,1,2,0,2,1,2,502,0,0,0,120,2,1,1,1,1,1,1,1,0,0,0,1,2,0,,5,7.0,15,3.0,0.0,1.0,0.0,1.0,1.0,100,2.0,1.0,1.0,"-743827,486","-1058239,758","-743827,486","-1058239,758","-743825,221","-1058241,807",,,,silnice3.t¯Ìdy,10115,2756666.0,,OpaËn˝kesmÏru˙seku,Pomal˝,539503.0,,GN_V0.1UIR-ADR_410,2
11406190043,1,2.0,2019-01-18,5,1530,1,4,0,1,1,2,410,0,0,1,200,2,1,1,1,1,1,1,1,0,0,0,1,2,0,,2,99.0,16,1.0,0.0,0.0,0.0,1.0,1.0,150,2.0,1.0,1.0,"-726692,806","-1055090,833","-726692,806","-1055090,833","-726688,776","-1055084,557",ÿÌËany,»ernokosteleck·,,silnice1.t¯Ìdy,2,317681.0,,Souhlasn˝sesmÏrem˙seku,Pomal˝,538728.0,420492.0,GN_V0.1UIR-ADR_410,1
11406190044,2,105.0,2019-01-18,5,1610,3,0,8,2,1,2,205,0,0,0,800,2,1,1,1,1,1,1,1,0,0,0,2,1,0,,3,39.0,04,1.0,0.0,1.0,0.0,1.0,1.0,800,2.0,1.0,1.0,"-740244,366","-1068018,884","-740244,366","-1068018,884","-740239,655","-1068021,501",,,,silnice2.t¯Ìdy,105,3231088.0,,Souhlasn˝sesmÏrem˙seku,Pomal˝,539368.0,,GN_V0.1UIR-ADR_410,2
11406190045,3,325.0,2019-01-18,5,2315,3,0,9,2,1,2,205,0,0,0,70,2,3,1,1,4,1,1,1,0,0,0,3,1,0,,3,31.0,98,1.0,0.0,1.0,0.0,1.0,1.0,50,7.0,1.0,1.0,"-730904,723","-1057583,459","-730904,723","-1057583,459","-730912,751","-1057583,846",Modletice,ZdÏbradsk·,,silnice3.t¯Ìdy,00325,1600279.0,,OpaËn˝kesmÏru˙seku,Pomal˝,598267.0,,GN_V0.1UIR-ADR_410,1
11406190046,2,101.0,2019-01-19,6,1310,1,2,0,2,1,0,205,0,0,0,720,2,3,1,1,1,1,1,1,3,5,0,2,2,0,,17,,XX,,,,,,,0,,,,"-745444,238","-1056227,158","-745444,238","-1056227,158","-745445,368","-1056227,934",,,,silnice2.t¯Ìdy,101,1688271.0,,OpaËn˝kesmÏru˙seku,Pomal˝,539210.0,,GN_V0.1UIR-ADR_410,2
11406190047,1,2.0,2019-01-19,6,1620,4,0,0,1,3,2,100,0,0,1,210,2,1,1,1,1,1,1,4,0,0,0,3,1,0,,8,19.0,15,5.0,0.0,0.0,1.0,1.0,3.0,200,4.0,1.0,1.0,"-726830,532","-1054977,747","-726830,532","-1054977,747",-726833,"-1054979,524",ÿÌËany,»ernokosteleck·,,silnice1.t¯Ìdy,2,317378.0,,OpaËn˝kesmÏru˙seku,Pomal˝,538728.0,420492.0,GN_V0.1UIR-ADR_410,1
11406190048,6,,2019-01-18,5,1760,2,0,0,2,1,0,508,0,0,0,100,2,1,1,1,4,1,1,1,0,0,0,1,2,0,,17,,XX,,,,,,,0,,,,"-733065,861","-1053635,651","-733065,861","-1053635,651","-733069,804","-1053623,058",»estlice,,,mÌstnÌkomunikace,,764722.0,,Souhlasn˝sesmÏrem˙seku,Pomal˝,538141.0,,GN_V0.1UIR-ADR_410,1
11406190049,6,,2019-01-21,1,2560,2,0,0,2,1,0,508,0,0,0,150,2,1,1,1,1,1,1,2,0,0,0,1,2,0,,17,,XX,,,,,,,0,,,,"-732481,589","-1057603,655","-732481,589","-1057603,655","-732479,578","-1057601,271",Modletice,,,mÌstnÌkomunikace,,1485764.0,,Souhlasn˝sesmÏrem˙seku,Pomal˝,598267.0,,GN_V0.1UIR-ADR_410,1
11406190050,2,102.0,2019-01-21,1,2240,5,0,0,2,4,0,100,0,0,0,800,2,1,1,1,6,1,1,1,0,0,0,1,1,0,,3,2.0,09,1.0,0.0,0.0,0.0,1.0,3.0,800,2.0,1.0,1.0,"-749550,496","-1072498,565","-749550,496","-1072498,565","-749549,983","-1072501,464",,,,silnice2.t¯Ìdy,102,2009075.0,,OpaËn˝kesmÏru˙seku,Pomal˝,539660.0,,GN_V0.1UIR-ADR_410,2
11406190051,2,508.0,2019-01-22,2,755,5,0,0,2,4,0,100,0,0,0,210,2,1,1,1,1,1,1,1,0,0,0,1,1,0,,3,39.0,16,3.0,0.0,1.0,0.0,1.0,1.0,200,2.0,1.0,1.0,"-723165,861","-1061430,286","-723171,769","-1061416,857","-723171,294","-1061417,961",,,,silnice2.t¯Ìdy,508,1352792.0,,Souhlasn˝sesmÏrem˙seku,Pomal˝,538825.0,,GN_V0.1UIR-ADR_410,2
11406190052,3,10115.0,2019-01-22,2,1050,1,2,0,2,1,2,501,0,0,0,100,2,1,1,1,1,1,1,1,0,0,0,1,2,0,,3,39.0,11,1.0,0.0,1.0,0.0,1.0,1.0,50,3.0,2.0,1.0,"-742710,407","-1057487,609","-742719,945","-1057508,715","-742720,261","-1057508,153",DolnÌB¯eûany,KeZvoli,,silnice3.t¯Ìdy,10115,1259483.0,,Souhlasn˝sesmÏrem˙seku,Pomal˝,539210.0,711969.0,GN_V0.1UIR-ADR_410,1
11406190053,1,2.0,2019-01-22,2,2030,3,0,2,2,1,2,205,0,0,0,550,2,3,1,1,4,1,1,3,3,3,0,2,1,0,,3,39.0,03,1.0,0.0,1.0,0.0,1.0,3.0,500,2.0,1.0,1.0,"-721522,108","-1056897,748","-721482,898","-1056896,673","-721482,968","-1056897,337",Muka¯ov,Praûsk·,,silnice1.t¯Ìdy,2,1485828.0,,OpaËn˝kesmÏru˙seku,Pomal˝,538523.0,416819.0,GN_V0.1UIR-ADR_410,1
11406190054,3,1014.0,2019-01-23,3,730,5,0,0,2,4,0,100,0,0,0,20,2,3,1,1,2,1,1,1,0,0,0,2,1,0,,3,35.0,11,1.0,0.0,0.0,0.0,1.0,5.0,10,2.0,1.0,1.0,"-726131,589","-1060994,732","-726134,812","-1060976,47","-726135,185","-1060977,331",StranËice,RevoluËnÌ,,silnice3.t¯Ìdy,1014,3121414.0,,OpaËn˝kesmÏru˙seku,Pomal˝,538809.0,422355.0,GN_V0.1UIR-ADR_410,1
11406190055,3,10212.0,2019-01-23,3,730,5,0,0,2,4,0,100,0,0,0,210,2,1,1,1,2,1,1,1,0,0,0,1,1,0,,3,99.0,97,1.0,0.0,0.0,0.0,1.0,3.0,200,2.0,1.0,1.0,"-749105,007","-1074007,032","-749105,007","-1074007,032","-749106,096","-1074010,828",,,,silnice3.t¯Ìdy,10212,1002042.0,,OpaËn˝kesmÏru˙seku,Pomal˝,539660.0,,GN_V0.1UIR-ADR_410,2
11406190056,2,102.0,2019-01-23,3,1360,2,0,0,2,1,0,508,0,0,0,20,1,1,1,1,1,1,1,1,0,0,0,1,2,0,,17,,XX,,,,,,,0,,,,"-747328,461","-1064455,221","-747328,461","-1064455,221","-747329,239","-1064454,711",Davle,Nan·mÏstÌ,,silnice2.t¯Ìdy,102,345041.0,,Souhlasn˝sesmÏrem˙seku,Pomal˝,539163.0,428078.0,GN_V0.1UIR-ADR_410,1
11406190057,6,,2019-01-24,4,1825,2,0,0,2,1,0,508,0,0,0,150,1,3,1,1,6,1,1,0,3,5,0,1,2,0,,17,,XX,,,,,,,0,,,,"-731094,749","-1055399,16","-731094,749","-1055399,16","-731088,357","-1055398,241",Nupaky,Uäkolky,,mÌstnÌkomunikace,,2665347.0,,Souhlasn˝sesmÏrem˙seku,Pomal˝,564907.0,,GN_V0.1UIR-ADR_410,1
11406190058,6,,2019-01-25,5,2340,3,0,9,2,1,2,509,0,0,0,50,5,6,1,1,6,1,1,8,0,0,0,1,1,0,,3,26.0,96,1.0,0.0,1.0,0.0,1.0,5.0,50,7.0,1.0,1.0,"-724121,456","-1055774,303","-724121,456","-1055774,303","-724118,559","-1055774,237",ÿÌËany,VLese,,mÌstnÌkomunikace,,3293821.0,,,Pomal˝,538728.0,,GN_V0.1UIR-ADR_410,1
11406190059,2,113.0,2019-01-26,6,1220,3,0,1,1,1,2,204,0,0,3,710,2,8,1,5,3,1,1,8,0,0,0,1,1,0,,3,32.0,99,1.0,1.0,0.0,1.0,1.0,1.0,700,2.0,1.0,1.0,"-721125,576","-1062949,373","-721125,576","-1062949,373","-721127,833","-1062950,456",,,,silnice2.t¯Ìdy,113,1273205.0,,Souhlasn˝sesmÏrem˙seku,Pomal˝,538582.0,,GN_V0.1UIR-ADR_410,2
11406190060,6,,2019-01-26,6,1510,3,0,9,2,1,2,508,0,0,0,470,2,5,1,3,1,1,1,8,3,3,6,5,1,10,6.0,3,39.0,13,2.0,0.0,0.0,0.0,1.0,5.0,400,2.0,0.0,1.0,"-724658,222","-1065413,895","-724658,222","-1065413,895","-724657,633","-1065415,343",Miroöovice,KN·draûÌ,,mÌstnÌkomunikace,,808007.0,,OpaËn˝kesmÏru˙seku,Pomal˝,538485.0,698261.0,GN_V0.1UIR-ADR_410,1
11406190061,6,,2019-01-26,6,1745,3,0,9,2,1,0,508,0,0,0,100,2,5,1,4,5,1,1,8,0,0,0,1,1,0,,17,,XX,,,,,,,0,,,,"-736370,244","-1055735,576","-736370,244","-1055735,576","-736372,333","-1055736,011",ZDIMÃÿICE,LabutÌ,,mÌstnÌkomunikace,,765375.0,,OpaËn˝kesmÏru˙seku,Pomal˝,539325.0,727636.0,GN_V0.1UIR-ADR_410,1
11406190062,2,335.0,2019-01-26,6,2045,3,0,9,1,1,2,204,0,0,1,460,2,5,1,1,6,1,1,8,0,0,0,3,1,0,,3,7.0,00,1.0,1.0,0.0,0.0,1.0,3.0,400,2.0,1.0,1.0,"-722196,314","-1064763,553","-722196,314","-1064763,553","-722188,97","-1064760,054",,,,silnice2.t¯Ìdy,335,1687137.0,,Souhlasn˝sesmÏrem˙seku,Pomal˝,538248.0,,GN_V0.1UIR-ADR_410,2
11406190063,6,,2019-01-26,6,2230,3,0,9,2,1,0,508,0,0,0,600,2,6,1,1,6,1,1,8,3,5,0,5,1,10,6.0,3,39.0,17,3.0,0.0,3.0,0.0,1.0,5.0,500,7.0,1.0,1.0,"-727082,151","-1060690,641","-727082,151","-1060690,641","-727080,932","-1060691,008",StranËice,KHabrovci,,mÌstnÌkomunikace,,334673.0,,Souhlasn˝sesmÏrem˙seku,Pomal˝,538809.0,422223.0,GN_V0.1UIR-ADR_410,1
11406190064,3,315.0,2019-01-27,0,830,1,2,0,2,1,0,305,0,0,0,100,2,1,1,1,1,1,1,1,0,0,0,1,2,0,,3,44.0,18,3.0,0.0,1.0,0.0,1.0,5.0,100,2.0,1.0,1.0,"-741773,025","-1057716,164","-741773,025","-1057716,164","-741772,445","-1057715,875",DolnÌB¯eûany,JÌlovsk·,,silnice3.t¯Ìdy,00315,755753.0,,Souhlasn˝sesmÏrem˙seku,Pomal˝,539210.0,711861.0,GN_V0.1UIR-ADR_410,1
11406190065,3,1014.0,2019-01-27,0,1530,1,2,0,2,1,0,508,0,0,0,300,2,3,1,1,1,1,1,1,0,0,0,3,2,0,,3,39.0,08,9.0,0.0,0.0,0.0,1.0,5.0,0,9.0,,,"-725629,319","-1061206,313","-725623,411","-1061211,685","-725623,238","-1061212,118",,,,silnice3.t¯Ìdy,1014,336562.0,,OpaËn˝kesmÏru˙seku,Pomal˝,539031.0,,GN_V0.1UIR-ADR_410,2
11406190066,3,315.0,2019-01-27,0,1740,5,0,0,2,4,0,100,0,0,0,310,2,3,1,1,6,1,1,1,0,0,0,2,1,0,,3,47.0,16,3.0,0.0,0.0,0.0,1.0,1.0,300,2.0,1.0,1.0,"-741617,52","-1058222,494","-741617,52","-1058222,494","-741604,387","-1058213,992",,,,silnice3.t¯Ìdy,00315,1686163.0,,Souhlasn˝sesmÏrem˙seku,Pomal˝,539881.0,,GN_V0.1UIR-ADR_410,2
11406190067,6,,2019-01-26,6,2560,2,0,0,2,1,0,508,0,0,0,200,2,3,1,1,4,1,1,1,0,0,0,2,2,0,,17,,XX,,,,,,,0,,,,"-738633,469","-1056926,537","-738633,469","-1056926,537","-738635,325","-1056920,041",Jesenice,L·zeÚsk·,,mÌstnÌkomunikace,,2760190.0,,Souhlasn˝sesmÏrem˙seku,Pomal˝,539325.0,662313.0,GN_V0.1UIR-ADR_410,1
11406190068,3,1012.0,2019-01-28,1,15,3,0,3,2,1,2,204,0,0,0,110,2,3,1,1,4,1,1,1,0,0,0,3,1,0,,3,17.0,04,1.0,0.0,0.0,0.0,1.0,3.0,100,2.0,1.0,1.0,"-727182,65","-1058405,863","-727182,65","-1058405,863","-727185,587","-1058408,235",SvÏtice,HlavnÌ,,silnice3.t¯Ìdy,1012,328393.0,,OpaËn˝kesmÏru˙seku,Pomal˝,538841.0,708771.0,GN_V0.1UIR-ADR_410,1
11406190069,3,325.0,2019-01-28,1,640,1,1,0,1,1,2,204,0,0,1,1400,2,3,1,6,7,1,1,1,0,0,0,3,2,0,,3,7.0,08,1.0,1.0,1.0,0.0,1.0,1.0,600,2.0,1.0,1.0,"-729715,54","-1058758,729","-729715,54","-1058758,729","-729717,701","-1058760,415",JAéLOVICE,ZdÏbradsk·,,silnice3.t¯Ìdy,00325,3337281.0,,Souhlasn˝sesmÏrem˙seku,Pomal˝,538728.0,708364.0,GN_V0.1UIR-ADR_410,1
11406190070,3,1052.0,2019-01-28,1,555,3,0,9,2,1,2,204,0,0,0,250,2,6,1,6,7,1,1,8,0,0,0,2,1,0,,3,39.0,09,1.0,1.0,0.0,0.0,1.0,3.0,200,2.0,1.0,1.0,"-739361,335","-1064586,661","-739377,449","-1064575,919","-739375,729","-1064577,731",POHOÿÕ,,,silnice3.t¯Ìdy,1052,1353178.0,,OpaËn˝kesmÏru˙seku,Pomal˝,539562.0,,GN_V0.1UIR-ADR_410,1
11406190071,6,,2019-01-21,1,1660,2,0,0,2,1,0,508,0,0,0,150,5,8,1,1,1,1,0,0,0,5,0,1,2,0,,3,17.0,18,3.0,0.0,0.0,0.0,1.0,6.0,150,,,,"-723362,531","-1056837,977","-723362,531","-1056837,977","-723367,745","-1056839,022",Tehovec,Svaûit·,,mÌstnÌkomunikace,,3337689.0,,Souhlasn˝sesmÏrem˙seku,Pomal˝,599719.0,,GN_V0.1UIR-ADR_410,1
11406190072,6,,2019-01-28,1,1745,2,0,0,2,1,0,508,0,0,0,200,1,1,1,1,4,1,1,2,0,0,10,1,2,0,,3,39.0,06,1.0,0.0,1.0,0.0,1.0,5.0,100,9.0,,,"-733849,703","-1053557,659","-733849,703","-1053557,659","-733849,714","-1053557,674",Pr˘honice,,,mÌstnÌkomunikace,,2759741.0,,OpaËn˝kesmÏru˙seku,Pomal˝,539571.0,,GN_V0.1UIR-ADR_410,1
11406190073,3,323.0,2019-01-01,2,2560,3,0,4,2,5,0,100,0,0,0,300,2,1,1,1,6,1,1,1,3,3,0,3,1,0,,3,39.0,06,1.0,0.0,0.0,0.0,1.0,5.0,200,2.0,1.0,4.0,"-729018,592","-1057868,604","-729018,592","-1057868,604","-729013,273","-1057871,829",ÿÌËany,Jaûlovick·,,silnice3.t¯Ìdy,00323,1600243.0,,Souhlasn˝sesmÏrem˙seku,Pomal˝,538728.0,717843.0,GN_V0.1UIR-ADR_410,1