IDENTIFIKA»NÕ »ÕSLO,DRUH POZEMNÕ KOMUNIKACE,»ÕSLO POZEMNÕ KOMUNIKACE,"den, mÏsÌc, rok",,Ëas ,DRUH NEHODY,DRUH SR¡éKY JEDOUCÕCH VOZIDEL,DRUH PEVN… PÿEK¡éKY,CHARAKTER NEHODY,ZAVINÃNÕ NEHODY,ALKOHOL U VINÕKA NEHODY PÿÕTOMEN,HLAVNÕ PÿÕ»INY NEHODY,usmrceno osob,tÏûce zranÏno osob,lehce zranÏno osob,CELKOV¡ HMOTN¡ äKODA,DRUH POVRCHU VOZOVKY,STAV POVRCHU VOZOVKY V DOBÃ NEHODY,STAV KOMUNIKACE,POVÃTRNOSTNÕ PODMÕNKY V DOBÃ NEHODY,VIDITELNOST,ROZHLEDOV… POMÃRY,DÃLENÕ KOMUNIKACE,SITUOV¡NÕ NEHODY NA KOMUNIKACI,ÿÕZENÕ PROVOZU V DOBÃ NEHODY,MÕSTNÕ ⁄PRAVA PÿEDNOSTI V JÕZDÃ,SPECIFICK¡ MÕSTA A OBJEKTY V MÕSTÃ NEHODY,SMÃROV… POMÃRY,PO»ET Z⁄»ASTNÃN›CH VOZIDEL,MÕSTO DOPRAVNÕ NEHODY,DRUH KÿIéUJÕCÕ KOMUNIKACE,DRUH VOZIDLA,V›ROBNÕ ZNA»KA MOTOROV…HO VOZIDLA,ROK V›ROBY VOZIDLA,CHARAKTERISTIKA VOZIDLA ,SMYK,VOZIDLO PO NEHODÃ,"⁄NIK PROVOZNÕCH, PÿEPRAVOVAN›CH HMOT",ZPŸSOB VYPROäTÃNÕ OSOB Z VOZIDLA,SMÃR JÕZDY NEBO POSTAVENÕ VOZIDLA,äKODA NA VOZIDLE,KATEGORIE ÿIDI»E,STAV ÿIDI»E,VNÃJäÕ OVLIVNÃNÕ ÿIDI»E,nan.1,nan.2,nan.3,nan.4,nan.5,nan.6,nan.7,nan.8,nan.9,nan.10,nan.11,nan.12,nan.13,nan.14,nan.15,nan.16,nan.17,nan.18,LOKALITA NEHODY
11406190074,2,335.0,2019-01-01,2,2560,3,0,2,2,1,0,508,0,0,0,200,2,3,1,1,1,1,1,1,0,0,0,3,1,0,,17,,XX,,,,,,,0,,,,"-723769,022","-1063587,85","-723752,907","-1063576,032","-723752,803","-1063575,973",Mnichovice,Ond¯ejovsk·,,silnice2.t¯Ìdy,335,808173.0,,Souhlasn˝sesmÏrem˙seku,Pomal˝,538493.0,415383.0,GN_V0.1UIR-ADR_410,1
11406190075,2,508.0,2019-01-29,2,1730,5,0,0,2,4,0,100,0,0,0,200,2,1,1,1,6,1,1,1,0,0,0,1,1,0,,3,47.0,15,3.0,0.0,1.0,0.0,1.0,1.0,200,3.0,1.0,1.0,"-723707,46","-1061735,074","-723688,123","-1061730,239","-723688,254","-1061730,042",,,,silnice2.t¯Ìdy,508,1357500.0,,OpaËn˝kesmÏru˙seku,Pomal˝,538493.0,,GN_V0.1UIR-ADR_410,2
11406190076,2,101.0,2019-01-30,3,1340,1,3,0,2,1,2,501,0,0,0,2320,2,1,1,1,1,1,1,1,0,0,0,1,2,0,,3,32.0,17,3.0,0.0,3.0,0.0,1.0,1.0,2000,2.0,1.0,1.0,"-726903,222","-1054800,009","-726903,222","-1054800,009","-726907,661","-1054793,262",ÿÌËany,ÿÌËansk·,,silnice2.t¯Ìdy,101,3231585.0,,Souhlasn˝sesmÏrem˙seku,Pomal˝,538728.0,420786.0,GN_V0.1UIR-ADR_410,1
11406190077,2,107.0,2019-01-31,4,630,3,0,9,2,1,2,203,0,0,0,1000,2,3,1,1,6,1,2,3,0,0,0,2,1,0,,3,38.0,11,1.0,1.0,1.0,0.0,1.0,1.0,900,2.0,1.0,1.0,"-729488,309","-1062316,078","-729488,309","-1062316,078","-729488,374","-1062316,032",,,,silnice2.t¯Ìdy,107,1686595.0,,Souhlasn˝sesmÏrem˙seku,Pomal˝,538981.0,,GN_V0.1UIR-ADR_410,2
11406190078,6,,2019-01-31,4,1360,2,0,0,2,1,0,508,0,0,0,100,2,1,1,1,1,1,1,1,0,0,0,1,2,0,,17,,XX,,,,,,,0,,,,"-726200,574","-1055531,22","-726200,574","-1055531,22","-726198,029","-1055535,614",ÿÌËany,Smi¯ick˝ch,,mÌstnÌkomunikace,,318751.0,,Souhlasn˝sesmÏrem˙seku,Pomal˝,538728.0,421324.0,GN_V0.1UIR-ADR_410,1
11406190079,6,,2019-01-20,0,2560,3,0,9,2,1,0,508,0,0,0,50,6,2,6,1,1,1,0,3,0,0,0,3,1,0,,17,,XX,,,,,,,0,,,,"-744542,11","-1065231,957","-744542,11","-1065231,957","-744550,04","-1065233,356",Petrov,,,mÌstnÌkomunikace,,1534116.0,,Souhlasn˝sesmÏrem˙seku,Pomal˝,539546.0,,GN_V0.1UIR-ADR_410,1
11406190080,3,39.0,2019-01-24,4,2560,3,0,2,2,1,0,508,0,0,0,100,1,1,1,1,4,1,1,8,0,0,10,1,1,0,,17,,XX,,,,,,,0,,,,"-734600,997","-1053850,962","-734600,997","-1053850,962","-734607,368","-1053842,361",Pr˘honice,HlavnÌ,,silnice3.t¯Ìdy,0039,1271900.0,,OpaËn˝kesmÏru˙seku,Pomal˝,539571.0,435911.0,GN_V0.1UIR-ADR_410,1
11406190081,6,,2019-01-31,4,2560,2,0,0,2,1,0,508,0,0,0,50,2,1,1,1,1,1,1,1,0,0,0,1,3,0,,17,,XX,,,,,,,0,,,,"-738344,466","-1055246,351","-738358,969","-1055250,111","-738358,598","-1055249,991",Vestec,UH¯iötÏ,,mÌstnÌkomunikace,,2760015.0,,Souhlasn˝sesmÏrem˙seku,Pomal˝,513458.0,719404.0,GN_V0.1UIR-ADR_410,1
11406190082,2,107.0,2019-02-01,5,2115,3,0,6,1,1,2,511,0,0,1,2005,2,1,1,1,6,1,1,3,0,0,5,1,1,0,,3,99.0,14,1.0,0.0,0.0,1.0,1.0,1.0,2000,2.0,1.0,5.0,"-728126,269","-1059756,308","-728031,731","-1059831,509","-728030,744","-1059831,956",,,,silnice2.t¯Ìdy,107,3247497.0,,Souhlasn˝sesmÏrem˙seku,Pomal˝,538809.0,,GN_V0.1UIR-ADR_410,2
11406190083,2,105.0,2019-02-02,6,1800,1,2,0,2,1,0,508,0,0,0,400,2,3,1,0,6,1,1,1,3,4,0,3,2,0,,17,,XX,,,,,,,0,,,,"-738369,121","-1060129,073","-738369,121","-1060129,073","-738370,293","-1060126,487",Ps·ry,Praûsk·,,silnice2.t¯Ìdy,105,3297579.0,,OpaËn˝kesmÏru˙seku,Pomal˝,539597.0,696501.0,GN_V0.1UIR-ADR_410,1
11406190084,6,,2019-02-02,6,2225,5,0,0,2,4,0,100,0,0,0,510,2,1,1,1,6,1,1,1,0,0,0,1,1,0,,3,38.0,10,1.0,0.0,1.0,0.0,1.0,5.0,500,2.0,1.0,1.0,"-728631,87","-1057856,697","-728631,87","-1057856,697","-728631,136","-1057856,582",,,,mÌstnÌkomunikace,,1686504.0,,Souhlasn˝sesmÏrem˙seku,Pomal˝,538728.0,,GN_V0.1UIR-ADR_410,2
11406190085,6,,2019-02-02,6,1360,2,0,0,2,1,0,508,0,0,0,100,2,3,1,1,1,1,1,1,0,0,0,1,2,0,,17,,XX,,,,,,,0,,,,"-733326,169","-1053807,765","-733326,169","-1053807,765","-733339,075","-1053794,971",»estlice,,,mÌstnÌkomunikace,,1688336.0,,OpaËn˝kesmÏru˙seku,Pomal˝,538141.0,,GN_V0.1UIR-ADR_410,1
11406190086,2,105.0,2019-02-03,0,1700,1,1,0,2,1,2,204,0,0,0,1700,2,5,1,5,2,1,1,1,3,3,0,4,2,19,3.0,3,39.0,97,1.0,1.0,0.0,0.0,1.0,13.0,500,3.0,1.0,1.0,"-739781,241","-1062978,318","-739794,669","-1062975,632","-739794,289","-1062976,369",,,,silnice2.t¯Ìdy,105,3113729.0,,Souhlasn˝sesmÏrem˙seku,Pomal˝,539333.0,431851.0,GN_V0.1UIR-ADR_410,2
11406190087,2,101.0,2019-02-03,0,1832,1,2,0,2,1,9,414,0,0,0,300,2,3,1,5,6,1,1,1,0,0,0,1,2,0,,3,47.0,17,3.0,0.0,0.0,0.0,1.0,1.0,200,2.0,1.0,1.0,"-730915,328","-1057545,669","-730907,271","-1057541,372","-730906,974","-1057542,972",,,,silnice2.t¯Ìdy,101,739743.0,,Souhlasn˝sesmÏrem˙seku,Pomal˝,598267.0,,GN_V0.1UIR-ADR_410,2
11506190001,6,,2019-01-01,2,150,3,0,6,1,1,8,205,0,0,1,250,5,3,1,3,7,1,1,8,3,5,0,5,1,10,6.0,3,47.0,95,1.0,1.0,1.0,0.0,1.0,5.0,200,2.0,5.0,1.0,"-723495,648","-1049087,634","-723495,648","-1049087,634","-723494,937","-1049087,034",DobroËovice,,,mÌstnÌkomunikace,,991116.0,,OpaËn˝kesmÏru˙seku,Pomal˝,565008.0,,GN_V0.1UIR-ADR_410,1
11506190002,1,9.0,2019-01-01,2,1500,9,0,0,2,1,3,204,0,0,0,1000,2,3,1,1,1,1,1,1,0,0,0,2,1,0,,3,6.0,03,1.0,0.0,1.0,0.0,1.0,3.0,1000,2.0,4.0,1.0,"-738752,716","-1033357,886","-738752,716","-1033357,886","-738756,572","-1033351,996",,,,silnice1.t¯Ìdy,9,2662830.0,,OpaËn˝kesmÏru˙seku,Pomal˝,598283.0,,GN_V0.1UIR-ADR_410,2
11506190003,6,,2019-01-01,2,2560,3,0,9,2,1,0,508,0,0,0,600,2,3,1,1,4,1,1,1,3,5,0,1,1,0,,17,,XX,,,,,,,0,,,,"-739613,286","-1032764,334","-739613,286","-1032764,334","-739616,363","-1032765,125",Klecany,Parkerova,,mÌstnÌkomunikace,,1022413.0,,OpaËn˝kesmÏru˙seku,Pomal˝,538311.0,762091.0,GN_V0.1UIR-ADR_410,1
11506190004,6,,2019-01-03,4,2560,2,0,0,2,1,0,508,0,0,0,300,2,3,1,5,3,1,1,1,3,5,0,2,2,0,,17,,XX,,,,,,,0,,,,"-724718,747","-1034372,287","-724718,747","-1034372,287","-724719,966","-1034370,925",BRAND›SNADLABEM-STAR¡BOLESLAV,Kaötanov·,,mÌstnÌkomunikace,,2765614.0,,OpaËn˝kesmÏru˙seku,Pomal˝,538094.0,408611.0,GN_V0.1UIR-ADR_410,1
11506190005,8,,2019-01-03,4,1640,3,0,2,2,1,0,508,0,0,0,200,2,5,1,5,2,1,1,3,3,4,0,1,1,0,,17,,XX,,,,,,,0,,,,"-722371,502","-1032967,059","-722371,502","-1032967,059","-722371,653","-1032967,211",Brand˝snadLabem-Star·Boleslav,pplk.Sochora,,mÌstnÌkomunikace,,2565973.0,,OpaËn˝kesmÏru˙seku,Pomal˝,538094.0,409421.0,GN_V0.1UIR-ADR_410,1
11506190006,6,,2019-01-04,5,630,3,0,2,2,1,2,204,0,0,0,250,2,6,1,6,5,0,1,1,3,3,0,1,1,0,,3,12.0,97,1.0,1.0,1.0,0.0,1.0,5.0,50,2.0,1.0,1.0,"-743011,188","-1035901,297","-743011,188","-1035901,297","-743009,583","-1035901,758",Zdiby,Sedleck·cesta,,mÌstnÌkomunikace,,1259496.0,,OpaËn˝kesmÏru˙seku,Pomal˝,539058.0,665223.0,GN_V0.1UIR-ADR_410,1
11506190007,6,,2019-01-05,6,900,3,0,9,2,1,2,508,0,0,0,520,6,3,6,1,1,1,0,0,3,5,0,1,4,0,,3,39.0,02,1.0,0.0,1.0,0.0,1.0,5.0,200,7.0,5.0,1.0,"-724031,089","-1034254,395","-724031,089","-1034254,395","-724034,826","-1034257,689",BRAND›SNADLABEM-STAR¡BOLESLAV,Napr·dle,,mÌstnÌkomunikace,,244414.0,,OpaËn˝kesmÏru˙seku,Pomal˝,538094.0,409049.0,GN_V0.1UIR-ADR_410,1
11506190008,6,,2019-01-04,5,2560,2,0,0,2,1,0,508,0,0,0,200,1,1,1,1,1,1,1,1,3,3,0,3,2,0,,17,,XX,,,,,,,0,,,,"-732454,495","-1029624,699","-732454,495","-1029624,699","-732449,085","-1029622,896",Nov·Ves,ULesÌka,,mÌstnÌkomunikace,,1639917.0,,Souhlasn˝sesmÏrem˙seku,Pomal˝,538558.0,792055.0,GN_V0.1UIR-ADR_410,1
11506190009,0,10.0,2019-01-06,0,2030,5,0,0,1,4,0,100,0,0,2,1900,2,1,1,1,6,1,3,1,0,0,0,1,1,0,,5,2.0,08,1.0,0.0,1.0,0.0,1.0,3.0,1400,2.0,1.0,1.0,"-724541,216","-1037395,96","-724541,216","-1037395,96","-724538,201","-1037398,033",,,,silnice1.t¯Ìdy,D10,3514236.0,,Souhlasn˝sesmÏrem˙seku,Pomal˝,505781.0,,GN_V0.1UIR-ADR_410,2
11506190010,6,,2019-01-08,2,1060,2,0,0,2,1,0,508,0,0,0,50,2,3,1,1,1,1,1,1,3,5,10,1,2,0,,17,,XX,,,,,,,0,,,,"-723148,065","-1033142,218","-723148,065","-1033142,218","-723144,163","-1033142,218",BRAND›SNADLABEM-STAR¡BOLESLAV,MÏlnick·,,mÌstnÌkomunikace,,240694.0,,Souhlasn˝sesmÏrem˙seku,Pomal˝,538094.0,408875.0,GN_V0.1UIR-ADR_410,1
11506190011,6,,2019-01-07,1,1900,2,0,0,2,1,0,508,0,0,0,10,1,1,1,1,4,1,1,1,3,5,0,1,2,0,,3,32.0,99,1.0,0.0,1.0,0.0,1.0,5.0,0,9.0,,,"-723232,291","-1036918,784","-723232,291","-1036918,784","-723232,566","-1036913,098",Z·py,,,mÌstnÌkomunikace,,3272519.0,,Souhlasn˝sesmÏrem˙seku,Pomal˝,505781.0,,GN_V0.1UIR-ADR_410,1
11506190012,0,10.0,2019-01-08,2,1960,3,0,4,2,1,2,508,0,0,0,350,2,3,1,4,7,1,1,1,3,3,0,1,2,0,,7,26.0,13,3.0,0.0,0.0,0.0,1.0,3.0,0,3.0,1.0,1.0,"-722258,997","-1035402,267","-722258,997","-1035402,267","-722255,134","-1035406,61",,,,silnice1.t¯Ìdy,D10,1272024.0,,Souhlasn˝sesmÏrem˙seku,Pomal˝,538566.0,,GN_V0.1UIR-ADR_410,2
11506190013,2,611.0,2019-01-09,3,705,1,1,0,1,1,2,204,0,0,1,1600,2,3,1,5,6,1,1,1,3,3,0,5,3,19,3.0,3,13.0,00,1.0,0.0,1.0,0.0,1.0,31.0,500,3.0,1.0,1.0,"-722254,707","-1041370,656","-722254,707","-1041370,656","-722254,887","-1041369,041",,,,silnice2.t¯Ìdy,611,807755.0,,Souhlasn˝sesmÏrem˙seku,Pomal˝,538272.0,,GN_V0.1UIR-ADR_410,2
11506190014,2,608.0,2019-01-09,3,805,5,0,0,2,4,0,100,0,0,0,250,2,3,1,1,1,1,1,1,3,4,0,1,1,0,,3,39.0,08,1.0,0.0,1.0,0.0,1.0,1.0,200,3.0,1.0,1.0,"-739524,679","-1035438,89","-739524,679","-1035438,89","-739528,664","-1035437,993",,,,silnice2.t¯Ìdy,608,3342882.0,,Souhlasn˝sesmÏrem˙seku,Pomal˝,539058.0,,GN_V0.1UIR-ADR_410,2
11506190015,0,10.0,2019-01-09,3,2215,1,4,0,1,1,2,202,0,0,1,850,2,3,1,5,7,1,1,1,3,4,0,1,2,0,,3,39.0,10,1.0,0.0,1.0,0.0,1.0,1.0,300,3.0,1.0,1.0,"-721829,748","-1034232,688","-721829,748","-1034232,688","-721831,642","-1034233,078",,,,silnice1.t¯Ìdy,D10,3504014.0,,Souhlasn˝sesmÏrem˙seku,Pomal˝,538094.0,,GN_V0.1UIR-ADR_410,2
11506190016,2,245.0,2019-01-10,4,750,1,1,0,1,1,2,405,0,0,1,1400,2,8,1,3,2,1,1,1,3,3,0,1,2,0,,3,39.0,05,1.0,0.0,1.0,0.0,1.0,3.0,400,2.0,1.0,1.0,"-721694,987","-1036329,048","-721694,987","-1036329,048","-721685,645","-1036319,55",,,,silnice2.t¯Ìdy,245,1687530.0,,Souhlasn˝sesmÏrem˙seku,Pomal˝,538914.0,414000.0,GN_V0.1UIR-ADR_410,2
11506190017,3,2449.0,2019-01-11,5,1230,1,3,0,1,1,2,404,0,0,2,2800,2,6,1,5,3,1,1,1,3,3,0,4,2,19,3.0,3,13.0,03,1.0,0.0,1.0,0.0,1.0,34.0,300,2.0,1.0,1.0,"-729828,173","-1033136,11","-729828,173","-1033136,11","-729829,25","-1033136,066",,,,silnice3.t¯Ìdy,2449,3101580.0,,OpaËn˝kesmÏru˙seku,Pomal˝,538108.0,,GN_V0.1UIR-ADR_410,2
11506190018,2,608.0,2019-01-11,5,1615,3,0,3,2,1,2,204,0,0,0,300,2,3,1,5,3,1,1,8,0,0,2,1,1,0,,3,4.0,99,1.0,1.0,1.0,0.0,1.0,1.0,200,2.0,1.0,1.0,"-741708,079","-1028156,374","-741708,079","-1028156,374","-741711,694","-1028158,961",,,,silnice2.t¯Ìdy,608,229882.0,,Souhlasn˝sesmÏrem˙seku,Pomal˝,538574.0,712931.0,GN_V0.1UIR-ADR_410,2
11506190019,1,9.0,2019-01-11,5,1630,1,3,0,2,1,2,402,0,0,0,500,2,6,1,5,2,1,1,1,3,3,0,5,2,19,3.0,3,2.0,13,1.0,0.0,1.0,0.0,1.0,32.0,500,2.0,1.0,1.0,"-735449,734","-1030179,533","-735449,734","-1030179,533","-735444,287","-1030179,9",,,,silnice1.t¯Ìdy,9,1687559.0,,OpaËn˝kesmÏru˙seku,Pomal˝,538051.0,,GN_V0.1UIR-ADR_410,2
11506190020,6,,2019-01-12,6,10,2,0,0,2,1,9,504,0,0,0,160,1,3,1,3,5,1,1,1,3,5,0,5,2,10,6.0,3,39.0,95,1.0,0.0,1.0,0.0,1.0,5.0,10,2.0,5.0,1.0,"-724122,985","-1034365,147","-724122,985","-1034365,147","-724124,067","-1034361,75",BRAND›SNADLABEM-STAR¡BOLESLAV,NakopeËku,,mÌstnÌkomunikace,,244731.0,,,Pomal˝,538094.0,408981.0,GN_V0.1UIR-ADR_410,1
11506190021,3,91.0,2019-01-16,3,40,3,0,6,1,1,2,204,0,0,2,410,2,3,1,1,4,1,0,1,0,0,0,1,1,0,,3,4.0,00,1.0,0.0,1.0,0.0,1.0,5.0,400,2.0,1.0,1.0,"-736286,02","-1031876,222","-736286,02","-1031876,222","-736285,32","-1031874,652",LÌbeznice,DruûstevnÌ,,silnice3.t¯Ìdy,0091,751300.0,,OpaËn˝kesmÏru˙seku,Pomal˝,538442.0,414336.0,GN_V0.1UIR-ADR_410,1
11506190022,6,,2019-01-16,3,1002,2,0,0,2,1,0,508,0,0,0,100,2,1,1,1,1,1,1,1,3,5,0,1,2,0,,3,39.0,03,1.0,0.0,1.0,0.0,1.0,5.0,0,9.0,,,"-724490,482","-1034432,364","-724490,482","-1034432,364","-724492,542","-1034430,47",BRAND›SNADLABEM-STAR¡BOLESLAV,Masarykovon·mÏstÌ,,mÌstnÌkomunikace,,245039.0,,Souhlasn˝sesmÏrem˙seku,Pomal˝,538094.0,408841.0,GN_V0.1UIR-ADR_410,1
11506190023,1,12.0,2019-01-17,4,1925,5,0,0,2,4,0,100,0,0,0,250,2,1,1,1,6,1,1,1,0,5,0,1,1,0,,3,13.0,99,1.0,0.0,1.0,0.0,1.0,1.0,200,2.0,1.0,1.0,"-723438,225","-1047375,161","-723438,225","-1047375,161","-723437,885","-1047368,358",,,,mÌstnÌkomunikace,,1277912.0,,Souhlasn˝sesmÏrem˙seku,Pomal˝,554782.0,,GN_V0.1UIR-ADR_410,2
11506190024,3,10162.0,2019-01-18,5,510,3,0,1,2,1,2,204,0,0,0,310,2,6,1,1,6,1,1,1,3,4,0,4,1,19,3.0,3,13.0,08,1.0,1.0,1.0,0.0,1.0,13.0,300,2.0,1.0,1.0,"-721299,22","-1039174,755","-721299,22","-1039174,755","-721297,224","-1039177,618",,,,silnice3.t¯Ìdy,10162,259769.0,,Souhlasn˝sesmÏrem˙seku,Pomal˝,539066.0,,GN_V0.1UIR-ADR_410,2
11506190025,6,,2019-01-18,5,360,3,0,2,2,1,0,504,0,0,0,400,2,6,1,6,3,1,0,1,0,0,0,1,2,0,,17,,XX,,,,,,,0,,,,"-742501,227","-1033031,577","-742501,227","-1033031,577","-742501,419","-1033019,835",Klecany,Vnov˝chdomk·ch,,mÌstnÌkomunikace,,870175.0,,Souhlasn˝sesmÏrem˙seku,Pomal˝,538311.0,413526.0,GN_V0.1UIR-ADR_410,1
11506190026,6,,2019-01-01,2,2560,3,0,2,2,1,0,504,0,0,0,50,1,1,1,1,4,1,1,8,3,5,0,1,1,0,,17,,XX,,,,,,,0,,,,"-721261,448","-1047540,078","-721261,448","-1047540,078","-721259,47","-1047540,883",⁄valy,ArnoötazPardubic,,mÌstnÌkomunikace,,292870.0,,Souhlasn˝sesmÏrem˙seku,Pomal˝,538957.0,424111.0,GN_V0.1UIR-ADR_410,1
11506190027,3,2424.0,2019-01-18,5,1510,2,0,0,1,1,2,508,0,0,1,2710,2,1,1,1,1,1,1,1,0,0,0,1,2,0,,3,7.0,10,1.0,0.0,1.0,0.0,1.0,1.0,1500,2.0,1.0,1.0,"-739959,775","-1034407,522","-739959,775","-1034407,522","-739959,55","-1034404,713",Zdiby,Pr˘bÏûn·,,silnice3.t¯Ìdy,2424,244904.0,,Souhlasn˝sesmÏrem˙seku,Pomal˝,539058.0,425460.0,GN_V0.1UIR-ADR_410,1
11506190028,0,10.0,2019-01-18,5,1900,1,4,0,1,1,2,503,0,0,1,1750,2,3,1,1,6,1,3,1,0,0,0,1,4,0,,3,25.0,01,1.0,0.0,1.0,0.0,1.0,1.0,600,2.0,1.0,1.0,"-722963,658","-1035888,621","-722963,658","-1035888,621","-722962,224","-1035891,02",,,,silnice1.t¯Ìdy,D10,3514233.0,,Souhlasn˝sesmÏrem˙seku,Pomal˝,505781.0,,GN_V0.1UIR-ADR_410,2
11506190029,0,10.0,2019-01-18,5,1900,1,4,0,1,1,2,503,0,0,1,1000,2,2,1,1,6,1,3,1,0,0,0,1,2,0,,3,7.0,16,3.0,0.0,1.0,0.0,1.0,3.0,600,3.0,1.0,1.0,"-723002,219","-1035912,849","-723002,219","-1035912,849","-723001,303","-1035914,381",,,,silnice1.t¯Ìdy,D10,3514233.0,,Souhlasn˝sesmÏrem˙seku,Pomal˝,505781.0,,GN_V0.1UIR-ADR_410,2
11506190030,0,10.0,2019-01-18,5,1900,1,4,0,1,1,2,503,0,0,1,1300,2,1,1,1,6,1,3,1,0,0,0,1,3,0,,3,13.0,15,3.0,0.0,1.0,0.0,1.0,3.0,300,2.0,1.0,1.0,"-723002,219","-1035912,849","-723002,219","-1035912,849","-723001,303","-1035914,381",,,,silnice1.t¯Ìdy,D10,3514233.0,,Souhlasn˝sesmÏrem˙seku,Pomal˝,505781.0,,GN_V0.1UIR-ADR_410,2
11506190031,3,91.0,2019-01-19,6,1160,1,4,0,1,1,2,508,0,0,1,150,2,1,1,1,1,1,1,1,3,3,0,1,2,0,,3,39.0,03,1.0,0.0,0.0,0.0,1.0,1.0,50,3.0,1.0,1.0,"-735830,299","-1031451,013","-735830,299","-1031451,013","-735836,988","-1031454,671",,,,silnice3.t¯Ìdy,0091,2569238.0,,OpaËn˝kesmÏru˙seku,Pomal˝,538442.0,,GN_V0.1UIR-ADR_410,2
11506190032,0,10.0,2019-01-19,6,1630,1,3,0,2,1,2,508,0,0,0,400,2,1,1,1,6,1,1,1,0,0,0,1,2,0,,3,26.0,18,1.0,0.0,1.0,0.0,1.0,3.0,0,9.0,,,"-722112,801","-1035250,061","-722112,801","-1035250,061","-722109,523","-1035252,677",,,,silnice1.t¯Ìdy,D10,3068759.0,,Souhlasn˝sesmÏrem˙seku,Pomal˝,538566.0,,GN_V0.1UIR-ADR_410,2
11506190033,6,,2019-01-19,6,1900,2,0,0,2,1,0,508,0,0,0,800,2,1,1,1,6,1,1,1,3,3,0,1,2,0,,3,47.0,03,1.0,0.0,1.0,0.0,1.0,5.0,600,9.0,,,"-719129,149","-1038220,225","-719129,149","-1038220,225","-719128,614","-1038218,746",»el·kovice,Tov·rnÌ,,mÌstnÌkomunikace,,2854119.0,,,Pomal˝,538132.0,,GN_V0.1UIR-ADR_410,1
11506190034,2,611.0,2019-01-20,0,1530,1,3,0,1,1,2,402,0,0,1,1800,2,1,1,1,1,1,5,1,3,3,0,5,2,19,3.0,7,19.0,16,3.0,0.0,0.0,0.0,1.0,14.0,900,3.0,1.0,1.0,"-722276,781","-1041377,127","-722276,781","-1041377,127","-722276,797","-1041376,836",,,,silnice3.t¯Ìdy,6111,807756.0,,Souhlasn˝sesmÏrem˙seku,Pomal˝,538272.0,,GN_V0.1UIR-ADR_410,2
11506190035,6,,2019-01-09,3,2560,2,0,0,2,1,0,508,0,0,0,100,1,1,1,1,1,1,1,1,0,0,10,1,2,0,,17,,XX,,,,,,,0,,,,"-723191,779","-1033531,435","-723191,779","-1033531,435","-723187,815","-1033529,877",BRAND›SNADLABEM-STAR¡BOLESLAV,Mari·nskÈn·mÏstÌ,,mÌstnÌkomunikace,,2664686.0,,Souhlasn˝sesmÏrem˙seku,Pomal˝,538094.0,,GN_V0.1UIR-ADR_410,1
11506190036,2,245.0,2019-01-21,1,2120,4,0,0,1,1,0,504,0,0,1,0,5,3,1,1,4,1,0,1,0,0,0,1,1,0,,3,12.0,17,1.0,0.0,1.0,0.0,1.0,3.0,0,9.0,,,"-724091,948","-1034591,153","-724091,948","-1034591,153","-724098,781","-1034600,485",BRAND›SNADLABEM-STAR¡BOLESLAV,Kr·lovick·,,silnice2.t¯Ìdy,245,245714.0,,OpaËn˝kesmÏru˙seku,Pomal˝,538094.0,408743.0,GN_V0.1UIR-ADR_410,1
11506190037,3,33310.0,2019-01-22,2,760,2,0,0,2,1,0,508,0,0,0,50,1,1,1,1,1,1,1,1,3,3,10,1,2,0,,17,,XX,,,,,,,0,,,,"-724037,578","-1043236,703","-724037,578","-1043236,703","-724043,866","-1043233,023",äestajovice,RevoluËnÌ,,silnice3.t¯Ìdy,33310,275669.0,,Souhlasn˝sesmÏrem˙seku,Pomal˝,538876.0,423084.0,GN_V0.1UIR-ADR_410,1
11506190038,6,,2019-01-18,5,2560,3,0,2,2,1,0,508,0,0,0,100,2,1,1,1,1,1,1,1,3,3,0,1,1,0,,17,,XX,,,,,,,0,,,,"-741248,339","-1026519,859","-741248,339","-1026519,859","-741243,536","-1026519,859",OdolenaVoda,DoStruh,,mÌstnÌkomunikace,,226987.0,,Souhlasn˝sesmÏrem˙seku,Pomal˝,538574.0,417432.0,GN_V0.1UIR-ADR_410,1
11506190039,6,,2019-01-01,2,2560,1,3,0,2,1,0,508,0,0,0,200,2,1,1,1,2,1,0,1,3,5,2,1,2,0,,3,35.0,11,1.0,0.0,1.0,0.0,1.0,5.0,0,2.0,1.0,1.0,"-735639,061","-1031905,895","-735639,061","-1031905,895","-735639,799","-1031906,176",LÌbeznice,MÏöick·,,mÌstnÌkomunikace,,2009734.0,,OpaËn˝kesmÏru˙seku,Pomal˝,538442.0,,GN_V0.1UIR-ADR_410,1
11506190040,7,,2019-01-24,4,2560,2,0,0,2,1,2,508,0,0,0,300,5,5,1,1,1,1,0,1,3,3,0,1,2,0,,6,35.0,01,3.0,0.0,1.0,0.0,1.0,5.0,0,4.0,1.0,1.0,"-742161,574","-1033637,876","-742161,574","-1033637,876","-742161,036","-1033629,051",Klecany,Pod»ernousk·lou,,mÌstnÌkomunikace,,764219.0,,,Pomal˝,538311.0,688908.0,GN_V0.1UIR-ADR_410,1