IDENTIFIKA»NÕ »ÕSLO,DRUH POZEMNÕ KOMUNIKACE,»ÕSLO POZEMNÕ KOMUNIKACE,"den, mÏsÌc, rok",,Ëas ,DRUH NEHODY,DRUH SR¡éKY JEDOUCÕCH VOZIDEL,DRUH PEVN… PÿEK¡éKY,CHARAKTER NEHODY,ZAVINÃNÕ NEHODY,ALKOHOL U VINÕKA NEHODY PÿÕTOMEN,HLAVNÕ PÿÕ»INY NEHODY,usmrceno osob,tÏûce zranÏno osob,lehce zranÏno osob,CELKOV¡ HMOTN¡ äKODA,DRUH POVRCHU VOZOVKY,STAV POVRCHU VOZOVKY V DOBÃ NEHODY,STAV KOMUNIKACE,POVÃTRNOSTNÕ PODMÕNKY V DOBÃ NEHODY,VIDITELNOST,ROZHLEDOV… POMÃRY,DÃLENÕ KOMUNIKACE,SITUOV¡NÕ NEHODY NA KOMUNIKACI,ÿÕZENÕ PROVOZU V DOBÃ NEHODY,MÕSTNÕ ⁄PRAVA PÿEDNOSTI V JÕZDÃ,SPECIFICK¡ MÕSTA A OBJEKTY V MÕSTÃ NEHODY,SMÃROV… POMÃRY,PO»ET Z⁄»ASTNÃN›CH VOZIDEL,MÕSTO DOPRAVNÕ NEHODY,DRUH KÿIéUJÕCÕ KOMUNIKACE,DRUH VOZIDLA,V›ROBNÕ ZNA»KA MOTOROV…HO VOZIDLA,ROK V›ROBY VOZIDLA,CHARAKTERISTIKA VOZIDLA ,SMYK,VOZIDLO PO NEHODÃ,"⁄NIK PROVOZNÕCH, PÿEPRAVOVAN›CH HMOT",ZPŸSOB VYPROäTÃNÕ OSOB Z VOZIDLA,SMÃR JÕZDY NEBO POSTAVENÕ VOZIDLA,äKODA NA VOZIDLE,KATEGORIE ÿIDI»E,STAV ÿIDI»E,VNÃJäÕ OVLIVNÃNÕ ÿIDI»E,nan.1,nan.2,nan.3,nan.4,nan.5,nan.6,nan.7,nan.8,nan.9,nan.10,nan.11,nan.12,nan.13,nan.14,nan.15,nan.16,nan.17,nan.18,LOKALITA NEHODY
11506190041,0,10.0,2019-01-26,6,945,3,0,4,2,1,2,204,0,0,0,1300,2,3,1,5,1,1,3,1,0,0,0,1,1,0,,3,31.0,12,1.0,0.0,1.0,0.0,1.0,3.0,800,2.0,1.0,1.0,"-725539,638","-1038796,82","-725539,638","-1038796,82","-725534,415","-1038801,075",,,,silnice1.t¯Ìdy,D10,3068673.0,,Souhlasn˝sesmÏrem˙seku,Pomal˝,598305.0,,GN_V0.1UIR-ADR_410,2
11506190042,3,24219.0,2019-01-27,0,1750,5,0,0,2,4,0,100,0,0,0,250,2,1,1,1,6,1,0,1,0,0,0,1,1,0,,3,39.0,07,1.0,0.0,1.0,0.0,1.0,1.0,200,3.0,1.0,1.0,"-743292,288","-1032079,628","-743292,288","-1032079,628","-743286,229","-1032073,826",,,,silnice3.t¯Ìdy,24219,239257.0,,Souhlasn˝sesmÏrem˙seku,Pomal˝,538311.0,,GN_V0.1UIR-ADR_410,2
11506190043,6,,2019-01-28,1,540,3,0,1,2,1,2,204,0,0,0,250,2,3,1,1,4,1,1,1,3,4,2,4,1,10,6.0,3,32.0,00,1.0,0.0,1.0,0.0,1.0,5.0,200,3.0,1.0,1.0,"-724550,596","-1043862,119","-724550,596","-1043862,119","-724550,788","-1043862,436",äestajovice,Konopiöùsk·,,mÌstnÌkomunikace,,1271673.0,,Souhlasn˝sesmÏrem˙seku,Pomal˝,538876.0,674001.0,GN_V0.1UIR-ADR_410,1
11506190044,6,,2019-01-28,1,635,3,0,2,2,1,2,204,0,0,0,120,2,6,1,1,4,1,1,1,3,3,0,2,1,0,,3,47.0,06,1.0,0.0,1.0,0.0,1.0,5.0,100,2.0,1.0,1.0,"-719395,249","-1037844,694","-719395,249","-1037844,694","-719399,024","-1037842,903",»el·kovice,Stroja¯sk·,,mÌstnÌkomunikace,,3596193.0,,Souhlasn˝sesmÏrem˙seku,Pomal˝,538132.0,,GN_V0.1UIR-ADR_410,1
11506190046,3,10162.0,2019-01-29,2,1254,1,2,0,2,1,0,501,0,0,0,20,2,1,1,1,1,1,1,1,0,0,0,3,2,0,,17,,XX,,,,,,,0,,,,"-719662,035","-1038918,84","-719662,035","-1038918,84","-719662,613","-1038917,134",,,,silnice3.t¯Ìdy,10162,2009788.0,,OpaËn˝kesmÏru˙seku,Pomal˝,538132.0,,GN_V0.1UIR-ADR_410,2
11506190047,2,608.0,2019-01-29,2,1842,1,1,0,1,1,2,501,0,0,1,4500,2,1,1,1,6,1,1,1,3,3,0,1,2,0,,3,39.0,12,3.0,0.0,0.0,0.0,3.0,1.0,2000,2.0,1.0,1.0,"-741269,008","-1028785,559","-741269,008","-1028785,559","-741270,386","-1028786,501",,,,silnice2.t¯Ìdy,608,1687545.0,,Souhlasn˝sesmÏrem˙seku,Pomal˝,539015.0,,GN_V0.1UIR-ADR_410,2
11506190048,1,9.0,2019-01-30,3,1232,1,4,0,1,1,2,508,0,0,1,500,2,1,1,1,1,1,1,1,0,5,0,1,2,0,,7,10.0,06,3.0,0.0,1.0,0.0,1.0,1.0,200,4.0,1.0,1.0,"-738226,405","-1033100,225","-738226,405","-1033100,225","-738225,79","-1033101,874",,,,silnice1.t¯Ìdy,9,240457.0,,Souhlasn˝sesmÏrem˙seku,Pomal˝,538086.0,,GN_V0.1UIR-ADR_410,2
11506190049,8,,2019-01-30,3,2560,2,0,0,2,1,0,504,0,0,0,300,2,1,1,1,1,1,1,0,3,5,0,1,2,0,,17,,XX,,,,,,,0,,,,"-722023,796","-1047231,627","-722023,796","-1047231,627","-722022,941","-1047230,495",⁄valy,n·m.Svobody,,mÌstnÌkomunikace,,2853698.0,,Souhlasn˝sesmÏrem˙seku,Pomal˝,538957.0,,GN_V0.1UIR-ADR_410,1
11506190050,2,331.0,2019-01-30,3,350,3,0,2,2,1,0,508,0,0,0,50,2,1,1,1,4,1,1,1,3,5,0,4,1,19,6.0,17,,XX,,,,,,,0,,,,"-723323,734","-1032870,446","-723323,734","-1032870,446","-723324,577","-1032871,828",BRAND›SNADLABEM-STAR¡BOLESLAV,MÏlnick·,,silnice2.t¯Ìdy,331,1270978.0,,OpaËn˝kesmÏru˙seku,Pomal˝,538094.0,408875.0,GN_V0.1UIR-ADR_410,1
11506190051,2,611.0,2019-01-31,4,1250,1,2,0,1,1,2,402,0,0,1,700,2,1,1,1,1,1,5,1,3,3,0,5,2,29,2.0,3,35.0,18,1.0,0.0,1.0,0.0,1.0,13.0,300,2.0,1.0,1.0,"-722259,047","-1041373,441","-722259,047","-1041373,441","-722259,481","-1041369,555",,,,silnice2.t¯Ìdy,611,807755.0,,Souhlasn˝sesmÏrem˙seku,Pomal˝,538272.0,,GN_V0.1UIR-ADR_410,2
11506190052,6,,2019-01-30,3,1260,2,0,0,2,1,0,508,0,0,0,400,1,1,1,1,1,1,1,1,0,0,0,1,2,0,,17,,XX,,,,,,,0,,,,"-723116,309","-1033457,516","-723116,309","-1033457,516","-723112,179","-1033462,613",BRAND›SNADLABEM-STAR¡BOLESLAV,,,mÌstnÌkomunikace,,1722737.0,,OpaËn˝kesmÏru˙seku,Pomal˝,538094.0,,GN_V0.1UIR-ADR_410,1
11506190053,6,,2019-01-23,3,2560,2,0,0,2,1,0,508,0,0,0,1000,2,1,1,1,1,1,1,1,3,5,0,1,2,0,,17,,XX,,,,,,,0,,,,"-723855,495","-1033907,685","-723855,495","-1033907,685","-723851,833","-1033903,426",BRAND›SNADLABEM-STAR¡BOLESLAV,Up¯Ìstavu,,mÌstnÌkomunikace,,242927.0,,,Pomal˝,538094.0,409952.0,GN_V0.1UIR-ADR_410,1
11506190054,2,611.0,2019-01-31,4,1945,4,0,0,1,1,2,209,1,0,0,400,2,1,1,1,6,1,1,0,3,5,0,1,1,0,,5,40.0,11,2.0,1.0,1.0,0.0,1.0,3.0,400,3.0,1.0,1.0,"-717511,037","-1040769,817","-717511,037","-1040769,817","-717511,017","-1040769,951",,,,silnice2.t¯Ìdy,611,3290267.0,,OpaËn˝kesmÏru˙seku,Pomal˝,538132.0,,GN_V0.1UIR-ADR_410,2
11506190055,6,,2019-01-31,4,2145,1,2,0,2,1,0,508,0,0,0,200,2,1,1,1,4,1,5,1,3,4,0,1,2,0,,17,,XX,,,,,,,0,,,,"-718943,535","-1038546,534","-718943,535","-1038546,534","-718945,361","-1038548,683",»el·kovice,TouöeÚsk·,,mÌstnÌkomunikace,,3491841.0,,Souhlasn˝sesmÏrem˙seku,Pomal˝,538132.0,1470957.0,GN_V0.1UIR-ADR_410,1
11506190056,2,611.0,2019-02-01,5,530,9,0,0,2,1,2,508,0,0,0,450,2,1,1,1,4,1,1,1,3,5,0,1,1,0,,3,39.0,04,1.0,0.0,1.0,0.0,1.0,1.0,400,2.0,1.0,1.0,"-716693,854","-1040651,292","-716693,854","-1040651,292","-716694,326","-1040648,278",,,,silnice2.t¯Ìdy,611,1350737.0,,OpaËn˝kesmÏru˙seku,Pomal˝,538507.0,,GN_V0.1UIR-ADR_410,2
11506190057,6,,2019-02-01,5,1000,2,0,0,2,1,0,504,0,0,0,300,2,1,1,1,1,1,1,1,3,3,0,1,2,0,,17,,XX,,,,,,,0,,,,"-735895,38","-1032275,189","-735895,38","-1032275,189","-735895,53","-1032275,113",LÌbeznice,NaChrupavce,,mÌstnÌkomunikace,,3384240.0,,OpaËn˝kesmÏru˙seku,Pomal˝,538442.0,414735.0,GN_V0.1UIR-ADR_410,1
11506190058,8,,2019-02-01,5,1125,2,0,0,2,1,0,508,0,0,0,50,1,1,1,1,1,1,0,8,3,5,10,1,2,0,,17,,XX,,,,,,,0,,,,"-719033,028","-1038480,757","-719033,028","-1038480,757","-719033,991","-1038481,771",»el·kovice,,,mÌstnÌkomunikace,,1688188.0,,OpaËn˝kesmÏru˙seku,Pomal˝,538132.0,,GN_V0.1UIR-ADR_410,1
11506190059,6,,2019-02-01,5,1845,3,0,9,2,1,2,516,0,0,0,150,1,1,1,1,4,1,0,8,3,3,0,4,1,10,6.0,7,19.0,07,9.0,0.0,0.0,0.0,1.0,5.0,0,3.0,1.0,1.0,"-719462,942","-1041121,051","-719462,942","-1041121,051","-719456,098","-1041122,147",Nehvizdy,ZaHumny,,mÌstnÌkomunikace,,1601642.0,,OpaËn˝kesmÏru˙seku,Pomal˝,538540.0,770591.0,GN_V0.1UIR-ADR_410,1
11506190060,6,,2019-02-01,5,2560,2,0,0,2,1,0,508,0,0,0,30,2,1,1,1,1,1,1,1,3,3,0,1,2,0,,17,,XX,,,,,,,0,,,,"-718864,315","-1038180,231","-718864,315","-1038180,231","-718866,287","-1038178,252",»el·kovice,SpojovacÌ,,mÌstnÌkomunikace,,2663908.0,,Souhlasn˝sesmÏrem˙seku,Pomal˝,538132.0,411477.0,GN_V0.1UIR-ADR_410,1
11506190061,3,101.0,2019-02-02,6,1505,9,0,0,1,1,2,205,0,0,1,600,2,3,1,1,1,1,1,8,0,0,0,2,1,0,,3,4.0,98,1.0,1.0,1.0,0.0,1.0,1.0,600,2.0,1.0,1.0,"-726610,588","-1033871,557","-726610,588","-1033871,557","-726610,687","-1033869,362",,,,silnice3.t¯Ìdy,0101,3438554.0,,OpaËn˝kesmÏru˙seku,Pomal˝,538094.0,,GN_V0.1UIR-ADR_410,2
11506190062,3,85.0,2019-02-02,6,1560,3,0,3,2,1,2,508,0,0,0,200,2,1,1,1,1,1,1,8,3,3,0,1,1,0,,3,39.0,03,1.0,0.0,1.0,0.0,1.0,5.0,150,2.0,1.0,1.0,"-737119,64","-1030738,541","-737119,64","-1030738,541","-737119,547","-1030738,31",Baöù,HlavnÌ,,silnice3.t¯Ìdy,0085,987531.0,,Souhlasn˝sesmÏrem˙seku,Pomal˝,538051.0,766542.0,GN_V0.1UIR-ADR_410,1
11506190063,1,9.0,2019-02-02,6,1655,3,0,1,1,1,2,508,0,0,1,650,2,3,1,1,1,1,1,8,0,0,0,1,1,0,,3,7.0,03,1.0,0.0,1.0,0.0,1.0,3.0,600,2.0,2.0,1.0,"-735303,148","-1026828,898","-735303,148","-1026828,898","-735301,561","-1026829,14",,,,silnice1.t¯Ìdy,9,3293978.0,,OpaËn˝kesmÏru˙seku,Pomal˝,538345.0,,GN_V0.1UIR-ADR_410,2
11506190064,6,,2019-02-02,6,2160,3,0,1,2,1,8,508,0,0,0,220,2,1,1,1,4,1,1,8,3,3,0,5,1,10,6.0,3,39.0,10,1.0,0.0,0.0,0.0,1.0,5.0,200,2.0,5.0,1.0,"-741669,068","-1027224,033","-741669,068","-1027224,033","-741668,875","-1027223,049",OdolenaVoda,»eskoslovenskÈarm·dy,,mÌstnÌkomunikace,,228225.0,,Souhlasn˝sesmÏrem˙seku,Pomal˝,538574.0,417424.0,GN_V0.1UIR-ADR_410,1
11506190065,3,6111.0,2019-02-03,0,2250,3,0,3,2,1,2,204,0,0,0,250,2,8,1,1,6,1,1,4,3,4,0,5,1,19,3.0,3,47.0,14,1.0,0.0,1.0,0.0,1.0,12.0,200,2.0,1.0,1.0,"-722238,939","-1041421,572","-722238,939","-1041421,572","-722245,308","-1041420,709",,,,silnice3.t¯Ìdy,6111,834803.0,,OpaËn˝kesmÏru˙seku,Pomal˝,538272.0,,GN_V0.1UIR-ADR_410,2
11606190001,6,,2019-01-02,3,520,3,0,2,2,1,2,502,0,0,0,700,2,3,1,1,6,1,1,1,3,3,1,1,1,0,,3,39.0,07,1.0,0.0,1.0,0.0,1.0,5.0,400,2.0,1.0,1.0,"-754689,159","-1059360,965","-754689,159","-1059360,965","-754691,387","-1059360,945",Dob¯ichovice,Tyröova,,mÌstnÌkomunikace,,2759560.0,,,Pomal˝,539198.0,,GN_V0.1UIR-ADR_410,1
11606190002,2,116.0,2019-01-03,4,745,5,0,0,2,4,0,100,0,0,0,620,2,3,1,1,2,1,1,1,3,5,0,3,1,0,,3,47.0,15,3.0,0.0,1.0,0.0,1.0,1.0,600,3.0,1.0,5.0,"-758449,122","-1063015,229","-758445,899","-1063009,858","-758445,676","-1063009,568",,,,silnice2.t¯Ìdy,116,1685955.0,,Souhlasn˝sesmÏrem˙seku,Pomal˝,540765.0,,GN_V0.1UIR-ADR_410,2
11606190003,3,513.0,2019-01-03,4,1140,1,2,0,1,1,2,402,0,0,2,2750,2,5,1,5,1,1,1,1,3,3,0,4,2,19,6.0,3,48.0,15,1.0,0.0,1.0,0.0,1.0,24.0,1800,2.0,1.0,1.0,"-756227,791","-1043187,686","-756261,094","-1043182,315","-756261,516","-1043182,145",,,,silnice3.t¯Ìdy,00513,1350927.0,,OpaËn˝kesmÏru˙seku,Pomal˝,539244.0,,GN_V0.1UIR-ADR_410,2
11606190004,0,4.0,2019-01-03,4,1730,9,0,0,2,1,2,508,0,0,0,500,2,3,1,1,4,1,1,1,3,5,0,1,1,0,,3,31.0,06,1.0,1.0,1.0,0.0,1.0,1.0,500,2.0,2.0,1.0,"-759003,256","-1068516,508","-759003,256","-1068516,508","-759006,002","-1068514,264",,,,silnice1.t¯Ìdy,D4,1397941.0,,Souhlasn˝sesmÏrem˙seku,Pomal˝,540765.0,,GN_V0.1UIR-ADR_410,2
11606190005,2,605.0,2019-01-04,5,645,1,2,0,2,1,2,403,0,0,0,1400,2,5,1,1,4,1,1,1,3,3,0,7,2,19,6.0,3,38.0,15,1.0,0.0,1.0,0.0,1.0,14.0,900,2.0,1.0,1.0,"-759044,532","-1047946,003","-759048,829","-1047943,318","-759049,155","-1047942,898",,,,silnice2.t¯Ìdy,605,3501978.0,,OpaËn˝kesmÏru˙seku,Pomal˝,531723.0,437867.0,GN_V0.1UIR-ADR_410,2
11606190007,6,,2019-01-04,5,1000,3,0,9,2,1,2,504,0,0,0,450,2,6,1,1,1,1,1,3,3,5,0,1,1,0,,3,19.0,16,3.0,1.0,1.0,0.0,1.0,5.0,300,2.0,1.0,1.0,"-750506,281","-1061299,164","-750506,281","-1061299,164","-750506,242","-1061298,5",Trnov·,,,mÌstnÌkomunikace,,1638398.0,,OpaËn˝kesmÏru˙seku,Pomal˝,598313.0,,GN_V0.1UIR-ADR_410,1
11606190008,1,4.0,2019-01-05,6,1545,5,0,0,2,4,0,100,0,0,0,1100,2,3,1,4,1,1,3,1,0,0,0,1,1,0,,3,60.0,15,1.0,0.0,1.0,0.0,1.0,3.0,1000,3.0,1.0,1.0,"-749892,922","-1059322,286","-749892,922","-1059322,286","-749894,144","-1059320,188",,,,silnice1.t¯Ìdy,4,1269380.0,,Souhlasn˝sesmÏrem˙seku,Pomal˝,539341.0,,GN_V0.1UIR-ADR_410,2
11606190009,6,,2019-01-06,0,1236,3,0,3,2,1,2,204,0,0,0,6002,2,3,1,3,3,1,1,1,3,5,0,3,1,0,,3,44.0,18,3.0,1.0,1.0,0.0,1.0,5.0,6000,2.0,1.0,1.0,"-755909,06","-1037886,271","-755908,523","-1037886,271","-755908,776","-1037888,753",,,,mÌstnÌkomunikace,,3466326.0,,OpaËn˝kesmÏru˙seku,Pomal˝,539171.0,,GN_V0.1UIR-ADR_410,2
11606190010,3,73.0,2019-01-07,1,645,3,0,1,1,1,0,204,0,0,3,700,2,5,1,6,5,1,1,1,3,3,0,2,1,0,,3,35.0,08,1.0,1.0,1.0,0.0,1.0,3.0,700,2.0,1.0,1.0,"-755375,039","-1037708,457","-755375,039","-1037708,457","-755374,803","-1037709,165",,,,silnice3.t¯Ìdy,0073,1598572.0,,Souhlasn˝sesmÏrem˙seku,Pomal˝,539384.0,,GN_V0.1UIR-ADR_410,2
11606190011,0,6.0,2019-01-07,1,1510,3,0,4,2,1,2,508,0,0,0,2200,2,3,1,1,1,1,3,1,3,5,0,1,1,0,,3,13.0,18,1.0,0.0,1.0,0.0,1.0,3.0,2000,2.0,1.0,1.0,"-754803,147","-1040903,797","-754803,147","-1040903,797","-754800,275","-1040901,284",,,,silnice1.t¯Ìdy,D6,3068659.0,,Souhlasn˝sesmÏrem˙seku,Pomal˝,539244.0,,GN_V0.1UIR-ADR_410,2
11606190012,6,,2019-01-09,3,1060,3,0,9,2,1,0,511,0,0,0,50,2,3,1,5,1,1,1,3,3,5,0,1,1,0,,17,,XX,,,,,,,0,,,,"-752435,145","-1048835,553","-752435,145","-1048835,553","-752421,123","-1048838,597",O¯ech,SevernÌ,,mÌstnÌkomunikace,,1638120.0,,OpaËn˝kesmÏru˙seku,Pomal˝,539520.0,789542.0,GN_V0.1UIR-ADR_410,1
11606190013,6,,2019-01-09,3,2315,2,0,0,2,1,0,204,0,0,0,2300,2,6,1,5,4,1,1,1,3,5,0,1,3,0,,3,13.0,16,3.0,1.0,3.0,0.0,1.0,5.0,700,2.0,1.0,1.0,"-756290,395","-1041673,807","-756290,395","-1041673,807","-756289,818","-1041672,852",Hostivice,ÿehnÌkova,,mÌstnÌkomunikace,,765336.0,,OpaËn˝kesmÏru˙seku,Pomal˝,539244.0,733911.0,GN_V0.1UIR-ADR_410,1
11606190014,3,73.0,2019-01-09,3,1515,1,3,0,2,1,0,501,0,0,0,70,2,5,1,5,3,1,1,1,3,5,0,1,2,0,,17,,XX,,,,,,,0,,,,"-754911,23","-1037616,1","-754910,156","-1037614,489","-754906,6","-1037631,468",,,,silnice3.t¯Ìdy,0073,2756655.0,,Souhlasn˝sesmÏrem˙seku,Pomal˝,539708.0,,GN_V0.1UIR-ADR_410,2
11606190015,3,10121.0,2019-01-10,4,1440,3,0,1,2,1,2,204,0,0,0,1000,2,5,1,5,3,1,1,1,3,5,0,3,1,0,,3,17.0,14,1.0,1.0,1.0,0.0,1.0,1.0,1000,2.0,1.0,1.0,"-756406,089","-1052279,644","-756406,089","-1052279,644","-756406,128","-1052279,435",,,,silnice3.t¯Ìdy,10121,1598594.0,,OpaËn˝kesmÏru˙seku,Pomal˝,513431.0,,GN_V0.1UIR-ADR_410,2
11606190016,3,59.0,2019-01-09,3,2330,3,0,2,2,1,0,204,0,0,0,120,2,5,1,1,4,1,1,8,0,0,0,2,1,0,,17,,XX,,,,,,,0,,,,"-753986,02","-1052990,284","-753995,152","-1052990,821","-753994,853","-1052990,505",ChoteË,,,silnice3.t¯Ìdy,0059,3113313.0,,Souhlasn˝sesmÏrem˙seku,Pomal˝,539287.0,,GN_V0.1UIR-ADR_410,1
11606190017,3,24010.0,2019-01-10,4,1645,5,0,0,2,4,0,100,0,0,0,740,2,3,1,5,2,1,1,1,3,3,0,1,1,0,,3,48.0,08,1.0,0.0,1.0,0.0,1.0,1.0,600,3.0,1.0,1.0,"-750301,526","-1031864,424","-750301,526","-1031864,424","-750304,926","-1031865,431",,,,silnice3.t¯Ìdy,24010,987955.0,,Souhlasn˝sesmÏrem˙seku,Pomal˝,571342.0,,GN_V0.1UIR-ADR_410,2
11606190018,3,2405.0,2019-01-10,4,1850,5,0,0,2,4,0,100,0,0,0,150,2,3,1,5,6,1,1,1,0,0,0,1,1,0,,3,39.0,14,1.0,0.0,1.0,0.0,1.0,5.0,150,2.0,1.0,1.0,"-749837,236","-1036341,065","-749826,493","-1036350,734","-749826,484","-1036350,659",,,,silnice3.t¯Ìdy,2405,3409559.0,,OpaËn˝kesmÏru˙seku,Pomal˝,539686.0,735574.0,GN_V0.1UIR-ADR_410,2
11606190019,1,0.0,2019-01-11,5,752,3,0,4,2,1,2,204,0,0,0,515,2,3,1,1,2,1,3,1,0,0,0,1,1,0,,3,39.0,03,1.0,1.0,1.0,0.0,1.0,3.0,500,2.0,1.0,1.0,"-756787,316","-1065095,267","-756787,316","-1065095,267","-756793,303","-1065092,821",,,,silnice1.t¯Ìdy,D4,3548292.0,,Souhlasn˝sesmÏrem˙seku,Pomal˝,540765.0,,GN_V0.1UIR-ADR_410,2
11606190020,6,,2019-01-11,5,1430,2,0,0,2,1,4,506,0,0,0,450,1,6,1,5,3,1,1,1,0,0,10,1,2,0,,5,31.0,17,3.0,0.0,1.0,0.0,1.0,5.0,150,2.0,3.0,1.0,"-755502,112","-1041549,784","-755502,112","-1041549,784","-755500,037","-1041543,29",Hostivice,B.NÏmcovÈ,,mÌstnÌkomunikace,,1570450.0,,Souhlasn˝sesmÏrem˙seku,Pomal˝,539244.0,429881.0,GN_V0.1UIR-ADR_410,1
11606190021,6,,2019-01-11,5,1123,3,0,2,2,1,0,506,0,0,0,100,2,1,1,1,1,1,0,1,3,5,10,1,1,0,,17,,XX,,,,,,,0,,,,"-752085,979","-1037241,015","-752085,979","-1037241,015","-752085,979","-1037240,511",TuchomÏ¯ice,KeKopaninÏ,,mÌstnÌkomunikace,,1541748.0,,,Pomal˝,539767.0,,GN_V0.1UIR-ADR_410,1
11606190022,2,115.0,2019-01-10,4,1000,3,0,9,2,1,0,204,0,0,0,200,2,3,6,1,1,1,1,1,0,0,0,1,1,0,,3,99.0,10,3.0,0.0,1.0,0.0,1.0,1.0,200,2.0,1.0,1.0,"-750034,164","-1054893,124","-750034,164","-1054893,124","-750036,848","-1054890,016",,,,silnice2.t¯Ìdy,115,3101532.0,,OpaËn˝kesmÏru˙seku,Pomal˝,539139.0,,GN_V0.1UIR-ADR_410,2
11606190023,6,,2019-01-06,0,2560,3,0,9,2,1,0,506,0,0,0,1500,2,8,1,1,1,1,1,6,3,5,2,5,1,10,6.0,17,,XX,,,,,,,0,,,,"-757576,846","-1047420,223","-757576,846","-1047420,223","-757577,38","-1047417,355",Rudn·,VAleji,,mÌstnÌkomunikace,,2009226.0,,Souhlasn˝sesmÏrem˙seku,Pomal˝,531723.0,438022.0,GN_V0.1UIR-ADR_410,1
11606190024,1,0.0,2019-01-12,6,130,3,0,4,2,1,2,204,0,0,0,2470,2,3,1,5,5,1,3,1,0,0,7,1,1,0,,3,99.0,15,1.0,1.0,1.0,0.0,1.0,1.0,1800,2.0,1.0,1.0,"-752965,833","-1062893,86","-752965,833","-1062893,86","-752964,731","-1062896,179",,,,silnice1.t¯Ìdy,D4,2566419.0,,Souhlasn˝sesmÏrem˙seku,Pomal˝,539457.0,,GN_V0.1UIR-ADR_410,2
11606190025,6,,2019-01-12,6,900,3,0,4,2,1,0,205,0,0,0,700,2,3,1,1,1,1,1,8,0,0,0,3,1,0,,5,19.0,04,1.0,1.0,1.0,0.0,1.0,5.0,500,2.0,1.0,1.0,"-751192,266","-1060070,872","-751192,266","-1060070,872","-751199,589","-1060073,918",,,,silnice1.t¯Ìdy,4,2759650.0,,OpaËn˝kesmÏru˙seku,Pomal˝,539341.0,432172.0,GN_V0.1UIR-ADR_410,2
11606190026,3,24015.0,2019-01-13,0,2107,5,0,0,2,4,0,100,0,0,0,250,2,3,1,3,7,1,1,1,0,0,0,1,1,0,,3,39.0,15,3.0,0.0,1.0,0.0,1.0,1.0,250,2.0,1.0,1.0,"-751749,396","-1029059,107","-751770,881","-1029048,902","-751770,897","-1029048,771",,,,silnice3.t¯Ìdy,24015,1757048.0,,OpaËn˝kesmÏru˙seku,Pomal˝,533092.0,,GN_V0.1UIR-ADR_410,2
11606190027,3,1024.0,2019-01-14,1,740,5,0,0,2,4,0,100,0,0,0,200,2,3,1,1,2,1,1,1,0,0,0,1,1,0,,3,47.0,12,2.0,0.0,1.0,0.0,1.0,5.0,200,2.0,1.0,1.0,"-753291,818","-1067750,038","-753291,818","-1067750,038","-753296,433","-1067731,627",,,,silnice3.t¯Ìdy,1024,2009021.0,,Souhlasn˝sesmÏrem˙seku,Pomal˝,539155.0,,GN_V0.1UIR-ADR_410,2
11606190028,0,7.0,2019-01-14,1,838,1,4,0,1,1,2,503,0,0,1,1430,2,1,1,1,1,1,3,1,0,0,0,1,2,0,,5,26.0,03,3.0,0.0,1.0,0.0,1.0,1.0,800,4.0,1.0,1.0,"-753314,37","-1037046,815","-753314,37","-1037046,815","-753319,245","-1037050,807",,,,silnice1.t¯Ìdy,D7,3513500.0,,Souhlasn˝sesmÏrem˙seku,Pomal˝,539767.0,,GN_V0.1UIR-ADR_410,2
11606190029,0,7.0,2019-01-14,1,840,3,0,4,2,1,2,204,0,0,0,1230,2,6,1,1,1,1,1,8,3,4,0,5,1,11,3.0,3,32.0,17,3.0,0.0,0.0,0.0,1.0,12.0,800,2.0,1.0,1.0,"-754597,694","-1035903,385","-754582,116","-1035884,585","-754582,107","-1035885,18",,,,silnice1.t¯Ìdy,D7,249106.0,,Souhlasn˝sesmÏrem˙seku,Pomal˝,539708.0,,GN_V0.1UIR-ADR_410,2
11606190030,3,78.0,2019-01-14,1,820,9,0,0,2,1,2,204,0,0,0,1500,2,3,1,1,1,1,1,8,0,0,0,3,1,0,,3,23.0,15,3.0,1.0,1.0,0.0,1.0,5.0,1500,2.0,1.0,1.0,"-754640,355","-1034451,618","-754640,355","-1034451,618","-754641,35","-1034452,236",,,,silnice3.t¯Ìdy,0078,3113523.0,,OpaËn˝kesmÏru˙seku,Pomal˝,539147.0,,GN_V0.1UIR-ADR_410,2
11606190031,3,2407.0,2019-01-14,1,1745,3,0,9,2,1,2,204,0,0,0,250,2,6,1,1,4,1,1,8,3,4,0,4,1,11,3.0,3,38.0,00,1.0,1.0,1.0,0.0,1.0,12.0,100,2.0,1.0,1.0,"-749372,152","-1033899,551","-749414,592","-1033899,551","-749414,602","-1033899,519",VelkÈP¯Ìlepy,Roztock·,,silnice3.t¯Ìdy,2407,1599080.0,,OpaËn˝kesmÏru˙seku,Pomal˝,539813.0,440973.0,GN_V0.1UIR-ADR_410,1