IDENTIFIKA»NÕ »ÕSLO,DRUH POZEMNÕ KOMUNIKACE,»ÕSLO POZEMNÕ KOMUNIKACE,"den, mÏsÌc, rok",,Ëas ,DRUH NEHODY,DRUH SR¡éKY JEDOUCÕCH VOZIDEL,DRUH PEVN… PÿEK¡éKY,CHARAKTER NEHODY,ZAVINÃNÕ NEHODY,ALKOHOL U VINÕKA NEHODY PÿÕTOMEN,HLAVNÕ PÿÕ»INY NEHODY,usmrceno osob,tÏûce zranÏno osob,lehce zranÏno osob,CELKOV¡ HMOTN¡ äKODA,DRUH POVRCHU VOZOVKY,STAV POVRCHU VOZOVKY V DOBÃ NEHODY,STAV KOMUNIKACE,POVÃTRNOSTNÕ PODMÕNKY V DOBÃ NEHODY,VIDITELNOST,ROZHLEDOV… POMÃRY,DÃLENÕ KOMUNIKACE,SITUOV¡NÕ NEHODY NA KOMUNIKACI,ÿÕZENÕ PROVOZU V DOBÃ NEHODY,MÕSTNÕ ⁄PRAVA PÿEDNOSTI V JÕZDÃ,SPECIFICK¡ MÕSTA A OBJEKTY V MÕSTÃ NEHODY,SMÃROV… POMÃRY,PO»ET Z⁄»ASTNÃN›CH VOZIDEL,MÕSTO DOPRAVNÕ NEHODY,DRUH KÿIéUJÕCÕ KOMUNIKACE,DRUH VOZIDLA,V›ROBNÕ ZNA»KA MOTOROV…HO VOZIDLA,ROK V›ROBY VOZIDLA,CHARAKTERISTIKA VOZIDLA ,SMYK,VOZIDLO PO NEHODÃ,"⁄NIK PROVOZNÕCH, PÿEPRAVOVAN›CH HMOT",ZPŸSOB VYPROäTÃNÕ OSOB Z VOZIDLA,SMÃR JÕZDY NEBO POSTAVENÕ VOZIDLA,äKODA NA VOZIDLE,KATEGORIE ÿIDI»E,STAV ÿIDI»E,VNÃJäÕ OVLIVNÃNÕ ÿIDI»E,nan.1,nan.2,nan.3,nan.4,nan.5,nan.6,nan.7,nan.8,nan.9,nan.10,nan.11,nan.12,nan.13,nan.14,nan.15,nan.16,nan.17,nan.18,LOKALITA NEHODY
11606190032,2,101.0,2019-01-14,1,1830,3,0,3,2,1,2,204,0,0,0,130,2,6,1,1,6,1,1,8,0,0,0,1,1,0,,7,62.0,15,3.0,0.0,1.0,0.0,3.0,1.0,100,3.0,1.0,1.0,"-761953,451","-1041768,938","-761946,468","-1041799,019","-761946,845","-1041800,426",,,,silnice2.t¯Ìdy,101,1350813.0,,OpaËn˝kesmÏru˙seku,Pomal˝,532215.0,,GN_V0.1UIR-ADR_410,2
11606190033,3,2405.0,2019-01-14,1,1947,1,3,0,2,1,9,501,0,0,0,1700,2,3,1,1,6,1,1,1,3,3,0,5,2,11,6.0,8,99.0,14,3.0,0.0,1.0,0.0,1.0,21.0,800,4.0,5.0,1.0,"-748190,28","-1035568,074","-748190,28","-1035568,074","-748188,117","-1035565,248",Statenice,Statenick·,,silnice3.t¯Ìdy,2405,3113415.0,,OpaËn˝kesmÏru˙seku,Pomal˝,539686.0,735663.0,GN_V0.1UIR-ADR_410,1
11606190034,3,11513.0,2019-01-15,2,1440,1,3,0,2,1,2,305,0,0,0,800,2,3,1,1,1,1,1,1,3,5,0,1,2,0,,3,26.0,17,8.0,0.0,1.0,0.0,1.0,1.0,500,4.0,1.0,1.0,"-752268,757","-1060527,026","-752268,757","-1060527,026","-752268,836","-1060526,856",,,,silnice3.t¯Ìdy,11513,1685979.0,,OpaËn˝kesmÏru˙seku,Pomal˝,539341.0,,GN_V0.1UIR-ADR_410,2
11606190035,3,24011.0,2019-01-16,3,633,0,0,0,1,5,2,100,0,0,1,0,2,1,1,1,6,1,1,1,3,3,0,4,1,19,6.0,8,99.0,08,5.0,0.0,1.0,0.0,1.0,12.0,0,4.0,1.0,1.0,"-749913,655","-1029583,183","-749913,655","-1029583,183","-749917,346","-1029579,215",Holubice,,,silnice3.t¯Ìdy,24011,3102891.0,,Souhlasn˝sesmÏrem˙seku,Pomal˝,539228.0,,GN_V0.1UIR-ADR_410,1
11606190036,2,605.0,2019-01-16,3,630,5,0,0,2,4,0,100,0,0,0,650,2,1,1,1,6,1,1,1,0,0,0,2,1,0,,3,39.0,15,3.0,0.0,1.0,0.0,1.0,3.0,500,3.0,1.0,1.0,"-761056,944","-1049618,734","-761056,944","-1049618,734","-761057,33","-1049618,257",,,,silnice2.t¯Ìdy,605,3411716.0,,OpaËn˝kesmÏru˙seku,Pomal˝,531618.0,,GN_V0.1UIR-ADR_410,2
11606190037,3,2405.0,2019-01-16,3,1005,3,0,7,2,1,0,506,0,0,0,200,2,1,1,1,1,1,1,1,3,5,4,1,1,0,,17,,XX,,,,,,,0,,,,"-754160,079","-1037478,344","-754160,079","-1037478,344","-754164,934","-1037483,311",KnÏûeves,NaStarÈsilnici,,silnice3.t¯Ìdy,2405,253662.0,,Souhlasn˝sesmÏrem˙seku,Pomal˝,539384.0,432717.0,GN_V0.1UIR-ADR_410,1
11606190038,6,,2019-01-16,3,1100,3,0,9,2,1,2,504,0,0,0,700,1,1,1,1,1,1,1,6,3,5,0,1,1,0,,3,13.0,06,1.0,0.0,1.0,0.0,1.0,5.0,300,2.0,1.0,1.0,"-749609,108","-1029609,092","-749609,108","-1029609,092","-749608,287","-1029603,142",Holubice,Bukov·,,mÌstnÌkomunikace,,1639431.0,,Souhlasn˝sesmÏrem˙seku,Pomal˝,539228.0,786080.0,GN_V0.1UIR-ADR_410,1
11606190039,3,71.0,2019-01-17,4,840,1,2,0,2,1,2,403,0,0,0,5000,2,1,1,1,1,1,1,1,3,3,0,5,2,19,6.0,3,99.0,18,3.0,0.0,1.0,0.0,1.0,14.0,3500,2.0,1.0,1.0,"-751586,22","-1038209,102","-751589,98","-1038205,342","-751589,778","-1038205,357",,,,silnice3.t¯Ìdy,0071,3409532.0,,Souhlasn˝sesmÏrem˙seku,Pomal˝,539767.0,,GN_V0.1UIR-ADR_410,2
11606190040,6,,2019-01-17,4,1500,2,0,0,2,1,0,506,0,0,0,30,2,1,1,1,1,1,1,1,0,0,0,2,2,0,,5,7.0,16,3.0,0.0,1.0,0.0,1.0,6.0,30,,,,"-744501,795","-1034457,678","-744501,795","-1034457,678","-744502,615","-1034455,316",Roztoky,Obr·nc˘mÌru,,mÌstnÌkomunikace,,245174.0,,Souhlasn˝sesmÏrem˙seku,Pomal˝,539627.0,436941.0,GN_V0.1UIR-ADR_410,1
11606190041,3,521.0,2019-01-18,5,515,3,0,1,1,1,2,204,0,0,1,500,2,6,1,6,7,1,1,3,3,5,0,1,1,0,,3,13.0,05,1.0,1.0,1.0,1.0,1.0,1.0,500,2.0,1.0,1.0,"-759767,167","-1044437,519","-759767,167","-1044437,519","-759760,436","-1044436,163",,,,silnice3.t¯Ìdy,00521,281025.0,,Souhlasn˝sesmÏrem˙seku,Pomal˝,532991.0,,GN_V0.1UIR-ADR_410,2
11606190042,1,0.0,2019-01-18,5,445,3,0,4,2,1,2,204,0,0,0,300,2,3,1,1,6,1,3,1,0,0,0,1,1,0,,5,12.0,11,3.0,1.0,1.0,0.0,1.0,3.0,300,2.0,1.0,1.0,"-756078,804","-1040285,052","-756078,804","-1040285,052","-756076,196","-1040276,667",,,,silnice1.t¯Ìdy,D6,3068652.0,,Souhlasn˝sesmÏrem˙seku,Pomal˝,539244.0,,GN_V0.1UIR-ADR_410,2
11606190043,3,54.0,2019-01-18,5,730,4,0,0,1,3,2,100,0,0,1,100,2,3,1,1,2,1,1,1,0,0,0,1,1,0,,3,99.0,18,3.0,0.0,1.0,0.0,1.0,12.0,100,2.0,1.0,1.0,"-754582,437","-1042365,944","-754590,494","-1042360,572","-754590,742","-1042360,522",Hostivice,KomenskÈho,,silnice3.t¯Ìdy,0054,2761676.0,,Souhlasn˝sesmÏrem˙seku,Pomal˝,539244.0,430153.0,GN_V0.1UIR-ADR_410,1
11606190044,6,,2019-01-19,6,1030,1,3,0,2,1,0,501,0,0,0,50,2,1,1,1,1,1,1,1,3,5,0,1,2,0,,17,,XX,,,,,,,0,,,,"-748227,551","-1036853,509","-748227,551","-1036853,509","-748228,653","-1036848,942",HoromÏ¯ice,Politick˝chvÏzÚ˘,,mÌstnÌkomunikace,,755091.0,,Souhlasn˝sesmÏrem˙seku,Pomal˝,539236.0,429520.0,GN_V0.1UIR-ADR_410,1
11606190045,6,,2019-01-19,6,1300,4,0,0,1,3,2,100,0,0,1,50,2,1,6,1,1,1,1,1,0,0,0,2,1,0,,3,39.0,16,3.0,0.0,0.0,0.0,1.0,5.0,50,2.0,1.0,1.0,"-752123,426","-1036521,199","-752150,283","-1036519,05","-752147,699","-1036519,257",TuchomÏ¯ice,KpoötÏ,,mÌstnÌkomunikace,,1687689.0,,Souhlasn˝sesmÏrem˙seku,Pomal˝,539767.0,440205.0,GN_V0.1UIR-ADR_410,1
11606190046,3,2411.0,2019-01-19,6,1330,1,4,0,2,1,2,503,0,0,0,1000,2,1,1,1,1,1,1,1,3,5,0,1,2,0,,3,39.0,08,1.0,0.0,1.0,0.0,1.0,3.0,200,9.0,,,"-746513,377","-1035415,385","-746513,377","-1035415,385","-746515,006","-1035434,604",⁄nÏtice,R˝znerova,,silnice3.t¯Ìdy,2411,2566724.0,,Souhlasn˝sesmÏrem˙seku,Pomal˝,539805.0,802786.0,GN_V0.1UIR-ADR_410,1
11606190047,2,116.0,2019-01-19,6,1215,5,0,0,2,4,0,100,0,0,0,450,2,5,2,1,1,1,1,1,0,0,0,2,1,0,,3,60.0,05,1.0,0.0,1.0,0.0,1.0,3.0,450,2.0,1.0,1.0,"-757920,372","-1063455,542","-757920,372","-1063420,089","-757920,998","-1063421,091",,,,silnice2.t¯Ìdy,116,2009276.0,,OpaËn˝kesmÏru˙seku,Pomal˝,540765.0,,GN_V0.1UIR-ADR_410,2
11606190048,3,513.0,2019-01-20,0,1815,5,0,0,2,4,0,100,0,0,0,150,2,1,1,1,6,1,1,1,0,0,0,1,1,0,,3,13.0,08,1.0,0.0,1.0,0.0,1.0,1.0,100,2.0,1.0,1.0,"-756224,609","-1042811,155","-756224,609","-1042811,155","-756218,625","-1042809,641",,,,silnice3.t¯Ìdy,00513,1686275.0,,Souhlasn˝sesmÏrem˙seku,Pomal˝,539244.0,,GN_V0.1UIR-ADR_410,2
11606190049,6,,2019-01-20,0,1920,3,0,9,2,1,2,205,0,0,0,1500,2,1,1,1,4,1,1,8,3,5,0,5,1,10,6.0,3,26.0,14,10.0,0.0,1.0,0.0,1.0,5.0,800,2.0,1.0,1.0,"-751853,863","-1036797,301","-751853,863","-1036797,301","-751857,532","-1036797,298",TuchomÏ¯ice,PolnÌ,,mÌstnÌkomunikace,,1268823.0,,OpaËn˝kesmÏru˙seku,Pomal˝,539767.0,440337.0,GN_V0.1UIR-ADR_410,1
11606190050,2,101.0,2019-01-20,0,2015,5,0,0,2,4,0,100,0,0,0,450,2,1,1,1,6,1,1,1,0,0,0,1,1,0,,3,4.0,14,1.0,0.0,1.0,0.0,1.0,1.0,300,2.0,1.0,1.0,"-751705,48","-1054281,158","-751711,926","-1054272,027","-751711,722","-1054271,376",,,,silnice2.t¯Ìdy,101,1351886.0,,OpaËn˝kesmÏru˙seku,Pomal˝,539759.0,,GN_V0.1UIR-ADR_410,2
11606190051,2,101.0,2019-01-21,1,640,3,0,1,1,1,2,203,0,0,1,700,2,1,1,1,6,1,1,1,0,0,0,3,1,0,,3,39.0,08,1.0,1.0,1.0,0.0,3.0,1.0,600,2.0,1.0,1.0,"-755505,006","-1051233,235","-755505,006","-1051233,235","-755505,232","-1051233,408",,,,silnice2.t¯Ìdy,101,3113371.0,,Souhlasn˝sesmÏrem˙seku,Pomal˝,531821.0,732401.0,GN_V0.1UIR-ADR_410,2
11606190052,6,,2019-01-21,1,645,2,0,0,2,1,2,204,0,0,0,600,2,6,1,6,6,1,1,1,3,5,0,1,2,0,,3,39.0,12,3.0,1.0,1.0,0.0,1.0,5.0,300,2.0,1.0,1.0,"-752130,303","-1058093,566","-752130,303","-1058093,566","-752129,955","-1058090,623",»ernoöice,SluneËn·,,mÌstnÌkomunikace,,327160.0,,OpaËn˝kesmÏru˙seku,Pomal˝,539139.0,427357.0,GN_V0.1UIR-ADR_410,1
11606190053,6,,2019-01-21,1,100,3,0,2,2,1,2,204,0,0,0,700,2,5,1,1,4,1,1,1,3,3,0,3,1,0,,3,13.0,00,1.0,1.0,1.0,0.0,1.0,5.0,400,2.0,1.0,1.0,"-756476,192","-1058212,965","-756476,192","-1058212,965","-756475,481","-1058215,59",KarlÌk,Karlick·,,mÌstnÌkomunikace,,1485124.0,,Souhlasn˝sesmÏrem˙seku,Pomal˝,599727.0,432571.0,GN_V0.1UIR-ADR_410,1
11606190054,3,24014.0,2019-01-21,1,2250,5,0,0,2,4,0,100,0,0,0,430,2,1,1,1,6,1,1,1,3,5,0,3,1,0,,3,13.0,05,3.0,0.0,1.0,0.0,1.0,1.0,400,2.0,1.0,1.0,"-746859,757","-1031019,844","-746859,757","-1031019,844","-746861,731","-1031022,069",,,,silnice3.t¯Ìdy,24014,1687404.0,,OpaËn˝kesmÏru˙seku,Pomal˝,539775.0,,GN_V0.1UIR-ADR_410,2
11606190055,3,41.0,2019-01-22,2,1948,5,0,0,2,4,0,100,0,0,0,800,2,1,1,1,6,1,1,1,0,0,0,1,1,0,,3,2.0,15,1.0,0.0,1.0,0.0,1.0,1.0,800,2.0,1.0,1.0,"-750767,378","-1060916,501","-750767,378","-1060916,501","-750774,881","-1060930,113",,,,mÌstnÌkomunikace,0041a,1685892.0,,Souhlasn˝sesmÏrem˙seku,Pomal˝,539341.0,,GN_V0.1UIR-ADR_410,2
11606190056,3,24014.0,2019-01-23,3,2245,3,0,9,2,1,5,205,0,0,0,100,2,6,1,6,4,1,1,3,3,3,0,4,1,19,6.0,3,39.0,99,1.0,0.0,1.0,0.0,1.0,13.0,100,2.0,5.0,1.0,,,"-748243,859","-1030591,806","-748243,847","-1030591,716",Tursko,»estmÌrovon·mÏstÌ,,silnice3.t¯Ìdy,24014,1639975.0,,Souhlasn˝sesmÏrem˙seku,Pomal˝,539775.0,740667.0,GN_V0.1UIR-ADR_410,1
11606190057,3,24016.0,2019-01-24,4,1942,1,2,0,2,1,2,516,0,0,0,350,2,3,2,1,6,1,1,1,0,0,0,3,2,0,,3,47.0,17,1.0,0.0,1.0,0.0,1.0,1.0,250,2.0,1.0,1.0,"-747496,867","-1027751,994","-747483,455","-1027755,213","-747483,265","-1027754,471",Dolany,HlavnÌ,,silnice3.t¯Ìdy,24016,3557191.0,,OpaËn˝kesmÏru˙seku,Pomal˝,539201.0,,GN_V0.1UIR-ADR_410,1
11606190058,3,11512.0,2019-01-25,5,1645,5,0,0,2,4,0,100,0,0,0,550,2,1,1,1,1,1,1,1,0,0,0,1,1,0,,3,17.0,14,3.0,0.0,1.0,0.0,1.0,5.0,500,2.0,1.0,1.0,"-753082,916","-1060495,698","-753082,916","-1060495,698","-753092,564","-1060499,397",,,,silnice3.t¯Ìdy,11512,1685888.0,,OpaËn˝kesmÏru˙seku,Pomal˝,539121.0,,GN_V0.1UIR-ADR_410,2
11606190059,3,64.0,2019-01-25,5,1750,5,0,0,2,4,0,100,0,0,0,600,2,1,1,1,6,1,1,1,3,5,0,1,1,0,,3,39.0,14,3.0,0.0,1.0,0.0,1.0,3.0,600,2.0,1.0,1.0,"-756435,966","-1042498,768","-756435,966","-1042498,768","-756435,154","-1042491,541",,,,silnice3.t¯Ìdy,0064,271598.0,,Souhlasn˝sesmÏrem˙seku,Pomal˝,539244.0,430196.0,GN_V0.1UIR-ADR_410,2
11606190060,6,,2019-01-26,6,2560,9,0,0,2,1,0,204,0,0,0,1100,6,6,1,1,4,1,1,1,0,0,0,1,1,0,,3,39.0,15,2.0,0.0,1.0,0.0,1.0,5.0,1100,9.0,,,"-753095,207","-1061682,576","-753095,207","-1061682,576","-753095,109","-1061682,906",»ernolice,VPotocÌch,,mÌstnÌkomunikace,,3409671.0,,Souhlasn˝sesmÏrem˙seku,Pomal˝,539121.0,1626116.0,GN_V0.1UIR-ADR_410,1
11606190061,3,1026.0,2019-01-28,1,805,3,0,3,2,1,2,204,0,0,0,1505,2,6,1,6,3,1,1,8,3,4,0,3,1,0,,3,47.0,17,3.0,1.0,1.0,0.0,1.0,1.0,1500,2.0,1.0,1.0,"-754817,211","-1070380,163","-754817,211","-1070380,163","-754816,823","-1070380,925",,,,silnice3.t¯Ìdy,1026,2789745.0,,Souhlasn˝sesmÏrem˙seku,Pomal˝,539104.0,,GN_V0.1UIR-ADR_410,2
11606190062,3,2409.0,2019-01-28,1,1745,3,0,3,2,1,2,205,0,0,0,560,2,1,1,1,6,1,1,8,3,5,0,3,1,0,,3,21.0,07,1.0,0.0,1.0,0.0,1.0,1.0,500,3.0,1.0,1.0,"-746066,04","-1029422,198","-746061,743","-1029418,438","-746061,805","-1029418,693",,,,silnice3.t¯Ìdy,2409,1687397.0,,OpaËn˝kesmÏru˙seku,Pomal˝,539414.0,,GN_V0.1UIR-ADR_410,2
11606190063,2,116.0,2019-01-29,2,535,1,1,0,1,1,2,201,0,0,1,16260,2,3,1,1,6,1,1,1,3,5,0,2,2,0,,3,13.0,12,1.0,0.0,1.0,1.0,1.0,3.0,1200,2.0,1.0,1.0,"-758422,883","-1058851,198","-758422,883","-1058851,198","-758422,77","-1058851,047",,,,silnice2.t¯Ìdy,116,1685934.0,,OpaËn˝kesmÏru˙seku,Pomal˝,539406.0,,GN_V0.1UIR-ADR_410,2
11606190064,6,,2019-01-29,2,1210,3,0,9,2,1,2,511,0,0,0,50,2,1,1,1,1,1,1,8,3,5,0,5,1,10,6.0,5,13.0,08,3.0,0.0,1.0,0.0,1.0,5.0,0,2.0,1.0,1.0,"-752005,975","-1055914,129","-751998,455","-1055918,426","-751998,473","-1055918,532",»ernoöice,Libuöina,,mÌstnÌkomunikace,,319831.0,,OpaËn˝kesmÏru˙seku,Pomal˝,539139.0,426890.0,GN_V0.1UIR-ADR_410,1
11606190065,3,78.0,2019-01-29,2,1715,3,0,1,2,1,2,205,0,0,0,2000,2,1,1,1,2,1,1,8,0,0,0,3,1,0,,3,39.0,18,3.0,1.0,1.0,1.0,1.0,1.0,2000,3.0,1.0,1.0,"-754605,759","-1034123,734","-754605,759","-1034123,734","-754598,488","-1034120,42",»ÌËovice,63,,silnice3.t¯Ìdy,0078,3410650.0,,Souhlasn˝sesmÏrem˙seku,Pomal˝,539147.0,,GN_V0.1UIR-ADR_410,1
11606190066,8,,2019-01-29,2,2560,3,0,2,2,1,0,511,0,0,0,150,2,1,1,1,1,1,0,2,3,3,9,1,1,0,,17,,XX,,,,,,,0,,,,"-752852,157","-1062867,107","-752852,157","-1062867,107","-752844,786","-1062872,635",,,,mÌstnÌkomunikace,,2009292.0,,Souhlasn˝sesmÏrem˙seku,Pomal˝,539457.0,,GN_V0.1UIR-ADR_410,2
11606190067,3,2404.0,2019-01-31,4,1330,9,0,0,1,1,2,511,0,0,1,400,2,1,1,1,1,1,1,8,3,3,0,1,1,0,,5,32.0,07,3.0,0.0,1.0,0.0,1.0,3.0,400,3.0,1.0,2.0,"-749662,308","-1038526,772","-749655,862","-1038533,755","-749655,415","-1038534,674",,,,silnice3.t¯Ìdy,2404,3561964.0,,Souhlasn˝sesmÏrem˙seku,Pomal˝,539236.0,,GN_V0.1UIR-ADR_410,2
11606190068,3,71.0,2019-01-31,4,1808,5,0,0,2,4,0,100,0,0,0,375,2,1,1,1,6,1,1,1,0,0,0,1,1,0,,3,39.0,15,3.0,0.0,1.0,0.0,1.0,3.0,300,2.0,1.0,1.0,"-752012,009","-1037039,899","-752012,009","-1037039,899","-752012,719","-1037041,222",,,,silnice3.t¯Ìdy,0071,1686270.0,,OpaËn˝kesmÏru˙seku,Pomal˝,539767.0,,GN_V0.1UIR-ADR_410,2
11606190069,3,11511.0,2019-01-31,4,1915,1,2,0,2,1,0,506,0,0,0,100,2,1,1,1,4,1,1,1,0,0,0,1,2,0,,3,21.0,11,1.0,0.0,1.0,0.0,1.0,3.0,100,2.0,1.0,1.0,"-753355,699","-1058889,977","-753355,699","-1058889,977","-753353,293","-1058897,972",Vöenory,USilnice,,silnice3.t¯Ìdy,11511,805132.0,,Souhlasn˝sesmÏrem˙seku,Pomal˝,539856.0,441988.0,GN_V0.1UIR-ADR_410,1
50040190002,0,11.0,2019-01-01,2,1844,3,0,4,2,1,2,204,0,0,0,1700,3,3,1,4,6,0,1,8,0,0,0,1,1,0,,3,23.0,14,1.0,1.0,1.0,0.0,1.0,3.0,1500,2.0,1.0,1.0,"-678964,467","-1047050,266","-678964,467","-1047050,266","-678968,247","-1047043,782",,,,d·lnice,D11,3068881.0,,Souhlasn˝sesmÏrem˙seku,Pomal˝,534994.0,,GN_V0.1UIR-ADR_410,2
50040190003,0,11.0,2019-01-01,2,1846,3,0,4,1,1,2,204,0,0,1,700,2,8,1,5,7,1,3,3,0,0,0,2,2,0,,3,31.0,00,1.0,1.0,0.0,0.0,1.0,1.0,250,2.0,1.0,1.0,"-679232,615","-1047225,309","-679232,615","-1047225,309","-679238,201","-1047216,9",,,,d·lnice,D11,3068881.0,,Souhlasn˝sesmÏrem˙seku,Pomal˝,534994.0,,GN_V0.1UIR-ADR_410,2
50040190004,0,11.0,2019-01-01,2,1852,9,0,0,2,1,0,204,0,0,0,2000,3,3,1,4,7,1,1,8,0,0,0,1,1,0,,3,42.0,18,1.0,1.0,1.0,0.0,1.0,3.0,2000,2.0,1.0,1.0,"-679096,116","-1047117,918","-679096,116","-1047117,918","-679093,998","-1047121,106",,,,d·lnice,D11,3068881.0,,Souhlasn˝sesmÏrem˙seku,Pomal˝,534994.0,,GN_V0.1UIR-ADR_410,2
50040190006,0,11.0,2019-01-03,4,1555,0,0,0,1,1,2,204,0,1,0,2130,3,6,1,5,3,1,3,1,0,0,0,1,1,0,,3,47.0,05,1.0,1.0,1.0,0.0,1.0,1.0,2000,2.0,1.0,1.0,"-672768,87","-1047848,935","-672774,774","-1047836,054","-672774,691","-1047836,438",,,,d·lnice,D11,770623.0,,Souhlasn˝sesmÏrem˙seku,Pomal˝,533947.0,,GN_V0.1UIR-ADR_410,2
50040190012,0,11.0,2019-01-01,2,1846,1,2,0,2,1,2,204,0,0,0,500,3,8,1,5,7,1,3,1,0,0,0,2,2,0,,3,9.0,89,1.0,1.0,0.0,0.0,1.0,1.0,250,2.0,1.0,1.0,"-679179,928","-1047175,32","-679179,928","-1047175,32","-679178,606","-1047177,311",,,,d·lnice,D11,3068881.0,,Souhlasn˝sesmÏrem˙seku,Pomal˝,534994.0,,GN_V0.1UIR-ADR_410,2
50040190014,0,11.0,2019-01-11,5,1950,3,0,9,2,1,2,204,0,0,0,40,3,8,1,5,7,1,3,1,0,0,0,1,1,0,,3,26.0,13,3.0,1.0,1.0,0.0,1.0,1.0,0,2.0,1.0,1.0,"-673215,79","-1047892,088","-673215,79","-1047892,088","-673215,834","-1047885,741",,,,d·lnice,D11,3068883.0,,Souhlasn˝sesmÏrem˙seku,Pomal˝,533947.0,,GN_V0.1UIR-ADR_410,2
50040190018,0,11.0,2019-01-14,1,2560,3,0,4,2,1,0,511,0,0,0,120,2,3,1,1,1,1,3,1,0,0,5,1,1,0,,17,,XX,,,,,,,0,,,,"-672242,51","-1047728,201","-672242,51","-1047728,201","-672244,379","-1047720,112",,,,d·lnice,D11,770633.0,,Souhlasn˝sesmÏrem˙seku,Pomal˝,533947.0,,GN_V0.1UIR-ADR_410,2
50040190019,0,11.0,2019-01-18,5,360,3,0,4,2,1,2,204,0,0,0,4700,3,6,1,5,7,1,3,1,1,0,0,1,1,0,,7,10.0,12,3.0,1.0,0.0,1.0,1.0,1.0,3000,3.0,1.0,1.0,"-677395,517","-1046925,714","-677398,228","-1046924,941","-677398,807","-1046927,714",,,,d·lnice,D11,3068879.0,,Souhlasn˝sesmÏrem˙seku,Rychl˝,534994.0,,GN_V0.1UIR-ADR_410,2
50040190020,0,11.0,2019-01-18,5,505,9,0,0,2,1,2,204,0,0,0,1550,3,6,1,5,7,1,3,8,1,0,0,1,1,0,,3,4.0,18,3.0,1.0,1.0,0.0,1.0,3.0,1500,2.0,5.0,1.0,"-681187,339","-1047317,149","-681187,339","-1047317,149","-681188,438","-1047318,514",,,,d·lnice,D11,1397751.0,,Souhlasn˝sesmÏrem˙seku,Pomal˝,513237.0,,GN_V0.1UIR-ADR_410,2
50040190026,0,11.0,2019-01-26,6,918,3,0,9,2,1,2,203,0,0,0,1150,3,3,1,5,1,1,3,8,0,0,0,1,1,0,,7,24.0,97,2.0,1.0,1.0,1.0,1.0,1.0,700,4.0,1.0,1.0,"-676815,212","-1047023,335","-676815,212","-1047023,335","-676814,669","-1047015,594",,,,d·lnice,D11,3068879.0,,Souhlasn˝sesmÏrem˙seku,Pomal˝,534994.0,,GN_V0.1UIR-ADR_410,2
50040190030,0,11.0,2019-01-17,4,2560,3,0,9,2,1,0,516,0,0,0,50,2,0,1,1,1,1,1,1,0,0,0,1,1,0,,17,,XX,,,,,,,0,,,,"-676319,604","-1047057,853","-676319,604","-1047057,853","-676318,928","-1047036,49",,,,d·lnice,D11,770606.0,,Souhlasn˝sesmÏrem˙seku,Pomal˝,534994.0,,GN_V0.1UIR-ADR_410,2
20040190001,0,3.0,2019-01-06,0,2560,3,0,4,2,1,0,511,0,0,0,300,2,3,1,4,1,1,3,3,0,0,5,1,1,0,,17,,XX,,,,,,,0,,,,"-735088,439","-1142721,645","-735088,439","-1142721,645",,,,,,,,,,,,,,GN_V0.1UIR-ADR_410,2
20040190002,0,3.0,2019-01-11,5,2135,3,0,4,2,1,2,204,0,0,0,1300,2,5,1,5,7,1,3,1,0,0,0,1,1,0,,3,13.0,16,3.0,1.0,1.0,0.0,1.0,1.0,1200,2.0,1.0,1.0,"-734757,115","-1114527,11","-734757,115","-1114527,11","-734750,115","-1114526,322",,,,d·lnice,D3,2164783.0,,Souhlasn˝sesmÏrem˙seku,Pomal˝,562955.0,,GN_V0.1UIR-ADR_410,2
20040190003,0,3.0,2019-01-26,6,1415,3,0,4,2,1,2,204,0,0,0,1200,2,8,1,1,1,1,3,3,0,0,0,1,1,0,,3,2.0,14,3.0,1.0,0.0,0.0,1.0,1.0,1000,3.0,1.0,1.0,"-736713,7","-1144097,324","-736713,7","-1144097,324","-736716,091","-1144092,655",,,,d·lnice,D3,3513085.0,,Souhlasn˝sesmÏrem˙seku,Pomal˝,553271.0,,GN_V0.1UIR-ADR_410,2
20040190004,0,3.0,2019-01-26,6,1730,3,0,4,2,1,2,204,0,0,0,1200,2,8,1,3,6,1,3,3,0,0,0,3,1,0,,3,7.0,08,3.0,1.0,0.0,0.0,1.0,1.0,800,2.0,1.0,1.0,"-733197,59","-1117410,449","-733197,59","-1117410,449","-733201,553","-1117413,636",,,,d·lnice,D3,1671585.0,,Souhlasn˝sesmÏrem˙seku,Pomal˝,552046.0,,GN_V0.1UIR-ADR_410,2
20040190005,0,3.0,2019-01-26,6,1905,3,0,4,2,1,2,204,0,0,0,2200,2,5,1,5,7,1,3,3,0,0,0,1,1,0,,3,26.0,18,3.0,1.0,1.0,0.0,1.0,1.0,2000,3.0,1.0,1.0,"-733741,583","-1140961,093","-733741,583","-1140961,093","-733736,984","-1140961,906",,,,d·lnice,D3,2604682.0,,Souhlasn˝sesmÏrem˙seku,Pomal˝,599115.0,,GN_V0.1UIR-ADR_410,2