IDENTIFIKA»NÕ »ÕSLO,DRUH POZEMNÕ KOMUNIKACE,»ÕSLO POZEMNÕ KOMUNIKACE,"den, mÏsÌc, rok",,Ëas ,DRUH NEHODY,DRUH SR¡éKY JEDOUCÕCH VOZIDEL,DRUH PEVN… PÿEK¡éKY,CHARAKTER NEHODY,ZAVINÃNÕ NEHODY,ALKOHOL U VINÕKA NEHODY PÿÕTOMEN,HLAVNÕ PÿÕ»INY NEHODY,usmrceno osob,tÏûce zranÏno osob,lehce zranÏno osob,CELKOV¡ HMOTN¡ äKODA,DRUH POVRCHU VOZOVKY,STAV POVRCHU VOZOVKY V DOBÃ NEHODY,STAV KOMUNIKACE,POVÃTRNOSTNÕ PODMÕNKY V DOBÃ NEHODY,VIDITELNOST,ROZHLEDOV… POMÃRY,DÃLENÕ KOMUNIKACE,SITUOV¡NÕ NEHODY NA KOMUNIKACI,ÿÕZENÕ PROVOZU V DOBÃ NEHODY,MÕSTNÕ ⁄PRAVA PÿEDNOSTI V JÕZDÃ,SPECIFICK¡ MÕSTA A OBJEKTY V MÕSTÃ NEHODY,SMÃROV… POMÃRY,PO»ET Z⁄»ASTNÃN›CH VOZIDEL,MÕSTO DOPRAVNÕ NEHODY,DRUH KÿIéUJÕCÕ KOMUNIKACE,DRUH VOZIDLA,V›ROBNÕ ZNA»KA MOTOROV…HO VOZIDLA,ROK V›ROBY VOZIDLA,CHARAKTERISTIKA VOZIDLA ,SMYK,VOZIDLO PO NEHODÃ,"⁄NIK PROVOZNÕCH, PÿEPRAVOVAN›CH HMOT",ZPŸSOB VYPROäTÃNÕ OSOB Z VOZIDLA,SMÃR JÕZDY NEBO POSTAVENÕ VOZIDLA,äKODA NA VOZIDLE,KATEGORIE ÿIDI»E,STAV ÿIDI»E,VNÃJäÕ OVLIVNÃNÕ ÿIDI»E,nan.1,nan.2,nan.3,nan.4,nan.5,nan.6,nan.7,nan.8,nan.9,nan.10,nan.11,nan.12,nan.13,nan.14,nan.15,nan.16,nan.17,nan.18,LOKALITA NEHODY
20106190001,6,,2019-01-01,2,2560,3,0,3,2,1,6,204,0,0,0,120,2,3,1,1,1,1,1,1,3,3,0,5,1,10,6.0,3,25.0,18,1.0,0.0,1.0,0.0,1.0,5.0,100,2.0,4.0,1.0,"-757259,418","-1163365,923","-757259,418","-1163365,923","-757259,375","-1163365,637",»eskÈBudÏjovice,Otavsk·,,mÌstnÌkomunikace,,639995.0,,Souhlasn˝sesmÏrem˙seku,Pomal˝,544256.0,75787.0,GN_V0.1UIR-ADR_410,1
20106190002,1,20.0,2019-01-02,3,630,0,0,0,2,0,0,100,0,0,0,500,2,3,1,7,6,1,1,1,0,5,0,1,1,0,,3,39.0,16,3.0,0.0,1.0,0.0,1.0,3.0,500,2.0,1.0,1.0,"-767039,19","-1154555,746","-767039,19","-1154555,746","-767043,146","-1154558,324",,,,silnice1.t¯Ìdy,20,3546896.0,,OpaËn˝kesmÏru˙seku,Pomal˝,545015.0,,GN_V0.1UIR-ADR_410,2
20106190003,2,105.0,2019-01-02,3,1650,1,2,0,2,1,2,204,0,0,0,1450,2,6,1,1,2,1,1,1,3,5,0,1,2,0,,3,8.0,09,1.0,1.0,1.0,0.0,1.0,1.0,800,2.0,1.0,1.0,"-760244,102","-1144513,6","-760244,102","-1144513,6","-760229,961","-1144520,248",,,,silnice2.t¯Ìdy,105,923139.0,,Souhlasn˝sesmÏrem˙seku,Pomal˝,545155.0,,GN_V0.1UIR-ADR_410,2
20106190004,2,159.0,2019-01-02,3,1600,3,0,6,2,1,2,204,0,0,0,400,2,6,1,5,3,1,1,0,0,0,0,1,1,0,,3,39.0,05,1.0,1.0,1.0,0.0,3.0,1.0,300,2.0,1.0,1.0,"-756591,93","-1138093,504","-756566,056","-1138094,582","-756565,783","-1138094,405",T˝nnadVltavou,PÌseck·,,silnice2.t¯Ìdy,159,2807967.0,,Souhlasn˝sesmÏrem˙seku,Pomal˝,545201.0,81973.0,GN_V0.1UIR-ADR_410,1
20106190005,6,,2019-01-02,3,1835,1,1,0,1,1,2,204,0,0,2,1400,2,6,1,1,4,1,1,1,0,0,0,3,2,0,,3,7.0,11,1.0,0.0,1.0,1.0,1.0,5.0,500,2.0,1.0,1.0,"-753444,784","-1168296,875","-753444,784","-1168296,875","-753444,78","-1168296,92",,,,mÌstnÌkomunikace,,1420437.0,,Souhlasn˝sesmÏrem˙seku,Pomal˝,545066.0,757624.0,GN_V0.1UIR-ADR_410,2
20106190006,2,157.0,2019-01-02,3,1830,1,3,0,2,1,2,402,0,0,0,1050,2,3,1,1,4,1,1,1,3,3,0,5,2,11,6.0,3,48.0,09,1.0,0.0,1.0,0.0,1.0,21.0,150,2.0,1.0,1.0,"-753919,626","-1167212,766","-753918,548","-1167197,676","-753918,493","-1167197,644",»eskÈBudÏjovice,Ledenick·,,silnice2.t¯Ìdy,157,651927.0,,Souhlasn˝sesmÏrem˙seku,Pomal˝,544256.0,75183.0,GN_V0.1UIR-ADR_410,1
20106190007,3,354.0,2019-01-02,3,1900,3,0,9,2,1,2,204,0,0,0,220,2,5,1,6,4,1,1,8,0,0,0,1,1,0,,3,7.0,04,1.0,1.0,0.0,0.0,1.0,3.0,200,2.0,1.0,1.0,"-758610,827","-1173497,421","-758610,827","-1173497,421","-758611,107","-1173497,305",Kamenn˝⁄jezd,BudÏjovick·,,silnice3.t¯Ìdy,00354,3460232.0,,OpaËn˝kesmÏru˙seku,Pomal˝,544663.0,78891.0,GN_V0.1UIR-ADR_410,1
20106190008,6,,2019-01-02,3,1633,1,4,0,1,1,2,503,0,0,1,200,2,5,1,5,2,1,1,1,0,0,7,1,2,0,,3,4.0,12,2.0,0.0,0.0,0.0,1.0,5.0,100,2.0,1.0,1.0,"-755729,312","-1165789,401","-755729,312","-1165789,401","-755728,777","-1165788,789",»eskÈBudÏjovice,NaSadech,,mÌstnÌkomunikace,,1714451.0,,,Pomal˝,544256.0,75523.0,GN_V0.1UIR-ADR_410,1
20106190009,8,,2019-01-02,3,1745,3,0,9,2,1,2,508,0,0,0,50,2,5,1,6,4,1,1,1,0,0,10,1,1,0,,7,10.0,06,3.0,0.0,1.0,0.0,1.0,5.0,0,3.0,1.0,1.0,"-755588,745","-1164361,545","-755588,745","-1164361,545","-755587,272","-1164362,625",»eskÈBudÏjovice,Praûsk·t¯.,,mÌstnÌkomunikace,,2810871.0,,Souhlasn˝sesmÏrem˙seku,Pomal˝,544256.0,76538.0,GN_V0.1UIR-ADR_410,1
20106190010,3,354.0,2019-01-03,4,650,1,4,0,1,1,2,503,0,0,1,700,2,3,1,1,4,1,0,4,3,3,2,4,2,19,6.0,5,47.0,17,3.0,0.0,1.0,0.0,1.0,23.0,200,3.0,1.0,1.0,"-755872,911","-1166787,017","-755872,911","-1166787,017","-755870,446","-1166787,521",»eskÈBudÏjovice,Lidick·t¯.,,silnice3.t¯Ìdy,00354,3361982.0,,Souhlasn˝sesmÏrem˙seku,Pomal˝,544256.0,75248.0,GN_V0.1UIR-ADR_410,1
20106190011,6,,2019-01-02,3,2560,2,0,0,2,1,0,508,0,0,0,50,2,3,1,1,4,1,1,1,3,3,0,5,2,10,6.0,17,,XX,,,,,,,0,,,,"-758458,507","-1164515,581","-758458,507","-1164515,581","-758458,701","-1164515,132",»eskÈBudÏjovice,V.Volfa,,mÌstnÌkomunikace,,3466175.0,,OpaËn˝kesmÏru˙seku,Pomal˝,544256.0,74756.0,GN_V0.1UIR-ADR_410,1
20106190012,3,10582.0,2019-01-03,4,1120,3,0,4,2,1,2,204,0,0,0,4130,2,6,1,6,3,1,1,8,0,0,3,3,2,0,,3,47.0,10,3.0,1.0,1.0,0.0,1.0,3.0,2000,2.0,1.0,1.0,"-759621,904","-1158499,739","-759621,904","-1158499,739","-759608,186","-1158508,097",,,,silnice3.t¯Ìdy,10582,3470191.0,,Souhlasn˝sesmÏrem˙seku,Pomal˝,544485.0,,GN_V0.1UIR-ADR_410,2
20106190013,1,34.0,2019-01-03,4,1145,1,1,0,1,1,2,501,0,0,3,2500,2,3,1,1,1,1,1,1,0,0,0,2,2,0,,3,4.0,05,1.0,0.0,1.0,1.0,1.0,1.0,1500,0.0,1.0,1.0,"-743704,29","-1163944,442","-743704,29","-1163944,442","-743702,268","-1163942,682",,,,silnice1.t¯Ìdy,34,3536769.0,,Souhlasn˝sesmÏrem˙seku,Pomal˝,544779.0,,GN_V0.1UIR-ADR_410,2
20106190014,2,157.0,2019-01-02,3,1700,3,0,9,2,1,0,204,0,0,0,400,2,6,1,5,5,1,1,8,3,5,7,1,1,0,,3,31.0,00,1.0,1.0,1.0,0.0,1.0,1.0,200,3.0,1.0,1.0,"-751481,448","-1169663,519","-751481,448","-1169663,519","-751484,396","-1169665,723",Srubec,Ledenick·,,silnice2.t¯Ìdy,157,656848.0,,Souhlasn˝sesmÏrem˙seku,Pomal˝,545066.0,750913.0,GN_V0.1UIR-ADR_410,1
20106190015,3,14610.0,2019-01-03,4,1355,1,3,0,1,1,2,205,0,0,1,550,2,6,1,5,1,1,1,1,0,0,0,3,2,0,,3,12.0,97,1.0,1.0,1.0,1.0,1.0,3.0,50,2.0,1.0,1.0,"-742216,04","-1164764,664","-742216,04","-1164764,664","-742218,423","-1164764,056",ätÏp·novice,Sosensk·,,silnice3.t¯Ìdy,14610,3080187.0,,OpaËn˝kesmÏru˙seku,Pomal˝,545139.0,81001.0,GN_V0.1UIR-ADR_410,1
20106190016,2,141.0,2019-01-03,4,2015,3,0,2,2,1,2,204,0,0,0,200,1,6,1,5,7,1,1,1,3,3,0,2,1,0,,3,47.0,17,1.0,0.0,0.0,0.0,1.0,1.0,200,3.0,1.0,5.0,"-766076,226","-1143855,105","-766076,226","-1143855,105","-766076,269","-1143854,042",,,,silnice2.t¯Ìdy,141,3080108.0,,Souhlasn˝sesmÏrem˙seku,Pomal˝,544426.0,,GN_V0.1UIR-ADR_410,2
20106190017,6,,2019-01-03,4,2560,2,0,0,2,1,0,508,0,0,0,100,1,3,1,1,4,1,5,1,0,0,0,1,2,0,,17,,XX,,,,,,,0,,,,"-755906,593","-1165594,174","-755906,593","-1165594,174","-755895,533","-1165591,994",»eskÈBudÏjovice,Praûsk·t¯.,,mÌstnÌkomunikace,,1592846.0,,Souhlasn˝sesmÏrem˙seku,Pomal˝,544256.0,76538.0,GN_V0.1UIR-ADR_410,1
20106190018,6,,2019-01-03,4,2560,3,0,6,2,1,0,511,0,0,0,200,2,6,1,1,1,1,1,6,0,0,0,1,1,0,,17,,XX,,,,,,,0,,,,"-757507,861","-1164804,371","-757507,861","-1164804,371","-757507,57","-1164811,755",»eskÈBudÏjovice,O.Nedbala,,mÌstnÌkomunikace,,644183.0,,Souhlasn˝sesmÏrem˙seku,Pomal˝,544256.0,75710.0,GN_V0.1UIR-ADR_410,1
20106190019,6,,2019-01-04,5,1225,0,0,0,1,1,2,201,0,0,2,0,2,3,1,5,3,1,2,1,2,0,1,4,1,10,6.0,8,99.0,18,5.0,0.0,1.0,0.0,1.0,5.0,0,4.0,1.0,1.0,,,"-755866,008","-1166736,279","-755865,374","-1166736,286",»eskÈBudÏjovice,Lidick·t¯.,,mÌstnÌkomunikace,,3361977.0,,Souhlasn˝sesmÏrem˙seku,Pomal˝,544256.0,75248.0,GN_V0.1UIR-ADR_410,1
20106190020,6,,2019-01-04,5,1340,3,0,3,2,1,2,508,0,0,0,300,3,3,1,1,1,1,1,1,0,0,0,1,1,0,,3,35.0,14,1.0,0.0,1.0,0.0,1.0,5.0,200,2.0,1.0,1.0,"-754979,201","-1166473,012","-754979,201","-1166473,012","-754978,839","-1166474,801",»eskÈBudÏjovice,Dvo¯·kova,,mÌstnÌkomunikace,,1636428.0,,Souhlasn˝sesmÏrem˙seku,Pomal˝,544256.0,73865.0,GN_V0.1UIR-ADR_410,1
20106190021,2,105.0,2019-01-04,5,1330,3,0,1,1,1,2,204,0,0,1,200,2,6,1,5,3,1,1,1,0,0,0,2,1,0,,3,44.0,00,1.0,1.0,1.0,0.0,1.0,1.0,200,2.0,1.0,1.0,"-755682,516","-1135915,269","-755672,273","-1135920,122","-755673,055","-1135920,197",,,,silnice2.t¯Ìdy,105,3537050.0,,OpaËn˝kesmÏru˙seku,Pomal˝,545201.0,,GN_V0.1UIR-ADR_410,2
20106190022,6,,2019-01-01,2,2560,3,0,9,2,1,0,504,0,0,0,100,2,8,1,1,1,1,5,1,0,0,0,1,1,0,,17,,XX,,,,,,,0,,,,"-755593,795","-1166469,913","-755593,795","-1166469,913","-755600,286","-1166451,575",»eskÈBudÏjovice,Senov·ûnÈn·m.,,mÌstnÌkomunikace,,649708.0,,Souhlasn˝sesmÏrem˙seku,Pomal˝,544256.0,75591.0,GN_V0.1UIR-ADR_410,1
20106190023,6,,2019-01-04,5,1445,3,0,3,2,1,2,204,0,0,0,150,2,8,1,1,1,1,1,1,3,5,0,5,1,10,6.0,3,2.0,01,1.0,1.0,1.0,0.0,1.0,5.0,50,2.0,1.0,1.0,"-761412,134","-1169985,033","-761412,134","-1169985,033","-761415,752","-1169979,425",Homole,Mezipotoky,,mÌstnÌkomunikace,,1421526.0,,Souhlasn˝sesmÏrem˙seku,Pomal˝,544493.0,771490.0,GN_V0.1UIR-ADR_410,1
20106190024,3,1555.0,2019-01-04,5,1455,3,0,6,2,1,2,508,0,0,0,1100,2,6,1,1,1,1,1,1,0,0,5,1,1,0,,7,35.0,,9.0,0.0,1.0,0.0,1.0,1.0,0,3.0,1.0,1.0,"-742583,42","-1149193,005","-742583,42","-1149193,005","-742579,793","-1149184,637",,,,silnice3.t¯Ìdy,1555,3362380.0,,Souhlasn˝sesmÏrem˙seku,Pomal˝,544451.0,,GN_V0.1UIR-ADR_410,2
20106190025,6,,2019-01-05,6,615,3,0,9,2,1,2,202,0,0,0,200,2,6,9,5,7,1,1,1,0,0,0,1,1,0,,3,2.0,06,1.0,0.0,1.0,0.0,1.0,5.0,200,2.0,1.0,1.0,"-764401,7","-1157020,031","-764401,7","-1157020,031","-764401,621","-1157019,575",,,,mÌstnÌkomunikace,,929178.0,,Souhlasn˝sesmÏrem˙seku,Pomal˝,535991.0,,GN_V0.1UIR-ADR_410,2
20106190026,2,603.0,2019-01-06,0,1920,3,0,1,1,1,2,204,0,0,2,1000,2,6,1,6,7,1,1,1,0,0,0,2,1,0,,3,38.0,05,1.0,0.0,1.0,1.0,1.0,3.0,1000,3.0,1.0,1.0,"-750505,984","-1155860,818","-750508,96","-1155861,386","-750509,403","-1155861,005",,,,silnice2.t¯Ìdy,603,3263142.0,,Souhlasn˝sesmÏrem˙seku,Pomal˝,535907.0,,GN_V0.1UIR-ADR_410,2
20106190027,0,3.0,2019-01-06,0,2245,3,0,4,2,1,2,204,0,0,0,500,2,6,1,6,7,1,1,1,0,0,0,1,1,0,,3,4.0,17,1.0,1.0,1.0,0.0,1.0,3.0,200,2.0,1.0,1.0,"-750468,888","-1156710,831","-750468,888","-1156710,831","-750471,462","-1156707,619",,,,d·lnice,D3,3539964.0,,Souhlasn˝sesmÏrem˙seku,Pomal˝,535907.0,,GN_V0.1UIR-ADR_410,2
20106190028,6,,2019-01-06,0,2245,3,0,9,1,1,9,203,0,1,1,950,2,3,1,4,5,1,1,8,0,0,0,1,1,0,,3,8.0,09,1.0,0.0,1.0,1.0,1.0,5.0,300,2.0,5.0,1.0,"-757129,182","-1164732,371","-757129,182","-1164732,371","-757129,748","-1164730,682",»eskÈBudÏjovice,J.BoreckÈho,,mÌstnÌkomunikace,,644025.0,,Souhlasn˝sesmÏrem˙seku,Pomal˝,544256.0,76953.0,GN_V0.1UIR-ADR_410,1
20106190029,0,3.0,2019-01-07,1,730,3,0,4,2,1,2,204,0,0,0,350,2,5,1,5,2,1,3,1,0,0,0,2,1,0,,3,47.0,10,1.0,1.0,1.0,0.0,1.0,1.0,300,2.0,1.0,1.0,"-752375,453","-1161431,544","-752375,453","-1161431,544","-752373,573","-1161430,73",,,,d·lnice,D3,3599734.0,,Souhlasn˝sesmÏrem˙seku,Pomal˝,535494.0,,GN_V0.1UIR-ADR_410,2
20106190030,1,3.0,2019-01-07,1,815,3,0,1,1,1,2,511,0,0,1,1050,2,3,1,1,1,1,1,1,0,0,0,2,1,0,,3,12.0,17,0.0,0.0,1.0,0.0,1.0,1.0,1000,2.0,1.0,1.0,"-759032,721","-1176820,139","-759032,721","-1176820,139","-759028,394","-1176820,228",,,,silnice1.t¯Ìdy,3,3306971.0,,Souhlasn˝sesmÏrem˙seku,Pomal˝,544663.0,,GN_V0.1UIR-ADR_410,2
20106190031,1,20.0,2019-01-07,1,940,1,3,0,2,1,2,508,0,0,0,50,2,3,1,1,1,1,1,1,2,0,2,4,2,19,2.0,3,39.0,17,1.0,0.0,1.0,0.0,1.0,13.0,50,2.0,1.0,1.0,"-754268,557","-1163397,069","-754683,645","-1163213,783","-754683,825","-1163213,344",»eskÈBudÏjovice,OkruûnÌ,,silnice1.t¯Ìdy,20,639585.0,,Souhlasn˝sesmÏrem˙seku,Pomal˝,544256.0,77356.0,GN_V0.1UIR-ADR_410,1
20106190032,6,,2019-01-07,1,2560,2,0,0,2,1,0,508,0,0,0,50,2,3,1,3,1,1,1,1,3,3,0,1,2,0,,17,,XX,,,,,,,0,,,,,,"-756180,332","-1165360,364","-756179,527","-1165361,214",»eskÈBudÏjovice,Budivojova,,mÌstnÌkomunikace,,1667003.0,,Souhlasn˝sesmÏrem˙seku,Pomal˝,544256.0,73610.0,GN_V0.1UIR-ADR_410,1
20106190033,6,,2019-01-01,2,2560,3,0,9,2,1,0,504,0,0,0,110,2,8,1,1,1,1,1,1,0,0,0,3,1,0,,3,1.0,03,1.0,0.0,1.0,0.0,1.0,5.0,0,2.0,1.0,1.0,"-741227,5","-1183333,548","-741227,5","-1183333,548","-741226,036","-1183338,337",Oleönice,,,mÌstnÌkomunikace,,2544187.0,,OpaËn˝kesmÏru˙seku,Pomal˝,544884.0,,GN_V0.1UIR-ADR_410,1
20106190034,3,14611.0,2019-01-07,1,1455,1,2,0,1,1,2,402,0,0,3,2500,2,3,1,1,1,1,1,1,3,3,0,4,2,19,3.0,3,13.0,16,1.0,0.0,1.0,0.0,1.0,24.0,1500,3.0,1.0,1.0,"-749863,299","-1168402,953","-749863,299","-1168402,953","-749863,561","-1168404,848",,,,silnice3.t¯Ìdy,14611,654494.0,,Souhlasn˝sesmÏrem˙seku,Pomal˝,544256.0,,GN_V0.1UIR-ADR_410,2
20106190035,1,20.0,2019-01-07,1,2125,9,0,0,1,1,2,205,0,0,2,820,2,3,1,1,6,1,1,1,0,0,0,2,1,0,,3,32.0,15,1.0,1.0,0.0,1.0,1.0,1.0,800,2.0,1.0,1.0,"-767345,362","-1154055,975","-767386,859","-1154033,341","-767385,819","-1154032,665",,,,silnice1.t¯Ìdy,20,1257884.0,,Souhlasn˝sesmÏrem˙seku,Pomal˝,545015.0,,GN_V0.1UIR-ADR_410,2
20106190036,2,157.0,2019-01-08,2,750,1,4,0,1,1,2,504,0,0,1,1,2,3,1,4,2,1,1,1,0,0,10,1,2,0,,5,8.0,12,3.0,0.0,0.0,0.0,1.0,3.0,0,2.0,1.0,1.0,"-754226,504","-1166703,801","-754226,504","-1166703,801","-754226,233","-1166702,232",»eskÈBudÏjovice,Dobrovodsk·,,silnice2.t¯Ìdy,157,3546597.0,,Souhlasn˝sesmÏrem˙seku,Pomal˝,544256.0,73784.0,GN_V0.1UIR-ADR_410,1
20106190037,2,603.0,2019-01-08,2,750,9,0,0,1,1,2,204,0,0,1,250,2,3,1,6,2,1,1,1,0,0,0,2,1,0,,3,2.0,95,1.0,0.0,1.0,0.0,1.0,3.0,250,2.0,1.0,1.0,"-750055,741","-1155499,838","-750055,741","-1155499,838","-750058,947","-1155478,953",,,,silnice2.t¯Ìdy,603,1320577.0,,OpaËn˝kesmÏru˙seku,Pomal˝,535907.0,,GN_V0.1UIR-ADR_410,2
20106190038,1,34.0,2019-01-08,2,840,1,1,0,1,1,2,204,0,0,1,3500,2,6,1,6,1,1,1,1,0,0,0,1,2,0,,3,42.0,10,1.0,1.0,1.0,0.0,1.0,3.0,1000,2.0,1.0,1.0,"-746887,348","-1163406,744","-746887,348","-1163406,744","-746888,299","-1163405,282",,,,silnice1.t¯Ìdy,34,2209201.0,,Souhlasn˝sesmÏrem˙seku,Pomal˝,544779.0,,GN_V0.1UIR-ADR_410,2
20106190039,6,,2019-01-08,2,1445,3,0,3,2,1,2,508,0,0,0,100,1,1,1,1,1,1,1,1,0,0,0,1,1,0,,3,38.0,04,1.0,0.0,1.0,0.0,1.0,5.0,0,2.0,1.0,1.0,"-755276,326","-1166240,102","-755276,326","-1166240,102","-755276,762","-1166252,498",»eskÈBudÏjovice,Lannovat¯.,,mÌstnÌkomunikace,,649100.0,,,Pomal˝,544256.0,75345.0,GN_V0.1UIR-ADR_410,1
20106190040,6,,2019-01-08,2,1630,1,4,0,1,1,2,503,0,0,1,400,2,1,1,1,2,1,2,1,0,0,0,1,2,0,,3,35.0,03,1.0,0.0,1.0,0.0,1.0,5.0,200,2.0,1.0,1.0,"-756302,524","-1165748,88","-756302,524","-1165748,88","-756295,676","-1165759,563",»eskÈBudÏjovice,Husovat¯.,,mÌstnÌkomunikace,,1635825.0,,,Pomal˝,544256.0,74241.0,GN_V0.1UIR-ADR_410,1
20106190041,3,354.0,2019-01-08,2,1655,4,0,0,1,1,2,412,0,1,0,50,2,3,1,3,2,1,1,1,3,4,1,1,1,0,,3,32.0,95,1.0,0.0,1.0,0.0,1.0,3.0,50,3.0,1.0,1.0,"-756819,884","-1168685,873","-756819,884","-1168685,873","-756819,17","-1168686,348",»eskÈBudÏjovice,Lidick·t¯.,,silnice3.t¯Ìdy,00354,655354.0,,OpaËn˝kesmÏru˙seku,Pomal˝,544256.0,75248.0,GN_V0.1UIR-ADR_410,1
20106190042,6,,2019-01-08,2,1830,3,0,1,1,1,2,511,0,0,2,1000,2,3,1,1,6,1,1,1,0,0,0,3,1,0,,3,17.0,16,1.0,0.0,1.0,1.0,1.0,5.0,1000,4.0,1.0,3.0,"-753511,696","-1168289,997","-753511,696","-1168289,997","-753511,559","-1168289,593",,,,mÌstnÌkomunikace,,1307751.0,,OpaËn˝kesmÏru˙seku,Pomal˝,545066.0,,GN_V0.1UIR-ADR_410,2
20106190043,6,,2019-01-08,2,2560,2,0,0,2,1,0,508,0,0,0,50,2,3,1,3,1,1,1,1,0,0,10,1,2,0,,17,,XX,,,,,,,0,,,,"-755451,236","-1166911,266","-755453,392","-1166921,505","-755453,499","-1166922,347",»eskÈBudÏjovice,BroûÌkova,,mÌstnÌkomunikace,,651028.0,,Souhlasn˝sesmÏrem˙seku,Pomal˝,544256.0,73601.0,GN_V0.1UIR-ADR_410,1
20106190044,2,159.0,2019-01-09,3,535,1,3,0,1,1,2,403,0,0,1,1300,2,3,1,5,5,1,1,1,3,4,2,4,2,19,6.0,3,31.0,15,1.0,0.0,1.0,1.0,1.0,42.0,800,2.0,1.0,1.0,"-756456,082","-1138272,636","-756446,921","-1138274,252","-756447,402","-1138274,604",T˝nnadVltavou,PÌseck·,,silnice2.t¯Ìdy,159,580935.0,,Souhlasn˝sesmÏrem˙seku,Pomal˝,545201.0,81973.0,GN_V0.1UIR-ADR_410,1
20106190045,3,14711.0,2019-01-09,3,840,9,0,0,1,1,2,204,0,0,1,2000,2,6,1,6,1,1,1,1,0,0,0,3,1,0,,3,47.0,12,1.0,1.0,1.0,0.0,1.0,1.0,2000,2.0,1.0,1.0,"-744769,939","-1147498,681","-744769,939","-1147498,681","-744767,492","-1147499,313",,,,silnice3.t¯Ìdy,14711,2192486.0,,OpaËn˝kesmÏru˙seku,Pomal˝,544388.0,,GN_V0.1UIR-ADR_410,2
20106190046,6,,2019-01-08,2,2560,2,0,0,2,1,0,508,0,0,0,200,2,3,1,1,4,1,1,1,0,0,0,1,2,0,,17,,XX,,,,,,,0,,,,"-758316,692","-1165149,591","-758316,692","-1165149,591","-758316,668","-1165149,963",»eskÈBudÏjovice,Dubensk·,,mÌstnÌkomunikace,,3466130.0,,Souhlasn˝sesmÏrem˙seku,Pomal˝,544256.0,77291.0,GN_V0.1UIR-ADR_410,1
20106190047,6,,2019-01-09,3,1035,3,0,6,2,1,2,516,0,0,0,450,2,3,1,1,1,1,1,1,0,0,0,1,1,0,,3,47.0,18,1.0,0.0,0.0,0.0,1.0,5.0,50,3.0,1.0,1.0,"-757915,027","-1171842,773","-757915,027","-1171842,773","-757913,556","-1171838,075",VËeln·,Witthanova,,mÌstnÌkomunikace,,660269.0,,Souhlasn˝sesmÏrem˙seku,Pomal˝,545228.0,82538.0,GN_V0.1UIR-ADR_410,1
20106190048,6,,2019-01-09,3,2560,2,0,0,2,1,0,508,0,0,0,400,1,3,1,1,1,1,1,1,3,3,0,1,2,0,,17,,XX,,,,,,,0,,,,"-756389,022","-1137726,835","-756389,022","-1137726,835","-756387,124","-1137733,8",T˝nnadVltavou,NaV˝slunÌ,,mÌstnÌkomunikace,,579746.0,,OpaËn˝kesmÏru˙seku,Pomal˝,545201.0,712469.0,GN_V0.1UIR-ADR_410,1
20106190049,6,,2019-01-09,3,1730,3,0,3,2,1,2,204,0,0,0,150,2,3,1,5,5,1,1,8,3,3,0,5,1,10,6.0,3,39.0,11,1.0,0.0,1.0,0.0,1.0,5.0,100,2.0,1.0,1.0,"-755176,236","-1166626,247","-755176,236","-1166626,247","-755183,125","-1166628,236",»eskÈBudÏjovice,Novohradsk·,,mÌstnÌkomunikace,,726367.0,,OpaËn˝kesmÏru˙seku,Pomal˝,544256.0,75701.0,GN_V0.1UIR-ADR_410,1
20106190050,3,1468.0,2019-01-09,3,2030,3,0,6,2,1,0,511,0,0,0,70,2,6,1,5,4,1,1,1,0,0,0,1,1,0,,3,4.0,18,1.0,0.0,1.0,0.0,1.0,1.0,50,9.0,,,"-751047,236","-1165145,748","-751047,236","-1165145,748","-751052,642","-1165156,694",Rudolfov,Hlincohorsk·,,silnice3.t¯Ìdy,1468,645489.0,,Souhlasn˝sesmÏrem˙seku,Pomal˝,544981.0,80195.0,GN_V0.1UIR-ADR_410,1
20106190051,6,,2019-01-09,3,2300,3,0,6,2,1,2,204,0,0,0,200,2,6,1,5,4,1,1,1,0,0,0,3,1,0,,3,42.0,17,1.0,1.0,1.0,0.0,1.0,5.0,100,2.0,1.0,1.0,"-753230,297","-1164402,128","-753230,297","-1164402,128","-753230,89","-1164396,495",»eskÈBudÏjovice,SlÈv·rensk·,,mÌstnÌkomunikace,,1636354.0,,,Pomal˝,544256.0,,GN_V0.1UIR-ADR_410,1
20106190052,1,34.0,2019-01-10,4,1035,1,4,0,1,1,2,201,0,0,2,8000,2,3,1,1,1,1,3,1,3,3,0,7,2,19,1.0,3,47.0,14,1.0,0.0,1.0,0.0,1.0,1.0,7500,2.0,1.0,1.0,"-753888,621","-1163649,22","-753888,621","-1163649,22","-753891,228","-1163654,71",»eskÈBudÏjovice,OkruûnÌ,,silnice1.t¯Ìdy,34,829084.0,,Souhlasn˝sesmÏrem˙seku,Pomal˝,544256.0,77356.0,GN_V0.1UIR-ADR_410,1
20106190053,6,,2019-01-10,4,1245,3,0,9,2,1,2,511,0,0,0,100,2,3,1,1,1,1,0,6,0,0,0,1,1,0,,12,0.0,,3.0,0.0,1.0,0.0,1.0,5.0,0,8.0,1.0,1.0,"-757244,965","-1165548,232","-757244,965","-1165548,232","-757245,571","-1165534,39",»eskÈBudÏjovice,Buzuluck·,,mÌstnÌkomunikace,,646541.0,,Souhlasn˝sesmÏrem˙seku,Pomal˝,544256.0,73644.0,GN_V0.1UIR-ADR_410,1