IDENTIFIKA»NÕ »ÕSLO,DRUH POZEMNÕ KOMUNIKACE,»ÕSLO POZEMNÕ KOMUNIKACE,"den, mÏsÌc, rok",,Ëas ,DRUH NEHODY,DRUH SR¡éKY JEDOUCÕCH VOZIDEL,DRUH PEVN… PÿEK¡éKY,CHARAKTER NEHODY,ZAVINÃNÕ NEHODY,ALKOHOL U VINÕKA NEHODY PÿÕTOMEN,HLAVNÕ PÿÕ»INY NEHODY,usmrceno osob,tÏûce zranÏno osob,lehce zranÏno osob,CELKOV¡ HMOTN¡ äKODA,DRUH POVRCHU VOZOVKY,STAV POVRCHU VOZOVKY V DOBÃ NEHODY,STAV KOMUNIKACE,POVÃTRNOSTNÕ PODMÕNKY V DOBÃ NEHODY,VIDITELNOST,ROZHLEDOV… POMÃRY,DÃLENÕ KOMUNIKACE,SITUOV¡NÕ NEHODY NA KOMUNIKACI,ÿÕZENÕ PROVOZU V DOBÃ NEHODY,MÕSTNÕ ⁄PRAVA PÿEDNOSTI V JÕZDÃ,SPECIFICK¡ MÕSTA A OBJEKTY V MÕSTÃ NEHODY,SMÃROV… POMÃRY,PO»ET Z⁄»ASTNÃN›CH VOZIDEL,MÕSTO DOPRAVNÕ NEHODY,DRUH KÿIéUJÕCÕ KOMUNIKACE,DRUH VOZIDLA,V›ROBNÕ ZNA»KA MOTOROV…HO VOZIDLA,ROK V›ROBY VOZIDLA,CHARAKTERISTIKA VOZIDLA ,SMYK,VOZIDLO PO NEHODÃ,"⁄NIK PROVOZNÕCH, PÿEPRAVOVAN›CH HMOT",ZPŸSOB VYPROäTÃNÕ OSOB Z VOZIDLA,SMÃR JÕZDY NEBO POSTAVENÕ VOZIDLA,äKODA NA VOZIDLE,KATEGORIE ÿIDI»E,STAV ÿIDI»E,VNÃJäÕ OVLIVNÃNÕ ÿIDI»E,nan.1,nan.2,nan.3,nan.4,nan.5,nan.6,nan.7,nan.8,nan.9,nan.10,nan.11,nan.12,nan.13,nan.14,nan.15,nan.16,nan.17,nan.18,LOKALITA NEHODY
20106190054,2,156.0,2019-01-10,4,1340,4,0,0,1,3,2,100,0,0,1,200,2,3,1,1,1,1,1,1,0,0,10,1,1,0,,3,12.0,03,2.0,0.0,1.0,0.0,1.0,3.0,200,2.0,1.0,1.0,"-745799,589","-1182630,754","-745799,589","-1182630,754","-745797,573","-1182627,291",TrhovÈSviny,NovÈmÏsto,,silnice2.t¯Ìdy,156,779057.0,,Souhlasn˝sesmÏrem˙seku,Pomal˝,545171.0,81311.0,GN_V0.1UIR-ADR_410,1
20106190055,6,,2019-01-09,3,2560,2,0,0,2,1,0,508,0,0,0,500,2,3,1,1,1,1,1,1,0,0,0,1,2,0,,3,35.0,99,1.0,0.0,1.0,0.0,1.0,5.0,100,7.0,1.0,1.0,"-754968,659","-1165850,435","-754968,659","-1165850,435","-754970,496","-1165850,177",»eskÈBudÏjovice,Jeremi·öova,,mÌstnÌkomunikace,,720756.0,,OpaËn˝kesmÏru˙seku,Pomal˝,544256.0,74551.0,GN_V0.1UIR-ADR_410,1
20106190056,3,10582.0,2019-01-11,5,1310,1,1,0,1,1,2,205,0,0,2,900,2,3,1,1,1,1,1,1,0,0,0,2,2,0,,3,25.0,00,1.0,0.0,1.0,0.0,1.0,3.0,300,2.0,1.0,1.0,"-759029,268","-1158265,526","-759029,268","-1158265,526","-759029,3","-1158254,583",,,,silnice3.t¯Ìdy,10582,1307871.0,,OpaËn˝kesmÏru˙seku,Pomal˝,544485.0,,GN_V0.1UIR-ADR_410,2
20106190057,6,,2019-01-11,5,1425,3,0,3,2,1,2,508,0,0,0,20,2,3,1,1,1,1,1,1,0,0,0,1,1,0,,5,7.0,17,1.0,0.0,1.0,0.0,1.0,5.0,0,2.0,1.0,1.0,"-755910,5","-1165006,313","-755910,5","-1165006,313","-755908,228","-1165006,603",»eskÈBudÏjovice,Puklicova,,mÌstnÌkomunikace,,3318833.0,,Souhlasn˝sesmÏrem˙seku,Pomal˝,544256.0,76082.0,GN_V0.1UIR-ADR_410,1
20106190058,3,14321.0,2019-01-11,5,1540,3,0,6,1,1,9,204,0,0,1,1200,2,5,1,5,3,1,1,1,3,3,0,5,1,19,3.0,3,26.0,08,1.0,0.0,1.0,0.0,1.0,31.0,1000,2.0,5.0,1.0,"-764187,714","-1164767,709","-764187,714","-1164767,709","-764185,333","-1164767,438",DubnÈ,,,silnice3.t¯Ìdy,14321,932879.0,,OpaËn˝kesmÏru˙seku,Pomal˝,544442.0,,GN_V0.1UIR-ADR_410,1
20106190059,0,3.0,2019-01-11,5,2015,1,3,0,2,1,2,305,0,0,0,800,2,6,1,5,6,1,1,1,0,0,0,1,2,0,,3,4.0,98,1.0,1.0,1.0,0.0,1.0,3.0,500,2.0,1.0,1.0,"-742600,214","-1148917,368","-742568,95","-1148939,468","-742568,091","-1148940,17",,,,d·lnice,D3,3539986.0,,Souhlasn˝sesmÏrem˙seku,Pomal˝,544451.0,,GN_V0.1UIR-ADR_410,2
20106190060,6,,2019-01-11,5,2560,2,0,0,2,1,0,508,0,0,0,100,2,5,1,1,1,1,1,1,3,3,0,5,2,10,6.0,17,,XX,,,,,,,0,,,,"-755985,656","-1167586,682","-755985,656","-1167586,682","-755998,936","-1167592,437",»eskÈBudÏjovice,Roudensk·,,mÌstnÌkomunikace,,3436784.0,,Souhlasn˝sesmÏrem˙seku,Pomal˝,544256.0,76171.0,GN_V0.1UIR-ADR_410,1
20106190061,6,,2019-01-13,0,1750,1,2,0,1,1,2,403,0,1,0,110,2,3,1,4,5,1,1,1,3,3,0,7,2,10,6.0,3,47.0,05,1.0,0.0,1.0,0.0,1.0,5.0,100,2.0,1.0,1.0,"-757397,282","-1164127,001","-757383,809","-1164105,444","-757381,782","-1164104,83",»eskÈBudÏjovice,Husova,,mÌstnÌkomunikace,,3585400.0,,Souhlasn˝sesmÏrem˙seku,Pomal˝,544256.0,73466.0,GN_V0.1UIR-ADR_410,1
20106190062,3,1472.0,2019-01-12,6,1030,1,2,0,2,1,2,501,0,0,0,100,2,3,1,1,1,1,1,1,0,0,0,3,2,0,,3,35.0,07,1.0,0.0,1.0,0.0,1.0,3.0,50,3.0,1.0,1.0,"-754875,248","-1154179,628","-754875,248","-1154179,628","-754875,316","-1154187,133",,,,silnice3.t¯Ìdy,1472,2198655.0,,Souhlasn˝sesmÏrem˙seku,Pomal˝,544485.0,,GN_V0.1UIR-ADR_410,2
20106190063,2,154.0,2019-01-13,0,1800,1,2,0,2,1,0,501,0,0,0,50,2,3,1,1,6,1,1,1,0,0,0,3,2,0,,17,,XX,,,,,,,0,,,,"-735449,482","-1179045,908","-735449,482","-1179045,908","-735440,423","-1179053,732",äALMANOVICE,,,silnice2.t¯Ìdy,154,938128.0,,Souhlasn˝sesmÏrem˙seku,Pomal˝,544639.0,,GN_V0.1UIR-ADR_410,1
20106190064,6,,2019-01-11,5,2560,2,0,0,2,1,0,508,0,0,0,100,2,3,1,1,1,1,1,1,0,0,10,1,2,0,,17,,XX,,,,,,,0,,,,"-753767,967","-1166836,206","-753767,967","-1166836,206","-753762,843","-1166837,349",»eskÈBudÏjovice,SuchovrbenskÈn·m.,,mÌstnÌkomunikace,,1667067.0,,,Pomal˝,544256.0,75621.0,GN_V0.1UIR-ADR_410,1
20106190065,2,603.0,2019-01-14,1,1445,9,0,0,2,1,2,204,0,0,0,7000,2,6,1,5,3,1,1,1,0,0,0,1,1,0,,7,10.0,11,3.0,1.0,0.0,0.0,1.0,3.0,3000,3.0,1.0,1.0,,,"-741330,04","-1147690,891","-741329,304","-1147692,082",,,,silnice2.t¯Ìdy,603,3539877.0,,Souhlasn˝sesmÏrem˙seku,Pomal˝,535401.0,,GN_V0.1UIR-ADR_410,2
20106190066,6,,2019-01-14,1,2100,3,0,9,2,1,0,204,0,0,0,100,2,6,1,6,1,1,1,1,0,0,0,3,1,0,,17,,XX,,,,,,,0,,,,"-753122,62","-1166282,498","-753122,62","-1166282,498","-753116,1","-1166284,869",»eskÈBudÏjovice,HraniËnÌ,,mÌstnÌkomunikace,,2603825.0,,OpaËn˝kesmÏru˙seku,Pomal˝,544256.0,74217.0,GN_V0.1UIR-ADR_410,1
20106190067,6,,2019-01-15,2,842,3,0,9,2,1,2,504,0,0,0,200,2,1,1,1,1,1,1,1,0,0,10,1,1,0,,5,35.0,11,3.0,0.0,1.0,0.0,1.0,5.0,0,3.0,1.0,1.0,"-755291,486","-1166293,146","-755291,486","-1166293,146","-755286,157","-1166292,527",»eskÈBudÏjovice,Jeron˝mova,,mÌstnÌkomunikace,,3491864.0,,OpaËn˝kesmÏru˙seku,Pomal˝,544256.0,74560.0,GN_V0.1UIR-ADR_410,1
20106190068,6,,2019-01-15,2,1400,3,0,9,2,1,2,205,0,0,0,350,2,3,1,1,1,1,1,8,3,5,0,3,1,0,,5,39.0,01,3.0,1.0,1.0,0.0,1.0,5.0,150,3.0,1.0,1.0,"-756958,819","-1156762,105","-756961,514","-1156763,722","-756957,599","-1156763,281",Hlubok·nadVltavou,Hamry,,mÌstnÌkomunikace,10580a,3080126.0,,Souhlasn˝sesmÏrem˙seku,Pomal˝,544485.0,77976.0,GN_V0.1UIR-ADR_410,1
20106190069,3,14539.0,2019-01-15,2,1820,4,0,0,1,1,2,412,0,0,1,50,2,3,1,1,4,1,2,1,2,0,1,4,1,19,6.0,3,42.0,18,1.0,0.0,1.0,0.0,1.0,13.0,50,2.0,1.0,1.0,"-757192,929","-1164773,249","-757192,929","-1164773,249","-757189,732","-1164772,216",»eskÈBudÏjovice,Husovat¯.,,silnice3.t¯Ìdy,14539,644263.0,,Souhlasn˝sesmÏrem˙seku,Pomal˝,544256.0,74241.0,GN_V0.1UIR-ADR_410,1
20106190070,6,,2019-01-16,3,2560,2,0,0,2,1,0,508,0,0,0,50,2,1,1,1,1,1,1,1,0,0,0,1,2,0,,17,,XX,,,,,,,0,,,,"-756392,622","-1167179,166","-756392,622","-1167179,166","-756393,336","-1167185,525",»eskÈBudÏjovice,E.Pittera,,mÌstnÌkomunikace,,651788.0,,OpaËn˝kesmÏru˙seku,Pomal˝,544256.0,76236.0,GN_V0.1UIR-ADR_410,1
20106190071,6,,2019-01-16,3,1305,3,0,3,2,1,2,508,0,0,0,150,2,1,1,1,1,1,1,1,3,3,2,4,1,10,6.0,3,12.0,11,1.0,0.0,1.0,0.0,1.0,5.0,50,2.0,1.0,1.0,"-755005,827","-1166417,512","-755005,827","-1166417,512","-755005,605","-1166419,029",»eskÈBudÏjovice,éiûkovat¯.,,mÌstnÌkomunikace,,649595.0,,OpaËn˝kesmÏru˙seku,Pomal˝,544256.0,77275.0,GN_V0.1UIR-ADR_410,1
20106190072,6,,2019-01-16,3,2560,2,0,0,2,1,0,508,0,0,0,200,1,1,1,1,1,1,1,2,0,0,10,1,3,0,,3,31.0,16,1.0,0.0,1.0,0.0,1.0,5.0,100,3.0,1.0,1.0,,,"-761513,993","-1140930,17","-761516,524","-1140929,329",TemelÌn,,,mÌstnÌkomunikace,,1218574.0,,OpaËn˝kesmÏru˙seku,Pomal˝,545155.0,,GN_V0.1UIR-ADR_410,1
20106190073,6,,2019-01-16,3,1530,4,0,0,1,1,0,504,0,0,1,0,2,1,1,1,1,1,1,1,3,5,1,5,1,10,6.0,3,12.0,16,1.0,0.0,1.0,0.0,1.0,5.0,0,2.0,1.0,1.0,"-746138,732","-1182111,846","-746138,732","-1182111,846","-746137,662","-1182110,3",TrhovÈSviny,SÌdliötÏ,,mÌstnÌkomunikace,,1797738.0,,Souhlasn˝sesmÏrem˙seku,Pomal˝,545171.0,81353.0,GN_V0.1UIR-ADR_410,1
20106190074,6,,2019-01-17,4,1150,3,0,9,2,1,2,508,0,0,0,200,2,1,1,1,1,1,1,1,3,3,0,5,1,10,6.0,5,62.0,15,3.0,0.0,1.0,0.0,1.0,5.0,0,3.0,1.0,1.0,"-762395,538","-1154745,19","-762395,538","-1154745,19","-762394,854","-1154747,176",Zliv,T¯ÌdomÌ,,mÌstnÌkomunikace,,779154.0,,OpaËn˝kesmÏru˙seku,Pomal˝,545341.0,82937.0,GN_V0.1UIR-ADR_410,1
20106190075,2,603.0,2019-01-19,6,820,3,0,6,2,1,9,205,0,0,0,210,2,1,1,1,1,1,1,1,3,3,0,4,1,19,6.0,3,27.0,04,1.0,0.0,1.0,0.0,1.0,31.0,200,2.0,5.0,1.0,"-741685,261","-1147956,861","-741685,261","-1147956,861","-741692,48","-1147948,547",,,,silnice2.t¯Ìdy,603,3539875.0,,OpaËn˝kesmÏru˙seku,Pomal˝,535401.0,,GN_V0.1UIR-ADR_410,2
20106190076,6,,2019-01-18,5,2560,2,0,0,2,1,0,205,0,0,0,550,2,1,1,1,1,1,1,1,0,0,0,3,2,0,,3,13.0,,1.0,1.0,4.0,0.0,1.0,5.0,200,2.0,1.0,1.0,,,"-758359,787","-1164507,841","-758359,791","-1164507,759",»eskÈBudÏjovice,V.Volfa,,mÌstnÌkomunikace,,1667294.0,,OpaËn˝kesmÏru˙seku,Pomal˝,544256.0,74756.0,GN_V0.1UIR-ADR_410,1
20106190077,6,,2019-01-18,5,1600,2,0,0,2,1,0,508,0,0,0,300,2,1,1,1,1,1,1,1,3,3,0,1,2,0,,17,,XX,,,,,,,0,,,,,,"-755159,402","-1163050,035","-755156,987","-1163051,039",»eskÈBudÏjovice,Nemanick·,,mÌstnÌkomunikace,,639802.0,,OpaËn˝kesmÏru˙seku,Pomal˝,544256.0,75655.0,GN_V0.1UIR-ADR_410,1
20106190078,6,,2019-01-21,1,840,1,3,0,2,1,2,403,0,0,0,550,2,1,1,1,1,1,1,1,3,3,0,5,2,10,6.0,3,47.0,09,1.0,0.0,1.0,0.0,1.0,5.0,150,2.0,1.0,1.0,"-755749,025","-1164612,954","-755749,025","-1164612,954","-755748,635","-1164612,369",»eskÈBudÏjovice,»ÈËova,,mÌstnÌkomunikace,,726090.0,,Souhlasn˝sesmÏrem˙seku,Pomal˝,544256.0,73733.0,GN_V0.1UIR-ADR_410,1
20106190079,6,,2019-01-21,1,1515,7,3,0,2,1,2,414,0,0,0,1600,2,1,1,1,1,1,1,1,2,0,3,1,2,0,,3,29.0,06,1.0,0.0,1.0,1.0,1.0,5.0,500,2.0,1.0,1.0,"-734849,639","-1185188,239","-734849,639","-1185188,239","-734851,279","-1185186,789",,,,mÌstnÌkomunikace,,1635967.0,,Souhlasn˝sesmÏrem˙seku,Pomal˝,544868.0,,GN_V0.1UIR-ADR_410,2
20106190080,2,603.0,2019-01-21,1,1725,1,1,0,1,1,2,405,0,0,1,4000,2,1,1,1,6,1,1,1,3,3,0,5,2,19,2.0,5,35.0,15,9.0,0.0,1.0,0.0,1.0,32.0,2000,2.0,1.0,1.0,"-746911,995","-1152355,835","-746911,995","-1152355,835","-746907,234","-1152352,008",,,,silnice2.t¯Ìdy,603,611329.0,,Souhlasn˝sesmÏrem˙seku,Pomal˝,545121.0,,GN_V0.1UIR-ADR_410,2
20106190081,1,20.0,2019-01-21,1,1705,1,1,0,1,1,2,405,0,0,2,3000,2,1,1,1,2,1,2,1,3,3,0,5,2,19,2.0,3,39.0,02,1.0,0.0,1.0,1.0,1.0,32.0,1000,3.0,1.0,1.0,"-763352,457","-1158247,337","-763352,457","-1158247,337","-763349,81","-1158243,657",»EäNOVICE,,,silnice1.t¯Ìdy,20,626818.0,,Souhlasn˝sesmÏrem˙seku,Pomal˝,535991.0,,GN_V0.1UIR-ADR_410,1
20106190082,1,3.0,2019-01-22,2,1005,1,4,0,1,1,2,503,0,0,3,1800,2,1,1,1,1,1,4,1,2,0,0,5,2,19,6.0,5,19.0,11,3.0,0.0,1.0,0.0,1.0,13.0,800,3.0,1.0,1.0,"-756220,42","-1163879,584","-756216,647","-1163890,901","-756216,502","-1163890,484",»eskÈBudÏjovice,Strakonick·,,silnice1.t¯Ìdy,3,2810654.0,,Souhlasn˝sesmÏrem˙seku,Pomal˝,544256.0,75191.0,GN_V0.1UIR-ADR_410,1
20106190083,6,,2019-01-20,0,930,2,0,0,2,1,0,508,0,0,0,200,2,1,1,1,1,1,0,0,0,0,10,1,2,0,,3,44.0,18,3.0,0.0,1.0,0.0,1.0,5.0,100,2.0,1.0,1.0,,,"-756694,984","-1168859,119","-756694,992","-1168859,521",»eskÈBudÏjovice,Pl·nsk·,,mÌstnÌkomunikace,,3593725.0,,OpaËn˝kesmÏru˙seku,Pomal˝,544256.0,75914.0,GN_V0.1UIR-ADR_410,1
20106190084,6,,2019-01-22,2,2560,2,0,0,2,1,0,508,0,0,0,500,2,1,1,1,1,1,1,1,0,0,0,1,2,0,,17,,XX,,,,,,,0,,,,"-754701,062","-1164988,757","-754701,062","-1164988,757","-754701,157","-1164984,696",»eskÈBudÏjovice,Mikul·öezHusi,,mÌstnÌkomunikace,,3383075.0,,Souhlasn˝sesmÏrem˙seku,Pomal˝,544256.0,75400.0,GN_V0.1UIR-ADR_410,1
20106190085,3,12236.0,2019-01-22,2,1900,3,0,4,2,1,2,205,0,0,0,510,2,1,1,1,6,1,1,8,0,0,0,3,1,0,,3,47.0,07,1.0,0.0,1.0,0.0,1.0,3.0,500,2.0,1.0,1.0,"-766907,208","-1151250,969","-766907,208","-1151250,969","-766912,133","-1151251,947",,,,silnice3.t¯Ìdy,12236,3546149.0,,Souhlasn˝sesmÏrem˙seku,Pomal˝,551554.0,,GN_V0.1UIR-ADR_410,2
20106190086,6,,2019-01-23,3,1355,4,0,0,1,3,9,100,0,0,1,0,2,1,1,1,1,1,1,1,2,0,1,5,1,10,6.0,3,39.0,97,1.0,0.0,1.0,0.0,1.0,5.0,0,3.0,1.0,1.0,"-754838,787","-1166401,501","-754838,787","-1166401,501","-754845,68","-1166403,004",»eskÈBudÏjovice,N·draûnÌ,,mÌstnÌkomunikace,,3546707.0,,Souhlasn˝sesmÏrem˙seku,Pomal˝,544256.0,75582.0,GN_V0.1UIR-ADR_410,1
20106190087,1,20.0,2019-01-24,4,417,3,0,2,2,1,2,204,0,0,0,250,2,3,1,6,5,1,0,1,0,0,9,1,1,0,,3,38.0,97,1.0,1.0,1.0,0.0,1.0,3.0,50,2.0,1.0,1.0,"-764979,692","-1157126,027","-764979,692","-1157126,027","-764959,875","-1157098,235",,,,silnice1.t¯Ìdy,20,3546897.0,,Souhlasn˝sesmÏrem˙seku,Pomal˝,535991.0,,GN_V0.1UIR-ADR_410,2
20106190088,1,39.0,2019-01-24,4,440,3,0,4,2,1,2,204,0,0,0,600,2,5,1,4,6,1,1,1,3,3,0,3,1,0,,3,44.0,08,1.0,1.0,1.0,0.0,1.0,1.0,500,2.0,1.0,1.0,"-759826,109","-1175190,289","-759826,109","-1175190,289","-759826,68","-1175189,859",,,,silnice1.t¯Ìdy,3,665267.0,,OpaËn˝kesmÏru˙seku,Pomal˝,544663.0,,GN_V0.1UIR-ADR_410,2
20106190089,6,,2019-01-24,4,850,3,0,3,2,1,2,504,0,0,0,110,2,1,1,1,1,1,1,1,3,3,2,1,1,0,,3,35.0,13,3.0,0.0,1.0,0.0,1.0,5.0,100,3.0,1.0,1.0,"-756034,97","-1164331,783","-756034,97","-1164331,783","-756036,105","-1164334,507",»eskÈBudÏjovice,Pr˘bÏûn·,,mÌstnÌkomunikace,,3438947.0,,,Pomal˝,544256.0,76031.0,GN_V0.1UIR-ADR_410,1
20106190090,3,14610.0,2019-01-24,4,1140,3,0,1,1,1,2,204,0,0,1,200,2,6,1,6,1,1,1,1,0,0,0,1,1,0,,3,31.0,02,1.0,1.0,0.0,0.0,1.0,1.0,200,2.0,1.0,1.0,"-743210,899","-1166762,391","-743210,899","-1166762,391","-743214,29","-1166761,079",,,,silnice3.t¯Ìdy,14610,651767.0,,Souhlasn˝sesmÏrem˙seku,Pomal˝,544779.0,,GN_V0.1UIR-ADR_410,2
20106190091,1,20.0,2019-01-25,5,720,1,4,0,1,1,2,204,0,0,2,2500,2,3,1,5,2,1,1,1,0,5,0,1,3,0,,3,39.0,17,3.0,0.0,1.0,1.0,1.0,3.0,1000,2.0,1.0,1.0,"-760028,703","-1160575,694","-760028,703","-1160575,694","-760028,329","-1160573,655",Dasn˝,,,silnice1.t¯Ìdy,20,2546812.0,,Souhlasn˝sesmÏrem˙seku,Pomal˝,535249.0,,GN_V0.1UIR-ADR_410,1
20106190092,6,,2019-01-23,3,1418,3,0,3,2,1,0,502,0,0,0,50,2,1,1,1,1,1,1,1,0,0,0,3,1,0,,5,13.0,00,2.0,0.0,1.0,0.0,1.0,5.0,0,2.0,1.0,1.0,"-756441,636","-1167810,864","-756441,636","-1167810,864","-756442,932","-1167813,207",»eskÈBudÏjovice,B.NÏmcovÈ,,mÌstnÌkomunikace,,2811447.0,,Souhlasn˝sesmÏrem˙seku,Pomal˝,544256.0,73423.0,GN_V0.1UIR-ADR_410,1
20106190093,2,154.0,2019-01-25,5,2560,3,0,9,2,1,0,203,0,0,0,310,2,1,1,1,6,1,1,1,0,0,0,2,1,0,,3,9.0,10,3.0,0.0,0.0,0.0,1.0,1.0,200,9.0,,,"-740585,137","-1192254,401","-740579,745","-1192245,774","-740580,005","-1192246,615",HornÌStropnice,,,silnice2.t¯Ìdy,154,940896.0,,Souhlasn˝sesmÏrem˙seku,Pomal˝,544515.0,,GN_V0.1UIR-ADR_410,1
20106190094,6,,2019-01-26,6,20,2,0,0,2,1,9,505,0,0,0,300,2,1,1,1,4,1,1,1,0,0,0,1,2,0,,3,4.0,06,1.0,0.0,1.0,1.0,1.0,5.0,100,7.0,5.0,0.0,,,"-756252,794","-1167281,415","-756246,71","-1167282,118",»eskÈBudÏjovice,B.NÏmcovÈ,,mÌstnÌkomunikace,,3451336.0,,OpaËn˝kesmÏru˙seku,Pomal˝,544256.0,73423.0,GN_V0.1UIR-ADR_410,1
20106190095,2,145.0,2019-01-26,6,540,3,0,4,1,1,0,205,1,0,0,2210,2,1,1,1,6,1,1,8,0,0,0,3,1,0,,3,47.0,10,1.0,0.0,1.0,0.0,1.0,1.0,2000,2.0,1.0,1.0,"-764458,894","-1158421,252","-764458,894","-1158421,252","-764459,032","-1158417,214",,,,silnice2.t¯Ìdy,145,2203327.0,,OpaËn˝kesmÏru˙seku,Pomal˝,536059.0,,GN_V0.1UIR-ADR_410,2
20106190096,3,14323.0,2019-01-26,6,900,3,0,2,1,1,2,204,0,0,1,110,2,3,1,5,3,1,0,8,0,0,0,3,1,0,,3,12.0,01,1.0,1.0,1.0,0.0,1.0,1.0,100,2.0,1.0,1.0,"-761768,227","-1165239,128","-761768,227","-1165239,128","-761769,268","-1165238,168",,,,silnice3.t¯Ìdy,14323,3536923.0,,OpaËn˝kesmÏru˙seku,Pomal˝,551490.0,,GN_V0.1UIR-ADR_410,2
20106190097,3,12227.0,2019-01-26,6,950,3,0,1,1,1,2,204,0,0,1,1000,2,6,1,5,3,1,1,1,0,0,0,1,1,0,,5,44.0,13,3.0,1.0,1.0,0.0,1.0,1.0,1000,2.0,1.0,1.0,"-765051,329","-1150174,587","-765051,329","-1150174,587","-765045,385","-1150170,942",,,,silnice3.t¯Ìdy,12227,3546081.0,,Souhlasn˝sesmÏrem˙seku,Pomal˝,544361.0,,GN_V0.1UIR-ADR_410,2
20106190098,6,,2019-01-26,6,930,3,0,2,1,1,2,204,0,0,1,2200,2,6,1,5,3,1,1,8,0,0,0,3,1,0,,3,4.0,06,1.0,0.0,1.0,0.0,1.0,5.0,1500,2.0,1.0,1.0,"-753719,797","-1164734,608","-753719,797","-1164734,608","-753722,407","-1164748,163",»eskÈBudÏjovice,Trocnovsk·,,mÌstnÌkomunikace,,3383057.0,,OpaËn˝kesmÏru˙seku,Pomal˝,544256.0,76490.0,GN_V0.1UIR-ADR_410,1
20106190099,3,10579.0,2019-01-26,6,830,3,0,9,2,1,2,204,0,0,0,200,2,6,1,5,3,1,1,3,3,3,0,2,1,0,,3,12.0,03,1.0,1.0,1.0,0.0,1.0,1.0,100,2.0,1.0,1.0,"-759308,981","-1155863,665","-759308,981","-1155863,665","-759309,138","-1155863,833",Hlubok·nadVltavou,,,silnice3.t¯Ìdy,10579,3470170.0,,OpaËn˝kesmÏru˙seku,Pomal˝,544485.0,,GN_V0.1UIR-ADR_410,1
20106190100,1,3.0,2019-01-26,6,730,3,0,4,2,1,2,204,0,0,0,4000,2,6,1,5,2,1,1,3,0,0,5,3,1,0,,7,40.0,17,3.0,1.0,1.0,0.0,1.0,1.0,2000,3.0,1.0,1.0,,,"-746931,028","-1152241,604","-746930,499","-1152239,026",,,,silnice1.t¯Ìdy,3,1317339.0,,Souhlasn˝sesmÏrem˙seku,Pomal˝,535958.0,,GN_V0.1UIR-ADR_410,2
20106190101,6,,2019-01-26,6,1630,2,0,0,2,1,0,504,0,0,0,40,2,3,1,5,3,1,0,1,0,0,0,1,2,0,,3,47.0,11,1.0,0.0,1.0,0.0,1.0,5.0,20,3.0,0.0,1.0,"-763862,388","-1163762,573","-763862,388","-1163762,573","-763865,24","-1163767,717",DubnÈ,K¯enovice,,mÌstnÌkomunikace,,3538505.0,,OpaËn˝kesmÏru˙seku,Pomal˝,544442.0,,GN_V0.1UIR-ADR_410,1
20106190102,1,34.0,2019-01-26,6,1850,3,0,9,2,1,2,204,0,0,0,3200,2,8,1,4,6,1,3,8,0,0,0,2,1,0,,3,48.0,18,1.0,1.0,1.0,0.0,1.0,1.0,3000,2.0,1.0,1.0,"-749110,829","-1163136,038","-749110,829","-1163136,038","-749112,625","-1163138,295",,,,silnice1.t¯Ìdy,34,1320723.0,,Souhlasn˝sesmÏrem˙seku,Pomal˝,535826.0,,GN_V0.1UIR-ADR_410,2
20106190103,1,34.0,2019-01-27,0,1550,3,0,2,1,1,2,204,0,0,1,1000,2,3,1,1,1,1,1,1,3,3,0,7,1,19,6.0,3,31.0,05,1.0,1.0,1.0,0.0,1.0,13.0,500,2.0,1.0,1.0,"-753892,554","-1163649,357","-753892,554","-1163649,357","-753893,389","-1163653,773",»eskÈBudÏjovice,OkruûnÌ,,silnice1.t¯Ìdy,34,829084.0,,Souhlasn˝sesmÏrem˙seku,Pomal˝,544256.0,77356.0,GN_V0.1UIR-ADR_410,1
20106190104,6,,2019-01-27,0,1940,1,2,0,2,1,9,501,0,0,0,1600,2,3,1,1,4,1,1,1,2,0,0,4,2,10,6.0,3,13.0,04,1.0,0.0,1.0,0.0,1.0,5.0,500,2.0,5.0,1.0,,,"-755923,472","-1164202,318","-755922,923","-1164203,51",»eskÈBudÏjovice,PlzeÚsk·,,mÌstnÌkomunikace,,3318750.0,,Souhlasn˝sesmÏrem˙seku,Pomal˝,544256.0,75949.0,GN_V0.1UIR-ADR_410,1
20106190105,2,105.0,2019-01-28,1,530,3,0,1,2,1,2,204,0,0,0,1010,2,6,1,1,6,1,1,8,0,0,0,3,1,0,,5,26.0,03,3.0,1.0,1.0,0.0,1.0,3.0,1000,3.0,1.0,1.0,"-755720,114","-1136157,522","-755720,114","-1136157,522","-755715,261","-1136159,803",Cihelny,,,silnice2.t¯Ìdy,105,3230273.0,,Souhlasn˝sesmÏrem˙seku,Pomal˝,545201.0,,GN_V0.1UIR-ADR_410,1
20106190106,2,156.0,2019-01-28,1,755,3,0,9,1,1,2,204,0,0,2,600,2,3,1,1,1,1,1,1,3,3,0,5,1,19,6.0,3,39.0,10,1.0,0.0,1.0,0.0,1.0,13.0,500,2.0,1.0,1.0,"-750094,459","-1175400,635","-750091,029","-1175380,682","-750090,802","-1175380,273",Str·ûkovice,,,silnice2.t¯Ìdy,156,936932.0,,OpaËn˝kesmÏru˙seku,Pomal˝,545082.0,,GN_V0.1UIR-ADR_410,1