IDENTIFIKA»NÕ »ÕSLO,DRUH POZEMNÕ KOMUNIKACE,»ÕSLO POZEMNÕ KOMUNIKACE,"den, mÏsÌc, rok",,Ëas ,DRUH NEHODY,DRUH SR¡éKY JEDOUCÕCH VOZIDEL,DRUH PEVN… PÿEK¡éKY,CHARAKTER NEHODY,ZAVINÃNÕ NEHODY,ALKOHOL U VINÕKA NEHODY PÿÕTOMEN,HLAVNÕ PÿÕ»INY NEHODY,usmrceno osob,tÏûce zranÏno osob,lehce zranÏno osob,CELKOV¡ HMOTN¡ äKODA,DRUH POVRCHU VOZOVKY,STAV POVRCHU VOZOVKY V DOBÃ NEHODY,STAV KOMUNIKACE,POVÃTRNOSTNÕ PODMÕNKY V DOBÃ NEHODY,VIDITELNOST,ROZHLEDOV… POMÃRY,DÃLENÕ KOMUNIKACE,SITUOV¡NÕ NEHODY NA KOMUNIKACI,ÿÕZENÕ PROVOZU V DOBÃ NEHODY,MÕSTNÕ ⁄PRAVA PÿEDNOSTI V JÕZDÃ,SPECIFICK¡ MÕSTA A OBJEKTY V MÕSTÃ NEHODY,SMÃROV… POMÃRY,PO»ET Z⁄»ASTNÃN›CH VOZIDEL,MÕSTO DOPRAVNÕ NEHODY,DRUH KÿIéUJÕCÕ KOMUNIKACE,DRUH VOZIDLA,V›ROBNÕ ZNA»KA MOTOROV…HO VOZIDLA,ROK V›ROBY VOZIDLA,CHARAKTERISTIKA VOZIDLA ,SMYK,VOZIDLO PO NEHODÃ,"⁄NIK PROVOZNÕCH, PÿEPRAVOVAN›CH HMOT",ZPŸSOB VYPROäTÃNÕ OSOB Z VOZIDLA,SMÃR JÕZDY NEBO POSTAVENÕ VOZIDLA,äKODA NA VOZIDLE,KATEGORIE ÿIDI»E,STAV ÿIDI»E,VNÃJäÕ OVLIVNÃNÕ ÿIDI»E,nan.1,nan.2,nan.3,nan.4,nan.5,nan.6,nan.7,nan.8,nan.9,nan.10,nan.11,nan.12,nan.13,nan.14,nan.15,nan.16,nan.17,nan.18,LOKALITA NEHODY
20106190107,6,,2019-01-28,1,935,3,0,3,1,1,2,511,0,0,1,700,2,3,1,1,1,1,1,1,3,4,1,3,1,0,,3,17.0,12,1.0,0.0,0.0,0.0,1.0,5.0,500,3.0,6.0,1.0,"-755556,464","-1165953,93","-755556,464","-1165953,93","-755564,575","-1165947,568",»eskÈBudÏjovice,NaSadech,,mÌstnÌkomunikace,,1714454.0,,,Pomal˝,544256.0,75523.0,GN_V0.1UIR-ADR_410,1
20106190108,2,157.0,2019-01-28,1,1343,1,2,0,2,1,2,305,0,0,0,600,2,3,1,1,1,1,1,1,3,3,0,5,2,19,6.0,3,47.0,97,1.0,0.0,1.0,0.0,1.0,13.0,100,3.0,1.0,1.0,"-745595,187","-1182142,701","-745602,732","-1182141,084","-745602,934","-1182140,825",TrhovÈSviny,Husova,,silnice2.t¯Ìdy,157,3546046.0,,OpaËn˝kesmÏru˙seku,Pomal˝,545171.0,81108.0,GN_V0.1UIR-ADR_410,1
20106190109,6,,2019-01-29,2,705,4,0,0,1,1,2,412,0,0,1,0,2,3,1,1,2,1,1,1,3,3,1,5,1,10,6.0,3,39.0,12,1.0,0.0,1.0,0.0,1.0,5.0,0,2.0,1.0,1.0,"-755779,496","-1165628,07","-755779,496","-1165628,07","-755785,798","-1165630,009",»eskÈBudÏjovice,t¯.28.¯Ìjna,,mÌstnÌkomunikace,,3318882.0,,Souhlasn˝sesmÏrem˙seku,Pomal˝,544256.0,76503.0,GN_V0.1UIR-ADR_410,1
20106190110,6,,2019-01-29,2,2560,2,0,0,2,1,0,508,0,0,0,200,1,1,1,1,1,1,1,1,0,0,0,1,2,0,,17,,XX,,,,,,,0,,,,"-755631,493","-1166448,928","-755631,493","-1166448,928","-755630,35","-1166452,407",»eskÈBudÏjovice,Senov·ûnÈn·m.,,mÌstnÌkomunikace,,1667103.0,,Souhlasn˝sesmÏrem˙seku,Pomal˝,544256.0,75591.0,GN_V0.1UIR-ADR_410,1
20106190111,1,3.0,2019-01-30,3,1740,3,0,3,1,1,2,508,0,0,1,4010,2,1,1,1,6,1,1,1,0,0,0,1,2,0,,3,39.0,17,3.0,0.0,1.0,1.0,1.0,1.0,2000,3.0,1.0,1.0,"-744556,052","-1150967,156","-744556,052","-1150967,156","-744554,673","-1150969,426",,,,silnice1.t¯Ìdy,3,1317262.0,,Souhlasn˝sesmÏrem˙seku,Pomal˝,535435.0,,GN_V0.1UIR-ADR_410,2
20106190112,1,3.0,2019-01-31,4,10,1,4,0,2,1,4,503,0,0,0,3000,2,1,1,1,4,1,4,1,0,0,0,1,2,0,,3,39.0,11,1.0,0.0,1.0,1.0,1.0,1.0,1000,3.0,3.0,1.0,,,"-755305,786","-1164058,405","-755300,735","-1164061,972",»eskÈBudÏjovice,Praûsk·t¯.,,silnice1.t¯Ìdy,3,720444.0,,Souhlasn˝sesmÏrem˙seku,Pomal˝,544256.0,76538.0,GN_V0.1UIR-ADR_410,1
20106190113,1,34.0,2019-01-31,4,640,1,4,0,1,1,1,201,0,0,1,1150,2,1,1,1,6,1,1,1,0,0,10,1,3,0,,3,39.0,11,3.0,0.0,1.0,0.0,1.0,3.0,1000,2.0,4.0,1.0,"-747168,607","-1163530,529","-747168,607","-1163530,529","-747169,475","-1163527,841",,,,silnice1.t¯Ìdy,34,2209334.0,,Souhlasn˝sesmÏrem˙seku,Pomal˝,544779.0,,GN_V0.1UIR-ADR_410,2
20106190114,1,34.0,2019-01-31,4,640,1,3,0,1,1,2,203,0,0,1,2300,2,1,1,1,6,1,1,1,0,0,0,1,4,0,,3,47.0,05,1.0,0.0,1.0,1.0,1.0,1.0,500,2.0,1.0,1.0,"-747168,607","-1163530,529","-747168,607","-1163530,529","-747169,475","-1163527,841",,,,silnice1.t¯Ìdy,34,2209334.0,,Souhlasn˝sesmÏrem˙seku,Pomal˝,544779.0,,GN_V0.1UIR-ADR_410,2
20106190115,6,,2019-01-30,3,2560,2,0,0,2,1,0,508,0,0,0,10,2,1,1,1,1,1,1,1,0,0,10,1,2,0,,17,,XX,,,,,,,0,,,,"-756097,22","-1165218,062","-756097,22","-1165218,062","-756106,928","-1165216,217",»eskÈBudÏjovice,StaromÏstsk·,,mÌstnÌkomunikace,,3318830.0,,Souhlasn˝sesmÏrem˙seku,Pomal˝,544256.0,76309.0,GN_V0.1UIR-ADR_410,1
20106190116,0,3.0,2019-01-29,2,1600,3,0,4,2,1,0,201,0,0,0,1005,2,1,1,1,1,1,1,8,0,0,0,3,1,0,,3,13.0,18,3.0,0.0,0.0,0.0,1.0,1.0,1000,2.0,1.0,1.0,"-752173,358","-1162574,148","-752173,358","-1162574,148","-752173,358","-1162575,488",,,,d·lnice,D3,3528484.0,,Souhlasn˝sesmÏrem˙seku,Pomal˝,535494.0,,GN_V0.1UIR-ADR_410,2
20106190117,1,34.0,2019-01-31,4,1210,1,4,0,2,1,9,201,0,0,0,2300,2,1,1,1,1,1,1,1,3,4,0,2,4,0,,3,35.0,10,1.0,0.0,0.0,0.0,1.0,1.0,500,2.0,5.0,1.0,"-745414,714","-1162950,79","-745414,714","-1162950,79","-745413,398","-1162947,977",Liöov,t¯Ìda5.kvÏtna,,silnice1.t¯Ìdy,34,3560852.0,,Souhlasn˝sesmÏrem˙seku,Pomal˝,544779.0,79782.0,GN_V0.1UIR-ADR_410,1
20106190118,1,20.0,2019-01-31,4,1700,3,0,6,1,1,0,508,0,0,1,420,2,1,1,1,2,1,3,1,0,0,0,1,1,0,,3,32.0,02,1.0,0.0,1.0,0.0,1.0,1.0,400,2.0,1.0,1.0,"-757827,798","-1161360,936","-757827,798","-1161360,936","-757831,719","-1161363,676",,,,silnice1.t¯Ìdy,20,635072.0,,Souhlasn˝sesmÏrem˙seku,Pomal˝,544256.0,,GN_V0.1UIR-ADR_410,2
20206190001,2,154.0,2019-01-01,2,15,9,0,0,2,1,8,511,0,0,0,700,2,3,1,4,7,1,1,3,3,3,0,3,1,0,,3,39.0,04,1.0,1.0,0.0,0.0,1.0,1.0,700,2.0,5.0,1.0,"-757314,115","-1192350,626","-757314,115","-1192350,626","-757313,424","-1192348,325",Kaplice,,,silnice2.t¯Ìdy,154,3247897.0,,Souhlasn˝sesmÏrem˙seku,Pomal˝,545562.0,,GN_V0.1UIR-ADR_410,1
20206190002,6,,2019-01-01,2,358,3,0,9,2,1,0,511,0,0,0,450,2,3,1,4,7,1,1,3,0,0,0,3,1,0,,3,2.0,16,1.0,0.0,4.0,0.0,1.0,5.0,400,4.0,1.0,1.0,"-777588,989","-1202053,643","-777588,989","-1202053,643","-777592,266","-1202051,473",,,,mÌstnÌkomunikace,,942782.0,,OpaËn˝kesmÏru˙seku,Pomal˝,545601.0,,GN_V0.1UIR-ADR_410,2
20206190003,6,,2019-01-02,3,1415,2,0,0,2,1,2,508,0,0,0,300,2,6,1,1,1,1,1,1,0,0,10,1,2,0,,3,17.0,17,12.0,0.0,1.0,0.0,1.0,5.0,100,2.0,1.0,1.0,"-779094,472","-1200724,277","-779094,472","-1200724,277","-779095,933","-1200724,412",LipnonadVltavou,,,mÌstnÌkomunikace,,3517555.0,,,Pomal˝,545597.0,,GN_V0.1UIR-ADR_410,1
20206190004,2,163.0,2019-01-02,3,1755,3,0,3,2,1,2,204,0,0,0,100,2,6,1,1,4,1,1,1,3,3,2,7,1,19,6.0,3,47.0,01,1.0,1.0,1.0,0.0,1.0,41.0,50,2.0,1.0,1.0,"-779031,066","-1200662,74","-779021,642","-1200685,628","-779022,477","-1200686,147",LipnonadVltavou,,,silnice2.t¯Ìdy,163,942572.0,,Souhlasn˝sesmÏrem˙seku,Pomal˝,545597.0,,GN_V0.1UIR-ADR_410,1
20206190005,2,166.0,2019-01-03,4,648,9,0,0,2,1,0,501,0,0,0,10,2,1,1,1,6,1,1,3,3,3,0,1,1,0,,3,39.0,02,1.0,0.0,0.0,0.0,1.0,1.0,10,2.0,8.0,0.0,"-775824,108","-1177908,261","-775824,108","-1177908,261","-775822,805","-1177907,466",,,,silnice2.t¯Ìdy,166,2222835.0,,Souhlasn˝sesmÏrem˙seku,Pomal˝,545546.0,,GN_V0.1UIR-ADR_410,2
20206190006,1,3.0,2019-01-03,4,1536,1,1,0,1,1,2,402,0,0,2,1300,2,3,1,5,3,1,1,1,3,3,0,4,2,19,3.0,3,39.0,03,1.0,0.0,1.0,0.0,1.0,42.0,400,3.0,1.0,1.0,"-759323,354","-1182234,728","-759319,854","-1182203,763","-759320,186","-1182203,762",,,,silnice1.t¯Ìdy,3,3291046.0,,Souhlasn˝sesmÏrem˙seku,Pomal˝,545821.0,,GN_V0.1UIR-ADR_410,2
20206190007,1,3.0,2019-01-04,5,645,9,0,0,1,1,2,204,0,0,1,500,2,3,1,1,6,1,1,3,0,5,0,2,1,0,,3,13.0,07,1.0,1.0,0.0,0.0,1.0,3.0,500,2.0,1.0,1.0,"-760149,377","-1195697,085","-760149,377","-1195697,085","-760154,042","-1195691,893",,,,silnice1.t¯Ìdy,3,2232616.0,,OpaËn˝kesmÏru˙seku,Pomal˝,545449.0,,GN_V0.1UIR-ADR_410,2
20206190008,1,39.0,2019-01-01,2,2560,1,1,0,1,1,0,403,0,0,1,200,2,3,1,4,1,1,1,1,3,3,0,5,2,13,6.0,3,32.0,03,1.0,0.0,0.0,0.0,1.0,23.0,100,2.0,1.0,1.0,"-768504,63","-1181363,86","-768502,997","-1181365,489","-768502,89","-1181365,675",»esk˝Krumlov,BudÏjovick·,,silnice1.t¯Ìdy,39,2548300.0,,OpaËn˝kesmÏru˙seku,Pomal˝,545392.0,83330.0,GN_V0.1UIR-ADR_410,1
20206190009,1,3.0,2019-01-05,6,430,3,0,4,2,1,2,510,0,0,0,70,2,5,1,5,6,1,1,8,0,0,0,3,1,0,,7,48.0,,9.0,0.0,1.0,0.0,1.0,1.0,50,3.0,1.0,1.0,"-759630,522","-1185267,423","-759633,482","-1185262,309","-759632,633","-1185264,586",,,,silnice1.t¯Ìdy,3,2544387.0,,Souhlasn˝sesmÏrem˙seku,Pomal˝,545643.0,,GN_V0.1UIR-ADR_410,2
20206190010,3,15536.0,2019-01-06,0,555,3,0,9,2,1,2,204,0,0,0,600,2,6,1,5,7,1,1,3,0,0,0,2,1,0,,3,8.0,13,1.0,0.0,1.0,0.0,1.0,1.0,500,2.0,1.0,1.0,"-762506,837","-1181437,396","-762506,837","-1181437,396","-762506,931","-1181440,82",MojnÈ,,,silnice3.t¯Ìdy,15536,938465.0,,OpaËn˝kesmÏru˙seku,Pomal˝,598623.0,,GN_V0.1UIR-ADR_410,1
20206190011,2,157.0,2019-01-07,1,545,1,3,0,2,1,0,501,0,0,0,100,2,3,1,1,4,1,1,1,0,0,0,2,2,0,,17,,XX,,,,,,,0,,,,"-769353,593","-1182292,112","-769353,593","-1182292,112","-769345,462","-1182286,082",»esk˝Krumlov,ObjÌûÔkov·,,silnice2.t¯Ìdy,157,676465.0,,OpaËn˝kesmÏru˙seku,Pomal˝,545392.0,663280.0,GN_V0.1UIR-ADR_410,1
20206190012,6,,2019-01-04,5,2305,3,0,9,2,1,0,516,0,0,0,220,2,8,1,5,5,1,1,8,0,0,0,1,1,0,,3,35.0,02,1.0,1.0,1.0,0.0,1.0,5.0,200,2.0,1.0,1.0,"-758436,527","-1192367,227","-758436,527","-1192367,227","-758431,87","-1192365,445",Kaplice,Gen.Fanty,,mÌstnÌkomunikace,,2815471.0,,OpaËn˝kesmÏru˙seku,Pomal˝,545562.0,84921.0,GN_V0.1UIR-ADR_410,1
20206190013,6,,2019-01-07,1,900,3,0,9,2,1,0,504,0,0,0,750,2,3,1,3,2,1,1,8,0,0,0,3,1,0,,5,32.0,16,8.0,0.0,1.0,0.0,1.0,5.0,50,2.0,1.0,1.0,"-770408,904","-1183307,585","-770408,904","-1183307,585","-770408,814","-1183305,046",»esk˝Krumlov,UCihelny,,mÌstnÌkomunikace,,677912.0,,OpaËn˝kesmÏru˙seku,Pomal˝,545392.0,84280.0,GN_V0.1UIR-ADR_410,1
20206190014,2,163.0,2019-01-08,2,1420,9,0,0,1,1,2,204,0,0,1,300,2,8,1,5,3,1,1,8,0,0,8,3,1,0,,3,39.0,05,1.0,1.0,1.0,1.0,3.0,1.0,300,2.0,1.0,1.0,"-782381,209","-1200190,32","-782381,209","-1200190,32","-782380,472","-1200190,144",,,,silnice2.t¯Ìdy,163,2234484.0,,Souhlasn˝sesmÏrem˙seku,Pomal˝,545597.0,,GN_V0.1UIR-ADR_410,2
20206190015,6,,2019-01-12,6,1715,3,0,1,1,1,2,204,0,0,1,2000,2,6,1,6,4,1,1,0,0,0,0,1,1,0,,3,2.0,12,1.0,0.0,0.0,0.0,1.0,5.0,2000,2.0,1.0,1.0,"-771862,504","-1177233,609","-771836,927","-1177236,571","-771837,25","-1177236,985",,,,mÌstnÌkomunikace,,1308739.0,,,Pomal˝,545554.0,,GN_V0.1UIR-ADR_410,2
20206190016,6,,2019-01-13,0,2560,2,0,0,2,1,0,516,0,0,0,500,2,6,1,1,1,1,0,3,3,3,0,1,2,0,,17,,XX,,,,,,,0,,,,"-748443,08","-1194699,343","-748443,08","-1194699,343","-748442,984","-1194700,071",Beneöovnad»ernou,,,mÌstnÌkomunikace,,2850746.0,,Souhlasn˝sesmÏrem˙seku,Pomal˝,545406.0,,GN_V0.1UIR-ADR_410,1
20206190017,1,39.0,2019-01-15,2,350,9,0,0,1,1,0,203,0,1,0,7000,2,3,1,1,6,1,1,3,0,0,0,3,1,0,,3,39.0,17,3.0,0.0,0.0,0.0,1.0,3.0,7000,2.0,1.0,1.0,"-779810,114","-1185597,739","-779810,114","-1185597,739","-779810,037","-1185600,695",,,,silnice1.t¯Ìdy,39,3306849.0,,OpaËn˝kesmÏru˙seku,Pomal˝,545520.0,,GN_V0.1UIR-ADR_410,2
20206190018,6,,2019-01-04,5,2560,2,0,0,2,1,0,516,0,0,0,1000,2,6,1,7,3,1,1,8,0,0,0,1,2,0,,17,,XX,,,,,,,0,,,,"-779521,47","-1199463,584","-779515,277","-1199452,543","-779515,367","-1199452,546",LipnonadVltavou,,,mÌstnÌkomunikace,,1884206.0,,Souhlasn˝sesmÏrem˙seku,Pomal˝,545597.0,,GN_V0.1UIR-ADR_410,1
20206190019,6,,2019-01-15,2,2243,3,0,9,2,1,0,508,0,0,0,50,2,3,1,1,4,1,1,8,0,0,9,1,1,0,,7,26.0,18,3.0,0.0,1.0,0.0,1.0,5.0,0,3.0,1.0,1.0,"-758522,488","-1190986,922","-758519,525","-1190985,576","-758517,461","-1190985,726",,,,mÌstnÌkomunikace,,2544977.0,,Souhlasn˝sesmÏrem˙seku,Pomal˝,545562.0,84905.0,GN_V0.1UIR-ADR_410,2
20206190020,6,,2019-01-15,2,2200,2,0,0,2,1,0,508,0,0,0,50,2,1,1,1,4,1,1,1,0,0,10,1,2,0,,17,,XX,,,,,,,0,,,,"-769860,15","-1182096,411","-769860,15","-1182096,411","-769859,433","-1182098,503",»esk˝Krumlov,äpiË·k,,mÌstnÌkomunikace,,1448409.0,,,Pomal˝,545392.0,84204.0,GN_V0.1UIR-ADR_410,1
20206190021,6,,2019-01-10,4,2560,2,0,0,2,1,0,511,0,0,0,100,2,3,1,1,1,1,1,1,3,3,0,1,2,0,,3,25.0,05,1.0,0.0,0.0,0.0,1.0,5.0,50,3.0,1.0,1.0,"-758086,334","-1192141,153","-758081,757","-1192139,269","-758081,925","-1192139,127",Kaplice,,,mÌstnÌkomunikace,,2815713.0,,,Pomal˝,545562.0,,GN_V0.1UIR-ADR_410,1
20206190022,1,39.0,2019-01-17,4,1415,1,4,0,1,1,2,503,0,0,1,1300,2,1,1,1,1,1,1,1,3,3,0,5,3,13,3.0,3,39.0,99,1.0,0.0,1.0,0.0,1.0,31.0,300,2.0,1.0,1.0,"-762409,751","-1177612,26","-762409,751","-1177612,26","-762412,797","-1177609,189",,,,silnice1.t¯Ìdy,39,3291026.0,,OpaËn˝kesmÏru˙seku,Pomal˝,545473.0,,GN_V0.1UIR-ADR_410,2
20206190023,2,157.0,2019-01-18,5,330,3,0,4,2,1,2,201,0,0,0,600,2,6,2,1,6,1,1,3,0,0,0,3,1,0,,7,10.0,16,3.0,1.0,1.0,0.0,1.0,3.0,500,3.0,1.0,1.0,"-768147,109","-1183417,487","-768147,109","-1183417,487","-768145,813","-1183414,86",,,,silnice2.t¯Ìdy,157,1319218.0,,Souhlasn˝sesmÏrem˙seku,Pomal˝,545392.0,,GN_V0.1UIR-ADR_410,2
20206190024,6,,2019-01-18,5,2560,2,0,0,2,1,0,516,0,0,0,150,2,3,1,1,1,1,1,0,0,0,0,1,2,0,,17,,XX,,,,,,,0,,,,"-790807,901","-1184491,476","-790807,901","-1184491,476","-790791,731","-1184496,154",HornÌPlan·,KomenskÈho,,mÌstnÌkomunikace,,2816178.0,,OpaËn˝kesmÏru˙seku,Pomal˝,545511.0,84751.0,GN_V0.1UIR-ADR_410,1
20206190025,1,39.0,2019-01-19,6,625,3,0,2,2,1,2,508,0,0,0,600,2,5,1,1,4,1,1,1,0,0,0,3,1,0,,3,39.0,03,1.0,0.0,0.0,0.0,1.0,1.0,300,2.0,2.0,1.0,"-770643,371","-1181818,824","-770643,371","-1181818,824","-770643,861","-1181822,817",»esk˝Krumlov,Chvalöinsk·,,silnice1.t¯Ìdy,39,2544474.0,,Souhlasn˝sesmÏrem˙seku,Pomal˝,545392.0,83356.0,GN_V0.1UIR-ADR_410,1
20206190026,6,,2019-01-22,2,720,1,2,0,2,1,2,404,0,0,0,250,2,1,1,1,2,1,1,1,3,5,0,5,2,10,6.0,3,47.0,04,1.0,0.0,1.0,0.0,1.0,5.0,200,2.0,1.0,1.0,"-772119,544","-1186325,259","-772119,544","-1186325,259","-772117,956","-1186324,433",VÏt¯nÌ,LesnÌ,,mÌstnÌkomunikace,,2548656.0,,Souhlasn˝sesmÏrem˙seku,Pomal˝,545830.0,,GN_V0.1UIR-ADR_410,1
20206190027,6,,2019-01-10,4,1058,3,0,6,2,1,0,504,0,0,0,100,1,1,1,1,1,1,0,0,0,0,10,1,1,0,,5,19.0,09,3.0,0.0,1.0,0.0,1.0,5.0,0,3.0,1.0,1.0,"-783021,861","-1197055,565","-783021,861","-1197055,565",-783014,"-1197055,565",Frymburk,,,mÌstnÌkomunikace,,2604871.0,,OpaËn˝kesmÏru˙seku,Pomal˝,545481.0,,GN_V0.1UIR-ADR_410,1
20206190028,3,15610.0,2019-01-23,3,1245,1,4,0,2,1,2,504,0,0,0,620,2,3,1,1,1,1,1,1,3,3,0,1,2,0,,3,7.0,98,1.0,0.0,0.0,0.0,1.0,1.0,20,2.0,1.0,1.0,"-758868,629","-1182082,95","-758875,36","-1182083,219","-758875,907","-1182083,224",VeleöÌn,n·mÏstÌJ.V.Kamar˝ta,,silnice3.t¯Ìdy,15610,3460388.0,,OpaËn˝kesmÏru˙seku,Pomal˝,545821.0,85600.0,GN_V0.1UIR-ADR_410,1
20206190029,2,160.0,2019-01-23,3,1445,3,0,4,2,1,2,205,0,0,0,480,2,3,1,1,1,1,1,3,3,3,0,3,1,0,,3,39.0,09,1.0,1.0,0.0,1.0,1.0,3.0,450,2.0,1.0,1.0,"-770880,582","-1184576,739","-770878,158","-1184582,932","-770878,018","-1184582,947",,,,silnice2.t¯Ìdy,160,3080801.0,,OpaËn˝kesmÏru˙seku,Pomal˝,545392.0,83313.0,GN_V0.1UIR-ADR_410,2
20206190030,2,143.0,2019-01-25,5,810,3,0,6,1,1,2,204,0,0,1,2010,2,3,1,1,1,1,1,1,0,5,0,1,1,0,,3,39.0,12,1.0,1.0,0.0,0.0,1.0,3.0,2000,2.0,1.0,1.0,"-766376,901","-1171603,665","-766376,901","-1171603,665","-766376,315","-1171607,571",,,,silnice2.t¯Ìdy,143,1764727.0,,Souhlasn˝sesmÏrem˙seku,Pomal˝,545571.0,,GN_V0.1UIR-ADR_410,2
20206190031,6,,2019-01-28,1,615,2,0,0,2,1,6,204,0,0,0,1000,1,9,1,6,5,1,0,3,0,0,0,1,2,0,,5,26.0,11,3.0,1.0,1.0,0.0,1.0,5.0,0,3.0,4.0,1.0,"-769567,881","-1182692,878","-769567,881","-1182692,878","-769567,353","-1182693,108",»esk˝Krumlov,,,mÌstnÌkomunikace,,2815913.0,,OpaËn˝kesmÏru˙seku,Pomal˝,545392.0,,GN_V0.1UIR-ADR_410,1
20206190032,6,,2019-01-26,6,2560,2,0,0,2,1,0,516,0,0,0,200,2,3,1,1,1,1,1,1,0,0,10,1,2,0,,17,,XX,,,,,,,0,,,,"-769592,151","-1182271,887","-769619,886","-1182280,772","-769619,962","-1182281,034",»esk˝Krumlov,,,mÌstnÌkomunikace,,3318226.0,,Souhlasn˝sesmÏrem˙seku,Pomal˝,545392.0,,GN_V0.1UIR-ADR_410,1
20206190033,6,,2019-01-28,1,1515,3,0,9,2,1,0,508,0,0,0,2010,2,1,1,1,1,1,1,8,0,0,10,1,1,0,,3,26.0,17,3.0,0.0,1.0,0.0,1.0,5.0,2000,3.0,1.0,1.0,"-769020,559","-1182544,638","-769032,138","-1182548,138","-769032,969","-1182548,569",»esk˝Krumlov,NadNemocnicÌ,,mÌstnÌkomunikace,,2815923.0,,Souhlasn˝sesmÏrem˙seku,Pomal˝,545392.0,663361.0,GN_V0.1UIR-ADR_410,1
20206190034,6,,2019-01-29,2,2049,3,0,6,2,1,9,205,0,0,0,300,2,1,1,1,4,1,1,8,0,0,0,2,1,0,,3,47.0,97,1.0,1.0,0.0,1.0,1.0,5.0,100,2.0,5.0,1.0,"-758610,482","-1192495,456","-758610,482","-1192495,456","-758615,025","-1192487,81",Kaplice,Omlenick·,,mÌstnÌkomunikace,,2549053.0,,Souhlasn˝sesmÏrem˙seku,Pomal˝,545562.0,85081.0,GN_V0.1UIR-ADR_410,1
20206190035,2,166.0,2019-01-31,4,1420,1,4,0,2,1,2,305,0,0,0,900,2,1,1,1,1,1,1,1,0,0,0,1,2,0,,3,2.0,96,1.0,1.0,1.0,0.0,1.0,1.0,400,2.0,1.0,1.0,"-775324,354","-1178520,651","-775324,354","-1178520,651","-775319,968","-1178517,177",,,,silnice2.t¯Ìdy,166,2223358.0,,Souhlasn˝sesmÏrem˙seku,Pomal˝,545546.0,,GN_V0.1UIR-ADR_410,2
20306190001,2,408.0,2019-01-01,2,1800,6,0,0,2,4,0,100,0,0,0,150,2,3,1,4,6,1,1,1,0,0,0,1,1,0,,3,2.0,02,1.0,0.0,1.0,0.0,1.0,1.0,150,2.0,1.0,1.0,"-681541,103","-1166794,658","-681541,103","-1166794,658","-681540,971","-1166794,537",,,,silnice2.t¯Ìdy,408,2212995.0,,Souhlasn˝sesmÏrem˙seku,Pomal˝,546038.0,,GN_V0.1UIR-ADR_410,2
20306190002,2,128.0,2019-01-03,4,1245,3,0,1,1,1,2,204,0,0,2,200,2,6,1,5,3,1,1,8,0,0,0,1,1,0,,3,7.0,02,3.0,1.0,1.0,0.0,1.0,1.0,200,2.0,1.0,1.0,"-715847,122","-1149785,891","-715847,122","-1149785,891","-715849,787","-1149786,984",,,,silnice2.t¯Ìdy,128,606498.0,,OpaËn˝kesmÏru˙seku,Pomal˝,545881.0,,GN_V0.1UIR-ADR_410,2
20306190003,2,409.0,2019-01-04,5,1105,3,0,3,1,1,2,204,0,0,1,220,2,5,1,5,3,1,0,8,0,0,0,2,1,0,,3,42.0,02,1.0,1.0,1.0,0.0,1.0,1.0,200,2.0,1.0,1.0,"-685556,769","-1175302,163","-685556,769","-1175302,163","-685548,683","-1175297,256",,,,silnice2.t¯Ìdy,409,937057.0,,OpaËn˝kesmÏru˙seku,Pomal˝,546917.0,,GN_V0.1UIR-ADR_410,2
20306190004,3,14814.0,2019-01-03,4,1000,3,0,9,2,1,0,508,0,0,0,20,2,5,1,5,1,1,0,8,0,0,0,1,1,0,,17,,XX,,,,,,,0,,,,"-722615,003","-1158082,41","-722615,003","-1158082,41","-722602,797","-1158090,798",Plavsko,,,silnice3.t¯Ìdy,14814,3455121.0,,OpaËn˝kesmÏru˙seku,Pomal˝,509078.0,,GN_V0.1UIR-ADR_410,1
20306190005,1,24.0,2019-01-04,5,2000,9,0,0,2,1,9,508,0,0,0,400,2,8,1,5,7,1,1,8,0,0,0,2,1,0,,3,39.0,17,9.0,0.0,1.0,0.0,1.0,3.0,400,2.0,5.0,1.0,"-724044,495","-1185779,906","-724044,495","-1185779,906","-724037,062","-1185776,375",,,,silnice1.t¯Ìdy,24,2227392.0,,Souhlasn˝sesmÏrem˙seku,Pomal˝,562360.0,,GN_V0.1UIR-ADR_410,2
20306190006,1,23.0,2019-01-05,6,2105,3,0,3,2,1,9,508,0,0,0,600,2,8,1,4,5,1,1,6,3,3,2,4,1,19,6.0,3,17.0,03,1.0,0.0,1.0,0.0,1.0,31.0,500,3.0,5.0,1.0,"-715208,948","-1151445,862","-715208,948","-1151445,862","-715209,095","-1151447,532",JINDÿICHŸVHRADECII,Rezkova,,silnice1.t¯Ìdy,23,609281.0,,OpaËn˝kesmÏru˙seku,Pomal˝,545881.0,177377.0,GN_V0.1UIR-ADR_410,1