IDENTIFIKA»NÕ »ÕSLO,DRUH POZEMNÕ KOMUNIKACE,»ÕSLO POZEMNÕ KOMUNIKACE,"den, mÏsÌc, rok",,Ëas ,DRUH NEHODY,DRUH SR¡éKY JEDOUCÕCH VOZIDEL,DRUH PEVN… PÿEK¡éKY,CHARAKTER NEHODY,ZAVINÃNÕ NEHODY,ALKOHOL U VINÕKA NEHODY PÿÕTOMEN,HLAVNÕ PÿÕ»INY NEHODY,usmrceno osob,tÏûce zranÏno osob,lehce zranÏno osob,CELKOV¡ HMOTN¡ äKODA,DRUH POVRCHU VOZOVKY,STAV POVRCHU VOZOVKY V DOBÃ NEHODY,STAV KOMUNIKACE,POVÃTRNOSTNÕ PODMÕNKY V DOBÃ NEHODY,VIDITELNOST,ROZHLEDOV… POMÃRY,DÃLENÕ KOMUNIKACE,SITUOV¡NÕ NEHODY NA KOMUNIKACI,ÿÕZENÕ PROVOZU V DOBÃ NEHODY,MÕSTNÕ ⁄PRAVA PÿEDNOSTI V JÕZDÃ,SPECIFICK¡ MÕSTA A OBJEKTY V MÕSTÃ NEHODY,SMÃROV… POMÃRY,PO»ET Z⁄»ASTNÃN›CH VOZIDEL,MÕSTO DOPRAVNÕ NEHODY,DRUH KÿIéUJÕCÕ KOMUNIKACE,DRUH VOZIDLA,V›ROBNÕ ZNA»KA MOTOROV…HO VOZIDLA,ROK V›ROBY VOZIDLA,CHARAKTERISTIKA VOZIDLA ,SMYK,VOZIDLO PO NEHODÃ,"⁄NIK PROVOZNÕCH, PÿEPRAVOVAN›CH HMOT",ZPŸSOB VYPROäTÃNÕ OSOB Z VOZIDLA,SMÃR JÕZDY NEBO POSTAVENÕ VOZIDLA,äKODA NA VOZIDLE,KATEGORIE ÿIDI»E,STAV ÿIDI»E,VNÃJäÕ OVLIVNÃNÕ ÿIDI»E,nan.1,nan.2,nan.3,nan.4,nan.5,nan.6,nan.7,nan.8,nan.9,nan.10,nan.11,nan.12,nan.13,nan.14,nan.15,nan.16,nan.17,nan.18,LOKALITA NEHODY
20306190007,8,,2019-01-05,6,2560,2,0,0,2,1,0,508,0,0,0,200,2,8,1,1,1,1,1,1,0,0,0,1,2,0,,17,,XX,,,,,,,0,,,,"-714648,638","-1151679,125","-714648,638","-1151679,125","-714649,869","-1151677,096",JINDÿICHŸVHRADECII,SÌdliötÏUN·draûÌ,,mÌstnÌkomunikace,,737900.0,,OpaËn˝kesmÏru˙seku,Pomal˝,545881.0,,GN_V0.1UIR-ADR_410,1
20306190008,1,34.0,2019-01-06,0,1905,1,2,0,2,1,0,501,0,0,0,700,2,3,1,1,6,1,1,1,0,0,0,1,2,0,,3,47.0,97,1.0,0.0,3.0,0.0,1.0,3.0,200,3.0,1.0,1.0,"-723893,9","-1160011,08","-723893,9","-1160011,08","-723892,901","-1160007,894",,,,silnice1.t¯Ìdy,34,1766325.0,,Souhlasn˝sesmÏrem˙seku,Pomal˝,547221.0,,GN_V0.1UIR-ADR_410,2
20306190009,1,24.0,2019-01-07,1,645,3,0,4,2,1,2,204,0,0,0,450,2,3,1,1,6,1,1,8,0,0,0,2,1,0,,3,13.0,05,2.0,1.0,1.0,0.0,1.0,1.0,300,2.0,1.0,1.0,"-726246,368","-1182746,815","-726246,368","-1182746,815","-726247,125","-1182747,247",,,,silnice1.t¯Ìdy,24,2226031.0,,OpaËn˝kesmÏru˙seku,Pomal˝,547280.0,,GN_V0.1UIR-ADR_410,2
20306190010,6,,2019-01-04,5,2560,3,0,9,2,1,0,508,0,0,0,100,3,3,1,1,1,1,0,0,0,0,0,1,1,0,,17,,XX,,,,,,,0,,,,"-734530,705","-1165037,274","-734530,705","-1165037,274","-734536,164","-1165031,185",T¯eboÚ,Jir·skova,,mÌstnÌkomunikace,,1636995.0,,,Pomal˝,547336.0,180670.0,GN_V0.1UIR-ADR_410,1
20306190011,1,34.0,2019-01-07,1,1310,3,0,1,1,1,9,204,0,0,1,2000,2,3,1,1,1,1,1,8,0,0,0,2,1,0,,3,60.0,18,1.0,0.0,1.0,0.0,2.0,1.0,2000,2.0,5.0,1.0,"-715490,641","-1155521,235","-715490,641","-1155521,235","-715489,836","-1155521,134",,,,silnice1.t¯Ìdy,34,1320580.0,,OpaËn˝kesmÏru˙seku,Pomal˝,545881.0,,GN_V0.1UIR-ADR_410,2
20306190012,2,103.0,2019-01-08,2,840,9,0,0,1,1,2,510,0,0,1,7100,2,5,1,5,3,1,1,1,0,0,0,1,1,0,,7,62.0,15,3.0,0.0,1.0,0.0,1.0,1.0,5000,3.0,1.0,1.0,"-725084,385","-1190513,289","-725084,385","-1190513,289","-725082,425","-1190513,119",,,,silnice2.t¯Ìdy,103,2230177.0,,Souhlasn˝sesmÏrem˙seku,Pomal˝,562360.0,,GN_V0.1UIR-ADR_410,2
20306190013,3,15214.0,2019-01-09,3,825,1,1,0,1,1,2,204,0,0,1,700,2,6,1,5,1,1,1,1,3,3,0,4,2,19,6.0,3,13.0,09,1.0,0.0,0.0,0.0,1.0,31.0,500,2.0,1.0,1.0,"-680333,356","-1169449,676","-680342,46","-1169457,174","-680342,362","-1169457,17",OSTOJKOVICE,,,silnice3.t¯Ìdy,15214,934734.0,,OpaËn˝kesmÏru˙seku,Pomal˝,546038.0,,GN_V0.1UIR-ADR_410,1
20306190014,1,23.0,2019-01-10,4,1100,3,0,7,2,1,0,516,0,0,0,100,2,3,1,1,1,1,1,1,2,0,4,1,1,0,,5,47.0,13,3.0,0.0,1.0,0.0,1.0,1.0,0,9.0,,,"-729066,515","-1143600,805","-729066,515","-1143600,805","-729067,811","-1143603,019",,,,silnice1.t¯Ìdy,23,1257673.0,,OpaËn˝kesmÏru˙seku,Pomal˝,507695.0,,GN_V0.1UIR-ADR_410,2
20306190015,8,,2019-01-10,4,2560,2,0,0,2,1,0,508,0,0,0,50,2,3,1,5,1,1,0,1,0,0,10,1,2,0,,17,,XX,,,,,,,0,,,,"-714373,333","-1151833,57","-714373,333","-1151833,57","-714374,463","-1151835,55",JINDÿICHŸVHRADECII,Jaroöovsk·,,mÌstnÌkomunikace,,2893384.0,,OpaËn˝kesmÏru˙seku,Pomal˝,545881.0,,GN_V0.1UIR-ADR_410,1
20306190016,8,,2019-01-10,4,2560,3,0,2,2,1,0,508,0,0,0,150,2,3,1,1,4,1,1,6,0,0,8,1,2,0,,17,,XX,,,,,,,0,,,,"-713959,733","-1152980,983","-713959,733","-1152980,983","-713963,423","-1152972,404",JINDÿICHŸVHRADECIII,J·chymova,,mÌstnÌkomunikace,,737783.0,,Souhlasn˝sesmÏrem˙seku,Pomal˝,545881.0,177016.0,GN_V0.1UIR-ADR_410,1
20306190017,2,154.0,2019-01-11,5,705,4,0,0,1,1,2,412,0,1,0,50,2,5,1,6,4,1,1,1,3,3,1,4,1,19,6.0,3,39.0,00,1.0,0.0,1.0,0.0,1.0,13.0,50,2.0,1.0,1.0,"-734773,004","-1165438,017","-734791,748","-1165342,156","-734791,507","-1165342,124",T¯eboÚ,T·boritsk·,,silnice2.t¯Ìdy,154,646245.0,,Souhlasn˝sesmÏrem˙seku,Pomal˝,547336.0,180980.0,GN_V0.1UIR-ADR_410,1
20306190018,1,34.0,2019-01-11,5,905,9,0,0,2,1,6,204,0,0,0,600,2,3,1,1,1,1,1,1,0,0,0,3,1,0,,3,39.0,99,1.0,1.0,0.0,1.0,1.0,1.0,600,3.0,4.0,1.0,"-736437,126","-1165887,956","-736437,126","-1165887,956","-736436,032","-1165891,03",,,,silnice1.t¯Ìdy,34,648232.0,,Souhlasn˝sesmÏrem˙seku,Pomal˝,547336.0,,GN_V0.1UIR-ADR_410,2
20306190019,6,,2019-01-11,5,2560,2,0,0,2,1,0,508,0,0,0,100,2,3,1,1,2,1,1,1,0,0,0,1,2,0,,17,,XX,,,,,,,0,,,,"-723452,705","-1193477,663","-723452,705","-1193477,663","-723444,064","-1193484,177",»eskÈVelenice,HavlÌËkova,,mÌstnÌkomunikace,,3458821.0,,Souhlasn˝sesmÏrem˙seku,Pomal˝,546089.0,175340.0,GN_V0.1UIR-ADR_410,1
20306190020,1,23.0,2019-01-14,1,1400,3,0,9,1,1,2,204,0,0,1,200,2,8,1,5,1,1,1,8,0,0,0,3,1,0,,3,42.0,97,1.0,1.0,1.0,1.0,1.0,1.0,200,2.0,1.0,1.0,"-709653,227","-1148295,132","-709653,227","-1148295,132","-709654,714","-1148296,108",JaroöovnadNeû·rkou,,,silnice1.t¯Ìdy,23,603196.0,,OpaËn˝kesmÏru˙seku,Pomal˝,546500.0,,GN_V0.1UIR-ADR_410,1
20306190021,2,132.0,2019-01-14,1,1515,9,0,0,1,1,2,204,0,0,4,600,2,3,1,1,1,1,1,1,3,5,0,2,1,0,,3,60.0,09,1.0,1.0,1.0,0.0,1.0,3.0,600,2.0,1.0,1.0,"-709561,121","-1147695,322","-709561,121","-1147695,322","-709561,047","-1147692,868",,,,silnice2.t¯Ìdy,132,924834.0,,Souhlasn˝sesmÏrem˙seku,Pomal˝,546500.0,,GN_V0.1UIR-ADR_410,2
20306190022,2,408.0,2019-01-15,2,1020,1,1,0,1,1,2,204,0,0,1,1000,2,6,1,7,3,1,0,1,0,0,0,3,2,0,,3,55.0,99,1.0,1.0,1.0,1.0,1.0,1.0,200,2.0,1.0,1.0,"-685151,875","-1162315,599","-685151,875","-1162315,599","-685157,708","-1162314,841",,,,silnice2.t¯Ìdy,408,1593790.0,,OpaËn˝kesmÏru˙seku,Pomal˝,546127.0,,GN_V0.1UIR-ADR_410,2
20306190023,2,406.0,2019-01-15,2,1510,0,0,0,1,0,0,100,0,0,1,400,2,3,1,1,1,1,1,1,0,0,0,3,1,0,,3,39.0,00,1.0,0.0,1.0,0.0,1.0,1.0,400,2.0,1.0,0.0,"-683436,659","-1160345,741","-683436,659","-1160345,741","-683452,694","-1160339,985",,,,silnice2.t¯Ìdy,406,2205833.0,,OpaËn˝kesmÏru˙seku,Pomal˝,546127.0,,GN_V0.1UIR-ADR_410,2
20306190024,6,,2019-01-16,3,2560,9,0,0,2,1,0,204,0,0,0,300,2,6,1,1,6,1,0,8,0,0,0,1,1,0,,3,13.0,04,1.0,1.0,4.0,0.0,1.0,5.0,300,9.0,,,"-726695,854","-1154619,458","-726695,854","-1154619,458","-726694,837","-1154619,251",,,,mÌstnÌkomunikace,,2199487.0,,OpaËn˝kesmÏru˙seku,Pomal˝,546291.0,,GN_V0.1UIR-ADR_410,2
20306190025,6,,2019-01-16,3,639,4,0,0,1,1,2,412,0,0,1,30,2,3,1,1,4,1,1,1,2,0,1,4,1,10,6.0,3,35.0,12,3.0,0.0,1.0,0.0,1.0,5.0,0,2.0,1.0,1.0,"-715003,853","-1151938,992","-715003,853","-1151938,992","-715003,263","-1151936,087",JINDÿICHŸVHRADECII,Mi¯iovskÈho,,mÌstnÌkomunikace,,610211.0,,OpaËn˝kesmÏru˙seku,Pomal˝,545881.0,177156.0,GN_V0.1UIR-ADR_410,1
20306190026,1,34.0,2019-01-17,4,625,3,0,1,1,1,2,205,0,0,1,500,2,1,1,1,6,1,1,8,0,0,0,2,1,0,,3,31.0,05,1.0,1.0,1.0,1.0,1.0,1.0,500,3.0,1.0,1.0,"-717470,225","-1158816,237","-717470,225","-1158816,237","-717476,218","-1158813,168",,,,silnice1.t¯Ìdy,34,2203920.0,,OpaËn˝kesmÏru˙seku,Pomal˝,562602.0,,GN_V0.1UIR-ADR_410,2
20306190027,2,152.0,2019-01-18,5,545,9,0,0,2,1,2,508,0,0,0,800,2,1,1,1,6,1,1,8,0,0,0,2,1,0,,7,48.0,08,3.0,0.0,1.0,0.0,1.0,3.0,300,3.0,1.0,1.0,"-682306,424","-1171012,288","-682306,424","-1171012,288","-682308,79","-1171005,748",,,,silnice2.t¯Ìdy,152,2216908.0,,Souhlasn˝sesmÏrem˙seku,Pomal˝,562726.0,,GN_V0.1UIR-ADR_410,2
20306190028,2,152.0,2019-01-18,5,1325,1,3,0,1,1,2,403,0,0,2,1500,2,3,1,5,1,1,0,1,3,3,7,4,2,19,3.0,3,35.0,99,1.0,0.0,0.0,0.0,1.0,42.0,300,2.0,1.0,1.0,"-679794,359","-1171008,508","-679793,824","-1171009,043","-679794,072","-1171010,731",,,,silnice2.t¯Ìdy,152,1320852.0,,OpaËn˝kesmÏru˙seku,Pomal˝,546038.0,,GN_V0.1UIR-ADR_410,2
20306190029,1,23.0,2019-01-19,6,2560,2,0,0,2,1,0,205,0,0,0,200,2,3,1,1,4,1,1,8,0,0,10,3,2,0,,17,,XX,,,,,,,0,,,,"-725290,183","-1146728,514","-725290,183","-1146728,514","-725285,638","-1146722,996",KardaöovaÿeËice,JablonskÈhot¯.,,silnice1.t¯Ìdy,23,3516866.0,,Souhlasn˝sesmÏrem˙seku,Pomal˝,546542.0,177903.0,GN_V0.1UIR-ADR_410,1
20306190030,1,34.0,2019-01-20,0,15,9,0,0,2,1,9,203,0,0,0,500,2,3,1,1,6,1,1,8,0,0,0,2,1,0,,3,31.0,03,1.0,1.0,1.0,0.0,1.0,1.0,500,3.0,5.0,1.0,"-737849,169","-1165875,382","-737849,169","-1165875,382","-737851,684","-1165895,874",,,,silnice1.t¯Ìdy,34,1420631.0,,OpaËn˝kesmÏru˙seku,Pomal˝,547336.0,,GN_V0.1UIR-ADR_410,2
20306190031,2,152.0,2019-01-21,1,715,1,3,0,2,1,1,516,0,0,0,1000,2,1,1,1,2,1,1,1,3,3,0,5,2,19,6.0,3,13.0,98,1.0,0.0,1.0,0.0,1.0,12.0,200,3.0,4.0,1.0,"-699917,315","-1170135,412","-699928,026","-1170150,407","-699927,747","-1170149,981",PODLESÕ,,,silnice2.t¯Ìdy,152,944083.0,,OpaËn˝kesmÏru˙seku,Pomal˝,547212.0,,GN_V0.1UIR-ADR_410,1
20306190032,1,24.0,2019-01-22,2,1620,1,1,0,1,1,2,405,0,0,1,1300,2,1,1,1,1,1,2,1,3,3,0,5,2,19,6.0,3,13.0,09,1.0,0.0,1.0,1.0,1.0,13.0,400,3.0,1.0,1.0,"-732421,21","-1165183,278","-732419,068","-1165176,851","-732418,878","-1165176,688",,,,silnice1.t¯Ìdy,24,743401.0,,Souhlasn˝sesmÏrem˙seku,Pomal˝,547336.0,,GN_V0.1UIR-ADR_410,2
20306190033,6,,2019-01-23,3,1137,2,0,0,2,1,0,504,0,0,0,20,1,1,1,1,1,1,1,1,0,0,10,1,2,0,,3,35.0,09,1.0,0.0,1.0,0.0,1.0,5.0,10,9.0,,,"-714945,392","-1152315,193","-714984,486","-1152338,221","-714985,02","-1152344,486",Jind¯ich˘vHradec,Masarykovon·mÏstÌ,,mÌstnÌkomunikace,,611306.0,,,Pomal˝,545881.0,177261.0,GN_V0.1UIR-ADR_410,1
20306190034,1,34.0,2019-01-26,6,1450,3,0,1,1,1,2,204,0,0,1,400,2,5,1,5,1,1,1,8,0,0,0,1,1,0,,3,39.0,12,2.0,1.0,1.0,0.0,1.0,3.0,400,2.0,1.0,1.0,"-715501,31","-1155398,061","-715501,31","-1155398,061","-715505,131","-1155398,538",,,,silnice1.t¯Ìdy,34,1320580.0,,Souhlasn˝sesmÏrem˙seku,Pomal˝,545881.0,,GN_V0.1UIR-ADR_410,2
20306190035,6,,2019-01-26,6,1615,3,0,6,2,1,0,204,0,0,0,100,2,8,1,5,1,1,1,8,3,3,0,5,1,10,6.0,17,,XX,,,,,,,0,,,,"-713978,197","-1152391,306","-713978,197","-1152391,306","-713980,954","-1152384,41",JINDÿICHŸVHRADECII,Denisova,,mÌstnÌkomunikace,,611519.0,,OpaËn˝kesmÏru˙seku,Pomal˝,545881.0,176877.0,GN_V0.1UIR-ADR_410,1
20306190036,1,24.0,2019-01-26,6,1905,1,2,0,1,1,2,204,0,0,1,450,2,8,1,1,6,1,1,1,0,0,0,1,2,0,,3,39.0,02,1.0,1.0,1.0,0.0,1.0,1.0,150,2.0,1.0,1.0,"-726544,363","-1181365,423","-726544,363","-1181365,423","-726542,506","-1181365,089",,,,silnice1.t¯Ìdy,24,2225152.0,,Souhlasn˝sesmÏrem˙seku,Pomal˝,547280.0,,GN_V0.1UIR-ADR_410,2
20306190037,8,,2019-01-28,1,605,2,0,0,2,1,2,504,0,0,0,100,2,8,1,1,4,1,1,0,0,0,0,1,2,0,,3,39.0,99,1.0,0.0,3.0,0.0,1.0,5.0,20,3.0,1.0,1.0,"-726544,363","-1181365,423","-726482,23","-1181356,317",,,SUCHDOLNADLUéNICÕ,Praûsk·,,,,,,,,,,GN_V0.1UIR-ADR_410,1
20306190038,6,,2019-01-26,6,2200,3,0,9,2,1,0,204,0,0,0,150,1,5,1,1,4,1,0,8,0,0,0,1,1,0,,3,38.0,00,1.0,1.0,3.0,0.0,1.0,5.0,100,2.0,1.0,1.0,"-703701,259","-1153837,04","-703701,259","-1153837,04","-703703,269","-1153826,136",St¯Ìûovice,,,mÌstnÌkomunikace,,1219306.0,,Souhlasn˝sesmÏrem˙seku,Pomal˝,508152.0,,GN_V0.1UIR-ADR_410,1
20306190039,7,,2019-01-28,1,1715,3,0,9,2,1,0,508,0,0,0,500,2,3,1,1,2,1,0,1,0,0,9,1,1,0,,17,,XX,,,,,,,0,,,,"-714035,65","-1153645,685","-714035,65","-1153645,685","-714035,621","-1153645,785",JINDÿICHŸVHRADECIII,ÿeËiËka,,mÌstnÌkomunikace,,737658.0,,Souhlasn˝sesmÏrem˙seku,Pomal˝,545881.0,,GN_V0.1UIR-ADR_410,1
20306190040,6,,2019-01-29,2,2560,2,0,0,2,1,0,508,0,0,0,100,2,1,1,1,1,1,1,1,0,0,0,1,2,0,,17,,XX,,,,,,,0,,,,"-734280,32","-1165609,32","-734280,32","-1165609,32","-734285,578","-1165628,389",T¯eboÚ,Nasadech,,mÌstnÌkomunikace,,647019.0,,OpaËn˝kesmÏru˙seku,Pomal˝,547336.0,180581.0,GN_V0.1UIR-ADR_410,1
20306190041,6,,2019-01-31,4,2560,3,0,6,2,1,0,508,0,0,0,100,2,6,1,1,1,1,0,8,0,0,0,3,1,0,,17,,XX,,,,,,,0,,,,"-706542,043","-1157326,217","-706542,043","-1157326,217","-706544,721","-1157322,988",»lunek,,,mÌstnÌkomunikace,,929327.0,,Souhlasn˝sesmÏrem˙seku,Pomal˝,561703.0,,GN_V0.1UIR-ADR_410,1
20506190001,1,29.0,2019-01-02,3,1225,4,0,0,1,1,2,412,0,0,1,50,2,3,1,1,1,1,1,1,0,0,1,1,1,0,,3,39.0,98,1.0,0.0,1.0,0.0,1.0,3.0,50,2.0,1.0,2.0,"-773320,737","-1126116,155","-773320,737","-1126116,155","-773322,599","-1126115,997",PÌsek,Zborovsk·,,silnice1.t¯Ìdy,29,546552.0,,OpaËn˝kesmÏru˙seku,Pomal˝,549240.0,385387.0,GN_V0.1UIR-ADR_410,1
20506190002,1,29.0,2019-01-02,3,1555,1,3,0,1,1,2,204,0,0,1,1000,2,6,1,5,1,1,1,1,0,0,0,2,2,0,,3,39.0,06,1.0,1.0,1.0,0.0,1.0,1.0,300,2.0,1.0,1.0,"-761831,319","-1121956,669","-761831,319","-1121956,669","-761833,821","-1121962,298",PodolÌI,,,silnice1.t¯Ìdy,29,1257962.0,,Souhlasn˝sesmÏrem˙seku,Pomal˝,549754.0,,GN_V0.1UIR-ADR_410,1
20506190003,2,105.0,2019-01-02,3,1600,9,0,0,1,1,2,205,0,0,2,400,2,3,1,1,1,1,1,3,0,0,0,3,1,0,,3,13.0,01,1.0,1.0,1.0,0.0,1.0,1.0,400,2.0,1.0,1.0,"-755706,23","-1106236,486","-755706,23","-1106236,486","-755704,942","-1106236,344",,,,silnice2.t¯Ìdy,105,1319884.0,,Souhlasn˝sesmÏrem˙seku,Pomal˝,549452.0,,GN_V0.1UIR-ADR_410,2
20506190004,2,139.0,2019-01-02,3,1530,2,0,0,1,1,0,516,0,0,1,0,2,6,1,5,1,1,1,1,0,0,10,1,2,0,,17,,XX,,,,,,,0,,,,,,"-774762,024","-1125769,8","-774761,465","-1125769,89",PÕSEK-PRAéSK…PÿEDMÃSTÕ,Praûsk·,,silnice2.t¯Ìdy,139,3322602.0,,Souhlasn˝sesmÏrem˙seku,Pomal˝,549240.0,384739.0,GN_V0.1UIR-ADR_410,1
20506190005,2,105.0,2019-01-06,0,430,4,0,0,1,1,9,412,0,0,1,10,2,3,1,4,5,1,1,1,0,0,1,1,1,0,,3,39.0,95,1.0,0.0,0.0,0.0,1.0,3.0,10,7.0,5.0,1.0,"-756793,281","-1112449,132","-756793,281","-1112449,132","-756792,629","-1112449,733",Milevsko,Riegrova,,silnice2.t¯Ìdy,105,1451632.0,,OpaËn˝kesmÏru˙seku,Pomal˝,549576.0,383295.0,GN_V0.1UIR-ADR_410,1
20506190006,6,,2019-01-04,5,2560,2,0,0,2,1,0,508,0,0,0,50,2,3,1,1,1,1,0,0,0,0,10,1,2,0,,17,,XX,,,,,,,0,,,,"-774280,858","-1126160,396","-774271,754","-1126130,407","-774271,373","-1126129,049",PÌsek,VelkÈn·mÏstÌ,,mÌstnÌkomunikace,,545856.0,,,Pomal˝,549240.0,385271.0,GN_V0.1UIR-ADR_410,1
20506190007,6,,2019-01-07,1,2560,2,0,0,2,1,0,516,0,0,0,100,2,3,1,1,1,1,1,8,0,0,10,1,2,0,,17,,XX,,,,,,,0,,,,"-774853,352","-1125174,498","-774853,352","-1125174,498","-774847,985","-1125175,094",PÌsek,NaStÌnadlech,,mÌstnÌkomunikace,,2820249.0,,,Pomal˝,549240.0,384534.0,GN_V0.1UIR-ADR_410,1
20506190008,1,20.0,2019-01-07,1,1553,1,3,0,2,1,2,204,0,0,0,1820,2,3,1,1,1,1,1,1,0,0,0,3,2,0,,3,32.0,18,1.0,1.0,1.0,0.0,1.0,3.0,500,2.0,1.0,1.0,,,"-774959,7","-1125877,615","-774959,435","-1125877,973",PÌsek,,,silnice1.t¯Ìdy,20,1557105.0,,Souhlasn˝sesmÏrem˙seku,Pomal˝,549240.0,,GN_V0.1UIR-ADR_410,1
20506190009,8,,2019-01-08,2,710,3,0,6,2,1,2,516,0,0,0,200,2,3,1,4,5,1,0,0,0,0,0,1,1,0,,3,39.0,09,12.0,0.0,0.0,0.0,1.0,5.0,200,2.0,1.0,1.0,"-774675,278","-1125974,246","-774675,278","-1125974,246","-774657,374","-1125975,354",PÕSEK-PRAéSK…PÿEDMÃSTÕ,NaV˝staviöti,,mÌstnÌkomunikace,,1636472.0,,,Pomal˝,549240.0,,GN_V0.1UIR-ADR_410,1
20506190010,8,,2019-01-07,1,210,2,0,0,2,1,0,504,0,0,0,300,2,3,1,1,4,1,0,1,0,0,0,1,2,0,,17,,XX,,,,,,,0,,,,"-779155,742","-1102133,619","-779155,742","-1102133,619","-779157,51","-1102151,583",Mirovice,PodKostelem,,mÌstnÌkomunikace,,465995.0,,OpaËn˝kesmÏru˙seku,Pomal˝,549592.0,383643.0,GN_V0.1UIR-ADR_410,1
20506190011,2,105.0,2019-01-09,3,2560,2,0,0,2,1,0,516,0,0,0,600,2,6,1,5,5,1,1,3,0,0,0,1,2,0,,17,,XX,,,,,,,0,,,,"-757787,681","-1119055,468","-757787,681","-1119055,468","-757793,929","-1119047,614",VeselÌËko,,,silnice2.t¯Ìdy,105,1657384.0,,OpaËn˝kesmÏru˙seku,Pomal˝,549975.0,,GN_V0.1UIR-ADR_410,1
20506190012,3,1415.0,2019-01-10,4,800,3,0,9,2,1,2,510,0,0,0,3520,2,8,1,5,3,1,1,3,0,0,0,1,1,0,,5,19.0,15,3.0,0.0,0.0,0.0,1.0,3.0,3010,3.0,1.0,1.0,"-769295,673","-1139455,89","-769295,673","-1139455,89","-769297,141","-1139460,01",,,,silnice3.t¯Ìdy,1415,2162317.0,,OpaËn˝kesmÏru˙seku,Pomal˝,549771.0,,GN_V0.1UIR-ADR_410,2
20506190013,6,,2019-01-10,4,740,3,0,2,2,1,2,204,0,0,0,250,2,6,1,6,2,1,1,3,0,0,0,1,1,0,,3,2.0,99,1.0,1.0,1.0,0.0,1.0,5.0,200,2.0,1.0,1.0,"-775254,406","-1126446,538","-775254,406","-1126446,538","-775249,468","-1126447,498",PÌsek,UVod·rny,,mÌstnÌkomunikace,,547741.0,,OpaËn˝kesmÏru˙seku,Pomal˝,549240.0,,GN_V0.1UIR-ADR_410,1
20506190014,6,,2019-01-10,4,2560,2,0,0,2,1,0,516,0,0,0,100,2,6,1,1,1,1,0,8,0,0,10,1,2,0,,17,,XX,,,,,,,0,,,,"-774935,732","-1126063,33","-774935,732","-1126063,33","-774939,208","-1126062,927",PÌsek,NaV˝staviöti,,mÌstnÌkomunikace,,3322631.0,,Souhlasn˝sesmÏrem˙seku,Pomal˝,549240.0,,GN_V0.1UIR-ADR_410,1
20506190015,3,10549.0,2019-01-03,4,2560,6,0,0,2,4,0,100,0,0,0,300,2,8,1,5,7,0,1,3,0,0,0,1,1,0,,3,39.0,11,3.0,1.0,1.0,0.0,1.0,3.0,150,2.0,1.0,0.0,,,,,,,,,,,,,,,,,,,2
20506190016,1,4.0,2019-01-13,0,700,3,0,4,1,1,2,204,0,0,1,850,2,6,1,1,6,1,1,8,0,0,0,3,1,0,,3,13.0,15,1.0,1.0,1.0,1.0,1.0,3.0,700,2.0,1.0,1.0,"-780293,094","-1120297,038","-780293,094","-1120297,038","-780306,027","-1120292,559",,,,silnice1.t¯Ìdy,4,1597922.0,,Souhlasn˝sesmÏrem˙seku,Pomal˝,509621.0,,GN_V0.1UIR-ADR_410,2
20506190017,2,159.0,2019-01-13,0,800,3,0,1,2,1,8,204,0,0,0,600,2,6,1,1,1,1,1,8,0,0,0,2,1,0,,3,13.0,01,1.0,1.0,1.0,0.0,1.0,1.0,600,3.0,5.0,1.0,"-765465,317","-1133610,029","-765465,317","-1133610,029","-765456,158","-1133621,97",,,,silnice2.t¯Ìdy,159,2161813.0,,Souhlasn˝sesmÏrem˙seku,Pomal˝,562254.0,,GN_V0.1UIR-ADR_410,2
20506190018,6,,2019-01-13,0,2560,2,0,0,2,1,0,516,0,0,0,200,2,3,1,4,1,1,0,0,0,0,10,1,2,0,,17,,XX,,,,,,,0,,,,"-774802,455","-1127118,002","-774802,455","-1127118,002","-774801,874","-1127117,543",PÌsek,,,mÌstnÌkomunikace,,3288210.0,,OpaËn˝kesmÏru˙seku,Pomal˝,549240.0,,GN_V0.1UIR-ADR_410,1
20506190019,3,1415.0,2019-01-14,1,2560,3,0,6,2,1,0,204,0,0,0,10,2,8,1,1,1,1,1,6,0,0,0,2,1,0,,17,,XX,,,,,,,0,,,,,,"-770721,812","-1139098,331","-770721,958","-1139098,401",ProtivÌn,Blanick·,,silnice3.t¯Ìdy,1415,583209.0,,OpaËn˝kesmÏru˙seku,Pomal˝,549771.0,385611.0,GN_V0.1UIR-ADR_410,1
20506190020,2,140.0,2019-01-15,2,1405,4,0,0,1,1,2,412,0,1,0,100,2,3,1,1,1,1,1,1,0,0,1,1,1,0,,3,39.0,01,1.0,0.0,1.0,0.0,1.0,1.0,100,2.0,1.0,1.0,"-774624,156","-1127059,077","-774624,156","-1127059,077","-774624,015","-1127058,942",PÕSEK-BUDÃJOVICK…PÿEDMÃSTÕ,N·draûnÌ,,mÌstnÌkomunikace,,2820603.0,,,Pomal˝,549240.0,,GN_V0.1UIR-ADR_410,1
20506190021,6,,2019-01-16,3,2560,3,0,9,2,1,0,504,0,0,0,500,6,4,1,1,1,1,0,3,0,0,0,1,1,0,,17,,XX,,,,,,,0,,,,"-759403,167","-1111459,466","-759403,167","-1111459,466","-759404,5","-1111458,077",ZbelÌtov,,,mÌstnÌkomunikace,,2162397.0,,Souhlasn˝sesmÏrem˙seku,Pomal˝,550035.0,,GN_V0.1UIR-ADR_410,1