IDENTIFIKA»NÕ »ÕSLO,DRUH POZEMNÕ KOMUNIKACE,»ÕSLO POZEMNÕ KOMUNIKACE,"den, mÏsÌc, rok",,Ëas ,DRUH NEHODY,DRUH SR¡éKY JEDOUCÕCH VOZIDEL,DRUH PEVN… PÿEK¡éKY,CHARAKTER NEHODY,ZAVINÃNÕ NEHODY,ALKOHOL U VINÕKA NEHODY PÿÕTOMEN,HLAVNÕ PÿÕ»INY NEHODY,usmrceno osob,tÏûce zranÏno osob,lehce zranÏno osob,CELKOV¡ HMOTN¡ äKODA,DRUH POVRCHU VOZOVKY,STAV POVRCHU VOZOVKY V DOBÃ NEHODY,STAV KOMUNIKACE,POVÃTRNOSTNÕ PODMÕNKY V DOBÃ NEHODY,VIDITELNOST,ROZHLEDOV… POMÃRY,DÃLENÕ KOMUNIKACE,SITUOV¡NÕ NEHODY NA KOMUNIKACI,ÿÕZENÕ PROVOZU V DOBÃ NEHODY,MÕSTNÕ ⁄PRAVA PÿEDNOSTI V JÕZDÃ,SPECIFICK¡ MÕSTA A OBJEKTY V MÕSTÃ NEHODY,SMÃROV… POMÃRY,PO»ET Z⁄»ASTNÃN›CH VOZIDEL,MÕSTO DOPRAVNÕ NEHODY,DRUH KÿIéUJÕCÕ KOMUNIKACE,DRUH VOZIDLA,V›ROBNÕ ZNA»KA MOTOROV…HO VOZIDLA,ROK V›ROBY VOZIDLA,CHARAKTERISTIKA VOZIDLA ,SMYK,VOZIDLO PO NEHODÃ,"⁄NIK PROVOZNÕCH, PÿEPRAVOVAN›CH HMOT",ZPŸSOB VYPROäTÃNÕ OSOB Z VOZIDLA,SMÃR JÕZDY NEBO POSTAVENÕ VOZIDLA,äKODA NA VOZIDLE,KATEGORIE ÿIDI»E,STAV ÿIDI»E,VNÃJäÕ OVLIVNÃNÕ ÿIDI»E,nan.1,nan.2,nan.3,nan.4,nan.5,nan.6,nan.7,nan.8,nan.9,nan.10,nan.11,nan.12,nan.13,nan.14,nan.15,nan.16,nan.17,nan.18,LOKALITA NEHODY
20506190022,6,,2019-01-16,3,2560,2,0,0,2,1,0,516,0,0,0,150,1,1,1,1,1,1,1,2,0,0,0,1,2,0,,17,,XX,,,,,,,0,,,,,,"-774231,523","-1126183,898","-774228,628","-1126177,873",PÌsek,Alöovon·m.,,mÌstnÌkomunikace,,1420234.0,,Souhlasn˝sesmÏrem˙seku,Pomal˝,549240.0,383732.0,GN_V0.1UIR-ADR_410,1
20506190023,1,20.0,2019-01-17,4,1810,3,0,5,2,1,2,516,0,0,0,1100,2,3,1,1,6,1,1,1,0,0,0,1,2,0,,3,39.0,05,1.0,0.0,1.0,0.0,1.0,3.0,0,3.0,1.0,1.0,"-780697,551","-1120632,663","-780697,551","-1120632,663","-780697,631","-1120632,914",,,,silnice1.t¯Ìdy,20,2383067.0,,Souhlasn˝sesmÏrem˙seku,Pomal˝,509621.0,,GN_V0.1UIR-ADR_410,2
20506190024,3,12118.0,2019-01-18,5,1050,9,0,0,1,1,2,204,0,0,1,500,2,6,1,1,1,1,1,3,0,0,0,3,1,0,,3,39.0,07,1.0,1.0,1.0,0.0,1.0,3.0,500,2.0,1.0,1.0,"-775144,614","-1106329,493","-775144,614","-1106329,493","-775169,342","-1106294,246",,,,silnice3.t¯Ìdy,12118,943282.0,,OpaËn˝kesmÏru˙seku,Pomal˝,549525.0,,GN_V0.1UIR-ADR_410,2
20506190025,2,140.0,2019-01-19,6,852,1,2,0,1,1,2,205,0,0,1,1200,2,6,1,6,1,1,1,1,0,0,0,3,2,0,,3,47.0,04,1.0,0.0,1.0,0.0,1.0,1.0,650,3.0,1.0,1.0,"-775833,099","-1129522,061","-775833,099","-1129522,061","-775834,608","-1129518,557",,,,silnice2.t¯Ìdy,140,2161846.0,,OpaËn˝kesmÏru˙seku,Pomal˝,549801.0,,GN_V0.1UIR-ADR_410,2
20506190026,1,29.0,2019-01-20,0,1110,3,0,3,2,1,8,203,0,0,0,450,2,1,1,1,1,1,1,8,0,0,0,1,1,0,,4,41.0,99,1.0,1.0,1.0,0.0,1.0,1.0,300,2.0,5.0,1.0,"-758422,07","-1121417,441","-758422,07","-1121417,441","-758422,185","-1121420,18",,,,silnice1.t¯Ìdy,29,1449560.0,,Souhlasn˝sesmÏrem˙seku,Pomal˝,549266.0,,GN_V0.1UIR-ADR_410,2
20506190027,6,,2019-01-21,1,2560,2,0,0,2,1,0,508,0,0,0,300,2,1,1,1,1,1,0,1,0,0,10,1,2,0,,17,,XX,,,,,,,0,,,,,,"-774650,935","-1125975,035","-774650,951","-1125975,551",PÌsek,,,mÌstnÌkomunikace,,1636472.0,,,Pomal˝,549240.0,,GN_V0.1UIR-ADR_410,1
20506190028,8,,2019-01-21,1,2560,2,0,0,2,1,0,509,0,0,0,150,2,1,1,1,4,1,0,0,0,0,10,1,2,0,,3,39.0,12,3.0,0.0,1.0,0.0,1.0,5.0,100,9.0,,,"-774021,981","-1126069,375","-774021,981","-1126069,375","-774037,002","-1126066,314",PÌsek,PalackÈhosady,,mÌstnÌkomunikace,,545691.0,,OpaËn˝kesmÏru˙seku,Pomal˝,549240.0,384593.0,GN_V0.1UIR-ADR_410,1
20506190029,6,,2019-01-22,2,2560,2,0,0,2,1,0,511,0,0,0,100,2,1,1,1,1,1,1,2,0,0,10,1,2,0,,17,,XX,,,,,,,0,,,,,,"-774684,204","-1125477,086","-774683,659","-1125477,943",PÌsek,P¯emyslova,,mÌstnÌkomunikace,,1670335.0,,Souhlasn˝sesmÏrem˙seku,Pomal˝,549240.0,384763.0,GN_V0.1UIR-ADR_410,1
20506190030,6,,2019-01-22,2,1742,9,0,0,1,1,9,209,0,0,1,0,2,1,1,1,6,1,1,1,0,0,0,1,1,0,,2,94.0,01,1.0,0.0,1.0,0.0,1.0,5.0,0,2.0,5.0,1.0,"-766740,729","-1123970,105","-766740,729","-1123970,105","-766740,93","-1123969,992",,,,mÌstnÌkomunikace,,2175268.0,,Souhlasn˝sesmÏrem˙seku,Pomal˝,549495.0,,GN_V0.1UIR-ADR_410,2
20506190031,1,20.0,2019-01-23,3,710,1,4,0,1,1,2,201,0,1,0,6000,2,1,1,1,6,1,1,1,3,3,0,4,2,19,6.0,5,19.0,15,3.0,1.0,1.0,1.0,2.0,13.0,4000,3.0,1.0,1.0,"-772071,293","-1130630,29","-772071,293","-1130630,29","-772074,11",-1130631,,,,silnice1.t¯Ìdy,20,561479.0,,OpaËn˝kesmÏru˙seku,Pomal˝,549240.0,,GN_V0.1UIR-ADR_410,2
20506190032,6,,2019-01-21,1,2560,2,0,0,2,1,0,511,0,0,0,100,2,3,1,1,1,1,1,0,0,0,0,1,2,0,,17,,XX,,,,,,,0,,,,"-773965,191","-1126177,36","-773965,191","-1126177,36","-773962,181","-1126168,079",PÕSEK-BUDÃJOVICK…PÿEDMÃSTÕ,,,mÌstnÌkomunikace,,3322651.0,,,Pomal˝,549240.0,,GN_V0.1UIR-ADR_410,1
20506190033,6,,2019-01-28,1,315,3,0,6,2,1,2,204,0,0,0,2050,2,6,1,1,4,1,1,8,0,0,0,3,1,0,,3,39.0,17,3.0,1.0,1.0,0.0,1.0,5.0,2000,3.0,1.0,1.0,"-780236,325","-1129802,511","-780236,325","-1129802,511","-780213,175","-1129806,759",Kest¯any,,,mÌstnÌkomunikace,,1217786.0,,Souhlasn˝sesmÏrem˙seku,Pomal˝,549487.0,,GN_V0.1UIR-ADR_410,1
20506190034,6,,2019-01-28,1,1552,3,0,9,1,2,8,209,0,0,1,0,1,1,1,1,1,1,0,1,0,0,0,1,1,0,,13,0.0,,1.0,0.0,1.0,0.0,1.0,5.0,0,8.0,5.0,1.0,"-774451,767","-1126250,923","-774451,767","-1126250,923","-774453,939","-1126249,946",PÌsek,PodskalÌ,,mÌstnÌkomunikace,,1670427.0,,,Pomal˝,549240.0,384721.0,GN_V0.1UIR-ADR_410,1
20506190035,6,,2019-01-28,1,1700,3,0,2,2,1,0,511,0,0,0,200,2,1,1,1,2,1,1,8,0,0,1,1,1,0,,7,40.0,16,3.0,0.0,1.0,0.0,1.0,5.0,0,9.0,,,"-756555,867","-1111973,849","-756555,867","-1111973,849","-756556,891","-1111973,936",Milevsko,Jarlochova,,mÌstnÌkomunikace,,1640609.0,,OpaËn˝kesmÏru˙seku,Pomal˝,549576.0,,GN_V0.1UIR-ADR_410,1
20506190036,6,,2019-01-30,3,1050,3,0,2,1,1,2,504,0,1,0,150,2,1,1,1,1,1,1,3,0,0,0,1,1,0,,5,26.0,15,3.0,0.0,1.0,0.0,1.0,5.0,0,3.0,1.0,1.0,-762065,"-1123621,787",-762065,"-1123621,787","-762065,177","-1123629,311",Oleön·,,,mÌstnÌkomunikace,,2160923.0,,OpaËn˝kesmÏru˙seku,Pomal˝,562190.0,,GN_V0.1UIR-ADR_410,1
20606190001,2,145.0,2019-01-02,3,1345,3,0,4,2,1,2,204,0,0,0,850,2,6,1,1,1,1,1,8,0,0,0,3,1,0,,3,27.0,13,1.0,1.0,1.0,0.0,1.0,1.0,700,2.0,1.0,1.0,"-786298,192","-1152957,532","-786298,192","-1152957,532","-786299,103","-1152955,962",,,,silnice2.t¯Ìdy,145,2197365.0,,Souhlasn˝sesmÏrem˙seku,Pomal˝,550582.0,,GN_V0.1UIR-ADR_410,2
20606190002,3,1448.0,2019-01-08,2,1130,3,0,3,1,1,2,205,0,1,0,950,2,3,1,4,1,1,1,8,0,0,0,3,1,0,,3,39.0,07,1.0,1.0,0.0,0.0,1.0,3.0,900,2.0,1.0,1.0,"-789556,473","-1147715,87","-789556,473","-1147715,87","-789558,147","-1147713,188",,,,silnice3.t¯Ìdy,1448,3469058.0,,OpaËn˝kesmÏru˙seku,Pomal˝,537071.0,,GN_V0.1UIR-ADR_410,2
20606190003,3,14531.0,2019-01-09,3,2560,3,0,6,2,1,0,511,0,0,0,40,1,8,1,1,4,1,0,6,0,0,0,1,1,0,,17,,XX,,,,,,,0,,,,"-789639,304","-1156688,375","-789639,304","-1156688,375","-789619,719","-1156703,205",Prachatice,Husineck·,,silnice3.t¯Ìdy,14531,2823840.0,,Souhlasn˝sesmÏrem˙seku,Pomal˝,550094.0,510068.0,GN_V0.1UIR-ADR_410,1
20606190004,3,14144.0,2019-01-09,3,1500,3,0,3,2,1,2,204,0,0,0,550,2,8,1,5,1,1,1,8,0,0,0,3,1,0,,3,48.0,99,1.0,1.0,0.0,0.0,1.0,3.0,500,3.0,1.0,1.0,"-808028,143","-1165707,036","-808028,143","-1165707,036","-808029,009","-1165710,038",,,,silnice3.t¯Ìdy,14144,1424178.0,,OpaËn˝kesmÏru˙seku,Pomal˝,550531.0,,GN_V0.1UIR-ADR_410,2
20606190005,1,39.0,2019-01-10,4,1130,1,4,0,1,1,2,204,0,0,1,5000,2,5,1,5,1,1,1,1,0,0,0,1,2,0,,3,39.0,17,1.0,1.0,0.0,0.0,2.0,3.0,3000,2.0,1.0,1.0,"-796998,936","-1174423,894","-796998,936","-1174423,894","-796997,485","-1174421,874",,,,silnice1.t¯Ìdy,39,2220324.0,,Souhlasn˝sesmÏrem˙seku,Pomal˝,550451.0,,GN_V0.1UIR-ADR_410,2
20606190006,6,,2019-01-10,4,1610,2,0,0,2,1,2,509,0,0,0,2800,2,6,1,1,1,1,1,1,0,0,0,1,3,0,,5,26.0,17,3.0,0.0,0.0,0.0,1.0,5.0,500,2.0,1.0,1.0,,,"-810173,611","-1145817,859","-810172,481","-1145818,354",ZdÌkov,,,mÌstnÌkomunikace,,1218913.0,,OpaËn˝kesmÏru˙seku,Pomal˝,550728.0,,GN_V0.1UIR-ADR_410,1
20606190007,6,,2019-01-10,4,2000,3,0,6,2,1,9,204,0,0,0,700,2,5,1,1,4,1,1,1,0,0,0,2,1,0,,3,13.0,05,1.0,1.0,1.0,0.0,1.0,5.0,400,5.0,5.0,1.0,"-789675,282","-1156828,049","-789675,282","-1156828,049","-789675,507","-1156828,667",Prachatice,Pivovarsk·,,mÌstnÌkomunikace,,3467013.0,,,Pomal˝,550094.0,510394.0,GN_V0.1UIR-ADR_410,1
20606190008,6,,2019-01-11,5,1815,2,0,0,2,1,0,511,0,0,0,50,2,8,1,5,4,1,0,0,0,0,10,1,2,0,,17,,XX,,,,,,,0,,,,"-789820,571","-1156201,722","-789820,571","-1156201,722","-789818,798","-1156201,252",Prachatice,Italsk·,,mÌstnÌkomunikace,,768602.0,,Souhlasn˝sesmÏrem˙seku,Pomal˝,550094.0,,GN_V0.1UIR-ADR_410,1
20606190009,6,,2019-01-12,6,630,3,0,9,2,1,0,516,0,0,0,120,2,8,1,1,4,1,1,1,0,0,0,1,1,0,,17,,XX,,,,,,,0,,,,"-789961,96","-1157726,847","-789961,96","-1157726,847","-789959,665","-1157726,787",Prachatice,L·zeÚsk·,,mÌstnÌkomunikace,,625736.0,,OpaËn˝kesmÏru˙seku,Pomal˝,550094.0,510173.0,GN_V0.1UIR-ADR_410,1
20606190010,1,4.0,2019-01-13,0,1115,3,0,1,2,0,0,100,0,0,0,300,2,3,1,5,3,1,1,1,0,0,0,1,1,0,,3,47.0,01,1.0,0.0,1.0,0.0,1.0,1.0,300,2.0,1.0,1.0,"-806664,858","-1157086,994","-806664,858","-1157086,994","-806665,25","-1157087,268",,,,silnice1.t¯Ìdy,4,3291099.0,,OpaËn˝kesmÏru˙seku,Pomal˝,550205.0,,GN_V0.1UIR-ADR_410,2
20606190011,2,122.0,2019-01-14,1,1345,3,0,6,2,1,2,508,0,0,0,150,2,3,1,1,1,1,1,1,0,0,0,1,1,0,,7,48.0,18,3.0,0.0,0.0,0.0,1.0,1.0,0,3.0,1.0,1.0,"-779030,929","-1160723,117","-779030,929","-1160723,117","-779031,477","-1160719,956",Lhenice,Netolick·,,silnice2.t¯Ìdy,122,776947.0,,OpaËn˝kesmÏru˙seku,Pomal˝,550361.0,509426.0,GN_V0.1UIR-ADR_410,1
20606190012,2,145.0,2019-01-16,3,925,1,4,0,1,1,2,503,0,0,1,1300,2,3,1,1,1,1,1,1,0,0,0,1,2,0,,3,47.0,97,1.0,0.0,1.0,0.0,1.0,1.0,300,2.0,1.0,1.0,"-810374,097","-1146062,711","-810374,097","-1146062,711","-810372,289","-1146061,784",ZdÌkov,,,silnice2.t¯Ìdy,145,923839.0,,OpaËn˝kesmÏru˙seku,Pomal˝,550728.0,,GN_V0.1UIR-ADR_410,1
20606190013,6,,2019-01-19,6,1015,1,2,0,2,1,0,414,0,0,0,300,2,1,1,1,1,1,1,1,3,5,0,5,2,10,7.0,3,25.0,04,1.0,0.0,0.0,0.0,1.0,5.0,200,2.0,1.0,2.0,"-789622,789","-1157529,835","-789622,789","-1157529,835","-789619,102","-1157525,656",Prachatice,Krumlovsk·,,mÌstnÌkomunikace,,3383850.0,,OpaËn˝kesmÏru˙seku,Pomal˝,550094.0,,GN_V0.1UIR-ADR_410,1
20606190014,1,4.0,2019-01-19,6,1940,3,0,4,2,1,2,205,0,0,0,1800,2,1,1,1,6,3,1,8,0,0,0,3,1,0,,3,4.0,06,9.0,0.0,0.0,0.0,1.0,1.0,1500,3.0,1.0,1.0,"-802166,695","-1145415,085","-802166,695","-1145415,085","-802169,116","-1145405,774",,,,silnice1.t¯Ìdy,4,2190850.0,,OpaËn˝kesmÏru˙seku,Pomal˝,550116.0,,GN_V0.1UIR-ADR_410,2
20606190015,6,,2019-01-20,0,200,3,0,9,2,1,0,511,0,0,0,300,2,1,1,1,4,1,1,1,0,0,0,1,1,0,,7,35.0,06,2.0,0.0,0.0,0.0,1.0,5.0,0,4.0,1.0,1.0,"-804368,999","-1150152,437","-804368,999","-1150152,437","-804369,097","-1150148,925",Vimperk,N·draûnÌ,,mÌstnÌkomunikace,,2551784.0,,,Pomal˝,550647.0,,GN_V0.1UIR-ADR_410,1
20606190016,2,145.0,2019-01-21,1,1602,1,2,0,2,1,2,403,0,0,0,800,2,1,1,1,1,1,1,1,3,3,0,4,3,19,6.0,3,12.0,12,1.0,0.0,1.0,0.0,1.0,5.0,200,2.0,1.0,1.0,"-805259,421","-1149538,602","-805259,958","-1149541,287","-805260,163","-1149541,72",Vimperk,Suöick·,,silnice2.t¯Ìdy,145,605580.0,,OpaËn˝kesmÏru˙seku,Pomal˝,550647.0,811670.0,GN_V0.1UIR-ADR_410,1
20606190017,2,141.0,2019-01-22,2,815,3,0,1,1,1,0,205,1,0,0,1000,2,1,1,1,1,1,1,1,0,0,0,2,1,0,,3,32.0,06,1.0,0.0,1.0,0.0,3.0,3.0,1000,2.0,1.0,1.0,"-790445,667","-1158335,703","-790451,596","-1158331,93","-790451,163","-1158332,229",,,,silnice2.t¯Ìdy,141,3081771.0,,OpaËn˝kesmÏru˙seku,Pomal˝,550094.0,,GN_V0.1UIR-ADR_410,2
20606190018,2,145.0,2019-01-22,2,1925,0,0,0,2,1,0,209,0,0,0,200,2,1,1,1,6,1,1,1,0,0,0,1,2,0,,17,,XX,,,,,,,0,,,,"-786158,901","-1152889,001","-786158,901","-1152889,001","-786158,758","-1152889,384",,,,silnice2.t¯Ìdy,145,2197365.0,,OpaËn˝kesmÏru˙seku,Pomal˝,550582.0,,GN_V0.1UIR-ADR_410,2
20606190019,2,144.0,2019-01-24,4,535,9,0,0,2,1,2,204,0,0,0,600,2,5,1,6,6,1,1,1,0,0,0,2,1,0,,3,17.0,04,1.0,1.0,0.0,0.0,1.0,3.0,600,2.0,1.0,1.0,"-790561,425","-1145487,517","-790561,425","-1145487,517","-790562,948","-1145488,028",,,,silnice2.t¯Ìdy,144,1320391.0,,Souhlasn˝sesmÏrem˙seku,Pomal˝,550604.0,,GN_V0.1UIR-ADR_410,2
20606190020,2,145.0,2019-01-24,4,530,3,0,4,2,1,2,204,0,0,0,1100,2,6,1,6,6,1,1,8,0,0,0,1,1,0,,3,39.0,02,1.0,1.0,1.0,1.0,1.0,1.0,800,2.0,1.0,1.0,"-774572,133","-1154573,167","-774572,133","-1154573,167","-774573,621","-1154569,799",,,,silnice2.t¯Ìdy,145,3585187.0,,Souhlasn˝sesmÏrem˙seku,Pomal˝,550442.0,,GN_V0.1UIR-ADR_410,2
20606190021,2,145.0,2019-01-24,4,535,1,1,0,2,1,2,204,0,0,0,1400,2,6,1,6,6,1,1,1,0,0,0,1,2,0,,3,47.0,00,1.0,1.0,1.0,1.0,1.0,3.0,600,2.0,1.0,1.0,"-774579,666","-1154571,097","-774579,666","-1154571,097","-774579,158","-1154572,246",,,,silnice2.t¯Ìdy,145,3585187.0,,OpaËn˝kesmÏru˙seku,Pomal˝,550442.0,,GN_V0.1UIR-ADR_410,2
20606190022,3,14221.0,2019-01-24,4,735,3,0,3,2,1,2,204,0,0,0,1050,2,6,1,6,2,1,1,8,0,0,0,1,1,0,,3,39.0,11,1.0,1.0,1.0,0.0,1.0,3.0,1000,2.0,1.0,1.0,"-783745,698","-1150304,79","-783745,698","-1150304,79","-783745,916","-1150305,298",,,,silnice3.t¯Ìdy,14221,607857.0,,Souhlasn˝sesmÏrem˙seku,Pomal˝,550540.0,,GN_V0.1UIR-ADR_410,2
20606190023,2,141.0,2019-01-25,5,1500,1,1,0,1,1,2,205,0,1,3,3850,2,1,1,1,1,1,1,1,0,0,0,2,2,0,,3,31.0,03,1.0,1.0,1.0,0.0,1.0,3.0,800,3.0,1.0,1.0,"-791412,131","-1161440,952","-791412,131","-1161440,952","-791410,955","-1161443,604",,,,silnice2.t¯Ìdy,141,2207348.0,,Souhlasn˝sesmÏrem˙seku,Pomal˝,550094.0,,GN_V0.1UIR-ADR_410,2
20606190024,2,145.0,2019-01-26,6,1022,2,0,0,2,1,0,205,0,0,0,200,2,5,1,1,1,1,1,8,0,0,0,3,2,0,,17,,XX,,,,,,,0,,,,,,"-812244,492","-1143765,533","-812244,267","-1143766,222",Stachy,,,silnice2.t¯Ìdy,145,777160.0,,Souhlasn˝sesmÏrem˙seku,Pomal˝,550515.0,,GN_V0.1UIR-ADR_410,1
20606190025,2,168.0,2019-01-26,6,1320,2,0,0,2,1,2,510,0,0,0,60,2,5,1,5,3,1,1,1,0,0,0,1,2,0,,8,72.0,01,3.0,0.0,1.0,0.0,1.0,3.0,10,4.0,1.0,1.0,"-812907,893","-1149940,113","-812911,653","-1149942,798","-812912,02","-1149943,09",,,,silnice2.t¯Ìdy,168,2194560.0,,Souhlasn˝sesmÏrem˙seku,Pomal˝,545902.0,,GN_V0.1UIR-ADR_410,2
20606190026,6,,2019-01-31,4,2115,3,0,1,2,1,2,204,0,0,0,1000,2,5,1,1,6,1,1,1,0,0,0,2,1,0,,3,13.0,18,1.0,1.0,1.0,0.0,1.0,5.0,1000,2.0,1.0,1.0,"-795102,495","-1152296,748","-795102,495","-1152296,748","-795097,035","-1152294,226",,,,mÌstnÌkomunikace,,2196500.0,,Souhlasn˝sesmÏrem˙seku,Pomal˝,550345.0,,GN_V0.1UIR-ADR_410,2
20706190001,1,22.0,2019-01-02,3,1130,3,0,9,2,1,2,204,0,0,0,100,2,6,1,5,3,1,1,8,0,0,0,1,1,0,,3,17.0,,1.0,0.0,1.0,0.0,1.0,1.0,100,2.0,1.0,1.0,"-797335,173","-1126821,058","-797335,173","-1126821,058","-797332,479","-1126814,512",Katovice,Tyröova,,silnice1.t¯Ìdy,22,548320.0,,Souhlasn˝sesmÏrem˙seku,Pomal˝,551201.0,556190.0,GN_V0.1UIR-ADR_410,1
20706190002,3,1702.0,2019-01-02,3,1225,9,0,0,2,1,2,204,0,0,0,300,2,6,1,1,1,1,1,1,0,0,0,2,1,0,,3,39.0,05,1.0,1.0,1.0,0.0,1.0,1.0,300,2.0,1.0,1.0,"-796163,551","-1132638,254","-796104,108","-1132462,603","-796103,351","-1132462,982",,,,silnice3.t¯Ìdy,1702,2159347.0,,Souhlasn˝sesmÏrem˙seku,Pomal˝,536831.0,,GN_V0.1UIR-ADR_410,2
20706190003,3,1709.0,2019-01-02,3,1320,3,0,1,2,1,2,204,0,0,0,600,2,6,1,1,1,1,1,1,0,0,0,3,1,0,,5,12.0,16,2.0,0.0,1.0,0.0,1.0,3.0,500,2.0,1.0,1.0,"-800880,268","-1136610,334","-800880,268","-1136610,334","-800873,183","-1136614,762",,,,silnice3.t¯Ìdy,1709,2159124.0,,Souhlasn˝sesmÏrem˙seku,Pomal˝,550957.0,,GN_V0.1UIR-ADR_410,2
20706190004,6,,2019-01-02,3,2145,3,0,3,2,1,2,511,0,0,0,100,1,6,1,1,4,1,1,1,0,0,0,1,1,0,,3,2.0,12,1.0,1.0,1.0,0.0,1.0,5.0,50,2.0,1.0,1.0,"-792918,706","-1128813,242","-792918,706","-1128813,242","-792918,823","-1128813,163",Strakonice,Bavorova,,mÌstnÌkomunikace,,734338.0,,Souhlasn˝sesmÏrem˙seku,Pomal˝,550787.0,556467.0,GN_V0.1UIR-ADR_410,1
20706190005,1,4.0,2019-01-06,0,635,3,0,9,2,1,2,511,0,0,0,10,2,3,1,1,6,1,5,6,0,5,0,1,1,0,,3,13.0,09,1.0,0.0,0.0,0.0,1.0,3.0,10,3.0,1.0,1.0,"-792158,95","-1129954,467","-792150,31","-1129957,167","-792147,652","-1129958,898",Strakonice,VolyÚsk·,,silnice1.t¯Ìdy,4,3078225.0,,Souhlasn˝sesmÏrem˙seku,Pomal˝,550787.0,557684.0,GN_V0.1UIR-ADR_410,1
20706190006,1,4.0,2019-01-06,0,2205,0,0,0,2,0,0,100,0,0,0,200,2,3,1,1,6,1,1,1,0,0,0,1,2,0,,17,,XX,,,,,,,0,,,,"-786403,119","-1126179,879","-786403,119","-1126179,879","-786403,03","-1126180,313",,,,silnice1.t¯Ìdy,4,1595810.0,,Souhlasn˝sesmÏrem˙seku,Pomal˝,551643.0,,GN_V0.1UIR-ADR_410,2
20706190007,2,142.0,2019-01-07,1,840,3,0,1,2,1,2,510,0,0,0,2050,2,3,1,4,3,1,1,8,0,0,0,2,1,0,,5,10.0,09,3.0,0.0,1.0,0.0,1.0,1.0,2000,3.0,1.0,1.0,"-788357,616","-1142966,225","-788357,616","-1142966,225","-788355,216","-1142966,103",,,,silnice2.t¯Ìdy,142,922084.0,,Souhlasn˝sesmÏrem˙seku,Pomal˝,550949.0,,GN_V0.1UIR-ADR_410,2
20706190008,3,1734.0,2019-01-07,1,1730,9,0,0,2,1,9,508,0,0,0,50,2,3,1,1,4,1,1,3,0,0,0,1,1,0,,3,39.0,99,1.0,0.0,1.0,0.0,1.0,1.0,50,2.0,5.0,1.0,"-791189,5","-1109691,985","-791189,5","-1109691,985","-791189,381","-1109692,127",Blatn·,Paötick·,,silnice3.t¯Ìdy,1734,1765966.0,,Souhlasn˝sesmÏrem˙seku,Pomal˝,550850.0,555681.0,GN_V0.1UIR-ADR_410,1
20706190009,1,22.0,2019-01-09,3,1630,9,0,0,1,1,2,204,0,0,1,700,2,6,1,6,7,1,1,1,0,0,0,1,1,0,,3,17.0,11,1.0,1.0,1.0,0.0,1.0,3.0,700,2.0,1.0,1.0,"-782234,864","-1137012,163","-781924,262","-1137068,393","-781924,199","-1137068,025",,,,silnice1.t¯Ìdy,22,2159764.0,,Souhlasn˝sesmÏrem˙seku,Pomal˝,551015.0,,GN_V0.1UIR-ADR_410,2
20706190010,3,1427.0,2019-01-09,3,1850,9,0,0,1,1,2,204,0,0,1,300,2,6,1,5,7,1,1,8,0,0,0,2,1,0,,3,39.0,12,1.0,1.0,1.0,0.0,1.0,3.0,300,2.0,1.0,1.0,"-790624,774","-1133811,932","-790624,774","-1133811,932","-790622,18","-1133808,948",,,,silnice3.t¯Ìdy,1427,3081942.0,,Souhlasn˝sesmÏrem˙seku,Pomal˝,551414.0,,GN_V0.1UIR-ADR_410,2
20706190011,1,22.0,2019-01-09,3,2125,9,0,0,1,1,2,204,0,0,1,200,2,5,1,5,7,1,1,8,0,0,0,2,1,0,,3,12.0,98,1.0,1.0,1.0,0.0,1.0,3.0,200,2.0,1.0,1.0,"-795708,868","-1128017,395","-795708,868","-1128017,395","-795709,755","-1128020,556",,,,silnice1.t¯Ìdy,22,2604097.0,,OpaËn˝kesmÏru˙seku,Pomal˝,550787.0,,GN_V0.1UIR-ADR_410,2
20706190012,3,1706.0,2019-01-09,3,2330,9,0,0,2,1,2,510,0,0,0,100,2,6,1,5,7,1,1,3,0,0,0,1,1,0,,7,48.0,18,9.0,0.0,1.0,0.0,1.0,1.0,0,3.0,1.0,1.0,"-797255,656","-1139559,076","-797255,656","-1139559,076","-797255,58","-1139558,849",,,,silnice3.t¯Ìdy,1706,3082480.0,,Souhlasn˝sesmÏrem˙seku,Pomal˝,551970.0,,GN_V0.1UIR-ADR_410,2
20706190013,6,,2019-01-09,3,2560,2,0,0,2,1,0,511,0,0,0,100,2,6,1,1,4,1,1,1,0,0,0,1,2,0,,17,,XX,,,,,,,0,,,,"-774904,496","-1144779,22","-774899,676","-1144781,898","-774899,84","-1144781,93",VodÚany,V˝stavnÌ,,mÌstnÌkomunikace,,1766120.0,,OpaËn˝kesmÏru˙seku,Pomal˝,551953.0,558915.0,GN_V0.1UIR-ADR_410,1
20706190014,6,,2019-01-09,3,2560,2,0,0,2,1,0,511,0,0,0,50,2,8,1,1,1,1,1,2,0,0,0,1,2,0,,17,,XX,,,,,,,0,,,,"-793250,04","-1127788,068","-793250,04","-1127788,068","-793264,852","-1127802,971",Strakonice,Prof.Skupy,,mÌstnÌkomunikace,,551605.0,,Souhlasn˝sesmÏrem˙seku,Pomal˝,550787.0,557323.0,GN_V0.1UIR-ADR_410,1