IDENTIFIKA»NÕ »ÕSLO,DRUH POZEMNÕ KOMUNIKACE,»ÕSLO POZEMNÕ KOMUNIKACE,"den, mÏsÌc, rok",,Ëas ,DRUH NEHODY,DRUH SR¡éKY JEDOUCÕCH VOZIDEL,DRUH PEVN… PÿEK¡éKY,CHARAKTER NEHODY,ZAVINÃNÕ NEHODY,ALKOHOL U VINÕKA NEHODY PÿÕTOMEN,HLAVNÕ PÿÕ»INY NEHODY,usmrceno osob,tÏûce zranÏno osob,lehce zranÏno osob,CELKOV¡ HMOTN¡ äKODA,DRUH POVRCHU VOZOVKY,STAV POVRCHU VOZOVKY V DOBÃ NEHODY,STAV KOMUNIKACE,POVÃTRNOSTNÕ PODMÕNKY V DOBÃ NEHODY,VIDITELNOST,ROZHLEDOV… POMÃRY,DÃLENÕ KOMUNIKACE,SITUOV¡NÕ NEHODY NA KOMUNIKACI,ÿÕZENÕ PROVOZU V DOBÃ NEHODY,MÕSTNÕ ⁄PRAVA PÿEDNOSTI V JÕZDÃ,SPECIFICK¡ MÕSTA A OBJEKTY V MÕSTÃ NEHODY,SMÃROV… POMÃRY,PO»ET Z⁄»ASTNÃN›CH VOZIDEL,MÕSTO DOPRAVNÕ NEHODY,DRUH KÿIéUJÕCÕ KOMUNIKACE,DRUH VOZIDLA,V›ROBNÕ ZNA»KA MOTOROV…HO VOZIDLA,ROK V›ROBY VOZIDLA,CHARAKTERISTIKA VOZIDLA ,SMYK,VOZIDLO PO NEHODÃ,"⁄NIK PROVOZNÕCH, PÿEPRAVOVAN›CH HMOT",ZPŸSOB VYPROäTÃNÕ OSOB Z VOZIDLA,SMÃR JÕZDY NEBO POSTAVENÕ VOZIDLA,äKODA NA VOZIDLE,KATEGORIE ÿIDI»E,STAV ÿIDI»E,VNÃJäÕ OVLIVNÃNÕ ÿIDI»E,nan.1,nan.2,nan.3,nan.4,nan.5,nan.6,nan.7,nan.8,nan.9,nan.10,nan.11,nan.12,nan.13,nan.14,nan.15,nan.16,nan.17,nan.18,LOKALITA NEHODY
20706190015,6,,2019-01-10,4,2560,2,0,0,2,1,0,511,0,0,0,250,2,6,1,1,1,1,1,1,0,0,0,1,2,0,,17,,XX,,,,,,,0,,,,"-782168,01","-1146215,547","-782168,01","-1146215,547","-782166,196","-1146217,685",Bavorov,PotoËnÌ,,mÌstnÌkomunikace,,776630.0,,OpaËn˝kesmÏru˙seku,Pomal˝,550809.0,555061.0,GN_V0.1UIR-ADR_410,1
20706190016,3,1737.0,2019-01-11,5,1125,3,0,9,2,1,2,508,0,0,0,200,2,1,1,1,1,1,1,1,3,3,2,4,1,19,6.0,3,99.0,86,1.0,0.0,1.0,0.0,1.0,13.0,150,3.0,1.0,1.0,"-793152,958","-1128477,391","-793156,181","-1128496,19","-793156,201","-1128496,032",Strakonice,Husova,,silnice3.t¯Ìdy,1737,734307.0,,OpaËn˝kesmÏru˙seku,Pomal˝,550787.0,556742.0,GN_V0.1UIR-ADR_410,1
20706190017,1,20.0,2019-01-11,5,1300,1,2,0,2,1,0,305,0,0,0,80,2,8,1,5,3,1,1,1,0,0,0,1,2,0,,17,,XX,,,,,,,0,,,,"-797169,269","-1107146,281","-797169,269","-1107146,281","-797167,257","-1107144,355",,,,silnice1.t¯Ìdy,20,2159774.0,,Souhlasn˝sesmÏrem˙seku,Pomal˝,551350.0,,GN_V0.1UIR-ADR_410,2
20706190018,6,,2019-01-09,3,1412,2,0,0,2,1,0,504,0,0,0,20,3,3,1,1,1,1,1,1,0,0,0,1,2,0,,3,7.0,01,1.0,0.0,3.0,0.0,1.0,5.0,0,2.0,1.0,1.0,"-792454,186","-1129652,549","-792454,186","-1129652,549","-792446,904","-1129657,061",Strakonice,,,mÌstnÌkomunikace,,2826423.0,,Souhlasn˝sesmÏrem˙seku,Pomal˝,550787.0,,GN_V0.1UIR-ADR_410,1
20706190019,3,1396.0,2019-01-13,0,1730,9,0,0,1,1,2,205,0,0,1,200,2,3,1,3,7,1,1,3,0,0,0,3,1,0,,3,39.0,11,1.0,1.0,1.0,0.0,1.0,3.0,200,2.0,1.0,1.0,"-784633,726","-1124933,908","-784633,726","-1124933,908","-784639,318","-1124937,203",,,,silnice3.t¯Ìdy,1396,2159306.0,,Souhlasn˝sesmÏrem˙seku,Pomal˝,551562.0,,GN_V0.1UIR-ADR_410,2
20706190020,2,173.0,2019-01-14,1,800,3,0,3,2,1,2,204,0,0,0,250,2,6,1,6,3,1,1,1,0,0,0,2,1,0,,3,39.0,97,1.0,1.0,1.0,0.0,1.0,1.0,150,3.0,1.0,1.0,"-789510,327","-1122699,168","-789510,327","-1122699,168","-789515,799","-1122699,346",Radomyöl,Blatensk·,,silnice2.t¯Ìdy,173,3082576.0,,Souhlasn˝sesmÏrem˙seku,Pomal˝,551660.0,665541.0,GN_V0.1UIR-ADR_410,1
20706190021,6,,2019-01-11,5,2560,2,0,0,2,1,0,502,0,0,0,300,1,3,1,1,2,1,1,1,0,0,0,1,2,0,,17,,XX,,,,,,,0,,,,"-792711,576","-1128818,146","-792720,752","-1128821,384","-792722,598","-1128821,677",Strakonice,USv.MarkÈty,,mÌstnÌkomunikace,,555309.0,,Souhlasn˝sesmÏrem˙seku,Pomal˝,550787.0,557366.0,GN_V0.1UIR-ADR_410,1
20706190022,2,141.0,2019-01-17,4,1205,9,0,0,2,1,2,511,0,0,0,550,2,1,1,1,1,1,1,3,0,0,0,1,1,0,,6,99.0,18,3.0,0.0,1.0,0.0,1.0,1.0,0,2.0,1.0,1.0,"-769782,523","-1144034,432","-769782,523","-1144034,432","-769781,981","-1144030,466",,,,silnice2.t¯Ìdy,141,3558505.0,,Souhlasn˝sesmÏrem˙seku,Pomal˝,550965.0,,GN_V0.1UIR-ADR_410,2
20706190023,2,141.0,2019-01-18,5,640,1,2,0,1,1,2,403,0,0,1,600,2,6,1,6,4,1,1,1,3,3,2,4,2,19,6.0,5,13.0,03,0.0,0.0,0.0,0.0,1.0,14.0,100,3.0,1.0,1.0,"-774981,614","-1144220,133","-774972,437","-1144225,531","-774972,202","-1144225,358",VodÚany,PalackÈho,,silnice2.t¯Ìdy,141,595660.0,,Souhlasn˝sesmÏrem˙seku,Pomal˝,551953.0,558583.0,GN_V0.1UIR-ADR_410,1
20706190024,2,141.0,2019-01-18,5,1207,2,0,0,2,1,0,506,0,0,0,300,2,3,1,1,1,2,1,1,0,0,0,1,2,0,,17,,XX,,,,,,,0,,,,"-782165,766","-1145844,139","-782165,766","-1145844,139","-782163,351","-1145845,023",Bavorov,ChmelenskÈho,,silnice2.t¯Ìdy,141,776623.0,,Souhlasn˝sesmÏrem˙seku,Pomal˝,550809.0,554804.0,GN_V0.1UIR-ADR_410,1
20706190025,6,,2019-01-13,0,2560,2,0,0,2,1,0,504,0,0,0,200,2,1,1,1,1,0,0,2,0,5,10,1,2,0,,17,,XX,,,,,,,0,,,,"-792928,327","-1127896,776","-792916,452","-1127904,333","-792916,436","-1127905,021",Strakonice,Arch.DubskÈho,,mÌstnÌkomunikace,,1671430.0,,Souhlasn˝sesmÏrem˙seku,Pomal˝,550787.0,556424.0,GN_V0.1UIR-ADR_410,1
20706190026,2,141.0,2019-01-19,6,145,9,0,0,1,1,2,511,0,0,2,500,2,0,1,1,6,3,1,8,0,0,0,2,1,0,,3,39.0,01,0.0,1.0,0.0,0.0,1.0,1.0,500,2.0,1.0,1.0,"-780216,883","-1144252,754","-780216,883","-1144252,754","-780214,387","-1144252,327",,,,silnice2.t¯Ìdy,141,2160460.0,,Souhlasn˝sesmÏrem˙seku,Pomal˝,550809.0,,GN_V0.1UIR-ADR_410,2
20706190027,1,4.0,2019-01-20,0,1545,3,0,4,2,1,2,508,0,0,0,400,2,1,1,1,1,1,1,3,0,0,0,3,1,0,,3,13.0,07,1.0,0.0,1.0,0.0,1.0,3.0,200,2.0,1.0,1.0,"-794694,026","-1137331,834","-794694,026","-1137331,834","-794692,813","-1137332,175",,,,silnice1.t¯Ìdy,4,3291177.0,,Souhlasn˝sesmÏrem˙seku,Pomal˝,536547.0,,GN_V0.1UIR-ADR_410,2
20706190028,2,142.0,2019-01-21,1,710,3,0,1,1,1,0,516,1,0,0,500,2,1,1,1,6,1,1,1,0,0,0,1,1,0,,3,39.0,97,1.0,0.0,1.0,1.0,3.0,3.0,500,4.0,1.0,1.0,"-781819,434","-1146814,325","-781819,434","-1146814,325","-781821,84","-1146817,978",,,,silnice2.t¯Ìdy,142,3562939.0,,Souhlasn˝sesmÏrem˙seku,Pomal˝,550809.0,,GN_V0.1UIR-ADR_410,2
20706190029,6,,2019-01-21,1,1510,1,2,0,1,1,2,403,0,0,3,1000,2,1,1,1,1,1,1,1,3,4,0,4,2,10,6.0,3,39.0,04,1.0,0.0,1.0,0.0,1.0,5.0,500,2.0,1.0,1.0,"-774539,889","-1144631,562","-774539,889","-1144631,562","-774539,821","-1144631,877",VodÚany,V˝stavnÌ,,mÌstnÌkomunikace,,1420478.0,,OpaËn˝kesmÏru˙seku,Pomal˝,551953.0,558915.0,GN_V0.1UIR-ADR_410,1
20706190030,2,141.0,2019-01-20,0,2560,2,0,0,2,1,0,516,0,0,0,50,2,1,1,1,1,1,1,1,0,0,0,1,2,0,,17,,XX,,,,,,,0,,,,"-775094,33","-1144040,261","-775094,33","-1144040,261","-775094,464","-1144041,661",VodÚany,Bavorovsk·,,silnice2.t¯Ìdy,141,595295.0,,OpaËn˝kesmÏru˙seku,Pomal˝,551953.0,558206.0,GN_V0.1UIR-ADR_410,1
20706190031,1,4.0,2019-01-24,4,2560,3,0,4,2,1,0,511,0,0,0,200,2,1,1,3,1,1,1,1,0,0,0,2,1,0,,3,39.0,00,1.0,1.0,1.0,0.0,1.0,1.0,100,2.0,1.0,1.0,"-797145,991","-1141665,479","-797126,712","-1141720,637","-797126,366","-1141720,21",,,,silnice1.t¯Ìdy,4,2159792.0,,Souhlasn˝sesmÏrem˙seku,Pomal˝,551384.0,,GN_V0.1UIR-ADR_410,2
20706190032,1,20.0,2019-01-24,4,1705,1,2,0,2,1,0,304,0,0,0,50,2,1,1,1,2,3,1,1,0,0,0,1,2,0,,17,,XX,,,,,,,0,,,,"-785396,492","-1118356,117","-785396,492","-1118356,117","-785392,801","-1118351,918",,,,silnice1.t¯Ìdy,20,2159779.0,,Souhlasn˝sesmÏrem˙seku,Pomal˝,536741.0,,GN_V0.1UIR-ADR_410,2
20706190033,2,140.0,2019-01-26,6,1930,3,0,1,1,1,2,511,0,0,3,200,2,6,1,6,6,1,1,1,0,0,8,3,1,0,,3,35.0,03,1.0,1.0,1.0,0.0,1.0,3.0,200,2.0,1.0,1.0,"-781681,82","-1138445,625","-781680,749","-1138426,882","-781679,985","-1138427,459",,,,silnice2.t¯Ìdy,140,2159608.0,,OpaËn˝kesmÏru˙seku,Pomal˝,551015.0,,GN_V0.1UIR-ADR_410,2
20706190034,1,4.0,2019-01-27,0,730,3,0,1,2,1,7,508,0,0,0,200,2,3,1,1,2,1,1,8,0,0,0,1,1,0,,3,35.0,05,1.0,0.0,1.0,0.0,1.0,3.0,200,2.0,4.0,1.0,"-794594,015","-1136398,849","-794594,015","-1136398,849","-794589,508","-1136397,905",,,,silnice1.t¯Ìdy,4,3291129.0,,Souhlasn˝sesmÏrem˙seku,Pomal˝,536547.0,,GN_V0.1UIR-ADR_410,2
20706190035,6,,2019-01-29,2,510,2,0,0,2,1,0,516,0,0,0,150,2,3,1,1,4,1,1,1,0,0,0,1,2,0,,17,,XX,,,,,,,0,,,,"-797784,681","-1126574,438","-797784,681","-1126574,438","-797784,121","-1126573,252",Katovice,,,mÌstnÌkomunikace,,2553702.0,,Souhlasn˝sesmÏrem˙seku,Pomal˝,551201.0,,GN_V0.1UIR-ADR_410,1
20706190036,6,,2019-01-29,2,2560,2,0,0,2,1,0,504,0,0,0,50,2,1,1,1,1,1,1,0,0,5,10,1,2,0,,17,,XX,,,,,,,0,,,,"-792510,027","-1129187,675","-792510,027","-1129187,675","-792514,622","-1129189,56",Strakonice,,,mÌstnÌkomunikace,,2826313.0,,OpaËn˝kesmÏru˙seku,Pomal˝,550787.0,,GN_V0.1UIR-ADR_410,1
20706190037,6,,2019-01-30,3,1210,1,1,0,1,1,2,206,0,0,1,700,2,1,1,1,1,1,1,1,3,5,0,3,2,0,,5,19.0,15,2.0,0.0,1.0,0.0,1.0,5.0,500,3.0,1.0,1.0,"-801363,912","-1125180,032","-801363,912","-1125180,032","-801364,542","-1125180,392",,,,mÌstnÌkomunikace,,2159939.0,,OpaËn˝kesmÏru˙seku,Pomal˝,536881.0,,GN_V0.1UIR-ADR_410,2
20706190038,6,,2019-01-30,3,2560,2,0,0,2,1,0,508,0,0,0,100,2,1,1,1,1,1,0,8,3,5,10,1,2,0,,17,,XX,,,,,,,0,,,,"-793132,765","-1128745,409","-793132,765","-1128745,409","-793127,252","-1128737,3",Strakonice,Spoja¯˘,,mÌstnÌkomunikace,,1497116.0,,Souhlasn˝sesmÏrem˙seku,Pomal˝,550787.0,,GN_V0.1UIR-ADR_410,1
20706190039,6,,2019-01-30,3,2350,2,0,0,2,1,2,515,0,0,0,500,2,1,1,1,4,1,1,1,3,3,0,1,2,0,,3,25.0,98,1.0,0.0,1.0,0.0,1.0,5.0,50,2.0,1.0,1.0,"-774693,501","-1143946,92","-774693,501","-1143946,92","-774693,59","-1143945,857",VodÚany,MokrÈho,,mÌstnÌkomunikace,,595014.0,,Souhlasn˝sesmÏrem˙seku,Pomal˝,551953.0,558486.0,GN_V0.1UIR-ADR_410,1
20806190001,3,13713.0,2019-01-02,3,1220,3,0,2,2,1,2,204,0,0,0,800,2,5,1,1,1,1,1,8,0,0,0,3,1,0,,3,17.0,16,1.0,1.0,1.0,0.0,1.0,1.0,800,2.0,1.0,1.0,"-742769,754","-1127194,019","-742769,754","-1127194,019","-742775,125","-1127194,49",Malöice,,,silnice3.t¯Ìdy,13713,549973.0,,OpaËn˝kesmÏru˙seku,Pomal˝,552666.0,,GN_V0.1UIR-ADR_410,1
20806190002,6,,2019-01-02,3,2560,2,0,0,2,1,0,508,0,0,0,150,5,6,6,5,1,1,0,8,0,0,0,1,2,0,,17,,XX,,,,,,,0,,,,"-734223,555","-1136385,176","-734256,968","-1136418,05","-734256,546","-1136416,845",SobÏslav,Slovensk·,,mÌstnÌkomunikace,,2555320.0,,OpaËn˝kesmÏru˙seku,Pomal˝,553131.0,575054.0,GN_V0.1UIR-ADR_410,1
20806190003,2,137.0,2019-01-03,4,1043,9,0,0,1,1,2,208,0,0,1,400,2,8,1,5,3,1,1,8,0,0,0,1,1,0,,8,59.0,03,4.0,0.0,1.0,0.0,1.0,1.0,400,4.0,1.0,1.0,"-740126,973","-1122631,881","-740114,578","-1122643,737","-740114,339","-1122643,985",,,,silnice2.t¯Ìdy,137,911426.0,,Souhlasn˝sesmÏrem˙seku,Pomal˝,599042.0,,GN_V0.1UIR-ADR_410,2
20806190004,2,120.0,2019-01-03,4,1210,1,2,0,2,1,2,204,0,0,0,530,2,6,1,5,3,1,1,1,0,0,0,2,2,0,,3,39.0,10,1.0,1.0,1.0,0.0,1.0,3.0,300,3.0,1.0,1.0,"-740450,832","-1106213,418","-740450,832","-1106213,418","-740451,189","-1106213,396",BorotÌn,,,silnice2.t¯Ìdy,120,903943.0,,OpaËn˝kesmÏru˙seku,Pomal˝,552101.0,,GN_V0.1UIR-ADR_410,1
20806190005,6,,2019-01-03,4,1435,3,0,3,2,1,2,204,0,0,0,500,2,6,1,5,1,1,1,6,3,3,0,5,1,10,6.0,3,25.0,08,3.0,1.0,1.0,0.0,1.0,5.0,400,2.0,1.0,1.0,"-734729,999","-1122705,173","-734729,999","-1122705,173","-734726,307","-1122702,121",Sezimovo⁄stÌ,T·borsk·,,mÌstnÌkomunikace,,535364.0,,Souhlasn˝sesmÏrem˙seku,Pomal˝,553069.0,574261.0,GN_V0.1UIR-ADR_410,1
20806190006,6,,2019-01-03,4,1330,3,0,2,2,1,2,204,0,0,0,800,2,6,1,5,1,1,1,8,0,0,0,2,1,0,,3,31.0,10,1.0,1.0,1.0,0.0,1.0,5.0,700,2.0,1.0,1.0,"-735391,329","-1117140,674","-735391,329","-1117140,674","-735391,218","-1117140,528",T·bor,KPÏtimostÌ,,mÌstnÌkomunikace,,3489676.0,,Souhlasn˝sesmÏrem˙seku,Pomal˝,552046.0,,GN_V0.1UIR-ADR_410,1
20806190007,3,12217.0,2019-01-03,4,1920,3,0,6,2,1,2,511,0,0,0,150,2,8,1,5,4,1,1,1,3,3,0,5,1,12,6.0,3,39.0,00,1.0,1.0,1.0,0.0,1.0,32.0,50,2.0,1.0,1.0,"-751507,262","-1130821,611","-751507,262","-1130821,611","-751506,919","-1130820,792",BechynÏ,T·borsk·,,silnice3.t¯Ìdy,12217,561957.0,,OpaËn˝kesmÏru˙seku,Pomal˝,552054.0,571555.0,GN_V0.1UIR-ADR_410,1
20806190008,7,,2019-01-04,5,1000,3,0,6,2,1,2,204,0,0,0,800,2,5,1,5,1,1,1,8,0,0,0,3,1,0,,7,19.0,08,3.0,0.0,1.0,0.0,1.0,5.0,0,3.0,1.0,1.0,"-750468,462","-1123193,863","-750468,462","-1123193,863","-750470,727","-1123191,754",STAR…SEDLO,,,mÌstnÌkomunikace,,3345151.0,,,Pomal˝,553140.0,,GN_V0.1UIR-ADR_410,1
20806190009,6,,2019-01-04,5,1300,3,0,9,2,1,2,204,0,0,0,500,2,5,1,5,1,1,1,8,0,0,0,1,1,0,,5,43.0,99,1.0,1.0,1.0,0.0,1.0,5.0,100,3.0,1.0,1.0,"-750845,046","-1130708,199","-750845,907","-1130700,047","-750845,992","-1130700,088",BechynÏ,L·zeÚsk·,,mÌstnÌkomunikace,,561668.0,,Souhlasn˝sesmÏrem˙seku,Pomal˝,552054.0,571342.0,GN_V0.1UIR-ADR_410,1
20806190010,7,,2019-01-04,5,1700,3,0,9,2,1,2,204,0,0,0,3050,4,6,1,5,7,1,1,1,0,0,0,3,1,0,,3,12.0,16,3.0,1.0,1.0,1.0,1.0,5.0,3000,3.0,1.0,1.0,"-742664,931","-1116948,484","-742676,251","-1116926,382","-742677,65","-1116927,273",Drhovice,,,mÌstnÌkomunikace,,3308597.0,,OpaËn˝kesmÏru˙seku,Pomal˝,563307.0,,GN_V0.1UIR-ADR_410,1
20806190011,6,,2019-01-06,0,735,2,0,0,2,1,0,511,0,0,0,150,2,5,1,6,2,1,1,1,0,0,0,1,2,0,,3,12.0,12,1.0,1.0,0.0,0.0,1.0,5.0,50,9.0,,,"-734441,374","-1122734,435","-734457,548","-1122734,435","-734457,528","-1122734,396",Sezimovo⁄stÌ,Janaz⁄stÌ,,mÌstnÌkomunikace,,535503.0,,OpaËn˝kesmÏru˙seku,Pomal˝,553069.0,573931.0,GN_V0.1UIR-ADR_410,1
20806190012,6,,2019-01-07,1,2560,3,0,9,2,1,0,511,0,0,0,270,2,8,1,1,1,1,0,3,0,0,0,1,1,0,,17,,XX,,,,,,,0,,,,"-733715,123","-1134775,367","-733715,123","-1134775,367","-733713,607","-1134777,171",Klenovice,,,mÌstnÌkomunikace,,2705338.0,,OpaËn˝kesmÏru˙seku,Pomal˝,563986.0,,GN_V0.1UIR-ADR_410,1
20806190013,8,,2019-01-08,2,2560,2,0,0,2,1,0,511,0,0,0,70,1,3,1,3,1,1,1,2,0,0,10,1,2,0,,17,,XX,,,,,,,0,,,,"-736387,438","-1118858,722","-736387,438","-1118858,722","-736383,807","-1118858,687",T·bor,,,mÌstnÌkomunikace,,3320214.0,,,Pomal˝,552046.0,,GN_V0.1UIR-ADR_410,1
20806190014,6,,2019-01-07,1,1232,3,0,3,2,1,0,504,0,0,0,50,1,3,1,1,1,1,0,6,0,0,0,1,1,0,,3,47.0,17,1.0,0.0,3.0,0.0,1.0,5.0,0,9.0,,,"-734673,996","-1122238,834","-734673,996","-1122238,834","-734673,938","-1122238,488",T·bor,,,mÌstnÌkomunikace,,1716419.0,,,Pomal˝,552046.0,,GN_V0.1UIR-ADR_410,1
20806190015,6,,2019-01-08,2,1510,9,0,0,1,1,2,204,0,0,1,500,2,8,1,1,1,1,1,3,0,0,0,3,1,0,,3,13.0,17,3.0,1.0,1.0,0.0,1.0,5.0,500,3.0,1.0,1.0,"-742672,948","-1129963,649","-742672,948","-1129963,649","-742672,834","-1129963,633",,,,mÌstnÌkomunikace,,2175878.0,,,Pomal˝,560669.0,,GN_V0.1UIR-ADR_410,2
20806190016,6,,2019-01-07,1,2560,2,0,0,2,1,0,511,0,0,0,800,2,3,1,4,4,1,0,0,0,0,10,1,2,0,,17,,XX,,,,,,,0,,,,-733866,"-1120435,141",-733866,"-1120435,141","-733865,11","-1120435,717",T·bor,Ch˝novsk·,,mÌstnÌkomunikace,,1380293.0,,,Pomal˝,552046.0,,GN_V0.1UIR-ADR_410,1
20806190017,2,603.0,2019-01-09,3,2005,9,0,0,2,1,8,204,0,0,0,3100,2,8,1,5,6,1,1,8,0,0,0,3,1,0,,3,25.0,13,1.0,1.0,1.0,0.0,1.0,1.0,3000,2.0,5.0,1.0,"-735029,715","-1113842,264","-735029,715","-1113842,264","-735026,723","-1113842,976",,,,mÌstnÌkomunikace,603,3310147.0,,OpaËn˝kesmÏru˙seku,Pomal˝,552461.0,,GN_V0.1UIR-ADR_410,2
20806190018,3,14713.0,2019-01-10,4,850,9,0,0,1,1,2,204,0,0,1,500,2,5,1,5,1,1,1,8,0,0,0,2,1,0,,3,39.0,08,1.0,1.0,1.0,0.0,1.0,1.0,500,2.0,1.0,1.0,"-737762,866","-1144804,036","-737802,207","-1144814,275","-737801,902","-1144815,215",,,,silnice3.t¯Ìdy,14713,3509331.0,,Souhlasn˝sesmÏrem˙seku,Pomal˝,553271.0,,GN_V0.1UIR-ADR_410,2
20806190019,6,,2019-01-10,4,915,2,0,0,2,1,0,511,0,0,0,300,1,3,1,1,1,1,0,1,3,3,0,4,2,10,6.0,17,,XX,,,,,,,0,,,,"-735715,999","-1119634,461","-735715,999","-1119634,461","-735719,058","-1119640,54",T·bor,PalackÈho,,mÌstnÌkomunikace,,1671720.0,,Souhlasn˝sesmÏrem˙seku,Pomal˝,552046.0,577006.0,GN_V0.1UIR-ADR_410,1
20806190020,3,1249.0,2019-01-11,5,2040,2,0,0,2,1,2,511,0,0,0,300,2,8,1,5,5,1,0,1,0,0,0,1,2,0,,5,35.0,18,8.0,0.0,1.0,0.0,1.0,1.0,0,3.0,1.0,1.0,"-732304,212","-1107379,957","-732304,212","-1107379,957","-732306,803","-1107383,551",Nemyöl,,,silnice3.t¯Ìdy,1249,904617.0,,Souhlasn˝sesmÏrem˙seku,Pomal˝,552747.0,,GN_V0.1UIR-ADR_410,1
20806190021,6,,2019-01-12,6,914,2,0,0,2,1,2,508,0,0,0,200,2,6,1,1,1,1,1,1,0,0,0,1,2,0,,9,0.0,83,3.0,0.0,1.0,0.0,1.0,5.0,0,3.0,1.0,1.0,"-751053,294","-1129769,682","-751053,294","-1129769,682","-751054,581","-1129772,784",BechynÏ,sÌdl.5.kvÏtna,,mÌstnÌkomunikace,,1451861.0,,OpaËn˝kesmÏru˙seku,Pomal˝,552054.0,571504.0,GN_V0.1UIR-ADR_410,1
20806190022,1,23.0,2019-01-12,6,1735,1,3,0,1,1,2,403,0,0,2,1200,2,3,1,3,4,1,2,1,3,3,0,4,2,19,9.0,5,2.0,08,3.0,0.0,1.0,0.0,1.0,23.0,800,2.0,1.0,1.0,"-733984,622","-1141241,584","-733976,538","-1141216,794","-733976,543","-1141217,09",,,,silnice1.t¯Ìdy,23,3294483.0,,OpaËn˝kesmÏru˙seku,Pomal˝,599115.0,,GN_V0.1UIR-ADR_410,2
20806190023,1,19.0,2019-01-12,6,2000,3,0,1,2,1,2,511,0,0,0,5250,2,3,1,5,6,1,1,8,0,0,0,1,1,0,,7,62.0,15,3.0,0.0,1.0,0.0,1.0,3.0,3000,3.0,1.0,1.0,"-728770,244","-1121355,214","-728770,244","-1121355,214","-728770,023","-1121354,127",,,,silnice1.t¯Ìdy,19,1310368.0,,Souhlasn˝sesmÏrem˙seku,Pomal˝,552046.0,,GN_V0.1UIR-ADR_410,2
20806190024,2,409.0,2019-01-12,6,2560,3,0,1,2,1,0,204,0,0,0,535,2,3,1,3,1,1,1,8,0,0,0,2,1,0,,3,2.0,18,1.0,1.0,1.0,0.0,1.0,3.0,500,9.0,,,"-730518,057","-1125307,317","-730503,506","-1125286,839","-730503,256","-1125287,51",,,,silnice2.t¯Ìdy,409,2826676.0,,Souhlasn˝sesmÏrem˙seku,Pomal˝,551601.0,,GN_V0.1UIR-ADR_410,2
20806190025,2,137.0,2019-01-13,0,1910,9,0,0,2,1,9,508,0,0,0,805,2,3,1,1,6,1,1,8,0,0,0,1,1,0,,3,99.0,13,1.0,0.0,1.0,0.0,1.0,1.0,800,3.0,5.0,1.0,"-744052,508","-1127799,572","-744052,508","-1127799,572","-744049,891","-1127801,58",,,,silnice2.t¯Ìdy,137,3350124.0,,Souhlasn˝sesmÏrem˙seku,Pomal˝,552666.0,,GN_V0.1UIR-ADR_410,2
20806190026,3,1372.0,2019-01-15,2,530,2,0,0,2,1,0,508,0,0,0,150,2,5,1,1,6,1,1,1,0,0,0,1,2,0,,5,26.0,03,8.0,0.0,1.0,0.0,1.0,3.0,0,4.0,1.0,1.0,"-737974,818","-1123422,277","-737974,818","-1123422,277","-737975,227","-1123421,897",,,,silnice3.t¯Ìdy,1372,1315842.0,,Souhlasn˝sesmÏrem˙seku,Pomal˝,552933.0,,GN_V0.1UIR-ADR_410,2
20806190027,1,3.0,2019-01-19,6,2040,4,0,0,1,1,2,508,0,0,1,202,2,1,1,1,4,1,4,1,0,0,0,3,1,0,,3,38.0,18,1.0,0.0,1.0,0.0,1.0,3.0,200,3.0,1.0,1.0,"-734051,656","-1121991,007","-734051,656","-1121991,007","-734060,574","-1121993,031",T·bor,SobÏslavsk·,,silnice1.t¯Ìdy,3,532537.0,,Souhlasn˝sesmÏrem˙seku,Pomal˝,552046.0,577286.0,GN_V0.1UIR-ADR_410,1
20806190028,8,,2019-01-21,1,2560,2,0,0,2,1,0,502,0,0,0,50,2,1,1,1,1,1,1,1,3,3,10,1,2,0,,17,,XX,,,,,,,0,,,,"-733945,696","-1120387,885","-733945,696","-1120387,885","-733943,967","-1120385,42",T·bor,,,mÌstnÌkomunikace,,3320279.0,,Souhlasn˝sesmÏrem˙seku,Pomal˝,552046.0,,GN_V0.1UIR-ADR_410,1
20806190029,8,,2019-01-03,4,2560,3,0,9,2,1,0,511,0,0,0,250,2,1,1,1,1,1,1,8,3,3,10,1,1,0,,17,,XX,,,,,,,0,,,,"-734760,223","-1119831,209","-734760,223","-1119831,209","-734750,673","-1119838,812",T·bor,,,mÌstnÌkomunikace,,3320260.0,,OpaËn˝kesmÏru˙seku,Pomal˝,552046.0,,GN_V0.1UIR-ADR_410,1
20806190030,2,135.0,2019-01-21,1,1502,4,0,0,1,1,2,412,0,0,1,0,2,1,1,1,1,1,1,1,3,3,1,5,1,12,6.0,3,39.0,98,1.0,0.0,1.0,0.0,1.0,12.0,0,2.0,1.0,1.0,"-751114,259","-1130376,919","-751114,259","-1130376,919","-751115,537","-1130375,444",BechynÏ,Libuöina,,silnice2.t¯Ìdy,135,560639.0,,Souhlasn˝sesmÏrem˙seku,Pomal˝,552054.0,571300.0,GN_V0.1UIR-ADR_410,1