IDENTIFIKA»NÕ »ÕSLO,DRUH POZEMNÕ KOMUNIKACE,»ÕSLO POZEMNÕ KOMUNIKACE,"den, mÏsÌc, rok",,Ëas ,DRUH NEHODY,DRUH SR¡éKY JEDOUCÕCH VOZIDEL,DRUH PEVN… PÿEK¡éKY,CHARAKTER NEHODY,ZAVINÃNÕ NEHODY,ALKOHOL U VINÕKA NEHODY PÿÕTOMEN,HLAVNÕ PÿÕ»INY NEHODY,usmrceno osob,tÏûce zranÏno osob,lehce zranÏno osob,CELKOV¡ HMOTN¡ äKODA,DRUH POVRCHU VOZOVKY,STAV POVRCHU VOZOVKY V DOBÃ NEHODY,STAV KOMUNIKACE,POVÃTRNOSTNÕ PODMÕNKY V DOBÃ NEHODY,VIDITELNOST,ROZHLEDOV… POMÃRY,DÃLENÕ KOMUNIKACE,SITUOV¡NÕ NEHODY NA KOMUNIKACI,ÿÕZENÕ PROVOZU V DOBÃ NEHODY,MÕSTNÕ ⁄PRAVA PÿEDNOSTI V JÕZDÃ,SPECIFICK¡ MÕSTA A OBJEKTY V MÕSTÃ NEHODY,SMÃROV… POMÃRY,PO»ET Z⁄»ASTNÃN›CH VOZIDEL,MÕSTO DOPRAVNÕ NEHODY,DRUH KÿIéUJÕCÕ KOMUNIKACE,DRUH VOZIDLA,V›ROBNÕ ZNA»KA MOTOROV…HO VOZIDLA,ROK V›ROBY VOZIDLA,CHARAKTERISTIKA VOZIDLA ,SMYK,VOZIDLO PO NEHODÃ,"⁄NIK PROVOZNÕCH, PÿEPRAVOVAN›CH HMOT",ZPŸSOB VYPROäTÃNÕ OSOB Z VOZIDLA,SMÃR JÕZDY NEBO POSTAVENÕ VOZIDLA,äKODA NA VOZIDLE,KATEGORIE ÿIDI»E,STAV ÿIDI»E,VNÃJäÕ OVLIVNÃNÕ ÿIDI»E,nan.1,nan.2,nan.3,nan.4,nan.5,nan.6,nan.7,nan.8,nan.9,nan.10,nan.11,nan.12,nan.13,nan.14,nan.15,nan.16,nan.17,nan.18,LOKALITA NEHODY
20806190031,1,19.0,2019-01-21,1,2030,1,2,0,2,1,0,501,0,0,0,500,2,1,1,1,6,3,1,1,0,0,5,3,2,0,,17,,XX,,,,,,,0,,,,"-723562,414","-1121520,767","-723544,63","-1121533,701","-723544,401","-1121533,905",,,,silnice1.t¯Ìdy,19,3309393.0,,OpaËn˝kesmÏru˙seku,Pomal˝,552496.0,,GN_V0.1UIR-ADR_410,2
20806190032,3,12137.0,2019-01-23,3,1930,3,0,1,2,1,2,511,0,0,0,305,2,6,2,6,7,1,1,8,0,0,0,3,1,0,,5,26.0,10,8.0,1.0,1.0,0.0,1.0,3.0,300,3.0,1.0,1.0,"-744048,995","-1104771,57","-744048,995","-1104771,57","-744049,62","-1104772,6",,,,silnice3.t¯Ìdy,12137,2237558.0,,Souhlasn˝sesmÏrem˙seku,Pomal˝,552534.0,,GN_V0.1UIR-ADR_410,2
20806190033,6,,2019-01-24,4,1140,9,0,0,1,2,9,511,0,0,1,0,2,3,1,1,1,1,1,1,0,0,0,1,1,0,,13,0.0,,1.0,0.0,1.0,0.0,1.0,5.0,0,8.0,5.0,1.0,"-734017,094","-1136817,805","-734017,094","-1136817,805","-734018,295","-1136826,278",SobÏslav,Mr·zkova,,mÌstnÌkomunikace,,577425.0,,OpaËn˝kesmÏru˙seku,Pomal˝,553131.0,574767.0,GN_V0.1UIR-ADR_410,1
20806190034,6,,2019-01-25,5,840,2,0,0,2,1,0,504,0,0,0,100,2,1,1,1,1,1,1,1,0,0,0,3,2,0,,3,39.0,11,1.0,0.0,1.0,0.0,1.0,5.0,50,2.0,1.0,1.0,"-734929,977","-1120355,446","-734938,061","-1120351,134","-734938,16","-1120347,469",T·bor,KomenskÈho,,mÌstnÌkomunikace,,525876.0,,Souhlasn˝sesmÏrem˙seku,Pomal˝,552046.0,576204.0,GN_V0.1UIR-ADR_410,1
20806190035,3,1209.0,2019-01-25,5,1115,9,0,0,2,1,2,204,0,0,0,1220,2,5,1,5,1,1,1,8,0,0,0,2,1,0,,5,44.0,11,9.0,1.0,1.0,0.0,1.0,1.0,1200,2.0,1.0,1.0,"-737866,623","-1108150,08","-737874,708","-1108149,541","-737875,97","-1108150,215",,,,silnice3.t¯Ìdy,1209,2162944.0,,OpaËn˝kesmÏru˙seku,Pomal˝,552101.0,,GN_V0.1UIR-ADR_410,2
20806190036,3,335.0,2019-01-25,5,1640,1,3,0,2,1,0,501,0,0,0,200,2,1,1,1,1,1,1,1,0,0,0,1,2,0,,17,,XX,,,,,,,0,,,,"-732660,863","-1116135,537","-732667,869","-1116137,692","-732667,84","-1116137,674",,,,silnice3.t¯Ìdy,0335,2163271.0,,Souhlasn˝sesmÏrem˙seku,Pomal˝,552461.0,,GN_V0.1UIR-ADR_410,2
20806190037,6,,2019-01-26,6,1130,1,3,0,2,1,2,204,0,0,0,1300,2,6,1,5,1,1,1,1,0,0,0,1,4,0,,3,35.0,11,1.0,1.0,1.0,0.0,1.0,5.0,300,2.0,1.0,1.0,"-733231,802","-1123868,851","-733231,802","-1123868,851","-733242,586","-1123878,649",Sezimovo⁄stÌ,Dukelsk·,,mÌstnÌkomunikace,,1671996.0,,Souhlasn˝sesmÏrem˙seku,Pomal˝,553069.0,573884.0,GN_V0.1UIR-ADR_410,1
20806190038,1,3.0,2019-01-27,0,2115,6,0,0,2,4,0,100,0,0,0,550,2,3,1,1,6,1,1,1,0,0,0,1,1,0,,3,4.0,17,1.0,0.0,1.0,0.0,1.0,1.0,500,2.0,1.0,1.0,"-743463,558","-1149930,745","-743458,168","-1149938,829","-743457,86","-1149939,111",,,,silnice1.t¯Ìdy,3,2194636.0,,Souhlasn˝sesmÏrem˙seku,Pomal˝,535435.0,,GN_V0.1UIR-ADR_410,2
20806190039,3,1376.0,2019-01-28,1,400,9,0,0,1,1,2,511,0,0,1,200,2,3,1,1,6,1,1,8,0,0,0,2,1,0,,3,32.0,13,1.0,1.0,1.0,0.0,1.0,1.0,200,2.0,1.0,1.0,"-734456,032","-1126401,012","-734480,283","-1126424,724","-734480,273","-1126424,805",,,,silnice3.t¯Ìdy,1376,2830071.0,,OpaËn˝kesmÏru˙seku,Pomal˝,552828.0,,GN_V0.1UIR-ADR_410,2
20806190040,3,10549.0,2019-01-28,1,950,9,0,0,1,1,2,204,0,0,1,150,2,5,1,6,1,1,1,1,0,0,0,2,1,0,,3,35.0,08,1.0,0.0,0.0,0.0,1.0,3.0,150,2.0,1.0,1.0,"-749390,393","-1118541,791","-749390,393","-1118541,791","-749400,39","-1118546,184",,,,silnice3.t¯Ìdy,10549,3476442.0,,Souhlasn˝sesmÏrem˙seku,Pomal˝,552801.0,,GN_V0.1UIR-ADR_410,2
20806190041,2,147.0,2019-01-25,5,2560,3,0,1,2,1,0,511,0,0,0,25,2,3,1,1,4,1,1,8,3,3,0,5,1,19,6.0,17,,XX,,,,,,,0,,,,"-735690,245","-1145218,058","-735690,245","-1145218,058","-735689,016","-1145214,716",VeselÌnadLuûnicÌ,Jind¯ichohradeck·,,silnice2.t¯Ìdy,147,597683.0,,Souhlasn˝sesmÏrem˙seku,Pomal˝,553271.0,578631.0,GN_V0.1UIR-ADR_410,1
20806190042,3,1371.0,2019-01-28,1,1910,2,0,0,2,1,2,510,0,0,0,1400,2,3,1,6,4,1,1,3,0,0,0,1,2,0,,3,17.0,18,1.0,0.0,1.0,0.0,1.0,1.0,600,2.0,1.0,1.0,"-736451,738","-1120168,342","-736451,738","-1120168,342","-736453,468","-1120171,955",T·bor,BechyÚsk·,,silnice3.t¯Ìdy,1371,525227.0,,Souhlasn˝sesmÏrem˙seku,Pomal˝,552046.0,575534.0,GN_V0.1UIR-ADR_410,1
20806190043,1,3.0,2019-01-30,3,855,1,2,0,1,1,2,502,0,0,1,2510,2,3,1,1,1,1,1,1,3,3,0,7,2,13,2.0,3,47.0,14,8.0,0.0,1.0,0.0,1.0,31.0,2500,3.0,1.0,1.0,"-733666,82","-1125657,725","-733691,656","-1125664,306","-733691,656","-1125664,305",Plan·nadLuûnicÌ,»SLA,,silnice1.t¯Ìdy,3,2555962.0,,,Pomal˝,552828.0,573396.0,GN_V0.1UIR-ADR_410,1
20806190044,6,,2019-01-30,3,1418,2,0,0,2,1,0,504,0,0,0,50,2,2,1,1,1,1,1,1,0,0,10,1,2,0,,17,,XX,,,,,,,0,,,,"-734946,757","-1119746,601","-734939,864","-1119742,675","-734939,94","-1119742,72",T·bor,Nerudova,,mÌstnÌkomunikace,,717536.0,,Souhlasn˝sesmÏrem˙seku,Pomal˝,552046.0,576948.0,GN_V0.1UIR-ADR_410,1
20806190045,2,135.0,2019-01-30,3,1640,1,3,0,1,1,2,402,0,0,3,1650,2,3,1,1,1,1,1,1,3,3,0,4,2,19,3.0,7,26.0,08,9.0,0.0,1.0,1.0,1.0,31.0,600,3.0,1.0,1.0,"-727370,879","-1134476,784","-727334,504","-1134459,781","-727334,503","-1134459,781",TuËapy,,,silnice2.t¯Ìdy,135,3262854.0,,,Pomal˝,553239.0,,GN_V0.1UIR-ADR_410,1
20806190046,6,,2019-01-31,4,2560,2,0,0,2,1,0,511,0,0,0,30,2,1,1,1,1,1,1,1,3,3,0,5,2,10,6.0,17,,XX,,,,,,,0,,,,"-734982,565","-1119890,695","-734963,703","-1119911,713","-734963,555","-1119911,743",T·bor,HavlÌËkova,,mÌstnÌkomunikace,,524521.0,,Souhlasn˝sesmÏrem˙seku,Pomal˝,552046.0,575909.0,GN_V0.1UIR-ADR_410,1
20806190047,6,,2019-01-31,4,1000,4,0,0,1,1,0,508,0,0,1,0,2,1,1,1,1,1,1,1,0,0,0,1,1,0,,17,,XX,,,,,,,0,,,,"-734330,954","-1122532,452","-734330,954","-1122532,452","-734343,904","-1122530,714",T·bor,BerlÌnsk·,,mÌstnÌkomunikace,,2829843.0,,OpaËn˝kesmÏru˙seku,Pomal˝,552046.0,575542.0,GN_V0.1UIR-ADR_410,1
30040190001,0,5.0,2019-01-01,2,2560,3,0,4,2,1,0,204,0,0,0,800,2,3,1,1,1,1,3,1,3,5,0,5,1,22,9.0,17,,XX,,,,,,,0,,,,"-813202,212","-1072240,766","-813202,212","-1072240,766","-813202,269","-1072240,85",,,,d·lnice,D5,1439865,,Souhlasn˝sesmÏrem˙seku,Pomal˝,559792.0,,GN_V0.1UIR-ADR_410,2
30041191001,0,5.0,2019-01-01,2,2140,3,0,4,2,1,2,204,0,0,0,820,3,3,1,5,7,1,3,1,3,5,0,1,1,0,,3,60.0,13,1.0,1.0,1.0,0.0,1.0,3.0,700,2.0,1.0,1.0,"-864213,087","-1063063,097","-864213,087","-1063063,097","-864213,376","-1063058,57",,,,d·lnice,D5,1851862,,Souhlasn˝sesmÏrem˙seku,Pomal˝,560758.0,,GN_V0.1UIR-ADR_410,2
30041191002,0,5.0,2019-01-01,2,2300,3,0,4,2,1,2,204,0,0,0,850,3,3,1,5,7,1,3,1,3,5,0,1,1,0,,3,12.0,06,1.0,1.0,1.0,0.0,1.0,1.0,700,4.0,1.0,1.0,"-884919,363","-1071516,933","-884919,363","-1071516,933","-884917,484","-1071522,927",,,,d·lnice,D5,1374141,,Souhlasn˝sesmÏrem˙seku,Pomal˝,561169.0,,GN_V0.1UIR-ADR_410,2
30041191003,0,5.0,2019-01-02,3,2110,3,0,4,2,1,2,204,0,0,0,1010,3,8,1,5,7,1,3,1,0,0,0,1,1,0,,3,4.0,10,2.0,0.0,1.0,0.0,1.0,3.0,1000,2.0,1.0,1.0,"-852999,388","-1069669,024","-852999,388","-1069669,024","-852997,943","-1069665,055",,,,d·lnice,D5,3069708,,OpaËn˝kesmÏru˙seku,Pomal˝,560928.0,,GN_V0.1UIR-ADR_410,2
30041191004,0,5.0,2019-01-07,1,1503,0,0,0,2,1,0,516,0,0,0,200,3,1,1,1,1,1,3,1,0,0,0,1,2,0,,17,,XX,,,,,,,0,,,,"-842718,789","-1069305,127","-842718,789","-1069305,127","-842720,805","-1069313,862",,,,d·lnice,D5,3069744,,Souhlasn˝sesmÏrem˙seku,Pomal˝,530221.0,,GN_V0.1UIR-ADR_410,2
30041191005,0,5.0,2019-01-08,2,350,3,0,4,1,1,2,204,0,0,2,1880,3,8,1,5,7,1,3,1,0,0,0,1,2,0,,3,39.0,03,1.0,1.0,1.0,0.0,1.0,1.0,300,2.0,1.0,1.0,"-882812,046","-1070177,928","-882812,046","-1070177,928","-882811,168","-1070184,584",,,,d·lnice,D5,3069712,,Souhlasn˝sesmÏrem˙seku,Rychl˝,561169.0,,GN_V0.1UIR-ADR_410,2
30041191006,0,5.0,2019-01-08,2,1940,3,0,4,2,1,2,204,0,0,0,1135,3,3,1,5,7,1,3,1,0,0,0,1,1,0,,3,2.0,06,9.0,1.0,1.0,0.0,1.0,1.0,800,2.0,1.0,1.0,"-874295,913","-1067882,004","-874295,913","-1067882,004","-874296,443","-1067880,799",,,,d·lnice,D5,3069672,,Souhlasn˝sesmÏrem˙seku,Pomal˝,561151.0,,GN_V0.1UIR-ADR_410,2
30041191007,0,5.0,2019-01-10,4,1315,3,0,4,2,1,0,411,0,0,0,1010,3,5,1,5,3,1,3,1,0,0,0,1,2,0,,17,,XX,,,,,,,0,,,,"-832223,759","-1072401,706","-832223,759","-1072401,706","-832223,759","-1072401,672",,,,d·lnice,D5,3069730,,Souhlasn˝sesmÏrem˙seku,Rychl˝,559164.0,,GN_V0.1UIR-ADR_410,2
30041191008,0,5.0,2019-01-11,5,1555,3,0,4,2,1,2,204,0,0,0,1120,3,8,1,5,3,1,3,1,0,0,0,1,1,0,,3,60.0,10,1.0,1.0,1.0,0.0,1.0,3.0,1000,2.0,1.0,1.0,"-842253,312","-1069447,247","-842253,312","-1069447,247","-842255,101","-1069452,952",,,,d·lnice,D5,1344672,,Souhlasn˝sesmÏrem˙seku,Pomal˝,530221.0,,GN_V0.1UIR-ADR_410,2
30041191009,0,5.0,2019-01-11,5,1620,3,0,9,1,1,2,204,0,0,1,1000,3,8,1,5,3,0,5,1,0,0,0,1,1,0,,3,36.0,04,9.0,1.0,1.0,0.0,1.0,3.0,1000,3.0,1.0,1.0,"-859691,618","-1064997,421","-859691,618","-1064997,421","-859686,808","-1064993,887",,,,d·lnice,D5,3069677,,OpaËn˝kesmÏru˙seku,Rychl˝,560758.0,,GN_V0.1UIR-ADR_410,2
30041191010,0,5.0,2019-01-11,5,1740,3,0,4,2,1,2,204,0,0,0,250,3,8,1,5,7,1,3,1,0,0,0,1,1,0,,7,26.0,17,9.0,1.0,1.0,0.0,1.0,3.0,0,3.0,1.0,1.0,"-859279,741","-1065479,563","-859279,741","-1065479,563","-859276,515","-1065476,354",,,,d·lnice,D5,3069677,,Souhlasn˝sesmÏrem˙seku,Pomal˝,560758.0,,GN_V0.1UIR-ADR_410,2
30041191011,0,5.0,2019-01-11,5,2155,3,0,4,2,1,2,204,0,0,0,5500,3,5,1,5,6,1,5,1,0,0,0,1,1,0,,7,10.0,18,9.0,1.0,1.0,1.0,1.0,3.0,4000,3.0,1.0,1.0,"-874352,695","-1067917,662","-874352,695","-1067917,662","-874351,921","-1067919,28",,,,d·lnice,D5,3069671,,Souhlasn˝sesmÏrem˙seku,Pomal˝,561151.0,,GN_V0.1UIR-ADR_410,2
30041191012,0,5.0,2019-01-12,6,2045,3,0,4,2,1,2,204,0,0,0,1700,3,8,1,5,7,1,3,3,0,0,0,1,1,0,,6,26.0,17,3.0,1.0,1.0,0.0,1.0,3.0,1000,3.0,1.0,1.0,"-877969,41","-1068690,581","-877969,41","-1068690,581","-877969,797","-1068696,095",,,,d·lnice,D5,3069699,,Souhlasn˝sesmÏrem˙seku,Pomal˝,561169.0,,GN_V0.1UIR-ADR_410,2
30041191013,0,5.0,2019-01-13,0,1710,3,0,4,2,1,2,204,0,0,0,690,3,3,1,5,2,1,5,3,0,0,0,1,1,0,,3,32.0,02,1.0,1.0,1.0,0.0,1.0,1.0,300,2.0,1.0,1.0,"-874306,184","-1067886,765","-874306,184","-1067886,765","-874306,803","-1067885,359",,,,d·lnice,D5,3069672,,Souhlasn˝sesmÏrem˙seku,Pomal˝,561151.0,,GN_V0.1UIR-ADR_410,2
30041191014,0,5.0,2019-01-18,5,215,3,0,4,2,1,2,204,0,0,0,870,3,6,1,6,6,1,3,3,0,0,0,1,1,0,,5,29.0,00,9.0,1.0,1.0,0.0,1.0,3.0,500,3.0,1.0,1.0,"-873277,458","-1067637,279","-873277,458","-1067637,279","-873276,17","-1067643,326",,,,d·lnice,D5,3069722,,OpaËn˝kesmÏru˙seku,Pomal˝,561151.0,,GN_V0.1UIR-ADR_410,2
30041191015,0,5.0,2019-01-18,5,1510,1,1,0,1,1,0,501,0,0,1,1250,3,1,1,1,1,1,1,1,3,5,0,1,2,0,,3,12.0,,1.0,0.0,4.0,0.0,1.0,1.0,200,9.0,,,"-829892,298","-1072779,945","-829892,298","-1072779,945","-829892,111","-1072779,515",,,,d·lnice,D5,373517,,Souhlasn˝sesmÏrem˙seku,Pomal˝,559580.0,,GN_V0.1UIR-ADR_410,2
30041191016,0,5.0,2019-01-22,2,1147,0,0,0,2,1,2,516,0,0,0,800,3,1,1,1,1,1,3,1,0,0,0,1,1,0,,7,40.0,08,3.0,0.0,1.0,1.0,1.0,1.0,210,4.0,1.0,1.0,"-858520,289","-1066054,804","-858520,289","-1066054,804","-858522,703","-1066058,7",,,,d·lnice,D5,715140,,Souhlasn˝sesmÏrem˙seku,Pomal˝,560723.0,,GN_V0.1UIR-ADR_410,2
30041191017,0,5.0,2019-01-24,4,2100,3,0,9,2,1,2,511,0,0,0,2150,3,3,1,1,6,1,3,1,0,0,0,1,1,0,,7,62.0,12,9.0,1.0,1.0,0.0,1.0,1.0,1000,3.0,1.0,1.0,"-870228,775","-1065653,847","-870228,775","-1065653,847","-870223,325","-1065661,374",,,,d·lnice,D5,3069674,,Souhlasn˝sesmÏrem˙seku,Pomal˝,560758.0,,GN_V0.1UIR-ADR_410,2
30041191018,0,5.0,2019-01-26,6,815,3,0,4,2,1,2,204,0,0,0,1000,3,8,1,5,1,1,5,1,0,0,0,1,1,0,,5,26.0,11,3.0,1.0,1.0,0.0,1.0,3.0,400,2.0,1.0,1.0,"-855139,986","-1068215,592","-855139,986","-1068215,592","-855143,215","-1068219,328",,,,d·lnice,D5,715268,,Souhlasn˝sesmÏrem˙seku,Pomal˝,560928.0,,GN_V0.1UIR-ADR_410,2
30041191019,0,5.0,2019-01-26,6,855,1,4,0,2,1,2,204,0,0,0,3500,3,3,1,5,3,1,5,1,0,0,0,1,2,0,,7,62.0,13,6.0,1.0,1.0,0.0,1.0,3.0,0,3.0,1.0,1.0,"-855310,589","-1068082,444","-855310,589","-1068082,444","-855308,282","-1068079,624",,,,d·lnice,D5,1344585,,OpaËn˝kesmÏru˙seku,Pomal˝,560723.0,,GN_V0.1UIR-ADR_410,2
30041191020,0,5.0,2019-01-26,6,1018,3,0,9,1,1,2,204,0,0,2,1300,3,8,1,5,1,1,3,8,0,0,0,1,1,0,,7,10.0,18,9.0,1.0,1.0,0.0,1.0,3.0,1000,4.0,1.0,1.0,"-876771,2","-1068779,734","-876771,2","-1068779,734","-876771,227","-1068780,128",,,,d·lnice,D5,1852298,,Souhlasn˝sesmÏrem˙seku,Pomal˝,561151.0,,GN_V0.1UIR-ADR_410,2
30041191021,0,5.0,2019-01-26,6,1900,3,0,4,2,1,2,204,0,0,0,910,3,3,1,1,6,1,5,1,0,0,0,1,1,0,,3,48.0,05,1.0,1.0,1.0,0.0,1.0,3.0,800,2.0,1.0,1.0,"-875314,239","-1068635,822","-875314,239","-1068635,822","-875326,418","-1068615,704",,,,d·lnice,D5,3069669,,OpaËn˝kesmÏru˙seku,Rychl˝,561151.0,,GN_V0.1UIR-ADR_410,2
30041191022,0,5.0,2019-01-29,2,1320,3,0,4,2,1,2,204,0,0,0,710,3,8,1,5,3,1,3,3,0,0,0,1,1,0,,3,16.0,98,1.0,1.0,1.0,0.0,1.0,1.0,500,3.0,1.0,1.0,"-861927,958","-1063068,679","-861927,958","-1063068,679","-861930,823","-1063076,56",,,,d·lnice,D5,715044,,Souhlasn˝sesmÏrem˙seku,Pomal˝,560758.0,,GN_V0.1UIR-ADR_410,2
30041191023,0,5.0,2019-01-30,3,545,1,3,0,2,1,0,411,0,0,0,1200,3,3,1,6,6,1,5,1,0,0,0,1,2,0,,17,,XX,,,,,,,0,,,,"-875709,086","-1068773,124","-875709,086","-1068773,124","-875708,755","-1068774,313",,,,d·lnice,D5,1852302,,Souhlasn˝sesmÏrem˙seku,Pomal˝,561151.0,,GN_V0.1UIR-ADR_410,2
30041191025,0,5.0,2019-02-03,0,1130,3,0,4,2,1,2,204,0,0,0,1100,3,5,1,5,3,1,5,1,0,0,0,1,1,0,,3,2.0,18,9.0,1.0,1.0,1.0,1.0,1.0,1000,2.0,1.0,1.0,"-863708,17","-1062974,32","-863708,17","-1062974,32","-863703,973","-1063003,061",,,,d·lnice,D5,3069690,,Souhlasn˝sesmÏrem˙seku,Pomal˝,560758.0,,GN_V0.1UIR-ADR_410,2
30106190001,1,22.0,2019-01-01,2,2560,3,0,3,2,1,0,511,0,0,0,50,2,3,1,1,4,1,1,1,3,3,1,7,1,19,6.0,17,,XX,,,,,,,0,,,,"-860835,275","-1097868,908","-860832,063","-1097863,018","-860832,107","-1097863,085",Domaûlice,28.¯Ìjna,,silnice1.t¯Ìdy,22,975400,,Souhlasn˝sesmÏrem˙seku,Pomal˝,553425.0,98132.0,GN_V0.1UIR-ADR_410,1
30106190002,6,,2019-01-01,2,2560,2,0,0,2,1,0,504,0,0,0,50,1,1,1,1,4,1,1,0,0,0,10,1,2,0,,17,,XX,,,,,,,0,,,,"-859480,247","-1098437,815","-859482,926","-1098438,351","-859482,996","-1098439,126",Domaûlice,Sp·len·,,mÌstnÌkomunikace,,450043,,Souhlasn˝sesmÏrem˙seku,Pomal˝,553425.0,98264.0,GN_V0.1UIR-ADR_410,1
30106190003,2,196.0,2019-01-02,3,2238,3,0,9,2,1,9,204,0,0,0,500,2,8,1,1,4,1,1,8,0,0,0,2,2,0,,3,4.0,01,1.0,1.0,1.0,0.0,1.0,3.0,300,2.0,5.0,1.0,"-861916,697","-1090843,477","-861916,162","-1090841,335","-861916,063","-1090841,218",Meclov,,,silnice2.t¯Ìdy,196,960357,,OpaËn˝kesmÏru˙seku,Pomal˝,553913.0,,GN_V0.1UIR-ADR_410,1
30106190004,3,19524.0,2019-01-03,4,650,3,0,1,1,1,2,204,0,0,1,200,2,3,1,1,6,1,1,1,0,0,0,2,1,0,,3,32.0,91,1.0,1.0,1.0,0.0,1.0,1.0,190,2.0,1.0,1.0,"-865885,205","-1094786,058","-865885,205","-1094786,058","-865885,304","-1094787,873",,,,silnice3.t¯Ìdy,19524,962107,,OpaËn˝kesmÏru˙seku,Pomal˝,599182.0,,GN_V0.1UIR-ADR_410,2
30106190005,2,197.0,2019-01-05,6,130,2,0,0,2,1,0,504,0,0,0,300,2,3,1,1,4,1,1,1,3,3,0,1,3,0,,17,,XX,,,,,,,0,,,,"-858498,789","-1088707,179","-858498,789","-1088707,179","-858498,044","-1088709,729",Horöovsk˝T˝n,,,silnice2.t¯Ìdy,197,2657608,,OpaËn˝kesmÏru˙seku,Pomal˝,553671.0,,GN_V0.1UIR-ADR_410,1
30106190006,3,19346.0,2019-01-06,0,610,9,0,0,2,1,2,201,0,0,0,5010,2,6,1,1,6,1,1,8,3,3,0,5,1,19,3.0,6,40.0,15,3.0,0.0,1.0,0.0,1.0,24.0,4000,3.0,1.0,1.0,"-849517,05","-1084661,728","-849517,05","-1084661,728","-849519,54","-1084663,985",,,,silnice3.t¯Ìdy,19346,3400775,,OpaËn˝kesmÏru˙seku,Pomal˝,566101.0,,GN_V0.1UIR-ADR_410,2
30106190007,6,,2019-01-05,6,1214,3,0,9,2,1,0,504,0,0,0,50,2,3,1,1,1,1,1,8,0,0,0,1,1,0,,5,7.0,17,2.0,0.0,3.0,0.0,1.0,5.0,0,2.0,1.0,1.0,"-859618,024","-1098368,309","-859627,131","-1098367,773","-859627,285","-1098367,773",Domaûlice,KostelnÌ,,mÌstnÌkomunikace,,449975,,Souhlasn˝sesmÏrem˙seku,Pomal˝,553425.0,98221.0,GN_V0.1UIR-ADR_410,1
30106190008,3,1907.0,2019-01-07,1,1345,3,0,9,2,1,2,511,0,0,0,900,2,1,1,1,1,1,1,8,0,0,5,2,1,0,,3,39.0,11,1.0,0.0,1.0,0.0,1.0,1.0,800,3.0,1.0,1.0,"-857991,975","-1101692,456","-857990,887","-1101690,28","-857990,777","-1101690,242",,,,silnice3.t¯Ìdy,1907,3408215,,OpaËn˝kesmÏru˙seku,Pomal˝,553981.0,,GN_V0.1UIR-ADR_410,2
30106190009,2,193.0,2019-01-07,1,1700,1,2,0,1,1,0,501,0,0,1,50,2,3,1,4,2,1,1,1,0,0,0,3,2,0,,17,,XX,,,,,,,0,,,,"-857972,662","-1093900,879","-857978,555","-1093898,737","-857977,847","-1093899,062",,,,silnice2.t¯Ìdy,193,2359820,,Souhlasn˝sesmÏrem˙seku,Pomal˝,553913.0,,GN_V0.1UIR-ADR_410,2
30106190010,6,,2019-01-08,2,745,9,0,0,2,1,2,204,0,0,0,5,2,6,1,6,2,1,1,3,0,0,0,1,1,0,,7,10.0,18,3.0,0.0,1.0,0.0,1.0,5.0,0,3.0,1.0,1.0,"-866976,114","-1108151,83","-866976,114","-1108151,83","-866972,411","-1108147,263",,,,mÌstnÌkomunikace,,1840948,,Souhlasn˝sesmÏrem˙seku,Pomal˝,553549.0,,GN_V0.1UIR-ADR_410,2
30106190011,3,1962.0,2019-01-09,3,1000,3,0,1,1,1,2,511,0,0,1,500,2,8,1,1,1,1,1,8,0,0,0,1,1,0,,3,4.0,97,1.0,1.0,1.0,0.0,1.0,1.0,450,2.0,1.0,1.0,"-862168,571","-1088770,415","-862168,571","-1088770,415","-862168,2","-1088770,452",,,,silnice3.t¯Ìdy,1962,959772,,Souhlasn˝sesmÏrem˙seku,Pomal˝,554278.0,,GN_V0.1UIR-ADR_410,2
30106190012,1,22.0,2019-01-09,3,2217,3,0,9,2,1,0,511,0,0,0,750,2,8,1,5,5,1,1,8,0,0,0,2,1,0,,3,47.0,01,1.0,1.0,1.0,0.0,1.0,3.0,400,3.0,1.0,1.0,"-846298,128","-1108839,217","-846298,128","-1108839,217","-846301,617","-1108843,251",Libkov,,,silnice1.t¯Ìdy,22,1839844,,OpaËn˝kesmÏru˙seku,Pomal˝,553859.0,,GN_V0.1UIR-ADR_410,1
30106190013,3,18310.0,2019-01-09,3,2200,3,0,2,2,1,2,204,0,0,0,40,2,3,1,1,4,1,1,1,0,0,0,1,1,0,,3,26.0,96,1.0,1.0,1.0,0.0,1.0,3.0,30,2.0,1.0,1.0,"-855823,516","-1091611,749","-855823,516","-1091611,749","-855825,534","-1091606,384",Horöovsk˝T˝n,,,silnice3.t¯Ìdy,18310,3094264,,Souhlasn˝sesmÏrem˙seku,Pomal˝,553671.0,,GN_V0.1UIR-ADR_410,1