IDENTIFIKA»NÕ »ÕSLO,DRUH POZEMNÕ KOMUNIKACE,»ÕSLO POZEMNÕ KOMUNIKACE,"den, mÏsÌc, rok",,Ëas ,DRUH NEHODY,DRUH SR¡éKY JEDOUCÕCH VOZIDEL,DRUH PEVN… PÿEK¡éKY,CHARAKTER NEHODY,ZAVINÃNÕ NEHODY,ALKOHOL U VINÕKA NEHODY PÿÕTOMEN,HLAVNÕ PÿÕ»INY NEHODY,usmrceno osob,tÏûce zranÏno osob,lehce zranÏno osob,CELKOV¡ HMOTN¡ äKODA,DRUH POVRCHU VOZOVKY,STAV POVRCHU VOZOVKY V DOBÃ NEHODY,STAV KOMUNIKACE,POVÃTRNOSTNÕ PODMÕNKY V DOBÃ NEHODY,VIDITELNOST,ROZHLEDOV… POMÃRY,DÃLENÕ KOMUNIKACE,SITUOV¡NÕ NEHODY NA KOMUNIKACI,ÿÕZENÕ PROVOZU V DOBÃ NEHODY,MÕSTNÕ ⁄PRAVA PÿEDNOSTI V JÕZDÃ,SPECIFICK¡ MÕSTA A OBJEKTY V MÕSTÃ NEHODY,SMÃROV… POMÃRY,PO»ET Z⁄»ASTNÃN›CH VOZIDEL,MÕSTO DOPRAVNÕ NEHODY,DRUH KÿIéUJÕCÕ KOMUNIKACE,DRUH VOZIDLA,V›ROBNÕ ZNA»KA MOTOROV…HO VOZIDLA,ROK V›ROBY VOZIDLA,CHARAKTERISTIKA VOZIDLA ,SMYK,VOZIDLO PO NEHODÃ,"⁄NIK PROVOZNÕCH, PÿEPRAVOVAN›CH HMOT",ZPŸSOB VYPROäTÃNÕ OSOB Z VOZIDLA,SMÃR JÕZDY NEBO POSTAVENÕ VOZIDLA,äKODA NA VOZIDLE,KATEGORIE ÿIDI»E,STAV ÿIDI»E,VNÃJäÕ OVLIVNÃNÕ ÿIDI»E,nan.1,nan.2,nan.3,nan.4,nan.5,nan.6,nan.7,nan.8,nan.9,nan.10,nan.11,nan.12,nan.13,nan.14,nan.15,nan.16,nan.17,nan.18,LOKALITA NEHODY
30106190014,2,183.0,2019-01-10,4,1610,1,1,0,1,1,2,204,0,0,2,800,2,5,1,1,1,1,1,1,0,0,0,2,2,0,,3,39.0,04,1.0,1.0,1.0,0.0,1.0,1.0,200,3.0,1.0,1.0,"-858673,367","-1098676,22","-858673,367","-1098676,22","-858673,606","-1098675,609",Domaûlice,Chrastavick·,,silnice2.t¯Ìdy,183,451148,,Souhlasn˝sesmÏrem˙seku,Pomal˝,553425.0,97675.0,GN_V0.1UIR-ADR_410,1
30106190015,6,,2019-01-11,5,1045,2,0,0,2,1,0,504,0,0,0,100,2,3,1,1,1,1,1,1,0,0,10,1,2,0,,5,19.0,18,3.0,0.0,1.0,0.0,1.0,5.0,0,3.0,1.0,1.0,"-857270,741","-1089203,578","-857270,741","-1089203,578","-857275,259","-1089203,832",Horöovsk˝T˝n,Husovon·mÏstÌ,,mÌstnÌkomunikace,,422043,,OpaËn˝kesmÏru˙seku,Pomal˝,553671.0,98981.0,GN_V0.1UIR-ADR_410,1
30106190016,3,18410.0,2019-01-11,5,1400,3,0,2,2,1,2,204,0,0,0,250,2,6,1,5,3,1,1,8,0,0,0,1,1,0,,3,39.0,01,1.0,1.0,1.0,0.0,1.0,3.0,200,3.0,1.0,1.0,"-847505,822","-1099835,931","-847505,822","-1099835,931","-847503,974","-1099841,886",,,,silnice3.t¯Ìdy,18410,1839360,,Souhlasn˝sesmÏrem˙seku,Pomal˝,554448.0,,GN_V0.1UIR-ADR_410,2
30106190017,3,223.0,2019-01-11,5,1445,3,0,2,2,1,0,511,0,0,0,100,2,6,1,5,3,1,1,3,3,4,2,6,1,10,6.0,17,,XX,,,,,,,0,,,,"-852462,799","-1104890,839","-852482,619","-1104906,374","-852485,813","-1104904,481",KdynÏ,Americk·,,silnice3.t¯Ìdy,0223,2657864,,OpaËn˝kesmÏru˙seku,Pomal˝,553786.0,99571.0,GN_V0.1UIR-ADR_410,1
30106190018,2,193.0,2019-01-12,6,800,3,0,3,2,1,2,510,0,0,0,20,2,5,1,5,2,1,1,8,0,0,0,3,1,0,,7,10.0,17,9.0,0.0,1.0,0.0,1.0,3.0,0,4.0,1.0,1.0,"-856396,55","-1084459,303","-856396,55","-1084459,303","-856397,147","-1084459,098",,,,silnice2.t¯Ìdy,193,3264421,,OpaËn˝kesmÏru˙seku,Pomal˝,553671.0,,GN_V0.1UIR-ADR_410,2
30106190019,3,19524.0,2019-01-13,0,634,9,0,0,1,1,2,204,0,0,1,50,2,6,1,1,6,3,1,8,0,0,0,3,1,0,,3,32.0,00,1.0,1.0,1.0,0.0,1.0,1.0,50,2.0,1.0,1.0,"-865868,293","-1094788,639","-865868,293","-1094788,639","-865868,302","-1094788,801",,,,silnice3.t¯Ìdy,19524,962107,,OpaËn˝kesmÏru˙seku,Pomal˝,599182.0,,GN_V0.1UIR-ADR_410,2
30106190020,6,,2019-01-14,1,735,3,0,3,2,1,2,204,0,0,0,90,2,6,1,1,2,1,1,1,3,3,0,4,1,10,6.0,7,10.0,17,3.0,1.0,1.0,0.0,1.0,5.0,80,4.0,1.0,1.0,"-866674,111","-1107571,877","-866674,111","-1107571,877","-866675,406","-1107573,37",»esk·Kubice,,,mÌstnÌkomunikace,,1477844,,OpaËn˝kesmÏru˙seku,Pomal˝,553549.0,,GN_V0.1UIR-ADR_410,1
30106190021,2,196.0,2019-01-14,1,1758,1,2,0,1,1,2,511,0,0,1,1000,2,3,1,5,7,1,1,1,3,3,0,4,2,19,2.0,3,2.0,06,1.0,0.0,1.0,0.0,1.0,13.0,250,2.0,1.0,1.0,"-861473,743","-1091375,314","-861473,743","-1091375,314","-861480,4","-1091382,359",,,,silnice2.t¯Ìdy,196,960619,,OpaËn˝kesmÏru˙seku,Pomal˝,553913.0,,GN_V0.1UIR-ADR_410,2
30106190022,2,189.0,2019-01-16,3,635,1,1,0,1,1,2,403,0,0,3,710,2,3,1,1,6,1,1,1,3,3,0,4,2,19,3.0,3,39.0,04,3.0,0.0,1.0,0.0,1.0,41.0,400,2.0,1.0,1.0,"-864011,088","-1096080,061","-864011,088","-1096080,061","-864009,601","-1096082,357",,,,silnice2.t¯Ìdy,189,1839631,,Souhlasn˝sesmÏrem˙seku,Pomal˝,553581.0,,GN_V0.1UIR-ADR_410,2
30106190023,1,26.0,2019-01-16,3,1240,1,1,0,1,1,2,305,0,0,1,1250,2,1,1,1,1,1,1,1,3,3,0,3,2,0,,3,39.0,11,1.0,0.0,1.0,0.0,1.0,3.0,1000,2.0,1.0,1.0,"-863383,403","-1097899,243","-863383,403","-1097899,243","-863380,565","-1097898,133",,,,silnice1.t¯Ìdy,26,2660217,,Souhlasn˝sesmÏrem˙seku,Pomal˝,554383.0,,GN_V0.1UIR-ADR_410,2
30106190024,1,26.0,2019-01-17,4,857,1,4,0,2,1,2,503,0,0,0,200,2,1,1,1,1,1,1,1,0,0,7,1,2,0,,3,31.0,99,1.0,0.0,3.0,0.0,1.0,1.0,100,2.0,1.0,1.0,"-849795,215","-1088338,445","-849794,143","-1088343,802","-849794,085","-1088344,072",,,,silnice1.t¯Ìdy,26,418993,,OpaËn˝kesmÏru˙seku,Pomal˝,554294.0,,GN_V0.1UIR-ADR_410,2
30106190025,2,185.0,2019-01-18,5,515,1,4,0,1,1,2,503,0,0,1,400,2,3,1,5,5,1,1,1,3,3,2,5,2,19,6.0,3,42.0,06,1.0,0.0,1.0,0.0,1.0,12.0,200,2.0,1.0,1.0,"-847714,864","-1087785,043","-847722,9","-1087792,543","-847722,976","-1087792,627",StaÚkov,28.¯Ìjna,,silnice2.t¯Ìdy,185,417554,,OpaËn˝kesmÏru˙seku,Pomal˝,554294.0,100382.0,GN_V0.1UIR-ADR_410,1
30106190026,3,1978.0,2019-01-18,5,835,9,0,0,1,1,2,204,0,0,1,300,2,8,1,5,1,1,1,8,0,0,0,1,1,0,,3,32.0,04,1.0,0.0,1.0,0.0,1.0,1.0,300,2.0,1.0,1.0,"-871816,595","-1077398,704","-871816,595","-1077398,704","-871817,822","-1077398,447",,,,silnice3.t¯Ìdy,1978,2660856,,Souhlasn˝sesmÏrem˙seku,Pomal˝,553441.0,,GN_V0.1UIR-ADR_410,2
30106190027,6,,2019-01-18,5,150,3,0,9,2,1,0,204,0,0,0,2500,2,6,1,1,4,1,1,8,0,0,0,1,1,0,,3,26.0,17,9.0,1.0,1.0,0.0,1.0,5.0,2500,2.0,1.0,1.0,"-866692,545","-1107545,296","-866692,545","-1107545,296","-866688,912","-1107549,387",»esk·Kubice,,,mÌstnÌkomunikace,,3388608,,OpaËn˝kesmÏru˙seku,Pomal˝,553549.0,,GN_V0.1UIR-ADR_410,1
30106190028,6,,2019-01-19,6,1015,3,0,2,1,1,2,204,0,0,1,400,2,6,1,1,1,1,1,3,0,0,0,1,1,0,,3,39.0,07,1.0,1.0,1.0,0.0,1.0,5.0,400,2.0,1.0,1.0,"-881498,289","-1078625,379","-881498,289","-1078625,379","-881499,823","-1078626,472",éELEZN¡,,,mÌstnÌkomunikace,,390320,,Souhlasn˝sesmÏrem˙seku,Pomal˝,553441.0,,GN_V0.1UIR-ADR_410,1
30106190029,2,193.0,2019-01-20,0,300,3,0,3,1,1,9,511,0,0,1,860,2,1,1,1,6,1,1,3,0,0,8,1,1,0,,3,39.0,05,1.0,0.0,1.0,0.0,1.0,3.0,800,2.0,5.0,1.0,"-858622,999","-1095015,062","-858622,999","-1095015,062","-858624,878","-1095014,384",,,,silnice2.t¯Ìdy,193,1840835,,OpaËn˝kesmÏru˙seku,Pomal˝,553913.0,,GN_V0.1UIR-ADR_410,2
30106190030,2,189.0,2019-01-20,0,460,3,0,9,2,1,0,501,0,0,0,200,2,1,2,1,4,1,1,8,0,0,0,2,1,0,,17,,XX,,,,,,,0,,,,"-867791,587","-1097582,33","-867791,587","-1097582,33","-867790,718","-1097589,457",KlenËÌpod»erchovem,,,silnice2.t¯Ìdy,189,3561186,,OpaËn˝kesmÏru˙seku,Pomal˝,553794.0,,GN_V0.1UIR-ADR_410,1
30106190031,6,,2019-01-20,0,2060,3,0,9,2,1,0,511,0,0,0,20,2,1,1,1,4,1,1,1,0,0,0,1,1,0,,17,,XX,,,,,,,0,,,,"-859279,91","-1098890,013","-859279,91","-1098890,013","-859280,084","-1098894,643",Domaûlice,VobornÌkova,,mÌstnÌkomunikace,,1840551,,Souhlasn˝sesmÏrem˙seku,Pomal˝,553425.0,98434.0,GN_V0.1UIR-ADR_410,1
30106190032,1,26.0,2019-01-21,1,630,1,2,0,2,1,2,403,0,0,0,1310,2,1,1,1,6,1,1,1,3,3,0,5,2,19,3.0,3,35.0,17,1.0,0.0,1.0,0.0,1.0,34.0,800,3.0,1.0,1.0,"-845585,272","-1083835,856","-845585,272","-1083835,856","-845589,245","-1083830,734",,,,silnice1.t¯Ìdy,26,1839798,,Souhlasn˝sesmÏrem˙seku,Pomal˝,553841.0,,GN_V0.1UIR-ADR_410,2
30106190033,3,19352.0,2019-01-21,1,2560,2,0,0,2,1,0,504,0,0,0,50,2,1,1,1,4,1,1,1,3,3,0,1,2,0,,17,,XX,,,,,,,0,,,,"-847831,081","-1087214,55","-847831,081","-1087214,55","-847832,813","-1087214,428",StaÚkov,V·clavsk·,,silnice3.t¯Ìdy,19352,2657985,,Souhlasn˝sesmÏrem˙seku,Pomal˝,554294.0,100846.0,GN_V0.1UIR-ADR_410,1
30106190034,3,221.0,2019-01-23,3,1500,3,0,1,1,1,2,204,0,0,1,305,2,2,1,1,1,1,1,3,0,0,0,1,1,0,,3,17.0,05,1.0,1.0,1.0,0.0,1.0,3.0,300,2.0,1.0,1.0,"-849527,12","-1102545,182","-849527,12","-1102545,182","-849530,314","-1102544,495",,,,silnice3.t¯Ìdy,0221,1839706,,Souhlasn˝sesmÏrem˙seku,Pomal˝,599166.0,,GN_V0.1UIR-ADR_410,2
30106190035,1,26.0,2019-01-23,3,1620,3,0,9,2,1,2,204,0,0,0,450,2,6,1,1,1,1,1,1,3,3,0,7,1,19,1.0,6,26.0,01,9.0,0.0,1.0,0.0,1.0,12.0,400,4.0,1.0,1.0,"-866916,175","-1108147,398","-866921,07","-1108158,276","-866921,22","-1108158,193",,,,silnice1.t¯Ìdy,26,1477840,,OpaËn˝kesmÏru˙seku,Pomal˝,553549.0,,GN_V0.1UIR-ADR_410,2
30106190036,1,22.0,2019-01-24,4,1035,3,0,4,2,1,2,516,0,0,0,550,2,1,1,1,1,1,1,1,3,3,0,7,1,19,2.0,7,62.0,16,9.0,0.0,1.0,0.0,1.0,14.0,0,3.0,1.0,1.0,"-863751,037","-1095965,734","-863751,037","-1095965,734","-863750,887","-1095966,127",,,,silnice1.t¯Ìdy,26,1840844,,Souhlasn˝sesmÏrem˙seku,Pomal˝,553581.0,,GN_V0.1UIR-ADR_410,2
30106190037,1,22.0,2019-01-24,4,1225,3,0,3,2,1,0,501,0,0,0,2050,2,1,1,1,1,3,1,8,0,0,0,2,2,0,,17,,XX,,,,,,,0,,,,"-855873,066","-1101399,812","-855873,066","-1101399,812","-855876,41","-1101406,262",,,,silnice1.t¯Ìdy,22,1837302,,OpaËn˝kesmÏru˙seku,Pomal˝,554251.0,,GN_V0.1UIR-ADR_410,2
30106190038,8,,2019-01-24,4,760,2,0,0,2,1,0,504,0,0,0,200,2,3,1,1,1,1,0,0,0,0,10,1,2,0,,17,,XX,,,,,,,0,,,,"-857524,664","-1088676,405","-857524,664","-1088676,405","-857534,759","-1088681,62",Horöovsk˝T˝n,Masarykova,,silnice2.t¯Ìdy,200,1475252,,OpaËn˝kesmÏru˙seku,Pomal˝,553671.0,98931.0,GN_V0.1UIR-ADR_410,1
30106190039,3,221.0,2019-01-26,6,1005,3,0,9,2,1,2,204,0,0,0,270,2,5,1,5,1,1,1,8,0,0,0,2,1,0,,3,7.0,03,1.0,1.0,1.0,0.0,1.0,3.0,100,2.0,1.0,1.0,"-852293,535","-1105112,293","-852292,991","-1105118,276","-852292,868","-1105119,231",KdynÏ,StarokdyÚsk·,,silnice3.t¯Ìdy,0221,2657884,,OpaËn˝kesmÏru˙seku,Pomal˝,553786.0,99775.0,GN_V0.1UIR-ADR_410,1
30106190040,2,190.0,2019-01-26,6,1900,3,0,2,2,1,2,204,0,0,0,320,2,5,1,3,6,1,1,8,0,0,0,2,1,0,,3,39.0,01,1.0,1.0,1.0,0.0,1.0,1.0,300,2.0,1.0,1.0,"-857002,57","-1110285,354","-857004,746","-1110289,161","-857005,054","-1110289,776",Vöeruby,,,silnice2.t¯Ìdy,190,3419114,,Souhlasn˝sesmÏrem˙seku,Pomal˝,554456.0,,GN_V0.1UIR-ADR_410,1
30106190041,3,1903.0,2019-01-27,0,2240,3,0,9,2,1,2,204,0,0,0,50,2,6,1,6,7,1,1,3,0,0,0,2,2,0,,3,4.0,94,1.0,1.0,1.0,0.0,1.0,3.0,50,2.0,1.0,1.0,"-860567,191","-1100236,241","-860567,191","-1100236,241","-860567,15","-1100236,224",,,,silnice3.t¯Ìdy,1903,1346009,,Souhlasn˝sesmÏrem˙seku,Pomal˝,553425.0,,GN_V0.1UIR-ADR_410,2
30106190042,3,18412.0,2019-01-29,2,430,3,0,2,2,1,2,511,0,0,0,100,2,5,1,1,4,1,1,1,0,0,0,1,1,0,,7,48.0,18,3.0,0.0,1.0,0.0,1.0,1.0,0,4.0,1.0,1.0,"-850517,89","-1100286,991","-850517,89","-1100286,991","-850520,657","-1100286,293",NÏmËice,,,silnice3.t¯Ìdy,18412,964582,,Souhlasn˝sesmÏrem˙seku,Pomal˝,599166.0,,GN_V0.1UIR-ADR_410,1
30106190043,6,,2019-01-29,2,700,3,0,3,2,1,2,511,0,0,0,60,2,5,1,1,6,1,1,1,0,0,0,1,1,0,,8,59.0,99,4.0,1.0,1.0,0.0,1.0,5.0,10,4.0,1.0,1.0,"-866054,646","-1094579,773","-866054,646","-1094579,773","-866049,561","-1094583,385",Pa¯ezov,,,mÌstnÌkomunikace,,1838664,,Souhlasn˝sesmÏrem˙seku,Pomal˝,599182.0,,GN_V0.1UIR-ADR_410,1
30106190044,1,26.0,2019-01-30,3,1230,4,0,0,1,3,2,100,0,0,1,50,2,3,1,1,1,1,1,1,3,3,0,5,1,19,3.0,3,60.0,10,9.0,0.0,1.0,0.0,1.0,24.0,50,2.0,1.0,1.0,"-863898,219","-1100125,785","-863898,219","-1100125,785","-863903,077","-1100123,096",,,,silnice1.t¯Ìdy,26,1472564,,OpaËn˝kesmÏru˙seku,Pomal˝,553425.0,,GN_V0.1UIR-ADR_410,2
30106190045,6,,2019-01-31,4,1560,2,0,0,2,1,0,504,0,0,0,80,2,1,1,1,1,1,1,1,0,0,0,1,2,0,,17,,XX,,,,,,,0,,,,"-857962,906","-1099694,213","-857918,979","-1099715,641","-857917,318","-1099716,458",Domaûlice,Masarykova,,mÌstnÌkomunikace,,3078034,,,Pomal˝,553425.0,,GN_V0.1UIR-ADR_410,1
30406190001,1,22.0,2019-01-01,2,315,3,0,9,2,1,0,511,0,0,0,700,2,3,1,1,4,1,1,1,0,0,0,1,1,0,,3,26.0,04,1.0,0.0,1.0,1.0,1.0,1.0,500,9.0,,,"-833804,192","-1108525,311","-833804,192","-1108525,311","-833799,03","-1108520,931",Klatovy,Puökinova,,silnice1.t¯Ìdy,22,1475409,,Souhlasn˝sesmÏrem˙seku,Pomal˝,555771.0,221988.0,GN_V0.1UIR-ADR_410,1
30406190002,2,169.0,2019-01-02,3,1425,4,0,0,1,1,2,412,0,0,1,0,2,3,1,3,1,1,1,1,0,0,1,1,1,0,,3,12.0,96,1.0,0.0,1.0,0.0,1.0,1.0,0,2.0,1.0,1.0,"-820441,72","-1127536,658","-820466,966","-1127522,154","-820464,162","-1127523,135",Suöice,N·draûnÌ,,silnice2.t¯Ìdy,169,2653962,,Souhlasn˝sesmÏrem˙seku,Pomal˝,557153.0,223964.0,GN_V0.1UIR-ADR_410,1
30406190003,2,171.0,2019-01-03,4,1860,3,0,3,2,1,0,510,0,0,0,70,2,3,1,5,4,1,1,3,0,5,0,3,1,0,,17,,XX,,,,,,,0,,,,"-814350,234","-1129754,001","-814359,903","-1129761,521","-814360,182","-1129762,073",Draûovice,,,silnice2.t¯Ìdy,171,827370,,OpaËn˝kesmÏru˙seku,Pomal˝,566683.0,,GN_V0.1UIR-ADR_410,1
30406190004,3,1826.0,2019-01-04,5,1010,3,0,6,1,1,2,204,0,0,1,250,2,6,1,6,1,1,1,8,0,0,0,1,1,0,,3,17.0,06,1.0,1.0,1.0,0.0,1.0,1.0,250,2.0,1.0,1.0,"-836678,615","-1093230,097","-836678,615","-1093230,097","-836677,428","-1093230,428",Bi¯kov,,,silnice3.t¯Ìdy,1826,961673,,OpaËn˝kesmÏru˙seku,Pomal˝,578088.0,,GN_V0.1UIR-ADR_410,1
30406190005,6,,2019-01-07,1,2560,2,0,0,2,1,0,502,0,0,0,50,2,3,1,1,6,1,1,1,0,0,0,1,2,0,,17,,XX,,,,,,,0,,,,"-833878,48","-1108651,894","-833878,48","-1108651,894","-833888,448","-1108658,341",Klatovy,,,mÌstnÌkomunikace,,2447313,,,Pomal˝,555771.0,,GN_V0.1UIR-ADR_410,1
30406190006,2,171.0,2019-01-08,2,900,9,0,0,1,1,2,204,0,0,1,20,2,3,1,1,1,1,1,8,0,0,0,2,1,0,,3,13.0,00,1.0,1.0,1.0,0.0,1.0,1.0,20,2.0,1.0,1.0,"-833005,742","-1119897,965","-833005,742","-1119897,965","-833012,545","-1119901,748",,,,silnice2.t¯Ìdy,171,1834167,,Souhlasn˝sesmÏrem˙seku,Pomal˝,555797.0,,GN_V0.1UIR-ADR_410,2
30406190007,6,,2019-01-08,2,1420,4,0,0,1,1,2,412,0,0,1,0,2,3,1,3,1,1,1,1,3,3,1,5,1,10,6.0,3,2.0,10,1.0,1.0,1.0,0.0,1.0,5.0,0,3.0,1.0,1.0,"-846879,436","-1117030,288","-846920,26","-1117050,701","-846920,2","-1117050,857",N˝rsko,N·mÏstÌ,,mÌstnÌkomunikace,,3492825,,OpaËn˝kesmÏru˙seku,Pomal˝,556831.0,222895.0,GN_V0.1UIR-ADR_410,1
30406190008,6,,2019-01-08,2,2560,2,0,0,2,1,0,504,0,0,0,100,2,3,1,5,3,1,1,1,0,0,0,1,2,0,,17,,XX,,,,,,,0,,,,"-833290,714","-1107667,582","-833290,714","-1107667,582","-833290,08","-1107667,572",Klatovy,Suvorovova,,mÌstnÌkomunikace,,486816,,OpaËn˝kesmÏru˙seku,Pomal˝,555771.0,222119.0,GN_V0.1UIR-ADR_410,1
30406190009,6,,2019-01-10,4,1950,2,0,0,2,1,9,204,0,0,0,600,2,6,1,5,4,1,0,1,0,0,10,2,2,0,,3,47.0,04,1.0,1.0,1.0,0.0,1.0,5.0,300,7.0,5.0,0.0,"-834322,074","-1107131,636","-834322,074","-1107131,636","-834324,816","-1107130,11",Klatovy,⁄zk·,,mÌstnÌkomunikace,,484693,,OpaËn˝kesmÏru˙seku,Pomal˝,555771.0,720241.0,GN_V0.1UIR-ADR_410,1
30406190010,2,190.0,2019-01-11,5,1350,3,0,1,1,1,2,204,0,0,1,800,2,8,6,1,1,1,1,8,0,0,0,1,1,0,,3,21.0,05,1.0,1.0,1.0,0.0,1.0,1.0,800,3.0,1.0,1.0,"-838275,225","-1133635,912","-838275,225","-1133635,912","-838277,634","-1133638,476",,,,silnice2.t¯Ìdy,190,3272900,,OpaËn˝kesmÏru˙seku,Pomal˝,555941.0,,GN_V0.1UIR-ADR_410,2
30406190011,2,187.0,2019-01-11,5,1610,9,0,0,1,1,2,204,0,0,1,300,2,8,1,1,1,1,1,8,0,0,0,2,1,0,,3,47.0,99,1.0,1.0,1.0,0.0,1.0,3.0,300,2.0,1.0,1.0,"-824751,776","-1120632,419","-824751,776","-1120632,419","-824745,832","-1120627,414",,,,silnice2.t¯Ìdy,187,1346586,,Souhlasn˝sesmÏrem˙seku,Pomal˝,556467.0,,GN_V0.1UIR-ADR_410,2
30406190012,2,191.0,2019-01-11,5,1550,3,0,2,2,1,2,204,0,0,0,1400,2,5,1,5,3,1,1,8,0,0,0,1,1,0,,3,47.0,06,1.0,0.0,1.0,0.0,1.0,1.0,1000,2.0,1.0,1.0,"-840526,668","-1112331,897","-840526,668","-1112331,897","-840526,62","-1112332,303",Janovicenad⁄hlavou,N˝rsk·,,silnice2.t¯Ìdy,191,500974,,Souhlasn˝sesmÏrem˙seku,Pomal˝,556394.0,220621.0,GN_V0.1UIR-ADR_410,1
30406190013,1,27.0,2019-01-13,0,500,3,0,1,2,1,2,501,0,0,0,810,2,3,1,1,4,1,1,6,0,0,0,1,1,0,,3,39.0,11,1.0,0.0,1.0,0.0,1.0,3.0,800,3.0,1.0,1.0,,,"-828652,141","-1087981,992","-828651,797","-1087981,793",PÿEäTICE,T¯.1.m·je,,silnice1.t¯Ìdy,27,1845851,,Souhlasn˝sesmÏrem˙seku,Pomal˝,558249.0,389102.0,GN_V0.1UIR-ADR_410,1
30406190014,3,11766.0,2019-01-17,4,750,3,0,9,2,1,2,204,0,0,0,500,2,3,1,1,2,1,1,8,0,0,0,2,1,0,,3,13.0,98,1.0,1.0,1.0,0.0,1.0,1.0,400,3.0,1.0,1.0,"-833147,137","-1104887,015","-833147,137","-1104887,015","-833144,858","-1104890,232",,,,silnice3.t¯Ìdy,11766,1475358,,OpaËn˝kesmÏru˙seku,Pomal˝,555771.0,,GN_V0.1UIR-ADR_410,2
30406190015,2,186.0,2019-01-18,5,910,9,0,0,1,1,2,204,0,0,1,300,2,6,1,6,1,1,1,3,1,0,0,2,1,0,,3,7.0,04,1.0,0.0,1.0,0.0,1.0,1.0,300,2.0,1.0,1.0,"-831749,599","-1107584,987","-831777,531","-1107600,565","-831777,541","-1107600,496",,,,silnice2.t¯Ìdy,186,2839554,,OpaËn˝kesmÏru˙seku,Pomal˝,555771.0,,GN_V0.1UIR-ADR_410,2
30406190016,3,17128.0,2019-01-21,1,1800,3,0,1,2,1,2,204,0,0,0,10150,2,6,1,6,6,1,1,8,3,5,8,3,1,0,,6,48.0,15,3.0,1.0,1.0,0.0,1.0,1.0,8000,4.0,1.0,1.0,"-812349,092","-1137914,158","-812349,092","-1137914,158","-812352,384","-1137911,32",,,,silnice3.t¯Ìdy,17128,1830801,,OpaËn˝kesmÏru˙seku,Pomal˝,557129.0,,GN_V0.1UIR-ADR_410,2
30406190017,1,22.0,2019-01-22,2,1215,4,0,0,1,1,2,508,0,0,1,0,1,1,1,1,1,1,1,6,3,3,8,5,1,19,1.0,3,27.0,17,3.0,0.0,1.0,0.0,1.0,12.0,0,2.0,1.0,1.0,"-834550,616","-1107460,986","-834571,566","-1107458,3","-834571,962","-1107458,092",Klatovy,Tyröova,,silnice1.t¯Ìdy,22,827083,,Souhlasn˝sesmÏrem˙seku,Pomal˝,555771.0,222259.0,GN_V0.1UIR-ADR_410,1
30406190018,2,186.0,2019-01-25,5,820,9,0,0,1,1,2,204,0,0,1,300,2,5,1,5,1,1,1,8,0,0,0,2,1,0,,3,12.0,05,1.0,1.0,1.0,0.0,1.0,3.0,300,2.0,1.0,1.0,"-823489,212","-1108428,084","-823489,212","-1108428,084","-823493,37","-1108430,382",,,,silnice2.t¯Ìdy,186,3264112,,OpaËn˝kesmÏru˙seku,Pomal˝,556955.0,,GN_V0.1UIR-ADR_410,2
30406190019,2,169.0,2019-01-26,6,840,3,0,1,1,1,2,204,0,0,2,60,2,6,1,1,1,1,1,8,3,5,0,1,1,0,,3,39.0,01,1.0,1.0,1.0,0.0,1.0,1.0,50,2.0,1.0,1.0,"-817887,498","-1125670,739","-817887,498","-1125670,739","-817889,551","-1125668,489",,,,silnice2.t¯Ìdy,169,972729,,OpaËn˝kesmÏru˙seku,Pomal˝,530123.0,,GN_V0.1UIR-ADR_410,2
30406190020,2,145.0,2019-01-25,5,2130,3,0,2,2,1,0,204,0,0,0,150,2,6,1,1,6,1,1,8,0,0,0,1,1,0,,3,39.0,00,1.0,1.0,1.0,0.0,1.0,1.0,100,9.0,,,"-817807,206",-1138997,"-817798,074","-1139001,297","-817798,596","-1139001,856",,,,silnice2.t¯Ìdy,145,2657162,,OpaËn˝kesmÏru˙seku,Pomal˝,556432.0,,GN_V0.1UIR-ADR_410,2
30406190021,1,27.0,2019-01-26,6,1655,1,3,0,2,1,2,204,0,0,0,1600,2,3,1,1,2,1,1,1,0,0,0,3,2,0,,3,39.0,03,1.0,1.0,1.0,0.0,1.0,3.0,400,3.0,1.0,1.0,"-833604,279","-1099955,244","-833604,279","-1099955,244","-833605,306","-1099953,875",KOKäÕN,,,silnice1.t¯Ìdy,27,1439189,,OpaËn˝kesmÏru˙seku,Pomal˝,557200.0,,GN_V0.1UIR-ADR_410,1
30406190022,2,188.0,2019-01-26,6,1954,3,0,1,1,1,2,204,0,0,2,8030,2,6,1,6,6,1,1,8,0,0,0,3,1,0,,3,2.0,18,3.0,1.0,1.0,0.0,1.0,3.0,8000,2.0,1.0,1.0,"-806753,429","-1109034,54","-806755,041","-1109000,162","-806754,917","-1109000,237",,,,silnice2.t¯Ìdy,188,1832355,,Souhlasn˝sesmÏrem˙seku,Pomal˝,556335.0,,GN_V0.1UIR-ADR_410,2
30406190023,1,22.0,2019-01-29,2,1730,3,0,2,2,1,2,506,0,0,0,600,2,1,1,1,2,1,1,8,3,3,0,5,1,19,6.0,3,13.0,02,1.0,0.0,1.0,0.0,1.0,31.0,500,2.0,2.0,1.0,"-806082,382","-1120042,948","-806082,382","-1120042,948","-806074,563","-1120036,046",HoraûÔovice,Strakonick·,,silnice1.t¯Ìdy,22,524811,,Souhlasn˝sesmÏrem˙seku,Pomal˝,556254.0,219991.0,GN_V0.1UIR-ADR_410,1