IDENTIFIKA»NÕ »ÕSLO,DRUH POZEMNÕ KOMUNIKACE,»ÕSLO POZEMNÕ KOMUNIKACE,"den, mÏsÌc, rok",,Ëas ,DRUH NEHODY,DRUH SR¡éKY JEDOUCÕCH VOZIDEL,DRUH PEVN… PÿEK¡éKY,CHARAKTER NEHODY,ZAVINÃNÕ NEHODY,ALKOHOL U VINÕKA NEHODY PÿÕTOMEN,HLAVNÕ PÿÕ»INY NEHODY,usmrceno osob,tÏûce zranÏno osob,lehce zranÏno osob,CELKOV¡ HMOTN¡ äKODA,DRUH POVRCHU VOZOVKY,STAV POVRCHU VOZOVKY V DOBÃ NEHODY,STAV KOMUNIKACE,POVÃTRNOSTNÕ PODMÕNKY V DOBÃ NEHODY,VIDITELNOST,ROZHLEDOV… POMÃRY,DÃLENÕ KOMUNIKACE,SITUOV¡NÕ NEHODY NA KOMUNIKACI,ÿÕZENÕ PROVOZU V DOBÃ NEHODY,MÕSTNÕ ⁄PRAVA PÿEDNOSTI V JÕZDÃ,SPECIFICK¡ MÕSTA A OBJEKTY V MÕSTÃ NEHODY,SMÃROV… POMÃRY,PO»ET Z⁄»ASTNÃN›CH VOZIDEL,MÕSTO DOPRAVNÕ NEHODY,DRUH KÿIéUJÕCÕ KOMUNIKACE,DRUH VOZIDLA,V›ROBNÕ ZNA»KA MOTOROV…HO VOZIDLA,ROK V›ROBY VOZIDLA,CHARAKTERISTIKA VOZIDLA ,SMYK,VOZIDLO PO NEHODÃ,"⁄NIK PROVOZNÕCH, PÿEPRAVOVAN›CH HMOT",ZPŸSOB VYPROäTÃNÕ OSOB Z VOZIDLA,SMÃR JÕZDY NEBO POSTAVENÕ VOZIDLA,äKODA NA VOZIDLE,KATEGORIE ÿIDI»E,STAV ÿIDI»E,VNÃJäÕ OVLIVNÃNÕ ÿIDI»E,nan.1,nan.2,nan.3,nan.4,nan.5,nan.6,nan.7,nan.8,nan.9,nan.10,nan.11,nan.12,nan.13,nan.14,nan.15,nan.16,nan.17,nan.18,LOKALITA NEHODY
30406190024,2,182.0,2019-01-30,3,2345,9,0,0,2,1,2,205,0,0,0,300,2,1,1,1,6,1,1,8,3,3,0,2,1,0,,3,2.0,06,1.0,0.0,1.0,0.0,1.0,1.0,300,2.0,1.0,5.0,"-831559,532","-1093153,535","-831565,441","-1093184,153","-831565,811","-1093184,763",Borovy,,,silnice2.t¯Ìdy,182,2637994,,OpaËn˝kesmÏru˙seku,Pomal˝,542156.0,,GN_V0.1UIR-ADR_410,1
30406190025,1,22.0,2019-01-31,4,845,0,0,0,2,1,2,516,0,0,0,400,2,1,1,1,1,1,1,1,0,0,0,3,2,0,,17,,XX,,,,,,,0,,,,"-842800,667","-1107887,121","-842787,775","-1107892,493","-842787,294","-1107893,315",,,,silnice1.t¯Ìdy,22,1258464,,OpaËn˝kesmÏru˙seku,Pomal˝,556068.0,,GN_V0.1UIR-ADR_410,2
30506190001,5,,2019-01-01,2,225,3,0,3,2,1,0,504,0,0,0,30,2,1,1,1,4,1,1,6,3,3,2,4,1,10,,17,,XX,,,,,,,0,,,,"-822388,235","-1070576,609","-822388,235","-1070576,609","-822387,085","-1070576,753",PLZE“3,Doudleveck·xHarantovaxURadbuzy,,mÌstnÌkomunikace,,365492,,Souhlasn˝sesmÏrem˙seku,Pomal˝,554791.0,392693.0,GN_V0.1UIR-ADR_410,1
30506190002,6,,2019-01-01,2,1555,3,0,1,2,5,0,100,0,0,0,810,2,3,1,4,1,1,1,8,0,0,0,3,1,0,,8,78.0,15,5.0,0.0,1.0,0.0,1.0,5.0,800,4.0,1.0,1.0,"-817870,137","-1067571,073","-817870,137","-1067571,073","-817871,388","-1067574,63",PLZE“4-BUKOVEC,NadkoupaliötÏm,,mÌstnÌkomunikace,,1475926,,OpaËn˝kesmÏru˙seku,Pomal˝,554791.0,396095.0,GN_V0.1UIR-ADR_410,1
30506190003,6,,2019-01-01,2,2100,3,0,9,2,1,9,511,0,0,0,130,6,3,1,1,6,1,0,8,0,0,0,1,1,0,,5,31.0,,1.0,0.0,1.0,0.0,1.0,5.0,100,2.0,5.0,1.0,"-823313,943","-1066147,149","-823402,032","-1065997,291","-823402,44","-1065998,994",PLZE“1,Kraöovsk·,,mÌstnÌkomunikace,,2836296,,,Pomal˝,554791.0,394670.0,GN_V0.1UIR-ADR_410,1
30506190004,6,,2019-01-02,3,240,3,0,9,2,1,2,204,0,0,0,110,2,3,1,5,4,1,1,8,3,5,0,5,1,10,,3,60.0,08,1.0,0.0,1.0,0.0,1.0,5.0,100,2.0,1.0,1.0,,,"-818389,478","-1068733,578","-818388,147","-1068734,581",PLZE“4-DOUBRAVKA,,,silnice2.t¯Ìdy,233,2649432,,OpaËn˝kesmÏru˙seku,Pomal˝,554791.0,399931.0,GN_V0.1UIR-ADR_410,1
30506190005,1,20.0,2019-01-02,3,537,5,0,0,2,4,0,100,0,0,0,500,2,6,1,5,6,1,1,1,0,0,0,1,1,0,,3,13.0,08,1.0,0.0,1.0,0.0,1.0,1.0,500,3.0,1.0,1.0,"-817535,874","-1080659,879","-817535,874","-1080659,879","-817521,771","-1080657,795",,,,silnice1.t¯Ìdy,20,1258205,,Souhlasn˝sesmÏrem˙seku,Pomal˝,553590.0,,GN_V0.1UIR-ADR_410,2
30506190006,5,,2019-01-02,3,1155,1,2,0,1,1,2,402,0,0,1,6000,2,6,1,6,3,1,5,1,3,3,0,4,2,10,,3,44.0,18,3.0,0.0,1.0,0.0,1.0,5.0,3000,3.0,1.0,1.0,"-825166,395","-1071167,418","-825166,395","-1071167,418","-825166,478","-1071167,876",PLZE“3,Folmavsk·xv˝jezdodODTescoxv˝jezdodODMobelix,,mÌstnÌkomunikace,,1561163,,Souhlasn˝sesmÏrem˙seku,Pomal˝,554791.0,664120.0,GN_V0.1UIR-ADR_410,1
30506190007,6,,2019-01-02,3,1344,4,0,0,1,1,2,504,0,0,1,0,1,5,1,6,1,1,1,6,0,0,0,1,1,0,,3,39.0,15,1.0,0.0,1.0,0.0,1.0,5.0,0,2.0,1.0,1.0,,,"-822386,295","-1070081,879","-822388,51","-1070081,718",PLZE“3-JIéNÕPÿEDMÃSTÕ,Goethova,,mÌstnÌkomunikace,,715497,,Souhlasn˝sesmÏrem˙seku,Pomal˝,554791.0,392952.0,GN_V0.1UIR-ADR_410,1
30506190008,6,,2019-01-02,3,1535,1,2,0,2,1,2,204,0,0,0,1100,2,3,1,1,1,1,1,1,0,0,0,1,2,0,,3,4.0,07,1.0,0.0,1.0,0.0,1.0,5.0,1000,4.0,1.0,1.0,"-814404,07","-1070426,669","-814401,384","-1070416,999","-814401,861","-1070417,68",Kyöice,Ejpovick·,,silnice3.t¯Ìdy,18017,364416,,OpaËn˝kesmÏru˙seku,Pomal˝,559130.0,,GN_V0.1UIR-ADR_410,1
30506190009,5,,2019-01-03,4,812,3,0,2,2,1,2,508,0,0,0,250,2,6,1,6,1,1,1,1,0,0,0,3,1,0,,7,26.0,13,3.0,0.0,1.0,0.0,1.0,5.0,0,3.0,1.0,1.0,"-819308,038","-1070279,31","-819308,038","-1070279,31","-819308,708","-1070279,241",PLZE“4,Rokycansk·,,mÌstnÌkomunikace,,1375781,,,Pomal˝,554791.0,397466.0,GN_V0.1UIR-ADR_410,1
30506190010,3,18330.0,2019-01-04,5,1010,1,1,0,2,1,2,204,0,0,0,1300,2,5,1,5,1,1,1,1,0,0,0,3,2,0,,3,13.0,05,1.0,0.0,1.0,0.0,1.0,1.0,500,2.0,1.0,1.0,,,"-813558,27","-1079725,368","-813560,198","-1079727,199",,äù·hlavick·,,silnice3.t¯Ìdy,18330,1846590,,OpaËn˝kesmÏru˙seku,Pomal˝,558427.0,391191.0,GN_V0.1UIR-ADR_410,2
30506190011,2,27.0,2019-01-04,5,1720,5,0,0,2,4,0,100,0,0,0,510,2,3,1,5,7,1,1,1,0,0,7,1,1,0,,3,38.0,16,1.0,0.0,1.0,0.0,1.0,1.0,500,2.0,1.0,1.0,,,"-825282,335","-1076004,803","-825272,727","-1076005,976",,,,mÌstnÌkomunikace,27,383373,,Souhlasn˝sesmÏrem˙seku,Pomal˝,554791.0,,GN_V0.1UIR-ADR_410,2
30506190012,5,,2019-01-05,6,245,2,0,0,2,1,9,508,0,0,0,1300,2,3,1,1,4,1,1,1,0,0,0,1,2,0,,3,42.0,06,1.0,0.0,1.0,0.0,1.0,1.0,1000,3.0,5.0,1.0,"-821893,649","-1070433,345","-821893,649","-1070433,345","-821890,075","-1070433,177",PLZE“2,Mikul·ösk·,,silnice1.t¯Ìdy,20,1529729,,Souhlasn˝sesmÏrem˙seku,Pomal˝,554791.0,395307.0,GN_V0.1UIR-ADR_410,1
30506190013,8,,2019-01-05,6,1000,3,0,2,2,1,2,508,0,0,0,350,2,3,1,1,1,1,1,8,0,0,10,1,1,0,,5,13.0,11,3.0,0.0,1.0,0.0,1.0,5.0,300,3.0,1.0,1.0,"-820913,729","-1071721,503","-820906,209","-1071732,246","-820906,051","-1071732,481",PLZE“2,KrejËÌkova,,mÌstnÌkomunikace,,1561467,,Souhlasn˝sesmÏrem˙seku,Pomal˝,554791.0,398128.0,GN_V0.1UIR-ADR_410,1
30506190014,8,,2019-01-05,6,2135,2,0,0,2,1,8,508,0,0,0,202,2,3,1,3,5,1,1,1,0,0,10,1,5,0,,3,7.0,02,1.0,0.0,1.0,0.0,1.0,5.0,150,2.0,5.0,1.0,"-822404,984","-1066196,262","-821945,719","-1066054,454","-821945,059","-1066054,798",PLZE“1-BOLEVEC,KaznÏjovsk·,,mÌstnÌkomunikace,,2651670,,Souhlasn˝sesmÏrem˙seku,Pomal˝,554791.0,394262.0,GN_V0.1UIR-ADR_410,1
30506190015,6,,2019-01-06,0,500,3,0,3,2,1,2,205,0,0,0,220,2,3,1,1,6,1,1,8,0,0,0,2,1,0,,3,7.0,01,1.0,0.0,1.0,0.0,1.0,5.0,100,9.0,,,"-814508,572","-1069883,961","-814487,085","-1069876,978","-814487,585","-1069876,605",Kyöice,D˝öinsk·,,silnice2.t¯Ìdy,180,1846351,,Souhlasn˝sesmÏrem˙seku,Pomal˝,559130.0,,GN_V0.1UIR-ADR_410,1
30506190016,5,,2019-01-07,1,440,1,2,0,1,2,2,413,0,0,1,220,2,3,1,1,4,1,1,1,0,0,0,1,2,0,,13,0.0,,1.0,0.0,0.0,0.0,1.0,1.0,20,8.0,1.0,1.0,"-826395,258","-1070607,248","-826395,258","-1070607,248","-826395,105","-1070607,631",PLZE“3-SKVR“ANY,Domaûlick·,,silnice1.t¯Ìdy,26,1313683,,OpaËn˝kesmÏru˙seku,Pomal˝,554791.0,392651.0,GN_V0.1UIR-ADR_410,1
30506190017,4,,2019-01-08,2,800,1,4,0,1,1,2,503,0,0,1,600,2,3,1,1,2,1,2,1,2,0,1,4,2,19,,3,7.0,09,1.0,0.0,1.0,0.0,1.0,71.0,300,2.0,1.0,1.0,"-822034,089","-1069571,986","-822034,089","-1069571,986","-822030,476","-1069570,874",PLZE“3-VNITÿNÕMÃSTO,sady5.kvÏtnaxTyröova,,mÌstnÌkomunikace,,2837423,,,Pomal˝,554791.0,399574.0,GN_V0.1UIR-ADR_410,1
30506190018,6,,2019-01-08,2,1250,4,0,0,1,1,2,504,0,0,1,145,1,1,1,1,1,1,0,6,0,0,6,1,1,0,,5,19.0,12,1.0,0.0,1.0,0.0,1.0,5.0,0,2.0,1.0,1.0,,,"-822086,092","-1069860,661","-822086,064","-1069860,587",PLZE“3-VNITÿNÕMÃSTO,Praûsk·,,mÌstnÌkomunikace,,362345,,Souhlasn˝sesmÏrem˙seku,Pomal˝,554791.0,397130.0,GN_V0.1UIR-ADR_410,1
30506190019,6,,2019-01-09,3,300,3,0,1,2,1,2,504,0,0,0,150,2,3,1,1,6,1,1,8,0,0,0,1,1,0,,3,39.0,16,1.0,0.0,1.0,0.0,1.0,5.0,100,2.0,1.0,1.0,"-822173,799","-1065594,256","-822221,608","-1065598,016","-822221,335","-1065598,563",PLZE“1,KeKrkavci,,mÌstnÌkomunikace,,1846925,,Souhlasn˝sesmÏrem˙seku,Pomal˝,554791.0,,GN_V0.1UIR-ADR_410,1
30506190020,6,,2019-01-09,3,1220,3,0,9,2,1,2,508,0,0,0,10,2,1,1,1,1,1,1,1,0,0,0,1,1,0,,7,10.0,08,9.0,0.0,1.0,0.0,1.0,5.0,0,3.0,1.0,1.0,"-819994,989","-1073012,411","-819994,989","-1073012,411",,,PLZE“2-KOTEROV,VELENICK¡,,,,,,,,,,GN_V0.1UIR-ADR_410,1
30506190021,7,,2019-01-09,3,1240,3,0,9,2,1,2,508,0,0,0,60,1,3,1,1,1,1,1,1,0,0,10,1,1,0,,7,62.0,11,9.0,0.0,1.0,0.0,1.0,5.0,0,3.0,1.0,1.0,"-820473,258","-1070033,976","-820473,258","-1070033,976","-820473,43","-1070033,934",PLZE“4-LOBZY,Rokycansk·,,mÌstnÌkomunikace,,706952,,,Pomal˝,554791.0,397466.0,GN_V0.1UIR-ADR_410,1
30506190022,6,,2019-01-09,3,1145,1,4,0,2,1,2,504,0,0,0,200,2,3,1,5,3,1,2,1,0,0,0,1,2,0,,3,47.0,14,1.0,0.0,1.0,0.0,1.0,5.0,100,2.0,1.0,1.0,"-822773,741","-1071395,92","-822773,741","-1071395,92","-822780,223","-1071396,712",PLZE“3-JIéNÕPÿEDMÃSTÕ,EdvardaBeneöe,,mÌstnÌkomunikace,,368503,,,Pomal˝,554791.0,392812.0,GN_V0.1UIR-ADR_410,1
30506190023,6,,2019-01-09,3,2150,1,3,0,1,1,2,204,0,0,1,650,2,5,1,5,7,1,1,1,3,5,0,1,2,0,,8,78.0,15,5.0,0.0,1.0,0.0,1.0,5.0,150,4.0,1.0,1.0,,,"-814888,017","-1069870,086","-814888,737","-1069872,465",Kyöice,Hr·deck·xPodVranovou,,silnice3.t¯Ìdy,18016,1846648,,OpaËn˝kesmÏru˙seku,Pomal˝,559130.0,,GN_V0.1UIR-ADR_410,1
30506190024,6,,2019-01-10,4,1926,3,0,2,2,1,9,511,0,0,0,1050,1,6,1,1,4,1,0,8,3,5,10,5,1,10,,3,26.0,17,9.0,0.0,1.0,0.0,1.0,5.0,1000,2.0,5.0,1.0,,,"-821238,802","-1071467,472","-821238,966","-1071467,578",PLZE“2-V›CHODNÕPÿEDMÃSTÕ,Suvorovova(vnitroblok)xLuûick·(vnitroblok),,mÌstnÌkomunikace,,1670901,,Souhlasn˝sesmÏrem˙seku,Pomal˝,554791.0,395056.0,GN_V0.1UIR-ADR_410,1
30506190025,6,,2019-01-11,5,902,3,0,3,2,1,2,204,0,0,0,40,2,6,1,1,1,1,0,1,0,0,5,3,1,0,,3,13.0,18,1.0,1.0,1.0,0.0,1.0,5.0,10,2.0,1.0,1.0,,,"-821879,402","-1070325,432","-821881,111","-1070325,272",PLZE“3-VNITÿNÕMÃSTO,Mikul·ösk·,,silnice1.t¯Ìdy,20,363938,,Souhlasn˝sesmÏrem˙seku,Pomal˝,554791.0,395307.0,GN_V0.1UIR-ADR_410,1
30506190026,6,,2019-01-11,5,1550,3,0,3,2,1,2,204,0,0,0,30,1,6,2,5,1,1,1,8,0,0,0,3,1,0,,3,39.0,08,1.0,1.0,1.0,0.0,1.0,5.0,10,2.0,1.0,1.0,,,"-821951,243","-1070458,301","-821951,225","-1070458,317",PLZE“2,UJeûÌöka,,mÌstnÌkomunikace,,1477473,,,Pomal˝,554791.0,400611.0,GN_V0.1UIR-ADR_410,1
30506190027,5,,2019-01-11,5,1705,1,2,0,1,1,2,414,0,0,2,2020,2,8,1,5,2,1,1,1,3,3,0,1,2,0,,5,26.0,16,3.0,0.0,1.0,0.0,1.0,3.0,20,3.0,1.0,1.0,"-819234,596","-1071865,429","-819234,596","-1071865,429","-819237,073","-1071870,888",PLZE“2-BOéKOV,Letkovsk·,,silnice3.t¯Ìdy,18019,370302,,OpaËn˝kesmÏru˙seku,Pomal˝,554791.0,394891.0,GN_V0.1UIR-ADR_410,1
30506190028,5,,2019-01-11,5,1840,3,0,4,2,1,2,204,0,0,0,800,2,3,1,1,4,1,3,1,0,0,0,1,1,0,,3,26.0,98,1.0,0.0,1.0,0.0,1.0,3.0,600,3.0,1.0,1.0,,,"-822718,125","-1068153,077","-822718,708","-1068152,494",PLZE“1,Lidick·,,silnice1.t¯Ìdy,27,2649924,,Souhlasn˝sesmÏrem˙seku,Pomal˝,554791.0,394939.0,GN_V0.1UIR-ADR_410,1
30506190029,4,,2019-01-12,6,1212,1,3,0,1,1,2,405,0,0,1,70,2,3,1,1,1,1,3,7,2,0,2,4,2,19,,3,32.0,02,1.0,0.0,1.0,0.0,1.0,53.0,0,2.0,1.0,1.0,,,"-823218,291","-1069459,593","-823218,453","-1069459,544",PLZE“3,P¯emyslovaxKalikovaxKotkovaxSkvrÚansk·,,silnice3.t¯Ìdy,18050,1561557,,OpaËn˝kesmÏru˙seku,Pomal˝,554791.0,394106.0,GN_V0.1UIR-ADR_410,1
30506190030,5,,2019-01-12,6,1825,4,0,0,1,1,2,412,0,0,1,100,2,3,1,4,4,1,1,1,0,0,1,1,1,0,,3,39.0,14,1.0,0.0,1.0,0.0,1.0,1.0,100,2.0,1.0,1.0,"-822239,256","-1071944,449","-822239,256","-1071944,449","-822235,146","-1071939,422",PLZE“3-DOUDLEVCE,Zborovsk·,,silnice3.t¯Ìdy,18032,1476172,,OpaËn˝kesmÏru˙seku,Pomal˝,554791.0,400009.0,GN_V0.1UIR-ADR_410,1
30506190031,4,,2019-01-12,6,2125,1,3,0,2,1,2,403,0,0,0,920,2,3,1,1,4,1,1,1,3,3,2,5,2,19,,3,39.0,05,1.0,0.0,1.0,0.0,1.0,31.0,300,2.0,1.0,1.0,"-825881,489","-1069845,252","-825881,489","-1069845,252","-825881,896","-1069844,269",PLZE“3-SKVR“ANY,Vejprnick·xTerezieBrzkovÈ,,silnice2.t¯Ìdy,203,1477245,,Souhlasn˝sesmÏrem˙seku,Pomal˝,554791.0,399558.0,GN_V0.1UIR-ADR_410,1
30506190032,3,18022.0,2019-01-14,1,610,5,0,0,2,4,0,100,0,0,0,100,2,3,1,3,6,1,1,1,0,0,0,2,1,0,,3,39.0,98,1.0,0.0,1.0,0.0,1.0,1.0,100,3.0,1.0,1.0,,,"-815206,761","-1077989,894","-815206,697","-1077989,844",,,,silnice3.t¯Ìdy,18022,2652344,,Souhlasn˝sesmÏrem˙seku,Pomal˝,558427.0,,GN_V0.1UIR-ADR_410,2
30506190033,5,,2019-01-14,1,1203,1,2,0,2,1,2,403,0,0,0,650,2,3,1,1,1,1,1,1,3,3,0,4,3,10,,3,4.0,03,1.0,0.0,1.0,0.0,1.0,1.0,200,2.0,1.0,1.0,,,"-821141,276","-1071324,076","-821141,452","-1071323,682",PLZE“2-V›CHODNÕPÿEDMÃSTÕ,n·mÏstÌgener·laPÌky,,mÌstnÌkomunikace,,1561475,,Souhlasn˝sesmÏrem˙seku,Pomal˝,554791.0,396249.0,GN_V0.1UIR-ADR_410,1
30506190034,8,,2019-01-14,1,1705,3,0,3,2,1,2,502,0,0,0,100,2,3,1,1,2,1,0,8,3,5,10,1,1,0,,3,2.0,07,2.0,0.0,1.0,0.0,1.0,5.0,50,2.0,1.0,1.0,,,"-822409,354","-1069940,25","-822410,946","-1069939,845",PLZE“3-VNITÿNÕMÃSTO,Frantiök·nsk·,,mÌstnÌkomunikace,,362687,,Souhlasn˝sesmÏrem˙seku,Pomal˝,554791.0,392910.0,GN_V0.1UIR-ADR_410,1
30506190035,2,183.0,2019-01-15,2,710,5,0,0,2,4,0,100,0,0,0,100,2,3,1,1,6,4,1,1,0,0,0,1,1,0,,3,39.0,16,3.0,0.0,1.0,0.0,1.0,1.0,100,2.0,1.0,1.0,"-813405,373","-1077404,537","-813402,687","-1077400,777","-813405,82","-1077398,721",,,,silnice2.t¯Ìdy,183,956247,,OpaËn˝kesmÏru˙seku,Pomal˝,558427.0,,GN_V0.1UIR-ADR_410,2
30506190036,3,18021.0,2019-01-15,2,720,5,0,0,2,4,0,100,0,0,0,150,2,1,1,1,2,1,1,1,3,3,0,2,1,0,,3,39.0,06,1.0,0.0,1.0,0.0,1.0,1.0,100,2.0,1.0,1.0,,,"-818504,906","-1075872,656","-818506,533","-1075875,935",,,,silnice3.t¯Ìdy,18021,1477573,,OpaËn˝kesmÏru˙seku,Pomal˝,558371.0,,GN_V0.1UIR-ADR_410,2
30506190037,8,,2019-01-12,6,1206,3,0,9,2,1,0,502,0,0,0,500,3,3,1,1,1,1,1,1,3,5,10,1,1,0,,3,39.0,16,3.0,0.0,1.0,0.0,1.0,5.0,200,2.0,1.0,1.0,,,"-822309,146","-1069049,507","-822308,59","-1069049,367",PLZE“1-SEVERNÕPÿEDMÃSTÕ,LochotÌnsk·,,mÌstnÌkomunikace,,1375529,,Souhlasn˝sesmÏrem˙seku,Pomal˝,554791.0,396982.0,GN_V0.1UIR-ADR_410,1
30506190038,1,19.0,2019-01-15,2,1540,3,0,9,2,1,0,502,0,0,0,300,1,1,1,1,1,1,0,1,0,0,9,1,1,0,,7,48.0,14,3.0,0.0,1.0,0.0,1.0,3.0,0,9.0,,,,,"-814689,994","-1082336,935","-814690,119","-1082338,775",,,,mÌstnÌkomunikace,,1917441,,Souhlasn˝sesmÏrem˙seku,Pomal˝,558141.0,,GN_V0.1UIR-ADR_410,2
30506190039,5,,2019-01-15,2,1746,1,4,0,1,1,2,503,0,0,1,500,2,1,1,1,4,1,3,1,2,0,2,1,2,0,,3,26.0,11,9.0,0.0,1.0,0.0,1.0,1.0,300,2.0,1.0,1.0,,,"-822831,767","-1070005,036","-822832,516","-1070004,772",PLZE“3-JIéNÕPÿEDMÃSTÕ,Klatovsk·t¯Ìda,,silnice1.t¯Ìdy,27,715494,,Souhlasn˝sesmÏrem˙seku,Pomal˝,554791.0,664162.0,GN_V0.1UIR-ADR_410,1
30506190040,4,,2019-01-16,3,1845,1,3,0,1,1,2,401,0,0,1,920,2,1,1,1,4,1,3,1,2,0,0,4,2,19,,3,39.0,98,1.0,0.0,1.0,0.0,1.0,71.0,500,2.0,1.0,1.0,"-819855,753","-1070050,323","-819855,753","-1070050,323","-819854,996","-1070046,704",PLZE“4-DOUBRAVKA,Rokycansk·,,silnice1.t¯Ìdy,26,1476703,,Souhlasn˝sesmÏrem˙seku,Pomal˝,554791.0,397466.0,GN_V0.1UIR-ADR_410,1
30506190041,6,,2019-01-18,5,625,1,2,0,2,1,9,204,0,0,0,800,2,6,1,5,4,1,1,1,0,0,0,1,2,0,,3,13.0,,1.0,1.0,1.0,0.0,1.0,5.0,500,2.0,5.0,1.0,,,"-824271,47","-1067846,029","-824271,37","-1067845,975",PLZE“1-SEVERNÕPÿEDMÃSTÕ,Znojemsk·,,mÌstnÌkomunikace,,355568,,Souhlasn˝sesmÏrem˙seku,Pomal˝,554791.0,670201.0,GN_V0.1UIR-ADR_410,1
30506190042,6,,2019-01-18,5,830,3,0,2,2,1,2,204,0,0,0,500,2,6,1,1,1,1,0,1,0,0,0,1,2,0,,3,39.0,12,1.0,0.0,1.0,0.0,1.0,5.0,200,2.0,1.0,1.0,,,"-820318,842","-1071713,321","-820313,378","-1071717,067",PLZE“2-BOéKOV,USvÏtovaru,,mÌstnÌkomunikace,,369748,,Souhlasn˝sesmÏrem˙seku,Pomal˝,554791.0,399035.0,GN_V0.1UIR-ADR_410,1
30506190043,6,,2019-01-18,5,713,3,0,2,2,1,2,204,0,0,0,120,2,6,1,6,4,1,1,1,3,3,0,5,1,10,,3,13.0,09,3.0,0.0,1.0,0.0,1.0,5.0,100,2.0,1.0,1.0,,,"-821766,42","-1066510,031","-821766,95","-1066511,033",PLZE“1-BOLEVEC,N˝¯ansk·xPlask·(vedlejöÌkomunikace),,mÌstnÌkomunikace,,1476595,,OpaËn˝kesmÏru˙seku,Pomal˝,554791.0,396401.0,GN_V0.1UIR-ADR_410,1
30506190044,6,,2019-01-18,5,850,3,0,3,2,1,2,204,0,0,0,60,1,6,1,6,1,1,1,8,3,3,0,5,1,10,,3,13.0,05,1.0,0.0,1.0,0.0,1.0,5.0,50,2.0,1.0,1.0,,,"-823714,342","-1067874,655","-823713,502","-1067874,801",PLZE“1-SEVERNÕPÿEDMÃSTÕ,BrnÏnsk·xBrnÏnsk·,,mÌstnÌkomunikace,,728663,,Souhlasn˝sesmÏrem˙seku,Pomal˝,554791.0,392138.0,GN_V0.1UIR-ADR_410,1
30506190045,8,,2019-01-19,6,215,3,0,6,2,1,8,511,0,0,0,550,3,1,1,1,4,1,0,0,0,0,0,1,1,0,,3,2.0,14,3.0,0.0,1.0,0.0,1.0,5.0,500,7.0,5.0,1.0,,,"-822234,829","-1069119,711","-822256,499","-1069126,201",PLZE“1-SEVERNÕPÿEDMÃSTÕ,Ot˝lieBenÌökovÈ,,mÌstnÌkomunikace,,728073,,OpaËn˝kesmÏru˙seku,Pomal˝,554791.0,396494.0,GN_V0.1UIR-ADR_410,1
30506190046,5,,2019-01-20,0,27,1,3,0,1,1,2,403,0,0,1,1400,2,3,1,1,4,1,3,1,3,3,1,4,2,10,,3,13.0,09,1.0,0.0,1.0,0.0,1.0,1.0,600,2.0,1.0,1.0,,,"-822826,568","-1069517,456","-822826,738","-1069518,224",PLZE“3-JIéNÕPÿEDMÃSTÕ,PalackÈhon·mÏstÌ,,silnice1.t¯Ìdy,26,728090,,Souhlasn˝sesmÏrem˙seku,Pomal˝,554791.0,396524.0,GN_V0.1UIR-ADR_410,1
30506190047,5,,2019-01-20,0,930,1,1,0,1,1,2,403,0,0,1,1300,2,1,1,1,1,1,1,1,3,3,0,5,2,10,,3,47.0,98,1.0,0.0,1.0,0.0,1.0,5.0,300,3.0,1.0,1.0,,,"-820817,633","-1070973,62","-820821,816","-1070976,291",PLZE“2-V›CHODNÕPÿEDMÃSTÕ,Lobezsk·xMeziStadiony,,mÌstnÌkomunikace,,366860,,OpaËn˝kesmÏru˙seku,Pomal˝,554791.0,394998.0,GN_V0.1UIR-ADR_410,1
30506190048,6,,2019-01-18,5,1500,3,0,2,2,1,2,508,0,0,0,100,2,5,1,1,1,1,1,1,0,0,0,3,1,0,,17,,XX,,,,,,,0,,,,,,"-821427,896","-1076400,179","-821427,392","-1076399,709",PLZE“2,,,mÌstnÌkomunikace,,384346,,Souhlasn˝sesmÏrem˙seku,Pomal˝,554791.0,399388.0,GN_V0.1UIR-ADR_410,1
30506190049,6,,2019-01-21,1,1615,4,0,0,1,3,2,100,0,0,1,0,2,3,1,1,1,6,1,1,0,0,0,1,1,0,,3,47.0,09,1.0,0.0,1.0,0.0,1.0,5.0,0,2.0,1.0,1.0,,,"-822194,844","-1068858,188","-822192,885","-1068857,887",PLZE“1,PodVöemisvat˝mi,,mÌstnÌkomunikace,,358476,,OpaËn˝kesmÏru˙seku,Pomal˝,554791.0,396982.0,GN_V0.1UIR-ADR_410,1
30506190050,5,,2019-01-22,2,1425,4,0,0,1,3,2,100,0,0,1,20,2,1,1,1,1,1,3,7,0,0,1,1,1,0,,10,0.0,,5.0,0.0,1.0,0.0,1.0,1.0,20,2.0,1.0,1.0,,,"-822913,162","-1070276,274","-822912,758","-1070276,416",PLZE“3-JIéNÕPÿEDMÃSTÕ,Klatovsk·t¯Ìda,,silnice1.t¯Ìdy,27,364093,,Souhlasn˝sesmÏrem˙seku,Pomal˝,554791.0,664162.0,GN_V0.1UIR-ADR_410,1
30506190051,4,,2019-01-22,2,1515,1,2,0,1,2,2,401,0,0,1,820,2,1,1,1,1,1,2,1,2,0,1,5,2,19,,13,0.0,,1.0,0.0,0.0,0.0,1.0,75.0,20,8.0,1.0,1.0,,,"-821071,019","-1069834,304","-821072,1","-1069834,315",PLZE“3-V›CHODNÕPÿEDMÃSTÕ,UPrazdrojexvjezddoGabrinusxvjezddoHornbachu,,mÌstnÌkomunikace,,2537264,,,Pomal˝,554791.0,398942.0,GN_V0.1UIR-ADR_410,1