IDENTIFIKA»NÕ »ÕSLO,DRUH POZEMNÕ KOMUNIKACE,»ÕSLO POZEMNÕ KOMUNIKACE,"den, mÏsÌc, rok",,Ëas ,DRUH NEHODY,DRUH SR¡éKY JEDOUCÕCH VOZIDEL,DRUH PEVN… PÿEK¡éKY,CHARAKTER NEHODY,ZAVINÃNÕ NEHODY,ALKOHOL U VINÕKA NEHODY PÿÕTOMEN,HLAVNÕ PÿÕ»INY NEHODY,usmrceno osob,tÏûce zranÏno osob,lehce zranÏno osob,CELKOV¡ HMOTN¡ äKODA,DRUH POVRCHU VOZOVKY,STAV POVRCHU VOZOVKY V DOBÃ NEHODY,STAV KOMUNIKACE,POVÃTRNOSTNÕ PODMÕNKY V DOBÃ NEHODY,VIDITELNOST,ROZHLEDOV… POMÃRY,DÃLENÕ KOMUNIKACE,SITUOV¡NÕ NEHODY NA KOMUNIKACI,ÿÕZENÕ PROVOZU V DOBÃ NEHODY,MÕSTNÕ ⁄PRAVA PÿEDNOSTI V JÕZDÃ,SPECIFICK¡ MÕSTA A OBJEKTY V MÕSTÃ NEHODY,SMÃROV… POMÃRY,PO»ET Z⁄»ASTNÃN›CH VOZIDEL,MÕSTO DOPRAVNÕ NEHODY,DRUH KÿIéUJÕCÕ KOMUNIKACE,DRUH VOZIDLA,V›ROBNÕ ZNA»KA MOTOROV…HO VOZIDLA,ROK V›ROBY VOZIDLA,CHARAKTERISTIKA VOZIDLA ,SMYK,VOZIDLO PO NEHODÃ,"⁄NIK PROVOZNÕCH, PÿEPRAVOVAN›CH HMOT",ZPŸSOB VYPROäTÃNÕ OSOB Z VOZIDLA,SMÃR JÕZDY NEBO POSTAVENÕ VOZIDLA,äKODA NA VOZIDLE,KATEGORIE ÿIDI»E,STAV ÿIDI»E,VNÃJäÕ OVLIVNÃNÕ ÿIDI»E,nan.1,nan.2,nan.3,nan.4,nan.5,nan.6,nan.7,nan.8,nan.9,nan.10,nan.11,nan.12,nan.13,nan.14,nan.15,nan.16,nan.17,nan.18,LOKALITA NEHODY
31106190025,3,19340.0,2019-01-10,4,1209,2,0,0,2,1,0,502,0,0,0,50,2,3,1,1,1,1,1,1,3,3,2,1,2,0,,5,10.0,03,3.0,0.0,1.0,0.0,1.0,1.0,0,3.0,1.0,1.0,"-839483,307","-1079094,093","-839483,307","-1079094,093","-839482,605","-1079095,662",Stod,Krandova,,silnice3.t¯Ìdy,19340,3256020,,OpaËn˝kesmÏru˙seku,Pomal˝,558389.0,390488.0,GN_V0.1UIR-ADR_410,1
31106190026,2,180.0,2019-01-11,5,1420,2,0,0,2,1,0,504,0,0,0,50,2,3,1,5,1,1,1,2,0,0,0,1,2,0,,17,,XX,,,,,,,0,,,,"-830934,19","-1065141,239","-830934,19","-1065141,239","-830937,454","-1065141,541",MÏstoTouökov,»emÌnsk·,,silnice2.t¯Ìdy,180,1761961,,OpaËn˝kesmÏru˙seku,Pomal˝,559211.0,403865.0,GN_V0.1UIR-ADR_410,1
31106190027,1,20.0,2019-01-11,5,1515,3,0,1,2,1,2,510,0,0,0,2020,2,5,1,5,1,1,1,3,0,0,0,1,1,0,,6,26.0,15,3.0,0.0,1.0,0.0,1.0,1.0,0,3.0,1.0,1.0,"-815703,498","-1095029,186","-815703,498","-1095029,186","-815703,695","-1095029,264",,,,silnice1.t¯Ìdy,20,1731672,,OpaËn˝kesmÏru˙seku,Pomal˝,557803.0,,GN_V0.1UIR-ADR_410,2
31106190028,2,180.0,2019-01-11,5,1615,1,1,0,1,1,2,501,0,0,4,300,2,8,1,5,3,1,1,1,0,0,0,1,2,0,,3,39.0,97,1.0,0.0,1.0,0.0,3.0,1.0,100,2.0,1.0,1.0,"-833021,108","-1078123,093","-833021,108","-1078123,093","-833021,678","-1078125,715",,,,silnice2.t¯Ìdy,180,3091865,,OpaËn˝kesmÏru˙seku,Pomal˝,557676.0,,GN_V0.1UIR-ADR_410,2
31106190029,6,,2019-01-12,6,1725,1,3,0,2,2,2,404,0,0,0,100,2,3,1,4,4,1,1,1,3,5,0,5,2,10,6.0,13,0.0,,1.0,0.0,3.0,0.0,1.0,5.0,0,8.0,1.0,1.0,"-830424,944","-1066528,768","-830424,944","-1066528,768","-830424,527","-1066524,37",Kozolupy,,,mÌstnÌkomunikace,,1221872,,OpaËn˝kesmÏru˙seku,Pomal˝,559059.0,,GN_V0.1UIR-ADR_410,1
31106190030,3,20314.0,2019-01-12,6,2215,9,0,0,1,1,2,204,0,0,1,500,2,3,1,1,6,1,1,1,0,0,0,3,1,0,,3,39.0,05,1.0,1.0,1.0,0.0,1.0,1.0,500,2.0,1.0,1.0,"-845048,13","-1068686,767","-845048,13","-1068686,767","-845049,385","-1068686,993",,,,silnice3.t¯Ìdy,20314,1473909,,Souhlasn˝sesmÏrem˙seku,Pomal˝,561215.0,,GN_V0.1UIR-ADR_410,2
31106190031,3,1804.0,2019-01-13,0,1150,3,0,1,2,1,2,204,0,0,0,505,2,3,1,1,1,3,1,8,0,0,0,3,1,0,,3,4.0,96,1.0,1.0,1.0,0.0,1.0,1.0,500,2.0,1.0,1.0,"-818314,626","-1055814,02","-818314,626","-1055814,02","-818312,325","-1055815,051",,,,silnice3.t¯Ìdy,1804,1824326,,Souhlasn˝sesmÏrem˙seku,Pomal˝,559318.0,,GN_V0.1UIR-ADR_410,2
31106190032,2,180.0,2019-01-14,1,716,4,0,0,1,1,2,412,0,0,1,100,2,3,1,1,4,1,1,1,0,0,1,1,1,0,,3,35.0,13,1.0,0.0,1.0,0.0,1.0,1.0,100,2.0,1.0,1.0,"-830941,012","-1065113,074","-830943,698","-1065081,921","-830942,522","-1065081,842",MÏstoTouökov,»emÌnsk·,,silnice2.t¯Ìdy,180,346866,,Souhlasn˝sesmÏrem˙seku,Pomal˝,559211.0,403865.0,GN_V0.1UIR-ADR_410,1
31106190033,2,177.0,2019-01-14,1,700,3,0,9,2,1,2,204,0,0,0,400,2,0,1,1,6,1,1,3,3,3,0,5,1,19,3.0,5,26.0,07,3.0,1.0,1.0,0.0,1.0,12.0,200,3.0,1.0,1.0,"-799521,542","-1102990,916","-799521,542","-1102990,916","-799523,451","-1102990,995",,,,silnice2.t¯Ìdy,177,965589,,Souhlasn˝sesmÏrem˙seku,Pomal˝,557862.0,,GN_V0.1UIR-ADR_410,2
31106190034,1,19.0,2019-01-14,1,830,9,0,0,1,1,2,511,0,0,1,0,2,5,1,1,1,1,1,8,0,0,0,1,1,0,,5,19.0,12,3.0,0.0,1.0,0.0,1.0,1.0,0,2.0,1.0,1.0,"-799862,006","-1087098,675","-799862,006","-1087098,675","-799862,074","-1087099,617",,,,silnice1.t¯Ìdy,19,1258576,,OpaËn˝kesmÏru˙seku,Pomal˝,546399.0,,GN_V0.1UIR-ADR_410,2
31106190035,1,20.0,2019-01-14,1,2130,3,0,4,2,1,2,204,0,0,0,50,2,5,1,1,4,1,1,1,3,3,0,5,1,11,3.0,3,39.0,16,7.0,0.0,1.0,0.0,1.0,12.0,0,2.0,1.0,1.0,"-825307,54","-1064350,278","-825307,54","-1064350,278","-825307,303","-1064350,654",,,,silnice1.t¯Ìdy,20,344690,,OpaËn˝kesmÏru˙seku,Pomal˝,558940.0,,GN_V0.1UIR-ADR_410,2
31106190036,2,188.0,2019-01-15,2,1545,9,0,0,1,1,2,204,0,0,1,150,2,5,1,7,3,1,1,8,3,3,0,1,1,0,,3,39.0,99,1.0,1.0,1.0,0.0,1.0,3.0,150,2.0,1.0,1.0,"-806456,829","-1107700,509","-806456,829","-1107700,509","-806457,231","-1107700,479",,,,silnice2.t¯Ìdy,188,3091765,,Souhlasn˝sesmÏrem˙seku,Pomal˝,558184.0,,GN_V0.1UIR-ADR_410,2
31106190037,2,605.0,2019-01-16,3,1200,1,3,0,1,1,2,402,0,0,1,900,2,1,1,1,1,1,1,1,3,3,0,4,2,19,2.0,3,39.0,08,1.0,0.0,1.0,0.0,1.0,44.0,500,2.0,1.0,1.0,"-831266,051","-1066438,666","-831266,051","-1066438,666","-831267,409","-1066440,285",Kozolupy,,,silnice2.t¯Ìdy,605,954092,,OpaËn˝kesmÏru˙seku,Pomal˝,559059.0,,GN_V0.1UIR-ADR_410,1
31106190038,6,,2019-01-16,3,2130,3,0,9,2,1,9,511,0,0,0,1100,2,1,1,1,4,1,1,1,3,3,0,5,1,10,6.0,3,39.0,13,1.0,0.0,3.0,1.0,1.0,5.0,1000,3.0,5.0,1.0,"-812200,564","-1100873,883","-812211,844","-1100858,842","-812212,496","-1100859,055",Nepomuk,UPoöty,,mÌstnÌkomunikace,,762996,,OpaËn˝kesmÏru˙seku,Pomal˝,558109.0,754145.0,GN_V0.1UIR-ADR_410,1
31106190039,3,1804.0,2019-01-17,4,1500,3,0,3,2,1,2,504,0,0,0,10,2,1,1,1,1,1,1,6,0,0,1,1,1,0,,5,19.0,13,3.0,0.0,1.0,0.0,1.0,1.0,0,2.0,1.0,1.0,"-821989,53","-1059052,786","-821989,53","-1059052,786","-821990,766","-1059050,794",HornÌB¯Ìza,T¯Ìda1.m·je,,silnice3.t¯Ìdy,1804,2646050,,OpaËn˝kesmÏru˙seku,Pomal˝,558885.0,401803.0,GN_V0.1UIR-ADR_410,1
31106190040,2,180.0,2019-01-18,5,325,3,0,9,2,1,2,204,0,0,0,250,2,5,1,1,4,1,1,3,0,0,0,3,1,0,,3,31.0,99,1.0,1.0,1.0,0.0,1.0,1.0,200,2.0,1.0,1.0,"-836460,159","-1077898,99","-836460,159","-1077898,99","-836459,276","-1077902,24",ChotÏöov,Dob¯ansk·,,silnice2.t¯Ìdy,180,388123,,Souhlasn˝sesmÏrem˙seku,Pomal˝,557838.0,387665.0,GN_V0.1UIR-ADR_410,1
31106190041,2,183.0,2019-01-18,5,820,9,0,0,1,1,2,204,0,0,1,100,2,5,1,1,1,1,1,1,0,0,0,2,1,0,,3,42.0,00,1.0,1.0,1.0,1.0,1.0,1.0,100,2.0,1.0,1.0,"-819873,36","-1082149,38","-819873,36","-1082149,38","-819872,859","-1082152,033",,,,silnice2.t¯Ìdy,183,1844708,,Souhlasn˝sesmÏrem˙seku,Pomal˝,540340.0,,GN_V0.1UIR-ADR_410,2
31106190042,3,2066.0,2019-01-18,5,1510,7,3,0,2,1,2,401,0,0,0,4500,2,6,1,6,1,1,1,1,2,0,3,1,2,0,,5,26.0,15,3.0,0.0,1.0,0.0,1.0,1.0,500,3.0,1.0,1.0,"-818400,312","-1037282,375","-818400,312","-1037282,375","-818401,225","-1037280,987",,,,silnice3.t¯Ìdy,2066,2520378,,OpaËn˝kesmÏru˙seku,Pomal˝,559695.0,,GN_V0.1UIR-ADR_410,2
31106190043,6,,2019-01-19,6,1435,3,0,9,2,1,9,511,0,0,0,400,2,3,1,1,1,1,1,1,0,0,0,1,1,0,,3,39.0,06,1.0,0.0,1.0,0.0,1.0,5.0,200,2.0,5.0,1.0,"-830933,379","-1057944,585","-830933,379","-1057944,585","-830928,37","-1057946,285",Vöeruby,,,mÌstnÌkomunikace,,2357890,,OpaËn˝kesmÏru˙seku,Pomal˝,559628.0,,GN_V0.1UIR-ADR_410,1
31106190044,6,,2019-01-18,5,2560,2,0,0,2,1,0,511,0,0,0,100,2,1,1,1,4,1,0,0,3,5,10,5,2,10,6.0,17,,XX,,,,,,,0,,,,"-830900,513","-1065177,691","-830900,513","-1065177,691","-830900,593","-1065178,635",MÏstoTouökov,,,mÌstnÌkomunikace,,2643384,,Souhlasn˝sesmÏrem˙seku,Pomal˝,559211.0,,GN_V0.1UIR-ADR_410,1
31106190045,2,180.0,2019-01-19,6,2360,3,0,4,2,1,0,204,0,0,0,150,2,3,1,1,6,1,1,1,0,0,0,3,1,0,,3,13.0,03,1.0,1.0,4.0,1.0,1.0,1.0,100,9.0,,,"-833826,643","-1071209,115","-833826,643","-1071209,115","-833828,49","-1071211,495",,,,silnice2.t¯Ìdy,180,1669281,,Souhlasn˝sesmÏrem˙seku,Pomal˝,559300.0,,GN_V0.1UIR-ADR_410,2
31106190046,6,,2019-01-22,2,1050,3,0,9,2,1,2,509,0,0,0,20,5,4,1,1,1,1,0,8,0,0,10,1,1,0,,3,7.0,00,1.0,0.0,1.0,0.0,1.0,5.0,20,4.0,1.0,1.0,"-814802,831","-1086700,024","-814802,831","-1086700,024","-814822,836","-1086696,435",Zdemyslice,,,mÌstnÌkomunikace,,959145,,Souhlasn˝sesmÏrem˙seku,Pomal˝,558583.0,,GN_V0.1UIR-ADR_410,1
31106190047,2,191.0,2019-01-24,4,1804,4,0,0,1,1,2,508,0,1,0,153,2,3,1,1,4,1,1,1,0,0,0,1,1,0,,3,39.0,05,1.0,0.0,1.0,0.0,1.0,1.0,150,2.0,1.0,1.0,"-810352,788","-1099572,696","-810352,788","-1099572,696","-810353,201","-1099572,124",Nepomuk,Roûmit·lsk·,,silnice2.t¯Ìdy,191,3263984,,OpaËn˝kesmÏru˙seku,Pomal˝,558109.0,747645.0,GN_V0.1UIR-ADR_410,1
31106190048,2,183.0,2019-01-25,5,1450,1,2,0,2,1,0,501,0,0,0,50,2,3,1,1,1,1,1,1,0,0,0,3,2,0,,17,,XX,,,,,,,0,,,,"-819964,113","-1082198,434","-819964,113","-1082198,434","-819962,906","-1082199,539",,,,silnice2.t¯Ìdy,183,1844708,,Souhlasn˝sesmÏrem˙seku,Pomal˝,540340.0,,GN_V0.1UIR-ADR_410,2
31106190049,1,27.0,2019-01-25,5,2255,3,0,1,1,1,0,511,1,0,3,1040,2,3,1,1,6,1,1,8,0,0,0,1,1,0,,3,39.0,08,1.0,0.0,2.0,1.0,1.0,1.0,980,2.0,1.0,1.0,"-827721,704","-1082259,258","-827721,704","-1082259,258","-827716,264","-1082261,62",,,,silnice1.t¯Ìdy,27,1345375,,Souhlasn˝sesmÏrem˙seku,Pomal˝,557781.0,,GN_V0.1UIR-ADR_410,2
31106190050,6,,2019-01-26,6,1015,9,0,0,2,1,2,204,0,0,0,1850,2,6,1,1,1,1,1,8,0,0,0,1,1,0,,4,26.0,06,3.0,0.0,1.0,0.0,1.0,5.0,1000,3.0,1.0,1.0,"-819315,828","-1047929,272","-819315,828","-1047929,272","-819314,902","-1047928,606",,,,mÌstnÌkomunikace,,2836078,,Souhlasn˝sesmÏrem˙seku,Pomal˝,559351.0,,GN_V0.1UIR-ADR_410,2
31106190051,3,18054.0,2019-01-26,6,1955,9,0,0,1,1,2,204,0,0,1,250,2,8,1,1,6,1,1,8,3,3,0,2,1,0,,3,2.0,19,1.0,0.0,1.0,0.0,1.0,1.0,250,2.0,1.0,1.0,"-833712,027","-1061440,985","-833712,027","-1061440,985","-833712,127","-1061441,053",,,,silnice3.t¯Ìdy,18054,1824502,,OpaËn˝kesmÏru˙seku,Pomal˝,559172.0,,GN_V0.1UIR-ADR_410,2
31106190052,6,,2019-01-25,5,2560,2,0,0,2,1,0,516,0,0,0,100,2,3,1,1,1,1,1,1,0,0,0,1,2,0,,17,,XX,,,,,,,0,,,,"-821931,238","-1058883,805","-821931,238","-1058883,805","-821929,803","-1058886,284",HornÌB¯Ìza,NaSkautech,,mÌstnÌkomunikace,,329146,,Souhlasn˝sesmÏrem˙seku,Pomal˝,558885.0,401650.0,GN_V0.1UIR-ADR_410,1
31106190053,6,,2019-01-27,0,1749,9,0,0,1,2,0,511,0,0,1,0,2,3,1,1,6,1,1,1,3,5,0,1,1,0,,13,0.0,,1.0,0.0,0.0,0.0,1.0,5.0,0,8.0,1.0,1.0,"-818059,095","-1064022,283","-818059,095","-1064022,283","-818058,641","-1064022,489",,,,mÌstnÌkomunikace,,2445865,,Souhlasn˝sesmÏrem˙seku,Pomal˝,559679.0,,GN_V0.1UIR-ADR_410,2
31106190054,2,180.0,2019-01-29,2,1340,1,4,0,2,1,2,201,0,0,0,200,2,3,1,1,1,1,1,1,3,3,6,5,2,19,6.0,3,47.0,17,1.0,0.0,1.0,0.0,1.0,13.0,100,2.0,1.0,1.0,"-836165,457","-1077931,276","-836165,457","-1077931,276","-836165,655","-1077936,921",ChotÏöov,Dob¯ansk·,,silnice2.t¯Ìdy,180,2638005,,OpaËn˝kesmÏru˙seku,Pomal˝,557838.0,387665.0,GN_V0.1UIR-ADR_410,1
31106190055,6,,2019-01-29,2,1260,2,0,0,2,1,0,508,0,0,0,150,1,5,1,1,1,1,1,8,0,0,10,1,2,0,,17,,XX,,,,,,,0,,,,"-824024,993","-1066074,585","-824024,993","-1066074,585","-824022,11","-1066079,695",ChotÌkov,,,mÌstnÌkomunikace,,1715585,,OpaËn˝kesmÏru˙seku,Pomal˝,558940.0,,GN_V0.1UIR-ADR_410,1
31106190056,2,605.0,2019-01-30,3,1430,1,1,0,1,1,2,501,0,0,1,1850,2,3,1,1,1,1,1,1,0,0,0,2,3,0,,4,26.0,10,1.0,0.0,1.0,0.0,1.0,1.0,500,2.0,1.0,1.0,"-830696,652","-1066659,776","-830696,652","-1066659,776","-830696,546","-1066659,5",Kozolupy,,,silnice2.t¯Ìdy,605,954171,,Souhlasn˝sesmÏrem˙seku,Pomal˝,559059.0,,GN_V0.1UIR-ADR_410,1
31106190057,2,180.0,2019-01-30,3,2115,9,0,0,1,1,2,205,0,0,1,200,2,1,1,1,6,1,1,8,0,0,0,2,1,0,,3,7.0,99,1.0,1.0,1.0,0.0,1.0,1.0,200,2.0,1.0,1.0,"-833484,619","-1078022,506","-833484,619","-1078022,506","-833484,511","-1078022,038",,,,silnice2.t¯Ìdy,180,1844129,,Souhlasn˝sesmÏrem˙seku,Pomal˝,557838.0,,GN_V0.1UIR-ADR_410,2
31106190058,6,,2019-02-01,5,1433,2,0,0,2,1,2,504,0,0,0,100,1,1,1,1,1,1,0,1,0,0,0,1,2,0,,3,39.0,06,1.0,0.0,1.0,0.0,1.0,5.0,50,2.0,1.0,1.0,"-808499,717","-1086744,414","-808499,717","-1086744,414","-808499,739","-1086746,153",Sp·lenÈPo¯ÌËÌ,N·mÏstÌSvobody,,mÌstnÌkomunikace,,1845542,,Souhlasn˝sesmÏrem˙seku,Pomal˝,558362.0,389307.0,GN_V0.1UIR-ADR_410,1
31106190059,2,201.0,2019-02-03,0,730,9,0,0,1,1,2,205,0,0,1,300,2,6,1,1,2,1,1,8,0,0,0,2,1,0,,3,32.0,06,1.0,1.0,1.0,0.0,1.0,1.0,300,2.0,1.0,1.0,"-820387,148","-1043408,642","-820387,148","-1043408,642","-820387,451","-1043405,154",,,,silnice2.t¯Ìdy,201,945912,,OpaËn˝kesmÏru˙seku,Pomal˝,559237.0,,GN_V0.1UIR-ADR_410,2
10044194003,0,8.0,2019-01-01,2,2200,3,0,4,2,1,2,208,0,0,0,1600,2,3,1,7,7,1,3,1,0,0,0,1,1,0,,3,39.0,01,1.0,0.0,0.0,0.0,1.0,1.0,300,2.0,1.0,1.0,"-759677,396","-997564,904","-759677,396","-997564,904",,,,,,,,,,,,,,GN_V0.1UIR-ADR_410,2
10044194005,0,8.0,2019-01-01,2,2560,0,0,0,2,1,0,516,0,0,0,350,2,1,1,1,1,1,3,1,0,0,0,1,2,0,,5,26.0,99,3.0,0.0,1.0,0.0,1.0,3.0,0,3.0,1.0,1.0,"-757153,122","-1001014,186","-757153,122","-1001014,186",,,,,,,,,,,,,,GN_V0.1UIR-ADR_410,2
10044194006,0,8.0,2019-01-13,0,1615,3,0,9,2,1,2,204,0,0,0,1100,2,3,1,3,1,1,3,4,0,0,0,2,1,0,,3,29.0,06,1.0,1.0,1.0,1.0,1.0,3.0,1000,3.0,1.0,1.0,"-751626,538","-1007529,673","-751626,538","-1007529,673","-751629,076","-1007530,931",,,,d·lnice,D8,1436141.0,,Souhlasn˝sesmÏrem˙seku,P¯ipojovacÌvpravo,565032.0,,GN_V0.1UIR-ADR_410,2
40040190001,0,8.0,2019-01-03,4,1845,0,0,0,2,0,0,100,0,0,0,500,2,3,1,1,6,1,3,1,0,0,0,1,2,0,,7,40.0,18,6.0,0.0,1.0,0.0,1.0,1.0,0,3.0,1.0,1.0,,,"-764302,754","-976962,698","-764301,424","-976962,629",,,,d·lnice,D8,832123.0,,Souhlasn˝sesmÏrem˙seku,Pomal˝,553697.0,,GN_V0.1UIR-ADR_410,2
40040190002,0,8.0,2019-01-04,5,1250,3,0,6,2,1,2,205,0,0,0,1000,2,3,1,1,1,3,0,8,0,0,0,3,1,0,,3,39.0,11,3.0,1.0,1.0,0.0,1.0,1.0,1000,2.0,1.0,1.0,"-764222,301","-977118,897","-764222,301","-977118,897","-764221,469","-977122,576",,,,d·lnice,D8,1436082.0,,Souhlasn˝sesmÏrem˙seku,Pomal˝,553697.0,,GN_V0.1UIR-ADR_410,2
40040190003,0,8.0,2019-01-05,6,1220,3,0,4,2,1,2,204,0,0,0,950,2,3,1,1,1,1,3,1,0,0,0,1,1,0,,4,44.0,98,9.0,1.0,1.0,0.0,1.0,1.0,800,4.0,1.0,1.0,,,"-765799,564","-989402,4","-765797,831","-989402,743",,,,d·lnice,D8,3561585.0,,Souhlasn˝sesmÏrem˙seku,Pomal˝,565849.0,,GN_V0.1UIR-ADR_410,2
40040190004,6,,2019-01-07,1,2045,1,4,0,2,1,2,504,0,0,0,350,2,3,1,1,4,1,3,0,0,0,9,1,2,0,,3,31.0,09,1.0,0.0,1.0,0.0,1.0,5.0,250,2.0,1.0,1.0,,,"-764816,993","-969667,724","-764818,204","-969659,754",,,,mÌstnÌkomunikace,,832226.0,,Souhlasn˝sesmÏrem˙seku,Pomal˝,554804.0,,GN_V0.1UIR-ADR_410,2
40040190005,1,63.0,2019-01-07,1,2120,5,0,0,2,4,0,100,0,0,0,750,2,3,1,1,6,1,3,1,0,0,0,1,1,0,,3,39.0,16,1.0,0.0,1.0,0.0,1.0,3.0,500,2.0,1.0,1.0,,,"-768551,077","-980075,359","-768550,827","-980076,801",,,,silnice1.t¯Ìdy,63,709142.0,,Souhlasn˝sesmÏrem˙seku,Pomal˝,568201.0,,GN_V0.1UIR-ADR_410,2
40040190006,1,63.0,2019-01-07,1,2120,5,0,0,2,1,2,201,0,0,0,250,2,3,1,1,6,1,3,1,0,0,0,1,1,0,,5,47.0,08,1.0,0.0,1.0,1.0,1.0,3.0,250,2.0,1.0,1.0,,,"-768643,2","-980082,659","-768641,49","-980092,521",,,,silnice1.t¯Ìdy,63,709142.0,,Souhlasn˝sesmÏrem˙seku,Pomal˝,568201.0,,GN_V0.1UIR-ADR_410,2
40040190007,1,63.0,2019-01-07,1,2120,5,0,0,2,1,2,202,0,0,0,200,2,3,1,3,6,1,3,1,0,0,0,1,1,0,,3,39.0,07,3.0,0.0,1.0,0.0,1.0,3.0,200,4.0,1.0,1.0,,,"-768585,786","-980078,636","-768585,074","-980082,739",,,,silnice1.t¯Ìdy,63,709142.0,,Souhlasn˝sesmÏrem˙seku,Pomal˝,568201.0,,GN_V0.1UIR-ADR_410,2
40040190008,1,63.0,2019-01-07,1,2120,5,0,0,2,1,2,201,0,0,0,250,2,3,1,1,6,1,3,1,0,0,0,1,1,0,,3,47.0,04,1.0,0.0,1.0,0.0,1.0,1.0,250,2.0,1.0,1.0,,,"-768604,318","-980049,614","-768598,181","-980085,012",,,,silnice1.t¯Ìdy,63,709142.0,,Souhlasn˝sesmÏrem˙seku,Pomal˝,568201.0,,GN_V0.1UIR-ADR_410,2
40040190009,0,8.0,2019-01-08,2,1130,1,4,0,2,1,2,508,0,0,0,3150,2,3,1,1,1,1,3,1,0,0,5,1,2,0,,3,38.0,19,1.0,0.0,1.0,1.0,1.0,1.0,3000,2.0,1.0,1.0,"-764060,569","-963922,995","-763937,685","-964305,658","-763938,159","-964305,762",,,,d·lnice,D8,3514250.0,,Souhlasn˝sesmÏrem˙seku,Pomal˝,568147.0,,GN_V0.1UIR-ADR_410,2
40040190010,0,8.0,2019-01-08,2,2250,3,0,4,2,1,2,204,0,0,0,5200,2,8,1,5,7,1,3,1,0,0,0,1,2,0,,5,10.0,10,9.0,1.0,1.0,0.0,1.0,1.0,2000,3.0,1.0,1.0,"-765576,746","-962651,668","-765576,746","-962651,668","-765565,828","-962636,43",,,,d·lnice,D8,1650489.0,,Souhlasn˝sesmÏrem˙seku,Pomal˝,568147.0,,GN_V0.1UIR-ADR_410,2
40040190011,0,8.0,2019-01-09,3,1305,2,0,0,2,1,2,508,0,0,0,200,2,5,1,5,3,1,3,1,0,0,9,1,2,0,,6,26.0,11,9.0,0.0,1.0,0.0,1.0,3.0,0,4.0,1.0,1.0,,,"-764957,738","-969691,016","-764956,847","-969698,183",,,,d·lnice,D8,3513426.0,,Souhlasn˝sesmÏrem˙seku,Pomal˝,554804.0,,GN_V0.1UIR-ADR_410,2
40040190012,0,8.0,2019-01-11,5,740,2,0,0,2,1,0,502,0,0,0,800,2,6,1,1,2,1,0,0,0,0,9,2,2,0,,6,40.0,18,3.0,0.0,3.0,0.0,1.0,3.0,0,4.0,1.0,1.0,"-764870,266","-969656,649","-764870,266","-969656,649","-764867,359","-969656,3",,,,mÌstnÌkomunikace,,832235.0,,Souhlasn˝sesmÏrem˙seku,Pomal˝,554804.0,,GN_V0.1UIR-ADR_410,2
40040190013,0,8.0,2019-01-12,6,618,3,0,4,2,1,2,204,0,0,0,300,2,3,1,1,6,1,3,1,0,0,0,1,1,0,,3,47.0,17,9.0,1.0,1.0,0.0,1.0,1.0,300,2.0,1.0,1.0,"-761713,06","-966977,961","-761713,06","-966977,961","-761719,778","-966977,17",,,,d·lnice,D8,2687627.0,,Souhlasn˝sesmÏrem˙seku,Pomal˝,568058.0,,GN_V0.1UIR-ADR_410,2
40040190014,0,8.0,2019-01-13,0,200,5,0,0,2,4,0,100,0,0,0,200,2,3,1,1,6,1,3,1,0,0,0,3,1,0,,3,13.0,00,9.0,0.0,1.0,1.0,1.0,1.0,100,3.0,1.0,1.0,"-765184,179","-974733,092","-765184,179","-974733,092","-765174,109","-974728,381",,,,d·lnice,D8,3558614.0,,Souhlasn˝sesmÏrem˙seku,Pomal˝,568015.0,,GN_V0.1UIR-ADR_410,2
40040190015,1,30.0,2019-01-14,1,1400,3,0,9,2,1,2,504,0,0,0,300,2,3,1,5,1,1,1,2,0,0,7,1,1,0,,5,62.0,14,3.0,0.0,1.0,0.0,1.0,1.0,200,3.0,1.0,1.0,"-766924,979","-971930,763","-766918,51","-971903,81","-766917,767","-971903,288",,,,silnice1.t¯Ìdy,30,1358885.0,,Souhlasn˝sesmÏrem˙seku,Pomal˝,568015.0,,GN_V0.1UIR-ADR_410,2
40040190016,2,613.0,2019-01-14,1,1435,1,2,0,2,1,2,411,0,0,0,300,2,3,1,5,1,1,5,1,0,0,7,1,2,0,,3,39.0,08,1.0,0.0,1.0,0.0,1.0,1.0,200,2.0,1.0,1.0,"-760251,789","-976489,103","-760266,879","-976464,313","-760266,43","-976463,92",⁄STÕNADLABEM-MÃSTO,N·rodnÌhoodboje,,silnice2.t¯Ìdy,613,1586580.0,,Souhlasn˝sesmÏrem˙seku,Pomal˝,554804.0,618934.0,GN_V0.1UIR-ADR_410,1
40040190017,0,8.0,2019-01-14,1,2105,0,0,0,2,1,2,204,0,0,0,50,2,3,6,1,6,1,3,1,0,0,5,1,1,0,,3,47.0,16,9.0,0.0,1.0,0.0,1.0,1.0,50,2.0,1.0,1.0,,,"-768113,747","-961697,562","-768112,178","-961693,792",,,,d·lnice,D8,3511622.0,,Souhlasn˝sesmÏrem˙seku,Pomal˝,568147.0,,GN_V0.1UIR-ADR_410,2
40040190018,0,8.0,2019-01-16,3,35,0,0,0,2,1,2,204,0,0,0,30,2,3,6,4,6,1,3,1,0,0,5,1,1,0,,3,35.0,16,9.0,0.0,1.0,0.0,1.0,1.0,30,2.0,1.0,1.0,"-768369,402","-961557,63","-768366,168","-961547,389","-768366,366","-961547,711",,,,d·lnice,D8,3548185.0,,Souhlasn˝sesmÏrem˙seku,Pomal˝,568147.0,,GN_V0.1UIR-ADR_410,2