IDENTIFIKA»NÕ »ÕSLO,DRUH POZEMNÕ KOMUNIKACE,»ÕSLO POZEMNÕ KOMUNIKACE,"den, mÏsÌc, rok",,Ëas ,DRUH NEHODY,DRUH SR¡éKY JEDOUCÕCH VOZIDEL,DRUH PEVN… PÿEK¡éKY,CHARAKTER NEHODY,ZAVINÃNÕ NEHODY,ALKOHOL U VINÕKA NEHODY PÿÕTOMEN,HLAVNÕ PÿÕ»INY NEHODY,usmrceno osob,tÏûce zranÏno osob,lehce zranÏno osob,CELKOV¡ HMOTN¡ äKODA,DRUH POVRCHU VOZOVKY,STAV POVRCHU VOZOVKY V DOBÃ NEHODY,STAV KOMUNIKACE,POVÃTRNOSTNÕ PODMÕNKY V DOBÃ NEHODY,VIDITELNOST,ROZHLEDOV… POMÃRY,DÃLENÕ KOMUNIKACE,SITUOV¡NÕ NEHODY NA KOMUNIKACI,ÿÕZENÕ PROVOZU V DOBÃ NEHODY,MÕSTNÕ ⁄PRAVA PÿEDNOSTI V JÕZDÃ,SPECIFICK¡ MÕSTA A OBJEKTY V MÕSTÃ NEHODY,SMÃROV… POMÃRY,PO»ET Z⁄»ASTNÃN›CH VOZIDEL,MÕSTO DOPRAVNÕ NEHODY,DRUH KÿIéUJÕCÕ KOMUNIKACE,DRUH VOZIDLA,V›ROBNÕ ZNA»KA MOTOROV…HO VOZIDLA,ROK V›ROBY VOZIDLA,CHARAKTERISTIKA VOZIDLA ,SMYK,VOZIDLO PO NEHODÃ,"⁄NIK PROVOZNÕCH, PÿEPRAVOVAN›CH HMOT",ZPŸSOB VYPROäTÃNÕ OSOB Z VOZIDLA,SMÃR JÕZDY NEBO POSTAVENÕ VOZIDLA,äKODA NA VOZIDLE,KATEGORIE ÿIDI»E,STAV ÿIDI»E,VNÃJäÕ OVLIVNÃNÕ ÿIDI»E,nan.1,nan.2,nan.3,nan.4,nan.5,nan.6,nan.7,nan.8,nan.9,nan.10,nan.11,nan.12,nan.13,nan.14,nan.15,nan.16,nan.17,nan.18,LOKALITA NEHODY
40040190019,1,63.0,2019-01-21,1,350,5,0,0,2,4,0,100,0,0,0,300,2,1,1,1,6,1,3,1,0,0,0,1,1,0,,3,39.0,09,1.0,0.0,1.0,0.0,1.0,1.0,300,2.0,1.0,1.0,"-768450,869","-980086,812","-768456,258","-980072,801","-768456,293","-980072,598",,,,silnice1.t¯Ìdy,63,1359406.0,,Souhlasn˝sesmÏrem˙seku,Pomal˝,568201.0,,GN_V0.1UIR-ADR_410,2
40040190020,0,8.0,2019-01-23,3,1300,0,0,0,2,7,0,605,0,0,0,1800,2,1,1,1,1,1,3,1,0,0,5,1,1,0,,3,27.0,97,1.0,0.0,1.0,1.0,1.0,1.0,600,2.0,1.0,1.0,,,"-764623,557","-976298,954","-764625,102","-976300,229",,,,d·lnice,D8,3531782.0,,Souhlasn˝sesmÏrem˙seku,Pomal˝,554804.0,619370.0,GN_V0.1UIR-ADR_410,2
40040190021,0,8.0,2019-01-24,4,730,3,0,4,2,1,2,204,0,0,0,900,2,3,1,1,2,1,5,1,0,0,0,1,1,0,,3,12.0,09,3.0,1.0,1.0,1.0,1.0,3.0,700,2.0,1.0,1.0,"-764351,482","-977338,106","-764350,404","-977310,077","-764350,435","-977310,071",,,,d·lnice,D8,1698436.0,,Souhlasn˝sesmÏrem˙seku,Pomal˝,553697.0,,GN_V0.1UIR-ADR_410,2
40040190022,0,8.0,2019-01-24,4,725,1,3,0,2,1,0,516,0,0,0,700,2,1,1,1,2,1,3,1,0,0,5,1,2,0,,17,,XX,,,,,,,0,,,,"-764351,482","-977338,106","-764351,482","-977338,106","-764356,028","-977337,164",,,,d·lnice,D8,733299.0,,Souhlasn˝sesmÏrem˙seku,Pomal˝,553697.0,,GN_V0.1UIR-ADR_410,2
40040190023,1,63.0,2019-01-25,5,2200,6,0,0,2,4,0,100,0,0,0,520,2,1,1,1,6,1,3,1,0,0,0,1,1,0,,3,60.0,18,1.0,0.0,1.0,0.0,1.0,3.0,500,2.0,1.0,1.0,"-769626,984","-980143,234","-769626,984","-980143,234","-769629,342","-980147,677",,,,silnice1.t¯Ìdy,63,1759057.0,,Souhlasn˝sesmÏrem˙seku,Pomal˝,567809.0,,GN_V0.1UIR-ADR_410,2
40040190024,0,8.0,2019-01-31,4,1905,2,0,0,2,7,0,615,0,0,0,3000,2,1,1,1,4,1,3,0,0,0,9,1,2,0,,7,26.0,18,9.0,0.0,1.0,0.0,1.0,3.0,0,3.0,1.0,1.0,"-764890,895","-969625,931","-764873,65","-969687,368","-764873,572","-969688,094",,,,d·lnice,D8,3513426.0,,Souhlasn˝sesmÏrem˙seku,Pomal˝,554804.0,,GN_V0.1UIR-ADR_410,2
40206190001,3,26510.0,2019-01-02,3,410,3,0,9,2,1,2,204,0,0,0,900,2,6,1,6,5,1,1,8,0,0,0,1,1,0,,3,47.0,15,1.0,0.0,1.0,0.0,1.0,1.0,500,2.0,1.0,1.0,"-734207,792","-945482,521","-734199,734","-945462,646","-734199,656","-945462,461",Mikul·öovice,,,silnice3.t¯Ìdy,26510,1023627.0,,OpaËn˝kesmÏru˙seku,Pomal˝,562751.0,,GN_V0.1UIR-ADR_410,1
40206190002,2,263.0,2019-01-01,2,2300,3,0,9,2,1,0,205,0,0,0,350,2,6,1,5,5,1,1,8,0,0,0,3,1,0,,3,25.0,02,1.0,1.0,1.0,0.0,1.0,3.0,300,2.0,1.0,1.0,,,"-724214,003","-953118,725","-724213,602","-953118,304",Kr·sn·LÌpa,Praûsk·,,silnice2.t¯Ìdy,263,3074897.0,,Souhlasn˝sesmÏrem˙seku,Pomal˝,562611.0,92843.0,GN_V0.1UIR-ADR_410,1
40206190003,2,263.0,2019-01-02,3,1030,3,0,1,2,1,2,510,0,0,0,400,2,8,1,5,1,1,1,1,0,0,0,3,1,0,,3,42.0,16,1.0,1.0,1.0,0.0,1.0,1.0,400,2.0,1.0,1.0,"-734056,659","-970257,439","-734056,659","-970257,439","-734060,046","-970254,878",,,,silnice2.t¯Ìdy,263,2255017.0,,OpaËn˝kesmÏru˙seku,Pomal˝,562891.0,,GN_V0.1UIR-ADR_410,2
40206190004,2,266.0,2019-01-02,3,1055,1,4,0,2,1,2,503,0,0,0,100,2,6,1,5,3,1,1,1,0,0,2,1,2,0,,3,47.0,15,3.0,1.0,1.0,0.0,1.0,3.0,0,3.0,1.0,1.0,"-720375,911","-948871,162","-720356,573","-948857,734","-720356,872","-948857,935",Rumburk,T¯Ìda9.kvÏtna,,silnice2.t¯Ìdy,266,2675746.0,,OpaËn˝kesmÏru˙seku,Pomal˝,562777.0,94196.0,GN_V0.1UIR-ADR_410,1
40206190005,6,,2019-01-02,3,1455,3,0,4,2,1,2,501,0,0,0,100,2,3,1,1,1,2,1,1,0,0,5,3,2,0,,8,19.0,18,3.0,0.0,1.0,0.0,1.0,5.0,0,4.0,1.0,1.0,"-746477,102","-964843,974","-746460,986","-964805,834","-746460,898","-964805,019",DÏËÌn,Kamenick·,,mÌstnÌkomunikace,,109545.0,,OpaËn˝kesmÏru˙seku,Pomal˝,562335.0,88226.0,GN_V0.1UIR-ADR_410,1
40206190006,2,266.0,2019-01-02,3,1655,3,0,3,2,1,9,204,0,0,0,130,2,6,1,5,5,1,1,8,0,0,0,3,1,0,,3,38.0,12,1.0,1.0,1.0,0.0,1.0,1.0,100,7.0,5.0,1.0,"-726435,041","-942372,689","-726444,709","-942347,444","-726444,433","-942348,58",äluknov,T.G.Masaryka,,silnice2.t¯Ìdy,266,100512.0,,OpaËn˝kesmÏru˙seku,Pomal˝,562858.0,95133.0,GN_V0.1UIR-ADR_410,1
40206190007,6,,2019-01-02,3,1830,2,0,0,2,1,0,504,0,0,0,150,1,6,1,5,5,1,0,1,0,0,0,1,2,0,,3,38.0,08,1.0,0.0,1.0,0.0,1.0,5.0,100,2.0,1.0,1.0,"-732006,022","-964556,1","-732006,022","-964556,1","-732000,288","-964558,763",»esk·Kamenice,Luûick·,,mÌstnÌkomunikace,,1698549.0,,OpaËn˝kesmÏru˙seku,Pomal˝,562394.0,86681.0,GN_V0.1UIR-ADR_410,1
40206190008,3,2662.0,2019-01-02,3,1855,3,0,1,2,1,2,204,0,0,0,500,2,5,1,5,7,1,1,8,0,0,0,2,1,0,,3,39.0,13,1.0,1.0,1.0,1.0,1.0,1.0,500,2.0,1.0,1.0,"-722178,947","-944123,073","-722178,947","-944123,073","-722169,243","-944108,361",,,,silnice3.t¯Ìdy,2662,1691895.0,,Souhlasn˝sesmÏrem˙seku,Pomal˝,562858.0,,GN_V0.1UIR-ADR_410,2
40206190009,6,,2019-01-03,4,1140,1,4,0,2,1,2,504,0,0,0,160,2,6,1,1,1,1,1,1,3,5,0,5,2,10,6.0,5,47.0,04,3.0,0.0,1.0,0.0,1.0,5.0,50,3.0,1.0,1.0,"-719898,443","-949527,462","-719898,443","-949527,462","-719892,249","-949514,783",Rumburk,SportovnÌ,,mÌstnÌkomunikace,,102748.0,,Souhlasn˝sesmÏrem˙seku,Pomal˝,562777.0,94056.0,GN_V0.1UIR-ADR_410,1
40206190010,6,,2019-01-03,4,1525,1,1,0,2,1,2,501,0,0,0,500,2,6,1,6,1,1,1,1,0,0,0,3,2,0,,3,38.0,99,1.0,0.0,1.0,0.0,1.0,5.0,100,3.0,1.0,1.0,"-736727,65","-966441,839","-736727,65","-966441,839","-736725,457","-966419,665",Markvartice,,,mÌstnÌkomunikace,,1026960.0,,OpaËn˝kesmÏru˙seku,Pomal˝,545678.0,,GN_V0.1UIR-ADR_410,1
40206190011,1,13.0,2019-01-03,4,1655,3,0,9,2,1,2,403,0,0,0,600,2,3,1,1,4,1,1,8,3,3,0,5,1,19,6.0,3,35.0,00,2.0,0.0,1.0,0.0,1.0,13.0,500,2.0,1.0,1.0,"-751395,969","-963939,853","-751395,969","-963939,853","-751396,013","-963934,919",DÃ»ÕNIX-BYNOV,Teplick·,,silnice1.t¯Ìdy,13,108511.0,,Souhlasn˝sesmÏrem˙seku,Pomal˝,562335.0,90182.0,GN_V0.1UIR-ADR_410,1
40206190012,3,26330.0,2019-01-03,4,1930,3,0,1,2,1,2,204,0,0,0,500,2,5,1,5,7,1,1,8,3,3,0,5,1,19,6.0,3,47.0,12,1.0,1.0,1.0,0.0,1.0,13.0,500,2.0,1.0,1.0,,,"-721476,754","-950235,087","-721476,214","-950234,915",Rumburk,Kr·snolipsk·,,silnice3.t¯Ìdy,26330,3087419.0,,Souhlasn˝sesmÏrem˙seku,Pomal˝,562777.0,93459.0,GN_V0.1UIR-ADR_410,1
40206190013,1,9.0,2019-01-03,4,2230,3,0,1,1,1,2,204,0,0,2,1500,2,3,1,6,6,1,1,8,0,0,0,2,1,0,,3,4.0,17,1.0,1.0,0.0,0.0,1.0,1.0,1500,2.0,1.0,1.0,"-719463,703","-958232,64","-719463,703","-958232,64","-719448,698","-958226,151",,,,silnice1.t¯Ìdy,9,1692056.0,,OpaËn˝kesmÏru˙seku,Pomal˝,562432.0,,GN_V0.1UIR-ADR_410,2
40206190014,1,9.0,2019-01-04,5,850,1,3,0,2,1,2,204,0,0,0,200,2,6,1,6,3,1,2,1,0,0,0,2,2,0,,3,13.0,06,1.0,1.0,1.0,0.0,1.0,3.0,150,2.0,1.0,1.0,"-720382,26","-952165,893","-720376,352","-952143,332","-720376,435","-952143,366",,,,silnice1.t¯Ìdy,9,1692024.0,,Souhlasn˝sesmÏrem˙seku,Pomal˝,562882.0,,GN_V0.1UIR-ADR_410,2
40206190015,2,266.0,2019-01-04,5,1650,1,1,0,1,1,2,204,0,0,1,1200,2,3,1,3,7,1,1,1,0,0,0,1,2,0,,3,39.0,08,1.0,1.0,1.0,0.0,1.0,3.0,600,3.0,1.0,1.0,"-722315,782","-947029,167","-722315,782","-947029,167","-722303,118","-947019,699",,,,silnice2.t¯Ìdy,266,3297430.0,,Souhlasn˝sesmÏrem˙seku,Pomal˝,562777.0,93076.0,GN_V0.1UIR-ADR_410,2
40206190016,1,13.0,2019-01-04,5,2330,3,0,6,1,1,2,204,0,0,4,950,2,3,1,4,5,1,1,3,0,0,0,3,1,0,,3,2.0,97,1.0,1.0,1.0,0.0,1.0,3.0,300,2.0,1.0,1.0,"-748674,462","-964630,057","-748680,371","-964624,685","-748681,373","-964625,668",DÃ»ÕNIV-PODMOKLY,Teplick·,,silnice1.t¯Ìdy,13,2672013.0,,OpaËn˝kesmÏru˙seku,Pomal˝,562335.0,90182.0,GN_V0.1UIR-ADR_410,1
40206190017,1,9.0,2019-01-05,6,657,1,3,0,2,1,2,204,0,0,0,700,2,5,1,5,7,1,2,1,0,0,0,2,2,0,,3,13.0,12,1.0,1.0,1.0,0.0,1.0,1.0,200,2.0,1.0,1.0,"-719495,507","-961126,605","-719495,507","-961126,605","-719492,193","-961127,133",,,,silnice1.t¯Ìdy,9,1586112.0,,OpaËn˝kesmÏru˙seku,Pomal˝,562572.0,,GN_V0.1UIR-ADR_410,2
40206190018,3,26228.0,2019-01-05,6,1945,3,0,9,2,1,2,508,0,0,0,20,5,3,1,1,4,1,1,1,0,0,0,1,1,0,,3,2.0,95,1.0,0.0,1.0,0.0,1.0,1.0,10,2.0,1.0,1.0,"-744287,516","-965218,818","-744287,516","-965218,818","-744287,516","-965196,463",DÏËÌn,Folkn·¯sk·,,silnice3.t¯Ìdy,26228,1585268.0,,Souhlasn˝sesmÏrem˙seku,Pomal˝,562335.0,87793.0,GN_V0.1UIR-ADR_410,1
40206190019,1,13.0,2019-01-06,0,1355,1,1,0,2,1,2,508,0,0,0,300,2,1,1,1,1,1,1,1,0,0,2,1,2,0,,3,39.0,06,1.0,1.0,1.0,0.0,1.0,1.0,200,2.0,1.0,1.0,"-745998,185","-964949,341","-746017,522","-964943,969","-746017,489","-964943,723",DÏËÌn,Kamenick·,,silnice1.t¯Ìdy,13,1585198.0,,Souhlasn˝sesmÏrem˙seku,Pomal˝,562335.0,88226.0,GN_V0.1UIR-ADR_410,1
40206190020,3,25852.0,2019-01-06,0,1445,3,0,3,2,1,2,204,0,0,0,510,2,6,1,6,1,1,1,1,0,0,0,3,1,0,,3,4.0,18,1.0,1.0,1.0,0.0,1.0,1.0,500,2.0,1.0,1.0,"-752362,211","-960578,029","-752362,211","-960578,029","-752362,47","-960577,884",,,,silnice3.t¯Ìdy,25852,1305158.0,,Souhlasn˝sesmÏrem˙seku,Pomal˝,562335.0,,GN_V0.1UIR-ADR_410,2
40206190021,3,24811.0,2019-01-06,0,1430,3,0,9,1,1,2,204,0,0,3,800,2,6,1,3,1,1,1,1,0,0,0,1,1,0,,3,8.0,07,9.0,1.0,1.0,0.0,1.0,3.0,800,2.0,1.0,1.0,"-756220,569","-962130,267","-756220,569","-962130,267","-756223,544","-962116,325",,,,silnice3.t¯Ìdy,24811,2251568.0,,Souhlasn˝sesmÏrem˙seku,Pomal˝,562564.0,,GN_V0.1UIR-ADR_410,2
40206190022,1,9.0,2019-01-06,0,1715,5,0,0,2,4,0,100,0,0,0,200,2,3,1,3,7,1,1,1,0,0,0,1,1,0,,3,39.0,03,1.0,0.0,1.0,0.0,1.0,3.0,200,3.0,1.0,1.0,"-719926,709","-950659,19","-719926,709","-950659,19","-719931,204","-950636,103",,,,silnice1.t¯Ìdy,9,2675705.0,,OpaËn˝kesmÏru˙seku,Pomal˝,562777.0,,GN_V0.1UIR-ADR_410,2
40206190023,6,,2019-01-06,0,1915,1,1,0,1,1,2,501,0,0,2,800,2,3,1,4,4,1,1,1,3,3,0,4,2,10,6.0,8,26.0,08,5.0,0.0,1.0,0.0,1.0,5.0,300,4.0,1.0,1.0,"-747077,817","-964593,2","-747059,554","-964586,754","-747059,731","-964587,058",DÏËÌn,Tyröova,,mÌstnÌkomunikace,,1585230.0,,OpaËn˝kesmÏru˙seku,Pomal˝,562335.0,90301.0,GN_V0.1UIR-ADR_410,1
40206190024,6,,2019-01-07,1,545,2,0,0,2,1,0,504,0,0,0,300,2,3,1,1,4,1,1,1,0,0,9,1,2,0,,6,26.0,06,3.0,0.0,3.0,0.0,1.0,5.0,0,3.0,1.0,1.0,"-731173,907","-964480,881","-731186,261","-964455,098","-731186,259","-964455,125",»esk·Kamenice,,,mÌstnÌkomunikace,,2675474.0,,Souhlasn˝sesmÏrem˙seku,Pomal˝,562394.0,,GN_V0.1UIR-ADR_410,1
40206190025,1,13.0,2019-01-07,1,650,5,0,0,2,4,0,100,0,0,0,200,2,3,1,5,4,1,1,1,0,0,0,1,1,0,,3,38.0,18,1.0,0.0,1.0,0.0,1.0,1.0,200,2.0,1.0,1.0,"-753054,776","-964518,445","-753057,462","-964495,347","-753057,515","-964495,18",JÌlovÈ,Teplick·,,silnice1.t¯Ìdy,13,789786.0,,OpaËn˝kesmÏru˙seku,Pomal˝,562564.0,91634.0,GN_V0.1UIR-ADR_410,1
40206190026,1,62.0,2019-01-07,1,1320,1,3,0,2,1,2,504,0,0,0,1100,2,3,1,4,3,1,1,1,0,0,0,3,2,0,,3,39.0,17,3.0,0.0,1.0,0.0,1.0,1.0,800,2.0,1.0,1.0,"-749789,385","-969229,009","-749795,831","-969276,279","-749795,91","-969276,272",,,,silnice1.t¯Ìdy,62,2675206.0,,OpaËn˝kesmÏru˙seku,Pomal˝,562718.0,,GN_V0.1UIR-ADR_410,2
40206190027,2,262.0,2019-01-07,1,1823,1,4,0,2,1,2,503,0,0,0,1400,2,3,1,4,7,1,1,1,0,0,0,1,3,0,,7,62.0,09,3.0,0.0,1.0,0.0,1.0,1.0,200,3.0,1.0,1.0,"-743916,405","-968537,499","-743915,867","-968515,477","-743917,254","-968516,182",,,,silnice2.t¯Ìdy,262,1305253.0,,Souhlasn˝sesmÏrem˙seku,Pomal˝,562700.0,,GN_V0.1UIR-ADR_410,2
40206190028,2,263.0,2019-01-08,2,425,3,0,9,2,1,2,204,0,0,0,4800,2,6,1,5,7,1,1,8,0,0,0,3,1,0,,7,10.0,10,3.0,1.0,1.0,0.0,1.0,1.0,800,3.0,1.0,1.0,"-722412,782","-951184,709","-722412,782","-951184,709","-722415,483","-951182,635",,,,silnice2.t¯Ìdy,263,3251432.0,,OpaËn˝kesmÏru˙seku,Pomal˝,562777.0,93459.0,GN_V0.1UIR-ADR_410,2
40206190029,2,265.0,2019-01-08,2,720,1,3,0,2,1,2,404,0,0,0,400,2,5,1,6,4,1,1,1,3,3,0,5,2,19,6.0,5,47.0,03,3.0,0.0,1.0,0.0,1.0,12.0,100,3.0,1.0,1.0,,,"-724279,389","-952779,234","-724279,623","-952779,554",Kr·sn·LÌpa,K¯inickÈn·mÏstÌ,,silnice2.t¯Ìdy,265,2895511.0,,Souhlasn˝sesmÏrem˙seku,Pomal˝,562611.0,92428.0,GN_V0.1UIR-ADR_410,1
40206190030,2,263.0,2019-01-08,2,730,1,2,0,2,1,2,508,0,0,0,200,2,3,1,3,2,1,1,1,0,0,0,1,2,0,,3,48.0,15,1.0,0.0,1.0,0.0,1.0,1.0,0,3.0,1.0,1.0,"-720545,216","-950601,109","-720543,067","-950584,454","-720543,205","-950586,098",,,,silnice2.t¯Ìdy,263,831752.0,,Souhlasn˝sesmÏrem˙seku,Pomal˝,562777.0,93459.0,GN_V0.1UIR-ADR_410,2
40206190031,6,,2019-01-08,2,1045,1,1,0,2,1,2,511,0,0,0,500,2,3,1,1,1,1,1,1,3,3,0,4,2,10,6.0,3,42.0,11,1.0,0.0,1.0,0.0,1.0,5.0,300,2.0,1.0,1.0,,,"-720368,539","-948545,013","-720368,496","-948544,943",Rumburk,M·chova,,mÌstnÌkomunikace,,102316.0,,Souhlasn˝sesmÏrem˙seku,Pomal˝,562777.0,93599.0,GN_V0.1UIR-ADR_410,1
40206190032,1,13.0,2019-01-08,2,2015,5,0,0,2,4,0,100,0,0,0,100,2,3,1,4,6,1,1,1,0,0,0,1,1,0,,3,47.0,02,1.0,0.0,1.0,0.0,1.0,1.0,100,2.0,1.0,1.0,"-752540,357","-964220,925","-752540,357","-964220,925","-752537,144","-964226,833",,,,silnice1.t¯Ìdy,13,3331786.0,,Souhlasn˝sesmÏrem˙seku,Pomal˝,562564.0,91634.0,GN_V0.1UIR-ADR_410,2
40206190033,2,265.0,2019-01-09,3,830,1,1,0,2,1,2,409,0,0,0,200,2,5,1,5,3,1,1,1,3,5,0,5,2,19,7.0,12,0.0,,1.0,0.0,1.0,0.0,1.0,23.0,100,8.0,1.0,1.0,"-717244,647","-953452,567","-717225,849","-953447,196","-717226,375","-953447,374",Varnsdorf,5.kvÏtna,,silnice2.t¯Ìdy,265,1427693.0,,OpaËn˝kesmÏru˙seku,Pomal˝,562882.0,95419.0,GN_V0.1UIR-ADR_410,1
40206190034,2,266.0,2019-01-09,3,1100,1,3,0,2,1,2,511,0,0,0,650,2,5,1,5,3,1,1,1,0,0,0,1,2,0,,3,39.0,01,1.0,0.0,1.0,0.0,1.0,1.0,150,2.0,1.0,1.0,"-720601,825","-948601,976","-720601,825","-948601,976","-720596,847","-948593,039",Rumburk,T¯Ìda9.kvÏtna,,silnice2.t¯Ìdy,266,102350.0,,Souhlasn˝sesmÏrem˙seku,Pomal˝,562777.0,94196.0,GN_V0.1UIR-ADR_410,1
40206190035,6,,2019-01-09,3,1760,2,0,0,2,1,0,508,0,0,0,100,2,1,1,3,1,1,1,1,0,0,10,1,2,0,,3,47.0,04,1.0,0.0,1.0,0.0,1.0,5.0,0,9.0,,,"-748149,566","-965199,994","-748149,566","-965199,994","-748145,201","-965201,554",DÃ»ÕNIV-PODMOKLY,MÌrovÈn·m.,,mÌstnÌkomunikace,,1632715.0,,,Pomal˝,562335.0,88692.0,GN_V0.1UIR-ADR_410,1
40206190036,3,2666.0,2019-01-09,3,1810,1,1,0,1,1,2,204,0,0,1,600,2,6,1,5,5,1,1,1,0,0,0,2,2,0,,3,25.0,07,1.0,1.0,1.0,0.0,1.0,1.0,300,2.0,1.0,1.0,"-726283,908","-940953,034","-726283,908","-940953,034","-726285,874","-940953,225",äluknov,,,silnice3.t¯Ìdy,2666,3085125.0,,OpaËn˝kesmÏru˙seku,Pomal˝,562858.0,,GN_V0.1UIR-ADR_410,1
40206190037,6,,2019-01-09,3,2130,3,0,9,2,1,2,204,0,0,0,500,1,6,1,5,4,1,1,1,0,0,9,1,1,0,,3,2.0,01,1.0,1.0,1.0,0.0,1.0,5.0,300,2.0,1.0,1.0,"-736393,274","-965683,861","-736402,942","-965665,598","-736402,945","-965665,608",,,,mÌstnÌkomunikace,,1026694.0,,Souhlasn˝sesmÏrem˙seku,Pomal˝,545678.0,,GN_V0.1UIR-ADR_410,2
40206190038,6,,2019-01-09,3,2214,1,4,0,2,1,2,503,0,0,0,700,2,6,1,5,7,1,1,1,0,0,0,1,2,0,,3,47.0,11,1.0,0.0,1.0,0.0,1.0,5.0,400,2.0,1.0,1.0,"-716589,136","-954480,173","-716589,136","-954480,173","-716577,366","-954469,106",Varnsdorf,Kmochova,,mÌstnÌkomunikace,,104191.0,,Souhlasn˝sesmÏrem˙seku,Pomal˝,562882.0,96041.0,GN_V0.1UIR-ADR_410,1
40206190039,3,26322.0,2019-01-09,3,2320,5,0,0,2,4,0,100,0,0,0,500,2,6,1,5,7,1,1,1,0,0,0,1,1,0,,3,21.0,03,1.0,0.0,1.0,0.0,1.0,1.0,500,2.0,1.0,1.0,"-724674,451","-963725,361","-724680,897","-963701,19","-724680,744","-963701,821",Kytlice,,,silnice3.t¯Ìdy,26322,1026291.0,,Souhlasn˝sesmÏrem˙seku,Pomal˝,562645.0,,GN_V0.1UIR-ADR_410,1
40206190040,1,13.0,2019-01-10,4,740,1,4,0,2,1,2,503,0,0,0,500,2,3,1,5,2,1,1,1,0,0,2,1,3,0,,3,39.0,17,3.0,1.0,1.0,0.0,1.0,3.0,200,2.0,1.0,1.0,,,"-732671,718","-964528,257","-732671,855","-964529,251",»esk·Kamenice,DÏËÌnsk·,,silnice1.t¯Ìdy,13,789260.0,,OpaËn˝kesmÏru˙seku,Pomal˝,562394.0,86479.0,GN_V0.1UIR-ADR_410,1
40206190041,2,263.0,2019-01-10,4,1600,1,3,0,2,1,2,501,0,0,0,1000,2,5,1,6,3,1,1,1,3,3,0,5,2,19,2.0,5,7.0,04,3.0,1.0,1.0,0.0,1.0,21.0,500,8.0,1.0,1.0,,,"-723836,107","-956538,311","-723835,517","-956550,786",RybniötÏ,,,silnice2.t¯Ìdy,263,1024562.0,,OpaËn˝kesmÏru˙seku,Pomal˝,562793.0,,GN_V0.1UIR-ADR_410,1
40206190042,2,261.0,2019-01-11,5,735,2,0,0,2,1,2,508,0,0,0,300,2,1,1,1,2,1,1,1,0,0,0,1,2,0,,5,31.0,18,3.0,0.0,1.0,0.0,1.0,1.0,300,2.0,1.0,1.0,"-748865,154","-968467,122","-748865,154","-968467,122","-748861,408","-968469,425",DÃ»ÕNXXXII-BOLETICENADLAB,VÌtÏzstvÌ,,silnice2.t¯Ìdy,261,112870.0,,Souhlasn˝sesmÏrem˙seku,Pomal˝,562335.0,90727.0,GN_V0.1UIR-ADR_410,1
40206190043,6,,2019-01-11,5,1130,1,4,0,2,1,2,504,0,0,0,470,2,6,1,6,3,2,0,1,3,3,0,4,2,10,6.0,5,35.0,11,3.0,0.0,1.0,0.0,1.0,5.0,100,2.0,1.0,1.0,,,"-718273,344","-944438,063","-718272,612","-944438,273",Ji¯Ìkov,B¯ezinova,,mÌstnÌkomunikace,,101282.0,,Souhlasn˝sesmÏrem˙seku,Pomal˝,562581.0,92070.0,GN_V0.1UIR-ADR_410,1
40206190044,2,263.0,2019-01-11,5,1455,1,1,0,1,1,2,204,0,2,1,700,2,6,1,5,3,1,1,1,0,0,0,2,2,0,,3,39.0,95,1.0,1.0,1.0,0.0,1.0,1.0,200,3.0,1.0,1.0,,,"-730565,343","-963252,957","-730562,994","-963253,614",,,,silnice2.t¯Ìdy,263,2672729.0,,Souhlasn˝sesmÏrem˙seku,Pomal˝,562394.0,,GN_V0.1UIR-ADR_410,2
40206190045,3,26223.0,2019-01-11,5,1518,1,3,0,2,1,2,508,0,0,0,450,2,5,1,5,1,1,1,1,0,0,0,1,2,0,,3,60.0,09,12.0,1.0,1.0,0.0,1.0,1.0,150,2.0,1.0,1.0,"-736647,463","-966086,796","-736631,35","-966061,014","-736630,037","-966063,055",Markvartice,,,silnice3.t¯Ìdy,26223,1026843.0,,Souhlasn˝sesmÏrem˙seku,Pomal˝,545678.0,,GN_V0.1UIR-ADR_410,1
40206190046,3,2643.0,2019-01-12,6,1120,3,0,6,2,1,2,511,0,0,0,300,2,3,1,3,3,1,1,8,0,0,0,2,1,0,,3,13.0,02,7.0,0.0,1.0,0.0,1.0,1.0,200,3.0,1.0,1.0,"-721136,196","-956762,988","-721136,196","-956762,988","-721136,406","-956748,49",HornÌPodluûÌ,,,silnice3.t¯Ìdy,2643,1024643.0,,OpaËn˝kesmÏru˙seku,Pomal˝,562505.0,,GN_V0.1UIR-ADR_410,1
40206190047,1,13.0,2019-01-12,6,1225,1,2,0,1,1,5,204,0,0,1,1050,2,3,1,4,3,1,1,1,0,0,0,1,2,0,,3,35.0,98,1.0,1.0,1.0,0.0,1.0,3.0,300,2.0,3.0,1.0,,,"-731760,687","-964464,952","-731760,699","-964466,75",»esk·Kamenice,Dukelsk˝chhrdin˘,,silnice1.t¯Ìdy,13,789215.0,,OpaËn˝kesmÏru˙seku,Pomal˝,562394.0,86509.0,GN_V0.1UIR-ADR_410,1