IDENTIFIKA»NÕ »ÕSLO,DRUH POZEMNÕ KOMUNIKACE,»ÕSLO POZEMNÕ KOMUNIKACE,"den, mÏsÌc, rok",,Ëas ,DRUH NEHODY,DRUH SR¡éKY JEDOUCÕCH VOZIDEL,DRUH PEVN… PÿEK¡éKY,CHARAKTER NEHODY,ZAVINÃNÕ NEHODY,ALKOHOL U VINÕKA NEHODY PÿÕTOMEN,HLAVNÕ PÿÕ»INY NEHODY,usmrceno osob,tÏûce zranÏno osob,lehce zranÏno osob,CELKOV¡ HMOTN¡ äKODA,DRUH POVRCHU VOZOVKY,STAV POVRCHU VOZOVKY V DOBÃ NEHODY,STAV KOMUNIKACE,POVÃTRNOSTNÕ PODMÕNKY V DOBÃ NEHODY,VIDITELNOST,ROZHLEDOV… POMÃRY,DÃLENÕ KOMUNIKACE,SITUOV¡NÕ NEHODY NA KOMUNIKACI,ÿÕZENÕ PROVOZU V DOBÃ NEHODY,MÕSTNÕ ⁄PRAVA PÿEDNOSTI V JÕZDÃ,SPECIFICK¡ MÕSTA A OBJEKTY V MÕSTÃ NEHODY,SMÃROV… POMÃRY,PO»ET Z⁄»ASTNÃN›CH VOZIDEL,MÕSTO DOPRAVNÕ NEHODY,DRUH KÿIéUJÕCÕ KOMUNIKACE,DRUH VOZIDLA,V›ROBNÕ ZNA»KA MOTOROV…HO VOZIDLA,ROK V›ROBY VOZIDLA,CHARAKTERISTIKA VOZIDLA ,SMYK,VOZIDLO PO NEHODÃ,"⁄NIK PROVOZNÕCH, PÿEPRAVOVAN›CH HMOT",ZPŸSOB VYPROäTÃNÕ OSOB Z VOZIDLA,SMÃR JÕZDY NEBO POSTAVENÕ VOZIDLA,äKODA NA VOZIDLE,KATEGORIE ÿIDI»E,STAV ÿIDI»E,VNÃJäÕ OVLIVNÃNÕ ÿIDI»E,nan.1,nan.2,nan.3,nan.4,nan.5,nan.6,nan.7,nan.8,nan.9,nan.10,nan.11,nan.12,nan.13,nan.14,nan.15,nan.16,nan.17,nan.18,LOKALITA NEHODY
40206190048,3,26223.0,2019-01-13,0,550,3,0,9,2,1,2,204,0,0,0,600,2,3,1,4,5,3,1,3,0,0,0,2,1,0,,3,39.0,02,1.0,1.0,1.0,0.0,1.0,3.0,200,2.0,1.0,1.0,"-740055,92","-969934,839","-740045,061","-969918,51","-740045,079","-969918,572",BeneöovnadPlouËnicÌ,PalackÈho,,silnice3.t¯Ìdy,26223,2255872.0,,Souhlasn˝sesmÏrem˙seku,Pomal˝,562351.0,86177.0,GN_V0.1UIR-ADR_410,1
40206190049,3,25852.0,2019-01-13,0,1410,1,2,0,2,1,2,501,0,0,0,100,2,6,1,6,1,1,1,1,0,0,0,1,2,0,,3,13.0,10,1.0,0.0,1.0,0.0,1.0,3.0,40,2.0,1.0,1.0,"-740055,92","-969934,839","-752477,251","-960686,341","-752478,2","-960684,005",,,,silnice3.t¯Ìdy,25852,1305157.0,,Souhlasn˝sesmÏrem˙seku,Pomal˝,562335.0,,GN_V0.1UIR-ADR_410,2
40206190050,2,263.0,2019-01-13,0,1915,5,0,0,2,4,0,100,0,0,0,600,2,1,1,1,6,1,1,1,0,0,0,1,1,0,,3,41.0,12,1.0,0.0,1.0,0.0,1.0,1.0,600,2.0,1.0,1.0,"-724237,221","-954877,253","-724237,221","-954877,253","-724241,926","-954876,485",,,,silnice2.t¯Ìdy,263,2672629.0,,Souhlasn˝sesmÏrem˙seku,Pomal˝,562793.0,,GN_V0.1UIR-ADR_410,2
40206190051,2,264.0,2019-01-13,0,2115,3,0,9,1,1,0,205,0,0,1,1000,2,3,1,1,6,1,1,8,0,0,0,2,1,0,,3,2.0,13,1.0,1.0,1.0,0.0,1.0,1.0,1000,4.0,1.0,1.0,"-721043,054","-957340,311","-721043,054","-957340,311","-721031,715","-957330,086",,,,silnice2.t¯Ìdy,264,3229488.0,,Souhlasn˝sesmÏrem˙seku,Pomal˝,562505.0,,GN_V0.1UIR-ADR_410,2
40206190052,2,264.0,2019-01-13,0,2322,2,0,0,2,1,2,508,0,0,0,50,2,3,1,7,6,1,1,1,0,0,0,2,2,0,,3,47.0,15,12.0,0.0,1.0,0.0,1.0,3.0,50,3.0,1.0,1.0,"-721020,551","-957369,74","-721020,551","-957369,74","-721006,986","-957357,506",,,,silnice2.t¯Ìdy,264,3229488.0,,Souhlasn˝sesmÏrem˙seku,Pomal˝,562505.0,,GN_V0.1UIR-ADR_410,2
40206190053,6,,2019-01-14,1,730,1,3,0,2,1,2,403,0,0,0,350,2,3,1,3,2,1,1,1,3,3,0,4,2,10,6.0,3,26.0,00,1.0,1.0,1.0,0.0,1.0,5.0,150,3.0,1.0,1.0,"-721017,517","-949083,296","-721017,517","-949083,296","-721002,286","-949078,871",Rumburk,Sukova,,mÌstnÌkomunikace,,1428018.0,,Souhlasn˝sesmÏrem˙seku,Pomal˝,562777.0,94218.0,GN_V0.1UIR-ADR_410,1
40206190054,3,2666.0,2019-01-14,1,1200,1,2,0,2,1,2,501,0,0,0,250,2,3,1,3,1,1,1,1,3,3,0,5,2,19,6.0,3,16.0,13,9.0,0.0,1.0,0.0,1.0,13.0,200,2.0,1.0,1.0,"-726297,773","-940959,105","-726287,022","-940939,216","-726286,836","-940939,216",äluknov,,,silnice3.t¯Ìdy,2666,1434297.0,,Souhlasn˝sesmÏrem˙seku,Pomal˝,562858.0,,GN_V0.1UIR-ADR_410,1
40206190055,3,25860.0,2019-01-14,1,1835,3,0,1,2,1,2,204,0,0,0,100,2,6,2,6,6,1,1,8,0,0,0,2,1,0,,3,32.0,02,1.0,1.0,1.0,0.0,1.0,1.0,100,2.0,1.0,1.0,"-734417,82","-963739,308","-734417,82","-963739,308","-734413,091","-963729,866",,,,silnice3.t¯Ìdy,25860,3085067.0,,OpaËn˝kesmÏru˙seku,Pomal˝,530395.0,,GN_V0.1UIR-ADR_410,2
40206190056,3,25860.0,2019-01-14,1,1915,2,0,0,2,1,2,204,0,0,0,300,2,6,1,6,7,1,1,8,0,0,0,2,2,0,,5,26.0,12,3.0,1.0,1.0,0.0,1.0,3.0,200,3.0,1.0,1.0,,,"-734416,39","-963726,621","-734417,028","-963727,895",,,,silnice3.t¯Ìdy,25860,3085067.0,,Souhlasn˝sesmÏrem˙seku,Pomal˝,530395.0,,GN_V0.1UIR-ADR_410,2
40206190057,2,263.0,2019-01-15,2,450,1,1,0,1,1,2,204,0,0,3,2000,2,6,1,5,5,1,1,1,0,0,0,3,2,0,,3,39.0,02,1.0,1.0,1.0,1.0,1.0,1.0,800,2.0,1.0,1.0,"-723642,855","-952450,106","-723642,855","-952450,106","-723650,387","-952438,495",Kr·sn·LÌpa,Rumbursk·,,silnice2.t¯Ìdy,263,789986.0,,OpaËn˝kesmÏru˙seku,Pomal˝,562611.0,92860.0,GN_V0.1UIR-ADR_410,1
40206190058,3,26223.0,2019-01-15,2,930,1,2,0,1,1,2,306,0,0,1,1400,2,3,1,1,1,3,1,1,0,0,0,2,2,0,,5,12.0,12,3.0,0.0,1.0,0.0,1.0,1.0,1000,2.0,1.0,1.0,"-737435,197","-967016,754","-737435,197","-967016,754","-737446,832","-967000,127",Markvartice,,,silnice3.t¯Ìdy,26223,1229932.0,,OpaËn˝kesmÏru˙seku,Pomal˝,545678.0,,GN_V0.1UIR-ADR_410,1
40206190059,2,264.0,2019-01-15,2,1620,1,3,0,2,1,2,511,0,0,0,300,2,3,1,1,1,1,1,1,0,0,0,1,2,0,,8,72.0,11,1.0,0.0,1.0,0.0,1.0,3.0,100,4.0,1.0,1.0,"-719501,479","-957778,469","-719500,405","-957752,687","-719500,231","-957753,685",,,,silnice2.t¯Ìdy,264,1025129.0,,OpaËn˝kesmÏru˙seku,Pomal˝,562432.0,,GN_V0.1UIR-ADR_410,2
40206190060,3,26330.0,2019-01-15,2,1725,3,0,9,1,1,2,508,0,0,1,1200,2,3,1,1,4,1,1,1,3,3,0,5,1,19,6.0,3,39.0,15,1.0,0.0,1.0,1.0,1.0,13.0,1000,2.0,1.0,1.0,,,"-720448,402","-949392,357","-720447,442","-949393,342",Rumburk,Kr·snolipsk·,,silnice3.t¯Ìdy,26330,1428035.0,,Souhlasn˝sesmÏrem˙seku,Pomal˝,562777.0,93459.0,GN_V0.1UIR-ADR_410,1
40206190061,2,263.0,2019-01-16,3,800,5,0,0,2,4,0,100,0,0,0,150,2,3,1,3,3,1,1,1,0,0,0,1,1,0,,5,35.0,12,3.0,0.0,1.0,0.0,1.0,3.0,150,3.0,1.0,1.0,,,"-724677,092","-956801,621","-724676,763","-956802,325",RybniötÏ,,,silnice2.t¯Ìdy,263,2673439.0,,OpaËn˝kesmÏru˙seku,Pomal˝,562793.0,,GN_V0.1UIR-ADR_410,1
40206190062,2,263.0,2019-01-16,3,1930,6,0,0,2,4,0,100,0,0,0,100,2,3,1,1,4,1,1,1,0,0,0,1,1,0,,3,39.0,10,12.0,0.0,1.0,0.0,1.0,3.0,100,2.0,1.0,1.0,"-726680,697","-958098,795","-726680,697","-958098,795","-726681,349","-958091,871",Ch¯ibsk·,,,silnice2.t¯Ìdy,263,1025243.0,,Souhlasn˝sesmÏrem˙seku,Pomal˝,562530.0,,GN_V0.1UIR-ADR_410,1
40206190063,1,9.0,2019-01-16,3,2125,5,0,0,2,4,0,100,0,0,0,600,2,3,1,1,6,1,2,1,0,0,0,1,1,0,,3,47.0,07,1.0,0.0,1.0,0.0,1.0,3.0,600,2.0,1.0,1.0,"-720289,44","-952747,214","-720289,44","-952747,214","-720271,781","-952744,736",,,,silnice1.t¯Ìdy,9,1427625.0,,OpaËn˝kesmÏru˙seku,Pomal˝,562882.0,,GN_V0.1UIR-ADR_410,2
40206190064,3,2674.0,2019-01-17,4,120,3,0,9,2,1,0,204,0,0,0,500,2,3,1,3,7,1,1,3,0,0,0,3,1,0,,3,13.0,06,9.0,1.0,1.0,0.0,1.0,1.0,400,3.0,1.0,1.0,"-737809,454","-942275,545","-737809,454","-942275,545","-737812,201","-942261,678",DolnÌPoustevna,KarlÌnsk·,,silnice3.t¯Ìdy,2674,3085000.0,,OpaËn˝kesmÏru˙seku,Pomal˝,562441.0,659550.0,GN_V0.1UIR-ADR_410,1
40206190065,2,265.0,2019-01-17,4,845,3,0,1,2,1,2,204,0,0,0,500,2,3,1,3,3,1,1,8,0,0,0,1,1,0,,3,13.0,08,3.0,1.0,1.0,0.0,1.0,1.0,500,2.0,1.0,1.0,"-730448,161","-945964,431","-730448,161","-945964,431","-730433,958","-945952,091",,,,silnice2.t¯Ìdy,265,2255159.0,,Souhlasn˝sesmÏrem˙seku,Pomal˝,562751.0,,GN_V0.1UIR-ADR_410,2
40206190066,1,13.0,2019-01-17,4,1515,2,0,0,2,1,2,508,0,0,0,70,2,1,1,1,1,1,1,1,0,0,10,1,2,0,,3,7.0,04,1.0,0.0,1.0,0.0,1.0,1.0,20,2.0,1.0,1.0,"-745554,077","-964867,625","-745549,78","-964848,826","-745549,558","-964849,157",DÃ»ÕNII-NOV…MÃSTO,Kamenick·,,silnice1.t¯Ìdy,13,1690256.0,,Souhlasn˝sesmÏrem˙seku,Pomal˝,562335.0,88226.0,GN_V0.1UIR-ADR_410,1
40206190067,1,13.0,2019-01-17,4,1739,4,0,0,1,1,2,201,0,1,0,300,2,3,1,1,4,1,1,1,3,3,0,4,1,13,6.0,3,47.0,99,1.0,0.0,1.0,0.0,1.0,31.0,300,2.0,1.0,1.0,"-745757,438","-964974,56","-745724,134","-964942,868","-745722,662","-964945,767",DÏËÌn,Kamenick·,,silnice1.t¯Ìdy,13,109557.0,,OpaËn˝kesmÏru˙seku,Pomal˝,562335.0,88226.0,GN_V0.1UIR-ADR_410,1
40206190068,6,,2019-01-18,5,740,2,0,0,2,1,2,204,0,0,0,450,2,6,1,6,2,1,1,3,3,3,0,5,2,10,6.0,3,31.0,02,1.0,1.0,1.0,0.0,1.0,5.0,200,2.0,1.0,1.0,"-715911,435","-954771,283","-715911,435","-954744,958","-715911,252","-954744,782",Varnsdorf,N·rodnÌ,,mÌstnÌkomunikace,,104402.0,,OpaËn˝kesmÏru˙seku,Pomal˝,562882.0,96504.0,GN_V0.1UIR-ADR_410,1
40206190069,2,266.0,2019-01-18,5,915,1,1,0,2,1,2,501,0,0,0,1400,2,6,1,5,3,1,1,1,0,0,0,2,2,0,,3,47.0,01,1.0,1.0,1.0,1.0,1.0,3.0,300,2.0,1.0,1.0,"-721521,202","-947761,49","-721521,202","-947761,49","-721513,222","-947757,76",Rumburk,äluknovsk·,,silnice2.t¯Ìdy,266,2675741.0,,Souhlasn˝sesmÏrem˙seku,Pomal˝,562777.0,93076.0,GN_V0.1UIR-ADR_410,1
40206190070,6,,2019-01-18,5,845,1,2,0,2,1,2,204,0,0,0,1000,2,6,1,1,1,1,1,1,0,0,0,3,2,0,,3,29.0,09,3.0,1.0,1.0,0.0,1.0,5.0,500,2.0,1.0,1.0,"-748834,917","-965458,248","-748834,917","-965458,248","-748829,763","-965459,123",DÏËÌn,NaStr·ni,,mÌstnÌkomunikace,,110173.0,,Souhlasn˝sesmÏrem˙seku,Pomal˝,562335.0,89001.0,GN_V0.1UIR-ADR_410,1
40206190071,6,,2019-01-18,5,1055,3,0,9,2,1,2,204,0,0,0,80,2,6,1,6,1,1,1,8,0,0,0,3,1,0,,3,47.0,97,1.0,1.0,1.0,0.0,1.0,5.0,30,2.0,1.0,1.0,"-716907,678","-953649,561","-716907,678","-953649,561","-716898,885","-953644,448",Varnsdorf,PetraBezruËe,,mÌstnÌkomunikace,,103743.0,,Souhlasn˝sesmÏrem˙seku,Pomal˝,562882.0,96628.0,GN_V0.1UIR-ADR_410,1
40206190072,6,,2019-01-18,5,1350,1,3,0,2,1,2,402,0,0,0,1000,2,5,1,6,1,1,1,1,3,3,0,4,2,10,6.0,5,35.0,18,3.0,0.0,1.0,0.0,1.0,5.0,500,2.0,1.0,1.0,"-715812,277","-954018,339","-715818,722","-953973,755","-715817,884","-953975,215",Varnsdorf,Koll·rova,,mÌstnÌkomunikace,,2674028.0,,Souhlasn˝sesmÏrem˙seku,Pomal˝,562882.0,96067.0,GN_V0.1UIR-ADR_410,1
40206190073,1,9.0,2019-01-18,5,1410,1,3,0,2,1,2,403,0,0,0,2100,2,3,1,6,1,1,1,1,3,3,0,5,2,19,2.0,3,41.0,08,1.0,0.0,1.0,0.0,1.0,21.0,600,2.0,1.0,1.0,"-720207,303","-953604,99","-720202,469","-953592,099","-720201,422","-953592,105",Varnsdorf,,,silnice1.t¯Ìdy,9,2255460.0,,OpaËn˝kesmÏru˙seku,Pomal˝,562882.0,,GN_V0.1UIR-ADR_410,1
40206190074,1,13.0,2019-01-18,5,1930,1,2,0,2,1,2,205,0,0,0,2000,2,1,1,1,6,1,1,1,3,3,0,5,2,19,6.0,3,39.0,18,3.0,1.0,1.0,0.0,1.0,31.0,1000,2.0,1.0,1.0,"-732103,299","-964865,935","-732102,762","-964838,005","-732102,214","-964838,742",»esk·Kamenice,Praûsk·,,silnice1.t¯Ìdy,13,789338.0,,OpaËn˝kesmÏru˙seku,Pomal˝,562394.0,86835.0,GN_V0.1UIR-ADR_410,1
40206190075,6,,2019-01-20,0,1115,1,1,0,1,1,2,501,0,0,1,700,2,1,1,1,1,1,1,1,0,0,0,3,2,0,,3,47.0,11,3.0,0.0,1.0,0.0,1.0,5.0,200,2.0,1.0,1.0,"-735157,366","-963471,672","-735157,366","-963471,672","-735164,131","-963463,503",Jansk·,,,mÌstnÌkomunikace,,1026221.0,,OpaËn˝kesmÏru˙seku,Pomal˝,530395.0,,GN_V0.1UIR-ADR_410,1
40206190076,6,,2019-01-18,5,2560,2,0,0,2,1,0,508,0,0,0,100,2,1,1,1,1,1,1,1,0,0,10,1,2,0,,17,,XX,,,,,,,0,,,,"-748212,129","-965270,038","-748212,129","-965270,038","-748223,803","-965252,192",DÃ»ÕNIV-PODMOKLY,Jungmannova,,mÌstnÌkomunikace,,3330824.0,,Souhlasn˝sesmÏrem˙seku,Pomal˝,562335.0,88153.0,GN_V0.1UIR-ADR_410,1
40206190077,6,,2019-01-21,1,650,1,2,0,2,1,2,501,0,0,0,600,2,6,1,6,4,1,1,1,3,3,0,5,2,10,6.0,3,35.0,02,1.0,0.0,1.0,0.0,1.0,5.0,300,2.0,1.0,1.0,"-717214,358","-957470,309","-717190,723","-957489,646","-717190,661","-957489,824",DOLNÕPODLUéÕ,,,mÌstnÌkomunikace,,1633441.0,,,Pomal˝,562432.0,,GN_V0.1UIR-ADR_410,1
40206190078,6,,2019-01-21,1,745,0,0,0,2,0,0,100,0,0,0,600,2,1,1,1,2,1,0,1,0,0,0,1,2,0,,3,32.0,15,1.0,0.0,1.0,0.0,1.0,6.0,100,2.0,1.0,1.0,"-748029,523","-965077,272","-748026,837","-965062,769","-748026,662","-965062,265",DÏËÌn,TrûnÌ,,mÌstnÌkomunikace,,109706.0,,Souhlasn˝sesmÏrem˙seku,Pomal˝,562335.0,90263.0,GN_V0.1UIR-ADR_410,1
40206190079,6,,2019-01-21,1,1055,1,1,0,2,1,2,204,0,0,0,170,2,6,1,6,1,1,1,1,0,0,0,3,2,0,,3,13.0,97,1.0,1.0,1.0,0.0,1.0,5.0,70,2.0,1.0,1.0,,,"-723366,521","-952309,601","-723365,797","-952308,273",Kr·sn·LÌpa,,,mÌstnÌkomunikace,,103307.0,"0,105985",Souhlasn˝sesmÏrem˙seku,Pomal˝,562611.0,,SN_20050929UIR-ADR_410,1
40206190080,6,,2019-01-21,1,1340,1,3,0,2,1,2,504,0,0,0,60,2,1,1,1,1,1,1,1,0,0,10,1,2,0,,3,12.0,14,1.0,0.0,1.0,0.0,1.0,5.0,10,3.0,1.0,1.0,"-746661,243","-965139,556","-746661,243","-965139,556","-746641,892","-965131,858",DÃ»ÕNI-DÃ»ÕN,,,mÌstnÌkomunikace,,1632817.0,,Souhlasn˝sesmÏrem˙seku,Pomal˝,562335.0,,GN_V0.1UIR-ADR_410,1
40206190081,6,,2019-01-21,1,1605,2,0,0,1,1,2,508,0,0,1,1800,2,1,1,1,1,1,1,1,0,0,0,1,2,0,,3,7.0,10,1.0,0.0,1.0,0.0,1.0,5.0,1000,2.0,1.0,1.0,"-748881,219","-965181,952","-748893,573","-965156,17","-748894,591","-965157,743",DÃ»ÕNVI-LETN¡,Slovansk·,,mÌstnÌkomunikace,,109850.0,,Souhlasn˝sesmÏrem˙seku,Pomal˝,562335.0,89966.0,GN_V0.1UIR-ADR_410,1
40206190082,2,264.0,2019-01-21,1,2050,1,4,0,2,1,2,508,0,0,0,900,2,3,1,1,4,1,1,1,0,0,0,2,2,0,,3,26.0,11,1.0,0.0,1.0,1.0,1.0,1.0,600,2.0,1.0,1.0,"-717163,906","-957424,814","-717170,889","-957412,997","-717171,254","-957412,333",DolnÌPodluûÌ,,,silnice2.t¯Ìdy,264,1427829.0,,Souhlasn˝sesmÏrem˙seku,Pomal˝,562432.0,,GN_V0.1UIR-ADR_410,1
40206190083,2,266.0,2019-01-22,2,645,4,0,0,1,1,2,412,0,0,1,30,2,6,1,6,4,1,1,1,3,3,1,6,1,19,3.0,3,46.0,15,1.0,0.0,1.0,0.0,1.0,41.0,30,2.0,1.0,1.0,,,"-726400,295","-942327,699","-726400,087","-942328,466",äluknov,T.G.Masaryka,,silnice2.t¯Ìdy,266,100495.0,"0,00514",Souhlasn˝sesmÏrem˙seku,Pomal˝,562858.0,95133.0,SN_20050929UIR-ADR_410,1
40206190084,1,9.0,2019-01-22,2,705,5,0,0,2,4,0,100,0,0,0,400,2,1,1,1,6,1,2,1,0,0,0,1,1,0,,3,32.0,18,1.0,0.0,1.0,0.0,1.0,3.0,400,2.0,1.0,1.0,"-720258,792","-952883,366","-720258,792","-952883,366","-720252,454","-952882,477",,,,silnice1.t¯Ìdy,9,1427625.0,,OpaËn˝kesmÏru˙seku,Pomal˝,562882.0,,GN_V0.1UIR-ADR_410,2
40206190085,2,266.0,2019-01-22,2,915,9,0,0,2,1,2,204,0,0,0,900,2,6,1,6,3,1,1,8,0,0,0,2,1,0,,3,39.0,12,1.0,1.0,1.0,0.0,1.0,3.0,900,2.0,1.0,1.0,"-723889,944",-944564,"-723889,944",-944564,"-723893,827","-944567,37",,,,silnice2.t¯Ìdy,266,101476.0,,OpaËn˝kesmÏru˙seku,Pomal˝,562858.0,,GN_V0.1UIR-ADR_410,2
40206190086,1,13.0,2019-01-22,2,1535,1,2,0,2,1,2,508,0,0,0,500,2,1,1,1,1,1,2,1,0,0,0,1,2,0,,5,32.0,15,3.0,0.0,1.0,0.0,1.0,1.0,300,2.0,1.0,1.0,"-747941,327","-965551,385","-747941,327","-965551,385","-747949,484","-965547,478",DÃ»ÕNIV-PODMOKLY,PoötovnÌ,,silnice1.t¯Ìdy,13,3290596.0,,Souhlasn˝sesmÏrem˙seku,Pomal˝,562335.0,89427.0,GN_V0.1UIR-ADR_410,1
40206190087,3,25852.0,2019-01-23,3,745,5,0,0,2,4,0,100,0,0,0,200,2,1,1,1,2,1,1,1,0,0,0,1,1,0,,3,39.0,17,3.0,1.0,1.0,0.0,1.0,1.0,200,2.0,1.0,5.0,"-749135,546","-961315,833","-749135,546","-961315,833","-749132,862","-961300,765",,,,silnice3.t¯Ìdy,25852,1587160.0,,OpaËn˝kesmÏru˙seku,Pomal˝,562335.0,,GN_V0.1UIR-ADR_410,2
40206190088,6,,2019-01-23,3,1600,1,2,0,2,1,2,508,0,0,0,400,2,1,1,1,1,1,1,1,3,5,0,5,2,10,6.0,3,38.0,05,1.0,0.0,1.0,0.0,1.0,5.0,100,2.0,1.0,1.0,,,"-719082,309","-949928,911","-719083,596","-949929,606",Rumburk,VojtÏchaKov·¯e,,mÌstnÌkomunikace,,102918.0,"0,025557",OpaËn˝kesmÏru˙seku,Pomal˝,562777.0,94307.0,SN_20050929UIR-ADR_410,1
40206190089,6,,2019-01-23,3,1200,3,0,2,2,1,2,508,0,0,0,100,1,1,1,1,1,1,1,1,0,0,0,1,1,0,,3,39.0,09,1.0,0.0,1.0,0.0,1.0,5.0,50,2.0,1.0,1.0,"-732118,851","-964452,897","-732118,851","-964452,897","-732118,821","-964452,115",»esk·Kamenice,N·mÏstÌ28.¯Ìjna,,mÌstnÌkomunikace,,789201.0,,,Pomal˝,562394.0,86789.0,GN_V0.1UIR-ADR_410,1
40206190090,1,13.0,2019-01-24,4,900,1,2,0,2,1,2,403,0,0,0,350,2,1,1,1,1,1,1,1,3,3,0,4,2,19,6.0,3,42.0,13,1.0,0.0,1.0,0.0,1.0,21.0,200,2.0,1.0,1.0,"-746964,48","-965200,646","-746875,85","-965182,383","-746875,613","-965182,908",DÏËÌn,2.POLSK…ARM¡DY,,silnice1.t¯Ìdy,13,1585176.0,,Souhlasn˝sesmÏrem˙seku,Pomal˝,562335.0,,GN_V0.1UIR-ADR_410,1
40206190091,2,263.0,2019-01-24,4,2240,5,0,0,2,4,0,100,0,0,0,100,2,1,1,1,4,1,1,1,0,0,0,1,1,0,,3,13.0,05,1.0,0.0,1.0,0.0,1.0,1.0,100,2.0,1.0,1.0,"-723916,122","-955957,308","-723908,064","-955953,548","-723907,623","-955953,344",,,,silnice2.t¯Ìdy,263,1229632.0,,OpaËn˝kesmÏru˙seku,Pomal˝,562793.0,,GN_V0.1UIR-ADR_410,2
40206190092,6,,2019-01-17,4,1345,4,0,0,2,1,2,504,0,0,0,40,2,1,1,1,1,1,0,1,0,0,0,1,1,0,,3,13.0,07,1.0,0.0,1.0,0.0,1.0,5.0,40,2.0,1.0,1.0,,,"-726788,65","-942486,792","-726788,5","-942487,223",äluknov,Pivovarsk·,,mÌstnÌkomunikace,,100656.0,"0,060677",Souhlasn˝sesmÏrem˙seku,Pomal˝,562858.0,94871.0,SN_20050929UIR-ADR_410,1
40206190093,6,,2019-01-25,5,1045,1,3,0,2,1,2,508,0,0,0,400,2,1,1,1,1,1,1,1,0,0,10,1,2,0,,3,60.0,14,1.0,0.0,1.0,0.0,1.0,5.0,200,2.0,1.0,1.0,"-751648,997","-963909,823","-751648,997","-963909,823","-751648,997","-963904,269",DÃ»ÕNIX-BYNOV,Teplick·,,mÌstnÌkomunikace,,1585329.0,,OpaËn˝kesmÏru˙seku,Pomal˝,562335.0,90182.0,GN_V0.1UIR-ADR_410,1
40206190094,6,,2019-01-25,5,1135,2,0,0,2,1,0,509,0,0,0,100,2,1,1,1,1,1,1,1,0,0,0,1,2,0,,3,5.0,10,1.0,0.0,1.0,0.0,1.0,5.0,50,2.0,1.0,1.0,"-749094,926","-966955,064","-749094,926","-966955,064","-749089,453","-966945,262",DÏËÌn,Koll·rova,,mÌstnÌkomunikace,,111641.0,,Souhlasn˝sesmÏrem˙seku,Pomal˝,562335.0,88331.0,GN_V0.1UIR-ADR_410,1
40206190095,1,13.0,2019-01-25,5,1540,3,0,9,2,1,2,510,0,0,0,450,2,1,1,1,1,1,1,3,0,0,0,1,1,0,,3,39.0,00,1.0,0.0,1.0,0.0,1.0,1.0,400,2.0,1.0,1.0,"-735389,574","-965219,499","-735389,574","-965219,499","-735391,832","-965203,208",,,,silnice1.t¯Ìdy,13,1259683.0,,Souhlasn˝sesmÏrem˙seku,Pomal˝,562939.0,,GN_V0.1UIR-ADR_410,2
40206190096,6,,2019-01-25,5,1821,3,0,6,1,1,2,516,0,0,1,190,2,1,1,1,4,1,1,1,3,3,0,5,1,10,6.0,3,2.0,98,1.0,0.0,1.0,0.0,1.0,5.0,150,2.0,1.0,1.0,"-748373,31","-965776,806","-748372,15","-965777,536","-748372,097","-965777,554",DÏËÌn,DÏlnick·,,mÌstnÌkomunikace,,110533.0,,Souhlasn˝sesmÏrem˙seku,Pomal˝,562335.0,87645.0,GN_V0.1UIR-ADR_410,1
40206190097,2,265.0,2019-01-26,6,225,5,0,0,2,4,0,100,0,0,0,200,2,8,1,5,7,1,1,1,0,0,0,1,1,0,,3,39.0,16,1.0,0.0,1.0,0.0,1.0,1.0,200,2.0,1.0,1.0,"-727456,885","-949721,579","-727456,885","-949721,579","-727445,906","-949712,094",,,,silnice2.t¯Ìdy,265,1434145.0,,Souhlasn˝sesmÏrem˙seku,Pomal˝,562611.0,,GN_V0.1UIR-ADR_410,2
40206190098,2,265.0,2019-01-26,6,930,3,0,9,2,1,2,204,0,0,0,800,2,5,1,5,3,1,1,8,0,0,0,1,1,0,,3,2.0,00,1.0,1.0,1.0,1.0,1.0,3.0,600,2.0,1.0,1.0,"-717191,334","-953563,356","-717191,334","-953563,356","-717184,588","-953558,471",Varnsdorf,5.kvÏtna,,silnice2.t¯Ìdy,265,103729.0,,Souhlasn˝sesmÏrem˙seku,Pomal˝,562882.0,95419.0,GN_V0.1UIR-ADR_410,1
40206190099,6,,2019-01-26,6,1045,2,0,0,2,1,2,204,0,0,0,250,2,6,1,1,1,1,1,1,0,0,0,1,2,0,,3,60.0,14,3.0,0.0,1.0,0.0,1.0,5.0,200,2.0,1.0,1.0,"-746115,12","-964961,467","-746109,746","-964942,658","-746112,601","-964942,89",DÏËÌn,Horsk·,,mÌstnÌkomunikace,,109556.0,,Souhlasn˝sesmÏrem˙seku,Pomal˝,562335.0,87866.0,GN_V0.1UIR-ADR_410,1
40206190100,6,,2019-01-26,6,1045,2,0,0,2,1,2,204,0,0,0,370,2,6,1,5,1,1,1,1,0,0,0,1,4,0,,3,39.0,98,1.0,1.0,0.0,0.0,1.0,5.0,50,2.0,1.0,1.0,"-746115,12","-964961,467","-746109,746","-964942,658","-746112,601","-964942,89",DÏËÌn,Horsk·,,mÌstnÌkomunikace,,109556.0,,Souhlasn˝sesmÏrem˙seku,Pomal˝,562335.0,87866.0,GN_V0.1UIR-ADR_410,1