IDENTIFIKA»NÕ »ÕSLO,DRUH POZEMNÕ KOMUNIKACE,»ÕSLO POZEMNÕ KOMUNIKACE,"den, mÏsÌc, rok",,Ëas ,DRUH NEHODY,DRUH SR¡éKY JEDOUCÕCH VOZIDEL,DRUH PEVN… PÿEK¡éKY,CHARAKTER NEHODY,ZAVINÃNÕ NEHODY,ALKOHOL U VINÕKA NEHODY PÿÕTOMEN,HLAVNÕ PÿÕ»INY NEHODY,usmrceno osob,tÏûce zranÏno osob,lehce zranÏno osob,CELKOV¡ HMOTN¡ äKODA,DRUH POVRCHU VOZOVKY,STAV POVRCHU VOZOVKY V DOBÃ NEHODY,STAV KOMUNIKACE,POVÃTRNOSTNÕ PODMÕNKY V DOBÃ NEHODY,VIDITELNOST,ROZHLEDOV… POMÃRY,DÃLENÕ KOMUNIKACE,SITUOV¡NÕ NEHODY NA KOMUNIKACI,ÿÕZENÕ PROVOZU V DOBÃ NEHODY,MÕSTNÕ ⁄PRAVA PÿEDNOSTI V JÕZDÃ,SPECIFICK¡ MÕSTA A OBJEKTY V MÕSTÃ NEHODY,SMÃROV… POMÃRY,PO»ET Z⁄»ASTNÃN›CH VOZIDEL,MÕSTO DOPRAVNÕ NEHODY,DRUH KÿIéUJÕCÕ KOMUNIKACE,DRUH VOZIDLA,V›ROBNÕ ZNA»KA MOTOROV…HO VOZIDLA,ROK V›ROBY VOZIDLA,CHARAKTERISTIKA VOZIDLA ,SMYK,VOZIDLO PO NEHODÃ,"⁄NIK PROVOZNÕCH, PÿEPRAVOVAN›CH HMOT",ZPŸSOB VYPROäTÃNÕ OSOB Z VOZIDLA,SMÃR JÕZDY NEBO POSTAVENÕ VOZIDLA,äKODA NA VOZIDLE,KATEGORIE ÿIDI»E,STAV ÿIDI»E,VNÃJäÕ OVLIVNÃNÕ ÿIDI»E,nan.1,nan.2,nan.3,nan.4,nan.5,nan.6,nan.7,nan.8,nan.9,nan.10,nan.11,nan.12,nan.13,nan.14,nan.15,nan.16,nan.17,nan.18,LOKALITA NEHODY
40206190101,2,261.0,2019-01-26,6,1130,3,0,9,2,1,2,204,0,0,0,600,2,8,1,5,3,1,1,3,0,0,0,2,1,0,,3,47.0,09,1.0,1.0,1.0,0.0,1.0,1.0,600,2.0,1.0,1.0,"-748596,636","-968050,931","-748596,636","-968050,931","-748595,462","-968051,305",DÏËÌn,VÌtÏzstvÌ,,silnice2.t¯Ìdy,261,112437.0,,Souhlasn˝sesmÏrem˙seku,Pomal˝,562335.0,90727.0,GN_V0.1UIR-ADR_410,1
40206190102,2,266.0,2019-01-26,6,1300,1,1,0,1,1,2,501,0,0,1,1430,2,5,1,5,3,1,1,1,0,0,0,2,2,0,,3,47.0,04,1.0,1.0,1.0,1.0,1.0,1.0,800,2.0,1.0,1.0,"-724060,464","-944473,704","-724060,464","-944473,704","-724048,542","-944452,237",,,,silnice2.t¯Ìdy,266,1691998.0,,Souhlasn˝sesmÏrem˙seku,Pomal˝,562858.0,,GN_V0.1UIR-ADR_410,2
40206190103,6,,2019-01-26,6,2560,2,0,0,2,1,0,508,0,0,0,50,2,6,1,1,1,1,1,1,0,0,0,1,2,0,,17,,XX,,,,,,,0,,,,"-747981,33","-965387,514","-748001,237","-965371,911","-748002,039","-965371,545",DÏËÌn,PlzeÚsk·,,mÌstnÌkomunikace,,2675130.0,,Souhlasn˝sesmÏrem˙seku,Pomal˝,562335.0,89401.0,GN_V0.1UIR-ADR_410,1
40206190104,1,9.0,2019-01-26,6,950,5,0,0,2,4,0,100,0,0,0,300,2,5,1,5,3,1,1,1,0,0,0,1,1,0,,3,17.0,18,1.0,0.0,1.0,0.0,1.0,3.0,300,2.0,1.0,5.0,"-717659,751","-948554,976","-717659,751","-948554,976","-717665,057","-948549,115",,,,silnice1.t¯Ìdy,9,1440307.0,,Souhlasn˝sesmÏrem˙seku,Pomal˝,562777.0,,GN_V0.1UIR-ADR_410,2
40206190105,3,26320.0,2019-01-26,6,1450,1,3,0,2,1,2,502,0,0,0,900,2,8,1,5,3,1,1,1,0,0,0,2,2,0,,3,39.0,01,1.0,0.0,1.0,0.0,1.0,3.0,100,2.0,1.0,1.0,"-723608,137","-964918,14","-723608,137","-964918,14","-723608,763","-964918,234",Kytlice,,,silnice3.t¯Ìdy,26320,1758318.0,,Souhlasn˝sesmÏrem˙seku,Pomal˝,562645.0,,GN_V0.1UIR-ADR_410,1
40206190106,2,263.0,2019-01-26,6,1850,3,0,9,1,1,2,204,0,0,1,700,2,5,1,2,5,1,1,3,3,3,0,5,1,19,3.0,3,39.0,98,1.0,1.0,1.0,0.0,1.0,32.0,300,2.0,1.0,1.0,"-734696,148","-970763,525","-734680,57","-970735,592","-734679,972","-970736,011",Velk·Bukovina,,,silnice2.t¯Ìdy,263,1027780.0,,OpaËn˝kesmÏru˙seku,Pomal˝,562891.0,,GN_V0.1UIR-ADR_410,1
40206190107,6,,2019-01-26,6,1910,3,0,9,2,1,2,504,0,0,0,400,2,8,1,1,4,1,1,1,0,0,3,1,1,0,,5,19.0,17,3.0,0.0,1.0,0.0,1.0,5.0,0,2.0,1.0,1.0,"-720029,239","-948413,999","-720015,81","-948399,496","-720015,28","-948398,947",Rumburk,,,mÌstnÌkomunikace,,102238.0,,OpaËn˝kesmÏru˙seku,Pomal˝,562777.0,,GN_V0.1UIR-ADR_410,1
40206190108,3,2643.0,2019-01-26,6,2257,3,0,2,2,1,2,204,0,0,0,4700,2,6,1,4,4,1,1,1,0,0,0,2,1,0,,3,4.0,14,1.0,1.0,1.0,0.0,1.0,1.0,4500,2.0,1.0,1.0,,,"-719602,452","-957068,527","-719602,783","-957069,24",DolnÌPodluûÌ,,,silnice3.t¯Ìdy,2643,1024796.0,,Souhlasn˝sesmÏrem˙seku,Pomal˝,562432.0,,GN_V0.1UIR-ADR_410,1
40206190109,3,25854.0,2019-01-27,0,850,3,0,9,2,1,2,204,0,0,0,100,2,6,1,6,1,1,1,8,0,0,0,3,1,0,,3,7.0,02,1.0,1.0,1.0,1.0,1.0,1.0,100,4.0,1.0,1.0,"-743550,324","-963441,78","-743550,324","-963441,78","-743549,778","-963442,222",LudvÌkovice,,,silnice3.t¯Ìdy,25854,1690186.0,,OpaËn˝kesmÏru˙seku,Pomal˝,546496.0,,GN_V0.1UIR-ADR_410,1
40206190110,2,266.0,2019-01-27,0,1415,1,1,0,1,1,2,501,0,0,2,5000,2,3,1,1,1,1,1,1,0,0,0,3,2,0,,3,4.0,13,9.0,0.0,1.0,1.0,3.0,3.0,3000,3.0,1.0,1.0,"-723430,659","-945135,75","-723430,659","-945135,75","-723419,676","-945130,259",,,,silnice2.t¯Ìdy,266,101476.0,,Souhlasn˝sesmÏrem˙seku,Pomal˝,562858.0,,GN_V0.1UIR-ADR_410,2
40206190111,6,,2019-01-27,0,1815,3,0,3,2,1,2,508,0,0,0,180,2,5,1,4,5,1,1,8,0,0,0,1,1,0,,8,26.0,08,4.0,0.0,1.0,0.0,1.0,5.0,150,4.0,1.0,1.0,"-749649,986","-974705,784","-749649,986","-974705,784","-749647,45","-974706,911",TÏchlovice,,,mÌstnÌkomunikace,,122051.0,,Souhlasn˝sesmÏrem˙seku,Pomal˝,555193.0,,GN_V0.1UIR-ADR_410,1
40206190112,6,,2019-01-27,0,2560,2,0,0,2,1,0,205,0,0,0,750,5,6,1,6,3,1,0,8,0,0,0,3,3,0,,3,7.0,,9.0,0.0,1.0,0.0,1.0,5.0,200,9.0,,,"-719845,558","-949060,069","-719867,58","-949048,79","-719871,099","-949039,268",Rumburk,Ustadionu,,mÌstnÌkomunikace,,2675723.0,,OpaËn˝kesmÏru˙seku,Pomal˝,562777.0,94251.0,GN_V0.1UIR-ADR_410,1
40206190113,2,262.0,2019-01-28,1,905,9,0,0,2,1,4,204,0,0,0,200,2,3,1,1,1,1,1,1,0,0,0,3,1,0,,3,31.0,08,1.0,1.0,1.0,0.0,1.0,1.0,200,7.0,3.0,1.0,"-740039,837","-972155,951","-740043,06","-972145,208","-740043,181","-972144,084",,,,silnice2.t¯Ìdy,262,3084927.0,,Souhlasn˝sesmÏrem˙seku,Pomal˝,545899.0,,GN_V0.1UIR-ADR_410,2
40206190114,1,9.0,2019-01-28,1,1805,5,0,0,2,4,0,100,0,0,0,200,2,3,1,3,6,1,1,1,0,0,0,1,1,0,,3,47.0,14,1.0,0.0,1.0,0.0,1.0,1.0,200,2.0,1.0,1.0,,,"-719363,965","-959703,159","-719369,378","-959703,999",,,,silnice1.t¯Ìdy,9,2673551.0,,Souhlasn˝sesmÏrem˙seku,Pomal˝,562572.0,,GN_V0.1UIR-ADR_410,2
40206190115,6,,2019-01-28,1,1905,4,0,0,1,1,2,412,0,0,1,200,2,1,1,1,4,1,1,1,3,3,1,5,1,10,6.0,5,32.0,15,3.0,0.0,1.0,0.0,1.0,5.0,200,2.0,1.0,1.0,"-747972,883","-965555,933","-747972,883","-965555,933","-747978,799","-965552,292",DÃ»ÕNIV-PODMOKLY,UhlÌ¯sk·,,mÌstnÌkomunikace,,1690326.0,,,Pomal˝,562335.0,,GN_V0.1UIR-ADR_410,1
40206190116,6,,2019-01-24,4,2560,3,0,6,2,1,0,508,0,0,0,200,2,1,1,1,1,1,1,0,0,0,10,1,1,0,,17,,XX,,,,,,,0,,,,"-746696,272","-965155,191","-746763,413","-965163,785","-746764,124","-965164,303",DÏËÌn,Provaznick·,,mÌstnÌkomunikace,,832068.0,,,Pomal˝,562335.0,89630.0,GN_V0.1UIR-ADR_410,1
40206190117,3,25860.0,2019-01-29,2,1415,3,0,6,1,1,2,205,0,0,1,900,2,3,1,3,3,1,1,8,0,0,0,2,1,0,,3,4.0,15,1.0,1.0,1.0,0.0,1.0,1.0,900,3.0,1.0,1.0,"-734319,593","-963849,984","-734322,714","-963815,34","-734322,606","-963815,269",,,,silnice3.t¯Ìdy,25860,1358583.0,,OpaËn˝kesmÏru˙seku,Pomal˝,562394.0,,GN_V0.1UIR-ADR_410,2
40206190118,2,263.0,2019-01-29,2,1930,1,1,0,2,1,2,204,0,0,0,600,2,3,1,6,5,1,1,1,3,3,0,3,2,0,,3,7.0,04,1.0,0.0,1.0,0.0,1.0,1.0,100,2.0,1.0,1.0,"-723873,064","-956580,322","-723849,427","-956550,238","-723849,37","-956551,441",RybniötÏ,,,silnice2.t¯Ìdy,263,1024562.0,,OpaËn˝kesmÏru˙seku,Pomal˝,562793.0,,GN_V0.1UIR-ADR_410,1
40206190119,2,264.0,2019-01-30,3,610,5,0,0,2,4,0,100,0,0,0,80,2,5,1,6,4,1,1,1,0,0,0,1,1,0,,3,47.0,09,1.0,0.0,1.0,0.0,1.0,1.0,80,3.0,1.0,5.0,"-721765,638","-957005,42","-721788,197","-956965,135","-721789,038","-956966,569",HornÌPodluûÌ,,,silnice2.t¯Ìdy,264,1024766.0,,OpaËn˝kesmÏru˙seku,Pomal˝,562505.0,,GN_V0.1UIR-ADR_410,1
40206190120,1,13.0,2019-01-30,3,850,3,0,9,1,1,2,204,0,0,2,210,2,3,1,1,1,1,1,1,0,0,0,2,1,0,,3,44.0,05,1.0,0.0,1.0,0.0,1.0,3.0,200,2.0,1.0,1.0,"-743294,715","-964154,784","-743263,562","-964064,01","-743263,578","-964064,056",,,,silnice1.t¯Ìdy,13,2674674.0,,OpaËn˝kesmÏru˙seku,Pomal˝,546496.0,,GN_V0.1UIR-ADR_410,2
40206190121,2,266.0,2019-01-30,3,1845,3,0,3,1,1,2,204,0,0,1,200,2,3,1,1,6,1,1,1,0,0,0,2,1,0,,3,31.0,00,9.0,0.0,1.0,0.0,1.0,1.0,100,2.0,1.0,1.0,"-730616,179","-941775,07","-730589,323","-941742,305","-730588,869","-941743,589",,,,silnice2.t¯Ìdy,266,2255339.0,,Souhlasn˝sesmÏrem˙seku,Pomal˝,562912.0,,GN_V0.1UIR-ADR_410,2
40206190122,1,9.0,2019-01-30,3,1910,5,0,0,2,4,0,100,0,0,0,300,2,1,1,1,6,1,1,1,0,0,0,1,1,0,,8,19.0,16,4.0,0.0,1.0,0.0,1.0,1.0,300,4.0,1.0,1.0,"-720361,047","-952193,126","-720361,047","-952193,126","-720357,399","-952191,758",,,,silnice1.t¯Ìdy,9,1692023.0,,OpaËn˝kesmÏru˙seku,Pomal˝,562882.0,,GN_V0.1UIR-ADR_410,2
40206190123,3,24815.0,2019-01-31,4,1445,3,0,9,2,1,2,508,0,0,0,310,2,3,1,1,1,1,1,3,3,3,0,4,1,19,6.0,5,26.0,11,3.0,0.0,1.0,0.0,1.0,34.0,10,3.0,1.0,1.0,"-754522,626","-965447,283","-754519,459","-965441,855","-754519,459","-965441,866",JÌlovÈ,SnÏûnick·,,silnice3.t¯Ìdy,24815,110142.0,,OpaËn˝kesmÏru˙seku,Pomal˝,562564.0,91570.0,GN_V0.1UIR-ADR_410,1
40206190124,3,2666.0,2019-01-31,4,1825,1,3,0,2,1,2,506,0,0,0,900,2,1,1,1,4,1,1,1,0,0,0,3,2,0,,3,47.0,97,1.0,0.0,1.0,0.0,1.0,1.0,200,2.0,1.0,1.0,"-726215,237","-940221,491","-726215,237","-940221,491","-726222,216","-940217,715",äluknov,,,silnice3.t¯Ìdy,2666,1490618.0,,OpaËn˝kesmÏru˙seku,Pomal˝,562858.0,,GN_V0.1UIR-ADR_410,1
40206190125,2,263.0,2019-01-31,4,2250,3,0,3,2,1,2,205,0,0,0,80,2,1,1,1,4,1,1,8,0,0,1,2,1,0,,3,47.0,01,1.0,0.0,1.0,1.0,1.0,1.0,0,8.0,1.0,1.0,,,"-720278,071","-949350,893","-720277,046","-949351,002",Rumburk,KomenskÈho,,silnice2.t¯Ìdy,263,1871530.0,,Souhlasn˝sesmÏrem˙seku,Pomal˝,562777.0,93408.0,GN_V0.1UIR-ADR_410,1
40306190001,8,,2019-01-01,2,2560,2,0,0,2,1,0,504,0,0,0,300,5,8,1,3,3,1,1,1,0,0,10,1,2,0,,17,,XX,,,,,,,0,,,,"-839067,653","-992928,193","-839062,818","-992908,85","-839063,241","-992910,049",LOU»N¡PODKLÕNOVCEM,,,mÌstnÌkomunikace,,3075123.0,,OpaËn˝kesmÏru˙seku,Pomal˝,546518.0,,GN_V0.1UIR-ADR_410,1
40306190002,0,7.0,2019-01-02,3,215,3,0,4,2,1,2,204,0,0,0,500,2,6,1,5,7,1,3,1,0,0,0,1,1,0,,3,8.0,06,1.0,1.0,1.0,0.0,1.0,1.0,400,2.0,1.0,1.0,"-801692,082","-999385,207","-801714,111","-999408,847","-801714,326","-999409,049",,,,silnice1.t¯Ìdy,D7,3513906.0,,Souhlasn˝sesmÏrem˙seku,Pomal˝,563072.0,,GN_V0.1UIR-ADR_410,2
40306190003,2,224.0,2019-01-02,3,1042,1,2,0,2,1,2,204,0,0,0,400,2,8,1,5,3,1,1,1,0,0,0,3,2,0,,3,47.0,08,1.0,1.0,1.0,0.0,1.0,1.0,100,2.0,1.0,1.0,"-821218,32","-998496,259","-821233,901","-998497,334","-821233,935","-998497,33",,,,silnice2.t¯Ìdy,224,1587346.0,,OpaËn˝kesmÏru˙seku,Pomal˝,563129.0,,GN_V0.1UIR-ADR_410,2
40306190004,2,223.0,2019-01-02,3,1140,4,0,0,1,1,2,204,0,0,1,250,2,8,1,5,3,1,1,1,0,0,0,1,2,0,,3,47.0,05,9.0,0.0,1.0,0.0,1.0,3.0,200,2.0,1.0,1.0,"-823184,925","-989685,08","-823196,745","-989667,35","-823196,463","-989668,284",,,,silnice2.t¯Ìdy,223,2665743.0,,OpaËn˝kesmÏru˙seku,Pomal˝,563498.0,,GN_V0.1UIR-ADR_410,2
40306190005,3,25124.0,2019-01-02,3,1535,1,1,0,1,1,2,204,0,0,2,1200,2,5,1,6,3,1,1,1,0,0,0,3,3,0,,3,16.0,98,1.0,1.0,1.0,1.0,3.0,3.0,200,3.0,1.0,1.0,"-804207,019","-992914,114","-804214,004","-992917,338","-804213,726","-992917,408",,,,silnice3.t¯Ìdy,25124,2670402.0,,Souhlasn˝sesmÏrem˙seku,Pomal˝,563382.0,,GN_V0.1UIR-ADR_410,2
40306190006,6,,2019-01-01,2,2560,3,0,9,2,1,0,204,0,0,0,30,2,6,1,6,1,1,1,1,0,0,0,1,1,0,,3,17.0,16,3.0,1.0,1.0,0.0,1.0,5.0,10,2.0,1.0,1.0,"-807194,527","-988717,274","-807185,393","-988711,902","-807184,437","-988711,291",Chomutov,LesnÌ,,mÌstnÌkomunikace,,3337328.0,,OpaËn˝kesmÏru˙seku,Pomal˝,562971.0,,GN_V0.1UIR-ADR_410,1
40306190007,2,251.0,2019-01-02,3,1448,3,0,9,2,1,0,201,0,0,0,40,2,3,1,1,1,1,1,1,3,3,0,4,1,19,6.0,3,9.0,96,1.0,1.0,3.0,0.0,1.0,13.0,0,2.0,1.0,1.0,"-805032,359","-989816,65","-805020,002","-989818,799","-805020,965","-989818,808",Otvice,Jirkovsk·,,silnice2.t¯Ìdy,251,147615.0,,OpaËn˝kesmÏru˙seku,Pomal˝,563277.0,148229.0,GN_V0.1UIR-ADR_410,1
40306190008,1,13.0,2019-01-02,3,1100,1,4,0,2,1,2,201,0,0,0,300,2,3,1,1,1,1,1,1,3,3,0,5,2,19,3.0,5,12.0,18,3.0,0.0,1.0,0.0,1.0,31.0,300,3.0,1.0,1.0,,,"-820507,74","-995211,537","-820508,145","-995211,152",,,,silnice1.t¯Ìdy,13,1693132.0,,OpaËn˝kesmÏru˙seku,Pomal˝,,,GN_V0.1UIR-ADR_410,2
40306190009,6,,2019-01-03,4,1000,2,0,0,2,1,0,502,0,0,0,300,2,5,1,5,3,1,1,1,0,0,10,1,2,0,,17,,XX,,,,,,,0,,,,"-808874,195","-990577,019","-808874,195","-990577,019","-808877,614","-990573,78",Chomutov,akademikaHeyrovskÈho,,mÌstnÌkomunikace,,2669954.0,,Souhlasn˝sesmÏrem˙seku,Pomal˝,562971.0,143162.0,GN_V0.1UIR-ADR_410,1
40306190010,2,223.0,2019-01-03,4,1315,1,4,0,1,1,2,204,0,1,0,650,2,8,1,5,3,1,1,1,0,0,0,1,2,0,,3,47.0,04,1.0,1.0,1.0,0.0,1.0,3.0,400,2.0,1.0,1.0,"-823171,981","-989672,9","-823171,981","-989672,9","-823174,222","-989662,699",,,,silnice2.t¯Ìdy,223,2665743.0,,Souhlasn˝sesmÏrem˙seku,Pomal˝,563498.0,,GN_V0.1UIR-ADR_410,2
40306190011,3,1988.0,2019-01-03,4,1215,3,0,9,2,1,2,204,0,0,0,330,2,8,1,5,3,1,1,1,0,0,5,2,1,0,,3,42.0,06,1.0,1.0,1.0,0.0,1.0,1.0,300,2.0,1.0,1.0,"-830595,358","-998594,648","-830587,298","-998580,678","-830587,237","-998580,76",,,,silnice3.t¯Ìdy,1988,1360676.0,,OpaËn˝kesmÏru˙seku,Pomal˝,563269.0,,GN_V0.1UIR-ADR_410,2
40306190012,6,,2019-01-02,3,2560,2,0,0,2,1,0,504,0,0,0,100,2,6,1,5,5,1,1,1,0,0,10,1,2,0,,17,,XX,,,,,,,0,,,,"-825912,917","-996467,438","-825912,917","-996467,438","-825908,697","-996479,275",Kl·öterecnadOh¯Ì,Dlouh·,,mÌstnÌkomunikace,,1542684.0,,OpaËn˝kesmÏru˙seku,Pomal˝,563129.0,,GN_V0.1UIR-ADR_410,1
40306190013,6,,2019-01-03,4,1855,2,0,0,2,1,2,511,0,0,0,520,1,8,1,6,5,1,0,6,0,0,0,1,2,0,,5,64.0,01,3.0,0.0,1.0,0.0,1.0,5.0,20,3.0,1.0,1.0,"-805365,351","-987268,665","-805365,351","-987268,665","-805365,038","-987257,035",Jirkov,Studentsk·,,mÌstnÌkomunikace,,143395.0,,Souhlasn˝sesmÏrem˙seku,Pomal˝,563099.0,146161.0,GN_V0.1UIR-ADR_410,1
40306190014,7,,2019-01-03,4,1045,2,0,0,2,1,0,504,0,0,0,60,2,3,1,5,3,1,1,1,0,0,10,1,2,0,,5,26.0,11,3.0,0.0,3.0,0.0,1.0,5.0,0,2.0,1.0,1.0,,,"-808409,873","-992434,69","-808409,837","-992434,734",Chomutov,KOCHOVA,,mÌstnÌkomunikace,,152805.0,,,Pomal˝,562971.0,,GN_V0.1UIR-ADR_410,1
40306190015,1,13.0,2019-01-04,5,610,5,0,0,2,4,0,100,0,0,0,200,2,3,1,5,7,1,1,1,0,0,0,1,1,0,,3,44.0,14,1.0,0.0,1.0,0.0,1.0,1.0,200,2.0,1.0,1.0,,,"-820247,545","-994903,104","-820237,534","-994911,803",,,,silnice1.t¯Ìdy,13,3291439.0,,Souhlasn˝sesmÏrem˙seku,Pomal˝,563102.0,,GN_V0.1UIR-ADR_410,2
40306190016,0,7.0,2019-01-04,5,1320,3,0,4,2,1,2,204,0,0,0,300,2,3,1,1,1,1,3,4,0,0,0,2,1,0,,3,39.0,16,3.0,1.0,1.0,0.0,1.0,3.0,300,2.0,1.0,1.0,"-806952,959","-996315,153","-806950,81","-996302,258","-806950,481","-996301,884",,,,silnice1.t¯Ìdy,D7,3558778.0,,Souhlasn˝sesmÏrem˙seku,Pomal˝,563056.0,,GN_V0.1UIR-ADR_410,2
40306190017,1,7.0,2019-01-04,5,1430,3,0,9,2,1,2,204,0,0,0,1250,2,6,1,5,3,1,2,1,0,0,0,3,1,0,,7,19.0,11,9.0,1.0,1.0,0.0,1.0,3.0,1000,3.0,1.0,1.0,"-817680,659","-985703,259","-817680,659","-985703,259","-817680,676","-985703,261",,,,silnice1.t¯Ìdy,7,2241689.0,,OpaËn˝kesmÏru˙seku,Pomal˝,,,GN_V0.1UIR-ADR_410,2
40306190018,2,223.0,2019-01-04,5,1600,3,0,1,1,1,2,204,0,0,1,500,2,8,1,5,3,1,1,1,0,0,0,2,1,0,,3,39.0,00,1.0,1.0,1.0,1.0,1.0,1.0,500,2.0,1.0,1.0,"-826217,233","-989592,455","-826217,233","-989592,455","-826217,452","-989592,771",,,,silnice2.t¯Ìdy,223,1031819.0,,Souhlasn˝sesmÏrem˙seku,Pomal˝,563315.0,,GN_V0.1UIR-ADR_410,2
40306190019,3,25114.0,2019-01-04,5,1635,9,0,0,2,1,2,204,0,0,0,200,2,8,1,5,2,1,1,1,0,0,0,1,1,0,,3,32.0,04,1.0,1.0,1.0,0.0,1.0,1.0,200,2.0,1.0,1.0,"-814082,167","-988240,769","-814082,167","-988240,769","-814080,421","-988237,668",,,,silnice3.t¯Ìdy,25114,2666129.0,,Souhlasn˝sesmÏrem˙seku,Pomal˝,563161.0,,GN_V0.1UIR-ADR_410,2
40306190020,2,251.0,2019-01-04,5,1900,3,0,1,2,1,0,204,0,0,0,200,2,3,1,4,7,1,1,1,0,0,0,1,1,0,,3,32.0,02,1.0,0.0,4.0,0.0,1.0,3.0,200,9.0,,,"-799533,567","-993353,129","-799530,343","-993346,681","-799530,115","-993346,218",,,,silnice2.t¯Ìdy,251,3084438.0,,Souhlasn˝sesmÏrem˙seku,Pomal˝,563358.0,,GN_V0.1UIR-ADR_410,2
40306190021,6,,2019-01-04,5,2560,2,0,0,2,1,0,504,0,0,0,200,1,3,1,1,1,1,1,1,0,0,10,1,2,0,,17,,XX,,,,,,,0,,,,"-807843,999","-991356,086","-807843,999","-991356,086","-807846,819","-991335,544",Chomutov,BOéENYNÃMCOV…,,mÌstnÌkomunikace,,2670169.0,,,Pomal˝,562971.0,,GN_V0.1UIR-ADR_410,1
40306190022,1,13.0,2019-01-06,0,35,5,0,0,2,4,0,100,0,0,0,200,2,3,1,1,6,1,3,1,0,0,0,1,1,0,,3,39.0,03,1.0,0.0,1.0,0.0,1.0,3.0,200,4.0,1.0,1.0,"-802433,394","-986813,808","-802430,708","-986807,898","-802430,731","-986808,166",,,,silnice1.t¯Ìdy,13,1584953.0,,Souhlasn˝sesmÏrem˙seku,Pomal˝,,,GN_V0.1UIR-ADR_410,2
40306190023,8,,2019-01-06,0,1450,2,0,0,2,1,2,502,0,0,0,200,2,3,1,1,1,1,1,1,0,0,10,1,2,0,,3,31.0,16,1.0,0.0,1.0,0.0,1.0,5.0,100,3.0,1.0,1.0,"-807989,154","-990207,317","-807989,154","-990207,317","-807964,995","-990223,221",Chomutov,BÿEZENECK¡,,mÌstnÌkomunikace,,3316523.0,,Souhlasn˝sesmÏrem˙seku,Pomal˝,562971.0,,GN_V0.1UIR-ADR_410,1
40306190024,3,25211.0,2019-01-06,0,1545,1,1,0,2,1,2,204,0,0,0,200,2,5,1,6,3,1,1,1,0,0,0,3,2,0,,5,26.0,01,3.0,1.0,1.0,0.0,1.0,3.0,0,3.0,1.0,1.0,"-814729,678","-977830,12","-814729,678","-977830,12","-814737,793","-977863,909",Kalek,,,silnice3.t¯Ìdy,25211,1028654.0,,OpaËn˝kesmÏru˙seku,Pomal˝,563111.0,,GN_V0.1UIR-ADR_410,1
40306190025,6,,2019-01-07,1,740,4,0,0,1,1,0,412,0,0,1,0,2,3,1,4,2,1,1,1,0,0,1,1,1,0,,17,,XX,,,,,,,0,,,,"-819517,237","-998677,693","-819517,237","-998677,693","-819518,755","-998698,489",KadaÚ,PoötovnÌ,,mÌstnÌkomunikace,,164057.0,,OpaËn˝kesmÏru˙seku,Pomal˝,563102.0,146773.0,GN_V0.1UIR-ADR_410,1
40306190026,6,,2019-01-07,1,2560,2,0,0,2,1,0,504,0,0,0,100,3,3,1,4,3,1,1,1,0,0,0,1,2,0,,17,,XX,,,,,,,0,,,,"-824474,734","-997598,9","-824482,793","-997607,497","-824482,811","-997607,526",Kl·öterecnadOh¯Ì,N·draûnÌ,,mÌstnÌkomunikace,,2847971.0,,OpaËn˝kesmÏru˙seku,Pomal˝,563129.0,147257.0,GN_V0.1UIR-ADR_410,1
40306190027,1,13.0,2019-01-07,1,1330,1,3,0,1,1,2,403,0,0,3,2000,2,3,1,3,3,1,2,1,3,3,0,4,2,19,1.0,3,31.0,12,9.0,0.0,1.0,0.0,1.0,24.0,1000,2.0,1.0,1.0,"-821520,678","-996062,277","-821522,29","-996054,218","-821522,337","-996054,15",,,,silnice1.t¯Ìdy,13,740399.0,,OpaËn˝kesmÏru˙seku,Pomal˝,563129.0,,GN_V0.1UIR-ADR_410,2
40306190028,3,732.0,2019-01-07,1,1555,9,0,0,2,1,2,205,0,0,0,100,2,3,1,4,3,1,1,1,0,0,0,3,1,0,,3,32.0,98,1.0,1.0,1.0,0.0,1.0,1.0,100,2.0,1.0,1.0,,,"-806111,856","-990723,616","-806112,361","-990722,565",,,,silnice3.t¯Ìdy,00732,2670060.0,,OpaËn˝kesmÏru˙seku,Pomal˝,562971.0,,GN_V0.1UIR-ADR_410,2
40306190029,1,13.0,2019-01-01,2,2560,1,2,0,2,1,0,411,0,0,0,5,2,1,1,1,1,1,3,1,0,0,0,1,2,0,,7,48.0,15,3.0,0.0,3.0,0.0,1.0,1.0,0,9.0,,,,,"-809792,817","-991706,169","-809792,968","-991707,188",Chomutov,»ernovick·,,silnice1.t¯Ìdy,13,1306738.0,,Souhlasn˝sesmÏrem˙seku,Pomal˝,562971.0,143391.0,GN_V0.1UIR-ADR_410,1
40306190030,8,,2019-01-02,3,1440,1,3,0,2,1,0,504,0,0,0,250,1,3,1,3,3,1,1,1,0,0,10,1,2,0,,3,7.0,02,1.0,0.0,1.0,0.0,1.0,5.0,100,2.0,1.0,1.0,"-807749,802","-993128,787","-807749,802","-993128,787","-807755,467","-993122,472",Chomutov,NAMOR¡NI,,mÌstnÌkomunikace,,739166.0,,Souhlasn˝sesmÏrem˙seku,Pomal˝,562971.0,,GN_V0.1UIR-ADR_410,1