IDENTIFIKA»NÕ »ÕSLO,DRUH POZEMNÕ KOMUNIKACE,»ÕSLO POZEMNÕ KOMUNIKACE,"den, mÏsÌc, rok",,Ëas ,DRUH NEHODY,DRUH SR¡éKY JEDOUCÕCH VOZIDEL,DRUH PEVN… PÿEK¡éKY,CHARAKTER NEHODY,ZAVINÃNÕ NEHODY,ALKOHOL U VINÕKA NEHODY PÿÕTOMEN,HLAVNÕ PÿÕ»INY NEHODY,usmrceno osob,tÏûce zranÏno osob,lehce zranÏno osob,CELKOV¡ HMOTN¡ äKODA,DRUH POVRCHU VOZOVKY,STAV POVRCHU VOZOVKY V DOBÃ NEHODY,STAV KOMUNIKACE,POVÃTRNOSTNÕ PODMÕNKY V DOBÃ NEHODY,VIDITELNOST,ROZHLEDOV… POMÃRY,DÃLENÕ KOMUNIKACE,SITUOV¡NÕ NEHODY NA KOMUNIKACI,ÿÕZENÕ PROVOZU V DOBÃ NEHODY,MÕSTNÕ ⁄PRAVA PÿEDNOSTI V JÕZDÃ,SPECIFICK¡ MÕSTA A OBJEKTY V MÕSTÃ NEHODY,SMÃROV… POMÃRY,PO»ET Z⁄»ASTNÃN›CH VOZIDEL,MÕSTO DOPRAVNÕ NEHODY,DRUH KÿIéUJÕCÕ KOMUNIKACE,DRUH VOZIDLA,V›ROBNÕ ZNA»KA MOTOROV…HO VOZIDLA,ROK V›ROBY VOZIDLA,CHARAKTERISTIKA VOZIDLA ,SMYK,VOZIDLO PO NEHODÃ,"⁄NIK PROVOZNÕCH, PÿEPRAVOVAN›CH HMOT",ZPŸSOB VYPROäTÃNÕ OSOB Z VOZIDLA,SMÃR JÕZDY NEBO POSTAVENÕ VOZIDLA,äKODA NA VOZIDLE,KATEGORIE ÿIDI»E,STAV ÿIDI»E,VNÃJäÕ OVLIVNÃNÕ ÿIDI»E,nan.1,nan.2,nan.3,nan.4,nan.5,nan.6,nan.7,nan.8,nan.9,nan.10,nan.11,nan.12,nan.13,nan.14,nan.15,nan.16,nan.17,nan.18,LOKALITA NEHODY
40306190031,6,,2019-01-08,2,1710,4,0,0,1,3,2,100,0,0,1,0,2,3,1,4,5,1,1,1,3,3,2,5,1,10,7.0,3,47.0,06,1.0,0.0,1.0,0.0,1.0,5.0,0,2.0,1.0,1.0,"-819396,564","-998509,661","-819396,564","-998509,661","-819394,53","-998509,765",KadaÚ,NaPodlesÌ,,mÌstnÌkomunikace,,3453055.0,,Souhlasn˝sesmÏrem˙seku,Pomal˝,563102.0,146625.0,GN_V0.1UIR-ADR_410,1
40306190032,1,7.0,2019-01-09,3,520,3,0,9,2,1,2,204,0,0,0,250,2,3,1,5,5,1,1,1,3,3,0,7,1,19,3.0,3,26.0,03,1.0,1.0,1.0,0.0,1.0,41.0,150,2.0,1.0,1.0,"-808259,458","-991524,774","-808264,293","-991528,535","-808264,289","-991528,518",Chomutov,Lipsk·,,silnice1.t¯Ìdy,7,2670128.0,,Souhlasn˝sesmÏrem˙seku,Pomal˝,562971.0,143405.0,GN_V0.1UIR-ADR_410,1
40306190033,3,22425.0,2019-01-08,2,1530,5,0,0,2,4,0,100,0,0,0,50,2,3,1,1,1,1,1,1,0,0,0,3,1,0,,3,32.0,09,1.0,0.0,1.0,0.0,1.0,3.0,50,2.0,1.0,1.0,,,"-817759,91","-1005004,716","-817759,963","-1005004,362",,,,silnice3.t¯Ìdy,22425,2251625.0,,Souhlasn˝sesmÏrem˙seku,Pomal˝,563439.0,,GN_V0.1UIR-ADR_410,2
40306190034,1,13.0,2019-01-09,3,1315,3,0,2,2,1,2,511,0,0,0,650,2,3,1,5,3,1,1,1,3,3,0,7,1,19,6.0,3,39.0,18,3.0,1.0,1.0,0.0,1.0,21.0,500,2.0,1.0,1.0,"-805574,105","-989161,964","-805581,09","-989174,859","-805580,841","-989175,213",,,,silnice1.t¯Ìdy,13,1382870.0,,Souhlasn˝sesmÏrem˙seku,Pomal˝,562971.0,,GN_V0.1UIR-ADR_410,2
40306190035,3,22316.0,2019-01-09,3,1325,3,0,1,2,1,2,204,0,0,0,400,2,8,1,5,3,1,1,1,0,0,0,3,1,0,,3,44.0,04,1.0,1.0,1.0,0.0,1.0,1.0,400,2.0,1.0,1.0,"-825584,537","-995735,006","-825584,537","-995735,006","-825589,382","-995739,334",,,,silnice3.t¯Ìdy,22316,1692968.0,,OpaËn˝kesmÏru˙seku,Pomal˝,,,GN_V0.1UIR-ADR_410,2
40306190036,1,13.0,2019-01-09,3,2115,5,0,0,2,4,0,100,0,0,0,200,2,8,1,5,7,1,1,1,0,0,0,1,1,0,,3,7.0,14,1.0,0.0,1.0,0.0,1.0,1.0,200,2.0,1.0,1.0,"-812031,145","-992345,487","-812039,204","-992340,114","-812039,441","-992339,673",,,,silnice1.t¯Ìdy,13,1491065.0,,OpaËn˝kesmÏru˙seku,Pomal˝,563021.0,,GN_V0.1UIR-ADR_410,2
40306190037,2,224.0,2019-01-10,4,630,0,0,0,2,0,0,100,0,0,0,210,2,8,1,5,7,1,1,1,0,0,0,3,1,0,,3,39.0,03,1.0,0.0,1.0,0.0,1.0,1.0,200,2.0,1.0,1.0,"-830227,092","-985170,014","-830227,63","-985170,014","-830227,793","-985169,792",,,,silnice2.t¯Ìdy,224,3084437.0,,Souhlasn˝sesmÏrem˙seku,Pomal˝,563315.0,,GN_V0.1UIR-ADR_410,2
40306190038,1,13.0,2019-01-10,4,735,3,0,9,2,1,2,204,0,0,0,1730,2,3,1,1,2,1,3,1,0,0,0,3,2,0,,5,26.0,05,3.0,1.0,1.0,0.0,1.0,1.0,500,2.0,1.0,1.0,"-803079,222","-986978,186","-803085,132","-986967,978","-803084,105","-986969,005",,,,silnice1.t¯Ìdy,13,1584600.0,,Souhlasn˝sesmÏrem˙seku,Pomal˝,563463.0,,GN_V0.1UIR-ADR_410,2
40306190039,6,,2019-01-10,4,1000,3,0,6,2,1,2,505,0,0,0,450,1,3,1,1,1,1,1,6,0,0,0,1,1,0,,5,10.0,18,3.0,0.0,1.0,0.0,1.0,5.0,200,3.0,1.0,1.0,"-807051,713","-991279,683","-807051,713","-991279,683","-807051,76","-991279,603",Chomutov,VÌtÏzslavaNezvala,,mÌstnÌkomunikace,,2670201.0,,OpaËn˝kesmÏru˙seku,Pomal˝,562971.0,145203.0,GN_V0.1UIR-ADR_410,1
40306190040,8,,2019-01-10,4,1130,2,0,0,2,1,2,511,0,0,0,300,2,8,1,1,1,1,1,1,0,0,10,1,2,0,,3,7.0,99,1.0,0.0,1.0,0.0,1.0,5.0,100,7.0,1.0,1.0,"-807449,466","-989844,17","-807449,466","-989844,17","-807453,326","-989836,464",Chomutov,D¯Ìnovsk·,,mÌstnÌkomunikace,,147665.0,,Souhlasn˝sesmÏrem˙seku,Pomal˝,562971.0,144495.0,GN_V0.1UIR-ADR_410,1
40306190041,2,224.0,2019-01-10,4,1520,1,2,0,2,1,2,502,0,0,0,50,2,1,1,1,1,1,1,1,0,0,0,1,2,0,,7,62.0,09,3.0,0.0,1.0,0.0,1.0,1.0,0,3.0,1.0,1.0,"-813809,976","-1008663,989","-813821,259","-1008619,394","-813820,332","-1008619,221",,,,silnice2.t¯Ìdy,224,3084579.0,,Souhlasn˝sesmÏrem˙seku,Pomal˝,546071.0,,GN_V0.1UIR-ADR_410,2
40306190042,2,224.0,2019-01-10,4,1510,1,2,0,2,1,2,502,0,0,0,20,2,8,1,1,1,1,1,1,0,0,0,2,2,0,,3,5.0,12,3.0,0.0,3.0,0.0,1.0,3.0,0,2.0,1.0,1.0,"-823377,563","-992015,355","-823379,712","-992016,429","-823378,903","-992015,987",,,,silnice2.t¯Ìdy,224,2251594.0,,OpaËn˝kesmÏru˙seku,Pomal˝,563129.0,,GN_V0.1UIR-ADR_410,2
40306190043,1,13.0,2019-01-11,5,350,5,0,0,2,4,0,100,0,0,0,500,2,3,1,1,6,1,1,1,0,0,0,1,1,0,,7,10.0,16,3.0,0.0,1.0,0.0,1.0,1.0,500,3.0,1.0,1.0,"-819550,402","-994122,774","-819548,972","-994118,655","-819549,396","-994118,262",,,,silnice1.t¯Ìdy,13,2670579.0,,OpaËn˝kesmÏru˙seku,Pomal˝,563102.0,,GN_V0.1UIR-ADR_410,2
40306190044,1,13.0,2019-01-11,5,515,3,0,1,2,1,2,510,0,0,0,500,2,3,1,1,6,1,3,1,0,0,0,1,1,0,,3,39.0,09,3.0,0.0,1.0,0.0,1.0,1.0,500,2.0,1.0,1.0,"-800828,775","-986962,886","-800828,775","-986962,886","-800827,988","-986952,579",,,,silnice1.t¯Ìdy,13,1584947.0,,Souhlasn˝sesmÏrem˙seku,Pomal˝,563463.0,,GN_V0.1UIR-ADR_410,2
40306190045,6,,2019-01-01,2,2560,2,0,0,2,1,0,502,0,0,0,100,2,5,1,5,5,1,1,1,0,0,10,1,2,0,,17,,XX,,,,,,,0,,,,"-807352,568","-989647,379","-807328,928","-989646,841","-807329,422","-989646,848",Chomutov,D¯Ìnovsk·,,mÌstnÌkomunikace,,2669860.0,,Souhlasn˝sesmÏrem˙seku,Pomal˝,562971.0,144495.0,GN_V0.1UIR-ADR_410,1
40306190046,3,2253.0,2019-01-11,5,600,5,0,0,2,4,0,100,0,0,0,20,2,3,1,6,7,1,1,1,0,0,0,1,1,0,,3,39.0,15,3.0,0.0,1.0,0.0,1.0,3.0,20,3.0,1.0,1.0,,,"-809803,291","-1004212,132","-809804,265","-1004214,539",,,,silnice3.t¯Ìdy,2253,1360899.0,,Souhlasn˝sesmÏrem˙seku,Pomal˝,563081.0,,GN_V0.1UIR-ADR_410,2
40306190047,3,135.0,2019-01-11,5,524,5,0,0,2,4,0,100,0,0,0,300,2,3,1,1,6,1,1,1,0,0,0,1,1,0,,3,39.0,05,1.0,0.0,1.0,0.0,1.0,3.0,300,2.0,1.0,1.0,,,"-802720,907","-987029,67","-802720,168","-987029,423",,,,silnice3.t¯Ìdy,0135,1692236.0,,Souhlasn˝sesmÏrem˙seku,Pomal˝,563463.0,,GN_V0.1UIR-ADR_410,2
40306190048,1,13.0,2019-01-11,5,730,5,0,0,2,4,0,100,0,0,0,500,2,3,1,1,2,1,1,1,0,0,0,1,1,0,,3,60.0,12,1.0,0.0,1.0,0.0,1.0,1.0,500,2.0,1.0,1.0,,,"-830809,504","-997831,53","-830809,804","-997834,243",,,,silnice1.t¯Ìdy,13,162685.0,,OpaËn˝kesmÏru˙seku,Pomal˝,563285.0,,GN_V0.1UIR-ADR_410,2
40306190049,8,,2019-01-11,5,1113,3,0,9,2,1,2,505,0,0,0,500,1,5,1,1,1,1,1,1,0,0,9,1,1,0,,5,62.0,16,9.0,0.0,1.0,0.0,1.0,5.0,0,2.0,1.0,1.0,"-819567,566","-980317,259","-819567,566","-980317,259","-819557,869","-980317,259",,,,mÌstnÌkomunikace,,2241650.0,,Souhlasn˝sesmÏrem˙seku,Pomal˝,563064.0,,GN_V0.1UIR-ADR_410,2
40306190050,8,,2019-01-11,5,2560,2,0,0,2,1,0,502,0,0,0,400,2,6,1,5,3,1,1,1,0,0,10,1,2,0,,17,,XX,,,,,,,0,,,,"-808415,97","-992503,246","-808415,97","-992503,246","-808407,83","-992513,732",Chomutov,,,mÌstnÌkomunikace,,2667525.0,,,Pomal˝,562971.0,,GN_V0.1UIR-ADR_410,1
40306190051,6,,2019-01-11,5,1645,2,0,0,2,1,2,502,0,0,0,550,2,3,1,1,2,1,1,1,0,0,10,1,2,0,,5,17.0,07,1.0,0.0,1.0,0.0,1.0,5.0,500,2.0,1.0,1.0,"-805975,892","-987830,347","-805975,892","-987830,347","-805971,974","-987827,043",Jirkov,NaBorku,,mÌstnÌkomunikace,,2667948.0,,Souhlasn˝sesmÏrem˙seku,Pomal˝,563099.0,145904.0,GN_V0.1UIR-ADR_410,1
40306190052,8,,2019-01-11,5,858,3,0,9,2,1,0,502,0,0,0,100,1,3,1,1,1,1,1,1,0,0,9,1,1,0,,17,,XX,,,,,,,0,,,,"-819082,736","-993740,796","-819082,736","-993740,796","-819087,656","-993733,224",,,,mÌstnÌkomunikace,,1790400.0,,Souhlasn˝sesmÏrem˙seku,Pomal˝,563102.0,,GN_V0.1UIR-ADR_410,2
40306190053,6,,2019-01-12,6,1837,1,3,0,2,1,2,504,0,0,0,100,2,3,1,3,5,1,1,1,0,0,0,1,2,0,,3,17.0,07,1.0,0.0,1.0,0.0,1.0,5.0,50,2.0,1.0,1.0,"-807398,11","-989693,126","-807429,81","-989679,694","-807441,431","-989676,451",Chomutov,Holeöick·,,mÌstnÌkomunikace,,1584412.0,,Souhlasn˝sesmÏrem˙seku,Pomal˝,562971.0,144185.0,GN_V0.1UIR-ADR_410,1
40306190054,1,13.0,2019-01-13,0,605,5,0,0,2,1,2,202,0,0,0,300,2,3,1,3,7,1,1,1,0,0,0,1,1,0,,5,12.0,07,1.0,0.0,1.0,1.0,1.0,1.0,300,2.0,1.0,1.0,"-820977,06","-995674,328","-820977,06","-995674,328","-820989,449","-995660,085",,,,silnice1.t¯Ìdy,13,1491049.0,,OpaËn˝kesmÏru˙seku,Pomal˝,563129.0,,GN_V0.1UIR-ADR_410,2
40306190055,8,,2019-01-12,6,2560,2,0,0,2,1,0,504,0,0,0,300,2,3,1,1,4,1,1,1,0,0,0,1,2,0,,17,,XX,,,,,,,0,,,,,,"-807629,058","-989844,109","-807628,216","-989843,321",Chomutov,D¯Ìnovsk·,,mÌstnÌkomunikace,,2669845.0,,OpaËn˝kesmÏru˙seku,Pomal˝,562971.0,144495.0,GN_V0.1UIR-ADR_410,1
40306190056,6,,2019-01-14,1,655,3,0,3,2,1,2,205,0,0,0,150,2,3,1,1,4,1,1,1,0,0,0,3,1,0,,5,13.0,14,3.0,1.0,1.0,0.0,1.0,5.0,150,2.0,1.0,1.0,"-806239,939","-988580,9","-806248,535","-988579,825","-806248,404","-988579,863",,,,mÌstnÌkomunikace,,2666002.0,,Souhlasn˝sesmÏrem˙seku,Pomal˝,563099.0,,GN_V0.1UIR-ADR_410,2
40306190057,6,,2019-01-14,1,900,4,0,0,1,1,2,504,0,0,1,20,2,3,1,5,3,1,1,1,0,0,0,1,2,0,,4,42.0,18,1.0,0.0,1.0,0.0,1.0,5.0,0,2.0,1.0,1.0,"-825795,442","-997377,189","-825787,92","-997377,726","-825789,157","-997375,696",Kl·öterecnadOh¯Ì,Chomutovsk·,,mÌstnÌkomunikace,,1757581.0,,OpaËn˝kesmÏru˙seku,Pomal˝,563129.0,146994.0,GN_V0.1UIR-ADR_410,1
40306190058,2,219.0,2019-01-13,0,1040,1,2,0,2,1,2,502,0,0,0,25,2,8,1,5,3,1,1,1,0,0,0,1,2,0,,8,59.0,05,4.0,1.0,1.0,0.0,1.0,1.0,0,4.0,1.0,1.0,,,"-839097,615","-993224,391","-839094,971","-993224,976",,,,silnice2.t¯Ìdy,219,1033196.0,,Souhlasn˝sesmÏrem˙seku,Pomal˝,546518.0,,GN_V0.1UIR-ADR_410,2
40306190059,6,,2019-01-01,2,2560,2,0,0,2,1,0,502,0,0,0,100,2,8,1,5,3,1,1,1,0,0,0,1,2,0,,17,,XX,,,,,,,0,,,,"-808653,505","-990592,808","-808653,505","-990592,808","-808650,347","-990589,309",Chomutov,Jir·skova,,mÌstnÌkomunikace,,3453025.0,,Souhlasn˝sesmÏrem˙seku,Pomal˝,562971.0,143766.0,GN_V0.1UIR-ADR_410,1
40306190060,1,13.0,2019-01-14,1,700,3,0,4,2,1,2,204,0,0,0,1600,2,6,1,1,6,1,2,1,0,0,0,1,1,0,,3,4.0,11,3.0,1.0,1.0,0.0,1.0,1.0,1500,2.0,1.0,1.0,,,"-823693,306","-996954,582","-823693,654","-996954,091",,,,silnice1.t¯Ìdy,13,2669002.0,,OpaËn˝kesmÏru˙seku,Pomal˝,563129.0,,GN_V0.1UIR-ADR_410,2
40306190061,6,,2019-01-14,1,1820,1,3,0,2,1,0,403,0,0,0,50,2,6,1,6,4,1,1,1,3,3,0,5,2,10,6.0,17,,XX,,,,,,,0,,,,"-819585,212","-998216,551","-819585,749","-998185,388","-819585,512","-998186,583",KadaÚ,Nov·kolonie,,mÌstnÌkomunikace,,163432.0,,Souhlasn˝sesmÏrem˙seku,Pomal˝,563102.0,146650.0,GN_V0.1UIR-ADR_410,1
40306190062,6,,2019-01-14,1,1800,1,3,0,2,1,2,204,0,0,0,350,2,6,1,6,4,1,1,1,3,3,0,5,2,10,6.0,3,39.0,17,3.0,1.0,1.0,0.0,1.0,5.0,150,2.0,1.0,1.0,"-819008,267","-997771,965","-819008,267","-997771,965","-819008,299","-997772,117",KadaÚ,Golovinova,,mÌstnÌkomunikace,,1429092.0,,Souhlasn˝sesmÏrem˙seku,Pomal˝,563102.0,,GN_V0.1UIR-ADR_410,1
40306190063,3,728.0,2019-01-14,1,1640,4,0,0,1,1,2,204,0,0,1,20,2,6,1,6,2,1,1,1,0,0,8,1,1,0,,3,32.0,96,3.0,1.0,1.0,0.0,1.0,3.0,20,2.0,1.0,1.0,,,"-806059,637","-993210,322","-806062,712","-993214,079",Chomutov,Dukelsk·,,silnice3.t¯Ìdy,00728,3084632.0,,OpaËn˝kesmÏru˙seku,Pomal˝,562971.0,143481.0,GN_V0.1UIR-ADR_410,1
40306190064,2,568.0,2019-01-14,1,1800,3,0,3,2,1,2,205,0,0,0,180,2,6,1,5,7,1,1,1,3,3,0,5,1,19,3.0,3,13.0,02,1.0,1.0,1.0,0.0,1.0,13.0,150,2.0,1.0,1.0,,,"-808235,856","-998882,279","-808235,562","-998881,911",,,,silnice2.t¯Ìdy,568,164573.0,,Souhlasn˝sesmÏrem˙seku,Pomal˝,563013.0,,GN_V0.1UIR-ADR_410,2
40306190065,1,7.0,2019-01-15,2,1110,1,2,0,2,1,2,208,0,0,0,600,2,5,1,7,3,1,1,1,0,0,0,3,2,0,,5,19.0,09,3.0,1.0,1.0,0.0,1.0,1.0,100,2.0,1.0,1.0,"-817704,913","-985558,675","-817702,226","-985557,063","-817701,054","-985556,839",,,,silnice1.t¯Ìdy,7,2241689.0,,Souhlasn˝sesmÏrem˙seku,Pomal˝,563064.0,,GN_V0.1UIR-ADR_410,2
40306190066,1,13.0,2019-01-11,5,950,5,0,0,2,4,0,100,0,0,0,300,2,3,1,5,3,1,3,1,0,0,0,2,1,0,,3,39.0,08,1.0,0.0,1.0,0.0,1.0,3.0,300,3.0,1.0,1.0,,,"-803073,943","-986942,469","-803073,897","-986942,515",,,,silnice1.t¯Ìdy,13,142853.0,,Souhlasn˝sesmÏrem˙seku,Pomal˝,563463.0,,GN_V0.1UIR-ADR_410,2
40306190067,6,,2019-01-15,2,1510,1,3,0,1,1,2,410,0,0,1,130,2,3,1,3,3,1,1,1,0,0,2,1,2,0,,3,7.0,01,1.0,0.0,1.0,0.0,1.0,5.0,100,2.0,1.0,1.0,"-805130,09","-988111,719","-805123,105","-988111,719","-805124,128","-988111,578",Jirkov,ErvÏnick·,,mÌstnÌkomunikace,,1585026.0,,OpaËn˝kesmÏru˙seku,Pomal˝,563099.0,146048.0,GN_V0.1UIR-ADR_410,1
40306190068,2,224.0,2019-01-15,2,1730,3,0,1,2,1,0,204,0,0,0,250,2,3,1,3,7,1,1,1,0,0,0,2,1,0,,3,35.0,10,1.0,1.0,4.0,0.0,1.0,3.0,200,9.0,,,"-823926,633","-998011,15","-823921,797","-997985,897","-823922,251","-997986,744",,,,silnice2.t¯Ìdy,224,163040.0,,Souhlasn˝sesmÏrem˙seku,Pomal˝,563129.0,,GN_V0.1UIR-ADR_410,2
40306190069,2,219.0,2019-01-14,1,1100,1,2,0,2,1,0,501,0,0,0,300,2,8,1,7,3,1,1,1,3,4,0,5,2,19,6.0,3,39.0,04,1.0,0.0,1.0,0.0,1.0,21.0,150,2.0,1.0,1.0,,,"-834228,934","-983598,431","-834227,906","-983598,18",Vejprty,PohraniËnÌstr·ûe,,silnice2.t¯Ìdy,219,788426.0,,OpaËn˝kesmÏru˙seku,Pomal˝,563404.0,149161.0,GN_V0.1UIR-ADR_410,1
40306190070,2,224.0,2019-01-16,3,530,1,4,0,1,1,2,201,0,0,2,1400,2,3,1,3,5,1,1,1,0,0,0,1,3,0,,3,39.0,14,1.0,0.0,1.0,0.0,1.0,3.0,900,2.0,1.0,1.0,"-819900,074","-998570,239","-819898,999","-998572,389","-819898,95","-998572,356",KadaÚ,Kl·ötereck·,,silnice2.t¯Ìdy,224,163912.0,,Souhlasn˝sesmÏrem˙seku,Pomal˝,563102.0,146757.0,GN_V0.1UIR-ADR_410,1
40306190071,1,13.0,2019-01-16,3,655,1,4,0,2,1,0,503,0,0,0,250,2,3,1,1,4,1,1,1,3,3,0,4,2,19,2.0,3,47.0,04,1.0,0.0,3.0,0.0,1.0,12.0,200,3.0,1.0,1.0,"-824947,317","-997353,647","-824947,317","-997353,647","-824948,431","-997347,656",Kl·öterecnadOh¯Ì,Chomutovsk·,,silnice1.t¯Ìdy,13,2668330.0,,Souhlasn˝sesmÏrem˙seku,Pomal˝,563129.0,146994.0,GN_V0.1UIR-ADR_410,1
40306190072,6,,2019-01-16,3,950,3,0,2,2,1,2,504,0,0,0,30,2,3,1,1,1,1,1,1,0,0,10,1,1,0,,3,7.0,94,1.0,0.0,1.0,0.0,1.0,5.0,20,3.0,1.0,1.0,"-825577,867","-996557,286","-825577,867","-996557,286","-825590,398","-996556,85",Kl·öterecnadOh¯Ì,LÌpov·,,mÌstnÌkomunikace,,160802.0,,Souhlasn˝sesmÏrem˙seku,Pomal˝,563129.0,147192.0,GN_V0.1UIR-ADR_410,1
40306190073,8,,2019-01-15,2,1631,3,0,2,2,1,0,504,0,0,0,150,1,5,1,5,3,1,1,1,0,0,9,1,1,0,,3,16.0,93,9.0,0.0,1.0,0.0,1.0,5.0,0,9.0,,,"-819554,001","-980298,081","-819554,001","-980298,081","-819559,469","-980298,702",,,,mÌstnÌkomunikace,,2241650.0,,Souhlasn˝sesmÏrem˙seku,Pomal˝,563064.0,,GN_V0.1UIR-ADR_410,2
40306190074,1,13.0,2019-01-16,3,1045,5,0,0,2,4,0,100,0,0,0,4000,2,1,1,1,1,1,3,1,0,0,0,1,1,0,,3,26.0,00,2.0,0.0,1.0,1.0,1.0,3.0,4000,2.0,1.0,1.0,,,"-802338,453","-986816,598","-802338,401","-986815,984",,,,silnice1.t¯Ìdy,13,1584953.0,,Souhlasn˝sesmÏrem˙seku,Pomal˝,563463.0,,GN_V0.1UIR-ADR_410,2
40306190075,6,,2019-01-17,4,1115,4,0,0,1,1,0,412,0,0,1,0,2,1,5,1,1,1,2,1,3,3,1,4,1,10,6.0,17,,XX,,,,,,,0,,,,"-805810,726","-988847,414","-805810,726","-988847,414","-805814,355","-988845,394",Chomutov,PÌseËn·,,mÌstnÌkomunikace,,829917.0,,Souhlasn˝sesmÏrem˙seku,Pomal˝,562971.0,144487.0,GN_V0.1UIR-ADR_410,1
40306190076,3,22430.0,2019-01-18,5,415,5,0,0,2,4,0,100,0,0,0,200,2,6,1,5,7,1,1,1,0,0,0,2,1,0,,3,4.0,05,1.0,1.0,1.0,0.0,1.0,1.0,200,2.0,1.0,5.0,"-825785,056","-993528,301","-825788,146","-993514,421","-825788,159","-993513,119",,,,silnice3.t¯Ìdy,22430,1033416.0,,OpaËn˝kesmÏru˙seku,Pomal˝,563048.0,,GN_V0.1UIR-ADR_410,2
40306190077,6,,2019-01-17,4,2560,2,0,0,2,1,0,504,0,0,0,100,2,5,1,6,3,1,1,1,0,0,0,3,2,0,,17,,XX,,,,,,,0,,,,"-805982,451","-987840,04","-805982,451","-987840,04","-805991,116","-987830,759",Jirkov,NaBorku,,mÌstnÌkomunikace,,3418418.0,,,Pomal˝,563099.0,,GN_V0.1UIR-ADR_410,1
40306190078,2,224.0,2019-01-18,5,1810,3,0,1,1,1,2,204,0,0,1,100,2,6,1,1,6,1,1,1,0,0,0,3,1,0,,3,12.0,98,1.0,1.0,1.0,0.0,1.0,1.0,100,2.0,1.0,1.0,"-824186,532","-995586,521","-824179,547","-995594,043","-824178,055","-995595,157",,,,silnice2.t¯Ìdy,224,871697.0,,OpaËn˝kesmÏru˙seku,Pomal˝,563129.0,,GN_V0.1UIR-ADR_410,2
40306190079,6,,2019-01-18,5,2105,1,3,0,2,1,9,501,0,0,0,110,2,3,1,1,4,1,1,1,3,3,10,5,2,10,6.0,3,17.0,05,1.0,0.0,1.0,0.0,1.0,5.0,10,3.0,5.0,1.0,"-819487,111","-998166,569","-819471,53","-998160,659","-819471,285","-998161,274",KadaÚ,Golovinova,,mÌstnÌkomunikace,,163260.0,,Souhlasn˝sesmÏrem˙seku,Pomal˝,563102.0,146421.0,GN_V0.1UIR-ADR_410,1
40306190080,2,223.0,2019-01-19,6,630,3,0,9,2,1,2,508,0,0,0,300,2,8,1,6,7,1,1,1,0,0,0,1,1,0,,3,41.0,10,1.0,0.0,1.0,0.0,1.0,3.0,300,2.0,1.0,1.0,"-820680,591","-989408,285","-820691,337","-989387,33","-820691,347","-989387,302",,,,silnice2.t¯Ìdy,223,2241466.0,,Souhlasn˝sesmÏrem˙seku,Pomal˝,563498.0,,GN_V0.1UIR-ADR_410,2
40306190081,6,,2019-01-18,5,2560,2,0,0,2,1,0,504,0,0,0,300,2,3,1,1,1,1,1,1,0,0,10,1,2,0,,17,,XX,,,,,,,0,,,,"-824891,53","-996996,211","-824891,53","-996996,211","-824891,685","-996997,278",Kl·öterecnadOh¯Ì,Jana¡moseKomenskÈho,,mÌstnÌkomunikace,,2670948.0,,Souhlasn˝sesmÏrem˙seku,Pomal˝,563129.0,147079.0,GN_V0.1UIR-ADR_410,1
40306190082,6,,2019-01-18,5,2560,2,0,0,2,1,0,504,0,0,0,100,2,3,1,1,1,1,1,1,0,0,10,1,2,0,,17,,XX,,,,,,,0,,,,"-824900,772","-996991,295","-824910,98","-996993,981","-824911,096","-996995,337",Kl·öterecnadOh¯Ì,Jana¡moseKomenskÈho,,mÌstnÌkomunikace,,2670948.0,,Souhlasn˝sesmÏrem˙seku,Pomal˝,563129.0,147079.0,GN_V0.1UIR-ADR_410,1
40306190083,3,2528.0,2019-01-19,6,1620,1,2,0,2,1,0,407,0,0,0,50,2,3,1,1,1,1,1,1,3,3,5,1,2,0,,17,,XX,,,,,,,0,,,,"-804143,817","-985757,876","-804144,891","-985761,1","-804143,852","-985762,032",,,,silnice3.t¯Ìdy,2528,3597488.0,,Souhlasn˝sesmÏrem˙seku,Pomal˝,563501.0,,GN_V0.1UIR-ADR_410,2
40306190084,1,13.0,2019-01-20,0,1330,1,3,0,2,1,2,403,0,0,0,1200,2,3,1,1,1,1,1,1,3,3,0,5,2,19,3.0,3,35.0,16,1.0,0.0,1.0,0.0,1.0,32.0,900,3.0,1.0,1.0,"-816059,092","-992524,904","-816059,092","-992524,904","-816047,979","-992540,208",,,,silnice1.t¯Ìdy,13,2241492.0,,Souhlasn˝sesmÏrem˙seku,Pomal˝,563200.0,,GN_V0.1UIR-ADR_410,2
40306190085,2,568.0,2019-01-20,0,2100,5,0,0,2,4,0,100,0,0,0,300,2,8,1,5,6,1,1,1,0,0,0,3,1,0,,5,48.0,15,3.0,0.0,1.0,0.0,1.0,3.0,300,4.0,1.0,1.0,,,"-811737,424","-1001327,128","-811737,203","-1001329,137",,,,silnice2.t¯Ìdy,568,2241431.0,,OpaËn˝kesmÏru˙seku,Pomal˝,563013.0,,GN_V0.1UIR-ADR_410,2
40306190087,3,2521.0,2019-01-21,1,705,4,0,0,1,1,2,412,0,0,1,20,2,3,1,1,2,1,1,1,3,3,1,4,1,19,6.0,3,39.0,03,3.0,0.0,3.0,0.0,1.0,41.0,20,3.0,1.0,1.0,"-808300,077","-990420,05","-808307,061","-990430,258","-808307,329","-990430,313",Chomutov,Blatensk·,,silnice3.t¯Ìdy,2521,1584224.0,,OpaËn˝kesmÏru˙seku,Pomal˝,562971.0,144720.0,GN_V0.1UIR-ADR_410,1