IDENTIFIKA»NÕ »ÕSLO,DRUH POZEMNÕ KOMUNIKACE,»ÕSLO POZEMNÕ KOMUNIKACE,"den, mÏsÌc, rok",,Ëas ,DRUH NEHODY,DRUH SR¡éKY JEDOUCÕCH VOZIDEL,DRUH PEVN… PÿEK¡éKY,CHARAKTER NEHODY,ZAVINÃNÕ NEHODY,ALKOHOL U VINÕKA NEHODY PÿÕTOMEN,HLAVNÕ PÿÕ»INY NEHODY,usmrceno osob,tÏûce zranÏno osob,lehce zranÏno osob,CELKOV¡ HMOTN¡ äKODA,DRUH POVRCHU VOZOVKY,STAV POVRCHU VOZOVKY V DOBÃ NEHODY,STAV KOMUNIKACE,POVÃTRNOSTNÕ PODMÕNKY V DOBÃ NEHODY,VIDITELNOST,ROZHLEDOV… POMÃRY,DÃLENÕ KOMUNIKACE,SITUOV¡NÕ NEHODY NA KOMUNIKACI,ÿÕZENÕ PROVOZU V DOBÃ NEHODY,MÕSTNÕ ⁄PRAVA PÿEDNOSTI V JÕZDÃ,SPECIFICK¡ MÕSTA A OBJEKTY V MÕSTÃ NEHODY,SMÃROV… POMÃRY,PO»ET Z⁄»ASTNÃN›CH VOZIDEL,MÕSTO DOPRAVNÕ NEHODY,DRUH KÿIéUJÕCÕ KOMUNIKACE,DRUH VOZIDLA,V›ROBNÕ ZNA»KA MOTOROV…HO VOZIDLA,ROK V›ROBY VOZIDLA,CHARAKTERISTIKA VOZIDLA ,SMYK,VOZIDLO PO NEHODÃ,"⁄NIK PROVOZNÕCH, PÿEPRAVOVAN›CH HMOT",ZPŸSOB VYPROäTÃNÕ OSOB Z VOZIDLA,SMÃR JÕZDY NEBO POSTAVENÕ VOZIDLA,äKODA NA VOZIDLE,KATEGORIE ÿIDI»E,STAV ÿIDI»E,VNÃJäÕ OVLIVNÃNÕ ÿIDI»E,nan.1,nan.2,nan.3,nan.4,nan.5,nan.6,nan.7,nan.8,nan.9,nan.10,nan.11,nan.12,nan.13,nan.14,nan.15,nan.16,nan.17,nan.18,LOKALITA NEHODY
40306190088,8,,2019-01-21,1,2560,2,0,0,2,1,0,502,0,0,0,50,1,3,1,1,1,1,1,1,0,0,10,1,2,0,,17,,XX,,,,,,,0,,,,"-806879,313","-993021,299","-806879,313","-993021,299","-806880,394","-993012,785",Chomutov,PRAéSK¡,,mÌstnÌkomunikace,,1632442.0,,Souhlasn˝sesmÏrem˙seku,Pomal˝,562971.0,,GN_V0.1UIR-ADR_410,1
40306190089,6,,2019-01-21,1,935,2,0,0,2,1,2,502,0,0,0,60,2,3,1,1,1,1,0,1,0,0,0,1,2,0,,3,47.0,02,1.0,0.0,1.0,0.0,1.0,5.0,10,2.0,1.0,1.0,"-808141,538","-990436,077","-808141,538","-990436,077","-808134,584","-990418,292",Chomutov,Cihl·¯sk·,,mÌstnÌkomunikace,,1584232.0,,Souhlasn˝sesmÏrem˙seku,Pomal˝,562971.0,143341.0,GN_V0.1UIR-ADR_410,1
40306190090,3,2521.0,2019-01-21,1,1010,1,3,0,2,1,2,402,0,0,0,900,2,1,1,1,1,1,1,1,3,3,2,4,2,19,6.0,3,35.0,08,1.0,0.0,1.0,1.0,1.0,21.0,400,2.0,1.0,1.0,"-808207,915","-990914,178","-808207,915","-990914,178","-808208,375","-990914,288",Chomutov,Blatensk·,,silnice3.t¯Ìdy,2521,150072.0,,OpaËn˝kesmÏru˙seku,Pomal˝,562971.0,144720.0,GN_V0.1UIR-ADR_410,1
40306190091,2,568.0,2019-01-18,5,2100,5,0,0,2,4,0,100,0,0,0,300,2,3,1,1,6,1,1,1,0,0,0,1,1,0,,3,2.0,14,1.0,0.0,1.0,0.0,1.0,3.0,300,3.0,1.0,1.0,,,"-822279,501","-994962,231","-822277,107","-994961,522",,,,silnice2.t¯Ìdy,568,157258.0,,Souhlasn˝sesmÏrem˙seku,Pomal˝,563129.0,,GN_V0.1UIR-ADR_410,2
40306190092,2,225.0,2019-01-21,1,2150,5,0,0,2,4,0,100,0,0,0,500,2,3,1,1,6,1,1,1,0,0,0,1,1,0,,3,35.0,14,1.0,0.0,1.0,0.0,1.0,1.0,500,3.0,1.0,1.0,"-815148,443","-1004406,04","-815148,443","-1004406,04","-815146,74","-1004402,888",,,,silnice2.t¯Ìdy,225,3263435.0,,Souhlasn˝sesmÏrem˙seku,Pomal˝,563081.0,,GN_V0.1UIR-ADR_410,2
40306190093,6,,2019-01-22,2,945,1,1,0,2,1,2,504,0,0,0,400,2,1,1,1,1,1,1,1,3,3,0,5,2,10,6.0,5,13.0,07,3.0,0.0,1.0,0.0,1.0,5.0,0,2.0,1.0,1.0,"-807825,58","-991645,238","-807825,58","-991645,238","-807818,943","-991641,391",Chomutov,éiûkovon·mÏstÌ,,mÌstnÌkomunikace,,151370.0,,Souhlasn˝sesmÏrem˙seku,Pomal˝,562971.0,145360.0,GN_V0.1UIR-ADR_410,1
40306190094,1,7.0,2019-01-22,2,1220,3,0,4,2,1,2,205,0,0,0,400,2,3,1,5,3,1,1,1,3,3,0,4,1,22,1.0,3,39.0,07,1.0,1.0,1.0,0.0,1.0,12.0,400,2.0,1.0,1.0,"-808512,326","-991195,491","-808512,326","-991195,491","-808515,242","-991193,45",Chomutov,LIPSK¡,,silnice1.t¯Ìdy,7,1689823.0,,Souhlasn˝sesmÏrem˙seku,Pomal˝,562971.0,,GN_V0.1UIR-ADR_410,1
40306190095,1,13.0,2019-01-10,4,1815,5,0,0,2,4,0,100,0,0,0,200,2,3,1,1,6,1,1,1,0,0,0,1,1,0,,3,39.0,10,1.0,0.0,1.0,0.0,1.0,3.0,200,3.0,1.0,1.0,,,"-812223,019","-992404,766","-812221,687","-992409,334",,,,silnice1.t¯Ìdy,13,2666134.0,,Souhlasn˝sesmÏrem˙seku,Pomal˝,563021.0,,GN_V0.1UIR-ADR_410,2
40306190096,2,219.0,2019-01-22,2,2010,3,0,9,2,1,2,204,0,0,0,950,2,5,1,6,4,1,1,1,3,3,0,5,1,19,2.0,3,60.0,18,1.0,1.0,1.0,0.0,1.0,13.0,900,2.0,1.0,1.0,"-839088,614","-993255,42","-839094,347","-993228,969","-839098,202","-993228,084",,,,silnice2.t¯Ìdy,219,3555672.0,,OpaËn˝kesmÏru˙seku,Pomal˝,546518.0,,GN_V0.1UIR-ADR_410,2
40306190097,6,,2019-01-23,3,815,4,0,0,1,3,2,100,0,0,1,0,2,6,1,6,3,1,1,1,0,0,0,1,1,0,,3,2.0,11,1.0,1.0,1.0,0.0,1.0,5.0,0,2.0,1.0,1.0,"-834382,124","-984328,888","-834382,124","-984328,888","-834383,997","-984328,037",Vejprty,Nerudova,,mÌstnÌkomunikace,,788529.0,,Souhlasn˝sesmÏrem˙seku,Pomal˝,563404.0,149110.0,GN_V0.1UIR-ADR_410,1
40306190098,3,22322.0,2019-01-23,3,1200,1,2,0,2,1,2,501,0,0,0,30,2,6,1,6,1,1,1,1,0,0,0,3,2,0,,5,7.0,18,3.0,0.0,1.0,0.0,1.0,3.0,10,2.0,1.0,1.0,"-817600,314","-992002,455","-817600,314","-992002,455","-817600,676","-991983,957",,,,silnice3.t¯Ìdy,22322,2241547.0,,OpaËn˝kesmÏru˙seku,Pomal˝,,,GN_V0.1UIR-ADR_410,2
40306190099,6,,2019-01-22,2,2560,2,0,0,2,1,0,504,0,0,0,100,2,6,1,6,1,1,1,1,0,0,10,1,2,0,,17,,XX,,,,,,,0,,,,"-805966,581","-989116,633","-805966,581","-989116,633","-805966,056","-989116,729",Chomutov,ZAHRADNÌ,,mÌstnÌkomunikace,,2667672.0,,OpaËn˝kesmÏru˙seku,Pomal˝,562971.0,,GN_V0.1UIR-ADR_410,1
40306190100,2,223.0,2019-01-24,4,1220,3,0,9,2,1,2,409,0,0,0,500,2,6,1,6,3,1,1,1,0,0,8,1,2,0,,5,46.0,07,1.0,0.0,1.0,0.0,1.0,3.0,0,3.0,1.0,1.0,"-819501,201","-988908,133","-819512,484","-988892,552","-819512,516","-988892,468",,,,silnice2.t¯Ìdy,223,1031494.0,,OpaËn˝kesmÏru˙seku,Pomal˝,563498.0,,GN_V0.1UIR-ADR_410,2
40306190101,2,224.0,2019-01-24,4,1555,9,0,0,2,1,2,204,0,0,0,300,2,3,1,6,3,1,1,1,0,0,8,3,1,0,,3,6.0,05,1.0,1.0,1.0,0.0,1.0,3.0,300,2.0,1.0,1.0,"-818101,298","-1001524,586","-818118,568","-1001530,65","-818118,513","-1001530,961",,,,silnice2.t¯Ìdy,224,1036521.0,,OpaËn˝kesmÏru˙seku,Pomal˝,563331.0,,GN_V0.1UIR-ADR_410,2
40306190102,6,,2019-01-25,5,459,7,3,0,2,1,2,401,0,0,0,1700,2,3,1,6,5,1,1,1,2,0,4,4,2,10,6.0,3,39.0,09,1.0,0.0,1.0,0.0,1.0,5.0,1200,2.0,1.0,1.0,"-805542,789","-989301,544","-805519,686","-989286,5","-805520,085","-989286,756",Otvice,ObchodnÌzÛna,,mÌstnÌkomunikace,,1382880.0,,OpaËn˝kesmÏru˙seku,Pomal˝,563277.0,667650.0,GN_V0.1UIR-ADR_410,1
40306190103,2,568.0,2019-01-25,5,850,1,2,0,2,1,2,310,0,0,0,700,2,1,1,1,1,1,1,1,0,0,0,1,2,0,,5,47.0,16,3.0,0.0,1.0,0.0,1.0,1.0,200,2.0,1.0,1.0,"-812371,921","-1001135,291","-812370,309","-1001125,083","-812370,079","-1001124,497",,,,silnice2.t¯Ìdy,568,2241429.0,,Souhlasn˝sesmÏrem˙seku,Pomal˝,563013.0,,GN_V0.1UIR-ADR_410,2
40306190104,1,13.0,2019-01-25,5,1030,1,1,0,1,1,2,501,1,2,2,2500,2,3,1,1,1,1,1,1,0,0,0,1,3,0,,3,39.0,05,1.0,0.0,1.0,1.0,1.0,1.0,500,2.0,1.0,1.0,"-814161,418","-992289,81","-814157,657","-992277,989","-814157,57","-992277,697",,,,silnice1.t¯Ìdy,13,1491061.0,,Souhlasn˝sesmÏrem˙seku,Pomal˝,563200.0,,GN_V0.1UIR-ADR_410,2
40306190105,3,2524.0,2019-01-25,5,1500,2,0,0,2,1,2,502,0,0,0,10,2,1,1,1,1,1,1,1,0,0,0,1,2,0,,3,35.0,18,1.0,0.0,1.0,0.0,1.0,1.0,0,2.0,1.0,1.0,"-807033,148","-988788,144","-807032,61","-988795,666","-807031,698","-988794,972",Chomutov,,,silnice3.t¯Ìdy,2524,739438.0,,Souhlasn˝sesmÏrem˙seku,Pomal˝,562971.0,,GN_V0.1UIR-ADR_410,1
40306190106,6,,2019-01-25,5,1660,2,0,0,2,1,0,504,0,0,0,150,2,6,1,1,4,1,1,1,0,0,0,3,2,0,,17,,XX,,,,,,,0,,,,"-807285,288","-987975,482","-807285,288","-987975,482","-807285,142","-987975,637",BÿEZENEC,,,mÌstnÌkomunikace,,738550.0,,OpaËn˝kesmÏru˙seku,Pomal˝,563099.0,,GN_V0.1UIR-ADR_410,1
40306190107,6,,2019-01-25,5,1850,1,1,0,2,1,2,501,0,0,0,250,2,1,1,1,4,1,1,1,3,5,10,5,2,10,7.0,3,39.0,11,1.0,0.0,1.0,0.0,1.0,5.0,150,2.0,1.0,1.0,"-809410,368","-991808,71","-809410,368","-991808,71","-809407,817","-991809,188",Chomutov,»ERNOVICK¡,,mÌstnÌkomunikace,,1427404.0,,OpaËn˝kesmÏru˙seku,Pomal˝,562971.0,,GN_V0.1UIR-ADR_410,1
40306190108,3,1981.0,2019-01-26,6,535,3,0,2,2,1,2,204,0,0,0,1600,2,6,1,5,5,1,1,1,0,0,0,1,1,0,,3,13.0,10,1.0,1.0,1.0,0.0,1.0,3.0,1500,3.0,1.0,1.0,"-818603,63","-996909,287","-818591,81","-996929,704","-818590,521","-996930,092",PRUN…ÿOV,Chomutovsk·,,silnice3.t¯Ìdy,1981,3328367.0,,Souhlasn˝sesmÏrem˙seku,Pomal˝,563102.0,146340.0,GN_V0.1UIR-ADR_410,1
40306190109,3,25114.0,2019-01-26,6,1035,3,0,9,2,1,2,204,0,0,0,420,2,3,1,5,3,1,1,1,3,3,0,5,1,19,6.0,3,38.0,99,9.0,1.0,1.0,0.0,1.0,13.0,400,2.0,1.0,1.0,"-813472,502","-988477,793","-813459,607","-988474,032","-813459,66","-988473,039",,,,silnice3.t¯Ìdy,25114,3084709.0,,Souhlasn˝sesmÏrem˙seku,Pomal˝,563161.0,,GN_V0.1UIR-ADR_410,2
40306190110,6,,2019-01-26,6,1045,1,2,0,2,1,2,502,0,0,0,600,2,6,1,5,3,1,1,1,0,0,0,2,2,0,,3,2.0,05,3.0,0.0,1.0,0.0,1.0,5.0,100,3.0,1.0,1.0,"-804664,757","-979662,76","-804664,757","-979662,76","-804659,17","-979661,191",,,,mÌstnÌkomunikace,,2240837.0,,Souhlasn˝sesmÏrem˙seku,Pomal˝,563005.0,,GN_V0.1UIR-ADR_410,2
40306190111,6,,2019-01-26,6,1120,2,0,0,2,5,0,100,0,0,0,60,2,6,1,4,3,1,1,1,0,0,0,1,2,0,,3,13.0,96,1.0,0.0,1.0,0.0,1.0,5.0,10,9.0,,,"-807384,616","-989782,786","-807384,616","-989782,786","-807382,598","-989786,961",Chomutov,D¯Ìnovsk·,,mÌstnÌkomunikace,,1584416.0,,OpaËn˝kesmÏru˙seku,Pomal˝,562971.0,144495.0,GN_V0.1UIR-ADR_410,1
40306190112,6,,2019-01-26,6,1959,4,0,0,1,1,2,412,0,1,2,150,2,3,1,3,5,1,1,1,0,0,1,1,1,0,,3,39.0,07,1.0,0.0,1.0,0.0,1.0,5.0,150,2.0,1.0,1.0,"-804778,417","-987846,728","-804768,208","-987842,967","-804768,572","-987843,127",Jirkov,Aleöova,,mÌstnÌkomunikace,,829813.0,,OpaËn˝kesmÏru˙seku,Pomal˝,563099.0,145483.0,GN_V0.1UIR-ADR_410,1
40306190113,2,224.0,2019-01-26,6,1530,1,2,0,2,1,2,501,0,0,0,200,2,8,1,5,3,1,1,1,0,0,0,3,2,0,,8,19.0,14,4.0,0.0,1.0,0.0,1.0,1.0,100,4.0,1.0,1.0,"-829613,639","-985387,692","-829580,255","-985396,69","-829580,415","-985396,884",,,,silnice2.t¯Ìdy,224,2241446.0,,OpaËn˝kesmÏru˙seku,Pomal˝,563315.0,,GN_V0.1UIR-ADR_410,2
40306190114,6,,2019-01-26,6,2560,2,0,0,2,1,0,504,0,0,0,50,2,6,1,1,4,1,1,1,0,0,0,1,2,0,,17,,XX,,,,,,,0,,,,"-805859,068","-987090,949","-805859,068","-987090,949","-805865,272","-987088,329",Jirkov,Kruönohorsk·,,mÌstnÌkomunikace,,143169.0,,,Pomal˝,563099.0,145831.0,GN_V0.1UIR-ADR_410,1
40306190115,6,,2019-01-27,0,1150,2,0,0,2,1,2,502,0,0,0,400,2,8,1,1,1,1,1,1,0,0,10,1,2,0,,3,7.0,08,1.0,0.0,1.0,0.0,1.0,5.0,200,3.0,1.0,1.0,"-807898,016","-990080,97","-807898,016","-990080,97","-807903,963","-990059,955",Chomutov,B¯ezeneck·,,mÌstnÌkomunikace,,1757547.0,,Souhlasn˝sesmÏrem˙seku,Pomal˝,562971.0,143316.0,GN_V0.1UIR-ADR_410,1
40306190116,1,13.0,2019-01-27,0,1325,3,0,5,2,1,2,205,0,0,0,60,2,3,1,1,1,1,1,1,0,0,0,3,1,0,,3,17.0,16,1.0,0.0,1.0,0.0,1.0,1.0,50,2.0,1.0,1.0,"-804164,498","-988487,93","-804164,498","-988487,93","-804171,041","-988477,885",,,,silnice1.t¯Ìdy,13,738680.0,,Souhlasn˝sesmÏrem˙seku,Pomal˝,563099.0,,GN_V0.1UIR-ADR_410,2
40306190117,8,,2019-01-27,0,1730,2,0,0,2,1,0,504,0,0,0,200,2,3,1,1,4,1,1,1,0,0,10,1,2,0,,3,39.0,06,1.0,0.0,1.0,0.0,1.0,5.0,100,2.0,1.0,1.0,"-818999,645","-998666,49","-818999,645","-998666,49","-819001,923","-998671,997",KadaÚ,NaPr˘tahu,,mÌstnÌkomunikace,,2668011.0,,OpaËn˝kesmÏru˙seku,Pomal˝,563102.0,,GN_V0.1UIR-ADR_410,1
40306190118,1,13.0,2019-01-28,1,15,5,0,0,2,4,0,100,0,0,0,500,2,3,1,4,7,1,1,1,0,0,0,1,1,0,,7,40.0,18,3.0,0.0,1.0,0.0,1.0,3.0,500,3.0,1.0,1.0,"-816774,735","-992953,31","-816775,81","-992953,31","-816775,701","-992953,588",,,,silnice1.t¯Ìdy,13,2241496.0,,Souhlasn˝sesmÏrem˙seku,Pomal˝,563200.0,,GN_V0.1UIR-ADR_410,2
40306190119,6,,2019-01-28,1,727,3,0,9,2,1,2,204,0,0,0,1130,2,5,1,6,2,1,1,1,0,0,0,3,1,0,,8,99.0,18,5.0,1.0,1.0,0.0,1.0,5.0,1000,4.0,1.0,1.0,"-811842,22","-992396,049","-811842,22","-992396,049","-811841,325","-992397,058",»ernovice,,,mÌstnÌkomunikace,,152828.0,,OpaËn˝kesmÏru˙seku,Pomal˝,563021.0,,GN_V0.1UIR-ADR_410,1
40306190120,3,131.0,2019-01-28,1,840,3,0,3,2,1,2,204,0,0,0,70,2,6,1,6,1,1,1,6,3,3,0,5,1,19,7.0,3,39.0,00,1.0,1.0,1.0,0.0,1.0,31.0,50,2.0,1.0,1.0,"-808749,633","-991293,947","-808749,633","-991293,947","-808755,323","-991286,858",Chomutov,KadaÚsk·,,silnice3.t¯Ìdy,0131,1584257.0,,OpaËn˝kesmÏru˙seku,Pomal˝,562971.0,143804.0,GN_V0.1UIR-ADR_410,1
40306190121,6,,2019-01-28,1,1000,2,0,0,2,1,2,502,0,0,0,170,2,3,1,1,1,1,1,1,0,0,10,1,2,0,,5,12.0,02,1.0,0.0,1.0,0.0,1.0,5.0,20,2.0,1.0,1.0,"-807337,54","-991554,869","-807337,54","-991554,869","-807338,812","-991557,064",Chomutov,KarlaBuriana,,mÌstnÌkomunikace,,151217.0,,Souhlasn˝sesmÏrem˙seku,Pomal˝,562971.0,143839.0,GN_V0.1UIR-ADR_410,1
40306190122,8,,2019-01-26,6,1345,3,0,6,2,1,2,502,0,0,0,150,2,6,1,5,3,1,1,1,0,0,9,1,1,0,,7,35.0,14,9.0,0.0,1.0,0.0,1.0,5.0,0,3.0,1.0,1.0,,,"-819207,456","-983071,067","-819207,502","-983071,088",,,,silnice1.t¯Ìdy,7,740331.0,,OpaËn˝kesmÏru˙seku,Pomal˝,563064.0,,GN_V0.1UIR-ADR_410,2
40306190123,3,131.0,2019-01-28,1,1130,1,1,0,2,1,2,504,0,0,0,200,2,3,1,1,1,1,1,1,3,3,0,4,2,19,6.0,5,32.0,17,3.0,0.0,1.0,0.0,1.0,32.0,100,2.0,1.0,1.0,"-808813,182","-991373,062","-808848,106","-991363,391","-808848,296","-991363,162",Chomutov,KadaÚsk·,,silnice3.t¯Ìdy,0131,2670271.0,,OpaËn˝kesmÏru˙seku,Pomal˝,562971.0,143804.0,GN_V0.1UIR-ADR_410,1
40306190124,6,,2019-01-28,1,1640,2,0,0,2,1,2,504,0,0,0,150,2,3,1,1,1,1,1,1,0,5,10,1,3,0,,3,39.0,16,1.0,0.0,1.0,0.0,1.0,5.0,0,2.0,1.0,1.0,"-807668,85","-991537,249","-807668,85","-991537,249","-807660,223","-991520,799",Chomutov,M·nesova,,mÌstnÌkomunikace,,2670191.0,,OpaËn˝kesmÏru˙seku,Pomal˝,562971.0,144215.0,GN_V0.1UIR-ADR_410,1
40306190125,6,,2019-01-28,1,810,3,0,9,2,1,2,204,0,0,0,450,2,6,1,6,1,1,1,1,3,3,1,4,1,10,6.0,3,7.0,14,1.0,1.0,1.0,0.0,1.0,5.0,400,2.0,1.0,1.0,,,"-806074,765","-989337,461","-806074,788","-989337,406",Chomutov,PÌseËn·,,mÌstnÌkomunikace,,2665941.0,,Souhlasn˝sesmÏrem˙seku,Pomal˝,562971.0,144487.0,GN_V0.1UIR-ADR_410,1
40306190126,3,25114.0,2019-01-29,2,850,9,0,0,2,1,2,205,0,0,0,400,2,3,1,1,1,1,1,1,0,0,0,2,1,0,,3,21.0,03,2.0,1.0,1.0,0.0,1.0,1.0,400,2.0,1.0,1.0,"-811616,744","-988543,516","-811616,744","-988543,516","-811616,143","-988530,426",KR¡SN¡LÕPA,,,silnice3.t¯Ìdy,25114,3278925.0,,Souhlasn˝sesmÏrem˙seku,Pomal˝,563161.0,,GN_V0.1UIR-ADR_410,1
40306190128,6,,2019-01-24,4,2560,2,0,0,2,1,0,502,0,0,0,100,2,1,1,1,1,1,1,1,0,0,10,1,2,0,,17,,XX,,,,,,,0,,,,"-807357,632","-989699,813","-807357,632","-989699,813","-807350,593","-989697,367",Chomutov,D¯Ìnovsk·,,mÌstnÌkomunikace,,2689722.0,,OpaËn˝kesmÏru˙seku,Pomal˝,562971.0,144495.0,GN_V0.1UIR-ADR_410,1
40306190129,6,,2019-01-30,3,1930,1,3,0,1,1,2,403,0,0,2,810,2,1,1,1,4,1,1,1,3,3,2,5,3,10,6.0,3,32.0,97,1.0,0.0,1.0,0.0,1.0,5.0,300,2.0,1.0,1.0,"-804919,117","-987486,853","-804918,579","-987479,331","-804918,777","-987479,46",Jirkov,»ervenohr·deck·,,mÌstnÌkomunikace,,143696.0,,OpaËn˝kesmÏru˙seku,Pomal˝,563099.0,145548.0,GN_V0.1UIR-ADR_410,1
40306190130,6,,2019-01-31,4,1240,2,0,0,2,1,2,502,0,0,0,90,1,1,1,1,1,1,0,1,0,0,0,1,2,0,,5,62.0,03,3.0,0.0,1.0,0.0,1.0,5.0,10,3.0,1.0,1.0,"-807544,199","-991779,824","-807544,199","-991779,824","-807554,304","-991798,168",Chomutov,Rusk·,,mÌstnÌkomunikace,,151662.0,,Souhlasn˝sesmÏrem˙seku,Pomal˝,562971.0,144746.0,GN_V0.1UIR-ADR_410,1
40306190131,3,732.0,2019-01-31,4,2130,3,0,9,2,1,2,204,0,0,0,200,2,3,2,6,5,1,2,1,0,0,8,2,1,0,,3,39.0,05,1.0,1.0,1.0,0.0,1.0,3.0,100,2.0,1.0,1.0,"-807426,52","-991226,029","-807409,865","-991231,939","-807408,876","-991232,306",Chomutov,Mosteck·,,silnice3.t¯Ìdy,00732,3261856.0,,OpaËn˝kesmÏru˙seku,Pomal˝,562971.0,144258.0,GN_V0.1UIR-ADR_410,1
40312190086,3,25118.0,2019-01-18,5,805,3,0,9,2,1,2,204,0,0,0,600,2,5,1,1,1,1,1,1,3,3,2,4,1,19,6.0,3,35.0,09,1.0,1.0,1.0,0.0,1.0,41.0,400,2.0,1.0,1.0,,,"-804692,342","-987935,794","-804692,203","-987935,596",Jirkov,ZajeËick·,,silnice3.t¯Ìdy,25118,144450.0,,Souhlasn˝sesmÏrem˙seku,Pomal˝,563099.0,146234.0,GN_V0.1UIR-ADR_410,1
40313190127,2,224.0,2019-01-29,2,1022,9,0,0,2,1,2,204,0,0,0,500,2,3,1,1,1,1,1,1,0,0,0,3,1,0,,3,27.0,00,1.0,1.0,1.0,1.0,1.0,1.0,500,2.0,1.0,1.0,,,"-818108,88","-1001531,397","-818108,758","-1001530,314",,,,silnice2.t¯Ìdy,224,1036783.0,,OpaËn˝kesmÏru˙seku,Pomal˝,563331.0,,GN_V0.1UIR-ADR_410,2
40606190001,3,2474.0,2019-01-01,2,230,2,0,0,2,1,3,508,0,0,0,450,2,1,1,1,4,1,1,3,3,3,0,4,2,19,6.0,3,39.0,10,1.0,0.0,1.0,0.0,1.0,23.0,150,2.0,4.0,1.0,,,"-755921,67","-995164,551","-755919,774","-995164,607",BohuöovicenadOh¯Ì,Masarykova,,silnice3.t¯Ìdy,2474,2542719.0,,Souhlasn˝sesmÏrem˙seku,Pomal˝,564591.0,262269.0,GN_V0.1UIR-ADR_410,1
40606190002,1,15.0,2019-01-01,2,1900,1,1,0,1,1,2,204,0,0,2,500,2,3,1,1,6,1,1,1,3,3,0,7,2,19,2.0,3,12.0,00,1.0,1.0,1.0,0.0,1.0,41.0,200,2.0,1.0,1.0,,,"-759220,746","-993268,972","-759220,776","-993269,27",,,,silnice1.t¯Ìdy,15,1586008.0,,OpaËn˝kesmÏru˙seku,Pomal˝,565229.0,,GN_V0.1UIR-ADR_410,2
40606190003,3,2611.0,2019-01-02,3,840,3,0,9,2,1,2,204,0,0,0,500,2,5,1,6,1,1,1,1,0,0,0,3,1,0,,3,13.0,07,1.0,1.0,1.0,0.0,1.0,1.0,400,2.0,1.0,1.0,,,"-756494,443","-989095,219","-756494,1","-989095,86",LitomÏ¯ice,Pokratick·,,silnice3.t¯Ìdy,2611,3085493.0,,Souhlasn˝sesmÏrem˙seku,Pomal˝,564567.0,266060.0,GN_V0.1UIR-ADR_410,1
40606190004,2,608.0,2019-01-02,3,735,5,0,0,2,4,0,100,0,0,0,300,2,3,1,1,6,1,1,1,0,0,0,1,1,0,,3,17.0,03,1.0,0.0,1.0,0.0,1.0,1.0,300,2.0,1.0,1.0,,,"-753589,004","-995289,852","-753585,923","-995290,545",TravËice,,,silnice2.t¯Ìdy,608,1034149.0,,OpaËn˝kesmÏru˙seku,Pomal˝,565741.0,,GN_V0.1UIR-ADR_410,1
40606190005,1,15.0,2019-01-02,3,1500,1,2,0,2,1,2,204,0,0,0,1120,2,6,1,7,1,1,1,1,0,0,0,2,2,0,,3,29.0,15,1.0,1.0,1.0,0.0,1.0,3.0,700,2.0,1.0,1.0,,,"-752136,83","-990285,907","-752136,497","-990287,709",,,,silnice1.t¯Ìdy,15,2677114.0,,OpaËn˝kesmÏru˙seku,Pomal˝,542407.0,,GN_V0.1UIR-ADR_410,2
40606190006,3,2585.0,2019-01-02,3,1400,3,0,1,2,1,2,204,0,0,0,400,2,6,1,1,1,1,1,1,0,0,0,2,1,0,,3,38.0,02,1.0,0.0,1.0,0.0,1.0,1.0,400,2.0,1.0,1.0,,,"-774605,885","-992634,47","-774608,665","-992639,402",D¯evce,,,silnice3.t¯Ìdy,2585,1431600.0,,OpaËn˝kesmÏru˙seku,Pomal˝,565776.0,,GN_V0.1UIR-ADR_410,1
40606190007,3,24721.0,2019-01-02,3,1823,5,0,0,2,4,0,100,0,0,0,200,2,5,1,5,6,1,1,1,0,0,0,1,1,0,,3,31.0,16,3.0,0.0,1.0,0.0,1.0,3.0,200,4.0,1.0,1.0,,,"-758430,211","-985993,969","-758433,359","-985999,095",,,,silnice3.t¯Ìdy,24721,2250070.0,,OpaËn˝kesmÏru˙seku,Pomal˝,,,GN_V0.1UIR-ADR_410,2
40606190008,2,247.0,2019-01-03,4,745,5,0,0,2,4,0,100,0,0,0,100,2,1,1,1,2,1,1,1,0,0,0,1,1,0,,3,39.0,18,1.0,0.0,1.0,0.0,1.0,1.0,100,2.0,1.0,1.0,,,"-760658,28","-999577,83","-760653,232","-999578,454",,,,silnice2.t¯Ìdy,247,3110686.0,,Souhlasn˝sesmÏrem˙seku,Pomal˝,564940.0,,GN_V0.1UIR-ADR_410,2
40606190009,3,24623.0,2019-01-03,4,1132,2,0,0,2,1,2,204,0,0,0,210,2,6,1,5,3,1,1,1,0,0,0,3,2,0,,3,39.0,92,1.0,1.0,1.0,0.0,1.0,1.0,50,3.0,1.0,1.0,,,"-746478,997","-1010038,065","-746478,607","-1010038,101",CtinÏves,,,silnice3.t¯Ìdy,24623,1038900.0,,OpaËn˝kesmÏru˙seku,Pomal˝,564672.0,,GN_V0.1UIR-ADR_410,1