IDENTIFIKA»NÕ »ÕSLO,DRUH POZEMNÕ KOMUNIKACE,»ÕSLO POZEMNÕ KOMUNIKACE,"den, mÏsÌc, rok",,Ëas ,DRUH NEHODY,DRUH SR¡éKY JEDOUCÕCH VOZIDEL,DRUH PEVN… PÿEK¡éKY,CHARAKTER NEHODY,ZAVINÃNÕ NEHODY,ALKOHOL U VINÕKA NEHODY PÿÕTOMEN,HLAVNÕ PÿÕ»INY NEHODY,usmrceno osob,tÏûce zranÏno osob,lehce zranÏno osob,CELKOV¡ HMOTN¡ äKODA,DRUH POVRCHU VOZOVKY,STAV POVRCHU VOZOVKY V DOBÃ NEHODY,STAV KOMUNIKACE,POVÃTRNOSTNÕ PODMÕNKY V DOBÃ NEHODY,VIDITELNOST,ROZHLEDOV… POMÃRY,DÃLENÕ KOMUNIKACE,SITUOV¡NÕ NEHODY NA KOMUNIKACI,ÿÕZENÕ PROVOZU V DOBÃ NEHODY,MÕSTNÕ ⁄PRAVA PÿEDNOSTI V JÕZDÃ,SPECIFICK¡ MÕSTA A OBJEKTY V MÕSTÃ NEHODY,SMÃROV… POMÃRY,PO»ET Z⁄»ASTNÃN›CH VOZIDEL,MÕSTO DOPRAVNÕ NEHODY,DRUH KÿIéUJÕCÕ KOMUNIKACE,DRUH VOZIDLA,V›ROBNÕ ZNA»KA MOTOROV…HO VOZIDLA,ROK V›ROBY VOZIDLA,CHARAKTERISTIKA VOZIDLA ,SMYK,VOZIDLO PO NEHODÃ,"⁄NIK PROVOZNÕCH, PÿEPRAVOVAN›CH HMOT",ZPŸSOB VYPROäTÃNÕ OSOB Z VOZIDLA,SMÃR JÕZDY NEBO POSTAVENÕ VOZIDLA,äKODA NA VOZIDLE,KATEGORIE ÿIDI»E,STAV ÿIDI»E,VNÃJäÕ OVLIVNÃNÕ ÿIDI»E,nan.1,nan.2,nan.3,nan.4,nan.5,nan.6,nan.7,nan.8,nan.9,nan.10,nan.11,nan.12,nan.13,nan.14,nan.15,nan.16,nan.17,nan.18,LOKALITA NEHODY
40606190010,2,240.0,2019-01-04,5,550,9,0,0,2,1,2,204,0,0,0,300,2,5,1,1,6,1,1,1,0,0,0,1,1,0,,3,17.0,99,1.0,1.0,1.0,0.0,1.0,1.0,300,2.0,1.0,1.0,,,"-752858,244","-1010182,842","-752857,77","-1010183,069",,,,silnice2.t¯Ìdy,240,1039032.0,,Souhlasn˝sesmÏrem˙seku,Pomal˝,565491.0,,GN_V0.1UIR-ADR_410,2
40606190011,1,30.0,2019-01-01,2,640,0,0,0,2,1,0,516,0,0,0,50,2,1,1,1,6,1,1,1,0,0,0,1,2,0,,17,,XX,,,,,,,0,,,,,,"-762661,336","-984429,308","-762663,05","-984429,771",,,,silnice1.t¯Ìdy,30,3069538.0,,Souhlasn˝sesmÏrem˙seku,Pomal˝,565458.0,,GN_V0.1UIR-ADR_410,2
40606190012,6,,2019-01-04,5,1145,2,0,0,2,1,2,508,0,0,0,120,2,3,1,1,1,1,1,1,0,0,0,1,2,0,,3,32.0,02,1.0,0.0,1.0,0.0,1.0,5.0,20,2.0,1.0,1.0,,,"-756815,92","-989722,488","-756815,543","-989722,696",LitomÏ¯ice,,,mÌstnÌkomunikace,,147448.0,,OpaËn˝kesmÏru˙seku,Pomal˝,564567.0,,GN_V0.1UIR-ADR_410,1
40606190013,6,,2019-01-03,4,2560,2,0,0,2,1,0,508,0,0,0,50,2,3,1,1,4,1,1,1,0,0,0,1,2,0,,17,,XX,,,,,,,0,,,,,,"-740551,235","-1002351,124","-740551,277","-1002351,142",ätÏtÌ,NovÈn·mÏstÌ,,mÌstnÌkomunikace,,1758005.0,,OpaËn˝kesmÏru˙seku,Pomal˝,565709.0,269158.0,GN_V0.1UIR-ADR_410,1
40606190014,2,118.0,2019-01-04,5,1720,5,0,0,2,4,0,100,0,0,0,320,2,3,1,1,6,1,1,1,0,0,0,1,1,0,,3,7.0,15,1.0,0.0,1.0,0.0,1.0,3.0,300,2.0,1.0,1.0,,,"-756826,829","-1004319,64","-756830,03","-1004317,322",,,,silnice2.t¯Ìdy,118,177006.0,,OpaËn˝kesmÏru˙seku,Pomal˝,564656.0,,GN_V0.1UIR-ADR_410,2
40606190015,6,,2019-01-04,5,1260,3,0,9,2,1,0,204,0,0,0,60,2,6,6,1,1,1,1,1,3,3,0,3,1,0,,3,13.0,99,1.0,1.0,1.0,0.0,1.0,5.0,50,9.0,,,,,"-753906,571","-989449,395","-753906,986","-989449,758",,,,mÌstnÌkomunikace,,2250775.0,,OpaËn˝kesmÏru˙seku,Pomal˝,565962.0,,GN_V0.1UIR-ADR_410,2
40606190016,3,25847.0,2019-01-05,6,1155,1,2,0,2,1,2,508,0,0,0,500,2,3,1,1,1,2,1,1,0,0,0,3,2,0,,8,78.0,14,4.0,0.0,1.0,0.0,1.0,3.0,200,4.0,1.0,1.0,,,"-754307,492","-989051,487","-754306,276","-989056,169",éitenice,LitomÏ¯ick·,,silnice3.t¯Ìdy,25847,146126.0,,Souhlasn˝sesmÏrem˙seku,Pomal˝,565962.0,270148.0,GN_V0.1UIR-ADR_410,1
40606190017,6,,2019-01-04,5,2560,2,0,0,2,1,0,508,0,0,0,200,2,3,1,1,1,1,1,1,0,0,10,1,2,0,,17,,XX,,,,,,,0,,,,,,"-757011,844","-990733,011","-757010,67","-990733,475",LitomÏ¯ice,DruûstevnÌ,,mÌstnÌkomunikace,,736068.0,,Souhlasn˝sesmÏrem˙seku,Pomal˝,564567.0,264695.0,GN_V0.1UIR-ADR_410,1
40606190018,1,15.0,2019-01-06,0,215,3,0,9,2,1,2,205,0,0,0,250,2,3,1,1,6,1,1,1,3,3,0,7,1,19,6.0,3,13.0,08,1.0,0.0,1.0,0.0,1.0,13.0,200,3.0,1.0,1.0,,,"-759958,984","-993190,105","-759958,878","-993189,13",,,,silnice1.t¯Ìdy,15,1871566.0,,OpaËn˝kesmÏru˙seku,Pomal˝,,,GN_V0.1UIR-ADR_410,2
40606190019,6,,2019-01-06,0,1730,2,0,0,2,1,8,508,0,0,0,150,2,3,1,1,4,1,1,1,0,0,0,1,2,0,,5,13.0,08,3.0,0.0,1.0,0.0,1.0,5.0,50,2.0,5.0,1.0,,,"-767381,571","-995724,781","-767381,863","-995725,339",T¯ebenice,HavlÌËkovon·m.,,mÌstnÌkomunikace,,159380.0,,OpaËn˝kesmÏru˙seku,Pomal˝,565768.0,269506.0,GN_V0.1UIR-ADR_410,1
40606190020,1,15.0,2019-01-06,0,1950,0,0,0,2,1,2,508,0,0,0,200,2,3,1,3,5,1,1,1,0,0,0,1,1,0,,3,4.0,09,1.0,0.0,1.0,0.0,1.0,3.0,200,3.0,1.0,1.0,,,"-760671,721","-993107,581","-760671,984","-993109,933",Lovosice,TerezÌnsk·,,silnice1.t¯Ìdy,15,1758085.0,,OpaËn˝kesmÏru˙seku,Pomal˝,565229.0,266906.0,GN_V0.1UIR-ADR_410,1
40606190021,6,,2019-01-07,1,40,3,0,3,2,1,2,508,0,0,0,500,2,3,1,3,5,1,1,3,0,0,0,1,1,0,,3,39.0,15,12.0,0.0,1.0,0.0,1.0,5.0,500,2.0,1.0,1.0,,,"-757025,039","-989067,294","-757025,328","-989068,337",LitomÏ¯ice,MeruÚkov·,,mÌstnÌkomunikace,,736053.0,,OpaËn˝kesmÏru˙seku,Pomal˝,564567.0,687154.0,GN_V0.1UIR-ADR_410,1
40606190022,2,261.0,2019-01-07,1,725,1,4,0,2,1,2,508,0,0,0,500,2,3,1,1,2,1,1,1,0,0,0,3,2,0,,3,60.0,09,1.0,0.0,1.0,0.0,1.0,3.0,300,2.0,1.0,1.0,,,"-737818,34","-1005666,138","-737821,957","-1005667,719",,,,silnice2.t¯Ìdy,261,1871613.0,,OpaËn˝kesmÏru˙seku,Pomal˝,565709.0,,GN_V0.1UIR-ADR_410,2
40606190023,6,,2019-01-07,1,855,2,0,0,2,1,2,508,0,0,0,200,2,3,1,4,3,1,1,8,0,0,0,1,2,0,,8,26.0,13,4.0,0.0,1.0,0.0,1.0,5.0,100,4.0,1.0,1.0,,,"-762311,698","-992983,24","-762311,637","-992982,863",Lovosice,Svatopluka»echa,,mÌstnÌkomunikace,,1490833.0,,OpaËn˝kesmÏru˙seku,Pomal˝,565229.0,266981.0,GN_V0.1UIR-ADR_410,1
40606190024,6,,2019-01-06,0,2560,2,0,0,2,1,0,508,0,0,0,300,2,3,1,4,6,1,1,8,0,0,0,1,2,0,,17,,XX,,,,,,,0,,,,,,"-750302,843","-993214,858","-750302,327","-993215,518",,,,mÌstnÌkomunikace,,2280885.0,,,Pomal˝,565083.0,,GN_V0.1UIR-ADR_410,2
40606190025,6,,2019-01-07,1,1410,3,0,9,2,1,2,508,0,0,0,130,2,3,1,4,3,1,1,8,0,0,0,1,1,0,,3,31.0,07,1.0,0.0,1.0,0.0,1.0,5.0,100,2.0,1.0,1.0,,,"-756046,967","-991848,36","-756046,773","-991850,481",LitomÏ¯ice,,,mÌstnÌkomunikace,,1489647.0,,Souhlasn˝sesmÏrem˙seku,Pomal˝,564567.0,,GN_V0.1UIR-ADR_410,1
40606190026,6,,2019-01-07,1,1460,2,0,0,2,1,0,504,0,0,0,10,2,3,1,3,1,1,1,1,0,0,0,1,2,0,,17,,XX,,,,,,,0,,,,,,"-761890,464","-992585,916","-761890,755","-992586,468",Lovosice,TerezÌnsk·,,mÌstnÌkomunikace,,1490866.0,,Souhlasn˝sesmÏrem˙seku,Pomal˝,565229.0,266906.0,GN_V0.1UIR-ADR_410,1
40606190027,6,,2019-01-07,1,1535,3,0,9,2,1,0,508,0,0,0,200,2,3,1,1,1,1,0,1,0,0,0,1,1,0,,5,40.0,05,9.0,0.0,1.0,0.0,1.0,5.0,0,9.0,,,,,"-756167,137","-992722,1","-756166,204","-992722,113",,éeletick·,,mÌstnÌkomunikace,,2542135.0,,,Pomal˝,564567.0,266019.0,GN_V0.1UIR-ADR_410,2
40606190028,6,,2019-01-07,1,2560,2,0,0,2,1,0,508,0,0,0,200,2,3,1,1,1,1,1,1,0,0,0,1,3,0,,17,,XX,,,,,,,0,,,,,,"-740460,99","-1002059,606","-740461,209","-1002059,701",ätÏtÌ,9.kvÏtna,,mÌstnÌkomunikace,,169624.0,,OpaËn˝kesmÏru˙seku,Pomal˝,565709.0,268780.0,GN_V0.1UIR-ADR_410,1
40606190029,6,,2019-01-09,3,40,2,0,0,2,1,2,508,0,0,0,350,2,3,1,4,4,1,1,1,3,3,0,5,2,10,6.0,5,19.0,09,3.0,0.0,1.0,0.0,1.0,5.0,50,2.0,1.0,1.0,,,"-748099,879","-1004235,845","-748099,937","-1004236,215",RoudnicenadLabem,Prokopova,,mÌstnÌkomunikace,,174386.0,,Souhlasn˝sesmÏrem˙seku,Pomal˝,565555.0,268275.0,GN_V0.1UIR-ADR_410,1
40606190030,1,15.0,2019-01-09,3,650,2,0,0,2,1,2,508,0,0,0,650,2,3,1,1,6,1,1,1,0,0,0,3,2,0,,5,47.0,11,3.0,0.0,1.0,0.0,1.0,1.0,500,3.0,1.0,1.0,,,"-763087,893","-993071,599","-763093,873","-993081,85",,,,silnice1.t¯Ìdy,15,1490950.0,,Souhlasn˝sesmÏrem˙seku,Pomal˝,,,GN_V0.1UIR-ADR_410,2
40606190031,2,261.0,2019-01-09,3,815,1,3,0,2,1,2,409,0,0,0,500,2,3,1,1,1,1,1,1,0,0,0,1,2,0,,3,47.0,09,1.0,0.0,1.0,0.0,1.0,3.0,200,2.0,1.0,1.0,,,"-755404,937","-991107,67","-755404,316","-991105,514",LitomÏ¯ice,N·draûnÌ,,silnice2.t¯Ìdy,261,1427304.0,,Souhlasn˝sesmÏrem˙seku,Pomal˝,564567.0,265292.0,GN_V0.1UIR-ADR_410,1
40606190032,3,2611.0,2019-01-09,3,917,1,2,0,2,1,0,403,0,0,0,400,2,3,1,1,1,1,1,1,3,3,1,5,2,19,6.0,17,,XX,,,,,,,0,,,,,,"-756619,302","-990405,392","-756619,309","-990405,395",LitomÏ¯ice,Masarykova,,silnice3.t¯Ìdy,2611,148893.0,,,Pomal˝,564567.0,265195.0,GN_V0.1UIR-ADR_410,1
40606190033,3,24623.0,2019-01-09,3,830,5,0,0,2,4,0,100,0,0,0,400,2,3,1,1,1,1,1,1,0,0,0,1,1,0,,3,47.0,12,1.0,0.0,1.0,0.0,1.0,3.0,400,3.0,1.0,1.0,,,"-746485,703","-1008896,32","-746492,193","-1008895,117",,,,silnice3.t¯Ìdy,24623,2250683.0,,Souhlasn˝sesmÏrem˙seku,Pomal˝,,,GN_V0.1UIR-ADR_410,2
40606190034,1,15.0,2019-01-10,4,1100,1,4,0,2,1,0,204,0,0,0,200,2,3,1,1,1,1,1,1,0,0,2,1,2,0,,17,,XX,,,,,,,0,,,,,,"-756226,731","-991787,645","-756227,043","-991787,643",LitomÏ¯ice,éeletick·,,silnice1.t¯Ìdy,15,736272.0,,OpaËn˝kesmÏru˙seku,Pomal˝,564567.0,266019.0,GN_V0.1UIR-ADR_410,1
40606190035,3,24627.0,2019-01-10,4,1712,7,3,0,2,1,2,414,0,0,0,800,2,3,1,3,6,1,1,1,3,5,3,1,2,0,,5,32.0,15,8.0,0.0,0.0,0.0,1.0,1.0,800,2.0,1.0,1.0,,,"-747963,768","-1011202,687","-747965,936","-1011206,409",,,,silnice3.t¯Ìdy,24627,1361197.0,,OpaËn˝kesmÏru˙seku,Pomal˝,564672.0,,GN_V0.1UIR-ADR_410,2
40606190036,3,2474.0,2019-01-11,5,720,5,0,0,2,4,0,100,0,0,0,100,2,1,1,1,6,1,1,1,0,0,0,1,1,0,,5,13.0,14,3.0,0.0,1.0,0.0,1.0,1.0,100,2.0,1.0,1.0,,,"-757187,673","-998966,156","-757185,402","-998966,232",,,,silnice3.t¯Ìdy,2474,1433700.0,,Souhlasn˝sesmÏrem˙seku,Pomal˝,,,GN_V0.1UIR-ADR_410,2
40606190037,6,,2019-01-11,5,925,3,0,2,2,1,2,508,0,0,0,150,1,1,1,1,1,1,1,1,0,0,0,1,1,0,,5,62.0,11,3.0,0.0,1.0,0.0,1.0,5.0,0,3.0,1.0,1.0,,,"-755543,134","-991113,576","-755543,186","-991115,234",LitomÏ¯ice,MariePomocnÈ,,mÌstnÌkomunikace,,150326.0,,OpaËn˝kesmÏru˙seku,Pomal˝,564567.0,265187.0,GN_V0.1UIR-ADR_410,1
40606190038,6,,2019-01-11,5,935,1,3,0,2,1,2,403,0,0,0,900,2,1,1,1,1,1,1,1,3,3,0,5,2,10,6.0,3,39.0,97,1.0,0.0,1.0,0.0,1.0,5.0,100,2.0,1.0,1.0,,,"-749933,137","-1004589,687","-749933,154","-1004589,69",RoudnicenadLabem,Stadick·,,mÌstnÌkomunikace,,1428511.0,,OpaËn˝kesmÏru˙seku,Pomal˝,565555.0,268372.0,GN_V0.1UIR-ADR_410,1
40606190039,3,24081.0,2019-01-11,5,915,5,0,0,2,4,0,100,0,0,0,100,2,3,1,1,1,1,1,1,0,0,0,3,1,0,,3,47.0,01,1.0,0.0,1.0,0.0,1.0,3.0,100,2.0,1.0,1.0,,,"-740051,756","-982174,266","-740042,328","-982166,077",,,,silnice3.t¯Ìdy,24081,2256069.0,,OpaËn˝kesmÏru˙seku,Pomal˝,,,GN_V0.1UIR-ADR_410,2
40606190040,6,,2019-01-11,5,1125,1,3,0,2,1,2,404,0,0,0,1000,2,1,1,1,1,1,1,1,3,5,10,4,2,10,6.0,3,39.0,13,3.0,0.0,1.0,0.0,1.0,5.0,500,3.0,1.0,1.0,,,"-756099,532","-991890,775","-756099,706","-991890,791",LitomÏ¯ice,,,mÌstnÌkomunikace,,770372.0,,OpaËn˝kesmÏru˙seku,Pomal˝,564567.0,,GN_V0.1UIR-ADR_410,1
40606190041,6,,2019-01-11,5,940,2,0,0,2,1,2,508,0,0,0,80,2,1,1,1,1,2,1,1,0,0,8,1,2,0,,5,35.0,18,3.0,0.0,1.0,0.0,1.0,5.0,0,2.0,1.0,1.0,,,"-750611,357","-1010922,461","-750611,883","-1010922,501",Straökov-Vodochody,,,mÌstnÌkomunikace,,191632.0,,Souhlasn˝sesmÏrem˙seku,Pomal˝,565679.0,,GN_V0.1UIR-ADR_410,1
40606190042,3,819.0,2019-01-11,5,1450,3,0,1,2,1,2,204,0,0,0,200,2,6,1,1,1,1,1,1,0,0,0,1,1,0,,3,32.0,00,1.0,1.0,1.0,0.0,1.0,3.0,200,2.0,1.0,1.0,,,"-765365,196","-990225,88","-765358,859","-990226,497",,,,silnice3.t¯Ìdy,00819,2250154.0,,OpaËn˝kesmÏru˙seku,Pomal˝,,,GN_V0.1UIR-ADR_410,2
40606190043,2,247.0,2019-01-11,5,1545,1,3,0,1,1,2,204,0,0,2,800,2,6,1,1,1,1,1,1,0,0,0,3,2,0,,3,29.0,97,1.0,1.0,1.0,0.0,1.0,3.0,300,2.0,1.0,1.0,,,"-761811,368","-1001585,85","-761781,663","-1001611,178",,,,silnice2.t¯Ìdy,247,3110842.0,,Souhlasn˝sesmÏrem˙seku,Pomal˝,,,GN_V0.1UIR-ADR_410,2
40606190044,3,24081.0,2019-01-11,5,1500,3,0,9,2,1,2,510,0,0,0,500,2,6,1,6,3,1,1,1,0,0,0,1,1,0,,5,32.0,18,3.0,0.0,1.0,0.0,1.0,1.0,500,2.0,1.0,1.0,,,"-742771,57","-980222,093","-742772,554","-980224,637",LoveËkovice,,,silnice3.t¯Ìdy,24081,1028990.0,,OpaËn˝kesmÏru˙seku,Pomal˝,565211.0,,GN_V0.1UIR-ADR_410,1
40606190045,3,24050.0,2019-01-12,6,1250,3,0,9,2,1,2,205,0,0,0,950,2,3,1,1,1,1,1,1,0,0,0,3,1,0,,3,16.0,04,1.0,1.0,1.0,0.0,1.0,1.0,800,3.0,1.0,1.0,,,"-741595,438","-1001701,502","-741595,298","-1001704,147",,,,silnice3.t¯Ìdy,24050,169068.0,,OpaËn˝kesmÏru˙seku,Pomal˝,,,GN_V0.1UIR-ADR_410,2
40606190046,6,,2019-01-14,1,745,4,0,0,1,1,2,508,0,0,1,0,2,3,1,7,2,1,1,6,0,0,0,1,1,0,,3,47.0,17,1.0,0.0,1.0,0.0,1.0,5.0,0,3.0,1.0,1.0,,,"-756711,3","-990461,793","-756711,211","-990461,797",LitomÏ¯ice,UKatovny,,mÌstnÌkomunikace,,736216.0,,Souhlasn˝sesmÏrem˙seku,Pomal˝,564567.0,265811.0,GN_V0.1UIR-ADR_410,1
40606190047,6,,2019-01-10,4,2560,2,0,0,2,1,0,508,0,0,0,200,2,1,1,1,1,1,1,2,0,0,10,1,2,0,,17,,XX,,,,,,,0,,,,,,"-756062,621","-990450,864","-756062,56","-990450,75",LitomÏ¯ice,SvojsÌkova,,mÌstnÌkomunikace,,831386.0,,OpaËn˝kesmÏru˙seku,Pomal˝,564567.0,265659.0,GN_V0.1UIR-ADR_410,1
40606190048,6,,2019-01-14,1,2560,2,0,0,2,1,0,508,0,0,0,50,1,1,1,1,1,1,1,2,0,0,10,1,2,0,,17,,XX,,,,,,,0,,,,,,"-755870,785","-995183,649","-755867,132","-995183,831",BohuöovicenadOh¯Ì,,,mÌstnÌkomunikace,,2542722.0,,Souhlasn˝sesmÏrem˙seku,Pomal˝,564591.0,,GN_V0.1UIR-ADR_410,1
40606190049,3,24627.0,2019-01-15,2,615,5,0,0,2,4,0,100,0,0,0,150,2,1,1,1,6,1,1,1,0,0,0,2,1,0,,3,39.0,11,1.0,0.0,0.0,0.0,1.0,1.0,150,2.0,1.0,1.0,,,"-749655,062","-1010824,02","-749648,777","-1010830,216",,,,silnice3.t¯Ìdy,24627,3110616.0,,OpaËn˝kesmÏru˙seku,Pomal˝,565881.0,,GN_V0.1UIR-ADR_410,2
40606190050,2,247.0,2019-01-16,3,705,3,0,1,1,1,2,508,0,0,1,520,2,3,1,1,6,1,1,8,0,0,0,1,1,0,,3,39.0,01,1.0,0.0,1.0,0.0,3.0,3.0,500,2.0,1.0,5.0,,,"-761184,13","-997177,177","-761201,234","-997183,712",,,,silnice2.t¯Ìdy,247,3085265.0,,Souhlasn˝sesmÏrem˙seku,Pomal˝,,,GN_V0.1UIR-ADR_410,2
40606190051,6,,2019-01-11,5,1730,2,0,0,2,1,0,508,0,0,0,200,2,1,1,1,1,1,1,1,0,0,0,1,2,0,,17,,XX,,,,,,,0,,,,,,"-756749,469","-990875,869","-756747,171","-990871,005",LitomÏ¯ice,Mari·nsk·,,mÌstnÌkomunikace,,149895.0,,Souhlasn˝sesmÏrem˙seku,Pomal˝,564567.0,265161.0,GN_V0.1UIR-ADR_410,1
40606190052,6,,2019-01-17,4,1200,1,3,0,2,1,2,508,0,0,0,280,1,3,1,1,1,1,1,1,0,0,10,1,2,0,,3,26.0,13,1.0,0.0,1.0,0.0,1.0,5.0,200,2.0,1.0,1.0,,,"-740883,3","-987475,177","-740883,33","-987475,552",⁄ötÏk,MÌrovÈn·mÏstÌ,,mÌstnÌkomunikace,,2677731.0,,OpaËn˝kesmÏru˙seku,Pomal˝,565814.0,269727.0,GN_V0.1UIR-ADR_410,1
40606190053,6,,2019-01-16,3,2560,2,0,0,2,1,0,508,0,0,0,50,1,1,1,1,1,1,1,1,0,0,0,1,2,0,,17,,XX,,,,,,,0,,,,,,"-749105,12","-1004361,975","-749105,116","-1004362,042",RoudnicenadLabem,Karlovon·mÏstÌ,,mÌstnÌkomunikace,,2381408.0,,Souhlasn˝sesmÏrem˙seku,Pomal˝,565555.0,267856.0,GN_V0.1UIR-ADR_410,1
40606190054,1,8.0,2019-01-17,4,1625,5,0,0,2,4,0,100,0,0,0,1500,2,1,1,1,1,1,2,1,0,0,0,3,1,0,,3,39.0,18,3.0,0.0,1.0,0.0,1.0,1.0,1500,2.0,1.0,1.0,,,"-767985,97","-985808,096","-767985,923","-985808,067",,,,silnice1.t¯Ìdy,8,1359811.0,,Souhlasn˝sesmÏrem˙seku,Pomal˝,565849.0,,GN_V0.1UIR-ADR_410,2
40606190055,2,261.0,2019-01-17,4,1845,5,0,0,2,4,0,100,0,0,0,150,2,1,1,1,6,1,1,1,0,0,0,2,1,0,,3,7.0,11,3.0,0.0,1.0,0.0,1.0,3.0,150,2.0,1.0,1.0,,,"-761392,263","-986487,936","-761391,977","-986491,055",,,,silnice2.t¯Ìdy,261,3085602.0,,Souhlasn˝sesmÏrem˙seku,Pomal˝,565156.0,,GN_V0.1UIR-ADR_410,2
40606190056,6,,2019-01-18,5,1110,3,0,3,2,1,2,508,0,0,0,170,2,1,1,1,1,1,1,1,0,0,0,1,1,0,,3,35.0,04,3.0,0.0,1.0,0.0,1.0,5.0,150,2.0,1.0,1.0,,,"-749092,521","-1004062,217","-749092,654","-1004062,667",RoudnicenadLabem,N·mÏstÌJanazDraûic,,mÌstnÌkomunikace,,1758301.0,,Souhlasn˝sesmÏrem˙seku,Pomal˝,565555.0,268135.0,GN_V0.1UIR-ADR_410,1
40606190057,6,,2019-01-18,5,1260,2,0,0,2,1,0,508,0,0,0,200,2,1,1,1,1,1,1,0,0,0,0,1,2,0,,17,,XX,,,,,,,0,,,,,,"-755482,297","-990798,744","-755482,139","-990798,814",LitomÏ¯ice,»eskolipsk·,,mÌstnÌkomunikace,,2250847.0,,,Pomal˝,564567.0,,GN_V0.1UIR-ADR_410,1
40606190058,6,,2019-01-18,5,1115,2,0,0,2,1,2,501,0,0,0,1000,2,1,1,1,1,1,1,1,0,0,0,1,3,0,,3,47.0,06,1.0,0.0,1.0,0.0,1.0,5.0,300,2.0,1.0,1.0,,,"-740621,036","-1002206,048","-740620,517","-1002205,736",ätÏtÌ,Kr·tk·,,mÌstnÌkomunikace,,169949.0,,Souhlasn˝sesmÏrem˙seku,Pomal˝,565709.0,268925.0,GN_V0.1UIR-ADR_410,1
40606190059,2,261.0,2019-01-18,5,1450,3,0,3,2,1,2,508,0,0,0,170,2,1,1,1,1,1,1,1,0,0,0,1,1,0,,3,25.0,00,1.0,0.0,1.0,0.0,1.0,1.0,150,3.0,1.0,1.0,,,"-750700,278","-993063,894","-750700,294","-993063,95",K¯eöice,LitomÏ¯ick·,,silnice2.t¯Ìdy,261,153876.0,,OpaËn˝kesmÏru˙seku,Pomal˝,565083.0,263699.0,GN_V0.1UIR-ADR_410,1
40606190060,2,247.0,2019-01-18,5,1540,1,4,0,2,1,2,508,0,0,0,1000,2,1,1,1,1,1,1,1,0,0,0,1,3,0,,4,47.0,01,1.0,0.0,1.0,1.0,1.0,3.0,400,2.0,1.0,1.0,,,"-759142,448","-993072,081","-759142,238","-993072,107",,,,silnice2.t¯Ìdy,247,1306680.0,,OpaËn˝kesmÏru˙seku,Pomal˝,,,GN_V0.1UIR-ADR_410,2
40606190061,6,,2019-01-18,5,1735,3,0,3,2,1,2,508,0,0,0,130,2,1,1,1,4,1,1,1,3,3,0,5,1,10,6.0,3,13.0,01,1.0,0.0,1.0,0.0,1.0,5.0,100,2.0,1.0,1.0,,,"-762824,355","-992389,391","-762824,521","-992389,826",Lovosice,,,mÌstnÌkomunikace,,1542583.0,,Souhlasn˝sesmÏrem˙seku,Pomal˝,565229.0,,GN_V0.1UIR-ADR_410,1
40606190062,2,261.0,2019-01-19,6,1310,1,2,0,2,2,0,504,0,0,0,10,2,1,1,1,1,1,1,1,3,3,0,5,2,19,3.0,17,,XX,,,,,,,0,,,,,,"-740140,133","-1003584,571","-740140,863","-1003585,022",,,,silnice2.t¯Ìdy,261,172503.0,,Souhlasn˝sesmÏrem˙seku,Pomal˝,565709.0,,GN_V0.1UIR-ADR_410,2
40606190063,6,,2019-01-19,6,1315,2,0,0,2,1,2,508,0,0,0,150,1,1,1,1,1,1,0,1,0,0,10,1,2,0,,3,39.0,16,1.0,0.0,1.0,0.0,1.0,5.0,50,2.0,1.0,1.0,,,"-755915,097","-991157,07","-755915,163","-991157,077",LitomÏ¯ice,OstrovnÌ,,mÌstnÌkomunikace,,2542581.0,,,Pomal˝,564567.0,265365.0,GN_V0.1UIR-ADR_410,1
40606190064,3,25847.0,2019-01-18,5,1815,5,0,0,2,4,0,100,0,0,0,610,2,3,1,1,6,1,1,1,0,0,0,1,1,0,,3,35.0,15,3.0,0.0,1.0,0.0,1.0,1.0,600,2.0,1.0,1.0,,,"-755102,888","-989900,72","-755103,385","-989900,232",,,,silnice3.t¯Ìdy,25847,3085510.0,,OpaËn˝kesmÏru˙seku,Pomal˝,565962.0,,GN_V0.1UIR-ADR_410,2
40606190065,2,237.0,2019-01-20,0,545,2,0,0,2,1,2,508,0,0,0,1050,2,1,1,1,4,1,1,1,0,0,0,1,2,0,,5,19.0,09,3.0,0.0,1.0,0.0,1.0,1.0,600,2.0,2.0,1.0,,,"-766815,269","-996611,525","-766817,757","-996610,843",T¯ebenice,Jir·skova,,silnice2.t¯Ìdy,237,3085460.0,,Souhlasn˝sesmÏrem˙seku,Pomal˝,565768.0,269514.0,GN_V0.1UIR-ADR_410,1
40606190066,2,246.0,2019-01-20,0,1210,3,0,1,2,1,2,205,0,0,0,8100,2,1,1,1,1,1,1,8,0,0,0,3,1,0,,3,33.0,18,3.0,0.0,1.0,0.0,1.0,1.0,8000,2.0,1.0,1.0,,,"-756210,429","-1005265,653","-756210,454","-1005264,677",,,,silnice2.t¯Ìdy,246,3111124.0,,Souhlasn˝sesmÏrem˙seku,Pomal˝,564656.0,,GN_V0.1UIR-ADR_410,2
40606190067,6,,2019-01-20,0,1620,1,4,0,2,1,2,508,0,0,0,250,2,1,1,1,1,1,1,1,0,0,0,1,2,0,,5,13.0,92,1.0,0.0,1.0,0.0,1.0,5.0,100,4.0,1.0,1.0,,,"-749140,021","-1004048,022","-749139,991","-1004047,923",RoudnicenadLabem,HavlÌËkova,,mÌstnÌkomunikace,,173700.0,,Souhlasn˝sesmÏrem˙seku,Pomal˝,565555.0,267686.0,GN_V0.1UIR-ADR_410,1
40606190068,1,15.0,2019-01-20,0,2330,5,0,0,2,4,0,100,0,0,0,210,2,1,1,1,6,1,1,1,0,0,0,1,1,0,,3,47.0,16,9.0,0.0,1.0,0.0,1.0,3.0,200,2.0,1.0,1.0,,,"-754094,091",-990659,"-754094,181","-990658,519",,,,silnice1.t¯Ìdy,15,1302141.0,,OpaËn˝kesmÏru˙seku,Pomal˝,542407.0,,GN_V0.1UIR-ADR_410,2
40606190069,6,,2019-01-21,1,760,2,0,0,2,1,0,508,0,0,0,200,2,1,1,1,1,1,1,1,0,0,0,1,2,0,,17,,XX,,,,,,,0,,,,,,"-758473,546","-1005538,145","-758473,317","-1005537,704",BudynÏnadOh¯Ì,SluneËn·,,mÌstnÌkomunikace,,1430138.0,,OpaËn˝kesmÏru˙seku,Pomal˝,564656.0,,GN_V0.1UIR-ADR_410,1