IDENTIFIKA»NÕ »ÕSLO,DRUH POZEMNÕ KOMUNIKACE,»ÕSLO POZEMNÕ KOMUNIKACE,"den, mÏsÌc, rok",,Ëas ,DRUH NEHODY,DRUH SR¡éKY JEDOUCÕCH VOZIDEL,DRUH PEVN… PÿEK¡éKY,CHARAKTER NEHODY,ZAVINÃNÕ NEHODY,ALKOHOL U VINÕKA NEHODY PÿÕTOMEN,HLAVNÕ PÿÕ»INY NEHODY,usmrceno osob,tÏûce zranÏno osob,lehce zranÏno osob,CELKOV¡ HMOTN¡ äKODA,DRUH POVRCHU VOZOVKY,STAV POVRCHU VOZOVKY V DOBÃ NEHODY,STAV KOMUNIKACE,POVÃTRNOSTNÕ PODMÕNKY V DOBÃ NEHODY,VIDITELNOST,ROZHLEDOV… POMÃRY,DÃLENÕ KOMUNIKACE,SITUOV¡NÕ NEHODY NA KOMUNIKACI,ÿÕZENÕ PROVOZU V DOBÃ NEHODY,MÕSTNÕ ⁄PRAVA PÿEDNOSTI V JÕZDÃ,SPECIFICK¡ MÕSTA A OBJEKTY V MÕSTÃ NEHODY,SMÃROV… POMÃRY,PO»ET Z⁄»ASTNÃN›CH VOZIDEL,MÕSTO DOPRAVNÕ NEHODY,DRUH KÿIéUJÕCÕ KOMUNIKACE,DRUH VOZIDLA,V›ROBNÕ ZNA»KA MOTOROV…HO VOZIDLA,ROK V›ROBY VOZIDLA,CHARAKTERISTIKA VOZIDLA ,SMYK,VOZIDLO PO NEHODÃ,"⁄NIK PROVOZNÕCH, PÿEPRAVOVAN›CH HMOT",ZPŸSOB VYPROäTÃNÕ OSOB Z VOZIDLA,SMÃR JÕZDY NEBO POSTAVENÕ VOZIDLA,äKODA NA VOZIDLE,KATEGORIE ÿIDI»E,STAV ÿIDI»E,VNÃJäÕ OVLIVNÃNÕ ÿIDI»E,nan.1,nan.2,nan.3,nan.4,nan.5,nan.6,nan.7,nan.8,nan.9,nan.10,nan.11,nan.12,nan.13,nan.14,nan.15,nan.16,nan.17,nan.18,LOKALITA NEHODY
40606190070,1,15.0,2019-01-21,1,1435,1,4,0,2,1,2,503,0,0,0,800,2,1,1,1,1,1,1,1,3,3,0,5,2,19,3.0,3,47.0,14,11.0,0.0,1.0,0.0,1.0,21.0,500,3.0,1.0,1.0,,,"-757006,752","-993385,502","-757006,702","-993386,113",,,,silnice1.t¯Ìdy,15,1302024.0,,OpaËn˝kesmÏru˙seku,Pomal˝,565717.0,,GN_V0.1UIR-ADR_410,2
40606190071,6,,2019-01-21,1,1720,2,0,0,2,1,0,508,0,0,0,250,2,1,1,1,4,1,1,1,0,0,0,1,2,0,,17,,XX,,,,,,,0,,,,,,"-742860,688","-998150,262","-742864,691","-998177,852",Hoötka,,,silnice2.t¯Ìdy,261,788188.0,,Souhlasn˝sesmÏrem˙seku,Pomal˝,564877.0,,GN_V0.1UIR-ADR_410,1
40606190072,3,24612.0,2019-01-21,1,1830,3,0,4,2,1,2,205,0,0,0,320,2,3,1,1,6,1,1,1,0,0,0,3,1,0,,3,60.0,00,1.0,1.0,1.0,0.0,1.0,3.0,300,2.0,1.0,1.0,,,"-762572,128","-1004332,643","-762571,524","-1004334,642",,,,silnice3.t¯Ìdy,24612,2250273.0,,OpaËn˝kesmÏru˙seku,Pomal˝,565521.0,,GN_V0.1UIR-ADR_410,2
40606190073,2,240.0,2019-01-22,2,940,1,4,0,2,1,2,209,0,0,0,70,1,1,1,1,1,1,1,1,0,0,1,1,2,0,,5,32.0,07,3.0,0.0,1.0,0.0,1.0,3.0,20,2.0,1.0,1.0,,,"-749049,687","-1004292,306","-749049,341","-1004292,53",RoudnicenadLabem,Karlovon·mÏstÌ,,silnice2.t¯Ìdy,240,2542236.0,,Souhlasn˝sesmÏrem˙seku,Pomal˝,565555.0,267856.0,GN_V0.1UIR-ADR_410,1
40606190074,2,240.0,2019-01-22,2,1310,1,2,0,2,1,2,504,0,0,0,1100,2,1,1,1,1,1,1,1,0,0,0,1,2,0,,5,13.0,09,3.0,0.0,1.0,0.0,1.0,3.0,200,3.0,1.0,1.0,,,"-752071,828","-1007778,687","-752072,84","-1007777,697",RaËinÏves,,,silnice2.t¯Ìdy,240,1038242.0,,Souhlasn˝sesmÏrem˙seku,Pomal˝,565491.0,,GN_V0.1UIR-ADR_410,1
40606190075,1,15.0,2019-01-22,2,1750,5,0,0,2,4,0,100,0,0,0,100,2,1,1,1,6,1,1,1,0,0,0,1,1,0,,8,78.0,14,3.0,0.0,1.0,0.0,1.0,3.0,100,4.0,1.0,1.0,,,"-749080,564","-989536,853","-749073,856","-989543,863",,,,silnice1.t¯Ìdy,15,1362033.0,,OpaËn˝kesmÏru˙seku,Pomal˝,565121.0,,GN_V0.1UIR-ADR_410,2
40606190076,6,,2019-01-17,4,2560,2,0,0,2,1,0,508,0,0,0,600,2,1,1,1,1,1,1,2,0,0,10,1,2,0,,17,,XX,,,,,,,0,,,,,,"-757162,896","-990515,389","-757163,013","-990515,528",LitomÏ¯ice,Str·nskÈho,,mÌstnÌkomunikace,,1489604.0,,OpaËn˝kesmÏru˙seku,Pomal˝,564567.0,265616.0,GN_V0.1UIR-ADR_410,1
40606190077,1,15.0,2019-01-23,3,1035,1,4,0,1,1,0,508,0,0,1,400,2,1,1,1,1,1,1,8,0,0,0,3,2,0,,17,,XX,,,,,,,0,,,,,,"-749897,195","-989864,789","-749897,945","-989867,987",,,,silnice1.t¯Ìdy,15,2676235.0,,OpaËn˝kesmÏru˙seku,Pomal˝,546780.0,,GN_V0.1UIR-ADR_410,2
40606190078,2,246.0,2019-01-23,3,1322,3,0,1,2,1,2,508,0,0,0,300,2,1,1,1,1,1,1,1,0,0,0,3,1,0,,3,39.0,18,1.0,0.0,1.0,0.0,1.0,3.0,300,2.0,1.0,1.0,,,"-751385,05","-1005060,803","-751386,457","-1005061,679",,,,silnice2.t¯Ìdy,246,1428450.0,,OpaËn˝kesmÏru˙seku,Pomal˝,,,GN_V0.1UIR-ADR_410,2
40606190079,6,,2019-01-18,5,2560,2,0,0,2,1,0,508,0,0,0,50,1,1,1,1,1,1,1,1,0,0,0,1,2,0,,17,,XX,,,,,,,0,,,,,,"-756628,238","-990653,099","-756628,27","-990653,635",LitomÏ¯ice,VojtÏösk·,,mÌstnÌkomunikace,,149391.0,,OpaËn˝kesmÏru˙seku,Pomal˝,564567.0,265934.0,GN_V0.1UIR-ADR_410,1
40606190080,6,,2019-01-24,4,1015,2,0,0,2,1,2,508,0,0,0,300,2,1,1,1,1,1,1,1,0,0,2,1,2,0,,8,77.0,09,4.0,0.0,1.0,0.0,1.0,5.0,200,4.0,1.0,1.0,,,"-762075,112","-992499,479","-762075,054","-992499,382",Lovosice,KostelnÌ,,mÌstnÌkomunikace,,152955.0,,Souhlasn˝sesmÏrem˙seku,Pomal˝,565229.0,266591.0,GN_V0.1UIR-ADR_410,1
40606190081,3,24721.0,2019-01-24,4,1745,5,0,0,2,4,0,100,0,0,0,210,2,1,1,1,6,1,1,1,0,0,0,2,1,0,,3,7.0,00,1.0,0.0,1.0,0.0,1.0,3.0,200,3.0,1.0,1.0,,,"-758124,735","-986443,438","-758126,928","-986445,327",,,,silnice3.t¯Ìdy,24721,2250072.0,,OpaËn˝kesmÏru˙seku,Pomal˝,564842.0,,GN_V0.1UIR-ADR_410,2
40606190082,6,,2019-01-25,5,630,1,3,0,2,1,2,306,0,0,0,150,2,1,1,1,4,1,1,1,0,0,10,1,2,0,,3,31.0,05,1.0,0.0,1.0,0.0,1.0,5.0,150,2.0,1.0,1.0,,,"-760684,104","-990886,308","-760683,119","-990885,406",VelkÈéernoseky,,,mÌstnÌkomunikace,,1032195.0,,OpaËn˝kesmÏru˙seku,Pomal˝,565857.0,,GN_V0.1UIR-ADR_410,1
40606190083,1,15.0,2019-01-25,5,1230,1,4,0,2,1,2,503,0,0,0,2200,2,1,1,1,1,1,1,1,0,0,2,1,4,0,,3,4.0,12,1.0,0.0,1.0,1.0,1.0,1.0,500,2.0,1.0,1.0,,,"-764853,735","-994816,295","-764853,476","-994816,646",»Ìûkovice,NasvobodÏ,,silnice1.t¯Ìdy,15,157291.0,,OpaËn˝kesmÏru˙seku,Pomal˝,564711.0,677833.0,GN_V0.1UIR-ADR_410,1
40606190084,6,,2019-01-25,5,2000,3,0,9,2,1,2,508,0,0,0,300,3,1,1,1,4,1,1,1,0,0,0,1,1,0,,7,10.0,13,3.0,0.0,1.0,0.0,1.0,5.0,300,3.0,1.0,1.0,,,"-760664,961","-992859,761","-760665,526","-992859,711",Lovosice,,,mÌstnÌkomunikace,,1301860.0,,,Pomal˝,565229.0,,GN_V0.1UIR-ADR_410,1
40606190085,3,25847.0,2019-01-25,5,2120,5,0,0,2,4,0,100,0,0,0,200,2,1,1,1,6,1,1,1,0,0,0,1,1,0,,3,7.0,06,1.0,0.0,1.0,0.0,1.0,3.0,200,2.0,1.0,1.0,,,"-755058,771","-989849,522","-755056,157","-989852,086",,,,silnice3.t¯Ìdy,25847,3085510.0,,Souhlasn˝sesmÏrem˙seku,Pomal˝,565962.0,,GN_V0.1UIR-ADR_410,2
40606190086,3,25847.0,2019-01-25,5,2560,3,0,1,2,1,0,203,0,0,0,50,2,3,1,4,4,1,1,8,0,0,0,1,1,0,,17,,XX,,,,,,,0,,,,,,"-754704,195","-989498,403","-754706,757","-989495,889",,,,silnice3.t¯Ìdy,25847,3085510.0,,OpaËn˝kesmÏru˙seku,Pomal˝,,,GN_V0.1UIR-ADR_410,2
40606190087,6,,2019-01-27,0,1130,2,0,0,2,1,2,508,0,0,0,100,2,3,1,1,1,1,0,2,0,0,10,1,2,0,,3,13.0,17,3.0,0.0,1.0,0.0,1.0,5.0,0,2.0,1.0,1.0,,,"-757051,687","-989926,201","-757051,969","-989926,833",LitomÏ¯ice,Heydukova,,mÌstnÌkomunikace,,2542164.0,,Souhlasn˝sesmÏrem˙seku,Pomal˝,564567.0,264822.0,GN_V0.1UIR-ADR_410,1
40606190088,2,608.0,2019-01-27,0,1400,3,0,2,2,1,2,205,0,0,0,650,2,3,1,1,1,1,1,1,3,3,0,4,1,19,3.0,3,29.0,01,1.0,1.0,1.0,0.0,1.0,13.0,500,2.0,1.0,1.0,,,"-754691,735","-993564,986","-754691,732","-993565,707",TerezÌn,Praûsk·,,silnice2.t¯Ìdy,608,154669.0,,Souhlasn˝sesmÏrem˙seku,Pomal˝,565717.0,269387.0,GN_V0.1UIR-ADR_410,1
40606190089,2,608.0,2019-01-27,0,1625,3,0,4,2,1,2,205,0,0,0,310,2,3,1,1,1,1,1,1,0,0,0,3,1,0,,3,39.0,00,1.0,0.0,1.0,0.0,1.0,1.0,300,2.0,1.0,1.0,,,"-754333,792","-993754,558","-754333,905","-993755,353",,,,silnice2.t¯Ìdy,608,1688661.0,,Souhlasn˝sesmÏrem˙seku,Pomal˝,565717.0,269387.0,GN_V0.1UIR-ADR_410,2
40606190090,6,,2019-01-27,0,2040,2,0,0,2,1,2,508,0,0,0,1300,2,3,1,1,4,1,1,1,0,0,0,1,2,0,,3,17.0,18,3.0,0.0,1.0,0.0,1.0,5.0,1000,2.0,1.0,1.0,,,"-756794,34","-991237,556","-756794,337","-991237,545",LitomÏ¯ice,DolnÌRyb·¯sk·,,mÌstnÌkomunikace,,150605.0,,Souhlasn˝sesmÏrem˙seku,Pomal˝,564567.0,264679.0,GN_V0.1UIR-ADR_410,1
40606190091,6,,2019-01-28,1,630,3,0,9,2,1,2,508,0,0,0,30,2,3,1,1,4,1,1,2,0,0,10,1,1,0,,7,26.0,17,6.0,0.0,1.0,0.0,1.0,5.0,0,2.0,1.0,1.0,,,"-750884,574","-1005830,954","-750885,578","-1005832,532",RoudnicenadLabem,éiûkova,,mÌstnÌkomunikace,,1428393.0,,Souhlasn˝sesmÏrem˙seku,Pomal˝,565555.0,,GN_V0.1UIR-ADR_410,1
40606190092,3,2477.0,2019-01-28,1,712,9,0,0,2,1,2,204,0,0,0,300,2,5,1,6,1,1,1,1,0,0,0,3,1,0,,3,17.0,12,1.0,1.0,1.0,0.0,1.0,1.0,300,3.0,1.0,1.0,,,"-760235,207","-996603,096","-760235,074","-996603,794",,,,silnice3.t¯Ìdy,2477,2249957.0,,OpaËn˝kesmÏru˙seku,Pomal˝,565016.0,,GN_V0.1UIR-ADR_410,2
40606190093,3,24627.0,2019-01-28,1,805,3,0,1,1,1,2,205,0,1,1,1020,2,6,1,6,1,1,1,1,0,0,0,2,1,0,,3,39.0,10,1.0,1.0,1.0,0.0,2.0,1.0,1000,2.0,1.0,1.0,,,"-745563,943","-1011852,057","-745563,872","-1011857,772",,,,silnice3.t¯Ìdy,24627,2250434.0,,Souhlasn˝sesmÏrem˙seku,Pomal˝,542423.0,,GN_V0.1UIR-ADR_410,2
40606190094,6,,2019-01-28,1,1030,2,0,0,2,1,2,504,0,0,0,300,2,3,1,1,1,1,1,1,0,0,0,1,2,0,,7,10.0,16,9.0,0.0,1.0,0.0,1.0,5.0,0,3.0,1.0,1.0,,,"-755326,87","-990934,038","-755326,624","-990932,722",LitomÏ¯ice,»eskolipsk·,,mÌstnÌkomunikace,,150053.0,,Souhlasn˝sesmÏrem˙seku,Pomal˝,564567.0,264610.0,GN_V0.1UIR-ADR_410,1
40606190095,3,23741.0,2019-01-28,1,900,3,0,6,2,1,2,504,0,0,0,360,2,3,1,1,1,1,1,8,3,3,0,5,1,19,6.0,7,26.0,11,9.0,0.0,1.0,0.0,1.0,31.0,0,2.0,1.0,1.0,,,"-764638,443","-1010132,229","-764639,621","-1010141,031",JE»OVICE,,,silnice3.t¯Ìdy,23741,3110645.0,,OpaËn˝kesmÏru˙seku,Pomal˝,565318.0,,GN_V0.1UIR-ADR_410,1
40606190096,6,,2019-01-28,1,1460,0,0,0,2,1,0,508,0,0,0,50,2,1,1,1,1,1,1,0,0,0,10,1,2,0,,17,,XX,,,,,,,0,,,,,,"-756369,258","-989650,323","-756369,408","-989650,488",LitomÏ¯ice,,,mÌstnÌkomunikace,,147309.0,,OpaËn˝kesmÏru˙seku,Pomal˝,564567.0,266108.0,GN_V0.1UIR-ADR_410,1
40606190097,2,608.0,2019-01-28,1,1655,5,0,0,2,4,0,100,0,0,0,150,2,1,1,1,2,1,1,1,0,0,0,2,1,0,,3,39.0,07,1.0,0.0,1.0,0.0,1.0,1.0,150,2.0,1.0,1.0,,,"-753929,127","-993654,041","-753929,073","-993655,391",,,,silnice2.t¯Ìdy,608,1688657.0,,Souhlasn˝sesmÏrem˙seku,Pomal˝,565717.0,269387.0,GN_V0.1UIR-ADR_410,2
40606190098,2,240.0,2019-01-29,2,625,5,0,0,2,4,0,100,0,0,0,200,2,1,1,1,6,1,1,1,0,0,0,1,1,0,,3,12.0,11,1.0,0.0,1.0,0.0,1.0,3.0,200,3.0,1.0,1.0,,,"-749038,405","-999780,344","-749036,798","-999780,218",,,,silnice2.t¯Ìdy,240,2250610.0,,Souhlasn˝sesmÏrem˙seku,Pomal˝,546852.0,,GN_V0.1UIR-ADR_410,2
40606190099,1,8.0,2019-01-29,2,1115,1,3,0,2,1,2,403,0,0,0,500,2,1,1,1,1,1,1,1,3,3,0,5,2,19,3.0,3,39.0,09,1.0,0.0,1.0,0.0,1.0,31.0,200,3.0,1.0,1.0,,,"-767100,093","-989081,723","-767099,626","-989081,289",VelemÌn,,,silnice1.t¯Ìdy,8,146393.0,,OpaËn˝kesmÏru˙seku,Pomal˝,565849.0,,GN_V0.1UIR-ADR_410,1
40606190100,3,24721.0,2019-01-28,1,1930,5,0,0,2,4,0,100,0,0,0,150,2,1,1,1,6,1,1,1,0,0,0,2,1,0,,3,39.0,06,1.0,0.0,1.0,0.0,1.0,3.0,150,3.0,1.0,1.0,,,"-758390,165","-986025,308","-758390,308","-986025,54",,,,silnice3.t¯Ìdy,24721,2250070.0,,OpaËn˝kesmÏru˙seku,Pomal˝,564842.0,,GN_V0.1UIR-ADR_410,2
40606190101,6,,2019-01-29,2,1615,3,0,3,2,1,2,508,0,0,0,50,1,1,1,1,1,1,1,1,0,0,0,1,1,0,,3,35.0,01,1.0,0.0,1.0,0.0,1.0,5.0,0,4.0,1.0,1.0,,,"-756440,553","-990952,382","-756440,524","-990952,322",LitomÏ¯ice,MÌrovÈn·mÏstÌ,,mÌstnÌkomunikace,,2690729.0,,Souhlasn˝sesmÏrem˙seku,Pomal˝,564567.0,,GN_V0.1UIR-ADR_410,1
40606190102,6,,2019-01-30,3,1040,2,0,0,2,1,2,504,0,0,0,50,2,1,1,1,1,1,1,1,0,0,0,1,2,0,,5,47.0,14,3.0,0.0,1.0,0.0,1.0,5.0,50,3.0,1.0,1.0,,,"-756480,286","-990729,303","-756480,194","-990729,02",LitomÏ¯ice,Tyröovon·mÏstÌ,,mÌstnÌkomunikace,,149580.0,,Souhlasn˝sesmÏrem˙seku,Pomal˝,564567.0,264377.0,GN_V0.1UIR-ADR_410,1
40606190103,6,,2019-01-30,3,1120,2,0,0,2,1,2,504,0,0,0,500,2,1,1,1,1,1,1,1,0,0,0,1,2,0,,5,62.0,04,3.0,0.0,1.0,0.0,1.0,5.0,0,3.0,1.0,1.0,,,"-747402,325","-1004484,962","-747402,056","-1004483,26",RoudnicenadLabem,H·lkova,,mÌstnÌkomunikace,,175189.0,,Souhlasn˝sesmÏrem˙seku,Pomal˝,565555.0,267694.0,GN_V0.1UIR-ADR_410,1
40606190104,2,237.0,2019-01-30,3,2320,3,0,1,1,1,8,204,0,0,1,431,2,0,1,1,6,1,1,1,0,0,0,2,1,0,,3,47.0,06,1.0,1.0,1.0,0.0,1.0,1.0,400,2.0,5.0,1.0,,,"-768189,432","-1007248,678","-768188,493","-1007252,12",,,,silnice2.t¯Ìdy,237,2250512.0,,OpaËn˝kesmÏru˙seku,Pomal˝,564834.0,,GN_V0.1UIR-ADR_410,2
40606190105,6,,2019-01-31,4,1015,2,0,0,2,1,2,508,0,0,0,450,2,1,1,1,1,1,1,1,0,0,0,1,2,0,,3,4.0,15,3.0,0.0,1.0,0.0,1.0,5.0,50,3.0,1.0,1.0,,,"-755484,357","-987481,227","-755471,253","-987485,665",POHOÿANY,,,mÌstnÌkomunikace,,1432784.0,,OpaËn˝kesmÏru˙seku,Pomal˝,565962.0,,GN_V0.1UIR-ADR_410,1
40606190106,6,,2019-01-31,4,1160,2,0,0,2,1,0,508,0,0,0,10,1,1,1,1,1,1,1,2,0,0,10,1,2,0,,17,,XX,,,,,,,0,,,,,,"-756450,478","-990941,623","-756450,645","-990941,556",LitomÏ¯ice,,,mÌstnÌkomunikace,,2690733.0,,Souhlasn˝sesmÏrem˙seku,Pomal˝,564567.0,,GN_V0.1UIR-ADR_410,1
40606190107,3,24628.0,2019-01-31,4,1645,5,0,0,2,4,0,100,0,0,0,150,2,1,1,1,1,1,1,1,0,0,0,1,1,0,,3,47.0,11,1.0,0.0,1.0,0.0,1.0,1.0,150,3.0,1.0,1.0,,,"-746204,103","-1012158,774","-746205,519","-1012159,533",,,,silnice3.t¯Ìdy,24628,2250325.0,,OpaËn˝kesmÏru˙seku,Pomal˝,542423.0,,GN_V0.1UIR-ADR_410,2
40606190108,6,,2019-01-31,4,2255,3,0,2,2,1,0,508,0,0,0,2200,2,1,1,1,4,1,1,1,0,0,0,1,1,0,,3,39.0,17,3.0,0.0,1.0,0.0,1.0,5.0,2000,9.0,,,,,"-749280,866","-998144,407","-749281,298","-998146,464",,,,mÌstnÌkomunikace,,1035213.0,,Souhlasn˝sesmÏrem˙seku,Pomal˝,564923.0,,GN_V0.1UIR-ADR_410,2
40706190001,3,22544.0,2019-01-01,2,230,3,0,6,2,1,8,205,0,0,0,550,2,1,1,1,4,1,1,1,0,0,0,3,1,0,,3,4.0,01,1.0,1.0,1.0,0.0,1.0,1.0,400,2.0,5.0,1.0,"-789853,367","-1010843,292","-789771,062","-1010907,771","-789770,279","-1010908,007",Lipenec,,,silnice3.t¯Ìdy,22544,1039105.0,,OpaËn˝kesmÏru˙seku,Pomal˝,566403.0,,GN_V0.1UIR-ADR_410,1
40706190002,3,2247.0,2019-01-01,2,1800,3,0,9,2,1,9,204,0,0,0,810,2,3,1,3,4,1,1,1,3,3,0,4,1,19,3.0,3,39.0,04,1.0,1.0,1.0,0.0,1.0,31.0,800,2.0,5.0,1.0,,,"-814409,789","-1013905,005","-814409,804","-1013905,498",Kr·sn˝Dv˘r,,,silnice3.t¯Ìdy,2247,1039811.0,,Souhlasn˝sesmÏrem˙seku,Pomal˝,566306.0,,GN_V0.1UIR-ADR_410,1
40706190003,3,22547.0,2019-01-02,3,730,5,0,0,2,4,0,100,0,0,0,200,2,3,1,5,2,1,1,1,0,0,0,1,1,0,,3,7.0,12,1.0,0.0,1.0,0.0,1.0,1.0,200,2.0,1.0,1.0,,,"-784782,717","-1009959,721","-784782,522","-1009957,661",,,,silnice3.t¯Ìdy,22547,1587249.0,,Souhlasn˝sesmÏrem˙seku,Pomal˝,546011.0,,GN_V0.1UIR-ADR_410,2
40706190004,1,27.0,2019-01-02,3,1450,1,4,0,2,1,2,204,0,0,0,300,2,6,1,5,3,1,1,1,0,0,0,1,2,0,,3,39.0,97,1.0,0.0,1.0,0.0,1.0,3.0,100,2.0,1.0,1.0,"-797096,336","-997872,688","-797096,336","-997872,688","-797098,344","-997871,46",,,,silnice1.t¯Ìdy,27,1430267.0,,OpaËn˝kesmÏru˙seku,Pomal˝,566870.0,,GN_V0.1UIR-ADR_410,2
40706190005,1,27.0,2019-01-02,3,1500,1,4,0,2,1,2,204,0,0,0,800,2,5,1,5,3,1,1,1,0,0,0,1,2,0,,3,39.0,07,1.0,0.0,1.0,0.0,1.0,3.0,400,2.0,1.0,1.0,,,"-797157,206","-997964,738","-797155,878","-997965,551",,,,silnice1.t¯Ìdy,27,1430267.0,,Souhlasn˝sesmÏrem˙seku,Pomal˝,566870.0,,GN_V0.1UIR-ADR_410,2
40706190006,1,27.0,2019-01-02,3,1420,1,4,0,1,1,2,204,0,0,1,500,2,6,1,5,3,1,1,1,0,0,0,1,2,0,,3,39.0,08,1.0,0.0,1.0,0.0,1.0,3.0,400,2.0,1.0,1.0,"-796954,444","-997651,09","-796954,444","-997651,09","-796962,363","-997646,311",,,,silnice1.t¯Ìdy,27,1362179.0,,OpaËn˝kesmÏru˙seku,Pomal˝,566870.0,,GN_V0.1UIR-ADR_410,2
40706190007,1,7.0,2019-01-02,3,1825,1,2,0,2,1,2,310,0,0,0,450,2,3,1,1,6,1,1,1,0,0,0,1,2,0,,3,47.0,01,1.0,0.0,1.0,0.0,1.0,1.0,150,3.0,1.0,1.0,"-774612,808","-1015740,134","-774612,808","-1015740,134","-774614,807","-1015747,577",,,,silnice1.t¯Ìdy,7,1362368.0,,OpaËn˝kesmÏru˙seku,Pomal˝,543012.0,,GN_V0.1UIR-ADR_410,2
40706190008,6,,2019-01-02,3,1835,3,0,1,2,1,2,204,0,0,0,500,2,6,1,5,5,1,1,1,0,0,0,2,1,0,,3,2.0,06,1.0,1.0,1.0,0.0,1.0,5.0,500,3.0,1.0,1.0,"-801226,261","-1007196,963","-801226,261","-1007196,963","-801234,044","-1007191,677",éatec,Svatov·clavsk·,,mÌstnÌkomunikace,,181482.0,,OpaËn˝kesmÏru˙seku,Pomal˝,566985.0,276847.0,GN_V0.1UIR-ADR_410,1
40706190009,0,7.0,2019-01-02,3,2055,3,0,4,2,1,2,204,0,0,0,1100,2,5,1,5,7,1,6,1,0,0,0,1,1,0,,7,19.0,04,3.0,1.0,1.0,0.0,1.0,3.0,500,4.0,1.0,1.0,"-799315,909","-1001610,835","-799110,542","-1001701,154","-799110,302","-1001700,701",,,,mÌstnÌkomunikace,R7,169517.0,,Souhlasn˝sesmÏrem˙seku,Pomal˝,566870.0,,GN_V0.1UIR-ADR_410,2
40706190010,0,7.0,2019-01-03,4,720,9,0,0,2,1,2,204,0,0,0,900,2,5,1,1,2,1,6,1,0,0,0,1,1,0,,3,39.0,07,3.0,1.0,1.0,0.0,1.0,3.0,900,2.0,1.0,1.0,,,"-798035,454","-1002226,969","-798034,407","-1002224,71",,,,mÌstnÌkomunikace,R7,3069832.0,,Souhlasn˝sesmÏrem˙seku,Pomal˝,566870.0,,GN_V0.1UIR-ADR_410,2
40706190011,6,,2019-01-03,4,1140,1,3,0,2,1,2,409,0,0,0,1300,2,3,1,1,1,1,1,1,0,0,0,1,2,0,,3,2.0,17,3.0,0.0,1.0,0.0,1.0,5.0,1000,3.0,1.0,1.0,"-786283,016","-1010054,08","-786283,016","-1010054,08","-786277,172","-1010052,542",JimlÌn,,,mÌstnÌkomunikace,,3074992.0,,Souhlasn˝sesmÏrem˙seku,Pomal˝,546011.0,,GN_V0.1UIR-ADR_410,1
40706190012,3,2242.0,2019-01-01,2,2560,5,0,0,2,4,0,100,0,0,0,120,2,1,1,1,6,1,1,1,0,0,0,1,1,0,,3,4.0,02,1.0,0.0,1.0,0.0,1.0,1.0,100,2.0,1.0,1.0,,,"-808893,049","-1023642,493","-808892,914","-1023635,155",,,,silnice3.t¯Ìdy,2242,3085899.0,,OpaËn˝kesmÏru˙seku,Pomal˝,566314.0,,GN_V0.1UIR-ADR_410,2
40706190013,1,27.0,2019-01-03,4,1415,3,0,3,2,1,2,208,0,0,0,1000,2,5,1,7,3,1,1,1,0,0,0,1,1,0,,3,12.0,17,2.0,0.0,1.0,0.0,1.0,3.0,900,2.0,1.0,1.0,,,"-796976,871","-997673,801","-796978,397","-997672,88",,,,silnice1.t¯Ìdy,27,1362179.0,,OpaËn˝kesmÏru˙seku,Pomal˝,566870.0,,GN_V0.1UIR-ADR_410,2
40706190014,1,27.0,2019-01-03,4,1545,1,3,0,1,1,2,403,0,0,1,300,2,3,1,1,1,1,1,1,3,3,0,4,2,19,2.0,3,39.0,01,1.0,0.0,1.0,0.0,1.0,24.0,100,3.0,1.0,1.0,"-800956,536","-1006719,727","-800928,037","-1006646,06","-800928,821","-1006645,891",éatec,PlzeÚsk·,,silnice1.t¯Ìdy,27,830258.0,,OpaËn˝kesmÏru˙seku,Pomal˝,566985.0,276448.0,GN_V0.1UIR-ADR_410,1
40706190015,1,27.0,2019-01-04,5,1205,1,2,0,2,1,2,508,0,0,0,900,2,1,1,1,1,1,1,1,0,0,0,1,2,0,,3,39.0,18,3.0,1.0,1.0,0.0,1.0,3.0,400,2.0,1.0,1.0,,,"-797532,585","-998585,199","-797532,001","-998585,551",,,,silnice1.t¯Ìdy,27,1430267.0,,Souhlasn˝sesmÏrem˙seku,Pomal˝,566870.0,,GN_V0.1UIR-ADR_410,2
40706190016,1,7.0,2019-01-07,1,10,5,0,0,2,4,0,100,0,0,0,820,2,1,1,1,6,1,1,1,0,0,0,1,1,0,,3,39.0,13,1.0,0.0,1.0,1.0,1.0,1.0,800,3.0,1.0,1.0,"-776349,713","-1014296,899","-776349,713","-1014296,899","-776350,906","-1014298,021",,,,silnice1.t¯Ìdy,7,2680461.0,,OpaËn˝kesmÏru˙seku,Pomal˝,566535.0,,GN_V0.1UIR-ADR_410,2
40706190017,1,7.0,2019-01-07,1,245,5,0,0,2,4,0,100,0,0,0,520,2,1,1,1,6,1,1,1,0,0,0,1,1,0,,7,19.0,17,3.0,0.0,1.0,0.0,1.0,1.0,500,4.0,1.0,1.0,"-787263,577","-1007056,18","-787263,577","-1007056,18","-787262,561","-1007050,747",,,,silnice1.t¯Ìdy,7,2681353.0,,OpaËn˝kesmÏru˙seku,Pomal˝,566624.0,,GN_V0.1UIR-ADR_410,2
40706190018,3,2243.0,2019-01-03,4,618,5,0,0,2,4,0,100,0,0,0,250,2,1,1,1,6,1,1,1,0,0,0,1,1,0,,3,39.0,17,1.0,0.0,1.0,0.0,1.0,3.0,200,3.0,1.0,1.0,,,"-811509,696","-1026734,726","-811507,238","-1026735,928",,,,silnice3.t¯Ìdy,2243,3086395.0,,OpaËn˝kesmÏru˙seku,Pomal˝,566560.0,,GN_V0.1UIR-ADR_410,2
40706190019,6,,2019-01-07,1,910,1,4,0,2,1,2,504,0,0,0,800,2,3,1,1,1,1,1,1,0,0,0,1,2,0,,3,8.0,18,1.0,0.0,1.0,0.0,1.0,5.0,700,2.0,1.0,1.0,,,"-782934,585","-1007408,7","-782934,605","-1007408,899",Louny,Tomanova,,mÌstnÌkomunikace,,709699.0,,Souhlasn˝sesmÏrem˙seku,Pomal˝,565971.0,273112.0,GN_V0.1UIR-ADR_410,1