IDENTIFIKA»NÕ »ÕSLO,DRUH POZEMNÕ KOMUNIKACE,»ÕSLO POZEMNÕ KOMUNIKACE,"den, mÏsÌc, rok",,Ëas ,DRUH NEHODY,DRUH SR¡éKY JEDOUCÕCH VOZIDEL,DRUH PEVN… PÿEK¡éKY,CHARAKTER NEHODY,ZAVINÃNÕ NEHODY,ALKOHOL U VINÕKA NEHODY PÿÕTOMEN,HLAVNÕ PÿÕ»INY NEHODY,usmrceno osob,tÏûce zranÏno osob,lehce zranÏno osob,CELKOV¡ HMOTN¡ äKODA,DRUH POVRCHU VOZOVKY,STAV POVRCHU VOZOVKY V DOBÃ NEHODY,STAV KOMUNIKACE,POVÃTRNOSTNÕ PODMÕNKY V DOBÃ NEHODY,VIDITELNOST,ROZHLEDOV… POMÃRY,DÃLENÕ KOMUNIKACE,SITUOV¡NÕ NEHODY NA KOMUNIKACI,ÿÕZENÕ PROVOZU V DOBÃ NEHODY,MÕSTNÕ ⁄PRAVA PÿEDNOSTI V JÕZDÃ,SPECIFICK¡ MÕSTA A OBJEKTY V MÕSTÃ NEHODY,SMÃROV… POMÃRY,PO»ET Z⁄»ASTNÃN›CH VOZIDEL,MÕSTO DOPRAVNÕ NEHODY,DRUH KÿIéUJÕCÕ KOMUNIKACE,DRUH VOZIDLA,V›ROBNÕ ZNA»KA MOTOROV…HO VOZIDLA,ROK V›ROBY VOZIDLA,CHARAKTERISTIKA VOZIDLA ,SMYK,VOZIDLO PO NEHODÃ,"⁄NIK PROVOZNÕCH, PÿEPRAVOVAN›CH HMOT",ZPŸSOB VYPROäTÃNÕ OSOB Z VOZIDLA,SMÃR JÕZDY NEBO POSTAVENÕ VOZIDLA,äKODA NA VOZIDLE,KATEGORIE ÿIDI»E,STAV ÿIDI»E,VNÃJäÕ OVLIVNÃNÕ ÿIDI»E,nan.1,nan.2,nan.3,nan.4,nan.5,nan.6,nan.7,nan.8,nan.9,nan.10,nan.11,nan.12,nan.13,nan.14,nan.15,nan.16,nan.17,nan.18,LOKALITA NEHODY
40706190020,1,7.0,2019-01-07,1,955,3,0,4,2,1,2,510,0,0,0,600,2,3,1,3,1,1,1,1,0,0,0,3,1,0,,3,13.0,13,1.0,0.0,1.0,0.0,1.0,1.0,600,2.0,1.0,1.0,,,"-789404,486","-1005208,437","-789405,373","-1005214,159",,,,silnice1.t¯Ìdy,7,2678611.0,,OpaËn˝kesmÏru˙seku,Pomal˝,566624.0,,GN_V0.1UIR-ADR_410,2
40706190021,1,27.0,2019-01-01,2,2560,1,2,0,2,1,0,310,0,0,0,500,2,3,1,1,1,1,1,1,0,0,0,1,2,0,,3,44.0,99,1.0,0.0,1.0,0.0,1.0,1.0,0,9.0,,,"-806186,862","-1012894,249","-806186,862","-1012894,249","-806189,217","-1012891,646",,,,silnice1.t¯Ìdy,27,2243414.0,,OpaËn˝kesmÏru˙seku,Pomal˝,566616.0,,GN_V0.1UIR-ADR_410,2
40706190022,3,2063.0,2019-01-07,1,710,5,0,0,2,4,0,100,0,0,0,300,2,3,1,3,6,1,1,1,0,0,0,1,1,0,,3,60.0,12,3.0,0.0,1.0,0.0,1.0,3.0,300,2.0,1.0,1.0,"-815892,43","-1030260,245","-815892,43","-1030260,245","-815885,157","-1030260,153",,,,silnice3.t¯Ìdy,2063,2678695.0,,OpaËn˝kesmÏru˙seku,Pomal˝,566004.0,,GN_V0.1UIR-ADR_410,2
40706190023,6,,2019-01-09,3,855,1,3,0,2,1,2,508,0,0,0,90,2,3,1,1,1,1,1,1,0,0,0,1,2,0,,5,19.0,16,2.0,0.0,1.0,0.0,1.0,5.0,50,3.0,1.0,1.0,,,"-783373,572","-1006641,161","-783372,847","-1006641,232",Louny,,,mÌstnÌkomunikace,,179983.0,,OpaËn˝kesmÏru˙seku,Pomal˝,565971.0,,GN_V0.1UIR-ADR_410,1
40706190024,2,239.0,2019-01-09,3,1205,9,0,0,2,1,9,205,0,0,0,30,2,1,1,1,1,1,1,1,0,0,0,3,1,0,,3,39.0,93,1.0,1.0,1.0,0.0,1.0,1.0,30,2.0,5.0,1.0,,,"-777148,189","-1008563,329","-777147,806","-1008562,798",VeltÏûe,Peruck·,,silnice2.t¯Ìdy,239,185098.0,,Souhlasn˝sesmÏrem˙seku,Pomal˝,566896.0,275239.0,GN_V0.1UIR-ADR_410,1
40706190025,6,,2019-01-09,3,1260,2,0,0,2,1,0,508,0,0,0,100,6,3,1,1,1,1,1,1,0,0,0,1,2,0,,17,,XX,,,,,,,0,,,,,,"-782434,093","-1009822,426","-782434,32","-1009822,447",CÌtoliby,,,mÌstnÌkomunikace,,1433417.0,,OpaËn˝kesmÏru˙seku,Pomal˝,542571.0,,GN_V0.1UIR-ADR_410,1
40706190026,6,,2019-01-09,3,1330,2,0,0,2,1,2,508,0,0,0,300,2,1,1,1,1,1,1,3,0,0,10,1,2,0,,3,26.0,08,2.0,0.0,1.0,0.0,1.0,5.0,0,3.0,1.0,1.0,,,"-801236,978","-1007973,15","-801237,595","-1007971,075",éatec,Chmela¯skÈn·mÏstÌ,,mÌstnÌkomunikace,,183428.0,,OpaËn˝kesmÏru˙seku,Pomal˝,566985.0,275603.0,GN_V0.1UIR-ADR_410,1
40706190027,1,28.0,2019-01-10,4,700,1,3,0,2,1,2,405,0,0,0,1500,2,1,1,1,6,1,1,1,3,3,0,4,2,19,6.0,3,35.0,11,3.0,0.0,1.0,0.0,1.0,14.0,500,2.0,1.0,1.0,,,"-784118,916","-1006533,865","-784121,088","-1006532,586",,,,silnice1.t¯Ìdy,28,1586056.0,,Souhlasn˝sesmÏrem˙seku,Pomal˝,565971.0,,GN_V0.1UIR-ADR_410,2
40706190028,3,2581.0,2019-01-10,4,635,5,0,0,2,4,0,100,0,0,0,200,2,3,1,1,6,1,1,1,0,0,0,1,1,0,,3,17.0,14,1.0,0.0,1.0,0.0,1.0,3.0,200,2.0,1.0,1.0,,,"-779980,361","-995213,784","-779983,486","-995215,291",,,,silnice3.t¯Ìdy,2581,2242541.0,,OpaËn˝kesmÏru˙seku,Pomal˝,566349.0,,GN_V0.1UIR-ADR_410,2
40706190029,2,250.0,2019-01-10,4,800,5,0,0,2,4,0,100,0,0,0,200,2,3,1,1,2,1,1,1,0,0,0,2,1,0,,3,60.0,18,3.0,0.0,1.0,0.0,1.0,3.0,200,3.0,1.0,1.0,,,"-785624,762","-1000731,919","-785625,337","-1000733,242",,,,silnice2.t¯Ìdy,250,2679783.0,,Souhlasn˝sesmÏrem˙seku,Pomal˝,566063.0,270342.0,GN_V0.1UIR-ADR_410,2
40706190030,3,22924.0,2019-01-10,4,1310,9,0,0,2,1,2,510,0,0,0,1000,2,8,1,1,1,1,1,1,0,0,0,2,1,0,,3,39.0,15,3.0,0.0,1.0,0.0,1.0,3.0,1000,2.0,1.0,1.0,"-793296,284","-1019606,378","-793296,284","-1019606,378","-793295,502","-1019604,228",,,,silnice3.t¯Ìdy,22924,2244810.0,,Souhlasn˝sesmÏrem˙seku,Pomal˝,566152.0,,GN_V0.1UIR-ADR_410,2
40706190031,2,249.0,2019-01-11,5,705,5,0,0,2,4,0,100,0,0,0,150,2,1,1,1,6,1,1,1,0,0,0,1,1,0,,3,13.0,18,3.0,0.0,1.0,0.0,1.0,1.0,100,2.0,1.0,1.0,,,"-772437,917","-1002683,793","-772439,385","-1002685,096",,,,silnice2.t¯Ìdy,249,2242481.0,,Souhlasn˝sesmÏrem˙seku,Pomal˝,566284.0,,GN_V0.1UIR-ADR_410,2
40706190032,1,27.0,2019-01-11,5,800,1,4,0,2,1,2,508,0,0,0,650,2,1,1,1,2,1,1,1,3,3,0,5,2,19,6.0,3,8.0,10,1.0,0.0,1.0,0.0,1.0,31.0,500,2.0,1.0,1.0,"-802061,326","-1009150,56","-802074,852","-1009133,613","-802074,805","-1009133,624",,,,silnice1.t¯Ìdy,27,186656.0,,OpaËn˝kesmÏru˙seku,Pomal˝,566985.0,276448.0,GN_V0.1UIR-ADR_410,2
40706190033,2,250.0,2019-01-11,5,900,5,0,0,2,4,0,100,0,0,0,400,2,3,1,5,3,1,1,1,0,0,0,1,1,0,,3,42.0,13,1.0,0.0,1.0,0.0,1.0,1.0,400,2.0,1.0,1.0,,,"-796486,11","-1004426,203","-796483,893","-1004431,979",,,,silnice2.t¯Ìdy,250,1693086.0,,Souhlasn˝sesmÏrem˙seku,Pomal˝,543128.0,,GN_V0.1UIR-ADR_410,2
40706190034,6,,2019-01-11,5,1300,1,2,0,2,7,0,615,0,0,0,210,2,6,1,5,3,1,1,1,0,0,0,1,2,0,,5,26.0,07,1.0,0.0,1.0,0.0,3.0,5.0,10,3.0,1.0,1.0,"-815321,496","-1021639,106","-815738,727","-1020773,802","-815739,676","-1020773,492",,,,mÌstnÌkomunikace,,2264853.0,,,Pomal˝,566934.0,,GN_V0.1UIR-ADR_410,2
40706190035,6,,2019-01-11,5,1510,1,1,0,2,1,2,204,0,0,0,1300,2,5,1,1,1,1,1,1,3,5,0,5,2,10,6.0,3,38.0,04,1.0,1.0,1.0,1.0,1.0,5.0,500,2.0,1.0,1.0,,,"-800171,158","-1008812,823","-800171,198","-1008814,72",éatec,UFlory,,mÌstnÌkomunikace,,185840.0,,OpaËn˝kesmÏru˙seku,Pomal˝,566985.0,276731.0,GN_V0.1UIR-ADR_410,1
40706190036,6,,2019-01-08,2,2560,2,0,0,2,1,0,508,0,0,0,100,2,1,1,1,1,1,1,1,0,0,0,1,2,0,,17,,XX,,,,,,,0,,,,,,"-801576,936","-1008917,521","-801576,6","-1008917,102",éatec,Stavba¯˘,,mÌstnÌkomunikace,,1434821.0,,Souhlasn˝sesmÏrem˙seku,Pomal˝,566985.0,276626.0,GN_V0.1UIR-ADR_410,1
40706190037,0,7.0,2019-01-12,6,1625,5,0,0,2,4,0,100,0,0,0,200,2,3,1,3,3,1,6,1,0,0,0,1,1,0,,7,26.0,17,3.0,0.0,1.0,0.0,1.0,3.0,150,3.0,1.0,1.0,"-797240,104","-1002615,947","-797240,104","-1002615,947","-797234,289","-1002603,697",,,,mÌstnÌkomunikace,R7,1259615.0,,Souhlasn˝sesmÏrem˙seku,Pomal˝,565997.0,,GN_V0.1UIR-ADR_410,2
40706190038,1,7.0,2019-01-12,6,2015,5,0,0,2,4,0,100,0,0,0,300,2,3,1,3,6,1,3,1,0,0,0,1,1,0,,3,39.0,12,1.0,0.0,1.0,0.0,1.0,1.0,200,2.0,1.0,1.0,"-777387,278","-1013291,492","-777387,278","-1013291,492","-777391,655","-1013294,492",,,,silnice1.t¯Ìdy,7,2678239.0,,Souhlasn˝sesmÏrem˙seku,Pomal˝,566829.0,,GN_V0.1UIR-ADR_410,2
40706190039,1,7.0,2019-01-12,6,2016,0,0,0,2,1,2,508,0,0,0,400,2,3,1,3,6,1,3,1,0,0,0,1,1,0,,3,4.0,18,1.0,0.0,1.0,0.0,1.0,1.0,400,4.0,1.0,1.0,"-777387,278","-1013291,492","-777387,278","-1013291,492","-777391,655","-1013294,492",,,,silnice1.t¯Ìdy,7,2678239.0,,Souhlasn˝sesmÏrem˙seku,Pomal˝,566829.0,,GN_V0.1UIR-ADR_410,2
40706190040,1,15.0,2019-01-13,0,1300,9,0,0,1,1,2,204,0,0,1,400,2,3,1,3,1,1,1,1,0,0,0,3,1,0,,3,17.0,11,1.0,1.0,1.0,0.0,1.0,3.0,400,2.0,1.0,1.0,"-776555,414","-996527,233","-776560,791","-996513,252","-776560,781","-996513,441",,,,silnice1.t¯Ìdy,15,2680455.0,,OpaËn˝kesmÏru˙seku,Pomal˝,566349.0,,GN_V0.1UIR-ADR_410,2
40706190041,2,250.0,2019-01-14,1,540,1,2,0,2,1,2,508,0,0,0,700,2,3,1,7,6,1,1,1,0,0,0,1,2,0,,3,35.0,99,1.0,0.0,1.0,0.0,1.0,1.0,200,2.0,1.0,1.0,,,"-798307,483","-1005228,687","-798303,42","-1005233,836",StaÚkovice,Postoloprtsk·,,silnice2.t¯Ìdy,250,3086255.0,,OpaËn˝kesmÏru˙seku,Pomal˝,543128.0,275069.0,GN_V0.1UIR-ADR_410,1
40706190042,3,2245.0,2019-01-11,5,905,5,0,0,2,4,0,100,0,0,0,430,2,1,1,1,1,1,1,1,0,0,0,1,1,0,,3,19.0,14,2.0,0.0,1.0,0.0,1.0,3.0,400,2.0,1.0,1.0,,,"-812237,164","-1026889,299","-812234,468","-1026887,05",PETROHRAD-»ERN»ICE,,,silnice3.t¯Ìdy,2245,2678751.0,,Souhlasn˝sesmÏrem˙seku,Pomal˝,566560.0,,GN_V0.1UIR-ADR_410,1
40706190043,2,225.0,2019-01-14,1,1200,2,0,0,2,1,2,504,0,0,0,150,2,3,1,1,1,1,1,1,0,0,10,1,2,0,,3,39.0,02,1.0,0.0,1.0,0.0,1.0,1.0,50,2.0,1.0,1.0,,,"-800280,07","-1008052,188","-800280,198","-1008052,897",éatec,Praûsk·,,silnice2.t¯Ìdy,225,2680856.0,,OpaËn˝kesmÏru˙seku,Pomal˝,566985.0,,GN_V0.1UIR-ADR_410,1
40706190044,2,227.0,2019-01-14,1,1314,3,0,1,2,1,2,204,0,0,0,1000,2,5,1,1,1,1,1,3,0,0,0,3,1,0,,3,7.0,08,1.0,1.0,1.0,0.0,1.0,1.0,1000,2.0,1.0,1.0,,,"-799734,43","-1019700,234","-799739,247","-1019705,529",,,,silnice2.t¯Ìdy,227,2243392.0,,OpaËn˝kesmÏru˙seku,Pomal˝,566128.0,,GN_V0.1UIR-ADR_410,2
40706190045,2,237.0,2019-01-14,1,1600,3,0,1,2,1,2,204,0,0,0,800,1,6,1,5,3,4,1,1,3,3,0,5,1,19,3.0,3,39.0,09,1.0,1.0,1.0,0.0,1.0,31.0,800,2.0,1.0,1.0,,,"-769112,466","-1008000,466","-769111,593","-1008000,87",,,,silnice2.t¯Ìdy,237,184399.0,,Souhlasn˝sesmÏrem˙seku,Pomal˝,566551.0,,GN_V0.1UIR-ADR_410,2
40706190046,3,2242.0,2019-01-14,1,1810,3,0,1,1,1,2,204,0,0,1,1000,2,5,1,1,6,1,1,3,0,0,0,1,1,0,,3,39.0,16,1.0,1.0,1.0,0.0,3.0,1.0,1000,2.0,1.0,1.0,,,"-810063,369","-1022655,305","-810063,578","-1022655,458",,,,silnice3.t¯Ìdy,2242,2678183.0,,Souhlasn˝sesmÏrem˙seku,Pomal˝,566314.0,,GN_V0.1UIR-ADR_410,2
40706190047,6,,2019-01-15,2,1110,2,0,0,2,1,2,508,0,0,0,700,2,1,1,1,1,1,1,1,0,0,0,1,2,0,,3,60.0,10,3.0,0.0,1.0,0.0,1.0,5.0,200,3.0,1.0,1.0,"-812043,299","-1017028,902","-812043,299","-1017028,902","-812046,727","-1017022,393",Podbo¯any,CyrilaaMetodÏje,,mÌstnÌkomunikace,,786536.0,,Souhlasn˝sesmÏrem˙seku,Pomal˝,566616.0,274224.0,GN_V0.1UIR-ADR_410,1
40706190048,3,22546.0,2019-01-15,2,1450,1,1,0,1,2,0,205,0,1,0,550,2,3,1,1,1,1,1,1,3,3,4,5,2,19,3.0,13,0.0,,1.0,0.0,0.0,0.0,1.0,31.0,50,8.0,1.0,1.0,,,"-786834,442","-1010453,762","-786834,659","-1010453,746",JimlÌn,,,silnice3.t¯Ìdy,22546,1758782.0,,OpaËn˝kesmÏru˙seku,Pomal˝,546011.0,,GN_V0.1UIR-ADR_410,1
40706190049,2,227.0,2019-01-16,3,145,5,0,0,2,4,0,100,0,0,0,920,2,1,1,1,6,1,1,1,0,0,0,1,1,0,,3,39.0,16,1.0,0.0,1.0,0.0,1.0,1.0,900,2.0,7.0,1.0,"-800159,051","-1017031,051","-800159,051","-1017031,051","-800162,055","-1017032,321",,,,silnice2.t¯Ìdy,227,206802.0,,Souhlasn˝sesmÏrem˙seku,Pomal˝,566187.0,,GN_V0.1UIR-ADR_410,2
40706190050,6,,2019-01-16,3,830,2,0,0,2,1,0,509,0,0,0,150,2,1,1,1,1,1,1,1,0,0,0,1,2,0,,3,31.0,96,1.0,0.0,1.0,0.0,1.0,5.0,50,2.0,1.0,1.0,,,"-801210,402","-1008265,344","-801210,337","-1008264,913",éatec,Studentsk·,,mÌstnÌkomunikace,,184264.0,,Souhlasn˝sesmÏrem˙seku,Pomal˝,566985.0,276723.0,GN_V0.1UIR-ADR_410,1
40706190051,2,246.0,2019-01-16,3,940,1,3,0,2,1,2,405,0,0,0,1000,2,1,1,1,1,1,1,1,3,4,0,5,2,19,3.0,3,13.0,16,1.0,0.0,1.0,0.0,1.0,13.0,500,3.0,1.0,1.0,,,"-781505,51","-1007579,505","-781505,515","-1007579,484",Louny,V·clavaMajera,,silnice2.t¯Ìdy,246,709726.0,,Souhlasn˝sesmÏrem˙seku,Pomal˝,565971.0,,GN_V0.1UIR-ADR_410,1
40706190052,6,,2019-01-16,3,1300,2,0,0,2,1,0,504,0,0,0,100,1,1,1,1,1,1,1,1,0,0,0,1,2,0,,3,39.0,03,1.0,0.0,1.0,0.0,1.0,5.0,50,3.0,1.0,1.0,,,"-782740,054","-1007015,312","-782740,283","-1007015,956",Louny,MÌrovÈn·mÏstÌ,,mÌstnÌkomunikace,,2243673.0,,Souhlasn˝sesmÏrem˙seku,Pomal˝,565971.0,272663.0,GN_V0.1UIR-ADR_410,1
40706190053,6,,2019-01-16,3,1410,1,2,0,2,1,2,303,0,0,0,250,2,1,1,1,1,1,1,1,0,0,0,3,2,0,,3,35.0,01,1.0,0.0,1.0,0.0,1.0,5.0,150,3.0,1.0,1.0,,,"-781478,501","-1007999,882","-781477,553","-1008000,268",Louny,V·clavaMajera,,mÌstnÌkomunikace,,1371975.0,,Souhlasn˝sesmÏrem˙seku,Pomal˝,565971.0,273481.0,GN_V0.1UIR-ADR_410,1
40706190054,6,,2019-01-15,2,2560,2,0,0,2,1,0,508,0,0,0,50,2,1,1,1,4,1,1,1,0,0,0,1,2,0,,17,,XX,,,,,,,0,,,,,,"-802059,297","-1007986,919","-802059,295","-1007986,903",éatec,,,mÌstnÌkomunikace,,2680148.0,,OpaËn˝kesmÏru˙seku,Pomal˝,566985.0,,GN_V0.1UIR-ADR_410,1
40706190055,2,249.0,2019-01-16,3,1845,1,2,0,2,1,0,501,0,0,0,2500,2,1,1,1,6,1,1,1,0,0,0,1,2,0,,17,,XX,,,,,,,0,,,,,,"-781644,908","-998474,133","-781647,444","-998468,765",,,,silnice2.t¯Ìdy,249,163748.0,,Souhlasn˝sesmÏrem˙seku,Pomal˝,566349.0,,GN_V0.1UIR-ADR_410,2
40706190056,1,27.0,2019-01-17,4,745,1,3,0,2,1,2,402,0,0,0,1250,2,3,1,1,2,1,2,1,3,3,0,4,2,19,3.0,3,32.0,13,1.0,0.0,1.0,0.0,1.0,42.0,800,3.0,1.0,1.0,,,"-802128,946","-1008368,59","-802128,8","-1008368,602",,PlzeÚsk·,,silnice1.t¯Ìdy,27,2680452.0,,Souhlasn˝sesmÏrem˙seku,Pomal˝,566985.0,276448.0,GN_V0.1UIR-ADR_410,2
40706190057,1,27.0,2019-01-17,4,935,1,4,0,2,1,2,503,0,0,0,1000,2,1,1,1,1,1,1,1,3,3,0,4,2,11,6.0,3,29.0,99,1.0,0.0,1.0,1.0,1.0,13.0,500,2.0,1.0,1.0,"-802444,255","-1009682,327","-802429,798","-1009683,189","-802429,001","-1009683,713",,,,silnice1.t¯Ìdy,27,3291565.0,,OpaËn˝kesmÏru˙seku,Pomal˝,566985.0,,GN_V0.1UIR-ADR_410,2
40706190058,6,,2019-01-17,4,1130,1,3,0,2,1,2,504,0,0,0,500,2,1,1,1,1,1,1,1,0,0,0,1,2,0,,3,35.0,00,1.0,0.0,1.0,0.0,1.0,5.0,100,2.0,1.0,1.0,"-801005,042","-1008133,46","-801005,042","-1008133,46","-801010,706","-1008124,926",éatec,KomenskÈhoAlej,,mÌstnÌkomunikace,,2297144.0,,Souhlasn˝sesmÏrem˙seku,Pomal˝,566985.0,,GN_V0.1UIR-ADR_410,1
40706190059,1,28.0,2019-01-17,4,1730,5,0,0,2,4,0,100,0,0,0,350,2,1,1,1,6,1,1,1,0,0,0,1,1,0,,3,39.0,15,3.0,0.0,1.0,0.0,1.0,3.0,300,2.0,1.0,1.0,"-784448,203","-1007264,242","-784448,203","-1007264,242","-784439,933","-1007266,126",,,,silnice1.t¯Ìdy,28,1586052.0,,OpaËn˝kesmÏru˙seku,Pomal˝,565971.0,,GN_V0.1UIR-ADR_410,2
40706190060,1,15.0,2019-01-18,5,145,9,0,0,2,1,2,204,0,0,0,700,2,6,1,1,6,1,1,1,0,0,0,3,1,0,,5,19.0,13,3.0,1.0,1.0,1.0,1.0,3.0,700,4.0,1.0,1.0,"-776638,399","-996524,057","-776638,399","-996524,057","-776638,268","-996513,533",,,,silnice1.t¯Ìdy,15,3308773.0,,Souhlasn˝sesmÏrem˙seku,Pomal˝,566349.0,,GN_V0.1UIR-ADR_410,2
40706190061,1,27.0,2019-01-18,5,615,9,0,0,1,1,2,204,0,0,1,300,2,6,1,1,6,1,1,1,0,0,0,3,1,0,,3,42.0,17,1.0,1.0,1.0,0.0,1.0,3.0,300,2.0,1.0,1.0,"-808363,284","-1019827,946","-808357,37","-1019821,495","-808358,845","-1019823,013",,,,silnice1.t¯Ìdy,27,2243428.0,,OpaËn˝kesmÏru˙seku,Pomal˝,566527.0,,GN_V0.1UIR-ADR_410,2
40706190062,3,2247.0,2019-01-16,3,1200,5,0,0,2,4,0,100,0,0,0,230,2,1,1,1,1,1,1,1,0,0,0,1,1,0,,3,47.0,13,3.0,0.0,1.0,0.0,1.0,1.0,200,2.0,1.0,1.0,,,"-809580,251","-1014352,781","-809580,682","-1014353,992",,,,silnice3.t¯Ìdy,2247,2242999.0,,Souhlasn˝sesmÏrem˙seku,Pomal˝,566616.0,,GN_V0.1UIR-ADR_410,2
40706190063,3,2241.0,2019-01-17,4,1835,5,0,0,2,4,0,100,0,0,0,130,2,1,1,1,6,1,1,1,0,0,0,1,1,0,,3,26.0,12,3.0,0.0,1.0,0.0,1.0,1.0,100,3.0,1.0,1.0,,,"-810908,429","-1022731,986","-810904,345","-1022744,211",,,,silnice3.t¯Ìdy,2241,2678566.0,,OpaËn˝kesmÏru˙seku,Pomal˝,566314.0,271420.0,GN_V0.1UIR-ADR_410,2
40706190064,8,,2019-01-18,5,1203,2,0,0,2,1,2,508,0,0,0,50,2,3,1,1,1,1,1,1,3,5,0,1,2,0,,3,35.0,98,1.0,0.0,1.0,0.0,1.0,5.0,0,3.0,1.0,1.0,"-808364,817","-1019826,141","-781493,984","-1007730,258","-781494,719","-1007733,53",Louny,V·clavaMajera,,mÌstnÌkomunikace,,2678457.0,,OpaËn˝kesmÏru˙seku,Pomal˝,565971.0,,GN_V0.1UIR-ADR_410,1
40706190065,2,225.0,2019-01-18,5,1540,5,0,0,2,4,0,100,0,0,0,200,2,1,1,1,1,1,1,1,0,0,0,1,1,0,,3,31.0,18,1.0,0.0,1.0,0.0,1.0,3.0,150,3.0,1.0,1.0,"-788351,664","-1010274,856","-788351,664","-1010274,856","-788352,974","-1010273,235",,,,silnice2.t¯Ìdy,225,2244899.0,,Souhlasn˝sesmÏrem˙seku,Pomal˝,566403.0,,GN_V0.1UIR-ADR_410,2
40706190066,6,,2019-01-18,5,1815,2,0,0,2,1,2,508,0,0,0,400,2,1,1,1,4,1,1,1,3,3,0,5,2,10,6.0,3,13.0,06,3.0,0.0,1.0,0.0,1.0,5.0,100,2.0,1.0,1.0,"-782573,869","-1008174,078","-782559,892","-1008164,939","-782560,283","-1008165,098",Louny,Lipov·,,mÌstnÌkomunikace,,830060.0,,Souhlasn˝sesmÏrem˙seku,Pomal˝,565971.0,272604.0,GN_V0.1UIR-ADR_410,1
40706190067,6,,2019-01-18,5,1900,1,1,0,1,1,2,405,0,0,1,865,2,3,1,1,4,1,1,1,3,5,0,5,2,10,6.0,3,13.0,99,1.0,0.0,1.0,0.0,1.0,5.0,300,2.0,1.0,1.0,"-801714,314","-1008763,517","-801722,914","-1008775,879","-801721,596","-1008776,912",éatec,Husova,,mÌstnÌkomunikace,,185838.0,,OpaËn˝kesmÏru˙seku,Pomal˝,566985.0,275859.0,GN_V0.1UIR-ADR_410,1
40706190068,6,,2019-01-19,6,2145,2,0,0,2,1,0,508,0,0,0,400,2,1,1,1,4,1,1,1,0,0,0,1,2,0,,5,99.0,14,9.0,0.0,1.0,0.0,1.0,5.0,150,2.0,0.0,1.0,,,"-797578,783","-1002515,759","-797585,622","-1002512,347",Velemyöleves,,,mÌstnÌkomunikace,,3074665.0,,OpaËn˝kesmÏru˙seku,Pomal˝,566870.0,,GN_V0.1UIR-ADR_410,1
40706190069,3,22541.0,2019-01-20,0,245,3,0,9,2,1,2,205,0,0,0,620,2,1,1,1,4,1,1,1,0,0,0,3,1,0,,3,35.0,06,1.0,1.0,1.0,0.0,1.0,3.0,400,2.0,1.0,1.0,,,"-793117,714","-1013495,057","-793115,748","-1013500,803",Tucho¯ice,,,silnice3.t¯Ìdy,22541,1041472.0,,Souhlasn˝sesmÏrem˙seku,Pomal˝,566853.0,,GN_V0.1UIR-ADR_410,1
40706190070,8,,2019-01-20,0,1300,2,0,0,2,1,9,508,0,0,0,300,2,1,1,1,1,1,1,1,0,0,0,1,2,0,,3,47.0,09,3.0,0.0,1.0,0.0,1.0,5.0,200,7.0,5.0,1.0,"-783856,332","-1006940,65","-783852,569","-1006970,218","-783852,58","-1006969,557",Louny,Postoloprtsk·,,silnice2.t¯Ìdy,246,729577.0,,Souhlasn˝sesmÏrem˙seku,Pomal˝,565971.0,688673.0,GN_V0.1UIR-ADR_410,1
40706190071,6,,2019-01-19,6,2560,2,0,0,2,1,0,508,0,0,0,100,2,1,1,1,1,1,1,1,0,0,10,1,2,0,,17,,XX,,,,,,,0,,,,,,"-783328,04","-1006932,104","-783328,261","-1006932,787",Louny,Kosmonaut˘,,mÌstnÌkomunikace,,180636.0,,Souhlasn˝sesmÏrem˙seku,Pomal˝,565971.0,272558.0,GN_V0.1UIR-ADR_410,1
40706190072,1,15.0,2019-01-20,0,2030,5,0,0,2,4,0,100,0,0,0,650,2,1,1,1,6,1,1,1,0,0,0,1,1,0,,3,12.0,16,1.0,0.0,1.0,1.0,1.0,3.0,600,3.0,1.0,1.0,,,"-778967,607","-996502,675","-778973,941","-996511,745",,,,silnice1.t¯Ìdy,15,786945.0,,OpaËn˝kesmÏru˙seku,Pomal˝,566349.0,,GN_V0.1UIR-ADR_410,2
40706190073,1,7.0,2019-01-20,0,2120,6,0,0,2,4,0,100,0,0,0,520,2,1,1,1,6,1,1,1,3,3,0,5,1,19,6.0,3,35.0,16,1.0,0.0,1.0,1.0,1.0,12.0,500,2.0,1.0,1.0,,,"-789205,804","-1005206,84","-789205,745","-1005207,333",,,,silnice1.t¯Ìdy,7,2680383.0,,OpaËn˝kesmÏru˙seku,Pomal˝,566624.0,,GN_V0.1UIR-ADR_410,2
40706190074,6,,2019-01-21,1,740,2,0,0,2,1,2,508,0,0,0,500,2,1,1,1,2,1,1,1,0,0,0,1,2,0,,3,35.0,02,1.0,0.0,1.0,0.0,1.0,5.0,300,2.0,1.0,1.0,"-801417,773","-1007444,809","-801417,773","-1007444,809","-801412,98","-1007448,178",éatec,Svatov·clavsk·,,mÌstnÌkomunikace,,2244363.0,,OpaËn˝kesmÏru˙seku,Pomal˝,566985.0,276847.0,GN_V0.1UIR-ADR_410,1
40706190075,3,2495.0,2019-01-21,1,1610,5,0,0,2,4,0,100,0,0,0,320,2,1,1,1,1,1,1,1,0,0,0,1,1,0,,3,21.0,18,3.0,0.0,1.0,0.0,1.0,1.0,300,2.0,1.0,1.0,"-779436,08","-1001272,126","-779435,005","-1001239,339","-779434,744","-1001239,474",,,,silnice3.t¯Ìdy,2495,1362221.0,,Souhlasn˝sesmÏrem˙seku,Pomal˝,546429.0,,GN_V0.1UIR-ADR_410,2