IDENTIFIKA»NÕ »ÕSLO,DRUH POZEMNÕ KOMUNIKACE,»ÕSLO POZEMNÕ KOMUNIKACE,"den, mÏsÌc, rok",,Ëas ,DRUH NEHODY,DRUH SR¡éKY JEDOUCÕCH VOZIDEL,DRUH PEVN… PÿEK¡éKY,CHARAKTER NEHODY,ZAVINÃNÕ NEHODY,ALKOHOL U VINÕKA NEHODY PÿÕTOMEN,HLAVNÕ PÿÕ»INY NEHODY,usmrceno osob,tÏûce zranÏno osob,lehce zranÏno osob,CELKOV¡ HMOTN¡ äKODA,DRUH POVRCHU VOZOVKY,STAV POVRCHU VOZOVKY V DOBÃ NEHODY,STAV KOMUNIKACE,POVÃTRNOSTNÕ PODMÕNKY V DOBÃ NEHODY,VIDITELNOST,ROZHLEDOV… POMÃRY,DÃLENÕ KOMUNIKACE,SITUOV¡NÕ NEHODY NA KOMUNIKACI,ÿÕZENÕ PROVOZU V DOBÃ NEHODY,MÕSTNÕ ⁄PRAVA PÿEDNOSTI V JÕZDÃ,SPECIFICK¡ MÕSTA A OBJEKTY V MÕSTÃ NEHODY,SMÃROV… POMÃRY,PO»ET Z⁄»ASTNÃN›CH VOZIDEL,MÕSTO DOPRAVNÕ NEHODY,DRUH KÿIéUJÕCÕ KOMUNIKACE,DRUH VOZIDLA,V›ROBNÕ ZNA»KA MOTOROV…HO VOZIDLA,ROK V›ROBY VOZIDLA,CHARAKTERISTIKA VOZIDLA ,SMYK,VOZIDLO PO NEHODÃ,"⁄NIK PROVOZNÕCH, PÿEPRAVOVAN›CH HMOT",ZPŸSOB VYPROäTÃNÕ OSOB Z VOZIDLA,SMÃR JÕZDY NEBO POSTAVENÕ VOZIDLA,äKODA NA VOZIDLE,KATEGORIE ÿIDI»E,STAV ÿIDI»E,VNÃJäÕ OVLIVNÃNÕ ÿIDI»E,nan.1,nan.2,nan.3,nan.4,nan.5,nan.6,nan.7,nan.8,nan.9,nan.10,nan.11,nan.12,nan.13,nan.14,nan.15,nan.16,nan.17,nan.18,LOKALITA NEHODY
40706190076,3,2247.0,2019-01-18,5,1960,5,0,0,2,4,0,100,0,0,0,80,2,1,1,1,6,1,1,1,0,0,0,1,1,0,,3,13.0,16,3.0,0.0,1.0,0.0,1.0,3.0,50,2.0,1.0,1.0,,,"-815524,774","-1013871,27","-815526,067","-1013874,688",,,,silnice3.t¯Ìdy,2247,2242974.0,,OpaËn˝kesmÏru˙seku,Pomal˝,566306.0,,GN_V0.1UIR-ADR_410,2
40706190077,6,,2019-01-22,2,1860,2,0,0,2,1,0,508,0,0,0,100,1,1,1,2,5,1,1,1,0,0,10,1,2,0,,17,,XX,,,,,,,0,,,,"-812130,915","-1017649,441","-812128,227","-1017684,393","-812129,355","-1017684,384",Podbo¯any,SÌdliötÏMÌru,,mÌstnÌkomunikace,,786736.0,,Souhlasn˝sesmÏrem˙seku,Pomal˝,566616.0,274496.0,GN_V0.1UIR-ADR_410,1
40706190078,3,22525.0,2019-01-22,2,2140,3,0,1,1,1,9,205,0,0,1,700,2,1,1,1,4,1,1,1,0,0,0,3,1,0,,3,39.0,04,1.0,1.0,1.0,0.0,1.0,3.0,700,2.0,5.0,1.0,"-801294,996","-1006814,024","-801294,996","-1006814,024","-801296,036","-1006811,127",éatec,Chomutovsk·,,silnice3.t¯Ìdy,22525,830255.0,,Souhlasn˝sesmÏrem˙seku,Pomal˝,566985.0,275611.0,GN_V0.1UIR-ADR_410,1
40706190079,3,25013.0,2019-01-23,3,535,1,3,0,2,1,2,410,0,0,0,600,2,1,1,1,4,1,1,1,3,3,0,5,2,19,6.0,3,39.0,02,1.0,0.0,1.0,0.0,1.0,12.0,300,2.0,1.0,1.0,"-784275,175","-1004608,259","-784275,175","-1004608,259","-784271,806","-1004596,629",Leneöice,Husova,,silnice3.t¯Ìdy,25013,830095.0,,OpaËn˝kesmÏru˙seku,Pomal˝,566322.0,271756.0,GN_V0.1UIR-ADR_410,1
40706190080,2,226.0,2019-01-23,3,815,0,0,0,2,7,0,609,0,0,0,250,2,1,1,1,1,1,1,1,0,0,0,1,2,0,,5,29.0,11,3.0,0.0,1.0,0.0,1.0,3.0,100,3.0,1.0,1.0,"-811877,316","-1016708,057","-811877,316","-1016708,057","-811875,037","-1016710,894",Podbo¯any,éateck·,,silnice2.t¯Ìdy,226,786490.0,,OpaËn˝kesmÏru˙seku,Pomal˝,566616.0,274585.0,GN_V0.1UIR-ADR_410,1
40706190081,1,7.0,2019-01-23,3,1330,3,0,4,2,1,2,508,0,0,0,620,2,1,1,1,1,1,3,1,0,0,0,2,1,0,,3,39.0,09,1.0,0.0,1.0,0.0,1.0,1.0,600,2.0,2.0,1.0,"-793976,85","-1004144,07","-793976,85","-1004144,07","-793974,843","-1004140,378",,,,silnice1.t¯Ìdy,7,2680464.0,,Souhlasn˝sesmÏrem˙seku,Pomal˝,565997.0,,GN_V0.1UIR-ADR_410,2
40706190082,2,227.0,2019-01-24,4,1300,1,3,0,2,1,2,402,0,0,0,300,2,1,1,1,1,6,1,1,3,3,0,4,2,19,6.0,3,47.0,15,1.0,0.0,1.0,0.0,1.0,42.0,200,2.0,1.0,1.0,,,"-801144,76","-1008371,986","-801143,767","-1008372,114",éatec,VolyÚsk˝ch»ech˘,,silnice2.t¯Ìdy,227,184585.0,,OpaËn˝kesmÏru˙seku,Pomal˝,566985.0,276839.0,GN_V0.1UIR-ADR_410,1
40706190083,6,,2019-01-24,4,1845,2,0,0,2,1,2,508,0,0,0,160,2,1,1,1,4,1,1,1,0,0,10,1,2,0,,5,26.0,09,3.0,0.0,1.0,0.0,1.0,5.0,10,3.0,1.0,1.0,"-783105,343","-1007118,273","-783105,343","-1007118,273","-783107,286","-1007121,629",Louny,SNP,,mÌstnÌkomunikace,,181234.0,,,Pomal˝,565971.0,,GN_V0.1UIR-ADR_410,1
40706190084,3,2495.0,2019-01-25,5,725,5,0,0,2,4,0,100,0,0,0,520,2,1,1,1,2,1,1,1,0,0,0,1,1,0,,8,77.0,,4.0,0.0,1.0,0.0,1.0,1.0,500,4.0,1.0,1.0,"-778785,834","-1000182,968","-778785,834","-1000182,968","-778782,733","-1000183,208",,,,silnice3.t¯Ìdy,2495,1362201.0,,Souhlasn˝sesmÏrem˙seku,Pomal˝,566241.0,,GN_V0.1UIR-ADR_410,2
40706190085,6,,2019-01-25,5,1160,2,0,0,2,1,0,508,0,0,0,20,2,1,1,1,1,1,1,1,0,0,0,1,2,0,,17,,XX,,,,,,,0,,,,,,"-800436,879","-1008677,501","-800436,954","-1008678,009",éatec,P¯·telstvÌ,,mÌstnÌkomunikace,,185427.0,,OpaËn˝kesmÏru˙seku,Pomal˝,566985.0,276715.0,GN_V0.1UIR-ADR_410,1
40706190086,1,7.0,2019-01-26,6,555,1,4,0,1,1,2,204,0,0,1,1500,2,5,1,5,7,1,1,1,3,3,0,4,2,19,3.0,3,17.0,06,1.0,1.0,1.0,1.0,1.0,31.0,500,3.0,1.0,1.0,"-790181,386","-1005050,63","-790208,267","-1005015,147","-790208,407","-1005014,444",,,,silnice1.t¯Ìdy,7,176756.0,,Souhlasn˝sesmÏrem˙seku,Pomal˝,566624.0,,GN_V0.1UIR-ADR_410,2
40706190087,1,15.0,2019-01-26,6,1815,9,0,0,2,1,2,204,0,0,0,500,2,3,1,5,6,1,1,1,0,0,0,3,1,0,,3,47.0,96,1.0,1.0,1.0,0.0,1.0,3.0,500,2.0,1.0,1.0,,,"-776567,045","-996514,866","-776567,106","-996513,802",,,,silnice1.t¯Ìdy,15,2680455.0,,Souhlasn˝sesmÏrem˙seku,Pomal˝,566349.0,,GN_V0.1UIR-ADR_410,2
40706190088,1,15.0,2019-01-27,0,1030,9,0,0,1,1,2,204,0,0,4,200,2,3,1,1,1,1,1,1,0,0,0,3,1,0,,3,9.0,04,1.0,1.0,1.0,0.0,1.0,3.0,200,2.0,1.0,1.0,"-776633,975","-996523,239","-776633,975","-996523,239","-776633,855","-996513,588",,,,silnice1.t¯Ìdy,15,3308773.0,,Souhlasn˝sesmÏrem˙seku,Pomal˝,566349.0,,GN_V0.1UIR-ADR_410,2
40706190089,6,,2019-01-27,0,2235,2,0,0,2,1,2,508,0,0,0,900,1,3,1,1,4,1,1,1,0,0,0,1,2,0,,7,48.0,14,3.0,0.0,1.0,0.0,1.0,5.0,0,3.0,1.0,1.0,"-783979,463","-1007082,229","-783979,463","-1007082,229","-783963,623","-1007105,331",Louny,ZemÏösk·,,mÌstnÌkomunikace,,3316644.0,,Souhlasn˝sesmÏrem˙seku,Pomal˝,565971.0,273511.0,GN_V0.1UIR-ADR_410,1
40706190090,3,22546.0,2019-01-27,0,2230,5,0,0,2,4,0,100,0,0,0,300,2,1,1,1,6,1,1,1,0,0,0,3,1,0,,3,26.0,16,3.0,0.0,1.0,0.0,1.0,1.0,300,2.0,1.0,1.0,"-788895,379","-1015093,193","-788895,379","-1015093,193","-788881,314","-1015092,079",,,,silnice3.t¯Ìdy,22546,2678650.0,,Souhlasn˝sesmÏrem˙seku,Pomal˝,566217.0,,GN_V0.1UIR-ADR_410,2
40706190091,1,27.0,2019-01-28,1,710,1,2,0,2,1,0,305,0,0,0,200,2,2,1,1,6,1,1,1,0,0,0,1,2,0,,17,,XX,,,,,,,0,,,,"-788888,741","-1015085,289","-808544,108","-1021420,795","-808549,463","-1021422,482",,,,silnice1.t¯Ìdy,27,2243425.0,,OpaËn˝kesmÏru˙seku,Pomal˝,566527.0,,GN_V0.1UIR-ADR_410,2
40706190092,2,250.0,2019-01-28,1,745,3,0,3,2,1,2,205,0,0,0,100,2,6,1,1,2,1,1,1,3,3,0,4,1,19,3.0,3,13.0,02,2.0,1.0,1.0,0.0,1.0,14.0,50,3.0,1.0,1.0,,,"-787554,661","-1001739,987","-787554,319","-1001739,589",,,,silnice2.t¯Ìdy,250,2243283.0,,OpaËn˝kesmÏru˙seku,Pomal˝,566063.0,,GN_V0.1UIR-ADR_410,2
40706190093,6,,2019-01-28,1,800,3,0,3,2,1,0,508,0,0,0,400,2,3,1,1,1,1,1,1,0,0,0,3,1,0,,17,,XX,,,,,,,0,,,,"-800900,552","-1006358,04","-800900,552","-1006358,04","-800900,381","-1006358,156",éatec,Mosteck·,,mÌstnÌkomunikace,,179504.0,,Souhlasn˝sesmÏrem˙seku,Pomal˝,566985.0,276243.0,GN_V0.1UIR-ADR_410,1
40706190094,6,,2019-01-28,1,1830,2,0,0,2,1,2,509,0,0,0,350,2,1,1,1,4,1,1,1,0,0,0,1,2,0,,3,39.0,16,3.0,0.0,1.0,0.0,1.0,5.0,200,2.0,1.0,1.0,"-800544,851","-1005739,156","-800544,851","-1005739,156","-800544,589","-1005727,368",éatec,,,mÌstnÌkomunikace,,1434894.0,,OpaËn˝kesmÏru˙seku,Pomal˝,566985.0,,GN_V0.1UIR-ADR_410,1
40706190095,6,,2019-01-29,2,950,2,0,0,2,1,2,508,0,0,0,50,1,1,1,1,1,1,1,1,0,0,0,1,2,0,,3,47.0,11,3.0,0.0,1.0,0.0,1.0,5.0,0,3.0,1.0,1.0,,,"-781143,704","-1007614,513","-781143,334","-1007614,587",Louny,Platanov·,,mÌstnÌkomunikace,,182321.0,,Souhlasn˝sesmÏrem˙seku,Pomal˝,565971.0,,GN_V0.1UIR-ADR_410,1
40706190096,1,7.0,2019-01-29,2,955,1,4,0,2,1,2,201,0,0,0,800,2,1,1,1,1,1,1,1,3,3,0,5,2,19,6.0,3,2.0,,1.0,0.0,1.0,1.0,1.0,12.0,300,2.0,1.0,1.0,,,"-789163,556","-1005202,594","-789163,613","-1005202,233",,,,silnice1.t¯Ìdy,7,1491303.0,,Souhlasn˝sesmÏrem˙seku,Pomal˝,566624.0,,GN_V0.1UIR-ADR_410,2
40706190097,1,27.0,2019-01-30,3,745,1,1,0,1,1,2,204,0,0,3,1900,2,5,1,6,1,1,1,1,3,3,0,5,2,19,3.0,3,38.0,03,1.0,1.0,1.0,1.0,1.0,12.0,400,2.0,1.0,1.0,,,"-803595,646","-1011418,606","-803595,062","-1011418,775",RADÕ»EVES,,,silnice1.t¯Ìdy,27,192772.0,,Souhlasn˝sesmÏrem˙seku,Pomal˝,566985.0,,GN_V0.1UIR-ADR_410,1
40706190098,1,27.0,2019-01-30,3,1030,1,3,0,2,1,0,501,0,0,0,200,2,1,1,1,1,1,1,1,0,0,0,2,2,0,,17,,XX,,,,,,,0,,,,"-807462,121","-1017049,296","-807519,11","-1017122,414","-807519,621","-1017122,165",,,,silnice1.t¯Ìdy,27,1585908.0,,OpaËn˝kesmÏru˙seku,Pomal˝,566021.0,,GN_V0.1UIR-ADR_410,2
40706190099,6,,2019-01-30,3,1105,1,1,0,2,1,2,405,0,0,0,900,2,1,1,1,1,1,1,1,3,3,0,5,3,10,6.0,3,39.0,02,1.0,0.0,1.0,1.0,1.0,5.0,200,2.0,1.0,1.0,,,"-801550,829","-1008560,112","-801551,479","-1008559,582",éatec,Husova,,mÌstnÌkomunikace,,185226.0,,Souhlasn˝sesmÏrem˙seku,Pomal˝,566985.0,275859.0,GN_V0.1UIR-ADR_410,1
40706190100,3,2513.0,2019-01-30,3,720,5,0,0,2,4,0,100,0,0,0,430,2,1,1,1,2,1,1,1,0,0,0,1,1,0,,3,60.0,18,1.0,0.0,1.0,0.0,1.0,1.0,400,2.0,1.0,1.0,,,"-791934,704","-1003463,47","-791919,51","-1003458,902",,,,silnice3.t¯Ìdy,2513,1360861.0,,Souhlasn˝sesmÏrem˙seku,Pomal˝,565997.0,,GN_V0.1UIR-ADR_410,2
40706190101,8,,2019-01-30,3,1300,2,0,0,2,1,2,508,0,0,0,100,2,1,1,1,1,1,0,1,0,0,0,1,2,0,,3,12.0,07,1.0,0.0,1.0,0.0,1.0,5.0,50,2.0,1.0,1.0,"-782193,945","-1007126,35","-782193,945","-1007126,35","-782192,742","-1007120,134",Louny,Husova,,mÌstnÌkomunikace,,181157.0,,Souhlasn˝sesmÏrem˙seku,Pomal˝,565971.0,272361.0,GN_V0.1UIR-ADR_410,1
40706190102,2,237.0,2019-01-30,3,1200,1,2,0,2,1,2,205,0,0,0,700,2,3,1,1,1,1,1,1,0,0,0,2,2,0,,3,39.0,17,1.0,1.0,1.0,0.0,1.0,1.0,500,2.0,1.0,1.0,,,"-770875,705","-1014407,995","-770873,238","-1014409,022",TELCE,RudÈarm·dy,,silnice2.t¯Ìdy,237,3250162.0,,OpaËn˝kesmÏru˙seku,Pomal˝,566551.0,273929.0,GN_V0.1UIR-ADR_410,1
40706190103,1,7.0,2019-01-30,3,1410,1,3,0,2,1,2,508,0,0,0,300,2,1,1,1,1,1,1,1,3,3,0,5,2,19,3.0,7,62.0,18,3.0,0.0,1.0,0.0,1.0,23.0,0,3.0,1.0,1.0,"-786365,86","-1007093,081","-786331,452","-1007096,307","-786331,494","-1007096,548",,,,silnice1.t¯Ìdy,7,2681352.0,,Souhlasn˝sesmÏrem˙seku,Pomal˝,566624.0,,GN_V0.1UIR-ADR_410,2
40706190104,2,246.0,2019-01-31,4,710,1,4,0,2,1,2,503,0,0,0,200,2,1,1,1,2,1,1,1,3,4,0,7,2,13,6.0,3,37.0,99,1.0,0.0,1.0,0.0,1.0,31.0,50,2.0,1.0,1.0,"-783860,266","-1006947,38","-783783,372","-1006969,426","-783783,164","-1006970,189",Louny,SNP,,silnice2.t¯Ìdy,246,180667.0,,OpaËn˝kesmÏru˙seku,Pomal˝,565971.0,273007.0,GN_V0.1UIR-ADR_410,1
40706190105,8,,2019-01-31,4,1030,1,3,0,2,1,2,508,0,0,0,250,2,1,1,1,1,1,1,1,0,0,10,1,2,0,,3,13.0,17,1.0,0.0,1.0,0.0,1.0,5.0,100,2.0,1.0,1.0,"-783845,399","-1006962,256","-783845,399","-1006962,256","-783845,274","-1006969,43",Louny,Postoloprtsk·,,silnice2.t¯Ìdy,246,729577.0,,OpaËn˝kesmÏru˙seku,Pomal˝,565971.0,688673.0,GN_V0.1UIR-ADR_410,1
40706190106,6,,2019-01-31,4,1405,2,0,0,2,1,2,508,0,0,0,200,1,1,1,1,1,1,1,1,0,0,0,1,2,0,,3,8.0,17,3.0,0.0,1.0,0.0,1.0,5.0,50,2.0,1.0,1.0,"-800894,209","-1007321,758","-800894,209","-1007321,758","-800894,365","-1007321,856",éatec,n·mÏstÌ5.kvÏtna,,mÌstnÌkomunikace,,181701.0,,OpaËn˝kesmÏru˙seku,Pomal˝,566985.0,276324.0,GN_V0.1UIR-ADR_410,1
40706190107,1,28.0,2019-01-31,4,2000,1,4,0,2,1,2,503,0,0,0,1300,2,3,1,1,6,1,1,1,3,3,0,7,2,12,9.0,3,7.0,97,1.0,0.0,1.0,0.0,1.0,24.0,400,2.0,1.0,1.0,"-784538,253","-1007517,657","-784550,618","-1007539,161","-784550,018","-1007539,523",,,,silnice1.t¯Ìdy,28,1586051.0,,OpaËn˝kesmÏru˙seku,Pomal˝,565971.0,,GN_V0.1UIR-ADR_410,2
40806190001,1,27.0,2019-01-01,2,2,5,0,0,2,4,0,100,0,0,0,200,2,1,1,1,6,1,1,1,0,0,0,1,1,0,,3,39.0,17,3.0,0.0,1.0,0.0,1.0,1.0,200,2.0,1.0,1.0,,,"-794388,044","-993721,42","-794366,971","-993733,149",,,,silnice1.t¯Ìdy,27,3308278.0,,Souhlasn˝sesmÏrem˙seku,Pomal˝,567141.0,,GN_V0.1UIR-ADR_410,2
40806190002,6,,2019-01-01,2,1945,4,0,0,1,1,2,412,0,0,1,150,2,3,1,4,5,1,3,1,3,4,1,4,1,10,6.0,3,47.0,15,12.0,0.0,1.0,0.0,1.0,5.0,150,2.0,1.0,1.0,,,"-791322,355","-989110,897","-791322,163","-989111,051",Most,t¯.Budovatel˘,,mÌstnÌkomunikace,,1694595.0,,Souhlasn˝sesmÏrem˙seku,Pomal˝,567027.0,298239.0,GN_V0.1UIR-ADR_410,1
40806190003,2,271.0,2019-01-02,3,445,9,0,0,2,1,2,204,0,0,0,100,2,5,1,1,4,1,1,3,0,0,0,2,1,0,,3,35.0,98,1.0,1.0,1.0,0.0,1.0,1.0,100,2.0,1.0,1.0,,,"-792246,69","-979170,388","-792246,567","-979170,45",LitvÌnov,Mosteck·,,silnice2.t¯Ìdy,271,3336373.0,,Souhlasn˝sesmÏrem˙seku,Pomal˝,567256.0,295485.0,GN_V0.1UIR-ADR_410,1
40806190004,1,13.0,2019-01-02,3,700,5,0,0,2,4,0,100,0,0,0,200,2,3,1,1,6,1,3,1,0,0,0,3,1,0,,3,7.0,09,1.0,0.0,1.0,0.0,1.0,1.0,200,2.0,1.0,1.0,,,"-785361,063","-987906,671","-785360,824","-987905,818",,,,silnice1.t¯Ìdy,13,1362002.0,,Souhlasn˝sesmÏrem˙seku,Pomal˝,567426.0,,GN_V0.1UIR-ADR_410,2
40806190005,2,271.0,2019-01-02,3,1250,1,2,0,2,1,2,204,0,0,0,300,2,5,1,5,3,1,1,1,0,0,0,1,2,0,,3,39.0,12,1.0,0.0,1.0,0.0,1.0,3.0,300,3.0,1.0,1.0,,,"-794190,174","-976762,913","-794189,861","-976762,656",,,,silnice2.t¯Ìdy,271,3338772.0,,OpaËn˝kesmÏru˙seku,Pomal˝,567256.0,,GN_V0.1UIR-ADR_410,2
40806190006,3,2542.0,2019-01-02,3,1430,3,0,9,2,1,2,204,0,0,0,340,2,5,1,5,3,1,1,8,0,0,6,2,1,0,,8,78.0,16,3.0,0.0,1.0,0.0,1.0,3.0,300,4.0,1.0,1.0,,,"-796673,651","-980865,796","-796673,646","-980865,867",HornÌJi¯etÌn,»ernick·,,silnice3.t¯Ìdy,2542,3423389.0,,OpaËn˝kesmÏru˙seku,Pomal˝,567175.0,294322.0,GN_V0.1UIR-ADR_410,1
40806190007,3,2541.0,2019-01-02,3,1505,2,0,0,2,1,2,204,0,0,0,400,2,5,1,1,1,1,1,1,0,0,0,1,2,0,,3,39.0,12,1.0,1.0,1.0,0.0,1.0,3.0,200,3.0,1.0,1.0,,,"-797352,842","-979377,949","-797355,656","-979378,77",HornÌJi¯etÌn,Gen.Svobody,,silnice3.t¯Ìdy,2541,133473.0,,OpaËn˝kesmÏru˙seku,Pomal˝,567175.0,294331.0,GN_V0.1UIR-ADR_410,1
40806190008,1,27.0,2019-01-02,3,1635,1,4,0,2,1,2,503,0,0,0,500,2,6,1,5,7,0,1,1,0,0,0,1,4,0,,3,47.0,98,1.0,0.0,1.0,0.0,1.0,1.0,50,2.0,1.0,1.0,,,"-796409,64","-996719,782","-796400,821","-996725,182",,,,silnice1.t¯Ìdy,27,3350406.0,,Souhlasn˝sesmÏrem˙seku,Pomal˝,567141.0,,GN_V0.1UIR-ADR_410,2
40806190009,1,27.0,2019-01-03,4,545,0,0,0,2,1,2,511,0,0,0,400,2,6,12,6,5,1,1,1,0,0,0,1,1,0,,3,32.0,08,1.0,1.0,1.0,0.0,1.0,3.0,400,2.0,1.0,1.0,,,"-792494,964","-979465,026","-792493,769","-979470,733",,,,silnice1.t¯Ìdy,27,1374470.0,,Souhlasn˝sesmÏrem˙seku,Pomal˝,567256.0,,GN_V0.1UIR-ADR_410,2
40806190010,1,27.0,2019-01-02,3,810,3,0,2,2,1,2,204,0,0,0,110,2,5,1,1,1,3,0,1,0,0,0,3,1,0,,3,39.0,00,1.0,1.0,1.0,0.0,1.0,1.0,100,2.0,1.0,1.0,,,"-792613,914","-979656,486","-792615,086","-979654,796",,,,silnice1.t¯Ìdy,27,134114.0,,Souhlasn˝sesmÏrem˙seku,Pomal˝,567256.0,,GN_V0.1UIR-ADR_410,2
40806190011,1,27.0,2019-01-03,4,820,1,4,0,2,1,2,503,0,0,0,100,2,5,1,5,3,1,1,1,3,3,0,1,2,0,,3,47.0,05,1.0,0.0,1.0,0.0,1.0,1.0,50,2.0,1.0,1.0,,,"-792337,134","-979395,264","-792337,059","-979394,794",,,,silnice1.t¯Ìdy,27,1428752.0,,OpaËn˝kesmÏru˙seku,Pomal˝,567256.0,,GN_V0.1UIR-ADR_410,2
40806190012,1,27.0,2019-01-03,4,750,2,0,0,2,1,2,204,0,0,0,350,2,5,1,6,2,3,0,1,0,0,0,3,2,0,,3,32.0,16,1.0,1.0,1.0,0.0,1.0,1.0,150,2.0,1.0,1.0,,,"-792585,701","-979632,081","-792584,253","-979634,335",,,,silnice1.t¯Ìdy,27,134022.0,,Souhlasn˝sesmÏrem˙seku,Pomal˝,567256.0,,GN_V0.1UIR-ADR_410,2
40806190013,1,27.0,2019-01-03,4,1020,2,0,0,2,1,2,204,0,0,0,850,2,5,1,1,1,3,0,1,0,0,0,3,3,0,,3,39.0,16,3.0,1.0,1.0,0.0,1.0,1.0,500,2.0,1.0,1.0,,,"-792626,386","-979664,047","-792627,05","-979663,089",,,,silnice1.t¯Ìdy,27,134114.0,,Souhlasn˝sesmÏrem˙seku,Pomal˝,567256.0,,GN_V0.1UIR-ADR_410,2
40806190014,3,2566.0,2019-01-03,4,1240,1,3,0,2,1,2,504,0,0,0,500,2,5,1,5,3,1,1,1,0,0,0,1,2,0,,5,64.0,09,3.0,0.0,1.0,0.0,1.0,1.0,0,3.0,1.0,1.0,,,"-792543,564","-975814,997","-792546,386","-975818,434",Mezibo¯Ì,OkruûnÌ,,silnice3.t¯Ìdy,2566,3424703.0,,OpaËn˝kesmÏru˙seku,Pomal˝,567311.0,296643.0,GN_V0.1UIR-ADR_410,1
40806190015,3,25220.0,2019-01-03,4,1420,1,1,0,2,1,2,414,0,0,0,1300,2,6,1,5,3,1,1,1,0,0,0,1,2,0,,8,77.0,16,3.0,0.0,1.0,0.0,1.0,1.0,500,4.0,1.0,1.0,,,"-805345,869","-974518,536","-805342,529","-974515,439",,,,silnice3.t¯Ìdy,25220,2245141.0,,Souhlasn˝sesmÏrem˙seku,Pomal˝,567167.0,294233.0,GN_V0.1UIR-ADR_410,2
40806190016,3,25220.0,2019-01-03,4,1500,1,4,0,2,1,2,503,0,0,0,20,2,8,1,1,1,1,1,1,0,0,0,1,2,0,,3,27.0,18,3.0,1.0,1.0,0.0,1.0,1.0,0,2.0,1.0,1.0,,,"-806073,728","-973795,326","-806078,744","-973801,466",,,,silnice3.t¯Ìdy,25220,2245452.0,,OpaËn˝kesmÏru˙seku,Pomal˝,567078.0,,GN_V0.1UIR-ADR_410,2
40806190017,1,27.0,2019-01-04,5,1240,9,0,0,2,1,2,205,0,0,0,500,2,3,1,1,1,1,1,1,3,3,5,5,1,19,1.0,5,64.0,06,0.0,1.0,1.0,0.0,1.0,13.0,500,4.0,1.0,1.0,,,"-792579,695","-979625,767","-792577,13","-979629,759",,,,silnice1.t¯Ìdy,27,134022.0,,Souhlasn˝sesmÏrem˙seku,Pomal˝,567256.0,,GN_V0.1UIR-ADR_410,2
40806190018,6,,2019-01-01,2,2560,2,0,0,2,1,0,516,0,0,0,50,2,3,1,1,1,1,1,1,0,0,0,1,2,0,,17,,XX,,,,,,,0,,,,,,"-791733,242","-988849,037","-791734,919","-988848,341",Most,»eskoslovenskÈarm·dy,,mÌstnÌkomunikace,,3078813.0,,Souhlasn˝sesmÏrem˙seku,Pomal˝,567027.0,,GN_V0.1UIR-ADR_410,1
40806190019,1,27.0,2019-01-05,6,25,5,0,0,2,4,0,100,0,0,0,200,2,3,1,1,4,1,1,1,0,0,0,1,1,0,,5,12.0,12,1.0,0.0,1.0,0.0,1.0,1.0,150,2.0,1.0,1.0,,,"-793892,94","-992893,903","-793902,697","-992888,611",,,,silnice1.t¯Ìdy,27,3291602.0,,OpaËn˝kesmÏru˙seku,Pomal˝,567299.0,,GN_V0.1UIR-ADR_410,2
40806190020,6,,2019-01-04,5,2560,2,0,0,2,1,0,509,0,0,0,200,2,3,1,1,1,1,1,3,0,0,10,1,2,0,,3,47.0,09,1.0,0.0,1.0,0.0,1.0,5.0,100,2.0,1.0,1.0,,,"-795035,188","-978660,754","-795034,692","-978660,544",LitvÌnov,LuËnÌ,,mÌstnÌkomunikace,,1758553.0,,OpaËn˝kesmÏru˙seku,Pomal˝,567256.0,295060.0,GN_V0.1UIR-ADR_410,1
40806190021,6,,2019-01-05,6,1400,1,4,0,2,1,2,504,0,0,0,310,2,3,1,4,1,1,1,1,0,0,2,1,2,0,,3,47.0,99,1.0,0.0,1.0,0.0,1.0,5.0,10,2.0,1.0,1.0,,,"-790849,773","-990206,512","-790848,171","-990207,166",Most,Topolov·,,mÌstnÌkomunikace,,735837.0,,Souhlasn˝sesmÏrem˙seku,Pomal˝,567027.0,298221.0,GN_V0.1UIR-ADR_410,1
40806190022,3,2564.0,2019-01-06,0,230,5,0,0,2,4,0,100,0,0,0,200,2,3,1,1,6,1,1,1,0,0,0,1,1,0,,3,2.0,11,3.0,0.0,1.0,0.0,1.0,1.0,200,2.0,1.0,1.0,,,"-789885,347","-980847,669","-789883,279","-980843,992",,,,silnice3.t¯Ìdy,2564,136050.0,,OpaËn˝kesmÏru˙seku,Pomal˝,567272.0,,GN_V0.1UIR-ADR_410,2
40806190023,6,,2019-01-06,0,1110,3,0,3,2,1,2,502,0,0,0,220,2,1,1,1,1,1,1,3,0,0,10,1,1,0,,3,1.0,10,1.0,0.0,1.0,0.0,1.0,5.0,200,2.0,1.0,1.0,,,"-791135,811","-989635,844","-791136,313","-989637,536",Most,Ji¯ÌhozPodÏbrad,,mÌstnÌkomunikace,,735827.0,,Souhlasn˝sesmÏrem˙seku,Pomal˝,567027.0,,GN_V0.1UIR-ADR_410,1
40806190024,1,13.0,2019-01-06,0,2020,5,0,0,2,4,0,100,0,0,0,830,2,1,1,1,6,1,3,1,0,0,0,1,1,0,,3,99.0,11,1.0,0.0,1.0,0.0,1.0,1.0,800,2.0,1.0,1.0,,,"-796200,628","-986060,264","-796200,485","-986061,457",,,,silnice1.t¯Ìdy,13,1440490.0,,Souhlasn˝sesmÏrem˙seku,Pomal˝,567027.0,,GN_V0.1UIR-ADR_410,2