IDENTIFIKA»NÕ »ÕSLO,DRUH POZEMNÕ KOMUNIKACE,»ÕSLO POZEMNÕ KOMUNIKACE,"den, mÏsÌc, rok",,Ëas ,DRUH NEHODY,DRUH SR¡éKY JEDOUCÕCH VOZIDEL,DRUH PEVN… PÿEK¡éKY,CHARAKTER NEHODY,ZAVINÃNÕ NEHODY,ALKOHOL U VINÕKA NEHODY PÿÕTOMEN,HLAVNÕ PÿÕ»INY NEHODY,usmrceno osob,tÏûce zranÏno osob,lehce zranÏno osob,CELKOV¡ HMOTN¡ äKODA,DRUH POVRCHU VOZOVKY,STAV POVRCHU VOZOVKY V DOBÃ NEHODY,STAV KOMUNIKACE,POVÃTRNOSTNÕ PODMÕNKY V DOBÃ NEHODY,VIDITELNOST,ROZHLEDOV… POMÃRY,DÃLENÕ KOMUNIKACE,SITUOV¡NÕ NEHODY NA KOMUNIKACI,ÿÕZENÕ PROVOZU V DOBÃ NEHODY,MÕSTNÕ ⁄PRAVA PÿEDNOSTI V JÕZDÃ,SPECIFICK¡ MÕSTA A OBJEKTY V MÕSTÃ NEHODY,SMÃROV… POMÃRY,PO»ET Z⁄»ASTNÃN›CH VOZIDEL,MÕSTO DOPRAVNÕ NEHODY,DRUH KÿIéUJÕCÕ KOMUNIKACE,DRUH VOZIDLA,V›ROBNÕ ZNA»KA MOTOROV…HO VOZIDLA,ROK V›ROBY VOZIDLA,CHARAKTERISTIKA VOZIDLA ,SMYK,VOZIDLO PO NEHODÃ,"⁄NIK PROVOZNÕCH, PÿEPRAVOVAN›CH HMOT",ZPŸSOB VYPROäTÃNÕ OSOB Z VOZIDLA,SMÃR JÕZDY NEBO POSTAVENÕ VOZIDLA,äKODA NA VOZIDLE,KATEGORIE ÿIDI»E,STAV ÿIDI»E,VNÃJäÕ OVLIVNÃNÕ ÿIDI»E,nan.1,nan.2,nan.3,nan.4,nan.5,nan.6,nan.7,nan.8,nan.9,nan.10,nan.11,nan.12,nan.13,nan.14,nan.15,nan.16,nan.17,nan.18,LOKALITA NEHODY
40806190025,6,,2019-01-07,1,450,2,0,0,2,1,2,516,0,0,0,550,2,3,1,1,4,1,1,1,0,0,0,1,2,0,,3,7.0,04,1.0,0.0,1.0,0.0,1.0,5.0,200,2.0,1.0,1.0,,,"-791592,935","-990208,767","-791592,745","-990208,892",Most,Obr·nc˘mÌru,,mÌstnÌkomunikace,,148538.0,,Souhlasn˝sesmÏrem˙seku,Pomal˝,567027.0,297887.0,GN_V0.1UIR-ADR_410,1
40806190026,6,,2019-01-07,1,1205,3,0,6,2,1,2,504,0,0,0,230,2,3,1,1,1,1,1,1,3,5,0,5,1,10,6.0,5,12.0,15,3.0,0.0,1.0,0.0,1.0,5.0,200,2.0,1.0,1.0,,,"-795252,722","-995007,493","-795252,722","-995011,005",HavraÚ,,,mÌstnÌkomunikace,,2245325.0,,Souhlasn˝sesmÏrem˙seku,Pomal˝,567141.0,,GN_V0.1UIR-ADR_410,1
40806190027,6,,2019-01-03,4,600,2,0,0,2,1,0,504,0,0,0,30,2,1,1,1,4,1,1,1,3,5,10,1,2,0,,3,39.0,01,3.0,0.0,1.0,0.0,1.0,5.0,0,9.0,,,,,"-791940,903","-978046,662","-791940,434","-978049,642",LitvÌnov,Podkruönohorsk·,,mÌstnÌkomunikace,,130174.0,,OpaËn˝kesmÏru˙seku,Pomal˝,567256.0,295256.0,GN_V0.1UIR-ADR_410,1
40806190028,1,27.0,2019-01-07,1,2300,3,0,3,2,1,2,202,0,0,0,80,2,3,1,4,5,1,1,1,0,0,0,1,1,0,,3,2.0,17,1.0,0.0,1.0,0.0,1.0,3.0,30,2.0,1.0,1.0,,,"-788471,717","-979471,941","-788471,257","-979472,401",Lom,Oseck·,,silnice1.t¯Ìdy,27,133924.0,,Souhlasn˝sesmÏrem˙seku,Pomal˝,567264.0,296201.0,GN_V0.1UIR-ADR_410,1
40806190029,2,255.0,2019-01-08,2,830,5,0,0,2,4,0,100,0,0,0,300,2,3,1,1,1,1,1,1,0,0,0,2,1,0,,3,26.0,10,3.0,0.0,1.0,0.0,1.0,3.0,300,2.0,1.0,1.0,,,"-793612,937","-994207,704","-793612,753","-994207,553",,,,silnice2.t¯Ìdy,255,3229316.0,,Souhlasn˝sesmÏrem˙seku,Pomal˝,567248.0,,GN_V0.1UIR-ADR_410,2
40806190030,6,,2019-01-08,2,1143,8,3,0,1,1,0,405,0,0,3,10,2,3,1,4,3,1,4,7,3,3,1,4,2,10,6.0,17,,XX,,,,,,,0,,,,,,"-791501,13","-989621,838","-791501,112","-989621,843",Most,t¯.Budovatel˘,,mÌstnÌkomunikace,,1694586.0,,Souhlasn˝sesmÏrem˙seku,Pomal˝,567027.0,298239.0,GN_V0.1UIR-ADR_410,1
40806190031,6,,2019-01-08,2,645,4,0,0,1,1,0,508,0,0,1,0,2,3,1,1,4,1,1,1,0,5,1,2,1,0,,17,,XX,,,,,,,0,,,,,,"-791332,815","-990354,079","-791332,659","-990353,951",Most,1.m·je,,mÌstnÌkomunikace,,3310252.0,,Souhlasn˝sesmÏrem˙seku,Pomal˝,567027.0,296775.0,GN_V0.1UIR-ADR_410,1
40806190032,3,2541.0,2019-01-09,3,800,2,0,0,2,1,2,516,0,0,0,350,2,5,1,5,2,1,1,1,0,0,0,1,2,0,,3,47.0,05,1.0,0.0,1.0,0.0,1.0,3.0,200,3.0,1.0,1.0,,,"-796561,457","-980884,07","-796557,133","-980881,05",HornÌJi¯etÌn,Mosteck·,,silnice3.t¯Ìdy,2541,786143.0,,Souhlasn˝sesmÏrem˙seku,Pomal˝,567175.0,294438.0,GN_V0.1UIR-ADR_410,1
40806190033,3,138.0,2019-01-09,3,1440,1,1,0,2,1,2,204,0,0,0,100,2,6,1,5,3,1,1,1,3,3,0,5,2,19,3.0,3,47.0,03,1.0,1.0,1.0,0.0,1.0,13.0,100,2.0,1.0,1.0,,,"-787957,418","-977013,024","-787957,773","-977011,923",,,,silnice3.t¯Ìdy,0138,1555946.0,,OpaËn˝kesmÏru˙seku,Pomal˝,567264.0,,GN_V0.1UIR-ADR_410,2
40806190034,3,25120.0,2019-01-10,4,1220,1,3,0,2,1,2,502,0,0,0,20,2,1,1,1,1,1,1,1,0,0,0,1,2,0,,3,13.0,05,3.0,0.0,1.0,0.0,1.0,1.0,0,2.0,1.0,1.0,,,"-797315,781","-992919,39","-797318,467","-992924,905",MalÈB¯ezno,,,silnice3.t¯Ìdy,25120,3086573.0,,OpaËn˝kesmÏru˙seku,Pomal˝,567299.0,,GN_V0.1UIR-ADR_410,1
40806190035,6,,2019-01-09,3,2560,2,0,0,2,1,0,502,0,0,0,100,2,1,1,1,4,1,0,8,0,0,10,1,2,0,,17,,XX,,,,,,,0,,,,,,"-791548,749","-989966,738","-791549,17","-989967,395",Most,VÌtaNejedlÈho,,mÌstnÌkomunikace,,148018.0,,OpaËn˝kesmÏru˙seku,Pomal˝,567027.0,298450.0,GN_V0.1UIR-ADR_410,1
40806190036,6,,2019-01-10,4,1415,2,0,0,2,1,0,504,0,0,0,200,2,8,1,5,1,1,1,1,3,5,10,1,2,0,,17,,XX,,,,,,,0,,,,,,"-791699,151","-978974,069","-791699,612","-978973,268",LitvÌnov,»apkova,,mÌstnÌkomunikace,,3336331.0,,,Pomal˝,567256.0,294730.0,GN_V0.1UIR-ADR_410,1
40806190037,6,,2019-01-10,4,1730,0,0,0,1,3,0,100,0,0,1,0,2,3,1,1,4,1,1,1,0,0,1,1,1,0,,8,59.0,08,3.0,0.0,1.0,0.0,1.0,5.0,0,4.0,1.0,1.0,,,"-790346,58","-990291,342","-790345,176","-990291,781",Most,ViöÚov·,,mÌstnÌkomunikace,,1694679.0,,Souhlasn˝sesmÏrem˙seku,Pomal˝,567027.0,298441.0,GN_V0.1UIR-ADR_410,1
40806190038,6,,2019-01-11,5,1330,1,4,0,2,1,2,503,0,0,0,550,2,3,1,5,1,1,1,1,0,0,0,1,2,0,,3,17.0,03,1.0,0.0,1.0,0.0,1.0,5.0,100,2.0,1.0,1.0,,,"-791834,88","-990371,767","-791834,84","-990371,362",Most,ZdeÚkaätÏp·nka,,mÌstnÌkomunikace,,148831.0,,Souhlasn˝sesmÏrem˙seku,Pomal˝,567027.0,298573.0,GN_V0.1UIR-ADR_410,1
40806190039,3,25219.0,2019-01-09,3,830,2,0,0,1,1,0,204,0,0,1,700,2,6,1,5,1,1,1,1,0,0,0,1,2,0,,3,13.0,08,3.0,1.0,1.0,0.0,1.0,1.0,300,2.0,1.0,1.0,,,"-800739,741","-978156,418","-800740,374","-978155,234",Nov·VesvHor·ch,,,silnice3.t¯Ìdy,25219,1028687.0,,Souhlasn˝sesmÏrem˙seku,Pomal˝,567329.0,,GN_V0.1UIR-ADR_410,1
40806190040,3,2564.0,2019-01-11,5,1415,3,0,1,1,1,2,204,0,0,1,400,2,5,1,5,1,1,1,8,0,0,0,2,1,0,,3,32.0,11,1.0,1.0,1.0,0.0,1.0,1.0,400,2.0,1.0,1.0,,,"-791868,082","-977352,992","-791867,366","-977352,585",,,,silnice3.t¯Ìdy,2564,2681787.0,,OpaËn˝kesmÏru˙seku,Pomal˝,567311.0,,GN_V0.1UIR-ADR_410,2
40806190041,2,271.0,2019-01-11,5,1455,1,4,0,2,1,2,503,0,0,0,350,2,3,1,5,1,1,1,1,0,0,0,1,2,0,,3,39.0,06,1.0,0.0,1.0,0.0,1.0,1.0,100,2.0,1.0,1.0,,,"-792356,244","-978707,855","-792356,532","-978707,908",LitvÌnov,UBÌlÈhosloupu,,silnice2.t¯Ìdy,271,3336379.0,,Souhlasn˝sesmÏrem˙seku,Pomal˝,567256.0,295531.0,GN_V0.1UIR-ADR_410,1
40806190042,1,27.0,2019-01-11,5,1725,5,0,0,2,4,0,100,0,0,0,200,2,5,1,4,6,1,1,1,0,0,0,1,1,0,,3,32.0,10,1.0,0.0,1.0,0.0,1.0,1.0,200,2.0,1.0,1.0,,,"-793890,842","-992871,023","-793892,633","-992870,052",,,,silnice1.t¯Ìdy,27,3291602.0,,OpaËn˝kesmÏru˙seku,Pomal˝,567299.0,,GN_V0.1UIR-ADR_410,2
40806190043,1,13.0,2019-01-11,5,630,5,0,0,2,4,0,100,0,0,0,150,2,3,1,1,6,1,3,1,0,0,0,1,1,0,,3,39.0,16,1.0,0.0,1.0,0.0,1.0,1.0,150,2.0,1.0,1.0,,,"-789131,184","-989553,819","-789127,368","-989548,736",,,,silnice1.t¯Ìdy,13,709297.0,,Souhlasn˝sesmÏrem˙seku,Pomal˝,567027.0,298808.0,GN_V0.1UIR-ADR_410,2
40806190044,3,2541.0,2019-01-12,6,220,5,0,0,2,4,0,100,0,0,0,500,2,3,1,1,6,1,1,1,0,0,0,1,1,0,,3,47.0,18,1.0,0.0,1.0,0.0,1.0,1.0,500,3.0,1.0,1.0,,,"-794938,876","-982583,157","-794940,55","-982584,264",,,,silnice3.t¯Ìdy,2541,1692957.0,,OpaËn˝kesmÏru˙seku,Pomal˝,567175.0,,GN_V0.1UIR-ADR_410,2
40806190045,6,,2019-01-11,5,1930,2,0,0,2,1,0,508,0,0,0,100,2,3,1,1,4,1,0,0,0,0,0,1,2,0,,17,,XX,,,,,,,0,,,,,,"-790411,804","-990127,983","-790414,326","-990127,03",Most,UParku,,mÌstnÌkomunikace,,148303.0,,Souhlasn˝sesmÏrem˙seku,Pomal˝,567027.0,298298.0,GN_V0.1UIR-ADR_410,1
40806190046,6,,2019-01-12,6,2030,5,0,0,2,4,0,100,0,0,0,80,2,3,1,1,6,1,1,1,0,0,0,1,1,0,,3,39.0,11,1.0,0.0,1.0,0.0,1.0,5.0,80,2.0,1.0,1.0,,,"-789096,266","-991050,976","-789096,607","-991051,406",,,,mÌstnÌkomunikace,,735585.0,,OpaËn˝kesmÏru˙seku,Pomal˝,567027.0,,GN_V0.1UIR-ADR_410,2
40806190047,6,,2019-01-13,0,530,3,0,9,2,1,2,209,0,0,0,350,2,3,1,1,6,1,1,1,0,0,0,2,1,0,,3,5.0,06,1.0,1.0,1.0,0.0,1.0,5.0,200,2.0,1.0,1.0,,,"-790086,157","-988835,267","-790086,45","-988835,526",Most,Rudolick·,,mÌstnÌkomunikace,,2682645.0,,Souhlasn˝sesmÏrem˙seku,Pomal˝,567027.0,298115.0,GN_V0.1UIR-ADR_410,1
40806190048,6,,2019-01-13,0,1635,0,0,0,2,1,2,504,0,0,0,110,2,3,1,4,2,1,0,0,0,0,0,1,2,0,,3,39.0,98,1.0,0.0,1.0,0.0,1.0,6.0,10,2.0,1.0,1.0,,,"-790536,714","-977633,678","-790537,046","-977633,763",LitvÌnov,,,mÌstnÌkomunikace,,2681738.0,,Souhlasn˝sesmÏrem˙seku,Pomal˝,567256.0,,GN_V0.1UIR-ADR_410,1
40806190049,3,138.0,2019-01-14,1,1300,1,3,0,2,1,2,403,0,0,0,250,2,3,1,1,1,1,1,1,3,3,0,7,2,19,6.0,3,35.0,99,1.0,0.0,1.0,0.0,1.0,12.0,50,2.0,1.0,1.0,,,"-791121,069","-978507,248","-791118,596","-978509,997",LitvÌnov,S.K.Neumanna,,silnice3.t¯Ìdy,0138,3424239.0,,Souhlasn˝sesmÏrem˙seku,Pomal˝,567256.0,295345.0,GN_V0.1UIR-ADR_410,1
40806190050,6,,2019-01-14,1,1440,0,0,0,2,1,2,504,0,0,0,30,2,3,1,5,1,1,1,1,0,0,10,1,2,0,,3,32.0,09,1.0,0.0,1.0,0.0,1.0,5.0,10,2.0,1.0,1.0,,,"-792478,442","-978184,294","-792479,471","-978185,048",LitvÌnov,Podkruönohorsk·,,mÌstnÌkomunikace,,2683110.0,,Souhlasn˝sesmÏrem˙seku,Pomal˝,567256.0,,GN_V0.1UIR-ADR_410,1
40806190051,1,27.0,2019-01-14,1,1610,3,0,9,1,1,2,204,0,0,2,300,2,5,1,5,1,1,1,3,0,0,0,2,1,0,,3,31.0,99,1.0,1.0,1.0,0.0,1.0,1.0,200,2.0,1.0,1.0,,,"-792348,012","-979388,863","-792348,721","-979392,767",,,,silnice1.t¯Ìdy,27,1428752.0,,Souhlasn˝sesmÏrem˙seku,Pomal˝,567256.0,,GN_V0.1UIR-ADR_410,2
40806190052,6,,2019-01-14,1,1705,1,4,0,1,1,2,503,0,0,1,800,2,8,1,5,5,1,1,1,3,3,1,5,2,10,6.0,8,59.0,08,5.0,0.0,1.0,0.0,1.0,5.0,400,4.0,1.0,1.0,,,"-790780,725","-989983,101","-790783,311","-989986,483",Most,JanaPalacha,,mÌstnÌkomunikace,,1585720.0,,OpaËn˝kesmÏru˙seku,Pomal˝,567027.0,297232.0,GN_V0.1UIR-ADR_410,1
40806190053,6,,2019-01-14,1,1840,1,4,0,2,1,2,503,0,0,0,400,2,6,1,1,4,1,1,1,3,3,2,4,2,10,6.0,3,39.0,05,1.0,1.0,1.0,0.0,1.0,5.0,100,2.0,1.0,1.0,,,"-791294,332","-990049,12","-791294,842","-990048,764",Most,PodäibenÌkem,,mÌstnÌkomunikace,,148101.0,,OpaËn˝kesmÏru˙seku,Pomal˝,567027.0,297976.0,GN_V0.1UIR-ADR_410,1
40806190054,6,,2019-01-14,1,1840,0,0,0,2,1,2,204,0,0,0,400,2,6,1,6,5,1,3,1,0,0,2,1,2,0,,3,60.0,06,3.0,0.0,1.0,0.0,1.0,5.0,300,2.0,1.0,1.0,,,"-790557,987","-989229,497","-790557,975","-989229,386",Most,Moskevsk·,,mÌstnÌkomunikace,,146459.0,,Souhlasn˝sesmÏrem˙seku,Pomal˝,567027.0,297780.0,GN_V0.1UIR-ADR_410,1
40806190055,6,,2019-01-15,2,2560,2,0,0,2,1,0,516,0,0,0,50,2,3,1,3,1,1,1,2,0,0,0,1,2,0,,17,,XX,,,,,,,0,,,,,,"-790193,45","-988829,996","-790193,593","-988830,128",Most,K.H.M·chy,,mÌstnÌkomunikace,,1585626.0,,OpaËn˝kesmÏru˙seku,Pomal˝,567027.0,297500.0,GN_V0.1UIR-ADR_410,1
40806190056,6,,2019-01-15,2,1625,1,2,0,2,1,2,403,0,0,0,1000,2,3,1,3,3,1,0,1,3,3,1,7,2,10,6.0,3,26.0,18,3.0,0.0,1.0,0.0,1.0,5.0,800,3.0,1.0,1.0,,,"-791226,811","-987907,031","-791226,703","-987907,168",Most,»sl.arm·dy,,mÌstnÌkomunikace,,709232.0,,Souhlasn˝sesmÏrem˙seku,Pomal˝,567027.0,296953.0,GN_V0.1UIR-ADR_410,1
40806190057,1,27.0,2019-01-16,3,1520,1,1,0,1,1,2,501,0,0,2,1800,2,1,1,1,1,1,1,1,0,0,0,1,2,0,,3,39.0,16,1.0,0.0,1.0,1.0,1.0,3.0,1200,2.0,1.0,1.0,,,"-790658,606","-991538,217","-790658,23","-991537,507",Most,Praûsk·,,silnice1.t¯Ìdy,27,1585544.0,,Souhlasn˝sesmÏrem˙seku,Pomal˝,567027.0,298034.0,GN_V0.1UIR-ADR_410,1
40806190058,1,13.0,2019-01-16,3,1930,5,0,0,2,4,0,100,0,0,0,230,2,1,1,1,6,1,3,1,0,0,5,1,1,0,,3,1.0,01,1.0,0.0,0.0,1.0,1.0,3.0,200,2.0,1.0,1.0,,,"-791143,586","-987586,176","-791143,489","-987586,158",,,,silnice1.t¯Ìdy,13,1440551.0,,Souhlasn˝sesmÏrem˙seku,Pomal˝,567027.0,,GN_V0.1UIR-ADR_410,2
40806190059,3,133.0,2019-01-17,4,440,1,3,0,1,1,2,402,0,0,1,500,2,3,1,1,4,1,1,1,3,3,2,4,2,29,6.0,3,13.0,99,1.0,0.0,1.0,0.0,1.0,43.0,300,2.0,1.0,1.0,,,"-794157,668","-978813,049","-794157,668","-978813,028",LitvÌnov,Podkruönohorsk·,,silnice3.t¯Ìdy,0133,2683073.0,,Souhlasn˝sesmÏrem˙seku,Pomal˝,567256.0,295256.0,GN_V0.1UIR-ADR_410,1
40806190060,1,27.0,2019-01-17,4,455,9,0,0,2,1,2,204,0,0,0,800,2,3,12,1,6,1,1,1,0,0,0,2,1,0,,3,39.0,11,1.0,1.0,1.0,0.0,1.0,3.0,800,2.0,1.0,1.0,,,"-794847,713","-994588,913","-794841,538","-994592,557",,,,silnice1.t¯Ìdy,27,3291592.0,,Souhlasn˝sesmÏrem˙seku,Pomal˝,567141.0,,GN_V0.1UIR-ADR_410,2
40806190061,1,27.0,2019-01-17,4,740,5,0,0,2,4,0,100,0,0,0,250,2,1,1,1,2,1,1,1,0,0,0,1,1,0,,3,39.0,17,3.0,0.0,1.0,0.0,1.0,1.0,200,2.0,1.0,1.0,,,"-792763,044","-991448,584","-792763,265","-991447,032",,,,silnice1.t¯Ìdy,27,2681963.0,,Souhlasn˝sesmÏrem˙seku,Pomal˝,567027.0,703320.0,GN_V0.1UIR-ADR_410,2
40806190062,6,,2019-01-17,4,830,3,0,6,2,1,2,502,0,0,0,450,2,1,1,1,1,1,1,1,0,0,0,1,1,0,,7,62.0,13,3.0,0.0,1.0,0.0,1.0,5.0,0,3.0,1.0,1.0,,,"-790164,574","-988862,619","-790165,834","-988863,371",Most,K.H.M·chy,,mÌstnÌkomunikace,,145887.0,,OpaËn˝kesmÏru˙seku,Pomal˝,567027.0,297500.0,GN_V0.1UIR-ADR_410,1
40806190063,6,,2019-01-17,4,1510,1,4,0,2,1,2,503,0,0,0,180,2,1,1,1,1,1,1,1,3,5,1,1,2,0,,3,39.0,09,12.0,0.0,1.0,0.0,1.0,5.0,150,2.0,1.0,1.0,,,"-791946,128","-989445,388","-791944,826","-989442,968",Most,FrantiökaHalase,,mÌstnÌkomunikace,,2682757.0,,Souhlasn˝sesmÏrem˙seku,Pomal˝,567027.0,297046.0,GN_V0.1UIR-ADR_410,1
40806190064,6,,2019-01-16,3,2560,2,0,0,2,1,0,516,0,0,0,200,2,1,1,1,1,1,1,1,3,5,10,1,2,0,,17,,XX,,,,,,,0,,,,,,"-789868,056","-990435,21","-789869,26","-990435,715",Most,JosefaäevËÌka,,mÌstnÌkomunikace,,148977.0,,Souhlasn˝sesmÏrem˙seku,Pomal˝,567027.0,297411.0,GN_V0.1UIR-ADR_410,1
40806190065,1,13.0,2019-01-18,5,615,1,4,0,2,1,2,503,0,0,0,20,2,6,1,5,5,1,1,1,3,5,0,2,2,0,,3,47.0,98,1.0,0.0,1.0,0.0,1.0,1.0,20,2.0,1.0,1.0,,,"-785487,267","-987882,632","-785487,106","-987881,001",,,,silnice1.t¯Ìdy,13,1362002.0,,Souhlasn˝sesmÏrem˙seku,Pomal˝,567426.0,,GN_V0.1UIR-ADR_410,2
40806190066,2,271.0,2019-01-18,5,703,0,0,0,2,1,2,204,0,0,0,150,2,6,1,5,5,1,1,1,3,5,5,2,1,0,,3,39.0,09,1.0,1.0,1.0,0.0,1.0,3.0,50,2.0,1.0,1.0,,,"-792252,662","-979176,574","-792250,226","-979177,789",LitvÌnov,Mosteck·,,silnice2.t¯Ìdy,271,3336373.0,,Souhlasn˝sesmÏrem˙seku,Pomal˝,567256.0,295485.0,GN_V0.1UIR-ADR_410,1
40806190067,3,2541.0,2019-01-18,5,600,5,0,0,2,4,0,100,0,0,0,550,2,6,1,5,7,1,1,1,0,0,0,1,1,0,,3,39.0,16,2.0,0.0,1.0,0.0,1.0,1.0,500,2.0,1.0,1.0,,,"-795541,181","-981991,312","-795539,269","-981986,349",,,,silnice3.t¯Ìdy,2541,2245433.0,,Souhlasn˝sesmÏrem˙seku,Pomal˝,567175.0,,GN_V0.1UIR-ADR_410,2
40806190068,6,,2019-01-19,6,1957,8,2,0,2,1,2,414,0,0,0,400,2,1,1,1,4,1,5,7,3,3,1,4,2,10,6.0,3,13.0,05,1.0,0.0,1.0,0.0,1.0,5.0,300,2.0,1.0,1.0,,,"-791490,434","-989596,01","-791492,465","-989595,347",Most,t¯.Budovatel˘,,mÌstnÌkomunikace,,1694586.0,,Souhlasn˝sesmÏrem˙seku,Pomal˝,567027.0,298239.0,GN_V0.1UIR-ADR_410,1
40806190069,6,,2019-01-20,0,211,2,0,0,2,1,9,511,0,0,0,700,2,1,1,1,4,1,0,0,0,0,10,1,4,0,,3,39.0,06,1.0,0.0,1.0,0.0,1.0,5.0,100,2.0,5.0,1.0,,,"-790789,722","-990103,134","-790778,256","-990107,588",Most,Topolov·,,mÌstnÌkomunikace,,148296.0,,OpaËn˝kesmÏru˙seku,Pomal˝,567027.0,,GN_V0.1UIR-ADR_410,1
40806190070,6,,2019-01-18,5,2560,2,0,0,2,1,0,508,0,0,0,100,2,3,1,1,1,1,0,1,3,3,0,1,2,0,,17,,XX,,,,,,,0,,,,,,"-791426,867","-978611,335","-791426,885","-978611,279",LitvÌnov,Jir·skova,,mÌstnÌkomunikace,,2690714.0,,OpaËn˝kesmÏru˙seku,Pomal˝,567256.0,,GN_V0.1UIR-ADR_410,1
40806190071,6,,2019-01-21,1,540,2,0,0,2,1,2,204,0,0,0,450,2,9,1,6,4,1,1,1,3,5,0,5,2,10,6.0,3,39.0,15,1.0,1.0,1.0,0.0,1.0,5.0,300,2.0,1.0,1.0,,,"-789965,71","-989868,094","-789966,452","-989866,689",Most,BohuslavaMartin˘,,mÌstnÌkomunikace,,147691.0,,Souhlasn˝sesmÏrem˙seku,Pomal˝,567027.0,296881.0,GN_V0.1UIR-ADR_410,1
40806190072,6,,2019-01-21,1,1460,2,0,0,2,1,0,516,0,0,0,50,1,1,1,1,1,1,1,8,0,0,10,1,2,0,,17,,XX,,,,,,,0,,,,,,"-791357,243","-989279,448","-791355,156","-989280,121",Most,T¯ÌdaBudovatel˘,,mÌstnÌkomunikace,,735730.0,,Souhlasn˝sesmÏrem˙seku,Pomal˝,567027.0,,GN_V0.1UIR-ADR_410,1
40806190073,6,,2019-01-20,0,2560,2,0,0,2,1,0,511,0,0,0,50,2,1,1,1,4,1,0,0,0,0,10,1,2,0,,17,,XX,,,,,,,0,,,,,,"-790048,551","-990580,719","-790047,873","-990579,733",Most,FrantiökaMalÌka,,mÌstnÌkomunikace,,2690228.0,,Souhlasn˝sesmÏrem˙seku,Pomal˝,567027.0,297038.0,GN_V0.1UIR-ADR_410,1
40806190074,6,,2019-01-22,2,1205,1,4,0,2,1,2,503,0,0,0,1400,2,3,1,1,1,1,1,1,3,3,1,5,2,10,6.0,3,47.0,18,3.0,0.0,1.0,0.0,1.0,5.0,800,2.0,1.0,1.0,,,"-791655,881","-988660,939","-791654,795","-988661,363",Most,»sl.arm·dy,,mÌstnÌkomunikace,,2682710.0,,Souhlasn˝sesmÏrem˙seku,Pomal˝,567027.0,296953.0,GN_V0.1UIR-ADR_410,1
40806190075,6,,2019-01-21,1,2560,2,0,0,2,1,0,516,0,0,0,100,2,1,1,1,1,1,1,1,3,5,10,1,2,0,,17,,XX,,,,,,,0,,,,,,"-790731,559","-990330,407","-790730,886","-990331,277",Most,Javorov·,,mÌstnÌkomunikace,,1694684.0,,OpaËn˝kesmÏru˙seku,Pomal˝,567027.0,297330.0,GN_V0.1UIR-ADR_410,1
40806190076,3,25310.0,2019-01-22,2,1945,3,0,6,2,1,2,205,0,0,0,300,2,1,1,1,4,1,1,6,0,0,5,2,1,0,,3,13.0,01,1.0,0.0,1.0,0.0,1.0,3.0,300,2.0,1.0,1.0,,,"-787547,414","-989680,408","-787547,388","-989680,359",Obrnice,MÌrov·,,silnice3.t¯Ìdy,25310,3423972.0,,Souhlasn˝sesmÏrem˙seku,Pomal˝,567337.0,298883.0,GN_V0.1UIR-ADR_410,1
40806190077,6,,2019-01-22,2,1560,0,0,0,2,1,0,511,0,0,0,100,2,3,1,1,1,1,0,0,0,0,0,1,2,0,,17,,XX,,,,,,,0,,,,,,"-790639,503","-990850,327","-790638,346","-990850,64",Most,,,mÌstnÌkomunikace,,1427133.0,,OpaËn˝kesmÏru˙seku,Pomal˝,567027.0,,GN_V0.1UIR-ADR_410,1
40806190078,6,,2019-01-23,3,1100,0,0,0,1,1,2,516,0,0,1,0,2,3,1,1,1,1,1,1,0,0,0,1,1,0,,8,78.0,13,3.0,0.0,1.0,0.0,1.0,5.0,0,4.0,1.0,1.0,,,"-793129,56","-978552,894","-793129,112","-978553,71",LitvÌnov,Podkruönohorsk·,,mÌstnÌkomunikace,,2682974.0,,Souhlasn˝sesmÏrem˙seku,Pomal˝,567256.0,295256.0,GN_V0.1UIR-ADR_410,1
40806190079,6,,2019-01-23,3,1300,4,0,0,1,1,0,412,0,0,1,0,2,1,1,1,1,1,1,0,0,0,1,1,1,0,,17,,XX,,,,,,,0,,,,,,"-791965,741","-978590,027","-791965,744","-978590,008",LitvÌnov,Studentsk·,,mÌstnÌkomunikace,,2684070.0,,Souhlasn˝sesmÏrem˙seku,Pomal˝,567256.0,295396.0,GN_V0.1UIR-ADR_410,1
40806190080,6,,2019-01-23,3,1325,2,0,0,2,1,0,502,0,0,0,20,2,3,1,1,1,1,1,1,0,0,0,1,2,0,,17,,XX,,,,,,,0,,,,,,"-790320,043","-988596,456","-790321,91","-988596,264",Most,Rudolick·,,mÌstnÌkomunikace,,145323.0,,Souhlasn˝sesmÏrem˙seku,Pomal˝,567027.0,298115.0,GN_V0.1UIR-ADR_410,1
40806190081,6,,2019-01-22,2,1600,0,0,0,2,1,0,508,0,0,0,400,2,6,1,1,1,1,0,0,0,0,0,1,2,0,,17,,XX,,,,,,,0,,,,,,"-792135,571","-978723,535","-792131,851","-978722,717",LitvÌnov,,,mÌstnÌkomunikace,,2683249.0,,,Pomal˝,567256.0,,GN_V0.1UIR-ADR_410,1
40806190082,6,,2019-01-23,3,2240,3,0,3,2,1,0,204,0,0,0,100,2,3,1,1,4,1,1,1,3,3,0,7,1,10,6.0,3,39.0,03,1.0,1.0,4.0,1.0,1.0,5.0,50,9.0,,,,,"-791941,756","-989450,764","-791942,219","-989451,627",Most,FrantiökaHalase,,mÌstnÌkomunikace,,3371467.0,,Souhlasn˝sesmÏrem˙seku,Pomal˝,567027.0,297046.0,GN_V0.1UIR-ADR_410,1
40806190083,1,27.0,2019-01-23,3,2560,2,0,0,2,1,0,508,0,0,0,200,2,3,1,1,1,1,1,0,3,5,10,1,2,0,,17,,XX,,,,,,,0,,,,,,"-788357,824","-979364,922","-788360,63","-979362,108",Lom,Oseck·,,silnice1.t¯Ìdy,27,133924.0,,OpaËn˝kesmÏru˙seku,Pomal˝,567264.0,296201.0,GN_V0.1UIR-ADR_410,1