IDENTIFIKA»NÕ »ÕSLO,DRUH POZEMNÕ KOMUNIKACE,»ÕSLO POZEMNÕ KOMUNIKACE,"den, mÏsÌc, rok",,Ëas ,DRUH NEHODY,DRUH SR¡éKY JEDOUCÕCH VOZIDEL,DRUH PEVN… PÿEK¡éKY,CHARAKTER NEHODY,ZAVINÃNÕ NEHODY,ALKOHOL U VINÕKA NEHODY PÿÕTOMEN,HLAVNÕ PÿÕ»INY NEHODY,usmrceno osob,tÏûce zranÏno osob,lehce zranÏno osob,CELKOV¡ HMOTN¡ äKODA,DRUH POVRCHU VOZOVKY,STAV POVRCHU VOZOVKY V DOBÃ NEHODY,STAV KOMUNIKACE,POVÃTRNOSTNÕ PODMÕNKY V DOBÃ NEHODY,VIDITELNOST,ROZHLEDOV… POMÃRY,DÃLENÕ KOMUNIKACE,SITUOV¡NÕ NEHODY NA KOMUNIKACI,ÿÕZENÕ PROVOZU V DOBÃ NEHODY,MÕSTNÕ ⁄PRAVA PÿEDNOSTI V JÕZDÃ,SPECIFICK¡ MÕSTA A OBJEKTY V MÕSTÃ NEHODY,SMÃROV… POMÃRY,PO»ET Z⁄»ASTNÃN›CH VOZIDEL,MÕSTO DOPRAVNÕ NEHODY,DRUH KÿIéUJÕCÕ KOMUNIKACE,DRUH VOZIDLA,V›ROBNÕ ZNA»KA MOTOROV…HO VOZIDLA,ROK V›ROBY VOZIDLA,CHARAKTERISTIKA VOZIDLA ,SMYK,VOZIDLO PO NEHODÃ,"⁄NIK PROVOZNÕCH, PÿEPRAVOVAN›CH HMOT",ZPŸSOB VYPROäTÃNÕ OSOB Z VOZIDLA,SMÃR JÕZDY NEBO POSTAVENÕ VOZIDLA,äKODA NA VOZIDLE,KATEGORIE ÿIDI»E,STAV ÿIDI»E,VNÃJäÕ OVLIVNÃNÕ ÿIDI»E,nan.1,nan.2,nan.3,nan.4,nan.5,nan.6,nan.7,nan.8,nan.9,nan.10,nan.11,nan.12,nan.13,nan.14,nan.15,nan.16,nan.17,nan.18,LOKALITA NEHODY
40806190084,6,,2019-01-24,4,1255,0,0,0,1,1,2,508,0,0,1,0,2,1,1,1,1,1,1,1,0,0,2,1,1,0,,3,60.0,11,1.0,0.0,1.0,0.0,1.0,5.0,0,2.0,1.0,1.0,,,"-791312,533","-989700,572","-791311,446","-989696,935",Most,JaroslavaPr˘chy,,mÌstnÌkomunikace,,147389.0,,Souhlasn˝sesmÏrem˙seku,Pomal˝,567027.0,297291.0,GN_V0.1UIR-ADR_410,1
40806190085,6,,2019-01-24,4,1360,2,0,0,2,1,0,508,0,0,0,50,2,3,1,1,1,1,0,1,3,5,10,1,2,0,,17,,XX,,,,,,,0,,,,,,"-789891,631","-990433,471","-789891,032","-990435,077",Most,JosefaäevËÌka,,mÌstnÌkomunikace,,2684470.0,,Souhlasn˝sesmÏrem˙seku,Pomal˝,567027.0,297411.0,GN_V0.1UIR-ADR_410,1
40806190086,6,,2019-01-24,4,2560,2,0,0,2,1,0,502,0,0,0,100,1,1,1,1,1,1,1,8,0,0,10,1,2,0,,17,,XX,,,,,,,0,,,,,,"-791859,973","-990675,363","-791860,018","-990675,477",Most,t¯.Budovatel˘,,mÌstnÌkomunikace,,149492.0,,OpaËn˝kesmÏru˙seku,Pomal˝,567027.0,298239.0,GN_V0.1UIR-ADR_410,1
40806190087,6,,2019-01-25,5,2120,2,0,0,2,1,2,504,0,0,0,400,2,1,1,1,4,1,1,1,0,0,10,1,2,0,,3,47.0,15,3.0,0.0,1.0,0.0,1.0,5.0,200,2.0,1.0,1.0,,,"-790271,135","-990336,157","-790271,013","-990335,867",Most,Komo¯ansk·,,mÌstnÌkomunikace,,735847.0,,Souhlasn˝sesmÏrem˙seku,Pomal˝,567027.0,297445.0,GN_V0.1UIR-ADR_410,1
40806190088,6,,2019-01-25,5,2255,5,0,0,2,4,0,100,0,0,0,100,2,1,1,1,4,1,1,1,0,0,0,1,1,0,,3,39.0,09,12.0,0.0,1.0,0.0,1.0,5.0,100,2.0,1.0,1.0,,,"-792461,65","-989457,872","-792460,851","-989458,645",Most,PodKoÚsk˝mvrchem,,mÌstnÌkomunikace,,1694421.0,,Souhlasn˝sesmÏrem˙seku,Pomal˝,567027.0,297941.0,GN_V0.1UIR-ADR_410,1
40806190089,3,2541.0,2019-01-26,6,1238,3,0,1,2,1,2,204,0,0,0,800,2,5,1,5,3,1,1,8,3,5,0,2,1,0,,3,17.0,17,3.0,1.0,1.0,0.0,1.0,3.0,800,2.0,1.0,1.0,,,"-794942,819","-982580,937","-794942,771","-982580,905",,,,silnice3.t¯Ìdy,2541,1692957.0,,Souhlasn˝sesmÏrem˙seku,Pomal˝,567175.0,,GN_V0.1UIR-ADR_410,2
40806190090,6,,2019-01-26,6,1430,2,0,0,2,1,2,504,0,0,0,50,2,3,1,3,1,1,1,3,3,3,10,5,2,10,6.0,5,19.0,12,3.0,0.0,1.0,0.0,1.0,5.0,0,3.0,1.0,1.0,,,"-790825,622","-990771,459","-790826,654","-990772,07",Most,Kpt.Jaroöe,,mÌstnÌkomunikace,,149741.0,,Souhlasn˝sesmÏrem˙seku,Pomal˝,567027.0,297593.0,GN_V0.1UIR-ADR_410,1
40806190091,2,271.0,2019-01-26,6,1430,1,3,0,2,1,2,204,0,0,0,1000,2,3,1,4,1,1,1,1,3,5,0,2,2,0,,3,7.0,08,1.0,1.0,1.0,0.0,1.0,3.0,200,2.0,1.0,1.0,,,"-792913,426","-978255,266","-792912,882","-978252,636",,,,silnice2.t¯Ìdy,271,1691813.0,,OpaËn˝kesmÏru˙seku,Pomal˝,567256.0,,GN_V0.1UIR-ADR_410,2
40806190092,6,,2019-01-26,6,2560,2,0,0,2,1,0,502,0,0,0,100,2,1,1,1,1,1,1,3,0,0,10,1,2,0,,17,,XX,,,,,,,0,,,,,,"-790811,914","-990509,978","-790809,795","-990510,719",Most,Lipov·,,mÌstnÌkomunikace,,1633018.0,,Souhlasn˝sesmÏrem˙seku,Pomal˝,567027.0,,GN_V0.1UIR-ADR_410,1
40806190093,6,,2019-01-25,5,2560,2,0,0,2,1,0,502,0,0,0,50,2,1,1,1,2,1,1,3,0,0,10,1,2,0,,17,,XX,,,,,,,0,,,,,,"-791481,959","-989501,139","-791481,795","-989501,194",Most,M.G.Dobnera,,mÌstnÌkomunikace,,1724294.0,,,Pomal˝,567027.0,,GN_V0.1UIR-ADR_410,1
40806190094,6,,2019-01-28,1,550,0,0,0,2,1,2,504,0,0,0,20,2,3,1,1,4,1,0,0,0,0,0,1,2,0,,3,35.0,02,1.0,0.0,1.0,0.0,1.0,5.0,20,2.0,1.0,1.0,,,"-790178,531","-988990,269","-790172,807","-988992,177",Most,Moskevsk·,,mÌstnÌkomunikace,,2682599.0,,OpaËn˝kesmÏru˙seku,Pomal˝,567027.0,,GN_V0.1UIR-ADR_410,1
40806190095,1,27.0,2019-01-28,1,725,0,0,0,1,1,2,516,0,0,1,0,2,3,1,1,2,1,1,1,3,3,1,1,1,0,,3,39.0,12,1.0,0.0,1.0,0.0,1.0,1.0,0,2.0,1.0,1.0,,,"-788620,689","-979603,053","-788616,455","-979607,746",Lom,Oseck·,,silnice1.t¯Ìdy,27,133924.0,,Souhlasn˝sesmÏrem˙seku,Pomal˝,567264.0,296201.0,GN_V0.1UIR-ADR_410,1
40806190096,6,,2019-01-28,1,720,3,0,2,2,1,2,504,0,0,0,300,2,6,1,6,2,1,1,1,3,3,0,1,1,0,,5,35.0,08,3.0,0.0,1.0,0.0,1.0,5.0,200,3.0,1.0,1.0,,,"-792307,376","-978698,396","-792307,084","-978700,185",LitvÌnov,,,mÌstnÌkomunikace,,2683263.0,,Souhlasn˝sesmÏrem˙seku,Pomal˝,567256.0,,GN_V0.1UIR-ADR_410,1
40806190097,3,2572.0,2019-01-28,1,740,3,0,4,2,1,2,204,0,0,0,900,2,6,1,6,2,1,1,1,3,3,0,5,1,19,3.0,3,39.0,07,1.0,0.0,1.0,0.0,1.0,12.0,700,2.0,1.0,1.0,,,"-783565,767","-988857,88","-783561,362","-988850,087",,,,silnice3.t¯Ìdy,2572,2245198.0,,Souhlasn˝sesmÏrem˙seku,Pomal˝,567426.0,,GN_V0.1UIR-ADR_410,2
40806190098,3,272.0,2019-01-28,1,1330,0,0,0,1,1,9,204,0,0,1,1000,2,3,1,1,1,1,1,1,0,0,0,1,1,0,,3,39.0,08,3.0,0.0,1.0,0.0,1.0,1.0,1000,2.0,5.0,1.0,,,"-794834,639","-985071,466","-794835,833","-985070,365",,,,silnice3.t¯Ìdy,0272,2684172.0,,OpaËn˝kesmÏru˙seku,Pomal˝,567027.0,,GN_V0.1UIR-ADR_410,2
40806190099,1,13.0,2019-01-29,2,458,5,0,0,2,4,0,100,0,0,0,550,2,1,1,1,6,1,3,1,0,0,0,3,1,0,,3,13.0,17,3.0,0.0,1.0,0.0,1.0,3.0,500,3.0,1.0,1.0,,,"-792395,794","-986379,413","-792396,068","-986380,119",,,,silnice1.t¯Ìdy,13,1542690.0,,Souhlasn˝sesmÏrem˙seku,Pomal˝,567027.0,,GN_V0.1UIR-ADR_410,2
40806190100,6,,2019-01-29,2,1701,5,0,0,2,4,0,100,0,0,0,100,2,1,1,1,2,1,1,1,0,0,0,1,1,0,,3,46.0,16,14.0,0.0,1.0,0.0,1.0,5.0,100,2.0,1.0,1.0,,,"-796076,672","-987643,225","-796066,924","-987643,229",,,,mÌstnÌkomunikace,,3343193.0,,Souhlasn˝sesmÏrem˙seku,Pomal˝,567027.0,,GN_V0.1UIR-ADR_410,2
40806190101,6,,2019-01-29,2,2210,2,0,0,2,1,2,504,0,0,0,220,2,3,1,1,6,1,1,1,0,0,0,1,2,0,,6,26.0,13,1.0,0.0,1.0,0.0,1.0,5.0,0,4.0,1.0,1.0,,,"-791632,648","-986945,844","-791632,259","-986946,712",Most,HraniËnÌ,,mÌstnÌkomunikace,,143035.0,,Souhlasn˝sesmÏrem˙seku,Pomal˝,567027.0,297119.0,GN_V0.1UIR-ADR_410,1
40806190102,6,,2019-01-29,2,2560,3,0,9,2,1,0,502,0,0,0,100,2,1,1,1,1,1,1,3,0,0,0,1,1,0,,17,,XX,,,,,,,0,,,,,,"-791757,15","-989498,448","-791758,641","-989503,255",Most,V.NezvalauËp.2614,,mÌstnÌkomunikace,,2681876.0,,Souhlasn˝sesmÏrem˙seku,Pomal˝,567027.0,,GN_V0.1UIR-ADR_410,1
40806190103,1,27.0,2019-01-31,4,620,3,0,1,2,1,2,209,0,0,0,300,2,1,1,1,6,1,1,1,0,0,0,3,1,0,,3,32.0,00,1.0,0.0,1.0,0.0,1.0,1.0,300,2.0,1.0,1.0,,,"-794873,263","-994649,448","-794873,286","-994649,435",HavraÚ,,,silnice1.t¯Ìdy,27,1585956.0,,OpaËn˝kesmÏru˙seku,Pomal˝,567141.0,,GN_V0.1UIR-ADR_410,1
40806190104,2,271.0,2019-01-31,4,1110,1,4,0,2,1,2,503,0,0,0,550,2,5,1,1,1,1,1,1,0,0,10,1,2,0,,3,47.0,08,1.0,1.0,1.0,0.0,1.0,3.0,150,3.0,1.0,1.0,,,"-794482,238","-974952,138","-794482,174","-974952,096",KlÌny,,,silnice2.t¯Ìdy,271,3411587.0,,OpaËn˝kesmÏru˙seku,Pomal˝,567191.0,,GN_V0.1UIR-ADR_410,1
40806190105,6,,2019-01-31,4,2560,2,0,0,2,1,0,516,0,0,0,200,2,1,1,1,1,1,1,1,3,5,10,1,2,0,,17,,XX,,,,,,,0,,,,,,"-791062,66","-988310,876","-791057,283","-988311,767",Most,V.MajakovskÈho,,mÌstnÌkomunikace,,3449486.0,,,Pomal˝,567027.0,,GN_V0.1UIR-ADR_410,1
40906190001,6,,2019-01-01,2,550,3,0,9,2,1,0,508,0,0,0,200,2,1,1,1,4,1,1,1,0,0,0,3,2,0,,17,,XX,,,,,,,0,,,,,,"-781004,54","-985691,367","-781005,717","-985693,63",BÌlina,LitomÏ¯ick·,,mÌstnÌkomunikace,,141653.0,,OpaËn˝kesmÏru˙seku,Pomal˝,567451.0,582905.0,GN_V0.1UIR-ADR_410,1
40906190002,6,,2019-01-01,2,735,1,1,0,2,2,1,501,0,0,0,151,2,3,1,3,2,2,1,1,3,5,0,5,2,10,6.0,13,0.0,,1.0,0.0,1.0,0.0,1.0,5.0,1,8.0,4.0,1.0,"-780954,7","-974031,03","-780935,358","-974029,956","-780934,612","-974030,412",Koöùany,Smetanova,,mÌstnÌkomunikace,,120642.0,,OpaËn˝kesmÏru˙seku,Pomal˝,567621.0,586072.0,GN_V0.1UIR-ADR_410,1
40906190003,6,,2019-01-01,2,835,3,0,9,2,1,2,205,0,0,0,300,2,3,1,3,3,1,4,1,2,0,1,5,1,10,6.0,3,39.0,16,12.0,0.0,1.0,1.0,1.0,5.0,300,2.0,1.0,1.0,"-775674,285","-975539,743","-775751,631","-975570,896","-775751,621","-975570,916",Teplice,N·draûnÌn·mÏstÌ,,mÌstnÌkomunikace,,3316862.0,,Souhlasn˝sesmÏrem˙seku,Pomal˝,567442.0,590673.0,GN_V0.1UIR-ADR_410,1
40906190004,6,,2019-01-01,2,1625,1,2,0,2,1,2,501,0,0,0,400,2,3,1,4,2,1,1,1,0,0,0,2,2,0,,3,47.0,,1.0,0.0,1.0,0.0,1.0,5.0,150,2.0,1.0,1.0,"-782972,868","-973526,496","-783063,643","-973521,124","-783062,644","-973520,874",Hrob,Duchcovsk·,,mÌstnÌkomunikace,,1431919.0,,OpaËn˝kesmÏru˙seku,Pomal˝,567558.0,585645.0,GN_V0.1UIR-ADR_410,1
40906190005,6,,2019-01-02,3,1355,2,0,0,2,1,2,511,0,0,0,300,2,6,1,6,3,1,1,1,0,0,10,1,2,0,,11,0.0,,5.0,1.0,1.0,0.0,1.0,5.0,100,4.0,1.0,1.0,"-775657,131","-976366,254","-775657,131","-976366,254","-775661,617","-976348,902",Teplice,Ml˝nsk·,,mÌstnÌkomunikace,,1696289.0,,Souhlasn˝sesmÏrem˙seku,Pomal˝,567442.0,590371.0,GN_V0.1UIR-ADR_410,1
40906190006,3,1310.0,2019-01-02,3,1400,3,0,1,2,1,2,204,0,0,0,400,2,6,1,5,3,1,1,1,0,0,0,3,1,0,,3,39.0,03,3.0,1.0,1.0,0.0,1.0,3.0,400,2.0,1.0,1.0,,,"-788038,266","-976320,886","-788040,203","-976321,918",,,,silnice3.t¯Ìdy,01310,2247321.0,,OpaËn˝kesmÏru˙seku,Pomal˝,567779.0,,GN_V0.1UIR-ADR_410,2
40906190007,6,,2019-01-02,3,1450,3,0,9,2,1,2,204,0,0,0,150,2,6,1,5,3,1,1,1,0,0,7,1,1,0,,3,8.0,11,1.0,1.0,1.0,0.0,1.0,5.0,100,2.0,1.0,1.0,"-778836,881","-973066,81","-778836,881","-973066,81","-778839,478","-973066,556",DubÌ,n·mÏstÌSvobody,,mÌstnÌkomunikace,,1427505.0,,OpaËn˝kesmÏru˙seku,Pomal˝,567507.0,584291.0,GN_V0.1UIR-ADR_410,1
40906190008,6,,2019-01-02,3,1530,1,3,0,2,1,2,403,0,0,0,830,2,6,1,6,3,1,1,1,3,3,0,4,2,10,6.0,3,26.0,06,1.0,1.0,1.0,0.0,1.0,5.0,500,2.0,1.0,1.0,"-776429,672","-973808,682","-776418,392","-973793,105","-776418,383","-973793,1",Novosedlice,Byst¯ick·,,mÌstnÌkomunikace,,1871645.0,,Souhlasn˝sesmÏrem˙seku,Pomal˝,567752.0,587494.0,GN_V0.1UIR-ADR_410,1
40906190009,6,,2019-01-02,3,1910,9,0,0,2,1,2,204,0,0,0,500,2,6,1,1,4,1,1,1,0,0,0,3,1,0,,3,39.0,18,3.0,1.0,1.0,0.0,1.0,5.0,500,2.0,1.0,1.0,"-780777,442","-975284,123","-780777,442","-975284,123","-780782,807","-975278,523",JenÌkov,,,mÌstnÌkomunikace,,1490498.0,,Souhlasn˝sesmÏrem˙seku,Pomal˝,567582.0,,GN_V0.1UIR-ADR_410,1
40906190010,6,,2019-01-03,4,838,1,4,0,2,1,2,503,0,0,0,250,2,6,1,6,3,1,0,1,3,3,0,1,2,0,,3,39.0,08,1.0,1.0,1.0,0.0,1.0,5.0,200,2.0,1.0,1.0,"-774857,784","-974463,955","-774858,858","-974451,601","-774858,869","-974451,617",Teplice,KarlaAksamita,,mÌstnÌkomunikace,,121481.0,,Souhlasn˝sesmÏrem˙seku,Pomal˝,567442.0,589969.0,GN_V0.1UIR-ADR_410,1
40906190011,6,,2019-01-03,4,1320,3,0,8,2,1,2,403,0,0,0,300,2,8,1,5,3,1,1,1,3,3,2,4,2,10,6.0,3,39.0,03,1.0,0.0,1.0,0.0,1.0,5.0,0,2.0,1.0,1.0,"-774632,099","-974639,069","-774633,71","-974595,025","-774633,71","-974595,029",Teplice,P¯Ìtkovsk·,,mÌstnÌkomunikace,,1696390.0,,Souhlasn˝sesmÏrem˙seku,Pomal˝,567442.0,591041.0,GN_V0.1UIR-ADR_410,1
40906190012,6,,2019-01-03,4,1440,2,0,0,2,1,2,204,0,0,0,700,2,8,1,5,1,1,0,1,0,0,0,3,3,0,,3,39.0,18,3.0,1.0,1.0,0.0,1.0,5.0,300,2.0,1.0,1.0,,,"-776331,856","-975735,603","-776330,775","-975735,176",Teplice,Dubsk·,,mÌstnÌkomunikace,,124456.0,,Souhlasn˝sesmÏrem˙seku,Pomal˝,567442.0,589381.0,GN_V0.1UIR-ADR_410,1
40906190013,6,,2019-01-03,4,1540,1,2,0,2,1,2,204,0,0,0,1330,2,5,1,6,3,1,1,1,0,0,0,1,2,0,,3,47.0,08,1.0,1.0,1.0,0.0,1.0,5.0,500,2.0,1.0,1.0,,,"-779322,95","-982653,92","-779323,018","-982653,587",SvÏtec,N·draûnÌ,,mÌstnÌkomunikace,,137970.0,,OpaËn˝kesmÏru˙seku,Pomal˝,567841.0,588580.0,GN_V0.1UIR-ADR_410,1
40906190014,1,13.0,2019-01-04,5,658,9,0,0,2,1,2,508,0,0,0,300,2,3,1,1,6,1,3,1,0,0,0,2,1,0,,3,39.0,17,1.0,0.0,1.0,0.0,1.0,3.0,300,2.0,1.0,1.0,"-776152,625","-977995,274","-776184,316","-977859,919","-776183,568","-977859,76",,,,silnice1.t¯Ìdy,13,750811.0,,Souhlasn˝sesmÏrem˙seku,Pomal˝,567442.0,,GN_V0.1UIR-ADR_410,2
40906190015,6,,2019-01-03,4,2560,3,0,2,2,1,0,508,0,0,0,260,2,3,1,5,5,1,1,1,0,0,0,1,1,0,,3,47.0,98,1.0,1.0,1.0,0.0,1.0,5.0,250,9.0,,,"-780177,24","-983429,203","-780163,275","-983408,255","-780162,562","-983408,94",,,,mÌstnÌkomunikace,,1429899.0,,Souhlasn˝sesmÏrem˙seku,Pomal˝,567451.0,,GN_V0.1UIR-ADR_410,2
40906190016,6,,2019-01-04,5,2060,2,0,0,2,1,0,508,0,0,0,200,2,3,1,1,4,1,0,1,0,0,0,1,2,0,,17,,XX,,,,,,,0,,,,,,"-774653,997","-975996,747","-774650,256","-976001,059",Teplice,Josefaäafa¯Ìka,,mÌstnÌkomunikace,,125272.0,,Souhlasn˝sesmÏrem˙seku,Pomal˝,567442.0,589802.0,GN_V0.1UIR-ADR_410,1
40906190017,6,,2019-01-05,6,720,2,0,0,2,1,0,508,0,0,0,50,2,3,1,3,4,1,1,3,0,0,0,1,2,0,,17,,XX,,,,,,,0,,,,"-776207,716","-973858,467","-776207,716","-973858,467","-776206,247","-973857,612",Novosedlice,DrahÈnsk·,,mÌstnÌkomunikace,,1696055.0,,Souhlasn˝sesmÏrem˙seku,Pomal˝,567752.0,587516.0,GN_V0.1UIR-ADR_410,1
40906190018,6,,2019-01-05,6,1200,2,0,0,2,1,0,508,0,0,0,100,2,3,1,1,1,1,1,3,0,0,0,1,2,0,,3,32.0,06,1.0,0.0,1.0,0.0,1.0,5.0,0,2.0,1.0,1.0,"-776341,292","-976559,463","-776341,292","-976559,463","-776344,585","-976543,681",Teplice,Uz·mku,,mÌstnÌkomunikace,,3291668.0,,Souhlasn˝sesmÏrem˙seku,Pomal˝,567442.0,591751.0,GN_V0.1UIR-ADR_410,1
40906190019,2,258.0,2019-01-05,6,1615,4,0,0,1,1,9,508,0,0,1,150,2,3,1,3,2,1,1,3,0,0,0,1,1,0,,3,39.0,01,1.0,0.0,1.0,0.0,1.0,1.0,150,2.0,5.0,1.0,"-779238,306","-981520,361","-779238,306","-981520,361","-779227,335","-981500,841",,,,silnice2.t¯Ìdy,258,871868.0,,OpaËn˝kesmÏru˙seku,Pomal˝,567531.0,,GN_V0.1UIR-ADR_410,2
40906190020,2,254.0,2019-01-06,0,620,5,0,0,2,4,0,100,0,0,0,150,2,3,1,1,6,1,1,1,0,0,0,1,1,0,,3,60.0,11,1.0,0.0,1.0,0.0,1.0,1.0,150,2.0,1.0,1.0,"-783014,88","-978048,113","-783014,343","-978044,891","-783013,462","-978044,081",Duchcov,Oseck·,,silnice2.t¯Ìdy,254,785567.0,,OpaËn˝kesmÏru˙seku,Pomal˝,567515.0,585068.0,GN_V0.1UIR-ADR_410,1
40906190021,6,,2019-01-06,0,920,3,0,2,2,1,9,508,0,0,0,1410,2,3,1,1,1,1,1,8,0,0,0,1,1,0,,7,26.0,11,3.0,0.0,1.0,0.0,1.0,5.0,800,3.0,5.0,1.0,,,"-776724,008","-975682,875","-776723,256","-975684,135",Teplice,H¯bitovnÌ,,mÌstnÌkomunikace,,124357.0,,Souhlasn˝sesmÏrem˙seku,Pomal˝,567442.0,589675.0,GN_V0.1UIR-ADR_410,1
40906190022,6,,2019-01-06,0,2260,3,0,9,2,1,0,508,0,0,0,200,2,3,1,3,4,1,1,8,0,0,0,1,1,0,,17,,XX,,,,,,,0,,,,"-784592,101","-975338,248","-784592,101","-975338,248","-784586,024","-975331,45",H·juDuchcova,LesnÌstezka,,mÌstnÌkomunikace,,1431852.0,,Souhlasn˝sesmÏrem˙seku,Pomal˝,567523.0,585432.0,GN_V0.1UIR-ADR_410,1
40906190023,2,257.0,2019-01-07,1,600,5,0,0,2,4,0,100,0,0,0,230,2,3,1,3,7,1,1,1,0,0,0,1,1,0,,3,39.0,05,1.0,0.0,1.0,0.0,1.0,1.0,200,3.0,1.0,1.0,"-780834,28","-994118,98","-780833,206","-994120,054","-780832,941","-994120,082",,,,silnice2.t¯Ìdy,257,2247327.0,,OpaËn˝kesmÏru˙seku,Pomal˝,567698.0,,GN_V0.1UIR-ADR_410,2
40906190024,6,,2019-01-07,1,750,1,1,0,2,1,2,508,0,0,0,2420,2,3,1,4,2,1,2,1,2,0,0,5,2,10,6.0,3,42.0,15,1.0,0.0,1.0,1.0,1.0,5.0,900,2.0,1.0,1.0,"-775389,622","-975385,644","-775404,662","-975387,255","-775404,781","-975387,054",Teplice,Hr·znÌ,,mÌstnÌkomunikace,,2540429.0,,OpaËn˝kesmÏru˙seku,Pomal˝,567442.0,589641.0,GN_V0.1UIR-ADR_410,1
40906190025,3,25343.0,2019-01-07,1,730,3,0,1,2,1,2,508,0,0,0,1000,2,3,1,4,2,1,1,8,0,0,0,3,1,0,,3,60.0,15,1.0,0.0,1.0,0.0,1.0,1.0,1000,2.0,1.0,1.0,"-773565,511","-976345,857","-773565,511","-976345,857","-773558,997","-976335,083",,,,silnice3.t¯Ìdy,25343,3366074.0,,Souhlasn˝sesmÏrem˙seku,Pomal˝,567442.0,,GN_V0.1UIR-ADR_410,2
40906190026,6,,2019-01-07,1,1315,1,1,0,2,1,2,401,0,0,0,1200,2,3,1,4,3,1,1,1,2,0,2,4,2,10,6.0,8,99.0,14,5.0,0.0,1.0,0.0,1.0,5.0,700,4.0,1.0,1.0,"-776396,665","-976442,039","-776418,687","-976413,035","-776418,116","-976413,134",Teplice,AlejnÌ,,mÌstnÌkomunikace,,1696242.0,,Souhlasn˝sesmÏrem˙seku,Pomal˝,567442.0,589004.0,GN_V0.1UIR-ADR_410,1
40906190027,2,257.0,2019-01-07,1,1520,9,0,0,1,1,2,204,0,0,1,400,2,3,1,3,1,1,1,8,0,0,0,3,1,0,,3,38.0,03,1.0,1.0,1.0,0.0,1.0,1.0,400,2.0,1.0,1.0,"-781251,591","-991015,035","-781251,591","-991015,035","-781255,866","-991013,41",,,,silnice2.t¯Ìdy,257,3086747.0,,Souhlasn˝sesmÏrem˙seku,Pomal˝,567566.0,,GN_V0.1UIR-ADR_410,2
40906190028,6,,2019-01-07,1,2560,2,0,0,2,1,0,508,0,0,0,50,2,3,1,4,1,1,0,0,0,0,10,1,2,0,,17,,XX,,,,,,,0,,,,"-775220,095","-975208,368","-775220,095","-975208,368","-775230,454","-975204,295",Teplice,Masarykovat¯Ìda,,mÌstnÌkomunikace,,1790948.0,,Souhlasn˝sesmÏrem˙seku,Pomal˝,567442.0,,GN_V0.1UIR-ADR_410,1
40906190029,6,,2019-01-08,2,2560,2,0,0,2,1,0,508,0,0,0,50,2,3,1,3,5,1,1,1,0,0,10,1,2,0,,3,13.0,06,1.0,0.0,1.0,0.0,1.0,5.0,30,2.0,1.0,1.0,"-782457,391","-978549,971","-782457,391","-978549,971","-782467,382","-978548,614",Duchcov,VrchlickÈho,,mÌstnÌkomunikace,,2538680.0,,OpaËn˝kesmÏru˙seku,Pomal˝,567515.0,585335.0,GN_V0.1UIR-ADR_410,1
40906190030,6,,2019-01-08,2,2560,2,0,0,2,1,0,502,0,0,0,80,2,3,1,4,1,1,1,3,0,0,0,1,2,0,,17,,XX,,,,,,,0,,,,"-774808,945","-975895,527","-774808,945","-975895,527","-774811,518","-975895,309",Teplice,Heydukova,,mÌstnÌkomunikace,,124867.0,,OpaËn˝kesmÏru˙seku,Pomal˝,567442.0,589594.0,GN_V0.1UIR-ADR_410,1
40906190031,2,253.0,2019-01-09,3,715,9,0,0,2,1,2,204,0,0,0,300,2,5,1,5,5,1,1,8,0,0,0,1,1,0,,3,1.0,18,1.0,1.0,1.0,0.0,1.0,3.0,300,2.0,1.0,1.0,"-769881,792","-971691,031","-769881,792","-971691,031","-769882,973","-971685,704",,,,silnice2.t¯Ìdy,253,3087014.0,,OpaËn˝kesmÏru˙seku,Pomal˝,567639.0,,GN_V0.1UIR-ADR_410,2
40906190032,6,,2019-01-09,3,1025,1,2,0,2,1,2,409,0,0,0,700,2,3,1,5,1,1,4,1,0,0,0,1,2,0,,3,39.0,12,1.0,0.0,1.0,0.0,1.0,5.0,400,2.0,1.0,1.0,"-775685,217","-975554,446","-775685,217","-975554,446","-775687,786","-975549,288",Teplice,N·draûnÌn·mÏstÌ,,mÌstnÌkomunikace,,3291670.0,,Souhlasn˝sesmÏrem˙seku,Pomal˝,567442.0,590673.0,GN_V0.1UIR-ADR_410,1
40906190033,2,254.0,2019-01-09,3,1450,1,4,0,1,1,2,508,0,0,2,1950,2,3,1,5,3,1,1,1,3,3,0,5,3,19,6.0,3,39.0,09,1.0,0.0,1.0,0.0,1.0,31.0,1000,2.0,1.0,1.0,"-776697,763","-975986,125","-776697,763","-975986,125","-776697,505","-975984,816",Teplice,JateËnÌ,,silnice2.t¯Ìdy,254,1427569.0,,OpaËn˝kesmÏru˙seku,Pomal˝,567442.0,589764.0,GN_V0.1UIR-ADR_410,1
40906190034,6,,2019-01-10,4,457,2,0,0,2,1,0,508,0,0,0,220,1,3,1,1,4,1,1,1,0,0,10,1,2,0,,3,39.0,00,1.0,0.0,1.0,0.0,1.0,5.0,20,3.0,1.0,1.0,"-776726,721","-977387,884","-776726,721","-977387,884","-776711,239","-977377,777",Teplice,Opavsk·,,mÌstnÌkomunikace,,2540617.0,,Souhlasn˝sesmÏrem˙seku,Pomal˝,567442.0,590746.0,GN_V0.1UIR-ADR_410,1