IDENTIFIKA»NÕ »ÕSLO,DRUH POZEMNÕ KOMUNIKACE,»ÕSLO POZEMNÕ KOMUNIKACE,"den, mÏsÌc, rok",,Ëas ,DRUH NEHODY,DRUH SR¡éKY JEDOUCÕCH VOZIDEL,DRUH PEVN… PÿEK¡éKY,CHARAKTER NEHODY,ZAVINÃNÕ NEHODY,ALKOHOL U VINÕKA NEHODY PÿÕTOMEN,HLAVNÕ PÿÕ»INY NEHODY,usmrceno osob,tÏûce zranÏno osob,lehce zranÏno osob,CELKOV¡ HMOTN¡ äKODA,DRUH POVRCHU VOZOVKY,STAV POVRCHU VOZOVKY V DOBÃ NEHODY,STAV KOMUNIKACE,POVÃTRNOSTNÕ PODMÕNKY V DOBÃ NEHODY,VIDITELNOST,ROZHLEDOV… POMÃRY,DÃLENÕ KOMUNIKACE,SITUOV¡NÕ NEHODY NA KOMUNIKACI,ÿÕZENÕ PROVOZU V DOBÃ NEHODY,MÕSTNÕ ⁄PRAVA PÿEDNOSTI V JÕZDÃ,SPECIFICK¡ MÕSTA A OBJEKTY V MÕSTÃ NEHODY,SMÃROV… POMÃRY,PO»ET Z⁄»ASTNÃN›CH VOZIDEL,MÕSTO DOPRAVNÕ NEHODY,DRUH KÿIéUJÕCÕ KOMUNIKACE,DRUH VOZIDLA,V›ROBNÕ ZNA»KA MOTOROV…HO VOZIDLA,ROK V›ROBY VOZIDLA,CHARAKTERISTIKA VOZIDLA ,SMYK,VOZIDLO PO NEHODÃ,"⁄NIK PROVOZNÕCH, PÿEPRAVOVAN›CH HMOT",ZPŸSOB VYPROäTÃNÕ OSOB Z VOZIDLA,SMÃR JÕZDY NEBO POSTAVENÕ VOZIDLA,äKODA NA VOZIDLE,KATEGORIE ÿIDI»E,STAV ÿIDI»E,VNÃJäÕ OVLIVNÃNÕ ÿIDI»E,nan.1,nan.2,nan.3,nan.4,nan.5,nan.6,nan.7,nan.8,nan.9,nan.10,nan.11,nan.12,nan.13,nan.14,nan.15,nan.16,nan.17,nan.18,LOKALITA NEHODY
40906190035,1,13.0,2019-01-10,4,830,3,0,4,2,1,2,205,0,0,0,400,2,3,1,5,3,1,3,1,0,0,0,3,1,0,,3,13.0,11,1.0,0.0,1.0,0.0,1.0,1.0,250,2.0,1.0,1.0,"-776845,387","-979496,965","-776845,387","-979497,502","-776845,558","-979496,538",,,,silnice1.t¯Ìdy,13,1696297.0,,Souhlasn˝sesmÏrem˙seku,Pomal˝,567604.0,,GN_V0.1UIR-ADR_410,2
40906190036,6,,2019-01-07,1,2560,2,0,0,2,1,0,508,0,0,0,100,2,5,1,1,1,1,1,1,0,0,0,1,2,0,,17,,XX,,,,,,,0,,,,,,"-781208,555","-972114,174","-781204,024","-972120,263",Koöùany,SÌdliötÏ,,mÌstnÌkomunikace,,2539530.0,,Souhlasn˝sesmÏrem˙seku,Pomal˝,567621.0,586056.0,GN_V0.1UIR-ADR_410,1
40906190037,6,,2019-01-10,4,1725,1,3,0,2,1,0,504,0,0,0,20,1,3,1,1,4,1,1,1,0,0,0,1,2,0,,3,13.0,13,1.0,0.0,1.0,0.0,1.0,5.0,0,9.0,,,"-777558,281","-973609,571","-777558,281","-973609,571","-777559,001","-973602,802",DubÌ,Rusk·,,mÌstnÌkomunikace,,1542232.0,,Souhlasn˝sesmÏrem˙seku,Pomal˝,567507.0,,GN_V0.1UIR-ADR_410,1
40906190038,6,,2019-01-10,4,1750,1,2,0,2,1,0,502,0,0,0,30,2,3,1,1,4,1,1,1,0,0,0,1,2,0,,17,,XX,,,,,,,0,,,,"-775510,622","-975631,57","-775499,342","-975578,392","-775500,178","-975577,447",Teplice,Masarykovat¯Ìda,,mÌstnÌkomunikace,,124056.0,,OpaËn˝kesmÏru˙seku,Pomal˝,567442.0,590339.0,GN_V0.1UIR-ADR_410,1
40906190039,6,,2019-01-11,5,1025,1,4,0,1,1,2,503,0,0,1,300,2,3,1,5,1,1,1,1,0,0,2,1,2,0,,3,39.0,00,1.0,0.0,1.0,0.0,1.0,5.0,200,2.0,1.0,1.0,"-780587,844","-984510,502","-780587,844","-984510,502","-780589,702","-984509,177",BÌlina,Teplick·,,mÌstnÌkomunikace,,140224.0,,OpaËn˝kesmÏru˙seku,Pomal˝,567451.0,583278.0,GN_V0.1UIR-ADR_410,1
40906190040,6,,2019-01-11,5,1160,2,0,0,2,1,0,504,0,0,0,40,2,8,1,5,3,1,0,0,0,0,10,1,2,0,,17,,XX,,,,,,,0,,,,"-781348,091","-984156,859","-781348,091","-984156,859","-781379,886","-984141,069",BÌlina,D˘lnÌ,,mÌstnÌkomunikace,,139796.0,,,Pomal˝,567451.0,,GN_V0.1UIR-ADR_410,1
40906190041,6,,2019-01-11,5,1330,3,0,2,2,1,2,508,0,0,0,100,1,6,1,5,3,1,1,1,0,0,0,1,1,0,,5,26.0,17,1.0,0.0,1.0,0.0,1.0,5.0,0,2.0,1.0,1.0,,,"-776214,275","-976085,486","-776214,275","-976085,669",Teplice,Krupsk·,,mÌstnÌkomunikace,,3214810.0,,,Pomal˝,567442.0,590096.0,GN_V0.1UIR-ADR_410,1
40906190042,6,,2019-01-10,4,2560,2,0,0,2,1,0,508,0,0,0,100,2,3,1,5,1,1,0,3,0,0,0,1,2,0,,17,,XX,,,,,,,0,,,,"-780404,587","-985673,07","-780404,587","-985673,07","-780398,661","-985672,951",BÌlina,»apkova,,mÌstnÌkomunikace,,2685268.0,,Souhlasn˝sesmÏrem˙seku,Pomal˝,567451.0,582492.0,GN_V0.1UIR-ADR_410,1
40906190043,6,,2019-01-10,4,2560,2,0,0,2,1,0,508,0,0,0,80,2,3,1,1,1,1,1,3,0,0,0,1,2,0,,17,,XX,,,,,,,0,,,,,,"-775495,679","-975684,411","-775494,663","-975685,493",Teplice,Ji¯ÌhoWolkera,,mÌstnÌkomunikace,,124575.0,,Souhlasn˝sesmÏrem˙seku,Pomal˝,567442.0,589781.0,GN_V0.1UIR-ADR_410,1
40906190044,6,,2019-01-11,5,1830,2,0,0,2,1,0,508,0,0,0,100,2,3,1,3,4,1,0,0,0,0,0,1,2,0,,3,44.0,11,1.0,0.0,1.0,0.0,1.0,5.0,0,2.0,1.0,1.0,"-775395,577","-974990,191","-775395,577","-974990,191","-775397,137","-974991,456",Teplice,ul.N·kladnÌ,,mÌstnÌkomunikace,,733704.0,,Souhlasn˝sesmÏrem˙seku,Pomal˝,567442.0,,GN_V0.1UIR-ADR_410,1
40906190045,6,,2019-01-11,5,2560,2,0,0,2,1,0,508,0,0,0,150,2,8,1,1,1,1,0,1,0,0,0,1,2,0,,17,,XX,,,,,,,0,,,,,,"-771464,445","-971571,867","-771464,528","-971571,982",Krupka,Dukelsk˝chhrdin˘,,mÌstnÌkomunikace,,830760.0,,Souhlasn˝sesmÏrem˙seku,Pomal˝,567639.0,586439.0,GN_V0.1UIR-ADR_410,1
40906190046,6,,2019-01-12,6,2560,2,0,0,2,1,0,508,0,0,0,200,2,3,1,1,1,1,1,1,0,0,0,1,2,0,,17,,XX,,,,,,,0,,,,,,"-776784,183","-976165,479","-776784,377","-976171,493",Teplice,NaStÌnadlech,,mÌstnÌkomunikace,,1490458.0,,OpaËn˝kesmÏru˙seku,Pomal˝,567442.0,590568.0,GN_V0.1UIR-ADR_410,1
40906190047,6,,2019-01-11,5,2560,2,0,0,2,1,0,508,0,0,0,300,2,3,1,1,1,1,0,1,0,0,0,3,2,0,,17,,XX,,,,,,,0,,,,"-777782,548","-976171,848","-777782,548","-976171,848","-777788,524","-976164,709",Teplice,Star·Duchcovsk·,,mÌstnÌkomunikace,,125415.0,,OpaËn˝kesmÏru˙seku,Pomal˝,567442.0,588849.0,GN_V0.1UIR-ADR_410,1
40906190048,3,25344.0,2019-01-12,6,2010,2,0,0,2,1,0,508,0,0,0,150,2,3,1,1,4,1,1,3,0,0,10,2,2,0,,3,2.0,07,1.0,0.0,1.0,0.0,1.0,1.0,0,9.0,,,,,"-774940,616","-973245,558","-774940,572","-973245,38",Proboötov,SobÏdruûsk·,,silnice3.t¯Ìdy,25344,119124.0,,OpaËn˝kesmÏru˙seku,Pomal˝,567787.0,588458.0,GN_V0.1UIR-ADR_410,1
40906190049,6,,2019-01-08,2,2560,2,0,0,2,1,0,508,0,0,0,20,2,3,1,1,1,1,0,0,0,0,0,1,2,0,,17,,XX,,,,,,,0,,,,,,"-782468,824","-978531,98","-782468,792","-978532,007",Duchcov,VrchlickÈho,,mÌstnÌkomunikace,,785638.0,,OpaËn˝kesmÏru˙seku,Pomal˝,567515.0,585335.0,GN_V0.1UIR-ADR_410,1
40906190050,1,13.0,2019-01-13,0,205,3,0,9,2,1,9,205,0,0,0,800,2,3,1,3,4,1,1,6,3,3,2,7,1,19,6.0,3,39.0,09,3.0,0.0,1.0,0.0,1.0,13.0,700,2.0,5.0,1.0,,,"-776406,527","-975504,545","-776406,063","-975505,62",Teplice,H¯bitovnÌ,,silnice1.t¯Ìdy,13,1696139.0,,Souhlasn˝sesmÏrem˙seku,Pomal˝,567442.0,589675.0,GN_V0.1UIR-ADR_410,1
40906190051,2,253.0,2019-01-13,0,460,3,0,4,2,1,0,508,0,0,0,620,2,3,1,4,5,1,1,1,0,0,0,1,1,0,,3,38.0,06,1.0,0.0,1.0,0.0,1.0,1.0,500,9.0,,,"-777536,309","-971722,099","-777536,309","-971722,099","-777539,314","-971716,747",DubÌ,Dubsk·,,silnice2.t¯Ìdy,253,116586.0,,OpaËn˝kesmÏru˙seku,Pomal˝,567507.0,583901.0,GN_V0.1UIR-ADR_410,1
40906190052,2,258.0,2019-01-13,0,1225,1,4,0,2,1,0,508,0,0,0,200,2,3,1,1,1,1,1,1,0,0,0,1,2,0,,3,39.0,,9.0,0.0,1.0,0.0,1.0,1.0,100,7.0,1.0,1.0,,,"-778303,637","-981753,332","-778304,287","-981755,265",Hostomice,äkolnÌn·mÏstÌ,,silnice2.t¯Ìdy,258,137043.0,,OpaËn˝kesmÏru˙seku,Pomal˝,567531.0,585521.0,GN_V0.1UIR-ADR_410,1
40906190053,6,,2019-01-13,0,1260,2,0,0,2,1,0,508,0,0,0,300,2,3,1,4,3,1,1,1,0,0,10,1,2,0,,17,,XX,,,,,,,0,,,,"-775066,351","-977082,16","-775049,7","-977042,949","-775048,334","-977041,941",Teplice,Prosetick·,,mÌstnÌkomunikace,,1696491.0,,Souhlasn˝sesmÏrem˙seku,Pomal˝,567442.0,590991.0,GN_V0.1UIR-ADR_410,1
40906190054,1,13.0,2019-01-13,0,1315,3,0,4,2,1,2,204,0,0,0,450,2,3,1,4,1,1,1,1,3,3,0,5,1,19,1.0,3,39.0,02,1.0,0.0,1.0,0.0,1.0,13.0,300,2.0,1.0,1.0,,,"-771576,804","-973790,223","-771575,553","-973792,769",,,,silnice1.t¯Ìdy,13,1695924.0,,Souhlasn˝sesmÏrem˙seku,Pomal˝,567639.0,,GN_V0.1UIR-ADR_410,2
40906190055,6,,2019-01-01,2,2560,2,0,0,2,1,0,508,0,0,0,150,2,3,1,4,5,1,1,8,0,0,10,1,2,0,,17,,XX,,,,,,,0,,,,"-775856,912","-975624,74","-775856,912","-975624,74","-775857,03","-975624,466",Teplice,Nahr·zi,,mÌstnÌkomunikace,,124232.0,,Souhlasn˝sesmÏrem˙seku,Pomal˝,567442.0,590495.0,GN_V0.1UIR-ADR_410,1
40906190056,3,25355.0,2019-01-13,0,1830,3,0,1,2,1,2,508,0,0,0,500,2,3,1,4,6,1,1,8,0,0,0,3,1,0,,3,13.0,17,1.0,0.0,1.0,0.0,1.0,1.0,500,2.0,1.0,1.0,"-771138,957","-972534,011","-771138,957","-972534,011","-771133,578","-972532,737",,,,silnice3.t¯Ìdy,25355,1695814.0,,Souhlasn˝sesmÏrem˙seku,Pomal˝,567639.0,,GN_V0.1UIR-ADR_410,2
40906190057,6,,2019-01-13,0,1915,3,0,8,2,1,2,508,0,0,0,30,2,3,1,4,5,1,1,1,0,0,1,1,1,0,,3,25.0,06,1.0,0.0,1.0,0.0,1.0,5.0,30,2.0,1.0,1.0,"-777215,409","-976404,791","-777216,483","-976388,677","-777216,56","-976388,904",Teplice,Duchcovsk·,,mÌstnÌkomunikace,,1696184.0,,OpaËn˝kesmÏru˙seku,Pomal˝,567442.0,589390.0,GN_V0.1UIR-ADR_410,1
40906190058,6,,2019-01-14,1,315,2,0,0,2,1,2,508,0,0,0,400,4,3,1,1,6,1,0,0,0,0,0,1,2,0,,7,62.0,17,2.0,0.0,1.0,0.0,1.0,5.0,0,3.0,1.0,1.0,"-778091,545","-976546,39","-778091,545","-976546,39","-778089,965","-976544,486",Teplice,kV·pence,,mÌstnÌkomunikace,,1490468.0,,,Pomal˝,567442.0,,GN_V0.1UIR-ADR_410,1
40906190059,6,,2019-01-11,5,2560,2,0,0,2,1,0,508,0,0,0,200,2,1,1,1,1,1,1,1,0,0,0,1,2,0,,17,,XX,,,,,,,0,,,,"-771114,165","-971865,49","-771123,834","-971864,953","-771123,646","-971865,074",Krupka,JasmÌnov·,,mÌstnÌkomunikace,,2685311.0,,Souhlasn˝sesmÏrem˙seku,Pomal˝,567639.0,586536.0,GN_V0.1UIR-ADR_410,1
40906190060,6,,2019-01-14,1,1555,3,0,2,2,1,2,511,0,0,0,300,2,6,1,6,3,1,1,6,3,4,0,5,1,10,6.0,3,39.0,12,1.0,1.0,1.0,0.0,1.0,5.0,200,2.0,1.0,1.0,"-776933,386","-973025,222","-776933,386","-973025,222","-776936,527","-973024,866",DubÌ,Tov·rnÌ,,mÌstnÌkomunikace,,1427510.0,,OpaËn˝kesmÏru˙seku,Pomal˝,567507.0,583880.0,GN_V0.1UIR-ADR_410,1
40906190061,6,,2019-01-15,2,720,1,2,0,2,1,2,403,0,0,0,200,2,3,1,1,4,1,1,1,3,3,7,5,2,10,6.0,3,26.0,16,1.0,0.0,1.0,0.0,1.0,5.0,100,2.0,1.0,1.0,,,"-775390,635","-976422,482","-775390,332","-976422,675",Teplice,UHadÌchl·znÌ,,mÌstnÌkomunikace,,1696268.0,,Souhlasn˝sesmÏrem˙seku,Pomal˝,567442.0,591556.0,GN_V0.1UIR-ADR_410,1
40906190062,6,,2019-01-15,2,915,0,0,0,2,1,2,508,0,0,0,50,2,8,1,1,1,1,1,1,0,0,9,1,1,0,,3,47.0,09,12.0,0.0,1.0,0.0,1.0,5.0,50,4.0,1.0,1.0,,,"-784436,916","-969256,242","-784439,304","-969255,627",Moldava,,,mÌstnÌkomunikace,,2538081.0,,Souhlasn˝sesmÏrem˙seku,Pomal˝,567728.0,,GN_V0.1UIR-ADR_410,1
40906190063,1,13.0,2019-01-15,2,1640,3,0,9,2,1,2,204,0,0,0,250,2,3,1,1,2,1,0,8,3,3,0,7,1,19,6.0,3,47.0,11,1.0,0.0,1.0,0.0,1.0,23.0,100,2.0,1.0,1.0,,,"-781541,613","-986001,669","-781541,625","-986001,639",BÌlina,BÌlinsk·,,silnice1.t¯Ìdy,13,1430019.0,,Souhlasn˝sesmÏrem˙seku,Pomal˝,567451.0,661449.0,GN_V0.1UIR-ADR_410,1
40906190064,7,,2019-01-16,3,1250,1,1,0,2,7,0,608,0,0,0,300,2,3,1,1,1,1,1,1,0,0,0,1,2,0,,12,0.0,,3.0,0.0,1.0,0.0,1.0,5.0,0,8.0,1.0,1.0,,,"-776033,899","-975388,749","-776032,119","-975395,933",Teplice,N·kladnÌ,,silnice1.t¯Ìdy,13,2540420.0,,Souhlasn˝sesmÏrem˙seku,Pomal˝,567442.0,590681.0,GN_V0.1UIR-ADR_410,1
40906190065,6,,2019-01-15,2,1200,3,0,9,2,1,0,508,0,0,0,5,3,3,1,3,1,1,1,1,0,0,0,1,1,0,,17,,XX,,,,,,,0,,,,"-778875,503","-974579,75","-778875,503","-974579,75","-778880,226","-974595,144",⁄jezdeËek,OsadaDukla,,mÌstnÌkomunikace,,121833.0,,,Pomal˝,567850.0,592064.0,GN_V0.1UIR-ADR_410,1
40906190066,3,25316.0,2019-01-17,4,1310,1,1,0,2,1,2,404,0,0,0,2700,2,1,1,1,1,1,1,1,3,3,0,5,2,19,6.0,3,39.0,18,3.0,0.0,1.0,1.0,1.0,13.0,1700,3.0,1.0,1.0,"-779875,6","-983239,092","-779875,6","-983239,092","-779877,436","-983237,201",,,,silnice3.t¯Ìdy,25316,138511.0,,OpaËn˝kesmÏru˙seku,Pomal˝,567451.0,,GN_V0.1UIR-ADR_410,2
40906190067,6,,2019-01-17,4,1330,1,2,0,2,1,2,508,0,0,0,350,2,1,1,1,1,1,0,1,0,0,10,1,2,0,,3,47.0,02,1.0,0.0,1.0,0.0,1.0,5.0,50,2.0,1.0,1.0,"-781182,626","-985729,71","-781182,626","-985729,71","-781186,726","-985727,394",BÌlina,éelivskÈho,,mÌstnÌkomunikace,,141666.0,,Souhlasn˝sesmÏrem˙seku,Pomal˝,567451.0,582522.0,GN_V0.1UIR-ADR_410,1
40906190068,3,25342.0,2019-01-17,4,1400,3,0,6,2,1,2,205,0,0,0,850,2,3,1,1,1,1,1,8,0,0,0,3,1,0,,5,47.0,12,1.0,1.0,1.0,0.0,1.0,3.0,800,2.0,1.0,1.0,"-781475,673","-976745,335","-781525,089","-976753,929","-781525,12","-976754,518",JenÌkov,,,silnice3.t¯Ìdy,25342,1490475.0,,Souhlasn˝sesmÏrem˙seku,Pomal˝,567582.0,,GN_V0.1UIR-ADR_410,1
40906190069,1,13.0,2019-01-17,4,1430,1,1,0,1,1,2,403,0,0,1,700,2,1,1,1,1,1,0,1,3,3,0,7,2,19,6.0,3,31.0,18,1.0,0.0,1.0,0.0,1.0,42.0,350,2.0,1.0,1.0,"-774432,857","-975081,618","-774445,749","-975002,655","-774445,625","-975003,239",Teplice,Masarykovat¯Ìda,,silnice1.t¯Ìdy,13,1602223.0,,OpaËn˝kesmÏru˙seku,Pomal˝,567442.0,590339.0,GN_V0.1UIR-ADR_410,1
40906190070,6,,2019-01-17,4,2560,2,0,0,2,1,0,508,0,0,0,10,2,3,1,1,4,1,1,1,0,0,10,1,2,0,,17,,XX,,,,,,,0,,,,"-775233,632","-973178,848","-775233,632","-973178,848","-775224,872","-973172,647",Proboötov,DÏlnick·,,mÌstnÌkomunikace,,1696074.0,,Souhlasn˝sesmÏrem˙seku,Pomal˝,567787.0,588270.0,GN_V0.1UIR-ADR_410,1
40906190071,6,,2019-01-17,4,1130,3,0,3,2,1,0,508,0,0,0,10,1,1,1,1,1,1,1,0,0,0,0,1,1,0,,3,4.0,07,1.0,0.0,1.0,0.0,1.0,5.0,0,9.0,,,,,"-776234,373","-976094,059","-776232,088","-976094,256",Teplice,n·mÏstÌSvobody,,mÌstnÌkomunikace,,1696243.0,,Souhlasn˝sesmÏrem˙seku,Pomal˝,567442.0,590703.0,GN_V0.1UIR-ADR_410,1
40906190072,6,,2019-01-18,5,815,3,0,9,2,1,2,204,0,0,0,330,2,5,1,6,3,1,1,8,0,0,0,3,1,0,,3,39.0,07,1.0,1.0,1.0,0.0,1.0,5.0,300,2.0,1.0,1.0,"-774490,561","-973397,478","-774477,133","-973391,032","-774476,627","-973390,14",Proboötov,SobÏdruûsk·,,mÌstnÌkomunikace,,733529.0,,Souhlasn˝sesmÏrem˙seku,Pomal˝,567787.0,588458.0,GN_V0.1UIR-ADR_410,1
40906190073,6,,2019-01-18,5,800,1,4,0,2,1,2,204,0,0,0,400,2,5,1,6,3,1,1,1,0,0,0,1,2,0,,3,35.0,98,1.0,0.0,1.0,0.0,1.0,5.0,200,2.0,1.0,1.0,"-776378,86","-975379,42","-776376,175","-975352,563","-776378,288","-975354,732",Teplice,Svahov·,,mÌstnÌkomunikace,,123534.0,,Souhlasn˝sesmÏrem˙seku,Pomal˝,567442.0,591378.0,GN_V0.1UIR-ADR_410,1
40906190074,6,,2019-01-18,5,805,1,4,0,2,1,2,204,0,0,0,110,2,5,1,6,3,1,1,1,0,0,0,1,2,0,,3,8.0,00,1.0,1.0,1.0,0.0,1.0,5.0,100,2.0,1.0,1.0,"-776378,86","-975379,42","-776374,026","-975357,397","-776374,769","-975358,16",Teplice,Svahov·,,mÌstnÌkomunikace,,123534.0,,Souhlasn˝sesmÏrem˙seku,Pomal˝,567442.0,591378.0,GN_V0.1UIR-ADR_410,1
40906190075,8,,2019-01-17,4,1100,1,2,0,2,1,0,504,0,0,0,80,2,3,1,1,1,1,1,1,0,0,0,1,2,0,,3,39.0,05,1.0,0.0,1.0,0.0,1.0,5.0,10,2.0,1.0,1.0,,,"-776345,974","-975395,043","-776346,398","-975394,955",Teplice,Novosedlick·,,mÌstnÌkomunikace,,830866.0,,OpaËn˝kesmÏru˙seku,Pomal˝,567442.0,,GN_V0.1UIR-ADR_410,1
40906190076,6,,2019-01-18,5,1800,3,0,9,2,1,0,508,0,0,0,50,2,1,1,1,4,1,1,1,0,0,0,1,1,0,,3,44.0,02,1.0,0.0,1.0,0.0,1.0,5.0,0,2.0,1.0,1.0,,,"-776325,724","-976162,293","-776325,277","-976160,181",Teplice,,,mÌstnÌkomunikace,,3417766.0,,Souhlasn˝sesmÏrem˙seku,Pomal˝,567442.0,,GN_V0.1UIR-ADR_410,1
40906190077,1,13.0,2019-01-18,5,2125,3,0,3,2,1,2,203,0,0,0,500,2,1,1,1,6,1,1,3,0,0,0,1,1,0,,3,12.0,02,1.0,1.0,1.0,1.0,1.0,1.0,400,2.0,1.0,1.0,"-779214,521","-982032,867","-779214,521","-982032,867","-779217,496","-982029,752",,,,silnice1.t¯Ìdy,13,1359535.0,,Souhlasn˝sesmÏrem˙seku,Pomal˝,567841.0,,GN_V0.1UIR-ADR_410,2
40906190078,6,,2019-01-18,5,2240,2,0,0,2,1,8,508,0,0,0,600,2,1,1,1,4,1,1,1,0,0,0,1,2,0,,3,32.0,04,1.0,0.0,1.0,0.0,1.0,5.0,250,3.0,5.0,1.0,,,"-777148,264","-972486,805","-777148,409","-972486,931",DubÌ,Husova,,mÌstnÌkomunikace,,118027.0,,OpaËn˝kesmÏru˙seku,Pomal˝,567507.0,583987.0,GN_V0.1UIR-ADR_410,1
40906190079,6,,2019-01-19,6,123,2,0,0,2,1,0,508,0,0,0,800,2,1,1,1,4,1,1,3,3,3,0,5,2,10,6.0,3,4.0,17,1.0,0.0,1.0,0.0,1.0,5.0,300,2.0,1.0,1.0,"-781530,129","-986294,308","-781530,129","-986294,308","-781539,308","-986279,01",BÌlina,PalackÈho,,mÌstnÌkomunikace,,142382.0,,Souhlasn˝sesmÏrem˙seku,Pomal˝,567451.0,583286.0,GN_V0.1UIR-ADR_410,1
40906190080,1,27.0,2019-01-19,6,1430,5,0,0,2,4,0,100,0,0,0,200,2,1,1,1,1,1,1,1,0,0,0,1,1,0,,3,26.0,17,9.0,0.0,1.0,0.0,1.0,1.0,200,3.0,1.0,1.0,"-778813,632","-971943,204","-778813,632","-971943,204","-778807,248","-971978,239",,,,silnice1.t¯Ìdy,27,3291692.0,,Souhlasn˝sesmÏrem˙seku,Pomal˝,567507.0,,GN_V0.1UIR-ADR_410,2
40906190081,6,,2019-01-19,6,1604,3,0,9,2,1,0,508,0,0,0,100,3,1,1,1,1,1,1,1,0,0,0,1,1,0,,3,99.0,,1.0,0.0,1.0,0.0,1.0,5.0,0,2.0,1.0,1.0,"-776331,306","-976169,697","-776331,306","-976169,697","-776329,119","-976159,368",Teplice,,,mÌstnÌkomunikace,,3417766.0,,Souhlasn˝sesmÏrem˙seku,Pomal˝,567442.0,,GN_V0.1UIR-ADR_410,1
40906190082,1,13.0,2019-01-19,6,1750,1,1,0,2,1,2,402,0,0,0,850,2,1,1,1,4,1,1,1,3,3,0,5,2,19,6.0,3,39.0,95,1.0,0.0,1.0,0.0,1.0,32.0,50,2.0,1.0,1.0,"-774009,294","-974875,952","-774028,631","-974875,415","-774028,824","-974874,721",Teplice,Masarykovat¯Ìda,,silnice1.t¯Ìdy,13,122415.0,,Souhlasn˝sesmÏrem˙seku,Pomal˝,567442.0,590339.0,GN_V0.1UIR-ADR_410,1
40906190083,6,,2019-01-20,0,810,2,0,0,2,1,2,504,0,0,0,70,2,1,1,1,1,1,1,1,0,0,10,1,2,0,,3,39.0,09,1.0,0.0,1.0,0.0,1.0,5.0,20,3.0,1.0,1.0,"-776577,017","-976238,512","-776577,017","-976238,512","-776613,787","-976223,352",Teplice,»S.dobrovolc˘,,mÌstnÌkomunikace,,125666.0,,Souhlasn˝sesmÏrem˙seku,Pomal˝,567442.0,,GN_V0.1UIR-ADR_410,1
40906190084,2,254.0,2019-01-20,0,925,3,0,3,2,1,2,205,0,0,0,250,2,5,1,6,1,1,2,1,0,0,0,3,1,0,,3,39.0,97,1.0,0.0,1.0,0.0,1.0,1.0,150,2.0,1.0,1.0,"-776491,757","-975910,63","-776491,757","-975910,63","-776506,713","-975903,837",Teplice,JateËnÌ,,silnice2.t¯Ìdy,254,3290172.0,,OpaËn˝kesmÏru˙seku,Pomal˝,567442.0,589764.0,GN_V0.1UIR-ADR_410,1
40906190085,6,,2019-01-21,1,745,4,0,0,1,1,2,412,0,0,1,0,2,3,1,6,2,6,1,1,3,5,1,5,1,10,6.0,3,44.0,01,1.0,0.0,1.0,0.0,1.0,5.0,0,2.0,1.0,1.0,,,"-776013,519","-976022,384","-776013,517","-976022,381",Teplice,Beneöovon·mÏstÌ,,mÌstnÌkomunikace,,1696158.0,,Souhlasn˝sesmÏrem˙seku,Pomal˝,567442.0,589110.0,GN_V0.1UIR-ADR_410,1
40906190086,1,13.0,2019-01-21,1,1600,1,4,0,2,1,2,508,0,0,0,550,2,1,1,1,1,1,1,1,0,0,0,1,2,0,,3,13.0,08,3.0,0.0,1.0,0.0,1.0,1.0,150,2.0,1.0,1.0,,,"-773733,327","-974794,091","-773733,299","-974792,682",Teplice,Masarykovat¯Ìda,,silnice1.t¯Ìdy,13,122243.0,,Souhlasn˝sesmÏrem˙seku,Pomal˝,567442.0,590339.0,GN_V0.1UIR-ADR_410,1
40906190087,6,,2019-01-20,0,2560,2,0,0,2,1,0,508,0,0,0,100,2,5,1,1,4,1,0,1,0,0,0,1,2,0,,17,,XX,,,,,,,0,,,,,,"-785401,472","-976006,524","-785401,038","-976007,302",Osek,Hrdlovsk·,,mÌstnÌkomunikace,,2538398.0,,OpaËn˝kesmÏru˙seku,Pomal˝,567779.0,587869.0,GN_V0.1UIR-ADR_410,1
40906190088,6,,2019-01-22,2,845,4,0,0,1,1,2,508,0,0,1,0,1,1,1,1,1,1,0,8,0,0,0,1,1,0,,5,8.0,18,3.0,0.0,1.0,0.0,1.0,5.0,0,2.0,1.0,1.0,"-775092,478","-976838,195","-775093,552","-976836,584","-775092,887","-976837,493",Teplice,Plyn·rensk·,,mÌstnÌkomunikace,,1640731.0,,OpaËn˝kesmÏru˙seku,Pomal˝,567442.0,,GN_V0.1UIR-ADR_410,1
40906190089,3,25353.0,2019-01-23,3,745,1,2,0,2,1,2,508,0,0,0,80,2,1,1,1,2,1,1,1,0,0,0,1,2,0,,3,35.0,08,1.0,0.0,1.0,0.0,1.0,1.0,30,2.0,1.0,1.0,"-772129,556","-973554,309","-772129,556","-973554,309","-772119,376","-973551,505",Krupka,PodDolnÌdrahou,,silnice3.t¯Ìdy,25353,119734.0,,Souhlasn˝sesmÏrem˙seku,Pomal˝,567639.0,586889.0,GN_V0.1UIR-ADR_410,1