IDENTIFIKA»NÕ »ÕSLO,DRUH POZEMNÕ KOMUNIKACE,»ÕSLO POZEMNÕ KOMUNIKACE,"den, mÏsÌc, rok",,Ëas ,DRUH NEHODY,DRUH SR¡éKY JEDOUCÕCH VOZIDEL,DRUH PEVN… PÿEK¡éKY,CHARAKTER NEHODY,ZAVINÃNÕ NEHODY,ALKOHOL U VINÕKA NEHODY PÿÕTOMEN,HLAVNÕ PÿÕ»INY NEHODY,usmrceno osob,tÏûce zranÏno osob,lehce zranÏno osob,CELKOV¡ HMOTN¡ äKODA,DRUH POVRCHU VOZOVKY,STAV POVRCHU VOZOVKY V DOBÃ NEHODY,STAV KOMUNIKACE,POVÃTRNOSTNÕ PODMÕNKY V DOBÃ NEHODY,VIDITELNOST,ROZHLEDOV… POMÃRY,DÃLENÕ KOMUNIKACE,SITUOV¡NÕ NEHODY NA KOMUNIKACI,ÿÕZENÕ PROVOZU V DOBÃ NEHODY,MÕSTNÕ ⁄PRAVA PÿEDNOSTI V JÕZDÃ,SPECIFICK¡ MÕSTA A OBJEKTY V MÕSTÃ NEHODY,SMÃROV… POMÃRY,PO»ET Z⁄»ASTNÃN›CH VOZIDEL,MÕSTO DOPRAVNÕ NEHODY,DRUH KÿIéUJÕCÕ KOMUNIKACE,DRUH VOZIDLA,V›ROBNÕ ZNA»KA MOTOROV…HO VOZIDLA,ROK V›ROBY VOZIDLA,CHARAKTERISTIKA VOZIDLA ,SMYK,VOZIDLO PO NEHODÃ,"⁄NIK PROVOZNÕCH, PÿEPRAVOVAN›CH HMOT",ZPŸSOB VYPROäTÃNÕ OSOB Z VOZIDLA,SMÃR JÕZDY NEBO POSTAVENÕ VOZIDLA,äKODA NA VOZIDLE,KATEGORIE ÿIDI»E,STAV ÿIDI»E,VNÃJäÕ OVLIVNÃNÕ ÿIDI»E,nan.1,nan.2,nan.3,nan.4,nan.5,nan.6,nan.7,nan.8,nan.9,nan.10,nan.11,nan.12,nan.13,nan.14,nan.15,nan.16,nan.17,nan.18,LOKALITA NEHODY
40906190090,2,253.0,2019-01-23,3,905,5,0,0,2,4,0,100,0,0,0,350,2,1,1,1,1,1,1,1,0,0,0,3,1,0,,3,39.0,13,1.0,0.0,1.0,0.0,1.0,1.0,300,2.0,1.0,1.0,"-775411,348","-971842,532","-775444,114","-971828,029","-775444,093","-971828,943",,,,silnice2.t¯Ìdy,253,3263476.0,,OpaËn˝kesmÏru˙seku,Pomal˝,567787.0,,GN_V0.1UIR-ADR_410,2
40906190091,6,,2019-01-23,3,1145,3,0,9,2,1,2,508,0,0,0,100,3,1,1,1,1,1,0,0,0,0,0,1,1,0,,3,4.0,15,1.0,0.0,1.0,0.0,1.0,5.0,50,2.0,1.0,1.0,"-776205,383","-976221,878","-776262,858","-976163,866","-776262,976","-976165,357",Teplice,n·mÏstÌSvobody,,mÌstnÌkomunikace,,125445.0,,,Pomal˝,567442.0,590703.0,GN_V0.1UIR-ADR_410,1
40906190092,3,25337.0,2019-01-23,3,1922,4,0,0,1,1,0,508,0,1,0,0,2,1,1,1,4,1,1,1,0,0,0,1,1,0,,17,,XX,,,,,,,0,,,,"-774024,205","-978033,37","-774033,337","-978013,496","-774032,981","-978013,326",Byst¯any,Praûsk·,,silnice3.t¯Ìdy,25337,130132.0,,Souhlasn˝sesmÏrem˙seku,Pomal˝,567477.0,583600.0,GN_V0.1UIR-ADR_410,1
40906190093,3,25343.0,2019-01-23,3,2040,1,2,0,1,1,2,403,0,0,1,2400,2,1,1,1,4,1,1,1,3,3,0,4,2,19,6.0,3,44.0,18,3.0,0.0,1.0,0.0,1.0,42.0,1800,2.0,1.0,1.0,"-774904,592","-975356,78","-774904,592","-975356,78","-774898,219","-975351,123",Teplice,Doubravsk·,,silnice3.t¯Ìdy,25343,123595.0,,OpaËn˝kesmÏru˙seku,Pomal˝,567442.0,589357.0,GN_V0.1UIR-ADR_410,1
40906190094,6,,2019-01-09,3,750,2,0,0,2,1,0,508,0,0,0,200,2,1,1,1,1,1,1,1,0,0,10,1,2,0,,17,,XX,,,,,,,0,,,,"-775580,57","-975739,389","-775580,57","-975739,389","-775567,236","-975753,599",Teplice,Ji¯ÌhoWolkera,,mÌstnÌkomunikace,,124575.0,,Souhlasn˝sesmÏrem˙seku,Pomal˝,567442.0,589781.0,GN_V0.1UIR-ADR_410,1
40906190095,1,13.0,2019-01-24,4,1430,3,0,3,2,1,0,508,0,0,0,600,2,1,1,1,1,1,3,1,0,0,0,1,1,0,,3,39.0,01,1.0,1.0,1.0,0.0,1.0,1.0,300,2.0,1.0,1.0,"-778621,104","-981148,158","-778621,104","-981148,158","-778625,101","-981146,289",,,,silnice1.t¯Ìdy,13,136613.0,,Souhlasn˝sesmÏrem˙seku,Pomal˝,567531.0,,GN_V0.1UIR-ADR_410,2
40906190096,6,,2019-01-24,4,1360,2,0,0,2,1,0,508,0,0,0,100,2,1,1,1,1,1,1,1,0,0,10,1,2,0,,17,,XX,,,,,,,0,,,,"-774415,779","-974675,253","-774415,779","-974675,253","-774413,922","-974672,557",Teplice,Bohosudovsk·,,mÌstnÌkomunikace,,3317252.0,,Souhlasn˝sesmÏrem˙seku,Pomal˝,567442.0,,GN_V0.1UIR-ADR_410,1
40906190097,6,,2019-01-23,3,2560,2,0,0,2,1,0,508,0,0,0,50,2,1,1,1,4,1,1,1,3,5,0,4,2,10,6.0,17,,XX,,,,,,,0,,,,"-774815,842","-974889,251","-774779,854","-974844,67","-774779,97","-974844,295",Teplice,JosefaRessla,,mÌstnÌkomunikace,,122360.0,,Souhlasn˝sesmÏrem˙seku,Pomal˝,567442.0,589837.0,GN_V0.1UIR-ADR_410,1
40906190098,6,,2019-01-24,4,2560,2,0,0,2,1,0,508,0,0,0,100,2,1,1,1,4,1,1,3,0,0,0,1,2,0,,17,,XX,,,,,,,0,,,,"-771454,929","-971567,537","-771454,929","-971567,537","-771460,324","-971575,015",Krupka,Dukelsk˝chhrdin˘,,mÌstnÌkomunikace,,830760.0,,Souhlasn˝sesmÏrem˙seku,Pomal˝,567639.0,586439.0,GN_V0.1UIR-ADR_410,1
40906190099,2,253.0,2019-01-25,5,715,1,2,0,2,1,0,501,0,0,0,300,2,1,1,1,2,1,1,1,0,0,0,3,2,0,,17,,XX,,,,,,,0,,,,"-775406,091","-971838,802","-775439,932","-971827,522","-775439,785","-971828,12",P¯Ìtkov,sil.II/253,,silnice2.t¯Ìdy,253,3278395.0,,OpaËn˝kesmÏru˙seku,Pomal˝,567787.0,,GN_V0.1UIR-ADR_410,1
40906190100,1,13.0,2019-01-25,5,1800,1,4,0,2,1,2,508,0,0,0,400,2,1,1,1,4,1,2,1,0,0,0,1,2,0,,3,35.0,11,1.0,0.0,1.0,0.0,1.0,1.0,150,2.0,1.0,1.0,"-780708,976","-984103,77","-780614,442","-983993,659","-780613,819","-983993,985",BÌlina,,,silnice1.t¯Ìdy,13,1491112.0,,Souhlasn˝sesmÏrem˙seku,Pomal˝,567451.0,,GN_V0.1UIR-ADR_410,1
40906190101,2,258.0,2019-01-25,5,1900,5,0,0,2,4,0,100,0,0,0,850,2,1,1,1,6,1,1,1,0,0,0,3,1,0,,3,39.0,18,3.0,0.0,1.0,0.0,1.0,3.0,800,2.0,1.0,1.0,"-777264,42","-984194,355","-777264,42","-984194,355","-777257,846","-984186,718",,,,silnice2.t¯Ìdy,258,1691979.0,,Souhlasn˝sesmÏrem˙seku,Pomal˝,567841.0,,GN_V0.1UIR-ADR_410,2
40906190102,6,,2019-01-25,5,2310,2,0,0,2,1,2,203,0,0,0,560,2,1,1,1,4,1,1,2,0,0,10,2,3,0,,3,4.0,18,1.0,1.0,1.0,0.0,1.0,5.0,400,2.0,1.0,1.0,"-775297,045","-975463,519","-775340,017","-975503,268","-775339,944","-975503,213",Teplice,Jankovcova,,mÌstnÌkomunikace,,123933.0,,Souhlasn˝sesmÏrem˙seku,Pomal˝,567442.0,589730.0,GN_V0.1UIR-ADR_410,1
40906190103,6,,2019-01-26,6,2560,2,0,0,2,1,0,508,0,0,0,5,3,1,1,1,1,1,1,1,0,0,0,1,2,0,,17,,XX,,,,,,,0,,,,,,"-776262,387","-976165,941","-776262,345","-976165,407",Teplice,n·mÏstÌSvobody,,mÌstnÌkomunikace,,125445.0,,,Pomal˝,567442.0,590703.0,GN_V0.1UIR-ADR_410,1
40906190104,6,,2019-01-26,6,1915,2,0,0,2,1,0,511,0,0,0,1050,2,6,1,1,4,1,1,0,0,0,0,2,3,0,,3,17.0,05,1.0,1.0,1.0,0.0,1.0,5.0,100,8.0,1.0,1.0,,,"-774933,247","-976196,503","-774934,08","-976200,667",Teplice,PodDoubravkou,,mÌstnÌkomunikace,,125627.0,,Souhlasn˝sesmÏrem˙seku,Pomal˝,567442.0,590878.0,GN_V0.1UIR-ADR_410,1
40906190105,6,,2019-01-26,6,2560,2,0,0,2,1,0,508,0,0,0,800,2,5,1,1,4,1,1,1,0,0,0,3,3,0,,17,,XX,,,,,,,0,,,,,,"-777728,062","-976056,83","-777730,033","-976056,67",Teplice,RybniËnÌ,,mÌstnÌkomunikace,,2540702.0,,Souhlasn˝sesmÏrem˙seku,Pomal˝,567442.0,695378.0,GN_V0.1UIR-ADR_410,1
40906190106,1,8.0,2019-01-27,0,1820,9,0,0,2,1,2,508,0,0,0,15,2,5,12,3,5,1,1,1,0,0,0,2,1,0,,3,35.0,05,1.0,0.0,1.0,0.0,1.0,1.0,15,2.0,1.0,1.0,"-777930,599","-972927,342","-777930,599","-972927,342","-777921,609","-972925,69",DubÌ,Rusk·,,silnice1.t¯Ìdy,8,3405709.0,,Souhlasn˝sesmÏrem˙seku,Pomal˝,567507.0,584363.0,GN_V0.1UIR-ADR_410,1
40906190107,1,8.0,2019-01-28,1,630,9,0,0,2,1,2,205,0,0,0,500,2,5,1,1,6,1,1,8,0,0,0,3,1,0,,3,39.0,11,3.0,0.0,1.0,0.0,1.0,3.0,500,2.0,1.0,1.0,,,"-775956,023","-977285,717","-775956,274","-977285,124",,,,silnice1.t¯Ìdy,8,1696212.0,,Souhlasn˝sesmÏrem˙seku,Pomal˝,567442.0,,GN_V0.1UIR-ADR_410,2
40906190108,3,25347.0,2019-01-28,1,1100,3,0,2,2,1,0,508,0,0,0,200,2,3,1,1,1,1,1,8,3,3,0,1,1,0,,17,,XX,,,,,,,0,,,,"-776584,096","-973470,343","-776504,601","-973416,092","-776505,134","-973416,494",Novosedlice,Byst¯ick·,,silnice3.t¯Ìdy,25347,119453.0,,OpaËn˝kesmÏru˙seku,Pomal˝,567752.0,587494.0,GN_V0.1UIR-ADR_410,1
40906190109,6,,2019-01-28,1,1255,3,0,6,2,1,2,508,0,0,0,50,2,3,1,1,1,1,1,1,0,0,10,1,1,0,,3,39.0,17,3.0,0.0,1.0,0.0,1.0,5.0,50,2.0,1.0,1.0,"-775122,919","-975248,249","-775122,919","-975248,249","-775141,32","-975220,698",Teplice,Masarykovat¯Ìda,,mÌstnÌkomunikace,,734200.0,,,Pomal˝,567442.0,590339.0,GN_V0.1UIR-ADR_410,1
40906190110,3,25316.0,2019-01-28,1,1655,5,0,0,2,4,0,100,0,0,0,400,2,3,1,3,2,1,1,1,0,0,0,1,1,0,,3,39.0,16,3.0,0.0,1.0,1.0,1.0,1.0,400,2.0,1.0,1.0,"-781027,269","-983622,752","-781029,418","-983617,381","-781029,378","-983617,492",,,,silnice3.t¯Ìdy,25316,139109.0,,Souhlasn˝sesmÏrem˙seku,Pomal˝,567451.0,,GN_V0.1UIR-ADR_410,2
40906190111,6,,2019-01-23,3,2560,2,0,0,2,1,0,508,0,0,0,300,2,1,1,1,1,1,1,3,0,0,0,1,2,0,,17,,XX,,,,,,,0,,,,"-776371,076","-976559,281","-776371,076","-976559,281","-776373,09","-976549,628",Teplice,Uz·mku,,mÌstnÌkomunikace,,3291668.0,,Souhlasn˝sesmÏrem˙seku,Pomal˝,567442.0,591751.0,GN_V0.1UIR-ADR_410,1
40906190112,6,,2019-01-29,2,1530,1,3,0,2,1,2,403,0,0,0,500,2,1,1,1,1,1,1,1,3,3,2,5,2,10,6.0,3,32.0,15,1.0,0.0,1.0,0.0,1.0,5.0,200,2.0,1.0,1.0,"-776586,682","-977034,947","-776610,853","-976988,217","-776610,963","-976988,3",Teplice,BÌlinsk·,,mÌstnÌkomunikace,,2521278.0,,Souhlasn˝sesmÏrem˙seku,Pomal˝,567442.0,589098.0,GN_V0.1UIR-ADR_410,1
40906190113,3,25343.0,2019-01-29,2,1550,0,0,0,2,5,0,100,0,0,0,30,2,1,1,1,1,1,1,3,0,0,0,1,2,0,,3,31.0,96,1.0,0.0,1.0,0.0,1.0,4.0,10,,,,"-774948,552","-975252,721","-774938,347","-975248,424","-774937,921","-975248,29",Teplice,Doubravsk·,,silnice3.t¯Ìdy,25343,123309.0,,OpaËn˝kesmÏru˙seku,Pomal˝,567442.0,589357.0,GN_V0.1UIR-ADR_410,1
40906190114,6,,2019-01-26,6,2560,2,0,0,2,1,0,508,0,0,0,200,2,1,1,1,1,1,1,1,0,0,0,1,2,0,,17,,XX,,,,,,,0,,,,"-780843,316","-985808,38","-780852,447","-985786,895","-780851,827","-985786,891",BÌlina,LitomÏ¯ick·,,mÌstnÌkomunikace,,141720.0,,Souhlasn˝sesmÏrem˙seku,Pomal˝,567451.0,582905.0,GN_V0.1UIR-ADR_410,1
40906190115,3,25612.0,2019-01-30,3,200,5,0,0,2,4,0,100,0,0,0,200,2,1,1,1,6,1,1,1,0,0,0,1,1,0,,3,47.0,05,1.0,0.0,1.0,0.0,1.0,3.0,200,2.0,1.0,1.0,"-783710,973","-977229,367","-783710,973","-977229,367","-783706,807","-977226,203",,,,silnice3.t¯Ìdy,25612,2247265.0,,OpaËn˝kesmÏru˙seku,Pomal˝,567523.0,585394.0,GN_V0.1UIR-ADR_410,2
40906190116,1,27.0,2019-01-30,3,605,5,0,0,2,4,0,100,0,0,0,400,2,3,1,6,6,1,1,1,0,0,0,3,1,0,,3,39.0,16,3.0,0.0,1.0,0.0,1.0,1.0,400,2.0,1.0,1.0,"-787078,409","-978176,572","-787066,055","-978167,977","-787069,12","-978159,726",,,,silnice1.t¯Ìdy,27,1430935.0,,OpaËn˝kesmÏru˙seku,Pomal˝,567779.0,,GN_V0.1UIR-ADR_410,2
40906190117,2,382.0,2019-01-30,3,940,1,2,0,2,1,2,501,0,0,0,400,2,8,1,1,1,1,1,1,0,0,0,1,2,0,,3,4.0,17,1.0,0.0,1.0,0.0,1.0,1.0,0,9.0,,,"-783792,3","-969550,13","-783611,272","-969069,358","-783611,124","-969070,527",,,,silnice2.t¯Ìdy,382,2522060.0,,Souhlasn˝sesmÏrem˙seku,Pomal˝,567728.0,,GN_V0.1UIR-ADR_410,2
40906190118,6,,2019-01-30,3,1155,1,2,0,1,1,2,402,0,0,1,1000,2,1,1,1,1,1,0,1,3,3,0,4,2,10,6.0,3,39.0,13,1.0,0.0,1.0,0.0,1.0,5.0,400,2.0,1.0,1.0,"-775511,43","-975414,773","-775408,302","-975605,99","-775407,923","-975606,407",Teplice,Ji¯ÌhoWolkera,,mÌstnÌkomunikace,,124289.0,,Souhlasn˝sesmÏrem˙seku,Pomal˝,567442.0,589781.0,GN_V0.1UIR-ADR_410,1
40906190119,8,,2019-01-30,3,1305,3,0,3,2,1,2,508,0,0,0,300,2,1,1,1,1,1,1,8,0,0,10,1,1,0,,3,47.0,08,1.0,0.0,1.0,0.0,1.0,5.0,250,2.0,1.0,1.0,,,"-773135,491","-979418,021","-773136,527","-979417,262",Byst¯any,Praûsk·,,mÌstnÌkomunikace,,1695723.0,,Souhlasn˝sesmÏrem˙seku,Pomal˝,567477.0,,GN_V0.1UIR-ADR_410,1
40906190120,6,,2019-01-31,4,915,1,2,0,2,1,2,508,0,0,0,600,2,1,1,1,1,1,1,1,0,0,0,1,3,0,,3,39.0,15,1.0,0.0,1.0,0.0,1.0,5.0,100,2.0,1.0,1.0,,,"-777014,631","-976586,314","-777015,996","-976585,833",Teplice,Libereck·,,mÌstnÌkomunikace,,733917.0,,OpaËn˝kesmÏru˙seku,Pomal˝,567442.0,590207.0,GN_V0.1UIR-ADR_410,1
40906190121,1,13.0,2019-01-31,4,1615,1,1,0,2,1,2,401,0,0,0,650,2,1,1,1,1,1,2,1,2,0,0,4,2,19,6.0,3,47.0,00,9.0,0.0,1.0,0.0,1.0,21.0,300,2.0,1.0,1.0,"-776139,109","-975441,452","-776139,109","-975441,452","-776143,223","-975421,386",Teplice,N·kladnÌ,,silnice1.t¯Ìdy,13,2540420.0,,OpaËn˝kesmÏru˙seku,Pomal˝,567442.0,590681.0,GN_V0.1UIR-ADR_410,1
40906190122,3,1310.0,2019-01-31,4,2145,3,0,1,1,1,2,209,0,0,2,200,2,1,1,1,6,1,1,1,0,0,0,1,1,0,,3,39.0,05,1.0,0.0,1.0,0.0,1.0,3.0,200,2.0,1.0,1.0,"-787220,827","-976794,908","-787351,357","-976797,594","-787351,218","-976798,296",,,,silnice3.t¯Ìdy,01310,2247304.0,,OpaËn˝kesmÏru˙seku,Pomal˝,567779.0,,GN_V0.1UIR-ADR_410,2
40906190123,6,,2019-01-30,3,1235,3,0,9,2,1,2,508,0,0,0,90,2,1,1,1,1,1,1,1,0,0,0,1,1,0,,5,48.0,00,3.0,0.0,1.0,0.0,1.0,5.0,0,3.0,1.0,1.0,,,"-779359,018","-983310,551","-779348,75","-983312,856",CHUDEÿICE,,,mÌstnÌkomunikace,,3405973.0,,,Pomal˝,567841.0,,GN_V0.1UIR-ADR_410,1
41006190001,8,,2019-01-02,3,1760,2,0,0,2,1,0,504,0,0,0,300,2,6,1,6,4,1,1,1,0,0,10,1,2,0,,17,,XX,,,,,,,0,,,,"-761282,808","-973942,692","-761282,808","-973942,692","-761286,032","-973934,415",⁄STÕNADLABEM-SEVERNÕTERASA,Ladova,,mÌstnÌkomunikace,,120516.0,,OpaËn˝kesmÏru˙seku,Pomal˝,554804.0,616729.0,GN_V0.1UIR-ADR_410,1
41006190002,8,,2019-01-01,2,815,2,0,0,2,1,2,508,0,0,0,900,2,1,1,1,1,1,1,1,0,0,0,1,2,0,,8,26.0,18,4.0,0.0,1.0,0.0,1.0,5.0,800,4.0,1.0,1.0,"-763810,638","-975726,121","-763810,638","-975726,121","-763812,044","-975726,184",⁄STÕNADLABEM-PÿEDLICE,JateËnÌ,,mÌstnÌkomunikace,,3317638.0,,,Pomal˝,554804.0,617431.0,GN_V0.1UIR-ADR_410,1
41006190003,1,30.0,2019-01-01,2,2035,1,2,0,2,1,9,304,0,0,0,450,2,3,1,1,4,1,2,1,0,0,0,2,3,0,,3,47.0,99,1.0,0.0,1.0,0.0,1.0,3.0,200,3.0,5.0,1.0,"-760227,112","-975606,82","-760228,724","-975579,408","-760229,826","-975579,283",⁄STÕNADLABEM-MÃSTO,D˘lce,,silnice1.t¯Ìdy,30,2687178.0,,Souhlasn˝sesmÏrem˙seku,Pomal˝,554804.0,616877.0,GN_V0.1UIR-ADR_410,1
41006190004,6,,2019-01-02,3,920,1,4,0,1,1,2,503,0,0,1,370,2,6,1,1,1,1,1,1,0,0,0,1,2,0,,3,25.0,03,1.0,0.0,1.0,0.0,1.0,5.0,100,2.0,1.0,1.0,"-760616,743","-974265,455","-760616,743","-974265,455","-760624,728","-974271,583",⁄STÕNADLABEM-SEVERNÕTERASA,St¯Ìbrnick·,,mÌstnÌkomunikace,,1633224.0,,Souhlasn˝sesmÏrem˙seku,Pomal˝,554804.0,620785.0,GN_V0.1UIR-ADR_410,1
41006190005,6,,2019-01-02,3,1010,2,0,0,2,1,2,508,0,0,0,150,3,3,1,1,1,1,1,1,0,0,0,1,2,0,,3,39.0,10,1.0,0.0,1.0,0.0,1.0,5.0,50,3.0,1.0,1.0,"-762657,453","-973941,854","-762648,314","-973933,79","-762648,507","-973933,93",⁄STÕNADLABEM-VäEBOÿICE,VPodh·jÌ,,mÌstnÌkomunikace,,2687115.0,,Souhlasn˝sesmÏrem˙seku,Pomal˝,554804.0,621919.0,GN_V0.1UIR-ADR_410,1
41006190006,6,,2019-01-02,3,1258,0,0,0,1,1,2,516,0,0,1,0,2,3,1,1,1,1,1,1,3,3,2,4,1,10,6.0,11,0.0,,5.0,0.0,1.0,0.0,1.0,5.0,0,4.0,1.0,1.0,"-761185,672","-975986,964","-761185,672","-975986,964","-761181,793","-975986,099",⁄STÕNADLABEM-CENTRUM,Masarykova,,mÌstnÌkomunikace,,1586496.0,,Souhlasn˝sesmÏrem˙seku,Pomal˝,554804.0,618659.0,GN_V0.1UIR-ADR_410,1
41006190007,6,,2019-01-03,4,1015,2,0,0,2,1,0,508,0,0,0,50,2,8,1,5,1,1,1,1,0,0,0,1,2,0,,17,,XX,,,,,,,0,,,,"-759395,397","-977302,982","-759398,085","-977299,219","-759397,646","-977299,748",⁄STÕNADLABEM-STÿEKOV,»esk˝chbrat¯Ì,,mÌstnÌkomunikace,,2687343.0,,Souhlasn˝sesmÏrem˙seku,Pomal˝,554804.0,616737.0,GN_V0.1UIR-ADR_410,1
41006190008,6,,2019-01-03,4,1150,1,3,0,2,1,2,403,0,0,0,800,2,8,1,1,1,1,1,1,3,3,0,4,2,10,6.0,3,47.0,11,1.0,1.0,1.0,0.0,1.0,5.0,300,2.0,1.0,1.0,"-753453,994","-976675,898","-753449,156","-976636,661","-753449,182","-976636,766",VelkÈB¯ezno,ZahradnÌ,,mÌstnÌkomunikace,,785291.0,,Souhlasn˝sesmÏrem˙seku,Pomal˝,568350.0,622605.0,GN_V0.1UIR-ADR_410,1
41006190009,8,,2019-01-03,4,1760,2,0,0,2,1,0,511,0,0,0,200,3,6,1,1,6,1,0,0,0,0,0,1,2,0,,17,,XX,,,,,,,0,,,,"-769401,313","-974587,706","-769400,775","-974587,168",,,,,,,,,,,,,,GN_V0.1UIR-ADR_410,2
41006190010,6,,2019-01-03,4,2230,3,0,6,2,1,2,204,0,0,0,700,2,6,1,1,4,1,1,6,3,3,0,5,1,10,6.0,3,2.0,02,3.0,1.0,1.0,0.0,1.0,5.0,400,2.0,1.0,1.0,"-763209,319","-973309,138","-763191,577","-973304,299","-763191,798","-973304,149",⁄STÕNADLABEM-VäEBOÿICE,Kosmova,,mÌstnÌkomunikace,,119345.0,,OpaËn˝kesmÏru˙seku,Pomal˝,554804.0,617938.0,GN_V0.1UIR-ADR_410,1
41006190011,6,,2019-01-04,5,550,2,0,0,2,1,2,204,0,0,0,800,2,6,1,1,4,1,0,1,0,0,0,1,2,0,,3,47.0,16,1.0,0.0,1.0,0.0,1.0,5.0,300,2.0,1.0,1.0,"-762592,364","-975319,237","-762592,364","-975319,237","-762589,374","-975291,058",⁄STÕNADLABEM-KLÕäE,»ern·cesta,,mÌstnÌkomunikace,,123389.0,,Souhlasn˝sesmÏrem˙seku,Pomal˝,554804.0,616681.0,GN_V0.1UIR-ADR_410,1
41006190012,6,,2019-01-04,5,645,2,0,0,2,1,2,204,0,0,0,1100,2,6,1,6,4,1,0,1,0,0,0,3,2,0,,3,7.0,10,1.0,1.0,1.0,0.0,1.0,5.0,500,4.0,1.0,1.0,"-761938,652","-974555,12","-761938,652","-974555,12","-761942,32","-974550,881",⁄STÕNADLABEM-KLÕäE,PodHolomÏ¯Ì,,mÌstnÌkomunikace,,121694.0,,Souhlasn˝sesmÏrem˙seku,Pomal˝,554804.0,619680.0,GN_V0.1UIR-ADR_410,1
41006190013,3,25360.0,2019-01-04,5,950,9,0,0,2,1,2,205,0,0,0,800,2,5,1,6,1,1,1,8,0,0,0,3,1,0,,3,39.0,15,9.0,1.0,1.0,0.0,1.0,3.0,800,2.0,1.0,1.0,"-765112,382","-973498,167","-765085,507","-973496,554","-765085,813","-973497,109",,,,silnice3.t¯Ìdy,25360,1691704.0,,OpaËn˝kesmÏru˙seku,Pomal˝,568015.0,,GN_V0.1UIR-ADR_410,2
41006190014,6,,2019-01-04,5,1135,6,0,0,2,4,0,100,0,0,0,30,2,3,1,1,1,1,1,1,0,0,0,1,1,0,,3,39.0,18,3.0,0.0,1.0,0.0,1.0,5.0,30,2.0,1.0,1.0,"-762454,633","-975333,445","-762454,633","-975333,445","-762448,968","-975313,468",⁄STÕNADLABEM-KLÕäE,KlÌösk·,,mÌstnÌkomunikace,,708907.0,,Souhlasn˝sesmÏrem˙seku,Pomal˝,554804.0,618233.0,GN_V0.1UIR-ADR_410,1
41006190015,6,,2019-01-04,5,1450,1,4,0,2,1,2,503,0,0,0,50,2,3,1,1,1,1,4,1,0,0,0,1,2,0,,3,60.0,03,1.0,0.0,1.0,0.0,1.0,5.0,0,2.0,1.0,1.0,"-761271,433","-975610,944","-761271,433","-975610,944","-761274,715","-975611,748",⁄STÕNADLABEM-CENTRUM,Masarykova,,mÌstnÌkomunikace,,1306519.0,,Souhlasn˝sesmÏrem˙seku,Pomal˝,554804.0,618659.0,GN_V0.1UIR-ADR_410,1
41006190016,1,30.0,2019-01-04,5,1735,1,3,0,2,1,2,405,0,0,0,500,2,3,1,1,4,1,1,1,2,0,2,5,2,19,2.0,3,39.0,02,1.0,0.0,1.0,0.0,1.0,13.0,200,2.0,1.0,1.0,"-760698,473","-976577,581","-760699,548","-976586,718","-760698,32","-976587,24",⁄STÕNADLABEM-MÃSTO,Praûsk·,,silnice1.t¯Ìdy,30,733333.0,,Souhlasn˝sesmÏrem˙seku,Pomal˝,554804.0,619850.0,GN_V0.1UIR-ADR_410,1
41006190017,2,261.0,2019-01-05,6,700,5,0,0,2,4,0,100,0,0,0,1050,2,3,1,4,7,1,1,1,0,0,0,3,1,0,,3,4.0,16,3.0,0.0,1.0,0.0,1.0,3.0,800,2.0,1.0,1.0,"-759376,143","-983092,698","-759376,681","-983091,085","-759378,275","-983090,358",,,,silnice2.t¯Ìdy,261,1305795.0,,OpaËn˝kesmÏru˙seku,Pomal˝,554804.0,,GN_V0.1UIR-ADR_410,2
41006190018,6,,2019-01-05,6,1355,1,4,0,1,1,2,516,0,0,1,600,2,3,1,4,1,1,1,1,3,3,2,5,2,10,6.0,5,13.0,07,1.0,0.0,1.0,0.0,1.0,5.0,300,2.0,1.0,1.0,"-758290,071","-975565,264","-758295,447","-975552,899","-758295,281","-975551,987",⁄STÕNADLABEM-KR¡SN…BÿEZNO,NeötÏmick·,,mÌstnÌkomunikace,,123989.0,,OpaËn˝kesmÏru˙seku,Pomal˝,554804.0,619264.0,GN_V0.1UIR-ADR_410,1
41006190019,6,,2019-01-05,6,1550,1,4,0,2,1,2,508,0,0,0,700,2,3,1,4,3,1,2,1,0,0,2,1,2,0,,5,26.0,15,9.0,0.0,1.0,0.0,1.0,5.0,500,2.0,1.0,1.0,"-762217,58","-974393,543","-762242,848","-974345,696","-762241,588","-974344,865",⁄STÕNADLABEM-MÃSTO,Masarykova,,mÌstnÌkomunikace,,3423246.0,,OpaËn˝kesmÏru˙seku,Pomal˝,554804.0,618659.0,GN_V0.1UIR-ADR_410,1
41006190020,1,13.0,2019-01-05,6,1950,1,2,0,2,1,2,306,0,0,0,2700,2,3,1,4,7,1,1,1,0,0,8,1,2,0,,3,39.0,15,1.0,0.0,1.0,1.0,1.0,3.0,2000,2.0,1.0,1.0,"-766639,225","-970712,683","-766621,484","-970701,393","-766621,748","-970701,213",,,,silnice1.t¯Ìdy,13,3263619.0,,OpaËn˝kesmÏru˙seku,Pomal˝,568015.0,615293.0,GN_V0.1UIR-ADR_410,2