IDENTIFIKA»NÕ »ÕSLO,DRUH POZEMNÕ KOMUNIKACE,»ÕSLO POZEMNÕ KOMUNIKACE,"den, mÏsÌc, rok",,Ëas ,DRUH NEHODY,DRUH SR¡éKY JEDOUCÕCH VOZIDEL,DRUH PEVN… PÿEK¡éKY,CHARAKTER NEHODY,ZAVINÃNÕ NEHODY,ALKOHOL U VINÕKA NEHODY PÿÕTOMEN,HLAVNÕ PÿÕ»INY NEHODY,usmrceno osob,tÏûce zranÏno osob,lehce zranÏno osob,CELKOV¡ HMOTN¡ äKODA,DRUH POVRCHU VOZOVKY,STAV POVRCHU VOZOVKY V DOBÃ NEHODY,STAV KOMUNIKACE,POVÃTRNOSTNÕ PODMÕNKY V DOBÃ NEHODY,VIDITELNOST,ROZHLEDOV… POMÃRY,DÃLENÕ KOMUNIKACE,SITUOV¡NÕ NEHODY NA KOMUNIKACI,ÿÕZENÕ PROVOZU V DOBÃ NEHODY,MÕSTNÕ ⁄PRAVA PÿEDNOSTI V JÕZDÃ,SPECIFICK¡ MÕSTA A OBJEKTY V MÕSTÃ NEHODY,SMÃROV… POMÃRY,PO»ET Z⁄»ASTNÃN›CH VOZIDEL,MÕSTO DOPRAVNÕ NEHODY,DRUH KÿIéUJÕCÕ KOMUNIKACE,DRUH VOZIDLA,V›ROBNÕ ZNA»KA MOTOROV…HO VOZIDLA,ROK V›ROBY VOZIDLA,CHARAKTERISTIKA VOZIDLA ,SMYK,VOZIDLO PO NEHODÃ,"⁄NIK PROVOZNÕCH, PÿEPRAVOVAN›CH HMOT",ZPŸSOB VYPROäTÃNÕ OSOB Z VOZIDLA,SMÃR JÕZDY NEBO POSTAVENÕ VOZIDLA,äKODA NA VOZIDLE,KATEGORIE ÿIDI»E,STAV ÿIDI»E,VNÃJäÕ OVLIVNÃNÕ ÿIDI»E,nan.1,nan.2,nan.3,nan.4,nan.5,nan.6,nan.7,nan.8,nan.9,nan.10,nan.11,nan.12,nan.13,nan.14,nan.15,nan.16,nan.17,nan.18,LOKALITA NEHODY
41006190021,8,,2019-01-05,6,2560,2,0,0,2,1,0,504,0,0,0,200,3,3,1,4,3,1,1,8,0,0,10,1,2,0,,17,,XX,,,,,,,0,,,,"-759707,615","-977675,263","-759780,193","-977661,823","-759780,255","-977662,944",⁄STÕNADLABEM-STÿEKOV,TolstÈho,,mÌstnÌkomunikace,,129212.0,,Souhlasn˝sesmÏrem˙seku,Pomal˝,554804.0,621081.0,GN_V0.1UIR-ADR_410,1
41006190022,6,,2019-01-05,6,1945,2,0,0,2,1,0,504,0,0,0,200,2,3,1,4,5,1,1,1,3,5,0,5,2,10,6.0,17,,XX,,,,,,,0,,,,"-759688,437","-974635,749","-759707,253","-974661,554","-759707,308","-974662,343",⁄STÕNADLABEM-SEVERNÕTERASA,Pol·Ëkova,,mÌstnÌkomunikace,,2688346.0,,,Pomal˝,554804.0,620033.0,GN_V0.1UIR-ADR_410,1
41006190023,6,,2019-01-03,4,100,2,0,0,2,1,0,204,0,0,0,100,2,3,1,3,5,1,1,1,0,0,0,1,2,0,,17,,XX,,,,,,,0,,,,"-762857,729","-973177,732","-762865,256","-973166,98","-762864,659","-973167,416",⁄STÕNADLABEM-BUKOV,Kapit·naJaroöe,,mÌstnÌkomunikace,,119094.0,,OpaËn˝kesmÏru˙seku,Pomal˝,554804.0,617636.0,GN_V0.1UIR-ADR_410,1
41006190024,3,25357.0,2019-01-06,0,1420,3,0,1,2,1,2,204,0,0,0,500,2,3,1,3,1,1,1,8,0,0,0,1,1,0,,3,39.0,08,1.0,0.0,1.0,1.0,1.0,1.0,500,3.0,1.0,1.0,"-766927,551","-971790,052","-766927,551","-971790,052","-766928,117","-971789,911",,,,silnice3.t¯Ìdy,25357,3263614.0,,Souhlasn˝sesmÏrem˙seku,Pomal˝,568015.0,,GN_V0.1UIR-ADR_410,2
41006190025,7,,2019-01-05,6,1800,3,0,9,2,1,0,504,0,0,0,30,6,3,1,3,6,1,0,0,0,0,0,1,1,0,,3,13.0,97,1.0,0.0,1.0,0.0,1.0,5.0,10,2.0,1.0,1.0,"-763484,658","-978367,217","-763484,658","-978393,016","-763484,857","-978392,733",TRMICE-⁄JEZD,,,mÌstnÌkomunikace,,130900.0,,OpaËn˝kesmÏru˙seku,Pomal˝,553697.0,,GN_V0.1UIR-ADR_410,1
41006190026,3,25845.0,2019-01-07,1,830,9,0,0,2,1,2,204,0,0,0,500,2,5,1,1,1,1,1,8,0,0,0,3,1,0,,3,4.0,10,3.0,1.0,1.0,0.0,1.0,3.0,500,3.0,1.0,1.0,"-756088,012","-979499,161","-756078,875","-979507,761","-756073,666","-979507,741",,,,silnice3.t¯Ìdy,25845,3405849.0,,Souhlasn˝sesmÏrem˙seku,Pomal˝,568104.0,,GN_V0.1UIR-ADR_410,2
41006190027,6,,2019-01-07,1,1140,1,4,0,2,1,2,508,0,0,0,900,2,3,1,1,1,1,1,1,0,0,0,1,2,0,,3,11.0,07,1.0,0.0,1.0,0.0,1.0,5.0,300,2.0,1.0,1.0,"-758749,24","-975831,739","-758749,24","-975831,739","-758747,683","-975815,83",⁄STÕNADLABEM-KR¡SN…BÿEZNO,Dr·ûÔansk·,,mÌstnÌkomunikace,,124727.0,,Souhlasn˝sesmÏrem˙seku,Pomal˝,554804.0,620939.0,GN_V0.1UIR-ADR_410,1
41006190028,1,62.0,2019-01-07,1,1235,3,0,2,1,1,2,204,0,0,1,650,2,3,1,5,1,1,2,1,3,3,0,5,1,19,6.0,3,26.0,02,1.0,0.0,1.0,0.0,1.0,31.0,500,2.0,1.0,1.0,"-756287,843","-975838,02","-756278,703","-975805,225","-756276,171","-975806,852",⁄STÕNADLABEM-NEäTÃMICE,Opletalova,,silnice1.t¯Ìdy,62,1491190.0,,OpaËn˝kesmÏru˙seku,Pomal˝,554804.0,619442.0,GN_V0.1UIR-ADR_410,1
41006190029,8,,2019-01-01,2,2560,3,0,6,2,1,0,508,0,0,0,50,1,3,1,1,1,1,0,8,0,0,0,1,1,0,,17,,XX,,,,,,,0,,,,"-756545,893","-975080,231","-756545,893","-975080,231","-756549,906","-975077,664",⁄STÕNADLABEM-NEäTÃMICE,Dubov·,,mÌstnÌkomunikace,,122906.0,,Souhlasn˝sesmÏrem˙seku,Pomal˝,554804.0,619302.0,GN_V0.1UIR-ADR_410,1
41006190030,1,30.0,2019-01-07,1,1640,1,4,0,1,1,2,508,0,0,1,600,2,3,1,3,2,1,5,1,2,0,0,5,2,19,1.0,3,39.0,08,3.0,0.0,1.0,0.0,1.0,12.0,400,2.0,1.0,1.0,"-760233,396","-976205,484","-760247,377","-976197,419","-760247,195","-976197,911",⁄STÕNADLABEM-MÃSTO,P¯ÌstavnÌ,,silnice1.t¯Ìdy,30,1697312.0,,Souhlasn˝sesmÏrem˙seku,Pomal˝,554804.0,619965.0,GN_V0.1UIR-ADR_410,1
41006190031,1,13.0,2019-01-07,1,2215,3,0,6,2,1,2,205,0,0,0,200,2,3,1,1,4,1,1,3,0,0,0,3,1,0,,3,47.0,96,1.0,1.0,1.0,0.0,1.0,1.0,200,2.0,1.0,1.0,"-758396,221","-965138,189","-758424,933","-965166,628","-758425,576","-965167,838",Libouchec,,,silnice1.t¯Ìdy,13,785091.0,,Souhlasn˝sesmÏrem˙seku,Pomal˝,568058.0,,GN_V0.1UIR-ADR_410,1
41006190032,6,,2019-01-08,2,655,1,3,0,2,1,2,403,0,0,0,600,2,3,1,1,4,1,1,1,3,3,10,5,2,10,6.0,3,8.0,17,3.0,0.0,1.0,0.0,1.0,5.0,400,3.0,1.0,1.0,"-761351,549","-974880,268","-761369,292","-974873,279","-761369,241","-974873,206",⁄STÕNADLABEM-SEVERNÕTERASA,Star·,,mÌstnÌkomunikace,,1725448.0,,,Pomal˝,554804.0,620599.0,GN_V0.1UIR-ADR_410,1
41006190033,6,,2019-01-08,2,840,3,0,9,2,1,2,508,0,0,0,102,2,3,1,1,1,1,0,1,0,0,9,1,1,0,,6,26.0,17,3.0,0.0,1.0,0.0,1.0,5.0,0,4.0,1.0,1.0,"-764924,347","-972249,041","-764924,347","-972249,041","-764921,341","-972251,748",⁄STÕNADLABEM-VäEBOÿICE,HavÌ¯sk·,,mÌstnÌkomunikace,,1586136.0,,Souhlasn˝sesmÏrem˙seku,Pomal˝,554804.0,617091.0,GN_V0.1UIR-ADR_410,1
41006190034,6,,2019-01-08,2,1245,4,0,0,1,1,2,516,0,0,1,0,2,3,1,4,3,1,1,1,3,5,10,1,1,0,,3,39.0,10,1.0,0.0,1.0,0.0,1.0,5.0,0,2.0,1.0,1.0,"-763599,62","-973077,019","-763599,62","-973077,019","-763591,169","-973069,692",⁄STÕNADLABEM-VäEBOÿICE,Vöebo¯ick·,,mÌstnÌkomunikace,,2686973.0,,Souhlasn˝sesmÏrem˙seku,Pomal˝,554804.0,621951.0,GN_V0.1UIR-ADR_410,1
41006190035,6,,2019-01-08,2,1307,2,0,0,2,1,0,508,0,0,0,20,1,3,1,1,1,1,1,2,0,0,0,1,2,0,,17,,XX,,,,,,,0,,,,"-760724,113","-976145,787","-760736,475","-976075,914","-760736,512","-976074,917",⁄STÕNADLABEM-CENTRUM,Dlouh·,,mÌstnÌkomunikace,,125216.0,,Souhlasn˝sesmÏrem˙seku,Pomal˝,554804.0,616788.0,GN_V0.1UIR-ADR_410,1
41006190036,6,,2019-01-08,2,1640,1,3,0,2,1,2,402,0,0,0,1000,2,3,1,4,2,1,1,1,3,3,2,4,2,10,6.0,3,39.0,15,1.0,0.0,1.0,0.0,1.0,5.0,600,2.0,1.0,1.0,"-761466,296","-975578,716","-761477,05","-975573,339","-761477,366","-975573,646",⁄STÕNADLABEM-CENTRUM,Moskevsk·,,mÌstnÌkomunikace,,124025.0,,Souhlasn˝sesmÏrem˙seku,Pomal˝,554804.0,618543.0,GN_V0.1UIR-ADR_410,1
41006190037,6,,2019-01-09,3,620,0,0,0,2,6,0,100,0,0,0,50,2,3,12,4,5,1,2,1,3,3,2,1,1,0,,3,13.0,12,1.0,0.0,1.0,0.0,1.0,5.0,50,3.0,1.0,1.0,"-760890,168","-975910,2","-760880,491","-975941,919","-760879,398","-975941,89",⁄STÕNADLABEM-CENTRUM,BÏlehradsk·,,mÌstnÌkomunikace,,2848793.0,,OpaËn˝kesmÏru˙seku,Pomal˝,554804.0,616427.0,GN_V0.1UIR-ADR_410,1
41006190038,2,528.0,2019-01-09,3,735,1,1,0,2,1,2,204,0,0,0,1300,2,6,1,5,2,1,1,1,0,0,0,3,2,0,,3,39.0,16,3.0,1.0,1.0,0.0,1.0,1.0,1000,3.0,1.0,1.0,"-759266,96","-963001,738","-759266,96","-963001,738","-759258,955","-962995,862",Tis·,,,silnice2.t¯Ìdy,528,1432098.0,,OpaËn˝kesmÏru˙seku,Pomal˝,568309.0,,GN_V0.1UIR-ADR_410,1
41006190039,2,528.0,2019-01-09,3,740,1,1,0,2,1,2,204,0,0,0,1300,2,6,1,5,2,1,1,1,0,0,0,3,2,0,,3,26.0,17,3.0,1.0,1.0,0.0,1.0,1.0,1000,2.0,1.0,1.0,"-759266,96","-963001,738","-759266,96","-963001,738","-759258,955","-962995,862",Tis·,,,silnice2.t¯Ìdy,528,1432098.0,,OpaËn˝kesmÏru˙seku,Pomal˝,568309.0,,GN_V0.1UIR-ADR_410,1
41006190040,6,,2019-01-09,3,855,3,0,9,2,1,2,508,0,0,0,60,6,8,1,1,1,1,1,8,0,0,0,3,1,0,,3,39.0,15,12.0,1.0,1.0,0.0,1.0,5.0,10,2.0,1.0,1.0,,,"-758006,761","-975085,939","-758009,807","-975084,315",⁄STÕNADLABEM-KR¡SN…BÿEZNO,éeûick·,,mÌstnÌkomunikace,,1304321.0,,,Pomal˝,554804.0,622338.0,GN_V0.1UIR-ADR_410,1
41006190041,3,25374.0,2019-01-09,3,1330,3,0,1,2,1,2,204,0,0,0,10000,2,5,1,5,3,1,1,8,0,0,0,2,1,0,,8,26.0,18,4.0,1.0,1.0,0.0,1.0,3.0,10000,4.0,1.0,1.0,"-760337,194","-968702,916","-760338,269","-968698,078","-760337,219","-968698,121",,,,silnice3.t¯Ìdy,25374,1027456.0,,OpaËn˝kesmÏru˙seku,Pomal˝,555223.0,,GN_V0.1UIR-ADR_410,2
41006190042,6,,2019-01-09,3,1550,1,2,0,2,1,2,508,0,0,0,400,2,3,1,4,1,1,1,1,3,3,2,5,2,10,6.0,3,7.0,05,1.0,0.0,1.0,0.0,1.0,5.0,300,2.0,1.0,1.0,"-760972,003","-976057,141","-760999,952","-976041,554","-760999,891","-976041,295",⁄STÕNADLABEM-MÃSTO,Pa¯Ìûsk·,,mÌstnÌkomunikace,,125153.0,,OpaËn˝kesmÏru˙seku,Pomal˝,554804.0,619566.0,GN_V0.1UIR-ADR_410,1
41006190043,6,,2019-01-09,3,1640,4,0,0,1,1,2,412,0,0,1,100,2,3,1,3,2,1,1,1,3,3,1,4,1,10,6.0,3,39.0,16,1.0,0.0,1.0,0.0,1.0,5.0,100,3.0,1.0,1.0,"-762449,05","-975338,85","-762494,756","-975303,361","-762494,737","-975303,265",⁄STÕNADLABEM-KLÕäE,KlÌösk·,,mÌstnÌkomunikace,,1697141.0,,Souhlasn˝sesmÏrem˙seku,Pomal˝,554804.0,618233.0,GN_V0.1UIR-ADR_410,1
41006190044,6,,2019-01-09,3,1710,1,2,0,1,1,2,403,0,0,1,550,2,3,1,3,5,1,1,1,3,3,0,4,2,10,6.0,3,39.0,01,1.0,0.0,1.0,0.0,1.0,5.0,200,2.0,1.0,1.0,"-762532,023","-975307,314","-762518,049","-975296,027","-762516,777","-975296,073",⁄STÕNADLABEM-KLÕäE,KlÌösk·,,mÌstnÌkomunikace,,123372.0,,Souhlasn˝sesmÏrem˙seku,Pomal˝,554804.0,618233.0,GN_V0.1UIR-ADR_410,1
41006190045,1,30.0,2019-01-09,3,1710,1,1,0,2,1,2,204,0,0,0,1400,2,3,1,3,5,1,2,1,0,0,0,3,2,0,,3,17.0,10,1.0,1.0,1.0,0.0,1.0,3.0,700,2.0,1.0,1.0,"-760284,267","-975437,343","-760279,429","-975373,905","-760279,596","-975373,891",⁄STÕNADLABEM-CENTRUM,D˘lce,,silnice1.t¯Ìdy,30,2688896.0,,Souhlasn˝sesmÏrem˙seku,Pomal˝,554804.0,616877.0,GN_V0.1UIR-ADR_410,1
41006190046,1,13.0,2019-01-09,3,1800,1,1,0,2,1,2,204,0,0,0,1200,2,6,1,5,5,1,1,1,0,0,0,3,2,0,,3,39.0,11,1.0,1.0,1.0,0.0,1.0,3.0,700,2.0,1.0,1.0,"-758420,396","-965173,275","-758422,008","-965173,813","-758420,268","-965170,961",Libouchec,,,silnice1.t¯Ìdy,13,785091.0,,OpaËn˝kesmÏru˙seku,Pomal˝,568058.0,,GN_V0.1UIR-ADR_410,1
41006190047,1,13.0,2019-01-09,3,2230,3,0,4,2,1,2,204,0,0,0,60,2,6,1,5,5,1,1,1,0,0,0,3,1,0,,3,5.0,07,1.0,1.0,1.0,0.0,1.0,3.0,10,2.0,1.0,1.0,"-759777,476","-965872,252","-759777,476","-965872,252","-759767,895","-965874,498",Libouchec,,,silnice1.t¯Ìdy,13,1818603.0,,Souhlasn˝sesmÏrem˙seku,Pomal˝,568058.0,,GN_V0.1UIR-ADR_410,1
41006190048,6,,2019-01-10,4,1000,2,0,0,2,1,2,508,0,0,0,300,2,3,6,5,3,1,1,1,0,0,10,1,2,0,,3,39.0,09,1.0,0.0,1.0,0.0,1.0,5.0,100,2.0,1.0,1.0,"-758478,798","-975359,114","-758482,023","-975334,928","-758482,01","-975334,474",⁄STÕNADLABEM-KR¡SN…BÿEZNO,Aneûky»eskÈ,,mÌstnÌkomunikace,,1586331.0,,Souhlasn˝sesmÏrem˙seku,Pomal˝,554804.0,618560.0,GN_V0.1UIR-ADR_410,1
41006190049,8,,2019-01-10,4,1100,1,4,0,2,1,2,504,0,0,0,100,2,6,1,6,1,1,0,0,0,0,8,1,2,0,,5,26.0,13,8.0,0.0,1.0,0.0,1.0,5.0,0,4.0,1.0,1.0,,,"-763349,12","-963081,236","-763370,004","-963064,149",,,,silnice2.t¯Ìdy,248,107995.0,,OpaËn˝kesmÏru˙seku,Pomal˝,568147.0,,GN_V0.1UIR-ADR_410,2
41006190050,6,,2019-01-01,2,2560,1,4,0,2,1,0,504,0,0,0,300,2,3,1,1,1,1,1,1,0,0,5,3,2,0,,7,26.0,17,9.0,0.0,1.0,0.0,1.0,5.0,0,3.0,1.0,1.0,"-760913,299","-976246,732","-760878,891","-976404,255","-760878,878","-976404,254",⁄STÕNADLABEM-CENTRUM,BÌlinsk·,,mÌstnÌkomunikace,,2686488.0,,Souhlasn˝sesmÏrem˙seku,Pomal˝,554804.0,616435.0,GN_V0.1UIR-ADR_410,1
41006190051,3,25375.0,2019-01-10,4,1730,0,0,0,2,6,0,100,0,0,0,100,2,3,6,1,4,1,1,1,3,3,0,5,1,19,6.0,3,39.0,07,1.0,0.0,1.0,0.0,1.0,12.0,100,3.0,1.0,1.0,"-753478,573","-976166,418","-753478,573","-976166,418","-753478,001","-976165,223",Povrly,⁄steck·,,silnice3.t¯Ìdy,25375,1432299.0,,Souhlasn˝sesmÏrem˙seku,Pomal˝,568155.0,615587.0,GN_V0.1UIR-ADR_410,1
41006190052,6,,2019-01-10,4,1810,1,3,0,2,1,2,403,0,0,0,800,2,3,1,1,4,1,1,1,3,3,10,5,2,10,7.0,3,8.0,18,1.0,0.0,1.0,0.0,1.0,5.0,600,2.0,1.0,1.0,"-764438,92","-972283,818","-764442,683","-972267,152","-764441,657","-972268,166",⁄STÕNADLABEM-VäEBOÿICE,Kzahr·dk·m,,mÌstnÌkomunikace,,3317097.0,,Souhlasn˝sesmÏrem˙seku,Pomal˝,554804.0,691984.0,GN_V0.1UIR-ADR_410,1
41006190053,6,,2019-01-11,5,645,2,0,0,2,1,2,508,0,0,0,500,2,1,1,1,4,1,0,1,0,0,10,1,2,0,,3,47.0,14,3.0,0.0,1.0,0.0,1.0,5.0,200,3.0,1.0,1.0,"-761716,356","-975419,054","-761709,366","-975394,857","-761710,062","-975395,245",⁄STÕNADLABEM-MÃSTO,Pasteurova,,mÌstnÌkomunikace,,2687128.0,,Souhlasn˝sesmÏrem˙seku,Pomal˝,554804.0,619574.0,GN_V0.1UIR-ADR_410,1
41006190054,6,,2019-01-10,4,2560,2,0,0,2,1,0,508,0,0,0,400,2,5,1,1,1,1,0,1,3,5,0,5,2,10,6.0,17,,XX,,,,,,,0,,,,"-763547,966","-972730,742","-763542,591","-972707,63","-763544,37","-972706,589",⁄STÕNADLABEM-VäEBOÿICE,ZahradnÌ,,mÌstnÌkomunikace,,118293.0,,Souhlasn˝sesmÏrem˙seku,Pomal˝,554804.0,622168.0,GN_V0.1UIR-ADR_410,1
41006190055,6,,2019-01-11,5,1035,3,0,2,2,1,2,508,0,0,0,200,1,3,1,1,1,1,0,0,0,0,0,1,1,0,,5,26.0,06,3.0,0.0,1.0,0.0,1.0,5.0,0,3.0,1.0,1.0,"-760844,949","-976308,282","-760812,155","-976267,423","-760812,163","-976267,845",⁄STÕNADLABEM-CENTRUM,UKostela,,mÌstnÌkomunikace,,125701.0,,,Pomal˝,554804.0,621595.0,GN_V0.1UIR-ADR_410,1
41006190056,6,,2019-01-11,5,1255,1,4,0,2,1,2,504,0,0,0,410,2,3,1,5,1,1,1,1,0,0,0,1,2,0,,6,26.0,11,3.0,0.0,1.0,0.0,1.0,5.0,0,3.0,1.0,1.0,"-764149,089","-972373,286","-764149,089","-972373,286","-764141,338","-972361,925",⁄STÕNADLABEM-VäEBOÿICE,Podho¯Ì,,mÌstnÌkomunikace,,3317125.0,,Souhlasn˝sesmÏrem˙seku,Pomal˝,554804.0,619698.0,GN_V0.1UIR-ADR_410,1
41006190057,1,62.0,2019-01-11,5,1435,3,0,3,2,1,2,204,0,0,0,710,2,5,1,5,3,1,1,8,0,0,0,1,1,0,,3,39.0,13,1.0,1.0,1.0,0.0,1.0,3.0,700,3.0,1.0,1.0,"-754107,474","-975465,421","-754107,474","-975465,421","-754078,936","-975449,335",,,,silnice1.t¯Ìdy,62,3562468.0,,Souhlasn˝sesmÏrem˙seku,Pomal˝,568155.0,,GN_V0.1UIR-ADR_410,2
41006190058,6,,2019-01-11,5,1445,2,0,0,2,1,2,504,0,0,0,850,0,8,12,5,1,1,0,0,0,0,0,1,2,0,,3,47.0,07,1.0,0.0,1.0,0.0,1.0,5.0,50,2.0,1.0,1.0,"-760324,392","-974088,013","-760324,392","-974088,013","-760317,344","-974081,973",⁄STÕNADLABEM-SEVERNÕTERASA,Luûick·,,mÌstnÌkomunikace,,2687022.0,,Souhlasn˝sesmÏrem˙seku,Pomal˝,554804.0,618322.0,GN_V0.1UIR-ADR_410,1
41006190059,1,13.0,2019-01-11,5,1440,3,0,4,2,1,2,508,0,0,0,20,2,8,1,1,1,1,1,8,3,3,0,5,1,19,6.0,3,39.0,03,1.0,0.0,1.0,0.0,1.0,21.0,20,2.0,1.0,1.0,"-759777,547","-965881,23","-759843,135","-966001,117","-759842,407","-966001,75",Libouchec,,,silnice1.t¯Ìdy,13,2687622.0,,Souhlasn˝sesmÏrem˙seku,Pomal˝,568058.0,,GN_V0.1UIR-ADR_410,1
41006190060,6,,2019-01-11,5,1850,4,0,0,1,1,2,412,0,0,1,0,2,3,1,3,4,1,2,1,3,3,1,1,1,0,,3,13.0,08,1.0,0.0,1.0,0.0,1.0,5.0,0,2.0,1.0,1.0,"-761141,294","-976123,285","-761153,659","-976006,623","-761153,575","-976007,11",⁄STÕNADLABEM-CENTRUM,Pa¯Ìûsk·,,mÌstnÌkomunikace,,125100.0,,Souhlasn˝sesmÏrem˙seku,Pomal˝,554804.0,619566.0,GN_V0.1UIR-ADR_410,1
41006190061,6,,2019-01-11,5,1430,3,0,6,2,1,0,504,0,0,0,50,2,5,1,3,1,1,0,0,0,0,8,1,1,0,,17,,XX,,,,,,,0,,,,,,"-760775,498","-974238,401","-760774,992","-974238,907",⁄STÕNADLABEM-SEVERNÕTERASA,St¯Ìbrnick·,,mÌstnÌkomunikace,,2687042.0,,Souhlasn˝sesmÏrem˙seku,Pomal˝,554804.0,620785.0,GN_V0.1UIR-ADR_410,1
41006190062,6,,2019-01-11,5,1600,3,0,6,2,1,2,204,0,0,0,150,2,6,1,1,1,1,1,8,0,0,0,3,1,0,,3,17.0,15,3.0,1.0,1.0,0.0,1.0,5.0,150,2.0,1.0,1.0,"-765867,404","-982463,829","-765867,404","-982463,829","-765869,146","-982464,04",Habrovany,,,mÌstnÌkomunikace,,3263505.0,,OpaËn˝kesmÏru˙seku,Pomal˝,567957.0,,GN_V0.1UIR-ADR_410,1
41006190063,6,,2019-01-11,5,1855,2,0,0,2,1,0,504,0,0,0,70,2,5,1,1,4,1,1,1,0,0,8,1,2,0,,17,,XX,,,,,,,0,,,,"-765893,673","-982458,485","-756093,992","-974726,696","-756093,978","-974726,623",⁄STÕNADLABEM-NEäTÃMICE,Peökova,,mÌstnÌkomunikace,,2688407.0,,Souhlasn˝sesmÏrem˙seku,Pomal˝,554804.0,620017.0,GN_V0.1UIR-ADR_410,1
41006190064,2,613.0,2019-01-12,6,540,3,0,4,2,1,0,204,0,0,0,500,2,3,1,1,4,1,3,1,0,0,0,1,1,0,,5,39.0,06,1.0,1.0,1.0,0.0,1.0,1.0,500,3.0,0.0,1.0,"-761702,176","-976670,355","-761702,176","-976670,355","-761702,438","-976669,959",⁄STÕNADLABEM-MÃSTO,éiûkova,,silnice2.t¯Ìdy,613,733325.0,,Souhlasn˝sesmÏrem˙seku,Pomal˝,554804.0,622346.0,GN_V0.1UIR-ADR_410,1
41006190065,6,,2019-01-12,6,1215,3,0,9,2,1,2,508,0,0,0,100,1,1,1,1,1,1,0,0,0,0,9,1,1,0,,7,10.0,06,9.0,0.0,1.0,0.0,1.0,5.0,0,3.0,1.0,1.0,,,"-761545,475","-983240,977","-761545,223","-983240,057",DolnÌZ·lezly,,,mÌstnÌkomunikace,,1698612.0,,Souhlasn˝sesmÏrem˙seku,Pomal˝,567931.0,,GN_V0.1UIR-ADR_410,1
41006190066,6,,2019-01-12,6,1735,2,0,0,2,1,9,508,0,0,0,1250,2,3,1,4,4,1,1,1,0,0,10,1,3,0,,3,8.0,11,1.0,1.0,1.0,0.0,1.0,5.0,200,2.0,5.0,1.0,"-761394,482","-973995,709","-761395,557","-973980,121","-761395,664","-973979,894",⁄STÕNADLABEM-SEVERNÕTERASA,Ladova,,mÌstnÌkomunikace,,3317205.0,,Souhlasn˝sesmÏrem˙seku,Pomal˝,554804.0,616729.0,GN_V0.1UIR-ADR_410,1
41006190067,1,30.0,2019-01-12,6,1900,3,0,4,2,1,2,204,0,0,0,250,2,3,1,4,6,1,1,3,3,3,0,7,1,19,3.0,3,13.0,02,1.0,0.0,1.0,0.0,1.0,31.0,200,2.0,1.0,1.0,,,"-766194,247","-972617,407","-766194,27","-972616,952",,,,silnice1.t¯Ìdy,30,3556513.0,,Souhlasn˝sesmÏrem˙seku,Pomal˝,554804.0,617091.0,GN_V0.1UIR-ADR_410,2
41006190068,3,25847.0,2019-01-13,0,1125,2,0,0,2,1,0,504,0,0,0,50,5,3,1,4,1,1,0,0,0,0,10,1,2,0,,17,,XX,,,,,,,0,,,,"-753700,129","-976927,967","-753697,441","-976929,58",-753695,"-976929,7",VelkÈB¯ezno,LitomÏ¯ick·,,silnice3.t¯Ìdy,25847,1587812.0,,Souhlasn˝sesmÏrem˙seku,Pomal˝,568350.0,622486.0,GN_V0.1UIR-ADR_410,1
41006190069,6,,2019-01-12,6,2560,2,0,0,2,1,0,508,0,0,0,100,3,3,1,4,1,1,0,0,0,0,10,1,2,0,,17,,XX,,,,,,,0,,,,"-760785,794","-974164,358","-760762,145","-974144,471","-760760,761","-974143,116",⁄STÕNADLABEM-SEVERNÕTERASA,St¯Ìbrnick·,,mÌstnÌkomunikace,,3317213.0,,OpaËn˝kesmÏru˙seku,Pomal˝,554804.0,618691.0,GN_V0.1UIR-ADR_410,1
41006190070,1,30.0,2019-01-13,0,1810,0,0,0,2,1,2,508,0,0,0,100,2,3,5,1,4,1,5,1,2,0,0,5,1,19,1.0,3,4.0,17,3.0,0.0,1.0,0.0,1.0,32.0,100,3.0,1.0,1.0,,,"-760241,548","-976176,589","-760242,534","-976177,271",⁄STÕNADLABEM-MÃSTO,P¯edmostÌ,,silnice1.t¯Ìdy,30,2688908.0,,Souhlasn˝sesmÏrem˙seku,Pomal˝,554804.0,619931.0,GN_V0.1UIR-ADR_410,1
41006190071,1,30.0,2019-01-14,1,520,1,3,0,2,1,2,411,0,0,0,700,2,3,1,1,4,1,2,1,0,0,5,1,2,0,,3,26.0,16,3.0,0.0,1.0,0.0,1.0,3.0,300,3.0,1.0,1.0,"-760825,855","-976830,926","-760760,804","-976722,867","-760760,564","-976723,023",⁄STÕNADLABEM-MÃSTO,Praûsk·,,silnice1.t¯Ìdy,30,3337826.0,,Souhlasn˝sesmÏrem˙seku,Pomal˝,554804.0,619850.0,GN_V0.1UIR-ADR_410,1
41006190072,1,13.0,2019-01-14,1,715,3,0,6,1,1,0,204,0,0,2,400,2,6,1,6,6,1,1,8,0,0,5,1,1,0,,3,27.0,02,1.0,0.0,1.0,0.0,1.0,3.0,300,2.0,1.0,1.0,"-763125,157","-969014,537","-763108,495","-969008,087","-763108,353","-969008,345",,,,silnice1.t¯Ìdy,13,1361441.0,,OpaËn˝kesmÏru˙seku,Pomal˝,568295.0,,GN_V0.1UIR-ADR_410,2
41006190073,1,13.0,2019-01-14,1,725,1,4,0,2,1,2,204,0,0,0,700,2,6,1,6,1,1,1,1,0,0,5,1,3,0,,3,39.0,04,1.0,0.0,1.0,0.0,1.0,3.0,200,3.0,1.0,1.0,"-763066,498","-968983,064","-763066,498","-968983,064","-763065,268","-968985,546",,,,silnice1.t¯Ìdy,13,1358759.0,,OpaËn˝kesmÏru˙seku,Pomal˝,568295.0,,GN_V0.1UIR-ADR_410,2