IDENTIFIKA»NÕ »ÕSLO,DRUH POZEMNÕ KOMUNIKACE,»ÕSLO POZEMNÕ KOMUNIKACE,"den, mÏsÌc, rok",,Ëas ,DRUH NEHODY,DRUH SR¡éKY JEDOUCÕCH VOZIDEL,DRUH PEVN… PÿEK¡éKY,CHARAKTER NEHODY,ZAVINÃNÕ NEHODY,ALKOHOL U VINÕKA NEHODY PÿÕTOMEN,HLAVNÕ PÿÕ»INY NEHODY,usmrceno osob,tÏûce zranÏno osob,lehce zranÏno osob,CELKOV¡ HMOTN¡ äKODA,DRUH POVRCHU VOZOVKY,STAV POVRCHU VOZOVKY V DOBÃ NEHODY,STAV KOMUNIKACE,POVÃTRNOSTNÕ PODMÕNKY V DOBÃ NEHODY,VIDITELNOST,ROZHLEDOV… POMÃRY,DÃLENÕ KOMUNIKACE,SITUOV¡NÕ NEHODY NA KOMUNIKACI,ÿÕZENÕ PROVOZU V DOBÃ NEHODY,MÕSTNÕ ⁄PRAVA PÿEDNOSTI V JÕZDÃ,SPECIFICK¡ MÕSTA A OBJEKTY V MÕSTÃ NEHODY,SMÃROV… POMÃRY,PO»ET Z⁄»ASTNÃN›CH VOZIDEL,MÕSTO DOPRAVNÕ NEHODY,DRUH KÿIéUJÕCÕ KOMUNIKACE,DRUH VOZIDLA,V›ROBNÕ ZNA»KA MOTOROV…HO VOZIDLA,ROK V›ROBY VOZIDLA,CHARAKTERISTIKA VOZIDLA ,SMYK,VOZIDLO PO NEHODÃ,"⁄NIK PROVOZNÕCH, PÿEPRAVOVAN›CH HMOT",ZPŸSOB VYPROäTÃNÕ OSOB Z VOZIDLA,SMÃR JÕZDY NEBO POSTAVENÕ VOZIDLA,äKODA NA VOZIDLE,KATEGORIE ÿIDI»E,STAV ÿIDI»E,VNÃJäÕ OVLIVNÃNÕ ÿIDI»E,nan.1,nan.2,nan.3,nan.4,nan.5,nan.6,nan.7,nan.8,nan.9,nan.10,nan.11,nan.12,nan.13,nan.14,nan.15,nan.16,nan.17,nan.18,LOKALITA NEHODY
41006190074,1,13.0,2019-01-14,1,726,1,4,0,2,1,2,204,0,0,0,500,2,6,1,6,2,1,1,1,0,0,5,1,2,0,,5,12.0,04,3.0,0.0,1.0,0.0,1.0,3.0,200,3.0,1.0,1.0,"-763070,738","-969006,162","-763070,738","-969006,162","-763077,864","-968991,791",,,,silnice1.t¯Ìdy,13,1358759.0,,Souhlasn˝sesmÏrem˙seku,Pomal˝,568295.0,,GN_V0.1UIR-ADR_410,2
41006190075,1,13.0,2019-01-14,1,840,3,0,6,2,1,2,204,0,0,0,500,2,6,1,1,1,1,1,3,0,0,0,3,1,0,,5,35.0,02,1.0,1.0,1.0,0.0,1.0,1.0,200,2.0,1.0,1.0,,,"-759457,162","-965602,7","-759456,82","-965603,08",Libouchec,Teplick·,,silnice1.t¯Ìdy,13,1818605.0,,Souhlasn˝sesmÏrem˙seku,Pomal˝,568058.0,,GN_V0.1UIR-ADR_410,1
41006190076,8,,2019-01-14,1,1030,2,0,0,2,1,2,504,0,0,0,550,2,1,1,1,1,1,1,1,0,0,10,1,2,0,,7,40.0,13,3.0,0.0,1.0,0.0,1.0,5.0,0,3.0,1.0,1.0,"-758155,931","-976253,079","-758125,288","-976256,842","-758125,317","-976257,568",⁄STÕNADLABEM-KR¡SN…BÿEZNO,P¯ÌstavnÌ,,mÌstnÌkomunikace,,125690.0,,Souhlasn˝sesmÏrem˙seku,Pomal˝,554804.0,618471.0,GN_V0.1UIR-ADR_410,1
41006190077,1,30.0,2019-01-14,1,1357,1,1,0,1,1,2,402,1,0,0,6400,2,1,1,1,1,1,1,1,3,3,0,4,3,19,3.0,3,13.0,01,1.0,0.0,1.0,0.0,1.0,43.0,600,2.0,1.0,1.0,"-766951,128","-971850,14","-766951,666","-971853,904","-766952,225","-971854,299",,,,silnice1.t¯Ìdy,30,116706.0,,OpaËn˝kesmÏru˙seku,Pomal˝,568015.0,,GN_V0.1UIR-ADR_410,2
41006190078,1,62.0,2019-01-14,1,1130,0,0,0,2,6,0,100,0,0,0,50,2,1,6,3,3,1,5,1,0,0,0,1,1,0,,3,2.0,17,3.0,0.0,1.0,0.0,1.0,1.0,50,4.0,1.0,1.0,"-760219,615","-976201,496","-760221,227","-976190,747","-760221,303","-976190,291",⁄STÕNADLABEM-CENTRUM,P¯ÌstavnÌ,,silnice1.t¯Ìdy,62,1586544.0,,Souhlasn˝sesmÏrem˙seku,Pomal˝,554804.0,619965.0,GN_V0.1UIR-ADR_410,1
41006190079,1,30.0,2019-01-15,2,1025,1,4,0,2,1,2,503,0,0,0,700,2,1,1,1,1,1,5,1,2,0,0,5,2,19,1.0,6,48.0,10,3.0,0.0,1.0,0.0,1.0,12.0,200,3.0,1.0,1.0,"-760281,487","-976223,675","-760248,155","-976197,332","-760247,852","-976198,154",⁄STÕNADLABEM-CENTRUM,P¯ÌstavnÌ,,silnice1.t¯Ìdy,30,1697312.0,,Souhlasn˝sesmÏrem˙seku,Pomal˝,554804.0,619965.0,GN_V0.1UIR-ADR_410,1
41006190080,6,,2019-01-15,2,1050,1,4,0,2,1,2,503,0,0,0,700,2,1,1,1,1,1,1,1,3,3,0,4,2,10,6.0,5,12.0,17,3.0,0.0,1.0,0.0,1.0,5.0,500,2.0,1.0,1.0,"-763377,723","-975953,996","-763372,885","-975943,244","-763372,85","-975943,55",⁄STÕNADLABEM-PÿEDLICE,UVleËky,,mÌstnÌkomunikace,,124915.0,,Souhlasn˝sesmÏrem˙seku,Pomal˝,554804.0,621510.0,GN_V0.1UIR-ADR_410,1
41006190081,6,,2019-01-15,2,1113,1,3,0,2,1,2,504,0,0,0,400,2,3,1,1,1,1,1,1,3,5,0,1,2,0,,3,39.0,16,1.0,0.0,1.0,0.0,1.0,5.0,200,2.0,1.0,1.0,,,"-763609,415","-976852,142","-763608,938","-976851,954",⁄STÕNADLABEM-TRMICE,Tyröova,,mÌstnÌkomunikace,,1725485.0,,Souhlasn˝sesmÏrem˙seku,Pomal˝,553697.0,,GN_V0.1UIR-ADR_410,1
41006190082,6,,2019-01-15,2,945,2,0,0,2,1,0,516,0,0,0,120,2,3,1,1,1,1,0,0,0,0,8,1,2,0,,3,39.0,11,1.0,0.0,1.0,0.0,1.0,5.0,70,2.0,1.0,1.0,"-762040,39","-975634,37","-762068,877","-975643,507","-762068,877","-975643,478",⁄STÕNADLABEM-MÃSTO,OkruûnÌ,,mÌstnÌkomunikace,,1633267.0,,Souhlasn˝sesmÏrem˙seku,Pomal˝,554804.0,619388.0,GN_V0.1UIR-ADR_410,1
41006190083,6,,2019-01-15,2,607,3,0,9,2,1,0,516,0,0,0,50,2,1,1,1,4,1,0,1,0,0,0,1,1,0,,17,,XX,,,,,,,0,,,,"-760753,451","-976372,798","-760752,376","-976372,26","-760748,809","-976371,217",⁄stÌnadLabem,Mal·HradebnÌ,,mÌstnÌkomunikace,,1936851.0,,,Pomal˝,554804.0,618381.0,GN_V0.1UIR-ADR_410,1
41006190084,6,,2019-01-15,2,630,3,0,9,2,1,0,516,0,0,0,210,2,1,1,1,4,1,0,1,0,0,0,1,1,0,,5,26.0,11,2.0,0.0,1.0,0.0,1.0,5.0,10,3.0,1.0,1.0,,,"-760773,411","-976399,946","-760773,481","-976399,706",⁄STÕNADLABEM-CENTRUM,Mal·HradebnÌ,,mÌstnÌkomunikace,,760347.0,,Souhlasn˝sesmÏrem˙seku,Pomal˝,554804.0,618381.0,GN_V0.1UIR-ADR_410,1
41006190085,2,613.0,2019-01-15,2,1630,4,0,0,1,1,2,412,0,0,1,0,2,3,1,3,2,1,2,1,0,0,1,1,1,0,,3,35.0,06,1.0,0.0,1.0,0.0,1.0,3.0,0,2.0,1.0,1.0,"-760393,997","-976281,879","-760389,158","-976254,998","-760387,764","-976254,109",⁄STÕNADLABEM-CENTRUM,mostDr.EdvardaBeneöe,,silnice2.t¯Ìdy,613,125759.0,,Souhlasn˝sesmÏrem˙seku,Pomal˝,554804.0,618721.0,GN_V0.1UIR-ADR_410,1
41006190086,1,62.0,2019-01-15,2,1603,1,2,0,2,1,9,411,0,0,0,200,2,3,1,1,1,1,3,1,0,0,5,1,2,0,,3,13.0,03,1.0,0.0,1.0,0.0,1.0,1.0,100,2.0,5.0,1.0,"-759982,346","-976179,396","-759987,723","-976170,792","-759987,734","-976171,223",⁄STÕNADLABEM-CENTRUM,P¯ÌstavnÌ,,silnice1.t¯Ìdy,62,3563103.0,,Souhlasn˝sesmÏrem˙seku,Pomal˝,554804.0,619965.0,GN_V0.1UIR-ADR_410,1
41006190087,6,,2019-01-15,2,1230,2,0,0,2,1,0,516,0,0,0,450,2,3,1,1,1,1,1,1,0,0,0,1,2,0,,3,17.0,11,1.0,0.0,1.0,0.0,1.0,5.0,200,2.0,1.0,1.0,"-763285,26","-973080,855","-763308,377","-973064,189","-763309,277","-973063,013",⁄STÕNADLABEM-VäEBOÿICE,Dukelsk˝chhrdin˘,,mÌstnÌkomunikace,,119039.0,,Souhlasn˝sesmÏrem˙seku,Pomal˝,554804.0,616869.0,GN_V0.1UIR-ADR_410,1
41006190088,2,613.0,2019-01-16,3,1035,2,0,0,2,1,2,508,0,0,0,400,2,1,1,1,1,1,3,1,0,0,7,1,2,0,,8,99.0,13,3.0,0.0,1.0,0.0,1.0,1.0,100,4.0,1.0,1.0,"-760173,005","-976585,721","-760217,616","-976525,523","-760215,911","-976524,087",⁄STÕNADLABEM-STÿEKOV,N·rodnÌhoodboje,,silnice2.t¯Ìdy,613,2687239.0,,Souhlasn˝sesmÏrem˙seku,Pomal˝,554804.0,618934.0,GN_V0.1UIR-ADR_410,1
41006190089,6,,2019-01-16,3,1613,1,2,0,2,1,2,508,0,0,0,200,2,1,1,1,1,1,1,1,3,3,9,4,2,10,6.0,8,19.0,15,3.0,0.0,1.0,0.0,1.0,5.0,200,4.0,1.0,1.0,"-758897,274","-975847,28","-758898,349","-975816,636","-758898,158","-975816,635",⁄STÕNADLABEM-KR¡SN…BÿEZNO,NeötÏmick·,,mÌstnÌkomunikace,,124631.0,,OpaËn˝kesmÏru˙seku,Pomal˝,554804.0,619264.0,GN_V0.1UIR-ADR_410,1
41006190090,2,613.0,2019-01-17,4,625,1,4,0,2,1,2,508,0,0,0,1300,2,1,1,1,6,1,3,1,3,3,0,7,2,19,6.0,3,39.0,08,3.0,0.0,1.0,0.0,1.0,23.0,800,2.0,1.0,1.0,"-764046,72","-977090,258","-764030,591","-977059,614","-764030,798","-977059,92",,,,silnice2.t¯Ìdy,613,3262869.0,,Souhlasn˝sesmÏrem˙seku,Pomal˝,553697.0,,GN_V0.1UIR-ADR_410,2
41006190091,6,,2019-01-17,4,650,1,3,0,2,1,2,403,0,0,0,600,2,1,1,1,4,1,1,1,3,3,0,5,2,10,6.0,5,39.0,07,1.0,0.0,1.0,0.0,1.0,5.0,300,2.0,1.0,1.0,"-762251,211","-975375,699","-762235,62","-975378,387","-762235,701","-975378,552",⁄STÕNADLABEM-KLÕäE,KlÌösk·,,mÌstnÌkomunikace,,1426911.0,,Souhlasn˝sesmÏrem˙seku,Pomal˝,554804.0,618233.0,GN_V0.1UIR-ADR_410,1
41006190092,6,,2019-01-17,4,1035,3,0,2,2,6,0,100,0,0,0,20,2,3,12,3,1,1,1,1,3,3,0,5,1,10,6.0,17,,XX,,,,,,,0,,,,"-759529,049","-977685,994","-759534,963","-977681,156","-759535,062","-977681,169",⁄STÕNADLABEM-STÿEKOV,Novovesk·,,mÌstnÌkomunikace,,1305600.0,,Souhlasn˝sesmÏrem˙seku,Pomal˝,554804.0,619230.0,GN_V0.1UIR-ADR_410,1
41006190093,8,,2019-01-17,4,2560,2,0,0,2,1,0,508,0,0,0,200,3,1,1,1,1,1,0,0,0,0,10,1,2,0,,17,,XX,,,,,,,0,,,,,,"-760844,154","-976346,071","-760843,286","-976346,073",⁄STÕNADLABEM-CENTRUM,BÌlinsk·,,mÌstnÌkomunikace,,3459687.0,,,Pomal˝,554804.0,616435.0,GN_V0.1UIR-ADR_410,1
41006190094,8,,2019-01-17,4,2560,2,0,0,2,1,0,508,0,0,0,300,2,3,1,1,1,1,0,0,0,0,0,1,2,0,,17,,XX,,,,,,,0,,,,"-763531,582","-976716,714","-763531,582","-976716,714","-763532,908","-976713,482",Trmice,Tyröova,,mÌstnÌkomunikace,,1725492.0,,Souhlasn˝sesmÏrem˙seku,Pomal˝,553697.0,,GN_V0.1UIR-ADR_410,1
41006190095,1,30.0,2019-01-17,4,1400,1,3,0,2,1,2,411,0,0,0,200,2,3,1,1,1,1,3,1,2,0,0,4,2,11,6.0,7,62.0,17,3.0,0.0,1.0,0.0,1.0,23.0,50,3.0,1.0,1.0,,,"-761544,398","-973954,86","-761543,605","-973954,166",⁄STÕNADLABEM-SEVERNÕTERASA,Soci·lnÌpÈËe,,silnice1.t¯Ìdy,30,708840.0,,Souhlasn˝sesmÏrem˙seku,Pomal˝,554804.0,620505.0,GN_V0.1UIR-ADR_410,1
41006190096,6,,2019-01-17,4,1555,2,0,0,2,1,2,508,0,0,0,350,2,3,1,1,2,1,1,1,0,0,0,1,2,0,,3,39.0,18,3.0,0.0,1.0,0.0,1.0,5.0,300,2.0,1.0,1.0,"-763116,086","-973286,771","-763116,086","-973286,771","-763108,774","-973281,721",⁄STÕNADLABEM-VäEBOÿICE,Masarykova,,mÌstnÌkomunikace,,119252.0,,Souhlasn˝sesmÏrem˙seku,Pomal˝,554804.0,618659.0,GN_V0.1UIR-ADR_410,1
41006190097,6,,2019-01-17,4,1825,1,1,0,2,1,2,501,0,0,0,500,2,1,1,1,4,1,1,1,3,3,0,4,2,10,6.0,3,39.0,03,1.0,0.0,1.0,0.0,1.0,5.0,200,2.0,1.0,1.0,"-761828,637","-975311,775","-761820,573","-975308,55","-761820,836","-975309,13",⁄STÕNADLABEM-KLÕäE,Resslova,,mÌstnÌkomunikace,,123482.0,,Souhlasn˝sesmÏrem˙seku,Pomal˝,554804.0,620165.0,GN_V0.1UIR-ADR_410,1
41006190098,6,,2019-01-18,5,710,1,3,0,2,1,2,405,0,0,0,700,2,3,1,1,4,1,1,1,3,3,1,4,2,10,6.0,3,60.0,11,1.0,0.0,1.0,0.0,1.0,5.0,600,2.0,1.0,1.0,"-761178,371","-975983,851","-761175,816","-976011,195","-761175,855","-976011,205",⁄STÕNADLABEM-CENTRUM,Masarykova,,mÌstnÌkomunikace,,125236.0,,,Pomal˝,554804.0,618659.0,GN_V0.1UIR-ADR_410,1
41006190099,6,,2019-01-18,5,820,2,0,0,2,1,2,504,0,0,0,500,2,3,1,1,1,1,0,0,0,0,0,1,2,0,,7,40.0,18,3.0,0.0,1.0,0.0,1.0,5.0,0,3.0,1.0,1.0,"-759922,961","-976683,506","-760076,749","-976833,53","-760076,075","-976834,675",⁄STÕNADLABEM-STÿEKOV,éukovova,,mÌstnÌkomunikace,,3561919.0,,OpaËn˝kesmÏru˙seku,Pomal˝,554804.0,622354.0,GN_V0.1UIR-ADR_410,1
41006190100,2,248.0,2019-01-18,5,925,1,2,0,2,1,2,501,0,0,0,420,2,6,1,6,1,1,1,1,0,0,8,3,2,0,,5,19.0,17,3.0,0.0,1.0,0.0,1.0,1.0,200,3.0,1.0,1.0,"-763429,255","-963257,196","-763507,19","-963209,36","-763506,856","-963209,927",,,,silnice2.t¯Ìdy,248,3286894.0,,Souhlasn˝sesmÏrem˙seku,Pomal˝,568147.0,,GN_V0.1UIR-ADR_410,2
41006190101,6,,2019-01-18,5,1430,0,0,0,1,0,0,100,0,0,1,0,1,1,1,1,1,1,0,0,0,0,6,1,1,0,,8,19.0,15,1.0,0.0,1.0,0.0,1.0,5.0,0,4.0,1.0,1.0,"-760250,047","-976437,338","-760501,051","-976221,808","-760501,259","-976221,118",⁄STÕNADLABEM-MÃSTO,UN·draûÌ,,mÌstnÌkomunikace,,1758483.0,,Souhlasn˝sesmÏrem˙seku,Pomal˝,554804.0,621331.0,GN_V0.1UIR-ADR_410,1
41006190102,1,30.0,2019-01-18,5,2240,1,2,0,2,1,2,504,0,0,0,450,2,1,1,1,4,1,1,1,3,3,0,5,2,19,6.0,3,41.0,07,1.0,0.0,1.0,0.0,1.0,13.0,300,2.0,1.0,1.0,"-760439,148","-975475,791","-760414,961","-975421,505","-760414,744","-975421,52",⁄STÕNADLABEM-MÃSTO,Ho¯enÌ,,silnice1.t¯Ìdy,30,1586391.0,,OpaËn˝kesmÏru˙seku,Pomal˝,554804.0,617172.0,GN_V0.1UIR-ADR_410,1
41006190103,2,613.0,2019-01-19,6,600,3,0,2,2,1,0,204,0,0,0,500,2,6,1,1,4,1,3,1,0,0,1,1,1,0,,3,7.0,07,1.0,0.0,1.0,0.0,1.0,3.0,200,2.0,1.0,1.0,"-762743,114","-977012,194","-762801,725","-976998,751","-762801,396","-976999,614",⁄STÕNADLABEM-MÃSTO,éiûkova,,silnice2.t¯Ìdy,613,2686500.0,,Souhlasn˝sesmÏrem˙seku,Pomal˝,554804.0,622346.0,GN_V0.1UIR-ADR_410,1
41006190104,1,13.0,2019-01-19,6,1000,1,3,0,2,1,2,405,0,0,0,900,2,3,1,1,1,1,1,1,3,3,1,4,2,19,6.0,3,13.0,12,9.0,0.0,1.0,0.0,1.0,14.0,600,2.0,1.0,1.0,"-759235,493","-965388,268","-759220,44","-965339,884","-759221,153","-965339,536",Libouchec,Teplick·,,silnice1.t¯Ìdy,13,1818605.0,,OpaËn˝kesmÏru˙seku,Pomal˝,568058.0,,GN_V0.1UIR-ADR_410,1
41006190105,8,,2019-01-19,6,1660,2,0,0,2,1,0,504,0,0,0,400,1,1,1,1,4,1,1,1,0,0,10,1,2,0,,17,,XX,,,,,,,0,,,,"-760341,284","-977013,771","-760341,822","-977022,373","-760341,906","-977022,356",⁄STÕNADLABEM-STÿEKOV,éelezniË·¯sk·,,mÌstnÌkomunikace,,1633336.0,,OpaËn˝kesmÏru˙seku,Pomal˝,554804.0,622311.0,GN_V0.1UIR-ADR_410,1
41006190106,8,,2019-01-19,6,1835,2,0,0,2,1,2,504,0,0,0,200,2,6,1,1,4,1,1,1,0,0,10,1,2,0,,3,13.0,13,1.0,0.0,1.0,0.0,1.0,5.0,100,2.0,1.0,1.0,"-760883,843","-973813,659","-760883,305","-973740,007","-760871,095","-973740,512",⁄STÕNADLABEM-SEVERNÕTERASA,Makov·,,mÌstnÌkomunikace,,120214.0,,Souhlasn˝sesmÏrem˙seku,Pomal˝,554804.0,618683.0,GN_V0.1UIR-ADR_410,1
41006190107,6,,2019-01-20,0,645,2,0,0,2,1,2,504,0,0,0,210,2,1,1,1,4,1,1,1,0,0,10,1,2,0,,3,39.0,99,1.0,0.0,1.0,0.0,1.0,5.0,10,2.0,1.0,1.0,"-759748,794","-974660,956","-759748,794","-974660,956","-759749,914","-974660,679",⁄STÕNADLABEM-SEVERNÕTERASA,Pol·Ëkova,,mÌstnÌkomunikace,,1633191.0,,Souhlasn˝sesmÏrem˙seku,Pomal˝,554804.0,620033.0,GN_V0.1UIR-ADR_410,1
41006190108,2,613.0,2019-01-20,0,930,1,3,0,2,1,2,403,0,0,0,500,2,1,1,1,1,1,3,1,3,3,0,7,2,19,6.0,3,47.0,15,1.0,0.0,1.0,0.0,1.0,12.0,300,2.0,1.0,1.0,,,"-760840,822","-976505,009","-760840,907","-976505,337",⁄STÕNADLABEM-CENTRUM,St¯eleck·,,silnice2.t¯Ìdy,613,2688998.0,,Souhlasn˝sesmÏrem˙seku,Pomal˝,554804.0,620645.0,GN_V0.1UIR-ADR_410,1
41006190109,1,13.0,2019-01-20,0,1210,1,3,0,2,1,2,402,0,0,0,1100,2,1,1,1,1,1,1,1,3,3,0,4,2,19,6.0,3,39.0,16,3.0,0.0,1.0,0.0,1.0,43.0,500,2.0,1.0,1.0,"-759215,396","-965344,852","-759218,621","-965335,715","-759219,137","-965335,454",Libouchec,,,silnice1.t¯Ìdy,13,785100.0,,OpaËn˝kesmÏru˙seku,Pomal˝,568058.0,,GN_V0.1UIR-ADR_410,1
41006190110,6,,2019-01-20,0,1610,0,0,0,1,5,2,100,0,0,1,0,2,1,1,1,1,1,3,1,0,0,0,2,1,0,,11,0.0,,5.0,0.0,1.0,0.0,1.0,5.0,0,4.0,1.0,1.0,"-762261,692","-974301,622","-762701,353","-973753,39","-762701,102","-973753,163",⁄STÕNADLABEM-BUKOV,Masarykova,,mÌstnÌkomunikace,,120410.0,,Souhlasn˝sesmÏrem˙seku,Pomal˝,554804.0,618659.0,GN_V0.1UIR-ADR_410,1
41006190111,6,,2019-01-18,5,2560,2,0,0,2,1,0,508,0,0,0,200,2,1,1,1,1,1,0,0,0,0,0,1,2,0,,17,,XX,,,,,,,0,,,,"-760746,425","-976014,419","-760786,746","-975949,368","-760786,299","-975949,279",⁄STÕNADLABEM-CENTRUM,Velk·HradebnÌ,,mÌstnÌkomunikace,,3423094.0,,Souhlasn˝sesmÏrem˙seku,Pomal˝,554804.0,621676.0,GN_V0.1UIR-ADR_410,1
41006190112,1,30.0,2019-01-20,0,1815,1,3,0,2,1,2,403,0,0,0,1300,2,1,1,1,4,1,3,1,3,3,0,5,2,19,6.0,3,2.0,08,1.0,0.0,1.0,0.0,1.0,31.0,800,2.0,1.0,1.0,"-762582,962","-973620,081","-762585,268","-973599,693","-762585,226","-973599,859",⁄STÕNADLABEM-BUKOV,BoûtÏöick·,,silnice1.t¯Ìdy,30,1697046.0,,Souhlasn˝sesmÏrem˙seku,Pomal˝,554804.0,616478.0,GN_V0.1UIR-ADR_410,1
41006190113,6,,2019-01-20,0,2354,3,0,3,2,1,2,205,0,0,0,270,2,1,1,1,4,1,1,6,3,3,0,4,1,10,6.0,3,47.0,17,3.0,0.0,1.0,0.0,1.0,5.0,250,2.0,1.0,1.0,"-761470,995","-975584,111","-761479,598","-975571,744","-761479,402","-975571,554",⁄STÕNADLABEM-CENTRUM,Moskevsk·,,mÌstnÌkomunikace,,124025.0,,OpaËn˝kesmÏru˙seku,Pomal˝,554804.0,618543.0,GN_V0.1UIR-ADR_410,1
41006190114,2,261.0,2019-01-21,1,620,3,0,1,1,1,2,511,0,0,1,350,2,3,1,1,4,1,1,3,0,0,0,3,1,0,,3,44.0,99,1.0,0.0,1.0,0.0,1.0,3.0,300,2.0,1.0,1.0,"-759025,623","-980318,949","-759025,623","-980318,949","-759021,466","-980312,071",⁄STÕNADLABEM-BRN¡,SebuzÌnsk·,,silnice2.t¯Ìdy,261,135456.0,,OpaËn˝kesmÏru˙seku,Pomal˝,554804.0,620360.0,GN_V0.1UIR-ADR_410,1
41006190115,1,30.0,2019-01-21,1,710,1,3,0,2,1,2,411,0,0,0,500,2,1,1,1,4,1,5,1,2,0,0,5,2,19,1.0,3,7.0,08,1.0,0.0,1.0,0.0,1.0,21.0,200,2.0,1.0,1.0,,,"-760239,72","-976191,842","-760239,695","-976191,898",⁄STÕNADLABEM-MÃSTO,P¯ÌstaviötÏ,,silnice1.t¯Ìdy,30,733357.0,,Souhlasn˝sesmÏrem˙seku,Pomal˝,554804.0,619957.0,GN_V0.1UIR-ADR_410,1
41006190116,6,,2019-01-21,1,935,1,4,0,2,1,2,503,0,0,0,1000,2,1,1,1,1,1,1,1,3,3,0,5,2,10,6.0,3,47.0,11,1.0,0.0,1.0,0.0,1.0,5.0,500,3.0,1.0,1.0,,,"-763864,385","-976750,995","-763864,356","-976751,401",Trmice,Tyröova,,mÌstnÌkomunikace,,832107.0,,Souhlasn˝sesmÏrem˙seku,Pomal˝,553697.0,,GN_V0.1UIR-ADR_410,1
41006190117,6,,2019-01-21,1,1460,2,0,0,2,1,0,508,0,0,0,300,1,1,1,1,1,1,1,1,0,0,10,1,2,0,,17,,XX,,,,,,,0,,,,"-763696,547","-973035,031","-763607,324","-973053,843","-763605,945","-973052,647",⁄STÕNADLABEM-VäEBOÿICE,Vöebo¯ick·,,mÌstnÌkomunikace,,2686976.0,,Souhlasn˝sesmÏrem˙seku,Pomal˝,554804.0,621951.0,GN_V0.1UIR-ADR_410,1
41006190118,6,,2019-01-21,1,1760,2,0,0,2,1,0,508,0,0,0,100,2,1,1,1,4,1,1,1,0,0,0,1,2,0,,17,,XX,,,,,,,0,,,,"-761459,292","-975466,249","-761459,292","-975466,249","-761448,823","-975457,065",⁄STÕNADLABEM-CENTRUM,R˘ûov˝palouËek,,mÌstnÌkomunikace,,123755.0,,Souhlasn˝sesmÏrem˙seku,Pomal˝,554804.0,620262.0,GN_V0.1UIR-ADR_410,1
41006190119,1,30.0,2019-01-22,2,650,1,4,0,2,1,2,503,0,0,0,400,2,1,1,1,6,1,3,1,0,0,9,1,2,0,,3,39.0,11,1.0,0.0,1.0,0.0,1.0,1.0,200,3.0,1.0,1.0,"-761614,08","-973881,739","-761621,068","-973862,923","-761620,157","-973862,178",⁄STÕNADLABEM-SEVERNÕTERASA,Soci·lnÌpÈËe,,silnice1.t¯Ìdy,30,120434.0,,Souhlasn˝sesmÏrem˙seku,Pomal˝,554804.0,620505.0,GN_V0.1UIR-ADR_410,1
41006190120,1,30.0,2019-01-22,2,651,1,4,0,2,1,2,503,0,0,0,500,2,1,1,1,4,1,3,1,0,0,9,1,2,0,,3,13.0,16,3.0,0.0,1.0,0.0,1.0,1.0,400,2.0,1.0,1.0,"-761614,08","-973881,739","-761601,715","-973863,46","-761602,56","-973864,107",⁄STÕNADLABEM-SEVERNÕTERASA,Soci·lnÌpÈËe,,mÌstnÌkomunikace,,120385.0,,Souhlasn˝sesmÏrem˙seku,Pomal˝,554804.0,620505.0,GN_V0.1UIR-ADR_410,1
41006190121,1,30.0,2019-01-22,2,652,1,4,0,2,1,2,503,0,0,0,150,2,1,1,1,4,1,3,1,0,0,9,1,2,0,,3,12.0,05,1.0,0.0,1.0,0.0,1.0,1.0,50,2.0,1.0,1.0,"-761614,08","-973881,739","-761610,316","-973874,212","-761610,325","-973874,219",⁄STÕNADLABEM-SEVERNÕTERASA,Soci·lnÌpÈËe,,silnice1.t¯Ìdy,30,120434.0,,Souhlasn˝sesmÏrem˙seku,Pomal˝,554804.0,620505.0,GN_V0.1UIR-ADR_410,1
41006190122,2,613.0,2019-01-22,2,710,3,0,2,1,1,2,204,0,0,1,500,2,6,1,6,4,1,3,6,0,0,1,3,1,0,,3,25.0,06,1.0,1.0,1.0,0.0,1.0,3.0,200,2.0,1.0,1.0,"-761304,793","-976504,813","-761304,793","-976504,813","-761303,915","-976511,587",⁄STÕNADLABEM-MÃSTO,St¯eleck·,,silnice2.t¯Ìdy,613,2688995.0,,Souhlasn˝sesmÏrem˙seku,Pomal˝,554804.0,622346.0,GN_V0.1UIR-ADR_410,1
41006190123,1,62.0,2019-01-22,2,730,1,2,0,2,1,2,304,0,0,0,6000,2,1,1,1,2,1,1,1,0,0,0,2,2,0,,3,39.0,18,3.0,0.0,1.0,0.0,1.0,1.0,4000,2.0,1.0,1.0,"-750590,825","-974767,98","-750689,184","-974767,442","-750689,034","-974768,383",,,,silnice1.t¯Ìdy,62,122198.0,,Souhlasn˝sesmÏrem˙seku,Pomal˝,568155.0,,GN_V0.1UIR-ADR_410,2
41006190124,6,,2019-01-19,6,2560,2,0,0,2,1,0,504,0,0,0,50,2,1,1,1,1,1,1,1,0,0,10,1,2,0,,17,,XX,,,,,,,0,,,,,,"-760778,743","-975175,078","-760778,574","-975176,187",⁄STÕNADLABEM-CENTRUM,Hilbertova,,mÌstnÌkomunikace,,123110.0,,Souhlasn˝sesmÏrem˙seku,Pomal˝,554804.0,617113.0,GN_V0.1UIR-ADR_410,1