IDENTIFIKA»NÕ »ÕSLO,DRUH POZEMNÕ KOMUNIKACE,»ÕSLO POZEMNÕ KOMUNIKACE,"den, mÏsÌc, rok",,Ëas ,DRUH NEHODY,DRUH SR¡éKY JEDOUCÕCH VOZIDEL,DRUH PEVN… PÿEK¡éKY,CHARAKTER NEHODY,ZAVINÃNÕ NEHODY,ALKOHOL U VINÕKA NEHODY PÿÕTOMEN,HLAVNÕ PÿÕ»INY NEHODY,usmrceno osob,tÏûce zranÏno osob,lehce zranÏno osob,CELKOV¡ HMOTN¡ äKODA,DRUH POVRCHU VOZOVKY,STAV POVRCHU VOZOVKY V DOBÃ NEHODY,STAV KOMUNIKACE,POVÃTRNOSTNÕ PODMÕNKY V DOBÃ NEHODY,VIDITELNOST,ROZHLEDOV… POMÃRY,DÃLENÕ KOMUNIKACE,SITUOV¡NÕ NEHODY NA KOMUNIKACI,ÿÕZENÕ PROVOZU V DOBÃ NEHODY,MÕSTNÕ ⁄PRAVA PÿEDNOSTI V JÕZDÃ,SPECIFICK¡ MÕSTA A OBJEKTY V MÕSTÃ NEHODY,SMÃROV… POMÃRY,PO»ET Z⁄»ASTNÃN›CH VOZIDEL,MÕSTO DOPRAVNÕ NEHODY,DRUH KÿIéUJÕCÕ KOMUNIKACE,DRUH VOZIDLA,V›ROBNÕ ZNA»KA MOTOROV…HO VOZIDLA,ROK V›ROBY VOZIDLA,CHARAKTERISTIKA VOZIDLA ,SMYK,VOZIDLO PO NEHODÃ,"⁄NIK PROVOZNÕCH, PÿEPRAVOVAN›CH HMOT",ZPŸSOB VYPROäTÃNÕ OSOB Z VOZIDLA,SMÃR JÕZDY NEBO POSTAVENÕ VOZIDLA,äKODA NA VOZIDLE,KATEGORIE ÿIDI»E,STAV ÿIDI»E,VNÃJäÕ OVLIVNÃNÕ ÿIDI»E,nan.1,nan.2,nan.3,nan.4,nan.5,nan.6,nan.7,nan.8,nan.9,nan.10,nan.11,nan.12,nan.13,nan.14,nan.15,nan.16,nan.17,nan.18,LOKALITA NEHODY
41006190125,6,,2019-01-19,6,2560,2,0,0,2,1,0,516,0,0,0,100,2,1,1,1,1,1,1,1,0,0,8,1,2,0,,17,,XX,,,,,,,0,,,,"-761266,042","-973951,267","-761245,076","-973918,473","-761245,223","-973918,108",⁄STÕNADLABEM-SEVERNÕTERASA,Ladova,,mÌstnÌkomunikace,,3317210.0,,OpaËn˝kesmÏru˙seku,Pomal˝,554804.0,616729.0,GN_V0.1UIR-ADR_410,1
41006190126,1,30.0,2019-01-23,3,720,1,4,0,2,1,2,508,0,0,0,350,2,1,1,1,4,1,2,1,3,3,0,4,2,19,6.0,3,39.0,02,1.0,0.0,1.0,0.0,1.0,31.0,150,2.0,1.0,1.0,"-760628,67","-974858,043","-760641,035","-974867,72","-760641,037","-974867,721",⁄STÕNADLABEM-SEVERNÕTERASA,Ho¯enÌ,,silnice1.t¯Ìdy,30,831277.0,,,Pomal˝,554804.0,617172.0,GN_V0.1UIR-ADR_410,1
41006190127,6,,2019-01-01,2,2560,2,0,0,2,1,0,508,0,0,0,100,2,5,1,1,4,1,1,1,3,5,10,5,2,10,6.0,3,38.0,99,1.0,0.0,1.0,0.0,1.0,5.0,30,3.0,1.0,1.0,,,"-760481,18","-974108,179","-760481,675","-974109,413",⁄STÕNADLABEM-SEVERNÕTERASA,äumavsk·,,mÌstnÌkomunikace,,121110.0,,OpaËn˝kesmÏru˙seku,Pomal˝,554804.0,619817.0,GN_V0.1UIR-ADR_410,1
41006190128,2,253.0,2019-01-23,3,1005,1,4,0,2,1,2,508,0,0,0,600,2,1,1,1,1,1,2,1,3,3,0,5,2,19,6.0,7,10.0,15,9.0,0.0,1.0,0.0,1.0,32.0,0,4.0,1.0,1.0,"-768617,869","-972324,954","-768645,281","-972283,03","-768645,158","-972282,932",PÿESTANOV,,,silnice2.t¯Ìdy,253,1871106.0,,OpaËn˝kesmÏru˙seku,Pomal˝,568007.0,,GN_V0.1UIR-ADR_410,1
41006190129,6,,2019-01-23,3,1600,1,3,0,2,1,2,408,0,0,0,800,2,1,1,1,1,1,2,1,0,0,10,1,2,0,,3,44.0,02,1.0,0.0,1.0,0.0,1.0,5.0,300,2.0,1.0,1.0,"-762400,557","-974138,392","-762400,557","-974138,392","-762391,85","-974132,372",⁄STÕNADLABEM-MÃSTO,Masarykova,,mÌstnÌkomunikace,,2687102.0,,Souhlasn˝sesmÏrem˙seku,Pomal˝,554804.0,618659.0,GN_V0.1UIR-ADR_410,1
41006190130,6,,2019-01-23,3,2560,2,0,0,2,1,0,508,0,0,0,200,2,1,1,1,2,1,1,1,3,3,10,5,2,10,6.0,17,,XX,,,,,,,0,,,,"-762124,632","-974036,884","-762131,621","-974027,745","-762130,72","-974027,532",⁄STÕNADLABEM-BUKOV,Vina¯sk·,,mÌstnÌkomunikace,,1586744.0,,OpaËn˝kesmÏru˙seku,Pomal˝,554804.0,621757.0,GN_V0.1UIR-ADR_410,1
41006190131,1,30.0,2019-01-24,4,615,1,3,0,2,1,2,403,0,0,0,550,2,1,1,1,6,1,1,1,3,3,0,7,2,19,3.0,3,17.0,12,1.0,0.0,1.0,0.0,1.0,13.0,300,2.0,1.0,1.0,"-766217,466","-972572,307","-766247,565","-972615,305","-766247,447","-972614,543",,,,silnice1.t¯Ìdy,30,1358923.0,,Souhlasn˝sesmÏrem˙seku,Pomal˝,554804.0,,GN_V0.1UIR-ADR_410,2
41006190132,6,,2019-01-24,4,1540,1,3,0,2,1,2,504,0,0,0,400,2,1,1,1,1,1,1,1,3,3,10,5,2,10,6.0,3,39.0,07,1.0,0.0,1.0,0.0,1.0,5.0,100,2.0,1.0,1.0,"-760684,981","-975987,242","-760682,83","-975978,103","-760683,005","-975979,6",⁄STÕNADLABEM-CENTRUM,Velk·HradebnÌ,,mÌstnÌkomunikace,,125015.0,,Souhlasn˝sesmÏrem˙seku,Pomal˝,554804.0,621676.0,GN_V0.1UIR-ADR_410,1
41006190133,6,,2019-01-24,4,2560,2,0,0,2,1,0,508,0,0,0,200,2,1,1,1,4,1,1,1,0,0,10,1,2,0,,17,,XX,,,,,,,0,,,,"-760754,333","-975404,059","-760690,895","-975298,687","-760690,046","-975298,606",⁄STÕNADLABEM-MÃSTO,SNP,,mÌstnÌkomunikace,,2687146.0,,Souhlasn˝sesmÏrem˙seku,Pomal˝,554804.0,620475.0,GN_V0.1UIR-ADR_410,1
41006190134,6,,2019-01-23,3,1720,1,4,0,2,1,0,503,0,0,0,250,2,1,1,1,4,1,3,1,0,0,2,1,2,0,,3,60.0,14,1.0,0.0,3.0,0.0,1.0,5.0,200,2.0,1.0,1.0,"-762709,323","-973755,118","-762722,76","-973728,781","-762722,53","-973728,584",⁄STÕNADLABEM-BUKOV,Masarykova,,mÌstnÌkomunikace,,120098.0,,Souhlasn˝sesmÏrem˙seku,Pomal˝,554804.0,618659.0,GN_V0.1UIR-ADR_410,1
41006190135,6,,2019-01-25,5,1150,2,0,0,2,1,2,508,0,0,0,300,2,1,1,1,1,1,0,0,0,0,10,1,2,0,,3,16.0,07,1.0,0.0,1.0,0.0,1.0,5.0,100,2.0,1.0,1.0,,,"-761053,021","-976156,046","-761052,186","-976156,267",⁄STÕNADLABEM-CENTRUM,Velk·HradebnÌ,,mÌstnÌkomunikace,,125534.0,,,Pomal˝,554804.0,621676.0,GN_V0.1UIR-ADR_410,1
41006190136,6,,2019-01-24,4,2560,2,0,0,2,1,0,508,0,0,0,200,2,1,1,1,4,1,1,1,0,0,0,1,2,0,,17,,XX,,,,,,,0,,,,,,"-755991,679","-974715,172","-755991,368","-974715,189",⁄STÕNADLABEM-NEäTÃMICE,Peökova,,mÌstnÌkomunikace,,2690609.0,,,Pomal˝,554804.0,620017.0,GN_V0.1UIR-ADR_410,1
41006190137,1,30.0,2019-01-25,5,1330,1,1,0,1,1,2,401,0,0,2,600,2,1,1,1,1,1,2,1,2,0,0,4,2,19,6.0,3,47.0,06,3.0,0.0,1.0,0.0,1.0,31.0,200,2.0,1.0,1.0,,,"-764055,644","-972546,738","-764054,854","-972545,907",⁄STÕNADLABEM-VäEBOÿICE,HavÌ¯sk·,,silnice1.t¯Ìdy,30,3317118.0,,OpaËn˝kesmÏru˙seku,Pomal˝,554804.0,617091.0,GN_V0.1UIR-ADR_410,1
41006190138,6,,2019-01-25,5,1500,1,3,0,1,1,2,504,0,0,1,200,2,1,1,1,1,1,1,1,0,0,0,1,2,0,,3,39.0,00,1.0,0.0,1.0,0.0,1.0,5.0,100,2.0,1.0,1.0,"-762462,159","-973644,005","-762467,536","-973655,297","-762465,38","-973653,895",⁄STÕNADLABEM-BUKOV,Vina¯sk·,,mÌstnÌkomunikace,,733301.0,,Souhlasn˝sesmÏrem˙seku,Pomal˝,554804.0,621757.0,GN_V0.1UIR-ADR_410,1
41006190139,6,,2019-01-25,5,1600,1,3,0,2,1,2,403,0,0,0,400,2,1,1,1,1,1,1,1,3,3,0,4,2,10,6.0,3,39.0,10,1.0,0.0,1.0,0.0,1.0,5.0,200,2.0,1.0,1.0,"-756233,721","-975544,209","-756251,458","-975488,848","-756250,615","-975488,934",⁄STÕNADLABEM-NEäTÃMICE,Opletalova,,mÌstnÌkomunikace,,124041.0,,OpaËn˝kesmÏru˙seku,Pomal˝,554804.0,619442.0,GN_V0.1UIR-ADR_410,1
41006190140,6,,2019-01-22,2,1535,2,0,0,2,1,0,508,0,0,0,110,2,1,1,1,1,1,0,0,0,0,10,1,2,0,,3,39.0,97,1.0,0.0,1.0,0.0,1.0,5.0,10,2.0,1.0,1.0,"-756213,47","-975390,946","-756223,144","-975388,258","-756220,494","-975381,26",⁄STÕNADLABEM-NEäTÃMICE,Opletalova,,mÌstnÌkomunikace,,1633153.0,,OpaËn˝kesmÏru˙seku,Pomal˝,554804.0,619442.0,GN_V0.1UIR-ADR_410,1
41006190141,2,261.0,2019-01-25,5,2030,1,2,0,2,1,2,502,0,0,0,300,2,1,1,1,6,1,1,1,0,0,0,3,2,0,,8,26.0,18,4.0,0.0,1.0,0.0,1.0,3.0,200,4.0,1.0,1.0,"-755136,237","-975702,429","-755054,54","-975569,67","-755053,753","-975570,083",VelkÈB¯ezno,,,silnice2.t¯Ìdy,261,785245.0,,OpaËn˝kesmÏru˙seku,Pomal˝,568350.0,,GN_V0.1UIR-ADR_410,1
41006190142,1,13.0,2019-01-26,6,250,5,0,0,2,4,0,100,0,0,0,400,2,6,1,5,6,1,1,1,0,0,0,1,1,0,,3,47.0,02,1.0,0.0,1.0,0.0,1.0,1.0,300,3.0,1.0,1.0,"-767729,792","-971699,692","-767761,511","-971647,544","-767762,398","-971645,897",,,,silnice1.t¯Ìdy,13,3308042.0,,Souhlasn˝sesmÏrem˙seku,Pomal˝,568015.0,,GN_V0.1UIR-ADR_410,2
41006190143,6,,2019-01-24,4,2560,2,0,0,2,1,0,506,0,0,0,100,2,8,1,5,1,1,1,1,3,5,0,5,2,10,6.0,17,,XX,,,,,,,0,,,,"-756237,345","-975182,893","-756228,743","-975160,851","-756228,427","-975160,924",⁄STÕNADLABEM-NEäTÃMICE,Sibi¯sk·,,mÌstnÌkomunikace,,1633149.0,,OpaËn˝kesmÏru˙seku,Pomal˝,554804.0,620718.0,GN_V0.1UIR-ADR_410,1
41006190144,1,62.0,2019-01-26,6,1040,1,1,0,2,1,2,204,0,0,0,500,2,3,1,5,1,1,1,1,0,0,0,2,2,0,,3,12.0,00,1.0,1.0,1.0,1.0,1.0,1.0,500,2.0,1.0,1.0,"-757422,56","-976138,764","-757430,622","-976116,727","-757430,394","-976116,143",⁄STÕNADLABEM-KR¡SN…BÿEZNO,Peka¯sk·,,silnice1.t¯Ìdy,62,1306424.0,,Souhlasn˝sesmÏrem˙seku,Pomal˝,554804.0,619248.0,GN_V0.1UIR-ADR_410,1
41006190145,6,,2019-01-26,6,1123,1,4,0,2,1,2,204,0,0,0,100,2,8,1,5,3,1,1,1,0,0,0,3,2,0,,3,39.0,07,1.0,1.0,1.0,0.0,1.0,5.0,50,2.0,1.0,1.0,"-755742,41","-974573,081","-755780,034","-974541,907","-755780,029","-974541,678",NEäTÃMICE,Peökova,,mÌstnÌkomunikace,,121660.0,,OpaËn˝kesmÏru˙seku,Pomal˝,554804.0,620017.0,GN_V0.1UIR-ADR_410,1
41006190146,6,,2019-01-26,6,1130,2,0,0,2,1,2,204,0,0,0,100,2,6,1,5,1,1,1,1,0,0,8,1,2,0,,3,39.0,03,2.0,1.0,1.0,0.0,1.0,5.0,50,2.0,1.0,1.0,"-759610,599","-974803,899","-759610,599","-974803,899","-759607,566","-974804,112",⁄STÕNADLABEM-SEVERNÕTERASA,är·mkova,,mÌstnÌkomunikace,,2688926.0,,,Pomal˝,554804.0,620955.0,GN_V0.1UIR-ADR_410,1
41006190147,6,,2019-01-26,6,1820,2,0,0,2,1,2,204,0,0,0,220,2,6,1,1,4,1,1,1,3,5,0,5,3,10,6.0,3,39.0,17,7.0,1.0,1.0,0.0,1.0,5.0,150,3.0,1.0,1.0,"-761297,516","-973401,784","-761280,317","-973377,059","-761280,322","-973376,986",⁄STÕNADLABEM-SEVERNÕTERASA,VÏtrn·,,mÌstnÌkomunikace,,1697095.0,,Souhlasn˝sesmÏrem˙seku,Pomal˝,554804.0,616770.0,GN_V0.1UIR-ADR_410,1
41006190148,6,,2019-01-26,6,2200,2,0,0,2,1,2,204,0,0,0,150,2,6,1,1,4,1,1,1,0,0,0,3,3,0,,5,99.0,17,3.0,1.0,1.0,0.0,1.0,5.0,0,3.0,1.0,1.0,"-759292,246","-974517,995","-759292,246","-974517,995","-759287,498","-974515,596",⁄STÕNADLABEM-SEVERNÕTERASA,är·mkova,,mÌstnÌkomunikace,,1818935.0,,Souhlasn˝sesmÏrem˙seku,Pomal˝,554804.0,620955.0,GN_V0.1UIR-ADR_410,1
41006190149,6,,2019-01-27,0,1200,1,1,0,2,1,2,403,0,0,0,20,2,3,1,1,1,1,1,1,3,3,8,4,2,10,6.0,3,13.0,99,1.0,0.0,1.0,0.0,1.0,5.0,10,2.0,1.0,1.0,"-761489,783","-973917,711","-761499,001","-973914,793","-761498,938","-973914,787",⁄STÕNADLABEM-SEVERNÕTERASA,MeznÌ,,mÌstnÌkomunikace,,120446.0,,Souhlasn˝sesmÏrem˙seku,Pomal˝,554804.0,618705.0,GN_V0.1UIR-ADR_410,1
41006190150,6,,2019-01-27,0,1330,3,0,3,2,1,2,204,0,0,0,400,6,8,6,1,1,1,0,1,0,0,10,1,1,0,,3,39.0,11,12.0,1.0,1.0,0.0,1.0,5.0,400,2.0,1.0,1.0,"-758014,014","-964997,209","-758014,014","-964997,209","-758002,825","-965024,949",,,,mÌstnÌkomunikace,,2686418.0,,OpaËn˝kesmÏru˙seku,Pomal˝,568058.0,,GN_V0.1UIR-ADR_410,2
41006190151,6,,2019-01-27,0,1400,1,3,0,2,1,2,508,0,0,0,550,2,3,1,1,1,1,1,1,0,0,2,1,2,0,,3,47.0,00,1.0,0.0,1.0,0.0,1.0,5.0,50,2.0,1.0,1.0,"-755234,042","-974663,814","-755242,108","-974655,748","-755241,509","-974656,534",⁄STÕNADLABEM-NEäTÃMICE,HlavnÌ,,mÌstnÌkomunikace,,1697103.0,,Souhlasn˝sesmÏrem˙seku,Pomal˝,554804.0,617318.0,GN_V0.1UIR-ADR_410,1
41006190152,1,30.0,2019-01-27,0,1625,3,0,3,1,1,2,204,0,0,1,200,2,3,1,6,1,1,0,1,3,3,2,5,1,19,2.0,3,44.0,02,1.0,1.0,1.0,0.0,1.0,23.0,200,2.0,1.0,1.0,"-760705,994","-976571,227","-760690,404","-976567,464","-760690,152","-976567,578",⁄STÕNADLABEM-MÃSTO,P¯ÌstavnÌ,,silnice1.t¯Ìdy,30,733334.0,,Souhlasn˝sesmÏrem˙seku,Pomal˝,554804.0,619965.0,GN_V0.1UIR-ADR_410,1
41006190153,1,13.0,2019-01-27,0,1700,3,0,9,2,1,2,508,0,0,0,550,2,3,1,1,2,1,1,8,0,0,0,1,1,0,,3,47.0,99,1.0,0.0,1.0,0.0,1.0,1.0,500,2.0,1.0,1.0,,,"-769000,108","-972313,865","-768999,757","-972314,507",,,,silnice1.t¯Ìdy,13,1491124.0,,Souhlasn˝sesmÏrem˙seku,Pomal˝,530620.0,,GN_V0.1UIR-ADR_410,2
41006190154,6,,2019-01-27,0,1715,2,0,0,2,1,0,509,0,0,0,50,2,3,1,1,4,1,0,1,0,0,10,1,2,0,,3,7.0,06,1.0,0.0,1.0,0.0,1.0,5.0,0,3.0,1.0,1.0,"-759253,765","-976912,006","-759240,327","-976911,469","-759240,126","-976911,199",⁄STÕNADLABEM-STÿEKOV,Kamenn·,,mÌstnÌkomunikace,,127261.0,,Souhlasn˝sesmÏrem˙seku,Pomal˝,554804.0,617580.0,GN_V0.1UIR-ADR_410,1
41006190155,1,13.0,2019-01-28,1,730,3,0,3,2,1,2,204,0,0,0,250,2,6,1,6,2,1,1,3,3,3,0,5,1,19,2.0,3,35.0,00,1.0,1.0,1.0,0.0,1.0,31.0,200,2.0,1.0,1.0,"-765890,76","-969635,713","-765868,186","-969631,951","-765868,047","-969632,186",VARVAéOV,,,silnice1.t¯Ìdy,13,3079772.0,,Souhlasn˝sesmÏrem˙seku,Pomal˝,568295.0,,GN_V0.1UIR-ADR_410,1
41006190156,2,613.0,2019-01-28,1,800,1,4,0,2,1,2,204,0,0,0,350,2,6,1,6,3,1,3,1,0,0,5,1,2,0,,3,13.0,99,1.0,0.0,1.0,0.0,1.0,3.0,150,2.0,1.0,1.0,"-760700,757","-976575,57","-760748,067","-976552,453","-760748,593","-976553,896",⁄STÕNADLABEM-MÃSTO,St¯eleck·,,silnice2.t¯Ìdy,613,733337.0,,Souhlasn˝sesmÏrem˙seku,Pomal˝,554804.0,620645.0,GN_V0.1UIR-ADR_410,1
41006190157,1,30.0,2019-01-28,1,1418,1,3,0,2,1,2,403,0,0,0,800,2,3,1,1,1,1,2,1,3,3,0,5,2,19,6.0,5,39.0,08,1.0,0.0,1.0,0.0,1.0,32.0,400,2.0,1.0,1.0,"-760424,516","-975474,846","-760410,542","-975435,61","-760410,054","-975435,234",⁄STÕNADLABEM-CENTRUM,D˘lce,,silnice1.t¯Ìdy,30,1586387.0,,OpaËn˝kesmÏru˙seku,Pomal˝,554804.0,616877.0,GN_V0.1UIR-ADR_410,1
41006190158,6,,2019-01-28,1,1540,1,4,0,2,1,2,508,0,0,0,500,2,3,1,1,1,1,2,1,3,3,0,4,2,10,6.0,3,35.0,05,1.0,0.0,1.0,0.0,1.0,5.0,200,2.0,1.0,1.0,"-761340,643","-976191,308","-761320,756","-976171,421","-761320,756","-976171,355",⁄STÕNADLABEM-CENTRUM,RevoluËnÌ,,mÌstnÌkomunikace,,125456.0,,,Pomal˝,554804.0,620173.0,GN_V0.1UIR-ADR_410,1
41006190159,3,25374.0,2019-01-28,1,1750,6,0,0,2,4,0,100,0,0,0,150,2,3,1,3,4,1,1,1,0,0,0,2,1,0,,3,31.0,12,1.0,0.0,1.0,0.0,1.0,3.0,150,2.0,6.0,1.0,"-756161,527","-975073,236","-756169,054","-975057,108","-756169,518","-975057,567",⁄STÕNADLABEM-NEäTÃMICE,Sibi¯sk·,,silnice3.t¯Ìdy,25374,1586250.0,,Souhlasn˝sesmÏrem˙seku,Pomal˝,554804.0,620718.0,GN_V0.1UIR-ADR_410,1
41006190160,6,,2019-01-29,2,1335,3,0,6,2,1,2,508,0,0,0,550,2,1,1,1,1,1,1,1,0,0,0,3,1,0,,5,7.0,18,8.0,0.0,1.0,0.0,1.0,5.0,500,2.0,1.0,1.0,"-761255,099","-974647,569","-761255,099","-974647,569","-761251,508","-974654,134",⁄STÕNADLABEM-SEVERNÕTERASA,Hornick·,,mÌstnÌkomunikace,,2687173.0,,OpaËn˝kesmÏru˙seku,Pomal˝,554804.0,617148.0,GN_V0.1UIR-ADR_410,1
41006190161,2,253.0,2019-01-29,2,1430,4,0,0,1,1,2,508,0,0,1,0,2,1,1,1,1,1,1,1,0,0,2,1,1,0,,3,17.0,16,3.0,0.0,1.0,0.0,1.0,3.0,0,2.0,1.0,1.0,"-764018,781","-976016,029","-764030,609","-976017,104","-764030,483","-976016,68",⁄STÕNADLABEM-PÿEDLICE,Hrbovick·,,silnice2.t¯Ìdy,253,125121.0,,Souhlasn˝sesmÏrem˙seku,Pomal˝,554804.0,620891.0,GN_V0.1UIR-ADR_410,1
41006190162,2,261.0,2019-01-27,0,2560,2,0,0,2,1,0,506,0,0,0,100,2,1,1,1,1,1,1,0,0,0,0,1,2,0,,17,,XX,,,,,,,0,,,,"-760421,318","-977198,723","-760422,931","-977192,274","-760424,065","-977191,932",⁄STÕNADLABEM-STÿEKOV,éelezniË·¯sk·,,silnice2.t¯Ìdy,261,127874.0,,Souhlasn˝sesmÏrem˙seku,Pomal˝,554804.0,622311.0,GN_V0.1UIR-ADR_410,1
41006190163,6,,2019-01-30,3,840,4,0,0,1,1,2,412,0,0,1,100,2,1,1,1,1,1,1,1,3,3,1,5,1,10,6.0,3,39.0,06,1.0,0.0,0.0,0.0,1.0,5.0,100,2.0,1.0,1.0,"-761657,727","-975382,611","-761673,318","-975338,527","-761672,862","-975338,02",⁄STÕNADLABEM-KLÕäE,Palachova,,mÌstnÌkomunikace,,123617.0,,Souhlasn˝sesmÏrem˙seku,Pomal˝,554804.0,620068.0,GN_V0.1UIR-ADR_410,1
41006190164,2,613.0,2019-01-30,3,830,1,3,0,2,1,2,411,0,0,0,420,2,1,1,1,1,1,3,1,3,3,0,7,2,19,6.0,3,35.0,14,1.0,0.0,1.0,0.0,1.0,12.0,400,2.0,1.0,1.0,,,"-760837,263","-976487,801","-760837,223","-976489,288",⁄STÕNADLABEM-CENTRUM,St¯eleck·,,silnice2.t¯Ìdy,613,2687246.0,,Souhlasn˝sesmÏrem˙seku,Pomal˝,554804.0,620645.0,GN_V0.1UIR-ADR_410,1
41006190165,6,,2019-01-30,3,830,2,0,0,2,1,2,516,0,0,0,700,2,1,1,1,1,1,1,1,3,3,0,4,2,10,6.0,3,39.0,09,3.0,0.0,1.0,0.0,1.0,6.0,200,2.0,1.0,1.0,"-762665,192","-974899,078","-762654,442","-974889,403","-762654,396","-974889,224",⁄STÕNADLABEM-KLÕäE,St¯Ìûovick·,,mÌstnÌkomunikace,,122446.0,,OpaËn˝kesmÏru˙seku,Pomal˝,554804.0,620661.0,GN_V0.1UIR-ADR_410,1
41006190166,2,258.0,2019-01-30,3,1400,1,3,0,1,1,2,403,0,0,1,300,2,1,1,1,1,1,1,1,3,3,0,4,2,19,6.0,3,39.0,03,1.0,0.0,1.0,0.0,1.0,31.0,100,2.0,1.0,1.0,"-763821,67","-977784,262","-763815,22","-977753,625","-763815,594","-977754,597",Trmice,F¸gnerova,,silnice2.t¯Ìdy,258,129464.0,,OpaËn˝kesmÏru˙seku,Pomal˝,553697.0,615927.0,GN_V0.1UIR-ADR_410,1
41006190167,6,,2019-01-31,4,1000,1,4,0,2,1,2,503,0,0,0,400,2,1,1,1,1,1,1,1,0,0,2,3,2,0,,3,16.0,05,1.0,0.0,1.0,0.0,1.0,5.0,150,2.0,1.0,1.0,"-762473,734","-975315,208","-762498,464","-975302,305","-762498,503","-975302,497",⁄STÕNADLABEM-KLÕäE,KlÌösk·,,mÌstnÌkomunikace,,1697141.0,,OpaËn˝kesmÏru˙seku,Pomal˝,554804.0,618233.0,GN_V0.1UIR-ADR_410,1
41006190168,6,,2019-01-31,4,1300,3,0,2,2,1,2,508,0,0,0,400,2,1,1,1,1,1,1,3,0,0,0,1,1,0,,7,62.0,18,9.0,0.0,1.0,0.0,1.0,5.0,100,3.0,1.0,1.0,"-761971,614","-976037,416","-761971,614","-976037,416","-762002,689","-976046,779",⁄STÕNADLABEM-MÃSTO,RevoluËnÌ,,mÌstnÌkomunikace,,2690583.0,,,Pomal˝,554804.0,619388.0,GN_V0.1UIR-ADR_410,1
41006190169,6,,2019-01-31,4,1420,1,3,0,2,1,2,403,0,0,0,400,2,1,1,1,1,1,1,1,3,3,0,7,2,10,6.0,3,4.0,17,1.0,0.0,1.0,0.0,1.0,5.0,300,2.0,1.0,1.0,"-760064,573","-974762,403","-760041,994","-974747,35","-760041,747","-974747,018",⁄STÕNADLABEM-SEVERNÕTERASA,V˝stupnÌ,,mÌstnÌkomunikace,,2687584.0,,OpaËn˝kesmÏru˙seku,Pomal˝,554804.0,622028.0,GN_V0.1UIR-ADR_410,1
41006190170,6,,2019-01-29,2,2560,2,0,0,2,1,0,508,0,0,0,200,2,1,1,1,4,1,0,0,0,0,10,1,2,0,,17,,XX,,,,,,,0,,,,"-760734,102","-976077,18","-760734,102","-976077,18","-760734,188","-976074,832",⁄STÕNADLABEM-CENTRUM,Dlouh·,,mÌstnÌkomunikace,,125216.0,,Souhlasn˝sesmÏrem˙seku,Pomal˝,554804.0,616788.0,GN_V0.1UIR-ADR_410,1
41006190171,2,613.0,2019-01-31,4,1645,1,2,0,2,1,2,411,0,0,0,100,2,1,1,1,1,1,3,1,0,0,0,1,2,0,,17,,XX,,,,,,,0,,,,"-760902,28","-976518,714","-760958,178","-976533,763","-760958,763","-976532,158",⁄STÕNADLABEM-MÃSTO,St¯eleck·,,silnice2.t¯Ìdy,613,3262779.0,,Souhlasn˝sesmÏrem˙seku,Pomal˝,554804.0,620645.0,GN_V0.1UIR-ADR_410,1
50040190005,0,11.0,2019-01-02,3,1224,0,0,0,2,1,0,516,0,0,0,500,2,3,1,1,1,1,3,1,0,0,0,1,2,0,,17,,XX,,,,,,,0,,,,"-654026,761","-1048989,025","-654026,761","-1048989,025","-654024,707","-1048982,527",,,,d·lnice,D11,3455913,,Souhlasn˝sesmÏrem˙seku,Pomal˝,570541.0,,GN_V0.1UIR-ADR_410,2
50040190007,0,11.0,2019-01-03,4,2560,3,0,4,2,1,0,511,0,0,0,250,3,3,1,5,1,1,3,2,0,0,0,1,1,0,,17,,XX,,,,,,,0,,,,"-666184,745","-1048187,689","-666184,745","-1048187,689","-666184,23","-1048178,512",,,,d·lnice,D11,1329520,,Souhlasn˝sesmÏrem˙seku,Pomal˝,570168.0,,GN_V0.1UIR-ADR_410,2
50040190008,0,11.0,2019-01-03,4,2560,3,0,4,2,1,0,508,0,0,0,200,3,3,1,5,1,1,3,0,0,0,0,1,1,0,,17,,XX,,,,,,,0,,,,"-670760,345","-1047535,915","-670760,345","-1047535,915","-670761,431","-1047544,761",,,,d·lnice,D11,3532808,,Souhlasn˝sesmÏrem˙seku,Pomal˝,570524.0,,GN_V0.1UIR-ADR_410,2
50040190009,0,11.0,2019-01-03,4,2560,3,0,4,2,1,0,510,0,0,0,150,2,3,1,5,1,1,3,3,0,0,0,1,1,0,,17,,XX,,,,,,,0,,,,"-652948,927","-1049175,666","-652948,927","-1049175,666","-652949,129","-1049179,66",,,,d·lnice,D11,1853676,,Souhlasn˝sesmÏrem˙seku,Rychl˝,570532.0,,GN_V0.1UIR-ADR_410,2
50040190010,0,11.0,2019-01-03,4,2560,3,0,4,2,1,0,516,0,0,0,180,2,3,1,4,1,1,1,1,0,0,0,3,1,0,,17,,XX,,,,,,,0,,,,"-648554,032","-1047943,179","-648554,032","-1047943,179","-648557,964","-1047938,691",,,,d·lnice,D11,1403767,,Souhlasn˝sesmÏrem˙seku,Pomal˝,570656.0,,GN_V0.1UIR-ADR_410,2
50040190013,0,11.0,2019-01-09,3,1920,3,0,9,2,1,2,204,0,0,0,1550,3,3,1,5,7,1,3,3,0,0,0,1,1,0,,3,26.0,16,1.0,1.0,0.0,0.0,1.0,3.0,1500,3.0,1.0,1.0,"-664130,919","-1047825,488","-664130,919","-1047825,488","-664130,578","-1047827,944",,,,d·lnice,D11,1403753,,Souhlasn˝sesmÏrem˙seku,Pomal˝,570494.0,,GN_V0.1UIR-ADR_410,2