IDENTIFIKA»NÕ »ÕSLO,DRUH POZEMNÕ KOMUNIKACE,»ÕSLO POZEMNÕ KOMUNIKACE,"den, mÏsÌc, rok",,Ëas ,DRUH NEHODY,DRUH SR¡éKY JEDOUCÕCH VOZIDEL,DRUH PEVN… PÿEK¡éKY,CHARAKTER NEHODY,ZAVINÃNÕ NEHODY,ALKOHOL U VINÕKA NEHODY PÿÕTOMEN,HLAVNÕ PÿÕ»INY NEHODY,usmrceno osob,tÏûce zranÏno osob,lehce zranÏno osob,CELKOV¡ HMOTN¡ äKODA,DRUH POVRCHU VOZOVKY,STAV POVRCHU VOZOVKY V DOBÃ NEHODY,STAV KOMUNIKACE,POVÃTRNOSTNÕ PODMÕNKY V DOBÃ NEHODY,VIDITELNOST,ROZHLEDOV… POMÃRY,DÃLENÕ KOMUNIKACE,SITUOV¡NÕ NEHODY NA KOMUNIKACI,ÿÕZENÕ PROVOZU V DOBÃ NEHODY,MÕSTNÕ ⁄PRAVA PÿEDNOSTI V JÕZDÃ,SPECIFICK¡ MÕSTA A OBJEKTY V MÕSTÃ NEHODY,SMÃROV… POMÃRY,PO»ET Z⁄»ASTNÃN›CH VOZIDEL,MÕSTO DOPRAVNÕ NEHODY,DRUH KÿIéUJÕCÕ KOMUNIKACE,DRUH VOZIDLA,V›ROBNÕ ZNA»KA MOTOROV…HO VOZIDLA,ROK V›ROBY VOZIDLA,CHARAKTERISTIKA VOZIDLA ,SMYK,VOZIDLO PO NEHODÃ,"⁄NIK PROVOZNÕCH, PÿEPRAVOVAN›CH HMOT",ZPŸSOB VYPROäTÃNÕ OSOB Z VOZIDLA,SMÃR JÕZDY NEBO POSTAVENÕ VOZIDLA,äKODA NA VOZIDLE,KATEGORIE ÿIDI»E,STAV ÿIDI»E,VNÃJäÕ OVLIVNÃNÕ ÿIDI»E,nan.1,nan.2,nan.3,nan.4,nan.5,nan.6,nan.7,nan.8,nan.9,nan.10,nan.11,nan.12,nan.13,nan.14,nan.15,nan.16,nan.17,nan.18,LOKALITA NEHODY
50040190015,0,11.0,2019-01-13,0,1735,5,0,0,2,4,0,100,0,0,0,50,3,3,1,4,7,1,3,1,0,0,9,1,1,0,,3,47.0,06,1.0,0.0,1.0,0.0,1.0,3.0,50,2.0,1.0,1.0,"-651316,147","-1049082,948","-651316,147","-1049082,948","-651315,787","-1049085,018",,,,d·lnice,D11,3531817,,Souhlasn˝sesmÏrem˙seku,Pomal˝,570532.0,,GN_V0.1UIR-ADR_410,2
50040190017,0,11.0,2019-01-14,1,1925,3,0,4,2,1,2,204,0,0,0,1510,3,5,1,6,6,1,3,1,0,0,0,1,1,0,,3,4.0,11,3.0,1.0,0.0,0.0,1.0,1.0,1500,2.0,1.0,1.0,"-670374,448","-1047653,1","-670374,448","-1047653,1","-670371,684","-1047644,004",,,,d·lnice,D11,3531336,,Souhlasn˝sesmÏrem˙seku,Pomal˝,570524.0,,GN_V0.1UIR-ADR_410,2
50040190021,0,11.0,2019-01-23,3,130,5,0,0,2,4,0,100,0,0,0,305,2,1,1,1,4,1,3,1,0,0,0,1,1,0,,3,39.0,18,3.0,0.0,1.0,0.0,1.0,1.0,300,4.0,1.0,1.0,"-645729,689","-1042669,526","-645729,689","-1042669,526","-645729,474","-1042669,636",,,,d·lnice,D11,3322174,,Souhlasn˝sesmÏrem˙seku,Pomal˝,570931.0,,GN_V0.1UIR-ADR_410,2
50040190022,0,11.0,2019-01-25,5,735,3,0,4,2,1,2,508,0,0,0,1210,3,1,1,1,2,1,3,2,0,0,0,1,1,0,,3,39.0,18,3.0,0.0,1.0,0.0,1.0,3.0,1200,2.0,1.0,1.0,"-670102,295","-1047746,984","-670102,295","-1047746,984","-670100,239","-1047741,85",,,,d·lnice,D11,1403738,,Souhlasn˝sesmÏrem˙seku,Pomal˝,570524.0,,GN_V0.1UIR-ADR_410,2
50040190023,0,11.0,2019-01-25,5,1500,3,0,3,2,1,2,508,0,0,0,150,2,1,1,1,1,1,3,8,0,0,0,1,1,0,,5,47.0,15,3.0,0.0,1.0,0.0,1.0,1.0,100,2.0,1.0,1.0,"-655852,231","-1048589,32","-655852,231","-1048589,32","-655851,503","-1048579,718",,,,d·lnice,D11,839559,,Souhlasn˝sesmÏrem˙seku,Pomal˝,569968.0,,GN_V0.1UIR-ADR_410,2
50040190024,0,11.0,2019-01-25,5,1800,3,0,5,2,1,2,201,0,0,0,1100,2,1,1,1,6,1,1,4,0,0,0,1,1,0,,3,17.0,18,1.0,0.0,1.0,0.0,1.0,1.0,1100,2.0,1.0,1.0,"-648840,375","-1048216,007","-648840,375","-1048216,007","-648841,166","-1048213,969",,,,d·lnice,D11,1557244,,Souhlasn˝sesmÏrem˙seku,Pomal˝,570656.0,,GN_V0.1UIR-ADR_410,2
50040190025,0,11.0,2019-01-26,6,730,3,0,4,2,1,2,204,0,0,0,250,2,5,1,5,2,1,3,3,0,0,5,3,1,0,,3,39.0,05,3.0,1.0,1.0,0.0,1.0,1.0,200,3.0,1.0,1.0,"-668552,355","-1048127,492","-668552,355","-1048127,492","-668551,882","-1048118,184",,,,d·lnice,D11,3101496,,Souhlasn˝sesmÏrem˙seku,Pomal˝,570109.0,,GN_V0.1UIR-ADR_410,2
50040190027,0,11.0,2019-01-26,6,1020,3,0,4,2,1,2,204,0,0,0,1650,2,3,1,5,3,1,3,4,0,0,5,1,1,0,,3,2.0,10,9.0,1.0,1.0,0.0,1.0,1.0,1500,2.0,1.0,1.0,"-655965,835","-1048585,528","-655965,835","-1048585,528","-655965,217","-1048573,685",,,,d·lnice,D11,839559,,Souhlasn˝sesmÏrem˙seku,Pomal˝,569968.0,,GN_V0.1UIR-ADR_410,2
50040190031,0,11.0,2019-01-30,3,1955,3,0,4,2,1,2,508,0,0,0,335,3,1,1,1,6,1,3,3,0,0,0,1,1,0,,3,47.0,07,1.0,0.0,0.0,0.0,1.0,3.0,300,2.0,1.0,1.0,"-665661,701","-1048173,714","-665661,701","-1048173,714","-665661,407","-1048177,871",,,,d·lnice,D11,3531821,,Souhlasn˝sesmÏrem˙seku,Pomal˝,570168.0,,GN_V0.1UIR-ADR_410,2
50206190001,3,2998.0,2019-01-01,2,1140,3,0,3,2,1,6,204,0,0,0,750,2,3,1,1,1,1,1,1,0,0,0,3,1,0,,3,39.0,03,1.0,1.0,1.0,1.0,1.0,3.0,500,2.0,4.0,1.0,"-636666,145","-1031029,931","-636666,145","-1031029,931","-636666,734","-1031027,156",»ernoûice,HluboËnice,,silnice3.t¯Ìdy,2998,1455722,,OpaËn˝kesmÏru˙seku,Pomal˝,569925.0,126276.0,GN_V0.1UIR-ADR_410,1
50206190002,6,,2019-01-01,2,1915,9,0,0,1,1,2,203,0,0,1,200,6,4,1,1,6,1,0,8,0,0,0,1,1,0,,3,7.0,02,1.0,1.0,0.0,0.0,1.0,5.0,200,2.0,1.0,1.0,"-667751,204","-1037745,323","-667749,588","-1037734,545","-667749,162","-1037733,1",,,,mÌstnÌkomunikace,,3444809,,Souhlasn˝sesmÏrem˙seku,Pomal˝,570508.0,,GN_V0.1UIR-ADR_410,2
50206190003,6,,2019-01-02,3,1720,4,0,0,1,3,2,100,0,0,1,5,2,3,1,1,4,1,1,1,0,0,0,1,1,0,,0,99.0,57,1.0,0.0,1.0,0.0,1.0,5.0,5,2.0,1.0,1.0,"-640707,711","-1042133,86","-640707,711","-1042133,86","-640699,849","-1042124,728",HradecKr·lovÈ,»eskoslovenskÈarm·dy,,mÌstnÌkomunikace,,839500,,Souhlasn˝sesmÏrem˙seku,Pomal˝,569810.0,127141.0,GN_V0.1UIR-ADR_410,1
50206190004,6,,2019-01-03,4,1910,3,0,9,2,1,2,204,0,0,0,330,3,6,1,1,4,1,1,1,0,0,0,2,2,0,,3,39.0,01,1.0,1.0,1.0,0.0,1.0,5.0,100,2.0,1.0,1.0,"-640873,224","-1035150,345","-640869,99","-1035144,956","-640869,688","-1035144,648",Lochenice,,,mÌstnÌkomunikace,,1213152,,OpaËn˝kesmÏru˙seku,Pomal˝,570311.0,,GN_V0.1UIR-ADR_410,1
50206190005,2,308.0,2019-01-04,5,750,1,2,0,2,1,2,502,0,0,0,350,2,3,1,1,2,1,1,1,0,0,0,3,2,0,,5,32.0,15,3.0,0.0,1.0,0.0,1.0,1.0,100,2.0,1.0,1.0,"-632545,444","-1037060,715","-632549,217","-1037052,092","-632549,291","-1037051,954",»ernilov,,,silnice2.t¯Ìdy,308,1206252,,OpaËn˝kesmÏru˙seku,Pomal˝,569917.0,,GN_V0.1UIR-ADR_410,1
50206190006,1,33.0,2019-01-04,5,945,1,4,0,1,1,2,201,0,0,1,920,2,3,1,1,1,1,1,1,3,3,0,1,2,0,,3,7.0,08,1.0,0.0,0.0,0.0,1.0,1.0,600,3.0,1.0,1.0,"-641447,511","-1034910,838","-641447,511","-1034910,838","-641451,185","-1034908,585",,,,silnice1.t¯Ìdy,33,1263071,,OpaËn˝kesmÏru˙seku,Pomal˝,570311.0,,GN_V0.1UIR-ADR_410,2
50206190007,6,,2019-01-04,5,1020,4,0,0,1,1,2,504,0,0,1,55,2,6,1,1,1,1,1,1,0,0,10,1,1,0,,12,0.0,16,3.0,0.0,0.0,0.0,1.0,5.0,0,2.0,1.0,1.0,"-641419,937","-1043317,362","-641419,937","-1043317,362","-641417,079","-1043310,486",HradecKr·lovÈ,Hradeck·,,mÌstnÌkomunikace,,1673737,,,Pomal˝,569810.0,127671.0,GN_V0.1UIR-ADR_410,1
50206190008,6,,2019-01-04,5,1323,1,3,0,2,1,2,403,0,0,0,600,2,6,1,1,1,1,0,1,3,3,10,5,3,10,6.0,3,39.0,97,1.0,0.0,1.0,0.0,1.0,5.0,50,2.0,1.0,1.0,"-640187,027","-1042059,653","-640187,027","-1042059,653","-640187,804","-1042058,192",HradecKr·lovÈ,Bidlova,,mÌstnÌkomunikace,,269454,,Souhlasn˝sesmÏrem˙seku,Pomal˝,569810.0,126748.0,GN_V0.1UIR-ADR_410,1
50206190009,6,,2019-01-04,5,1725,1,3,0,2,1,2,403,0,0,0,1400,2,8,1,3,5,1,4,1,3,3,0,5,2,10,7.0,3,12.0,96,1.0,0.0,0.0,0.0,1.0,5.0,100,2.0,1.0,1.0,"-640073,393","-1043784,226","-640094,411","-1043787,999","-640094,857","-1043788,035",HradecKr·lovÈ,MrötÌkova,,mÌstnÌkomunikace,,1579430,,OpaËn˝kesmÏru˙seku,Pomal˝,569810.0,129011.0,GN_V0.1UIR-ADR_410,1
50206190010,3,2997.0,2019-01-04,5,1700,1,2,0,2,1,0,501,0,0,0,400,2,6,1,5,6,1,1,1,0,0,0,2,2,0,,17,,XX,,,,,,,0,,,,"-636694,363","-1034333,641","-636666,34","-1034314,24","-636666,346","-1034314,222",,,,silnice3.t¯Ìdy,2997,2939710,,OpaËn˝kesmÏru˙seku,Pomal˝,570800.0,,GN_V0.1UIR-ADR_410,2
50206190011,8,,2019-01-04,5,2035,9,0,0,2,1,2,203,0,0,0,50,2,6,1,1,4,1,1,1,0,0,0,1,1,0,,3,39.0,98,1.0,0.0,0.0,0.0,1.0,5.0,50,2.0,1.0,1.0,"-644844,871","-1043197,654","-644844,871","-1043197,654","-644843,783","-1043198,771",HradecKr·lovÈ,Praûsk·t¯Ìda,,mÌstnÌkomunikace,,3260761,,OpaËn˝kesmÏru˙seku,Pomal˝,569810.0,130117.0,GN_V0.1UIR-ADR_410,1
50206190012,3,2997.0,2019-01-05,6,1020,3,0,9,2,1,2,204,0,0,0,350,2,3,1,1,1,1,1,1,0,0,0,1,1,0,,3,42.0,92,1.0,1.0,1.0,0.0,1.0,1.0,300,2.0,1.0,1.0,"-638628,718","-1035275,99","-638628,718","-1035275,99","-638633,229","-1035265,238",Skalice,,,silnice3.t¯Ìdy,2997,1250131,,OpaËn˝kesmÏru˙seku,Pomal˝,570800.0,,GN_V0.1UIR-ADR_410,1
50206190013,1,31.0,2019-01-06,0,1115,1,2,0,2,1,2,401,0,0,0,1550,2,1,1,1,1,1,3,1,2,0,0,5,2,19,1.0,3,13.0,10,1.0,0.0,0.0,0.0,1.0,13.0,350,2.0,1.0,1.0,"-641484,238","-1041494,625","-641484,238","-1041494,625","-641487,911","-1041491,335",HradecKr·lovÈ,Resslova,,silnice1.t¯Ìdy,31,1673600,,Souhlasn˝sesmÏrem˙seku,Pomal˝,569810.0,130222.0,GN_V0.1UIR-ADR_410,1
50206190014,6,,2019-01-06,0,1160,1,2,0,2,1,0,504,0,0,0,100,1,3,1,1,1,1,1,1,0,0,10,1,2,0,,17,,XX,,,,,,,0,,,,"-639374,463","-1044403,504","-639374,463","-1044403,504","-639363,045","-1044413,743",HradecKr·lovÈ,AntonÌnaPetrofa,,mÌstnÌkomunikace,,3528014,,OpaËn˝kesmÏru˙seku,Pomal˝,569810.0,,GN_V0.1UIR-ADR_410,1
50206190015,6,,2019-01-07,1,950,1,4,0,2,1,2,503,0,0,0,1200,2,1,1,1,1,1,1,1,0,0,2,1,2,0,,3,39.0,13,3.0,0.0,0.0,0.0,1.0,5.0,500,2.0,1.0,1.0,"-641161,064","-1043005,675","-641161,064","-1043005,675","-641160,843","-1043005,666",HradecKr·lovÈ,Hradeck·,,mÌstnÌkomunikace,,1399652,,OpaËn˝kesmÏru˙seku,Pomal˝,569810.0,127671.0,GN_V0.1UIR-ADR_410,1
50206190016,6,,2019-01-07,1,2135,3,0,9,2,1,2,504,0,0,0,370,6,4,6,3,7,1,0,0,0,0,0,1,1,0,,12,0.0,16,11.0,0.0,0.0,0.0,1.0,5.0,350,3.0,1.0,1.0,"-669408,338","-1045601,842","-669406,182","-1045607,77","-669406,23","-1045607,692",ChlumecnadCidlinou,NaFrantiöku,,mÌstnÌkomunikace,,775819,,Souhlasn˝sesmÏrem˙seku,Pomal˝,570109.0,132462.0,GN_V0.1UIR-ADR_410,1
50206190017,6,,2019-01-08,2,630,1,3,0,2,1,2,204,0,0,0,500,2,5,1,5,7,1,1,1,0,0,0,1,2,0,,3,35.0,06,1.0,1.0,1.0,1.0,1.0,5.0,100,2.0,1.0,1.0,"-635025,58","-1043053,007","-635025,58","-1043053,007","-635026,465","-1043052,489",HradecKr·lovÈ,,,mÌstnÌkomunikace,,2941617,,,Pomal˝,569810.0,,GN_V0.1UIR-ADR_410,1
50206190018,2,324.0,2019-01-08,2,930,3,0,4,2,1,2,204,0,0,0,660,2,5,1,6,1,1,1,1,0,0,0,3,1,0,,5,62.0,10,3.0,1.0,1.0,0.0,1.0,3.0,400,3.0,1.0,1.0,"-649168,327","-1037952,889","-649154,975","-1037959,035","-649154,975","-1037959,055",DolnÌP¯Ìm,,,silnice2.t¯Ìdy,324,3246819,,OpaËn˝kesmÏru˙seku,Pomal˝,569984.0,,GN_V0.1UIR-ADR_410,1
50206190019,6,,2019-01-01,2,2560,1,4,0,2,1,0,516,0,0,0,50,3,3,1,1,1,1,1,1,0,0,0,1,2,0,,3,13.0,02,1.0,0.0,1.0,0.0,1.0,5.0,0,2.0,1.0,1.0,"-640114,747","-1043790,422","-640114,747","-1043790,422","-640114,832","-1043789,721",HradecKr·lovÈ,MrötÌkova,,mÌstnÌkomunikace,,277939,,OpaËn˝kesmÏru˙seku,Pomal˝,569810.0,129011.0,GN_V0.1UIR-ADR_410,1
50206190020,3,29810.0,2019-01-08,2,1605,1,4,0,2,1,2,503,0,0,0,1000,2,3,1,1,1,1,1,1,0,0,0,1,3,0,,3,39.0,00,1.0,0.0,1.0,0.0,1.0,1.0,250,2.0,1.0,1.0,"-642743,872","-1048353,784","-642760,04","-1048332,227","-642758,932","-1048332,208",Vysok·nadLabem,,,silnice3.t¯Ìdy,29810,1210566,,Souhlasn˝sesmÏrem˙seku,Pomal˝,571113.0,,GN_V0.1UIR-ADR_410,1
50206190021,2,324.0,2019-01-09,3,620,0,0,0,2,6,0,100,0,0,0,50,2,3,6,1,6,1,1,1,0,0,0,1,1,0,,3,39.0,15,3.0,0.0,0.0,0.0,1.0,1.0,50,4.0,1.0,1.0,"-648732,612","-1038224,418","-648732,074","-1038220,108","-648731,656","-1038219,179",,,,silnice2.t¯Ìdy,324,1853636,,Souhlasn˝sesmÏrem˙seku,Pomal˝,569984.0,,GN_V0.1UIR-ADR_410,2
50206190022,2,324.0,2019-01-09,3,645,0,0,0,2,6,0,100,0,0,0,50,2,3,6,1,6,1,1,1,0,0,0,1,1,0,,3,13.0,02,1.0,0.0,0.0,0.0,1.0,1.0,50,2.0,1.0,1.0,"-648732,612","-1038224,418","-648731,534","-1038219,565","-648731,41","-1038219,29",,,,silnice2.t¯Ìdy,324,1853636,,Souhlasn˝sesmÏrem˙seku,Pomal˝,569984.0,,GN_V0.1UIR-ADR_410,2
50206190023,1,31.0,2019-01-09,3,851,1,2,0,2,1,7,411,0,0,0,520,2,3,1,5,3,1,4,1,0,0,5,1,2,0,,7,62.0,08,3.0,0.0,0.0,0.0,1.0,1.0,0,3.0,4.0,1.0,,,"-640151,282","-1041896,612","-640150,947","-1041896,356",HradecKr·lovÈ,OkruûnÌ,,mÌstnÌkomunikace,,1674130,,OpaËn˝kesmÏru˙seku,Pomal˝,569810.0,129682.0,GN_V0.1UIR-ADR_410,1
50206190024,2,324.0,2019-01-09,3,635,0,0,0,2,6,0,100,0,0,0,50,2,3,6,1,6,1,1,1,0,0,0,1,1,0,,3,47.0,03,3.0,0.0,1.0,0.0,1.0,1.0,50,2.0,1.0,1.0,"-648732,612","-1038224,418","-648732,612","-1038224,418","-648730,494","-1038219,701",,,,silnice2.t¯Ìdy,324,1853636,,Souhlasn˝sesmÏrem˙seku,Pomal˝,569984.0,,GN_V0.1UIR-ADR_410,2
50206190025,1,31.0,2019-01-09,3,1315,1,4,0,2,1,2,503,0,0,0,1100,2,3,1,1,1,1,3,1,0,0,0,1,2,0,,3,99.0,12,1.0,0.0,1.0,0.0,1.0,1.0,800,2.0,1.0,1.0,"-639934,067","-1042343,131","-639943,232","-1042344,749","-639943,39","-1042344,766",HradecKr·lovÈ,GoË·r˘vokruh,,silnice1.t¯Ìdy,31,744016,,Souhlasn˝sesmÏrem˙seku,Pomal˝,569810.0,,GN_V0.1UIR-ADR_410,1
50206190026,6,,2019-01-09,3,1518,4,0,0,1,1,2,504,0,0,1,0,2,3,1,4,3,1,1,1,0,0,10,1,1,0,,3,39.0,09,1.0,0.0,0.0,0.0,1.0,5.0,0,3.0,1.0,1.0,,,"-642109,149","-1041801,608","-642109,05","-1041802,356",HradecKr·lovÈ,Dukelsk·t¯Ìda,,mÌstnÌkomunikace,,1579345,,,Pomal˝,569810.0,127531.0,GN_V0.1UIR-ADR_410,1
50206190027,1,35.0,2019-01-09,3,1515,1,3,0,2,1,2,401,0,0,0,3920,2,3,1,3,3,1,3,1,2,0,0,5,2,11,6.0,3,39.0,15,1.0,0.0,0.0,0.0,1.0,31.0,3500,3.0,1.0,1.0,"-640117,77","-1044427,521","-640124,776","-1044409,737","-640124,696","-1044409,72",HradecKr·lovÈ,BrnÏnsk·,,silnice1.t¯Ìdy,35,281678,,Souhlasn˝sesmÏrem˙seku,Pomal˝,569810.0,126918.0,GN_V0.1UIR-ADR_410,1
50206190028,2,324.0,2019-01-08,2,2020,0,0,0,2,6,0,100,0,0,0,30,2,3,6,3,6,1,1,1,0,0,0,1,1,0,,3,39.0,14,1.0,0.0,1.0,0.0,1.0,1.0,30,2.0,1.0,1.0,"-648633,19","-1038264,689","-648636,41","-1038262,006","-648636,39","-1038261,962",,,,silnice2.t¯Ìdy,324,1853636,,Souhlasn˝sesmÏrem˙seku,Pomal˝,569984.0,,GN_V0.1UIR-ADR_410,2
50206190029,2,299.0,2019-01-10,4,545,1,2,0,2,1,2,305,0,0,0,100,2,3,1,1,6,1,1,1,0,0,0,1,2,0,,17,,XX,,,,,,,0,,,,"-630734,656","-1034594,091","-630749,207","-1034559,062","-630749,248","-1034559,069",,,,silnice2.t¯Ìdy,299,3276857,,OpaËn˝kesmÏru˙seku,Pomal˝,570273.0,,GN_V0.1UIR-ADR_410,2
50206190030,1,11.0,2019-01-10,4,1240,1,4,0,2,1,2,503,0,0,0,1900,2,3,1,1,1,1,1,1,0,0,0,1,3,0,,5,32.0,16,2.0,0.0,0.0,0.0,1.0,1.0,1100,2.0,1.0,1.0,"-637993,923","-1041840,644","-637984,22","-1041855,198","-637984,246","-1041854,998",HradecKr·lovÈ,Brat¯Ìätefan˘,,silnice1.t¯Ìdy,11,268462,,Souhlasn˝sesmÏrem˙seku,Pomal˝,569810.0,130982.0,GN_V0.1UIR-ADR_410,1
50206190031,6,,2019-01-09,3,2560,2,0,0,2,1,0,516,0,0,0,50,5,1,1,1,1,1,1,8,0,0,0,1,2,0,,17,,XX,,,,,,,0,,,,"-668405,513","-1045246,448","-668405,513","-1045246,448","-668399,76","-1045243,834",ChlumecnadCidlinou,Rooseveltova,,mÌstnÌkomunikace,,2607941,,OpaËn˝kesmÏru˙seku,Pomal˝,570109.0,132608.0,GN_V0.1UIR-ADR_410,1
50206190032,3,29810.0,2019-01-10,4,1750,1,4,0,2,1,2,503,0,0,0,350,2,3,1,1,4,1,1,1,3,3,2,1,2,0,,3,44.0,12,1.0,0.0,1.0,0.0,1.0,1.0,200,2.0,1.0,1.0,"-641595,75","-1045053,497","-641595,75","-1045053,497","-641597,763","-1045051,526",HradecKr·lovÈ,Zborovsk·,,silnice3.t¯Ìdy,29810,1861905,,Souhlasn˝sesmÏrem˙seku,Pomal˝,569810.0,685437.0,GN_V0.1UIR-ADR_410,1
50206190033,6,,2019-01-09,3,1530,1,3,0,1,1,0,403,0,0,1,0,2,3,1,5,1,1,1,1,3,3,0,5,2,10,6.0,3,39.0,01,1.0,0.0,1.0,0.0,1.0,5.0,0,2.0,1.0,1.0,"-642356,573","-1042838,114","-642356,003","-1042864,617","-642356,003","-1042864,617",HradecKr·lovÈ,Veverkova,,mÌstnÌkomunikace,,273554,,,Pomal˝,569810.0,131482.0,GN_V0.1UIR-ADR_410,1
50206190034,1,37.0,2019-01-11,5,920,1,4,0,1,1,2,503,0,0,1,800,2,1,1,1,1,1,1,1,2,0,0,3,2,0,,7,40.0,13,9.0,0.0,1.0,0.0,1.0,1.0,200,3.0,1.0,1.0,,,"-641846,341","-1043020,876","-641846,256","-1043021,373",HradecKr·lovÈ,RaöÌnovat¯Ìda,,silnice1.t¯Ìdy,37,1298304,,Souhlasn˝sesmÏrem˙seku,Pomal˝,569810.0,132101.0,GN_V0.1UIR-ADR_410,1
50206190035,2,308.0,2019-01-11,5,1140,5,0,0,2,4,0,100,0,0,0,770,2,1,1,1,1,1,1,1,0,0,0,1,1,0,,3,26.0,13,3.0,0.0,0.0,0.0,1.0,1.0,750,3.0,1.0,1.0,"-635484,763","-1039123,396","-635484,763","-1039123,396","-635486,029","-1039122,043",,,,silnice2.t¯Ìdy,308,1677518,,OpaËn˝kesmÏru˙seku,Pomal˝,569917.0,,GN_V0.1UIR-ADR_410,2
50206190036,6,,2019-01-11,5,1145,1,2,0,2,1,2,516,0,0,0,1450,2,1,1,1,1,1,4,1,3,3,2,4,2,10,6.0,3,39.0,04,1.0,0.0,0.0,0.0,1.0,5.0,250,3.0,1.0,1.0,"-639978,003","-1041826,242","-639952,135","-1041815,463","-639949,483","-1041820,432",HradecKr·lovÈ,PospÌöilova,,mÌstnÌkomunikace,,268383,,OpaËn˝kesmÏru˙seku,Pomal˝,569810.0,130052.0,GN_V0.1UIR-ADR_410,1
50206190037,6,,2019-01-10,4,1505,1,3,0,2,1,0,402,0,0,0,55,2,1,1,1,1,1,1,1,3,3,0,4,2,10,6.0,3,32.0,15,3.0,0.0,1.0,0.0,1.0,5.0,50,3.0,1.0,1.0,"-640368,07","-1040656,674","-640365,914","-1040650,745","-640365,715","-1040651,15",HradecKr·lovÈ,KSokolovnÏ,,mÌstnÌkomunikace,,263734,,OpaËn˝kesmÏru˙seku,Pomal˝,569810.0,128104.0,GN_V0.1UIR-ADR_410,1
50206190038,1,35.0,2019-01-11,5,1410,1,4,0,1,1,2,204,0,0,1,2600,2,3,1,1,1,1,2,1,0,0,0,1,3,0,,3,13.0,05,1.0,0.0,1.0,0.0,1.0,3.0,500,2.0,1.0,1.0,"-643421,585","-1039804,918","-643421,585","-1039804,918","-643419,753","-1039803,625",HradecKr·lovÈ,KoutnÌkova,,silnice1.t¯Ìdy,35,1458667,,Souhlasn˝sesmÏrem˙seku,Pomal˝,569810.0,128392.0,GN_V0.1UIR-ADR_410,1
50206190039,6,,2019-01-11,5,1615,4,0,0,2,1,2,204,0,0,0,10,2,6,1,5,3,1,1,1,3,3,1,1,1,0,,3,44.0,00,1.0,0.0,0.0,0.0,1.0,5.0,0,2.0,1.0,1.0,"-639609,348","-1041714,733","-639627,672","-1041705,033","-639627,268","-1041704,162",HradecKr·lovÈ,PospÌöilova,,mÌstnÌkomunikace,,2598281,,OpaËn˝kesmÏru˙seku,Pomal˝,569810.0,130052.0,GN_V0.1UIR-ADR_410,1
50206190040,6,,2019-01-11,5,1700,3,0,2,2,1,2,204,0,0,0,660,2,6,1,5,7,1,1,6,0,0,7,3,1,0,,3,39.0,08,1.0,1.0,1.0,0.0,1.0,5.0,600,2.0,1.0,1.0,"-638959,209","-1041297,126","-638964,598","-1041289,581","-638964,453","-1041289,85",HradecKr·lovÈ,Lipov·,,mÌstnÌkomunikace,,265820,,Souhlasn˝sesmÏrem˙seku,Pomal˝,569810.0,128716.0,GN_V0.1UIR-ADR_410,1
50206190041,6,,2019-01-06,0,2560,2,0,0,2,1,0,508,0,0,0,200,2,3,1,1,1,1,1,1,0,0,0,1,2,0,,17,,XX,,,,,,,0,,,,"-640818,026","-1042040,271","-640818,026","-1042040,271","-640819,139","-1042040,139",HradecKr·lovÈ,Opletalova,,mÌstnÌkomunikace,,1673637,,Souhlasn˝sesmÏrem˙seku,Pomal˝,569810.0,129712.0,GN_V0.1UIR-ADR_410,1
50206190042,1,31.0,2019-01-12,6,2005,1,4,0,2,1,2,203,0,0,0,1700,2,3,1,1,4,1,3,1,0,0,0,1,3,0,,3,26.0,16,1.0,0.0,0.0,0.0,1.0,1.0,1500,2.0,1.0,1.0,"-641187,368","-1043281,648","-641187,368","-1043281,648","-641185,651","-1043276,235",HradecKr·lovÈ,Sokolsk·,,silnice1.t¯Ìdy,31,275702,,Souhlasn˝sesmÏrem˙seku,Pomal˝,569810.0,130516.0,GN_V0.1UIR-ADR_410,1
50206190043,6,,2019-01-13,0,1635,4,0,0,2,1,0,516,0,0,0,10,2,3,1,1,2,1,1,1,0,0,0,1,1,0,,3,48.0,00,1.0,0.0,1.0,0.0,1.0,5.0,0,4.0,1.0,1.0,"-639570,106","-1043212,327","-639567,95","-1043198,315","-639568,012","-1043197,229",HradecKr·lovÈ,LÌznerova,,mÌstnÌkomunikace,,749392,,,Pomal˝,569810.0,684619.0,GN_V0.1UIR-ADR_410,1
50206190044,3,29912.0,2019-01-14,1,720,1,1,0,2,1,0,405,0,0,0,650,2,3,1,1,2,1,4,1,3,3,0,4,2,19,6.0,17,,XX,,,,,,,0,,,,"-640833,917","-1041372,357","-640859,785","-1041357,268","-640859,856","-1041357,247",HradecKr·lovÈ,AkademikaBedrny,,silnice3.t¯Ìdy,29912,1298255,,OpaËn˝kesmÏru˙seku,Pomal˝,569810.0,126586.0,GN_V0.1UIR-ADR_410,1