IDENTIFIKA»NÕ »ÕSLO,DRUH POZEMNÕ KOMUNIKACE,»ÕSLO POZEMNÕ KOMUNIKACE,"den, mÏsÌc, rok",,Ëas ,DRUH NEHODY,DRUH SR¡éKY JEDOUCÕCH VOZIDEL,DRUH PEVN… PÿEK¡éKY,CHARAKTER NEHODY,ZAVINÃNÕ NEHODY,ALKOHOL U VINÕKA NEHODY PÿÕTOMEN,HLAVNÕ PÿÕ»INY NEHODY,usmrceno osob,tÏûce zranÏno osob,lehce zranÏno osob,CELKOV¡ HMOTN¡ äKODA,DRUH POVRCHU VOZOVKY,STAV POVRCHU VOZOVKY V DOBÃ NEHODY,STAV KOMUNIKACE,POVÃTRNOSTNÕ PODMÕNKY V DOBÃ NEHODY,VIDITELNOST,ROZHLEDOV… POMÃRY,DÃLENÕ KOMUNIKACE,SITUOV¡NÕ NEHODY NA KOMUNIKACI,ÿÕZENÕ PROVOZU V DOBÃ NEHODY,MÕSTNÕ ⁄PRAVA PÿEDNOSTI V JÕZDÃ,SPECIFICK¡ MÕSTA A OBJEKTY V MÕSTÃ NEHODY,SMÃROV… POMÃRY,PO»ET Z⁄»ASTNÃN›CH VOZIDEL,MÕSTO DOPRAVNÕ NEHODY,DRUH KÿIéUJÕCÕ KOMUNIKACE,DRUH VOZIDLA,V›ROBNÕ ZNA»KA MOTOROV…HO VOZIDLA,ROK V›ROBY VOZIDLA,CHARAKTERISTIKA VOZIDLA ,SMYK,VOZIDLO PO NEHODÃ,"⁄NIK PROVOZNÕCH, PÿEPRAVOVAN›CH HMOT",ZPŸSOB VYPROäTÃNÕ OSOB Z VOZIDLA,SMÃR JÕZDY NEBO POSTAVENÕ VOZIDLA,äKODA NA VOZIDLE,KATEGORIE ÿIDI»E,STAV ÿIDI»E,VNÃJäÕ OVLIVNÃNÕ ÿIDI»E,nan.1,nan.2,nan.3,nan.4,nan.5,nan.6,nan.7,nan.8,nan.9,nan.10,nan.11,nan.12,nan.13,nan.14,nan.15,nan.16,nan.17,nan.18,LOKALITA NEHODY
50206190045,2,327.0,2019-01-14,1,1045,1,4,0,2,1,2,503,0,0,0,1360,2,1,1,1,1,1,1,1,3,3,0,5,2,19,6.0,3,39.0,05,1.0,0.0,0.0,0.0,1.0,31.0,1010,2.0,1.0,1.0,"-666679,552","-1040335,216","-666679,552","-1040335,216","-666678,163","-1040335,616",Nepolisy,,,silnice2.t¯Ìdy,327,3111733,,Souhlasn˝sesmÏrem˙seku,Pomal˝,570478.0,,GN_V0.1UIR-ADR_410,1
50206190046,6,,2019-01-14,1,1400,1,2,0,2,1,2,403,0,0,0,2150,2,1,1,1,1,1,1,1,3,3,0,5,2,10,6.0,3,7.0,12,3.0,0.0,0.0,0.0,1.0,5.0,1100,2.0,1.0,1.0,"-640833,046","-1043754,91","-640833,046","-1043754,91","-640835,302","-1043736,688",HradecKr·lovÈ,DomeËkova,,mÌstnÌkomunikace,,277646,,Souhlasn˝sesmÏrem˙seku,Pomal˝,569810.0,127230.0,GN_V0.1UIR-ADR_410,1
50206190047,1,11.0,2019-01-14,1,1720,1,2,0,2,1,2,411,0,0,0,450,2,1,1,1,4,1,5,1,3,5,0,7,2,19,6.0,3,12.0,15,3.0,0.0,0.0,0.0,1.0,34.0,300,2.0,1.0,1.0,"-643623,211","-1039462,052","-643634,529","-1039466,364","-643634,553","-1039466,214",HradecKr·lovÈ,N·chodsk·,,silnice1.t¯Ìdy,11,749329,,Souhlasn˝sesmÏrem˙seku,Pomal˝,569810.0,1086430.0,GN_V0.1UIR-ADR_410,1
50206190048,1,35.0,2019-01-14,1,1951,1,4,0,2,1,2,204,0,0,0,1300,2,6,1,1,4,1,3,1,0,0,0,1,2,0,,11,0.0,,5.0,0.0,1.0,0.0,1.0,1.0,1100,4.0,1.0,1.0,"-640190,027","-1044088,263","-640190,027","-1044088,263","-640191,384","-1044088,534",HradecKr·lovÈ,BrnÏnsk·,,silnice1.t¯Ìdy,35,2380328,,Souhlasn˝sesmÏrem˙seku,Pomal˝,569810.0,126918.0,GN_V0.1UIR-ADR_410,1
50206190049,6,,2019-01-14,1,2130,3,0,2,2,1,2,204,0,0,0,650,2,6,1,1,4,1,1,1,0,0,0,1,1,0,,3,47.0,05,1.0,0.0,1.0,0.0,1.0,5.0,400,2.0,1.0,1.0,"-641703,124","-1045810,06","-641703,124","-1045803,054","-641703,233","-1045803,72",HradecKr·lovÈ,Z·meËek,,mÌstnÌkomunikace,,286553,,OpaËn˝kesmÏru˙seku,Pomal˝,569810.0,131750.0,GN_V0.1UIR-ADR_410,1
50206190050,6,,2019-01-15,2,640,1,2,0,2,1,0,502,0,0,0,100,2,3,1,1,4,1,1,1,0,0,0,1,2,0,,17,,XX,,,,,,,0,,,,"-639895,311","-1041903,667","-639895,311","-1041903,667","-639896,538","-1041904,34",HradecKr·lovÈ,Orlick·,,mÌstnÌkomunikace,,268871,,Souhlasn˝sesmÏrem˙seku,Pomal˝,569810.0,129739.0,GN_V0.1UIR-ADR_410,1
50206190051,6,,2019-01-15,2,830,1,2,0,2,1,2,516,0,0,0,800,2,6,1,1,1,1,1,1,3,3,5,1,2,0,,3,60.0,12,1.0,1.0,0.0,0.0,1.0,5.0,500,2.0,1.0,1.0,"-667903,259","-1045137,819","-667876,313","-1045142,669","-667876,283","-1045142,984",,,,mÌstnÌkomunikace,,283763,,OpaËn˝kesmÏru˙seku,Pomal˝,570109.0,132799.0,GN_V0.1UIR-ADR_410,2
50206190052,6,,2019-01-01,2,2560,2,0,0,2,1,0,504,0,0,0,150,2,1,1,1,1,1,1,1,0,0,0,1,2,0,,3,39.0,,1.0,0.0,1.0,0.0,1.0,5.0,0,2.0,1.0,1.0,,,"-641889,654","-1042652,311","-641887,956","-1042651,723",HradecKr·lovÈ,Labsk·kotlina,,mÌstnÌkomunikace,,870456,,OpaËn˝kesmÏru˙seku,Pomal˝,569810.0,128571.0,GN_V0.1UIR-ADR_410,1
50206190053,2,327.0,2019-01-15,2,1205,1,2,0,2,1,2,516,0,0,0,2620,2,1,1,1,1,1,1,1,0,0,0,1,2,0,,4,39.0,02,1.0,0.0,0.0,0.0,1.0,1.0,0,2.0,1.0,1.0,"-670276,925","-1047124,028","-670276,925","-1047124,028","-670275,647","-1047123,701",,,,silnice2.t¯Ìdy,327,2590091,,OpaËn˝kesmÏru˙seku,Pomal˝,570524.0,,GN_V0.1UIR-ADR_410,2
50206190054,6,,2019-01-15,2,2560,2,0,0,2,1,0,516,0,0,0,600,2,3,1,1,1,1,1,1,0,0,0,1,2,0,,17,,XX,,,,,,,0,,,,"-649027,845","-1031774,884","-649027,845","-1031774,884","-649026,979","-1031759,301",,,,mÌstnÌkomunikace,,1924574,,Souhlasn˝sesmÏrem˙seku,Pomal˝,573191.0,,GN_V0.1UIR-ADR_410,2
50206190055,3,3086.0,2019-01-15,2,1930,3,0,1,2,1,2,508,0,0,0,352,2,3,1,3,5,1,1,8,0,0,0,1,1,0,,3,39.0,02,1.0,0.0,0.0,0.0,1.0,1.0,350,2.0,2.0,1.0,"-634701,897","-1036980,515","-634701,897","-1036980,515","-634691,002","-1036970,385",»ernilov,,,silnice3.t¯Ìdy,3086,1206246,,Souhlasn˝sesmÏrem˙seku,Pomal˝,569917.0,,GN_V0.1UIR-ADR_410,1
50206190056,2,324.0,2019-01-16,3,645,5,0,0,2,4,0,100,0,0,0,350,2,3,1,4,2,1,1,1,0,0,0,3,1,0,,3,47.0,15,1.0,0.0,1.0,0.0,1.0,1.0,300,2.0,1.0,1.0,"-650186,608","-1037871,819","-650186,608","-1037871,819","-650184,026","-1037867,484",,,,silnice2.t¯Ìdy,324,3113199,,Souhlasn˝sesmÏrem˙seku,Pomal˝,569984.0,,GN_V0.1UIR-ADR_410,2
50206190057,2,327.0,2019-01-12,6,810,5,0,0,2,4,0,100,0,0,0,550,2,3,1,1,1,1,1,1,0,0,0,1,1,0,,3,29.0,12,1.0,0.0,1.0,0.0,1.0,1.0,500,3.0,1.0,1.0,"-665480,045","-1027685,324","-665471,961","-1027668,078","-665475,28","-1027669,448",,,,silnice2.t¯Ìdy,327,3246871,,Souhlasn˝sesmÏrem˙seku,Pomal˝,570869.0,,GN_V0.1UIR-ADR_410,2
50206190058,6,,2019-01-14,1,2560,2,0,0,2,1,0,516,0,0,0,300,2,1,1,1,1,1,1,1,0,0,0,1,2,0,,3,42.0,09,1.0,0.0,1.0,0.0,1.0,5.0,200,2.0,1.0,1.0,"-642488,268","-1043419,872","-642488,268","-1043419,872","-642502,656","-1043404,578",HradecKr·lovÈ,Jungmannova,,mÌstnÌkomunikace,,3127533,,,Pomal˝,569810.0,127990.0,GN_V0.1UIR-ADR_410,1
50206190059,1,33.0,2019-01-17,4,645,1,1,0,2,1,2,405,0,0,0,2000,2,1,1,1,6,1,1,1,3,4,0,4,2,19,6.0,5,12.0,16,3.0,0.0,0.0,0.0,1.0,13.0,1200,3.0,1.0,1.0,"-642003,01","-1036118,298","-642028,877","-1036099,436","-642028,447","-1036099,638",,,,silnice1.t¯Ìdy,33,249562,,Souhlasn˝sesmÏrem˙seku,Pomal˝,570672.0,,GN_V0.1UIR-ADR_410,2
50206190060,6,,2019-01-17,4,950,1,3,0,2,1,2,405,0,0,0,1450,2,1,1,1,1,2,0,1,3,3,0,4,2,10,7.0,5,32.0,15,3.0,0.0,0.0,0.0,1.0,5.0,250,3.0,1.0,1.0,"-664913,686","-1035358,585","-664907,758","-1035342,418","-664909,156","-1035342,032",Nov˝Bydûov,Jos.Jungmanna,,mÌstnÌkomunikace,,248088,,OpaËn˝kesmÏru˙seku,Pomal˝,570508.0,133451.0,GN_V0.1UIR-ADR_410,1
50206190061,6,,2019-01-17,4,1358,1,2,0,1,1,2,501,0,0,1,1700,2,3,1,1,1,1,1,1,0,0,0,1,2,0,,3,39.0,17,3.0,0.0,0.0,0.0,1.0,5.0,1200,2.0,2.0,1.0,"-639928,455","-1045386,824","-639925,76","-1045383,05","-639925,075","-1045382,911",HradecKr·lovÈ,BrnÏnsk·,,mÌstnÌkomunikace,,2608648,,Souhlasn˝sesmÏrem˙seku,Pomal˝,569810.0,126918.0,GN_V0.1UIR-ADR_410,1
50206190062,8,,2019-01-17,4,2560,2,0,0,2,1,0,516,0,0,0,60,2,3,1,1,1,1,0,0,3,3,10,1,2,0,,17,,XX,,,,,,,0,,,,"-640385,8","-1042760,163","-640385,8","-1042760,163","-640387,432","-1042761,18",HradecKr·lovÈ,Malöovick·,,mÌstnÌkomunikace,,1861827,,Souhlasn˝sesmÏrem˙seku,Pomal˝,569810.0,810533.0,GN_V0.1UIR-ADR_410,1
50206190063,1,11.0,2019-01-17,4,1545,1,1,0,1,1,2,402,0,0,1,6000,2,1,1,1,1,1,1,1,3,3,0,5,2,19,6.0,3,29.0,18,3.0,0.0,0.0,0.0,1.0,21.0,4000,2.0,1.0,1.0,"-629044,466","-1046066,701","-629044,466","-1046066,701","-629044,659","-1046066,947",,,,silnice1.t¯Ìdy,11,288115,,OpaËn˝kesmÏru˙seku,Pomal˝,571041.0,,GN_V0.1UIR-ADR_410,2
50206190064,1,35.0,2019-01-18,5,820,1,3,0,2,1,2,403,0,0,0,5200,2,3,1,1,1,1,3,1,3,3,2,4,2,19,6.0,3,27.0,14,1.0,0.0,1.0,0.0,1.0,41.0,2000,2.0,1.0,1.0,"-640071,264","-1044648,381","-640079,725","-1044627,143","-640079,727","-1044627,144",HradecKr·lovÈ,BrnÏnsk·,,silnice1.t¯Ìdy,35,1399892,,Souhlasn˝sesmÏrem˙seku,Pomal˝,569810.0,126918.0,GN_V0.1UIR-ADR_410,1
50206190065,3,32414.0,2019-01-18,5,1050,3,0,1,1,1,0,204,1,0,1,15020,2,3,1,1,1,1,1,8,0,0,0,1,1,0,,3,4.0,18,3.0,0.0,0.0,0.0,1.0,1.0,15000,2.0,1.0,1.0,"-669645,874","-1037108,694","-669645,874","-1037108,694","-669645,596","-1037108,923",,,,silnice3.t¯Ìdy,32414,1329096,,Souhlasn˝sesmÏrem˙seku,Pomal˝,570508.0,,GN_V0.1UIR-ADR_410,2
50206190066,3,32728.0,2019-01-18,5,738,2,0,0,2,1,0,508,0,0,0,200,2,1,1,1,2,1,1,1,3,3,0,4,2,19,6.0,17,,XX,,,,,,,0,,,,"-662473,691","-1039249,479","-662469,396","-1039253,694","-662469,431","-1039253,699",MÏnÌk,,,silnice3.t¯Ìdy,32728,1250288,,OpaËn˝kesmÏru˙seku,Pomal˝,570397.0,,GN_V0.1UIR-ADR_410,1
50206190067,1,33.0,2019-01-18,5,1553,1,4,0,1,1,2,201,0,0,1,2200,2,1,1,1,1,1,1,1,0,0,0,1,3,0,,3,47.0,01,1.0,0.0,0.0,0.0,1.0,3.0,300,2.0,1.0,1.0,,,"-638191,53","-1031921,821","-638189,566","-1031924,056",,,,silnice1.t¯Ìdy,33,2605152,,Souhlasn˝sesmÏrem˙seku,Pomal˝,570028.0,,GN_V0.1UIR-ADR_410,2
50206190068,1,37.0,2019-01-18,5,2145,9,0,0,2,1,2,204,0,0,0,160,0,3,1,1,4,1,1,1,0,0,0,2,1,0,,3,39.0,97,1.0,1.0,0.0,0.0,1.0,3.0,150,3.0,1.0,1.0,"-641952,639","-1043070,962","-641952,639","-1043070,962","-641950,98","-1043072,047",HradecKr·lovÈ,RaöÌnovat¯Ìda,,silnice1.t¯Ìdy,37,1298306,,Souhlasn˝sesmÏrem˙seku,Pomal˝,569810.0,132101.0,GN_V0.1UIR-ADR_410,1
50206190069,3,32414.0,2019-01-19,6,1130,5,0,0,2,4,0,100,0,0,0,850,2,1,1,1,1,1,1,1,0,0,0,1,1,0,,3,17.0,12,1.0,0.0,0.0,0.0,1.0,1.0,800,2.0,1.0,1.0,"-670630,693","-1042659,571","-670630,693","-1042659,571","-670632,726","-1042661,092",,,,silnice3.t¯Ìdy,32414,2895743,,Souhlasn˝sesmÏrem˙seku,Pomal˝,570290.0,,GN_V0.1UIR-ADR_410,2
50206190070,1,11.0,2019-01-20,0,730,1,4,0,2,1,2,414,0,0,0,1270,2,3,1,1,1,1,1,1,3,3,0,4,2,19,6.0,4,39.0,06,1.0,0.0,0.0,0.0,1.0,36.0,250,2.0,1.0,1.0,"-630280,002","-1045177,549","-630301,028","-1045178,088","-630300,948","-1045178,002",,,,silnice1.t¯Ìdy,11,1579991,,Souhlasn˝sesmÏrem˙seku,Pomal˝,571041.0,,GN_V0.1UIR-ADR_410,2
50206190071,3,29827.0,2019-01-20,0,1055,3,0,6,2,1,2,204,0,0,0,400,2,3,1,1,1,1,1,8,0,0,0,3,1,0,,3,12.0,09,1.0,1.0,0.0,0.0,1.0,3.0,200,2.0,1.0,1.0,"-637104,945","-1043222,934","-637091,472","-1043221,856","-637091,654","-1043222,011",HradecKr·lovÈ,Lhoteck·,,silnice3.t¯Ìdy,29827,1861926,,OpaËn˝kesmÏru˙seku,Pomal˝,569810.0,128686.0,GN_V0.1UIR-ADR_410,1
50206190072,6,,2019-01-20,0,2560,2,0,0,2,1,0,502,0,0,0,100,2,1,1,1,4,1,1,1,0,0,0,1,2,0,,17,,XX,,,,,,,0,,,,"-640734,066","-1044349,667","-640730,293","-1044351,822","-640729,385","-1044351,809",HradecKr·lovÈ,t¯ÌdaEdvardaBeneöe,,mÌstnÌkomunikace,,280447,,OpaËn˝kesmÏru˙seku,Pomal˝,569810.0,128872.0,GN_V0.1UIR-ADR_410,1
50206190073,6,,2019-01-21,1,642,1,3,0,2,1,2,403,0,0,0,300,2,3,1,2,4,1,1,1,3,3,0,5,2,10,6.0,3,31.0,97,1.0,1.0,1.0,0.0,1.0,5.0,100,2.0,1.0,1.0,"-639668,709","-1041677,028","-639672,481","-1041671,639","-639672,413","-1041671,772",HradecKr·lovÈ,t¯ÌdaSNP,,mÌstnÌkomunikace,,1399576,,OpaËn˝kesmÏru˙seku,Pomal˝,569810.0,131008.0,GN_V0.1UIR-ADR_410,1
50206190074,2,324.0,2019-01-21,1,755,1,2,0,2,1,0,501,0,0,0,80,2,3,1,1,1,1,1,1,0,0,0,1,2,0,,17,,XX,,,,,,,0,,,,"-657499,895","-1036377,209","-657499,895","-1036377,209","-657502,044","-1036372,641",,,,silnice2.t¯Ìdy,324,2939835,,Souhlasn˝sesmÏrem˙seku,Pomal˝,573710.0,,GN_V0.1UIR-ADR_410,2
50206190075,1,35.0,2019-01-21,1,1010,3,0,1,1,1,0,501,1,0,1,850,2,1,1,1,1,1,1,1,0,0,0,1,1,0,,5,13.0,01,3.0,0.0,1.0,1.0,3.0,3.0,800,2.0,1.0,1.0,"-647905,869","-1033036,969","-647905,869","-1033036,969","-647902,443","-1033035,207",,,,silnice1.t¯Ìdy,35,240246,,Souhlasn˝sesmÏrem˙seku,Pomal˝,569933.0,,GN_V0.1UIR-ADR_410,2
50206190076,6,,2019-01-05,6,2560,2,0,0,2,1,0,502,0,0,0,100,5,1,1,1,1,1,1,1,0,0,0,1,2,0,,17,,XX,,,,,,,0,,,,"-634311,975","-1039258,959","-634307,663","-1039258,42","-634308,152","-1039258,458",Divec,VChatk·ch,,mÌstnÌkomunikace,,1582291,,OpaËn˝kesmÏru˙seku,Pomal˝,569941.0,765929.0,GN_V0.1UIR-ADR_410,1
50206190077,1,11.0,2019-01-22,2,850,1,4,0,2,1,2,503,0,0,0,1600,2,1,1,1,1,1,1,1,0,0,0,1,2,0,,3,6.0,06,1.0,0.0,1.0,0.0,1.0,1.0,800,3.0,1.0,1.0,"-637358,748","-1041820,771","-637325,031","-1041863,711","-637325,035","-1041863,639",HradecKr·lovÈ,Brat¯Ìätefan˘,,silnice1.t¯Ìdy,11,744030,,Souhlasn˝sesmÏrem˙seku,Pomal˝,569810.0,130982.0,GN_V0.1UIR-ADR_410,1
50206190078,6,,2019-01-22,2,950,1,4,0,2,1,2,504,0,0,0,70,2,1,1,1,1,1,1,1,0,0,0,1,2,0,,3,39.0,08,11.0,0.0,0.0,0.0,1.0,5.0,20,2.0,1.0,1.0,"-641383,743","-1045832,343","-641396,672","-1045827,495","-641396,671","-1045827,617",HradecKr·lovÈ,Z·meËek,,mÌstnÌkomunikace,,2939961,,Souhlasn˝sesmÏrem˙seku,Pomal˝,569810.0,131750.0,GN_V0.1UIR-ADR_410,1
50206190079,6,,2019-01-22,2,2560,2,0,0,2,1,0,508,0,0,0,100,2,1,1,1,1,1,0,0,0,0,10,1,2,0,,17,,XX,,,,,,,0,,,,"-643204,25","-1040177,865","-643204,25","-1040177,865","-643194,629","-1040170,768",HradecKr·lovÈ,KoutnÌkova,,mÌstnÌkomunikace,,1297676,,Souhlasn˝sesmÏrem˙seku,Pomal˝,569810.0,128392.0,GN_V0.1UIR-ADR_410,1
50206190080,6,,2019-01-22,2,2560,2,0,0,2,1,0,508,0,0,0,150,2,1,1,1,1,1,0,0,0,0,10,1,2,0,,17,,XX,,,,,,,0,,,,"-641265,733","-1042140,204","-641265,733","-1042140,204","-641268,253","-1042142,833",HradecKr·lovÈ,PalackÈho,,mÌstnÌkomunikace,,711757,,Souhlasn˝sesmÏrem˙seku,Pomal˝,569810.0,129836.0,GN_V0.1UIR-ADR_410,1
50206190081,3,30810.0,2019-01-22,2,1915,0,0,0,2,6,0,100,0,0,0,150,2,1,6,1,6,1,1,1,0,0,0,2,1,0,,3,39.0,11,3.0,0.0,1.0,0.0,1.0,1.0,150,2.0,1.0,1.0,"-637035,985","-1032306,676","-637032,752","-1032303,982","-637032,309","-1032305,364",,,,silnice3.t¯Ìdy,30810,1328888,,Souhlasn˝sesmÏrem˙seku,Pomal˝,570028.0,,GN_V0.1UIR-ADR_410,2
50206190082,6,,2019-01-23,3,900,2,0,0,2,1,0,506,0,0,0,200,2,1,1,1,1,1,0,1,0,0,0,1,2,0,,17,,XX,,,,,,,0,,,,"-639035,368","-1041603,606","-639035,368","-1041603,606","-639035,486","-1041603,621",HradecKr·lovÈ,Manûel˘Zem·nkov˝ch,,mÌstnÌkomunikace,,749418,,Souhlasn˝sesmÏrem˙seku,Pomal˝,569810.0,690201.0,GN_V0.1UIR-ADR_410,1
50206190083,6,,2019-01-23,3,1045,1,4,0,2,1,3,503,0,0,0,1050,2,1,1,1,1,1,1,1,0,0,0,1,2,0,,4,38.0,01,1.0,0.0,0.0,0.0,1.0,5.0,50,3.0,4.0,1.0,,,"-645088,813","-1045868,078","-645088,759","-1045868,392",,,,mÌstnÌkomunikace,,1298325,,OpaËn˝kesmÏru˙seku,Pomal˝,569810.0,128091.0,GN_V0.1UIR-ADR_410,2
50206190084,1,11.0,2019-01-23,3,1130,1,3,0,1,1,2,402,0,1,0,5650,2,1,1,1,1,1,1,1,3,4,0,4,2,11,2.0,7,40.0,16,3.0,0.0,1.0,0.0,1.0,31.0,500,3.0,1.0,1.0,"-655290,557","-1045006,271","-655355,227","-1045016,511","-655355,12","-1045017,667",,,,silnice1.t¯Ìdy,11,2939854,,OpaËn˝kesmÏru˙seku,Pomal˝,570745.0,,GN_V0.1UIR-ADR_410,2
50206190085,6,,2019-01-23,3,1220,3,0,2,1,1,8,511,0,0,1,220,2,1,1,1,1,1,1,1,2,0,2,4,1,10,6.0,3,39.0,97,1.0,0.0,0.0,0.0,1.0,5.0,200,4.0,5.0,1.0,"-640123,494","-1044627,309","-640107,866","-1044619,225","-640107,976","-1044618,235",HradecKr·lovÈ,Palachova,,mÌstnÌkomunikace,,1399888,,Souhlasn˝sesmÏrem˙seku,Pomal˝,569810.0,127183.0,GN_V0.1UIR-ADR_410,1
50206190086,1,35.0,2019-01-24,4,1518,1,2,0,2,1,2,411,0,0,0,1700,2,1,1,1,1,1,4,1,0,0,0,1,2,0,,3,47.0,07,3.0,0.0,1.0,0.0,1.0,1.0,600,3.0,1.0,1.0,"-642140,066","-1041154,958","-642140,066","-1041154,958","-642141,583","-1041157,584",HradecKr·lovÈ,AntonÌnaDvo¯·ka,,silnice1.t¯Ìdy,35,1673560,,Souhlasn˝sesmÏrem˙seku,Pomal˝,569810.0,126659.0,GN_V0.1UIR-ADR_410,1
50206190087,1,35.0,2019-01-24,4,1620,9,0,0,1,1,2,510,0,0,1,1100,2,1,1,1,1,1,1,8,0,0,0,1,1,0,,5,19.0,05,3.0,0.0,0.0,0.0,1.0,3.0,1100,3.0,1.0,1.0,,,"-644207,669","-1038684,241","-644208,361","-1038684,733",,,,silnice1.t¯Ìdy,35,1861533,,OpaËn˝kesmÏru˙seku,Pomal˝,569810.0,128392.0,GN_V0.1UIR-ADR_410,2
50206190088,1,11.0,2019-01-24,4,1920,1,4,0,2,1,2,203,0,0,0,700,2,1,1,1,4,1,1,1,0,0,0,1,2,0,,3,31.0,07,1.0,0.0,1.0,0.0,1.0,1.0,300,2.0,1.0,1.0,"-655550,753","-1045029,311","-655551,291","-1045036,856","-655551,346","-1045036,281",,,,silnice1.t¯Ìdy,11,1330459,,Souhlasn˝sesmÏrem˙seku,Pomal˝,570745.0,,GN_V0.1UIR-ADR_410,2
50206190089,1,11.0,2019-01-25,5,730,3,0,1,2,1,2,204,0,0,0,1620,2,6,1,1,2,1,1,1,0,0,0,1,1,0,,5,29.0,07,1.0,1.0,0.0,0.0,1.0,1.0,1500,3.0,1.0,1.0,"-628462,356","-1046635,438","-628462,356","-1046635,438","-628464,628","-1046637,546",,,,silnice1.t¯Ìdy,11,1678191,,OpaËn˝kesmÏru˙seku,Pomal˝,576859.0,,GN_V0.1UIR-ADR_410,2
50206190090,1,33.0,2019-01-25,5,1500,1,2,0,2,1,2,201,0,0,0,10300,2,1,1,1,1,1,1,1,3,3,0,5,2,19,6.0,5,48.0,06,3.0,0.0,0.0,0.0,1.0,31.0,10000,3.0,1.0,1.0,"-642554,978","-1037216,494","-642554,978","-1037216,494","-642554,345","-1037216,784",,,,silnice1.t¯Ìdy,33,1329108,,OpaËn˝kesmÏru˙seku,Pomal˝,570672.0,,GN_V0.1UIR-ADR_410,2
50206190091,3,32736.0,2019-01-25,5,1910,3,0,6,2,1,0,509,0,0,0,30,2,1,1,1,4,1,1,1,0,0,0,1,1,0,,3,13.0,04,1.0,0.0,1.0,0.0,1.0,3.0,10,2.0,1.0,1.0,"-668487,794","-1045490,432","-668487,794","-1045490,432","-668489,775","-1045486,85",ChlumecnadCidlinou,PalackÈho,,silnice3.t¯Ìdy,32736,3278973,,OpaËn˝kesmÏru˙seku,Pomal˝,570109.0,132535.0,GN_V0.1UIR-ADR_410,1
50206190092,2,298.0,2019-01-26,6,730,3,0,4,2,1,2,204,0,0,0,120,2,6,1,5,2,1,1,1,0,0,0,3,1,0,,3,32.0,01,1.0,0.0,1.0,0.0,1.0,3.0,100,2.0,1.0,1.0,"-626749,87","-1043663,725","-626775,116","-1043677,153","-626775,085","-1043677,173",,,,silnice2.t¯Ìdy,298,1677848,,Souhlasn˝sesmÏrem˙seku,Pomal˝,571041.0,,GN_V0.1UIR-ADR_410,2
50206190093,3,29912.0,2019-01-26,6,838,9,0,0,2,1,2,204,0,0,0,220,2,6,1,5,1,1,1,1,0,0,0,2,1,0,,3,7.0,01,1.0,0.0,1.0,0.0,1.0,1.0,200,2.0,1.0,1.0,"-640534,082","-1039586,171","-640534,082","-1039586,171","-640537,634","-1039584,925",HradecKr·lovÈ,Jana»ernÈho,,silnice3.t¯Ìdy,29912,260604,,Souhlasn˝sesmÏrem˙seku,Pomal˝,569810.0,131857.0,GN_V0.1UIR-ADR_410,1
50206190094,3,32736.0,2019-01-26,6,1130,3,0,1,2,1,2,204,0,0,0,210,2,6,1,5,1,1,1,1,0,0,0,3,1,0,,3,47.0,98,1.0,1.0,1.0,0.0,1.0,1.0,200,2.0,1.0,1.0,"-669784,389","-1046675,134","-669816,616","-1046697,156","-669816,163","-1046697,899",,,,silnice3.t¯Ìdy,32736,3393440,,Souhlasn˝sesmÏrem˙seku,Pomal˝,570524.0,,GN_V0.1UIR-ADR_410,2
50206190095,3,32439.0,2019-01-26,6,1150,9,0,0,2,1,2,204,0,0,0,201,2,8,1,5,1,1,1,3,0,0,0,1,1,0,,3,47.0,95,1.0,1.0,1.0,0.0,1.0,1.0,200,2.0,1.0,1.0,"-653565,853","-1035181,979","-653565,853","-1035181,979","-653562,197","-1035181,214",,,,silnice3.t¯Ìdy,32439,3087864,,Souhlasn˝sesmÏrem˙seku,Pomal˝,570451.0,,GN_V0.1UIR-ADR_410,2
50206190096,1,31.0,2019-01-26,6,1225,1,3,0,2,1,2,516,0,0,0,200,2,3,1,5,1,1,1,1,2,0,0,5,2,19,1.0,3,31.0,07,1.0,0.0,1.0,0.0,1.0,21.0,100,2.0,1.0,1.0,"-641818,372","-1043040,3","-641818,91","-1043026,335","-641819,04","-1043026,714",HradecKr·lovÈ,Sokolsk·,,silnice1.t¯Ìdy,31,1673721,,Souhlasn˝sesmÏrem˙seku,Pomal˝,569810.0,130516.0,GN_V0.1UIR-ADR_410,1
50206190097,6,,2019-01-26,6,1260,2,0,0,2,1,0,508,0,0,0,200,2,8,1,5,1,1,1,1,3,3,0,5,2,10,6.0,17,,XX,,,,,,,0,,,,"-639881,75","-1041936,069","-639881,75","-1041936,069","-639879,739","-1041934,965",HradecKr·lovÈ,Orlick·,,mÌstnÌkomunikace,,269396,,OpaËn˝kesmÏru˙seku,Pomal˝,569810.0,129739.0,GN_V0.1UIR-ADR_410,1
50206190098,6,,2019-01-27,0,1440,3,0,6,2,1,2,505,0,0,0,10,1,3,1,1,1,1,1,1,3,3,10,1,1,0,,3,47.0,15,3.0,0.0,1.0,0.0,1.0,5.0,0,3.0,1.0,1.0,"-640742,592","-1041470,195","-640742,592","-1041470,195","-640745,67","-1041469,399",HradecKr·lovÈ,AkademikaBedrny,,mÌstnÌkomunikace,,2608662,,Souhlasn˝sesmÏrem˙seku,Pomal˝,569810.0,126586.0,GN_V0.1UIR-ADR_410,1