IDENTIFIKA»NÕ »ÕSLO,DRUH POZEMNÕ KOMUNIKACE,»ÕSLO POZEMNÕ KOMUNIKACE,"den, mÏsÌc, rok",,Ëas ,DRUH NEHODY,DRUH SR¡éKY JEDOUCÕCH VOZIDEL,DRUH PEVN… PÿEK¡éKY,CHARAKTER NEHODY,ZAVINÃNÕ NEHODY,ALKOHOL U VINÕKA NEHODY PÿÕTOMEN,HLAVNÕ PÿÕ»INY NEHODY,usmrceno osob,tÏûce zranÏno osob,lehce zranÏno osob,CELKOV¡ HMOTN¡ äKODA,DRUH POVRCHU VOZOVKY,STAV POVRCHU VOZOVKY V DOBÃ NEHODY,STAV KOMUNIKACE,POVÃTRNOSTNÕ PODMÕNKY V DOBÃ NEHODY,VIDITELNOST,ROZHLEDOV… POMÃRY,DÃLENÕ KOMUNIKACE,SITUOV¡NÕ NEHODY NA KOMUNIKACI,ÿÕZENÕ PROVOZU V DOBÃ NEHODY,MÕSTNÕ ⁄PRAVA PÿEDNOSTI V JÕZDÃ,SPECIFICK¡ MÕSTA A OBJEKTY V MÕSTÃ NEHODY,SMÃROV… POMÃRY,PO»ET Z⁄»ASTNÃN›CH VOZIDEL,MÕSTO DOPRAVNÕ NEHODY,DRUH KÿIéUJÕCÕ KOMUNIKACE,DRUH VOZIDLA,V›ROBNÕ ZNA»KA MOTOROV…HO VOZIDLA,ROK V›ROBY VOZIDLA,CHARAKTERISTIKA VOZIDLA ,SMYK,VOZIDLO PO NEHODÃ,"⁄NIK PROVOZNÕCH, PÿEPRAVOVAN›CH HMOT",ZPŸSOB VYPROäTÃNÕ OSOB Z VOZIDLA,SMÃR JÕZDY NEBO POSTAVENÕ VOZIDLA,äKODA NA VOZIDLE,KATEGORIE ÿIDI»E,STAV ÿIDI»E,VNÃJäÕ OVLIVNÃNÕ ÿIDI»E,nan.1,nan.2,nan.3,nan.4,nan.5,nan.6,nan.7,nan.8,nan.9,nan.10,nan.11,nan.12,nan.13,nan.14,nan.15,nan.16,nan.17,nan.18,LOKALITA NEHODY
50206190099,6,,2019-01-27,0,1505,1,1,0,2,1,2,405,0,0,0,1350,2,3,1,1,1,1,0,1,2,0,2,4,2,10,6.0,3,39.0,02,1.0,0.0,0.0,0.0,1.0,5.0,250,2.0,1.0,1.0,"-640850,037","-1041370,111","-640852,723","-1041363,129","-640852,192","-1041363,294",HradecKr·lovÈ,AkademikaBedrny,,mÌstnÌkomunikace,,3069236,,,Pomal˝,569810.0,126586.0,GN_V0.1UIR-ADR_410,1
50206190100,6,,2019-01-26,6,2560,2,0,0,2,1,0,505,0,0,0,200,2,3,1,1,4,1,1,1,0,0,10,1,2,0,,17,,XX,,,,,,,0,,,,"-641530,627","-1042108,238","-641530,627","-1042108,238","-641529,568","-1042094,094",HradecKr·lovÈ,Masarykovon·mÏstÌ,,mÌstnÌkomunikace,,269661,,,Pomal˝,569810.0,128899.0,GN_V0.1UIR-ADR_410,1
50206190101,6,,2019-01-29,2,1012,4,0,0,1,1,2,504,0,0,1,0,1,1,1,1,1,1,0,6,0,0,0,1,1,0,,3,35.0,09,1.0,0.0,0.0,0.0,1.0,5.0,0,2.0,1.0,1.0,"-641703,637","-1041823,407","-641703,637","-1041823,407","-641700,987","-1041817,807",HradecKr·lovÈ,t¯ÌdaKarlaIV.,,mÌstnÌkomunikace,,743973,,Souhlasn˝sesmÏrem˙seku,Pomal˝,569810.0,127302.0,GN_V0.1UIR-ADR_410,1
50206190102,6,,2019-01-29,2,2560,2,0,0,2,1,0,516,0,0,0,200,2,1,1,1,4,1,1,1,0,0,0,1,2,0,,17,,XX,,,,,,,0,,,,"-641470,277","-1042381,272","-641470,277","-1042381,272","-641473,402","-1042378,885",HradecKr·lovÈ,Tylovon·b¯eûÌ,,mÌstnÌkomunikace,,1579486,,,Pomal˝,569810.0,131024.0,GN_V0.1UIR-ADR_410,1
50206190103,3,29827.0,2019-01-30,3,650,6,0,0,2,4,0,100,0,0,0,100,2,1,1,1,6,1,1,1,0,0,0,1,1,0,,3,39.0,13,3.0,0.0,1.0,0.0,1.0,1.0,80,2.0,1.0,1.0,"-635402,33","-1042677,766","-635394,81","-1042684,212","-635394,416","-1042683,76",,,,silnice3.t¯Ìdy,29827,3190507,,OpaËn˝kesmÏru˙seku,Pomal˝,569810.0,126853.0,GN_V0.1UIR-ADR_410,2
50206190104,2,308.0,2019-01-30,3,803,1,2,0,2,1,2,502,0,0,0,900,2,1,1,1,1,1,1,1,0,0,10,1,2,0,,5,11.0,13,3.0,0.0,1.0,0.0,1.0,1.0,600,3.0,1.0,1.0,"-633112,349","-1037387,509","-633130,672","-1037346,551","-633130,47","-1037347,229",»ernilov,,,silnice2.t¯Ìdy,308,1206400,,OpaËn˝kesmÏru˙seku,Pomal˝,569917.0,,GN_V0.1UIR-ADR_410,1
50206190105,2,323.0,2019-01-30,3,1115,3,0,2,2,1,2,510,0,0,0,745,2,1,1,1,1,1,1,1,0,0,0,2,1,0,,3,47.0,14,3.0,0.0,0.0,0.0,1.0,1.0,600,2.0,1.0,1.0,"-655298,682","-1044547,543","-655298,682","-1044547,543","-655296,672","-1044547,858",Roudnice,,,silnice2.t¯Ìdy,323,3113252,,Souhlasn˝sesmÏrem˙seku,Pomal˝,570745.0,,GN_V0.1UIR-ADR_410,1
50206190106,6,,2019-01-31,4,1000,3,0,1,2,1,2,204,0,0,0,101,2,3,1,1,1,1,1,8,0,0,0,1,1,0,,5,32.0,15,3.0,0.0,1.0,0.0,1.0,5.0,100,2.0,1.0,1.0,,,"-636825,463","-1041892,5","-636825,656","-1041892,523",,,,mÌstnÌkomunikace,,1398944,,Souhlasn˝sesmÏrem˙seku,Pomal˝,569810.0,130982.0,GN_V0.1UIR-ADR_410,2
50206190107,7,,2019-01-31,4,1005,3,0,6,2,1,2,508,0,0,0,50,2,1,1,1,1,1,0,0,0,0,0,1,1,0,,3,39.0,15,12.0,0.0,1.0,0.0,1.0,5.0,50,2.0,1.0,1.0,"-641118,974","-1042580,715","-641118,974","-1042580,715","-641125,299","-1042617,229",HradecKr·lovÈ,Ign·taHerrmanna,,mÌstnÌkomunikace,,3402924,,,Pomal˝,569810.0,127779.0,GN_V0.1UIR-ADR_410,1
50206190108,2,324.0,2019-01-31,4,1445,3,0,1,2,1,2,508,0,0,0,170,2,1,1,1,1,1,1,8,0,0,0,2,1,0,,3,39.0,02,1.0,0.0,1.0,0.0,1.0,1.0,150,2.0,1.0,1.0,"-648194,955","-1038780,436","-648194,955","-1038780,436","-648191,658","-1038779,906",,,,silnice2.t¯Ìdy,324,1206815,,OpaËn˝kesmÏru˙seku,Pomal˝,569984.0,,GN_V0.1UIR-ADR_410,2
50206190109,6,,2019-01-31,4,1810,3,0,6,2,1,2,508,0,0,0,900,2,1,1,1,4,1,1,1,0,0,0,3,2,0,,3,13.0,06,1.0,0.0,0.0,1.0,1.0,5.0,200,4.0,1.0,1.0,"-641936,91","-1041650,469","-641936,91","-1041650,469","-641933,321","-1041634,823",HradecKr·lovÈ,Ho¯ick·,,mÌstnÌkomunikace,,1861802,,OpaËn˝kesmÏru˙seku,Pomal˝,569810.0,127655.0,GN_V0.1UIR-ADR_410,1
50206190110,3,29827.0,2019-01-31,4,2258,5,0,0,2,4,0,100,0,0,0,600,2,6,1,6,6,4,1,1,0,0,0,2,1,0,,3,39.0,09,1.0,1.0,1.0,0.0,1.0,5.0,600,2.0,1.0,5.0,"-631691,678","-1045215,355","-631697,586","-1045223,95","-631697,939","-1045224,091",,,,silnice3.t¯Ìdy,29827,1582012,,Souhlasn˝sesmÏrem˙seku,Pomal˝,571041.0,,GN_V0.1UIR-ADR_410,2
50406190001,2,281.0,2019-01-01,2,1700,0,0,0,1,1,2,508,0,0,1,0,2,3,1,3,4,1,0,8,0,0,0,2,1,0,,3,39.0,09,3.0,0.0,0.0,0.0,1.0,1.0,0,2.0,1.0,1.0,"-683894,948","-1008160,833","-683894,948","-1008160,833","-683900,29","-1008158,533",Sobotka,n·mÏstÌMÌru,,silnice2.t¯Ìdy,281,184003,,Souhlasn˝sesmÏrem˙seku,Pomal˝,573493.0,168190.0,GN_V0.1UIR-ADR_410,1
50406190002,3,32840.0,2019-01-02,3,1820,3,0,1,1,1,2,204,0,0,1,600,2,3,1,1,6,1,1,1,0,0,0,3,1,0,,3,7.0,14,1.0,0.0,1.0,0.0,1.0,1.0,600,3.0,1.0,1.0,"-670077,357","-1016911,716","-670077,357","-1016911,716","-670079,795","-1016911,169",,,,silnice3.t¯Ìdy,32840,2301227,,Souhlasn˝sesmÏrem˙seku,Pomal˝,573752.0,,GN_V0.1UIR-ADR_410,2
50406190003,1,16.0,2019-01-03,4,1330,1,3,0,2,1,0,305,0,0,0,400,2,3,1,5,3,1,2,3,0,0,0,3,2,0,,17,,XX,,,,,,,0,,,,"-682432,147","-1008839,954","-682432,147","-1008839,954","-682424,782","-1008822,017",,,,silnice1.t¯Ìdy,16,1456066,,Souhlasn˝sesmÏrem˙seku,Pomal˝,573493.0,,GN_V0.1UIR-ADR_410,2
50406190004,2,502.0,2019-01-03,4,1415,1,1,0,1,1,2,204,0,0,1,700,2,3,1,5,3,1,1,1,3,3,0,4,2,11,2.0,3,32.0,04,1.0,1.0,1.0,1.0,1.0,11.0,300,2.0,1.0,1.0,"-671783,375","-1013510,615","-671783,375","-1013510,615","-671788,401","-1013510,841",JiËÌn,17.listopadu,,silnice2.t¯Ìdy,502,750901,,OpaËn˝kesmÏru˙seku,Pomal˝,572659.0,164143.0,GN_V0.1UIR-ADR_410,1
50406190005,1,32.0,2019-01-03,4,1540,1,1,0,1,1,2,304,0,0,1,1000,2,3,1,1,1,1,1,1,0,0,0,1,2,0,,3,41.0,04,1.0,0.0,1.0,1.0,1.0,1.0,500,3.0,1.0,1.0,"-674851,895","-1021067,66","-674851,895","-1021067,66","-674853,976","-1021064,806",,,,silnice1.t¯Ìdy,32,3293011,,Souhlasn˝sesmÏrem˙seku,Pomal˝,573001.0,,GN_V0.1UIR-ADR_410,2
50406190006,6,,2019-01-03,4,1610,1,3,0,2,1,0,204,0,0,0,50,2,3,1,5,2,1,1,1,3,5,0,4,2,10,6.0,3,39.0,05,1.0,1.0,1.0,0.0,1.0,5.0,0,9.0,,,"-660352,021","-1009126,258","-660352,021","-1009126,258","-660347,693","-1009119,842",Nov·Paka,NaCihl·¯ce,,mÌstnÌkomunikace,,2589422,,OpaËn˝kesmÏru˙seku,Pomal˝,573248.0,167118.0,GN_V0.1UIR-ADR_410,1
50406190007,6,,2019-01-03,4,1948,2,0,0,2,1,0,508,0,0,0,600,2,5,1,1,4,1,1,0,0,0,0,1,3,0,,3,4.0,98,1.0,1.0,1.0,0.0,1.0,5.0,100,2.0,1.0,1.0,"-671364,304","-1013362,656","-671364,304","-1013362,656","-671362,174","-1013358,648",JiËÌn,Husova,,mÌstnÌkomunikace,,198039,,OpaËn˝kesmÏru˙seku,Pomal˝,572659.0,164402.0,GN_V0.1UIR-ADR_410,1
50406190008,3,28431.0,2019-01-04,5,640,9,0,0,1,1,2,204,0,0,1,1100,2,5,1,6,4,1,1,1,0,0,0,2,1,0,,3,13.0,96,1.0,1.0,1.0,0.0,1.0,1.0,200,2.0,1.0,1.0,"-656073,435","-1022119,874","-656073,435","-1022119,874","-656069,371","-1022113,444",CHODOVICE,,,silnice3.t¯Ìdy,28431,2300716,,Souhlasn˝sesmÏrem˙seku,Pomal˝,572918.0,,GN_V0.1UIR-ADR_410,1
50406190009,3,28425.0,2019-01-04,5,1515,1,2,0,1,1,2,204,0,0,1,2300,2,5,1,6,3,1,1,1,0,0,0,3,2,0,,3,47.0,10,1.0,1.0,1.0,1.0,1.0,1.0,800,2.0,1.0,1.0,"-659216,653","-1009237,379","-659216,653","-1009237,379","-659209,174","-1009234,279",Nov·Paka,Partyz·nsk·,,silnice3.t¯Ìdy,28425,186929,,OpaËn˝kesmÏru˙seku,Pomal˝,573248.0,167231.0,GN_V0.1UIR-ADR_410,1
50406190010,1,16.0,2019-01-06,0,1114,1,4,0,2,1,2,305,0,0,0,210,2,1,1,1,1,1,1,1,0,0,0,1,2,0,,3,39.0,11,1.0,0.0,1.0,0.0,1.0,1.0,200,4.0,1.0,1.0,"-683770,108","-1008631,804","-683770,108","-1008631,804","-683770,231","-1008622,761",,,,silnice1.t¯Ìdy,16,775507,,Souhlasn˝sesmÏrem˙seku,Pomal˝,573493.0,,GN_V0.1UIR-ADR_410,2
50406190011,6,,2019-01-07,1,1805,4,0,0,1,1,2,205,0,0,1,150,2,3,1,5,4,1,0,1,0,0,0,2,1,0,,8,78.0,14,2.0,1.0,0.0,0.0,1.0,5.0,150,4.0,1.0,1.0,"-671751,729","-1013209,703","-671751,729","-1013209,703","-671755,041","-1013207,559",JiËÌn,äafa¯Ìkova,,mÌstnÌkomunikace,,710015,,Souhlasn˝sesmÏrem˙seku,Pomal˝,572659.0,165069.0,GN_V0.1UIR-ADR_410,1
50406190012,1,16.0,2019-01-07,1,1149,1,1,0,2,1,0,516,0,0,0,100,2,3,1,1,1,1,1,1,0,0,0,1,2,0,,17,,XX,,,,,,,0,,,,"-661525,199","-1011193,38","-661525,199","-1011193,38","-661529,617","-1011189,25",,,,silnice1.t¯Ìdy,16,1400236,,OpaËn˝kesmÏru˙seku,Pomal˝,573248.0,,GN_V0.1UIR-ADR_410,2
50406190013,2,501.0,2019-01-08,2,1410,1,2,0,1,1,2,405,0,0,1,1900,2,3,1,1,1,1,1,1,3,3,0,5,3,19,3.0,3,7.0,09,1.0,0.0,1.0,0.0,1.0,13.0,400,2.0,1.0,1.0,"-682438,828","-1018097,891","-682438,828","-1018097,891","-682436,865","-1018098,436",StarÈHrady,,,silnice2.t¯Ìdy,501,1197481,,OpaËn˝kesmÏru˙seku,Pomal˝,530735.0,,GN_V0.1UIR-ADR_410,1
50406190014,3,28031.0,2019-01-09,3,835,3,0,1,1,1,2,204,0,0,1,255,2,3,5,3,1,1,1,1,0,0,0,1,1,0,,3,39.0,99,1.0,1.0,1.0,0.0,1.0,1.0,250,2.0,1.0,1.0,"-682803,678","-1022146,878","-682803,678","-1022146,878","-682801,821","-1022143,693",,,,silnice3.t¯Ìdy,28031,1676774,,OpaËn˝kesmÏru˙seku,Pomal˝,573108.0,,GN_V0.1UIR-ADR_410,2
50406190015,6,,2019-01-08,2,2560,2,0,0,2,1,0,508,0,0,0,150,1,3,1,3,1,1,1,1,0,0,10,1,2,0,,17,,XX,,,,,,,0,,,,"-671626,579","-1013267,029","-671626,579","-1013267,029","-671625,723","-1013267,088",JiËÌn,Jungmannova,,mÌstnÌkomunikace,,3097754,,OpaËn˝kesmÏru˙seku,Pomal˝,572659.0,164534.0,GN_V0.1UIR-ADR_410,1
50406190016,2,502.0,2019-01-09,3,1340,1,3,0,2,1,2,403,0,0,0,130,2,3,1,1,1,1,1,1,3,3,0,7,2,19,3.0,3,9.0,00,1.0,0.0,1.0,0.0,1.0,42.0,120,2.0,1.0,1.0,"-672316,183","-1012630,075","-672319,422","-1012625,217","-672319,422","-1012625,219",JiËÌn,NaTobolce,,silnice2.t¯Ìdy,502,2597862,,Souhlasn˝sesmÏrem˙seku,Pomal˝,572659.0,,GN_V0.1UIR-ADR_410,1
50406190017,3,32840.0,2019-01-10,4,630,1,2,0,2,1,0,501,0,0,0,100,2,3,1,1,4,3,1,1,0,0,0,3,2,0,,17,,XX,,,,,,,0,,,,"-670448,738","-1017552,944","-670441,18","-1017537,29","-670440,741","-1017538,592",VitinÏves,,,silnice3.t¯Ìdy,32840,2301062,,OpaËn˝kesmÏru˙seku,Pomal˝,573752.0,,GN_V0.1UIR-ADR_410,1
50406190018,1,32.0,2019-01-10,4,650,9,0,0,2,1,2,508,0,0,0,200,2,1,1,1,6,1,1,1,3,3,0,5,1,11,2.0,7,35.0,02,9.0,0.0,1.0,0.0,1.0,13.0,0,3.0,1.0,1.0,"-674963,531","-1021145,916","-674963,531","-1021145,916","-674963,727","-1021145,652",,,,silnice1.t¯Ìdy,32,1263036,,Souhlasn˝sesmÏrem˙seku,Pomal˝,573001.0,,GN_V0.1UIR-ADR_410,2
50406190019,6,,2019-01-10,4,1050,9,0,0,2,1,2,508,0,0,0,200,5,3,1,1,1,1,1,1,0,0,0,1,1,0,,3,35.0,08,1.0,0.0,1.0,0.0,1.0,5.0,100,2.0,5.0,1.0,"-647167,452","-1027754,967","-647167,452","-1027754,967","-647171,897","-1027785,739",CerekvicenadByst¯icÌ,,,mÌstnÌkomunikace,,1202177,,Souhlasn˝sesmÏrem˙seku,Pomal˝,572781.0,,GN_V0.1UIR-ADR_410,1
50406190020,6,,2019-01-12,6,145,3,0,9,2,1,9,204,0,0,0,350,2,8,1,1,4,1,1,1,3,3,0,5,1,10,6.0,3,47.0,09,1.0,0.0,1.0,0.0,1.0,5.0,100,2.0,5.0,1.0,"-682096,331","-1018729,649","-682096,331","-1018729,649","-682093,35","-1018725,792",Lib·Ú,T.G.Masaryka,,mÌstnÌkomunikace,,209905,,Souhlasn˝sesmÏrem˙seku,Pomal˝,573108.0,165964.0,GN_V0.1UIR-ADR_410,1
50406190021,1,35.0,2019-01-12,6,1310,1,2,0,1,1,2,501,0,0,1,1900,2,3,1,1,1,1,1,1,1,0,0,3,2,0,,5,26.0,18,3.0,0.0,0.0,0.0,1.0,1.0,800,2.0,1.0,1.0,"-665718,82","-1014376,596","-665718,82","-1014376,596","-665712,046","-1014372,367",⁄libice,,,silnice1.t¯Ìdy,35,1458576,,Souhlasn˝sesmÏrem˙seku,Pomal˝,573698.0,,GN_V0.1UIR-ADR_410,1
50406190022,6,,2019-01-12,6,1250,2,0,0,2,1,0,508,0,0,0,100,2,3,1,1,1,1,1,1,3,3,0,5,2,10,6.0,17,,XX,,,,,,,0,,,,"-656224,042","-1021835,438","-656224,042","-1021835,438","-656222,957","-1021833,814",Holovousy,,,mÌstnÌkomunikace,,3309936,,OpaËn˝kesmÏru˙seku,Pomal˝,572918.0,,GN_V0.1UIR-ADR_410,1
50406190023,3,28421.0,2019-01-13,0,1000,1,2,0,2,1,2,205,0,0,0,700,2,8,1,3,1,1,1,1,3,5,0,5,2,11,6.0,17,,XX,,,,,,,0,,,,"-655649,546","-1006733,067","-655645,767","-1006731,987","-655645,576","-1006731,905",Vidochov,,,silnice3.t¯Ìdy,28421,1191544,,OpaËn˝kesmÏru˙seku,Pomal˝,573736.0,,GN_V0.1UIR-ADR_410,1
50406190024,1,16.0,2019-01-13,0,1725,5,0,0,2,4,0,100,0,0,0,235,2,3,1,4,6,1,1,1,0,0,0,1,1,0,,3,39.0,18,1.0,0.0,0.0,0.0,1.0,1.0,200,3.0,1.0,1.0,"-657396,45","-1006739,023","-657396,45","-1006739,023","-657401,294","-1006731,714",,,,silnice1.t¯Ìdy,16,1400286,,OpaËn˝kesmÏru˙seku,Pomal˝,573248.0,,GN_V0.1UIR-ADR_410,2
50406190025,1,16.0,2019-01-14,1,1250,1,1,0,1,1,2,304,0,0,2,3100,2,6,1,6,1,1,1,1,0,0,0,3,3,0,,3,39.0,07,1.0,1.0,0.0,0.0,2.0,1.0,1100,2.0,1.0,1.0,"-655260,341","-1005415,704","-655260,341","-1005415,704","-655260,933","-1005414,135",,,,silnice1.t¯Ìdy,16,1759086,,OpaËn˝kesmÏru˙seku,Pomal˝,573736.0,,GN_V0.1UIR-ADR_410,2
50406190026,3,32842.0,2019-01-14,1,1800,3,0,1,1,1,2,204,0,0,1,200,2,6,1,6,7,1,1,8,0,0,0,1,1,0,,3,39.0,14,1.0,1.0,1.0,0.0,1.0,3.0,200,2.0,1.0,1.0,"-666362,202","-1014497,206","-666362,202","-1014497,206","-666365,019","-1014495,116",,,,silnice3.t¯Ìdy,32842,3346167,,Souhlasn˝sesmÏrem˙seku,Pomal˝,573698.0,,GN_V0.1UIR-ADR_410,2
50406190027,1,35.0,2019-01-14,1,1810,3,0,4,2,1,2,204,0,0,0,700,2,6,1,6,6,1,1,1,0,0,0,1,1,0,,3,21.0,04,3.0,1.0,1.0,0.0,1.0,1.0,500,2.0,1.0,1.0,"-664763,148","-1015887,848","-664763,148","-1015887,848","-664758,743","-1015885,028",,,,silnice1.t¯Ìdy,35,2301457,,Souhlasn˝sesmÏrem˙seku,Pomal˝,573159.0,,GN_V0.1UIR-ADR_410,2
50406190028,6,,2019-01-14,1,1800,2,0,0,2,1,2,204,0,0,0,600,2,6,1,6,4,1,1,1,0,0,0,1,2,0,,3,25.0,98,1.0,1.0,1.0,0.0,1.0,5.0,200,2.0,1.0,1.0,"-671690,053","-1013474,86","-671690,053","-1013474,86","-671683,279","-1013467,962",JiËÌn,17.listopadu,,mÌstnÌkomunikace,,1861313,,OpaËn˝kesmÏru˙seku,Pomal˝,572659.0,,GN_V0.1UIR-ADR_410,1
50406190029,1,16.0,2019-01-15,2,900,1,1,0,2,1,0,516,0,0,0,700,2,3,1,5,3,1,1,1,0,0,0,1,2,0,,17,,XX,,,,,,,0,,,,"-670079,684","-1014201,167","-670079,684","-1014201,167","-670084,203","-1014192,552",,,,silnice1.t¯Ìdy,16,1458571,,Souhlasn˝sesmÏrem˙seku,Pomal˝,572659.0,,GN_V0.1UIR-ADR_410,2
50406190030,2,502.0,2019-01-15,2,1930,0,0,0,1,1,2,412,0,0,1,300,2,3,1,4,5,1,1,6,3,3,1,4,1,19,6.0,3,39.0,08,1.0,0.0,1.0,0.0,1.0,19.0,300,2.0,1.0,1.0,"-671971,072","-1013334,956","-671971,072","-1013334,956","-671970,961","-1013331,763",JiËÌn,17.listopadu,,silnice2.t¯Ìdy,502,3265136,,Souhlasn˝sesmÏrem˙seku,Pomal˝,572659.0,164143.0,GN_V0.1UIR-ADR_410,1
50406190031,3,3002.0,2019-01-15,2,2560,2,0,0,2,1,0,508,0,0,0,150,2,3,1,0,1,1,1,1,3,5,0,1,2,0,,17,,XX,,,,,,,0,,,,"-653700,131","-1023072,55","-653700,131","-1023072,55","-653700,032","-1023072,133",Ho¯ice,HavlÌËkova,,silnice3.t¯Ìdy,3002,2589171,,Souhlasn˝sesmÏrem˙seku,Pomal˝,572926.0,163490.0,GN_V0.1UIR-ADR_410,1
50406190032,1,32.0,2019-01-16,3,1830,5,0,0,2,4,0,100,0,0,0,100,2,1,1,1,6,1,1,1,3,5,0,1,1,0,,3,2.0,15,1.0,0.0,0.0,0.0,1.0,1.0,100,2.0,1.0,1.0,"-676368,93","-1021693,226","-676368,93","-1021693,226","-676369,821","-1021689,814",,,,silnice1.t¯Ìdy,32,1328459,,OpaËn˝kesmÏru˙seku,Pomal˝,573060.0,,GN_V0.1UIR-ADR_410,2
50406190033,6,,2019-01-18,5,900,3,0,9,2,1,2,204,0,0,0,250,2,8,1,1,1,1,1,1,0,0,0,3,1,0,,3,39.0,04,1.0,1.0,1.0,0.0,1.0,5.0,100,2.0,1.0,1.0,"-681270,969","-1008858,636","-681270,969","-1008858,636","-681269,191","-1008858,186",Samöina-Plhov,,,mÌstnÌkomunikace,,1192431,,Souhlasn˝sesmÏrem˙seku,Pomal˝,573442.0,,GN_V0.1UIR-ADR_410,1
50406190034,1,16.0,2019-01-18,5,1950,5,0,0,2,4,0,100,0,0,0,600,2,1,1,1,6,1,2,1,0,0,0,3,1,0,,3,47.0,15,3.0,0.0,1.0,0.0,1.0,1.0,600,2.0,1.0,1.0,"-657802,402","-1007010,706","-657802,402","-1007010,706","-657809,298","-1006998,92",,,,silnice1.t¯Ìdy,16,1400478,,OpaËn˝kesmÏru˙seku,Pomal˝,573248.0,,GN_V0.1UIR-ADR_410,2
50406190035,2,284.0,2019-01-18,5,2304,2,0,0,2,1,9,508,0,0,0,2000,2,1,1,1,4,1,1,1,0,0,0,1,2,0,,3,26.0,08,1.0,0.0,1.0,0.0,1.0,1.0,700,2.0,5.0,1.0,"-655485,139","-1016028,699","-655485,139","-1016028,699","-655483,325","-1016021,516",L·znÏBÏlohrad,L·zeÚsk·,,silnice2.t¯Ìdy,284,3229587,,OpaËn˝kesmÏru˙seku,Pomal˝,573094.0,165701.0,GN_V0.1UIR-ADR_410,1
50406190036,8,,2019-01-19,6,40,2,0,0,2,1,2,508,0,0,0,120,2,1,1,1,4,1,1,1,0,0,0,1,2,0,,3,47.0,98,1.0,0.0,1.0,0.0,1.0,5.0,50,2.0,1.0,1.0,"-671081,18","-1012701,52","-671081,18","-1012701,52","-671075,083","-1012696,948",JiËÌn,,,mÌstnÌkomunikace,,1455085,,OpaËn˝kesmÏru˙seku,Pomal˝,572659.0,,GN_V0.1UIR-ADR_410,1
50406190037,2,501.0,2019-01-19,6,820,1,2,0,2,1,2,306,0,0,0,1300,2,1,1,1,1,1,1,1,3,3,0,5,2,19,6.0,3,44.0,12,3.0,0.0,1.0,0.0,1.0,12.0,1100,2.0,1.0,1.0,"-663179,151","-1013981,584","-663179,151","-1013981,584","-663176,981","-1013975,787",,,,silnice2.t¯Ìdy,501,3087663,,Souhlasn˝sesmÏrem˙seku,Pomal˝,573159.0,,GN_V0.1UIR-ADR_410,2
50406190038,2,300.0,2019-01-19,6,1645,5,0,0,2,4,0,100,0,0,0,150,2,1,1,1,2,3,1,1,0,0,0,3,1,0,,3,8.0,13,1.0,0.0,1.0,0.0,1.0,3.0,100,2.0,1.0,1.0,"-651619,314","-1021043,372","-651619,314","-1021043,372","-651619,93","-1021036,136",,,,silnice2.t¯Ìdy,300,1677878,,OpaËn˝kesmÏru˙seku,Pomal˝,572926.0,,GN_V0.1UIR-ADR_410,2
50406190039,3,32748.0,2019-01-20,0,125,9,0,0,2,1,2,205,0,0,0,100,2,1,6,1,6,3,1,1,3,3,0,5,1,19,6.0,3,13.0,01,3.0,1.0,1.0,0.0,1.0,12.0,100,2.0,1.0,1.0,"-666152,069","-1024935,821","-666152,069","-1024935,821","-666154,168","-1024932,802",,,,silnice3.t¯Ìdy,32748,1676769,,Souhlasn˝sesmÏrem˙seku,Pomal˝,573809.0,,GN_V0.1UIR-ADR_410,2
50406190040,1,16.0,2019-01-20,0,1508,1,4,0,1,1,2,503,0,0,1,2100,2,1,1,1,1,1,1,1,0,0,0,1,4,0,,3,39.0,10,1.0,0.0,0.0,1.0,1.0,1.0,600,2.0,1.0,1.0,"-664963,97","-1013399,725","-664963,97","-1013399,725","-664965,478","-1013394,291",,,,silnice1.t¯Ìdy,16,1330080,,OpaËn˝kesmÏru˙seku,Pomal˝,573698.0,,GN_V0.1UIR-ADR_410,2
50406190041,2,284.0,2019-01-20,0,1700,5,0,0,2,4,0,100,0,0,0,650,2,1,1,1,2,4,1,1,0,0,0,3,1,0,,3,39.0,18,1.0,0.0,0.0,0.0,1.0,1.0,600,2.0,1.0,1.0,"-653832,285","-1016287,645","-653832,285","-1016287,645","-653832,861","-1016284,566",,,,silnice2.t¯Ìdy,284,204971,,OpaËn˝kesmÏru˙seku,Pomal˝,573094.0,,GN_V0.1UIR-ADR_410,2
50406190042,3,2819.0,2019-01-21,1,735,4,0,0,1,1,2,508,0,0,1,200,2,1,1,1,2,1,1,1,3,3,0,5,1,11,3.0,3,47.0,14,3.0,0.0,0.0,0.0,1.0,11.0,200,2.0,1.0,1.0,"-674891,808","-1005881,451","-674891,808","-1005881,451","-674885,132","-1005884,59",LibuÚ,,,silnice3.t¯Ìdy,2819,3380640,,Souhlasn˝sesmÏrem˙seku,Pomal˝,573124.0,,GN_V0.1UIR-ADR_410,1