IDENTIFIKA»NÕ »ÕSLO,DRUH POZEMNÕ KOMUNIKACE,»ÕSLO POZEMNÕ KOMUNIKACE,"den, mÏsÌc, rok",,Ëas ,DRUH NEHODY,DRUH SR¡éKY JEDOUCÕCH VOZIDEL,DRUH PEVN… PÿEK¡éKY,CHARAKTER NEHODY,ZAVINÃNÕ NEHODY,ALKOHOL U VINÕKA NEHODY PÿÕTOMEN,HLAVNÕ PÿÕ»INY NEHODY,usmrceno osob,tÏûce zranÏno osob,lehce zranÏno osob,CELKOV¡ HMOTN¡ äKODA,DRUH POVRCHU VOZOVKY,STAV POVRCHU VOZOVKY V DOBÃ NEHODY,STAV KOMUNIKACE,POVÃTRNOSTNÕ PODMÕNKY V DOBÃ NEHODY,VIDITELNOST,ROZHLEDOV… POMÃRY,DÃLENÕ KOMUNIKACE,SITUOV¡NÕ NEHODY NA KOMUNIKACI,ÿÕZENÕ PROVOZU V DOBÃ NEHODY,MÕSTNÕ ⁄PRAVA PÿEDNOSTI V JÕZDÃ,SPECIFICK¡ MÕSTA A OBJEKTY V MÕSTÃ NEHODY,SMÃROV… POMÃRY,PO»ET Z⁄»ASTNÃN›CH VOZIDEL,MÕSTO DOPRAVNÕ NEHODY,DRUH KÿIéUJÕCÕ KOMUNIKACE,DRUH VOZIDLA,V›ROBNÕ ZNA»KA MOTOROV…HO VOZIDLA,ROK V›ROBY VOZIDLA,CHARAKTERISTIKA VOZIDLA ,SMYK,VOZIDLO PO NEHODÃ,"⁄NIK PROVOZNÕCH, PÿEPRAVOVAN›CH HMOT",ZPŸSOB VYPROäTÃNÕ OSOB Z VOZIDLA,SMÃR JÕZDY NEBO POSTAVENÕ VOZIDLA,äKODA NA VOZIDLE,KATEGORIE ÿIDI»E,STAV ÿIDI»E,VNÃJäÕ OVLIVNÃNÕ ÿIDI»E,nan.1,nan.2,nan.3,nan.4,nan.5,nan.6,nan.7,nan.8,nan.9,nan.10,nan.11,nan.12,nan.13,nan.14,nan.15,nan.16,nan.17,nan.18,LOKALITA NEHODY
50406190043,1,16.0,2019-01-21,1,915,5,0,0,2,0,0,100,0,0,0,330,2,3,1,1,1,1,1,1,0,0,0,1,1,0,,3,13.0,11,2.0,0.0,0.0,0.0,1.0,1.0,300,2.0,1.0,1.0,"-663376,624","-1012706,51","-663376,624","-1012706,51","-663383,165","-1012703,183",,,,silnice1.t¯Ìdy,16,1262992,,OpaËn˝kesmÏru˙seku,Pomal˝,573159.0,,GN_V0.1UIR-ADR_410,2
50406190044,2,502.0,2019-01-21,1,1110,1,1,0,2,1,2,405,0,0,0,4500,2,1,1,1,1,1,1,1,3,3,5,5,2,11,2.0,3,4.0,16,3.0,0.0,0.0,1.0,1.0,11.0,1500,2.0,1.0,1.0,"-672362,494","-1014442,066","-672362,494","-1014442,066","-672366,82","-1014439,085",,,,silnice2.t¯Ìdy,502,3286814,,OpaËn˝kesmÏru˙seku,Pomal˝,572659.0,,GN_V0.1UIR-ADR_410,2
50406190045,1,16.0,2019-01-17,4,830,0,0,0,2,1,0,516,0,0,0,100,2,1,1,1,1,1,1,1,0,0,0,1,2,0,,5,19.0,16,3.0,0.0,1.0,0.0,1.0,1.0,0,3.0,1.0,1.0,"-681657,368","-1009264,673","-681657,368","-1009264,673","-681656,277","-1009262,968",,,,silnice1.t¯Ìdy,16,3388695,,Souhlasn˝sesmÏrem˙seku,Pomal˝,573493.0,,GN_V0.1UIR-ADR_410,2
50406190046,1,35.0,2019-01-23,3,724,1,3,0,2,1,0,305,0,0,0,1000,2,1,1,1,2,1,1,1,0,0,0,1,2,0,,17,,XX,,,,,,,0,,,,"-672473,751","-1008686,578","-672473,751","-1008686,578","-672466,16","-1008684,093",,,,silnice1.t¯Ìdy,35,1330005,,Souhlasn˝sesmÏrem˙seku,Pomal˝,573345.0,,GN_V0.1UIR-ADR_410,2
50406190047,3,28418.0,2019-01-23,3,1720,5,0,0,2,4,0,100,0,0,0,150,2,5,1,6,6,1,1,1,0,0,0,1,1,0,,3,35.0,00,1.0,0.0,1.0,0.0,1.0,1.0,100,3.0,1.0,1.0,"-658326,646","-1009892,365","-658326,646","-1009892,365","-658325,695","-1009891,256",,,,silnice3.t¯Ìdy,28418,1676786,,OpaËn˝kesmÏru˙seku,Pomal˝,573248.0,,GN_V0.1UIR-ADR_410,2
50406190048,2,502.0,2019-01-23,3,1854,4,0,0,1,1,2,412,1,0,0,300,2,1,1,1,4,1,1,1,0,5,1,3,1,0,,3,39.0,06,1.0,0.0,1.0,0.0,1.0,1.0,300,2.0,1.0,1.0,"-671796,609","-1013475,561","-671796,609","-1013475,561","-671789,823","-1013475,107",JiËÌn,17.listopadu,,silnice2.t¯Ìdy,502,750901,,Souhlasn˝sesmÏrem˙seku,Pomal˝,572659.0,164143.0,GN_V0.1UIR-ADR_410,1
50406190049,2,326.0,2019-01-23,3,1940,5,0,0,2,4,0,100,0,0,0,600,2,1,1,1,6,1,1,1,0,0,0,1,1,0,,3,7.0,12,1.0,0.0,1.0,0.0,1.0,3.0,500,3.0,1.0,1.0,"-657934,49","-1028416,991","-657934,49","-1028416,991","-657934,763","-1028416,856",,,,silnice2.t¯Ìdy,326,2301424,,OpaËn˝kesmÏru˙seku,Pomal˝,548880.0,,GN_V0.1UIR-ADR_410,2
50406190050,1,16.0,2019-01-24,4,1028,1,2,0,1,1,2,402,0,0,3,800,2,1,1,1,1,1,1,1,3,3,0,5,2,19,2.0,3,35.0,07,1.0,0.0,0.0,0.0,1.0,13.0,400,2.0,1.0,1.0,"-672357,603","-1014436,737","-672362,462","-1014431,879","-672361,817","-1014432,496",,,,silnice2.t¯Ìdy,502,1213103,,OpaËn˝kesmÏru˙seku,Pomal˝,572659.0,,GN_V0.1UIR-ADR_410,2
50406190051,2,286.0,2019-01-26,6,1013,3,0,3,2,1,2,510,0,0,0,70,2,3,1,1,1,1,1,1,0,0,0,1,1,0,,3,7.0,06,1.0,1.0,1.0,0.0,1.0,1.0,20,2.0,1.0,1.0,"-670486,16","-1012319,804","-670486,16","-1012319,804","-670489,229","-1012314,766",JiËÌn,RevoluËnÌ,,silnice2.t¯Ìdy,286,3112263,,OpaËn˝kesmÏru˙seku,Pomal˝,572659.0,,GN_V0.1UIR-ADR_410,1
50406190052,2,284.0,2019-01-27,0,1550,5,0,0,2,4,0,100,0,0,0,930,2,3,1,3,1,1,1,1,0,0,0,1,1,0,,3,2.0,16,3.0,0.0,1.0,0.0,1.0,1.0,900,2.0,1.0,1.0,"-655725,592","-1011370,894","-655725,592","-1011370,894","-655727,018","-1011364,681",,,,silnice2.t¯Ìdy,284,1193717,,OpaËn˝kesmÏru˙seku,Pomal˝,573299.0,,GN_V0.1UIR-ADR_410,2
50406190053,6,,2019-01-27,0,2200,9,0,0,2,1,2,204,0,0,0,500,2,6,1,6,5,1,1,1,0,0,0,2,1,0,,3,47.0,03,1.0,1.0,1.0,0.0,1.0,5.0,400,2.0,1.0,1.0,"-659881,126","-1008006,713","-659881,126","-1008006,713","-659874,867","-1008003,993",Nov·Paka,UTrati,,mÌstnÌkomunikace,,183774,,OpaËn˝kesmÏru˙seku,Pomal˝,573248.0,167541.0,GN_V0.1UIR-ADR_410,1
50406190054,1,16.0,2019-01-29,2,1014,1,3,0,1,1,2,403,0,0,1,1600,2,3,1,1,1,1,1,1,3,3,0,1,2,0,,7,62.0,06,9.0,0.0,1.0,0.0,1.0,1.0,0,3.0,1.0,1.0,"-681572,182","-1009317,074","-681572,182","-1009317,074","-681572,134",-1009317,,,,silnice1.t¯Ìdy,16,1456072,,Souhlasn˝sesmÏrem˙seku,Pomal˝,573493.0,,GN_V0.1UIR-ADR_410,2
50406190055,2,326.0,2019-01-29,2,2200,5,0,0,2,4,0,100,0,0,0,300,2,1,1,1,6,1,1,1,0,0,0,2,1,0,,3,4.0,16,1.0,0.0,1.0,0.0,1.0,1.0,250,2.0,1.0,1.0,"-653818,246","-1026051,757","-653818,246","-1026051,757","-653819,557","-1026048,867",,,,silnice2.t¯Ìdy,326,1212657,,Souhlasn˝sesmÏrem˙seku,Pomal˝,548863.0,,GN_V0.1UIR-ADR_410,2
50406190056,1,16.0,2019-01-30,3,1330,1,3,0,1,1,2,403,0,1,0,70,2,1,1,1,1,1,1,1,3,3,0,7,2,19,2.0,3,31.0,13,1.0,0.0,1.0,0.0,1.0,13.0,50,2.0,1.0,1.0,"-659293,078","-1008360,591","-659293,078","-1008360,591","-659294,525","-1008353,766",Nov·Paka,Krkonoösk·,,silnice1.t¯Ìdy,16,1509529,,Souhlasn˝sesmÏrem˙seku,Pomal˝,573248.0,167339.0,GN_V0.1UIR-ADR_410,1
50406190057,8,,2019-01-29,2,2560,2,0,0,2,1,0,508,0,0,0,300,5,1,1,1,1,1,1,1,0,0,0,1,2,0,,3,27.0,96,1.0,0.0,1.0,0.0,1.0,5.0,0,3.0,1.0,1.0,"-683819,408","-1008207,786","-683819,408","-1008207,786","-683801,678","-1008213,955",Sobotka,Baöteck·,,mÌstnÌkomunikace,,184157,,Souhlasn˝sesmÏrem˙seku,Pomal˝,573493.0,168017.0,GN_V0.1UIR-ADR_410,1
50406190058,2,284.0,2019-01-31,4,1820,5,0,0,2,4,0,100,0,0,0,150,2,1,1,1,6,1,1,1,0,0,0,1,1,0,,3,47.0,10,1.0,0.0,1.0,0.0,1.0,1.0,100,2.0,1.0,1.0,"-650921,575","-1017409,013","-650921,575","-1017409,013","-650916,53","-1017401,943",,,,silnice2.t¯Ìdy,284,1197075,,Souhlasn˝sesmÏrem˙seku,Pomal˝,572756.0,,GN_V0.1UIR-ADR_410,2
50406190059,2,502.0,2019-01-31,4,2145,9,0,0,2,1,9,209,0,0,0,200,2,1,1,1,4,1,1,1,3,3,1,5,1,19,6.0,3,2.0,03,9.0,0.0,1.0,0.0,1.0,19.0,200,2.0,5.0,1.0,"-672453,183","-1012544,012","-672453,183","-1012544,012","-672449,636","-1012538,035",JiËÌn,M.KonÏva,,silnice2.t¯Ìdy,502,196146,,OpaËn˝kesmÏru˙seku,Pomal˝,572659.0,164704.0,GN_V0.1UIR-ADR_410,1
50506190001,2,303.0,2019-01-01,2,1630,3,0,9,2,1,2,204,0,0,0,300,2,3,12,4,2,1,1,8,0,0,0,3,1,0,,3,39.0,98,1.0,1.0,1.0,0.0,1.0,1.0,200,3.0,1.0,1.0,"-612916,64","-1021202,468","-612916,64","-1021202,468","-612920,691","-1021204,481",N·chod,Broumovsk·,,silnice2.t¯Ìdy,303,3004706,,OpaËn˝kesmÏru˙seku,Pomal˝,573868.0,303259.0,GN_V0.1UIR-ADR_410,1
50506190002,3,30322.0,2019-01-02,3,1328,9,0,0,1,1,2,204,0,0,2,400,2,6,1,1,1,1,1,8,0,0,0,2,1,0,,3,39.0,04,1.0,1.0,1.0,0.0,1.0,1.0,400,2.0,1.0,1.0,"-609662,406","-1005390,872","-609662,406","-1005390,872","-609657,743","-1005386,88",,,,silnice3.t¯Ìdy,30322,1676959,,Souhlasn˝sesmÏrem˙seku,Pomal˝,574341.0,,GN_V0.1UIR-ADR_410,2
50506190003,1,14.0,2019-01-03,4,1025,1,1,0,2,1,2,502,0,0,0,110,2,8,1,5,1,1,1,1,0,0,0,2,2,0,,7,10.0,14,3.0,0.0,1.0,0.0,1.0,1.0,0,3.0,1.0,1.0,"-615686,491","-1019266,508","-615686,491","-1019266,508","-615686,368","-1019267,334",DolnÌRadechov·,,,mÌstnÌkomunikace,,1506702,,OpaËn˝kesmÏru˙seku,Pomal˝,574023.0,,GN_V0.1UIR-ADR_410,1
50506190004,3,28526.0,2019-01-03,4,1650,5,0,0,2,4,0,100,0,0,0,110,2,8,1,5,7,1,1,1,0,0,0,1,1,0,,3,38.0,13,1.0,0.0,1.0,0.0,1.0,3.0,100,2.0,1.0,1.0,"-608781,248","-1027905,546","-608781,248","-1027905,546","-608783,279","-1027905,037",,,,silnice3.t¯Ìdy,28526,1677075,,OpaËn˝kesmÏru˙seku,Pomal˝,574287.0,,GN_V0.1UIR-ADR_410,2
50506190005,2,303.0,2019-01-05,6,505,9,0,0,1,1,2,204,0,0,1,400,2,8,1,5,5,1,1,6,0,0,0,2,1,0,,3,55.0,05,1.0,1.0,1.0,0.0,1.0,1.0,400,2.0,1.0,1.0,"-612629,494","-1019618,219","-612623,603","-1019616,077","-612623,901","-1019616,222",N·chod,Broumovsk·,,silnice2.t¯Ìdy,303,839514,,Souhlasn˝sesmÏrem˙seku,Pomal˝,573868.0,303259.0,GN_V0.1UIR-ADR_410,1
50506190006,2,304.0,2019-01-05,6,520,3,0,9,2,1,9,204,0,0,0,400,2,8,1,5,4,1,1,6,0,0,0,2,1,0,,3,13.0,05,1.0,1.0,1.0,0.0,1.0,3.0,300,2.0,5.0,1.0,"-623791,606","-1024013,801","-623791,606","-1024013,801","-623793,724","-1024012,968",»esk·Skalice,Zelen·,,silnice2.t¯Ìdy,304,775046,,Souhlasn˝sesmÏrem˙seku,Pomal˝,573990.0,301060.0,GN_V0.1UIR-ADR_410,1
50506190007,6,,2019-01-04,5,2560,2,0,0,2,1,0,504,0,0,0,400,5,6,1,6,1,1,1,1,3,5,0,1,2,0,,17,,XX,,,,,,,0,,,,"-622676,228","-1020864,52","-622676,228","-1020864,52","-622646,372","-1020883,974",,,,mÌstnÌkomunikace,,1581546,,OpaËn˝kesmÏru˙seku,Pomal˝,573990.0,,GN_V0.1UIR-ADR_410,2
50506190008,3,3073.0,2019-01-06,0,1400,5,0,0,2,4,0,100,0,0,0,320,2,3,1,1,1,1,1,1,0,0,0,2,1,0,,3,17.0,09,1.0,0.0,1.0,0.0,1.0,3.0,300,4.0,1.0,1.0,"-628521,142","-1019180,006","-628521,142","-1019180,006","-628520,11","-1019179,589",,,,silnice3.t¯Ìdy,3073,1855201,,OpaËn˝kesmÏru˙seku,Pomal˝,573931.0,,GN_V0.1UIR-ADR_410,2
50506190009,3,30114.0,2019-01-06,0,1515,1,3,0,2,1,2,204,0,0,0,2200,2,5,1,1,1,1,1,1,0,0,0,3,2,0,,3,2.0,07,9.0,1.0,1.0,0.0,1.0,1.0,700,2.0,1.0,1.0,"-612253,631","-1003700,622","-612253,631","-1003700,622","-612255,247","-1003702,794",TeplicenadMetujÌ,AloiseJir·ska,,silnice3.t¯Ìdy,30114,775236,,Souhlasn˝sesmÏrem˙seku,Pomal˝,574538.0,307343.0,GN_V0.1UIR-ADR_410,1
50506190010,2,567.0,2019-01-06,0,2020,3,0,9,2,1,0,204,0,0,0,50,2,6,1,6,4,1,1,1,0,0,0,3,1,0,,17,,XX,,,,,,,0,,,,,,"-613030,776","-1015474,134","-613030,329","-1015473,247",Hronov,Kosteleck·,,silnice2.t¯Ìdy,567,2607846,,Souhlasn˝sesmÏrem˙seku,Pomal˝,574082.0,301311.0,GN_V0.1UIR-ADR_410,1
50506190011,2,301.0,2019-01-07,1,1300,9,0,0,2,1,2,510,0,0,0,520,2,5,1,1,1,1,1,3,0,0,0,1,1,0,,5,26.0,11,3.0,0.0,1.0,0.0,1.0,1.0,500,3.0,1.0,1.0,"-613003,532","-1007992,736","-613003,532","-1007992,736","-613002,291","-1007991,307",»esk·Metuje,,,silnice2.t¯Ìdy,301,1191996,,OpaËn˝kesmÏru˙seku,Pomal˝,573981.0,,GN_V0.1UIR-ADR_410,1
50506190012,2,307.0,2019-01-07,1,730,5,0,0,2,4,0,100,0,0,0,310,2,3,1,1,2,1,1,1,0,0,0,1,1,0,,3,39.0,17,1.0,0.0,1.0,0.0,1.0,1.0,300,2.0,1.0,1.0,"-612629,494","-1019618,219","-612629,494","-1019618,219","-612624,186","-1019615,636",,,,silnice2.t¯Ìdy,303,839514,,OpaËn˝kesmÏru˙seku,Pomal˝,573868.0,303259.0,GN_V0.1UIR-ADR_410,2
50506190013,6,,2019-01-01,2,2560,3,0,2,2,1,0,516,0,0,0,150,2,1,1,1,1,1,1,1,3,5,0,1,1,0,,17,,XX,,,,,,,0,,,,"-616927,037","-1031600,148","-616929,179","-1031589,973","-616929,143","-1031590,191",SPY,Kosa¯ova,,mÌstnÌkomunikace,,237273,,Souhlasn˝sesmÏrem˙seku,Pomal˝,574279.0,766372.0,GN_V0.1UIR-ADR_410,1
50506190014,6,,2019-01-07,1,2560,3,0,2,2,1,0,504,0,0,0,80,2,6,1,1,1,1,1,1,3,5,0,1,1,0,,17,,XX,,,,,,,0,,,,"-608457,891","-1008698,16","-608464,317","-1008699,766","-608464,078","-1008699,715",PolicenadMetujÌ,NaSibi¯i,,mÌstnÌkomunikace,,185919,,Souhlasn˝sesmÏrem˙seku,Pomal˝,574341.0,307084.0,GN_V0.1UIR-ADR_410,1
50506190015,3,3031.0,2019-01-08,2,1305,3,0,2,2,1,2,504,0,0,0,200,5,6,1,1,1,1,1,1,3,5,0,1,1,0,,5,48.0,04,2.0,0.0,1.0,0.0,1.0,3.0,0,3.0,1.0,1.0,"-612779,659","-1016887,001","-612773,751","-1016877,333","-612772,907","-1016876,985",VelkÈPo¯ÌËÌ,Po¯ÌËsk·,,silnice3.t¯Ìdy,3031,206257,,Souhlasn˝sesmÏrem˙seku,Pomal˝,547646.0,307653.0,GN_V0.1UIR-ADR_410,1
50506190016,3,30316.0,2019-01-08,2,1530,9,0,0,2,1,2,510,0,0,0,50,2,8,12,5,3,1,1,1,3,5,0,3,1,0,,8,19.0,17,4.0,1.0,1.0,0.0,1.0,3.0,50,4.0,1.0,1.0,"-608414,73","-1011054,281","-608415,267","-1011049,447","-608413,868","-1011049,482",,,,silnice3.t¯Ìdy,30316,193895,,OpaËn˝kesmÏru˙seku,Pomal˝,574341.0,,GN_V0.1UIR-ADR_410,2
50506190017,2,285.0,2019-01-10,4,630,1,2,0,1,1,2,501,0,0,1,2000,2,3,12,1,6,1,1,1,0,0,0,1,3,0,,3,39.0,08,1.0,0.0,1.0,0.0,1.0,1.0,650,2.0,1.0,1.0,"-635621,064","-1026267,215","-635621,064","-1026267,215","-635622,187","-1026263,852",,,,silnice2.t¯Ìdy,285,1201593,,Souhlasn˝sesmÏrem˙seku,Pomal˝,574660.0,,GN_V0.1UIR-ADR_410,2
50506190018,3,3021.0,2019-01-10,4,1030,3,0,7,2,1,2,510,0,0,0,200,2,6,12,1,1,1,1,8,0,0,4,2,1,0,,7,43.0,06,3.0,0.0,1.0,0.0,1.0,1.0,0,3.0,1.0,1.0,"-606919,568","-999559,242","-606919,568","-999559,242","-606917,433","-999559,993",MezimÏstÌ,5.kvÏtna,,silnice3.t¯Ìdy,3021,3239305,,OpaËn˝kesmÏru˙seku,Pomal˝,574252.0,303038.0,GN_V0.1UIR-ADR_410,1
50506190019,3,3071.0,2019-01-10,4,1250,1,3,0,1,1,2,403,1,1,3,1400,2,3,12,1,1,1,1,1,3,3,0,4,2,19,6.0,3,13.0,03,1.0,0.0,1.0,1.0,2.0,24.0,400,3.0,1.0,1.0,"-629740,634","-1023843,094","-629740,634","-1023843,094","-629736,913","-1023841,714",,,,silnice3.t¯Ìdy,3071,3479967,,Souhlasn˝sesmÏrem˙seku,Pomal˝,574015.0,,GN_V0.1UIR-ADR_410,2
50506190020,3,3325.0,2019-01-10,4,1300,1,2,0,2,1,2,516,0,0,0,200,2,3,12,1,1,1,1,1,0,0,0,1,2,0,,3,32.0,02,1.0,0.0,1.0,0.0,1.0,5.0,200,2.0,1.0,1.0,"-633785,288","-1028345,26","-633785,288","-1028345,26","-633786,795","-1028337,898",JaromÏ¯,N·draûnÌ,,silnice3.t¯Ìdy,03325,3422018,,OpaËn˝kesmÏru˙seku,Pomal˝,574121.0,302449.0,GN_V0.1UIR-ADR_410,1
50506190021,3,30110.0,2019-01-11,5,515,3,0,9,2,1,2,510,0,0,0,640,2,6,1,1,4,1,1,8,0,0,0,1,1,0,,3,13.0,05,1.0,0.0,1.0,1.0,1.0,5.0,100,2.0,1.0,1.0,"-612140,669","-1005861,211","-612140,669","-1005861,211","-612131,416","-1005856,241",TeplicenadMetujÌ,,,silnice3.t¯Ìdy,30110,1580963,,OpaËn˝kesmÏru˙seku,Pomal˝,574538.0,,GN_V0.1UIR-ADR_410,1
50506190022,1,37.0,2019-01-11,5,710,1,4,0,1,1,2,516,0,0,2,1900,2,3,1,1,6,1,1,1,0,0,0,1,2,0,,7,62.0,05,9.0,0.0,0.0,0.0,1.0,1.0,0,3.0,1.0,1.0,"-633449,484","-1023032,244","-633449,484","-1023032,244","-633435,752","-1023029,246",,,,silnice1.t¯Ìdy,37,1263123,,OpaËn˝kesmÏru˙seku,Pomal˝,574040.0,,GN_V0.1UIR-ADR_410,2
50506190023,6,,2019-01-11,5,1510,1,1,0,1,1,2,205,0,0,1,700,2,6,1,1,1,1,1,1,0,0,0,3,2,0,,3,60.0,17,1.0,0.0,1.0,0.0,1.0,5.0,400,2.0,1.0,1.0,"-618060,381","-1024681,017","-618058,769","-1024670,812","-618058,311","-1024672,395",Provodov-äonov,,,mÌstnÌkomunikace,,1249601,,Souhlasn˝sesmÏrem˙seku,Pomal˝,574350.0,,GN_V0.1UIR-ADR_410,1
50506190024,6,,2019-01-11,5,1715,3,0,9,2,1,2,516,0,0,0,80,2,6,1,1,4,1,1,8,0,0,0,3,1,0,,7,19.0,15,1.0,0.0,0.0,0.0,1.0,5.0,0,3.0,1.0,1.0,"-615010,026","-1022681,274","-615010,026","-1022681,274","-615014,48","-1022679,683",N·chod,Praûsk·,,silnice1.t¯Ìdy,33,749631,,Souhlasn˝sesmÏrem˙seku,Pomal˝,573868.0,303933.0,GN_V0.1UIR-ADR_410,1
50506190025,3,3325.0,2019-01-11,5,1810,2,0,0,2,1,2,205,0,0,0,150,2,6,1,1,4,1,1,8,0,0,0,2,2,0,,3,47.0,06,1.0,0.0,0.0,0.0,1.0,5.0,80,2.0,1.0,1.0,"-633864,55","-1028306,724","-633869,922","-1028303,502","-633869,666","-1028303,454",JaromÏ¯,N·draûnÌ,,silnice3.t¯Ìdy,03325,3422017,,OpaËn˝kesmÏru˙seku,Pomal˝,574121.0,302449.0,GN_V0.1UIR-ADR_410,1
50506190026,2,303.0,2019-01-11,5,1805,3,0,6,1,1,2,204,0,0,1,450,2,6,1,1,6,1,1,8,0,0,0,2,1,0,,3,39.0,07,1.0,1.0,1.0,0.0,1.0,1.0,400,2.0,1.0,1.0,"-600340,438","-1003488,398","-600340,438","-1003488,398","-600339,937","-1003488,423",Broumov,t¯ÌdaOsvobozenÌ,,silnice2.t¯Ìdy,303,1580918,,Souhlasn˝sesmÏrem˙seku,Pomal˝,573922.0,299685.0,GN_V0.1UIR-ADR_410,1
50506190027,3,30323.0,2019-01-14,1,1626,1,2,0,2,1,2,502,0,0,0,600,2,6,1,5,2,1,1,1,0,0,0,3,2,0,,7,40.0,07,3.0,1.0,1.0,0.0,1.0,1.0,0,3.0,1.0,1.0,"-608756,768","-1001868,673","-608756,768","-1001868,673","-608757,885","-1001864,549",,,,silnice3.t¯Ìdy,30323,1676994,,Souhlasn˝sesmÏrem˙seku,Pomal˝,574252.0,,GN_V0.1UIR-ADR_410,2
50506190028,3,30821.0,2019-01-15,2,2330,3,0,9,2,1,2,205,0,0,0,520,2,3,1,3,4,1,1,1,0,0,2,3,1,0,,3,1.0,08,1.0,0.0,1.0,0.0,1.0,3.0,500,2.0,1.0,1.0,"-617957,145","-1029378,701","-617957,145","-1029378,701","-617948,793","-1029370,549",NovÈMÏstonadMetujÌ,éiûkovon·mÏstÌ,,silnice3.t¯Ìdy,30821,232460,,Souhlasn˝sesmÏrem˙seku,Pomal˝,574279.0,306631.0,GN_V0.1UIR-ADR_410,1
50506190029,1,33.0,2019-01-16,3,1332,7,3,0,1,1,2,510,0,1,0,1650,2,3,1,1,1,1,1,8,0,0,3,1,2,0,,3,13.0,01,1.0,1.0,1.0,0.0,1.0,1.0,600,2.0,1.0,1.0,"-635757,152","-1028907,01","-635757,152","-1028907,01","-635760,963","-1028896,715",,,,silnice1.t¯Ìdy,33,1400671,,OpaËn˝kesmÏru˙seku,Pomal˝,574121.0,,GN_V0.1UIR-ADR_410,2
50506190030,1,33.0,2019-01-16,3,1650,1,3,0,2,1,2,405,0,0,0,1120,2,3,1,1,2,1,2,1,3,3,0,4,3,19,6.0,3,13.0,05,1.0,0.0,1.0,0.0,1.0,14.0,150,2.0,1.0,1.0,"-612770,404","-1021358,115","-612770,404","-1021358,115","-612773,685","-1021353,822",N·chod,Polsk·,,silnice1.t¯Ìdy,33,3287386,,Souhlasn˝sesmÏrem˙seku,Pomal˝,573868.0,305561.0,GN_V0.1UIR-ADR_410,1
50506190031,1,33.0,2019-01-16,3,1745,1,4,0,2,1,2,503,0,0,0,3500,2,1,1,1,4,1,1,1,3,3,0,7,2,19,1.0,7,35.0,15,9.0,0.0,1.0,0.0,1.0,13.0,3000,3.0,1.0,1.0,"-614590,654","-1022299,653","-614590,654","-1022299,653","-614587,676","-1022301,792",N·chod,Praûsk·,,silnice1.t¯Ìdy,33,1579781,,Souhlasn˝sesmÏrem˙seku,Pomal˝,573868.0,303933.0,GN_V0.1UIR-ADR_410,1
50506190032,2,308.0,2019-01-17,4,743,3,0,1,1,1,2,508,0,0,5,15100,2,3,1,1,2,1,1,8,0,0,0,2,1,0,,8,19.0,17,4.0,0.0,1.0,0.0,1.0,1.0,15000,4.0,2.0,0.0,"-620015,41","-1030810,641","-620015,41","-1030810,641","-620019,168","-1030808,435",,,,silnice2.t¯Ìdy,308,3233334,,OpaËn˝kesmÏru˙seku,Pomal˝,573957.0,,GN_V0.1UIR-ADR_410,2
50506190033,3,3049.0,2019-01-17,4,1415,1,2,0,2,7,0,615,0,0,0,350,2,3,1,1,1,1,1,1,0,0,0,1,2,0,,6,19.0,04,3.0,0.0,0.0,0.0,1.0,1.0,0,3.0,1.0,1.0,"-622643,395","-1022553,235","-622643,395","-1022553,235","-622641,535","-1022554,663",,,,silnice3.t¯Ìdy,3049,3461089,,Souhlasn˝sesmÏrem˙seku,Pomal˝,573990.0,300730.0,GN_V0.1UIR-ADR_410,2
50506190034,6,,2019-01-17,4,1755,1,2,0,2,1,9,501,0,0,0,130,2,3,1,3,4,1,1,1,0,0,0,1,2,0,,3,39.0,04,1.0,0.0,1.0,0.0,1.0,5.0,50,2.0,5.0,1.0,"-601509,617","-1005511,868","-601509,617","-1005511,868","-601513,83","-1005495,76",Broumov,VÏtrn·,,mÌstnÌkomunikace,,1456742,,Souhlasn˝sesmÏrem˙seku,Pomal˝,573922.0,299791.0,GN_V0.1UIR-ADR_410,1
50506190035,6,,2019-01-17,4,2300,3,0,9,2,1,0,504,0,0,0,50,2,3,1,1,4,1,1,6,3,3,0,5,1,10,6.0,17,,XX,,,,,,,0,,,,"-610273,845","-1011851,666","-610273,845","-1011851,666","-610272,076","-1011856,904",,,,mÌstnÌkomunikace,,3243724,,Souhlasn˝sesmÏrem˙seku,Pomal˝,573884.0,,GN_V0.1UIR-ADR_410,2
50506190036,3,30820.0,2019-01-18,5,1900,3,0,6,2,1,0,204,0,0,0,150,2,6,1,1,4,3,1,1,3,5,0,2,1,0,,3,39.0,01,1.0,1.0,1.0,0.0,1.0,1.0,50,2.0,1.0,1.0,"-620837,266","-1030625,893","-620833,517","-1030618,931","-620833,654","-1030619,514",»ernËice,,,silnice3.t¯Ìdy,30820,1763842,,Souhlasn˝sesmÏrem˙seku,Pomal˝,573957.0,,GN_V0.1UIR-ADR_410,1