IDENTIFIKA»NÕ »ÕSLO,DRUH POZEMNÕ KOMUNIKACE,»ÕSLO POZEMNÕ KOMUNIKACE,"den, mÏsÌc, rok",,Ëas ,DRUH NEHODY,DRUH SR¡éKY JEDOUCÕCH VOZIDEL,DRUH PEVN… PÿEK¡éKY,CHARAKTER NEHODY,ZAVINÃNÕ NEHODY,ALKOHOL U VINÕKA NEHODY PÿÕTOMEN,HLAVNÕ PÿÕ»INY NEHODY,usmrceno osob,tÏûce zranÏno osob,lehce zranÏno osob,CELKOV¡ HMOTN¡ äKODA,DRUH POVRCHU VOZOVKY,STAV POVRCHU VOZOVKY V DOBÃ NEHODY,STAV KOMUNIKACE,POVÃTRNOSTNÕ PODMÕNKY V DOBÃ NEHODY,VIDITELNOST,ROZHLEDOV… POMÃRY,DÃLENÕ KOMUNIKACE,SITUOV¡NÕ NEHODY NA KOMUNIKACI,ÿÕZENÕ PROVOZU V DOBÃ NEHODY,MÕSTNÕ ⁄PRAVA PÿEDNOSTI V JÕZDÃ,SPECIFICK¡ MÕSTA A OBJEKTY V MÕSTÃ NEHODY,SMÃROV… POMÃRY,PO»ET Z⁄»ASTNÃN›CH VOZIDEL,MÕSTO DOPRAVNÕ NEHODY,DRUH KÿIéUJÕCÕ KOMUNIKACE,DRUH VOZIDLA,V›ROBNÕ ZNA»KA MOTOROV…HO VOZIDLA,ROK V›ROBY VOZIDLA,CHARAKTERISTIKA VOZIDLA ,SMYK,VOZIDLO PO NEHODÃ,"⁄NIK PROVOZNÕCH, PÿEPRAVOVAN›CH HMOT",ZPŸSOB VYPROäTÃNÕ OSOB Z VOZIDLA,SMÃR JÕZDY NEBO POSTAVENÕ VOZIDLA,äKODA NA VOZIDLE,KATEGORIE ÿIDI»E,STAV ÿIDI»E,VNÃJäÕ OVLIVNÃNÕ ÿIDI»E,nan.1,nan.2,nan.3,nan.4,nan.5,nan.6,nan.7,nan.8,nan.9,nan.10,nan.11,nan.12,nan.13,nan.14,nan.15,nan.16,nan.17,nan.18,LOKALITA NEHODY
50506190037,2,303.0,2019-01-20,0,100,3,0,2,2,1,2,205,0,0,0,750,2,1,1,1,4,1,1,1,3,5,7,2,1,0,,3,31.0,02,1.0,1.0,1.0,0.0,1.0,3.0,500,2.0,1.0,1.0,"-612966,62","-1021112,384","-612971,44","-1021109,17","-612971,26","-1021109,069",N·chod,Broumovsk·,,silnice2.t¯Ìdy,303,214190,,Souhlasn˝sesmÏrem˙seku,Pomal˝,573868.0,303259.0,GN_V0.1UIR-ADR_410,1
50506190038,6,,2019-01-22,2,1100,3,0,6,2,1,2,504,0,0,0,100,2,1,1,1,1,1,0,0,3,5,0,1,1,0,,5,62.0,07,3.0,0.0,1.0,0.0,1.0,5.0,0,3.0,1.0,1.0,"-617773,106","-1028300,541","-617777,94","-1028310,209","-617778,171","-1028310,764",NovÈMÏstonadMetujÌ,,,mÌstnÌkomunikace,,230262,,,Pomal˝,574279.0,,GN_V0.1UIR-ADR_410,1
50506190039,2,285.0,2019-01-22,2,1705,1,3,0,2,1,0,502,0,0,0,30,2,1,1,1,2,1,1,1,3,5,0,1,2,0,,17,,XX,,,,,,,0,,,,"-627641,72","-1027879,098","-627637,436","-1027871,601","-627637,329","-1027871,847",,,,silnice2.t¯Ìdy,285,1202198,,Souhlasn˝sesmÏrem˙seku,Pomal˝,574406.0,,GN_V0.1UIR-ADR_410,2
50506190040,1,33.0,2019-01-23,3,840,3,0,5,2,1,2,516,0,0,0,10,2,1,1,1,1,1,1,1,0,0,0,1,2,0,,3,39.0,99,1.0,0.0,1.0,0.0,1.0,1.0,0,2.0,1.0,1.0,"-633311,713","-1026872,718","-633311,713","-1026872,718","-633315,665","-1026868,033",JaromÏ¯,Husova,,silnice1.t¯Ìdy,33,2608890,,Souhlasn˝sesmÏrem˙seku,Pomal˝,574121.0,301981.0,GN_V0.1UIR-ADR_410,1
50506190041,1,37.0,2019-01-26,6,115,3,0,6,1,1,9,510,0,1,0,500,2,1,1,1,4,1,1,8,0,0,0,1,1,0,,3,35.0,06,1.0,0.0,1.0,0.0,1.0,1.0,400,2.0,5.0,1.0,"-632897,54","-1024512,429","-632897,54","-1024512,429","-632897,74","-1024512,314",,,,silnice1.t¯Ìdy,37,1763474,,Souhlasn˝sesmÏrem˙seku,Pomal˝,574040.0,,GN_V0.1UIR-ADR_410,2
50506190042,1,14.0,2019-01-26,6,440,5,0,0,2,4,0,100,0,0,0,410,2,1,1,1,6,1,1,1,0,0,0,1,1,0,,3,39.0,18,1.0,0.0,1.0,0.0,1.0,3.0,400,3.0,1.0,1.0,"-620762,062","-1013755,073","-620751,856","-1013758,834","-620752,027","-1013758,859",»erven˝Kostelec,DevÏtk¯Ìû˘,,silnice1.t¯Ìdy,14,1677899,,OpaËn˝kesmÏru˙seku,Pomal˝,573965.0,299952.0,GN_V0.1UIR-ADR_410,1
50506190043,1,37.0,2019-01-26,6,800,3,0,9,2,1,2,204,0,0,0,145,2,5,1,5,1,1,1,1,0,0,0,3,1,0,,3,32.0,16,1.0,0.0,1.0,0.0,1.0,1.0,100,2.0,1.0,1.0,"-633834,348","-1025780,86","-633834,348","-1025780,86","-633830,769","-1025782,75",,,,silnice1.t¯Ìdy,37,1678128,,OpaËn˝kesmÏru˙seku,Pomal˝,547531.0,,GN_V0.1UIR-ADR_410,2
50506190044,2,308.0,2019-01-26,6,945,3,0,4,1,1,2,204,0,0,1,400,2,6,1,5,1,1,1,1,0,0,0,1,1,0,,3,17.0,10,1.0,1.0,1.0,0.0,1.0,3.0,300,2.0,1.0,1.0,"-619187,997","-1030027,637","-619187,997","-1030027,637","-619174,336","-1030048,754",,,,silnice2.t¯Ìdy,308,1677669,,Souhlasn˝sesmÏrem˙seku,Pomal˝,573957.0,,GN_V0.1UIR-ADR_410,2
50506190045,1,33.0,2019-01-26,6,1745,3,0,9,2,1,2,204,0,0,0,500,2,6,1,5,4,1,1,1,0,0,0,1,2,0,,3,13.0,11,1.0,1.0,1.0,0.0,1.0,1.0,400,2.0,1.0,1.0,"-631562,068","-1025752,153","-631562,068","-1025752,153","-631570,211","-1025746,845",,,,silnice1.t¯Ìdy,33,2942174,,Souhlasn˝sesmÏrem˙seku,Pomal˝,574121.0,302431.0,GN_V0.1UIR-ADR_410,2
50506190046,6,,2019-01-26,6,2560,2,0,0,2,1,0,511,0,0,0,600,2,3,1,5,4,1,1,1,0,0,0,1,2,0,,3,35.0,05,1.0,0.0,1.0,0.0,1.0,5.0,400,9.0,,,"-616439,132","-1023331,56","-616439,132","-1023331,56","-616446,027","-1023319,696",N·chod,Nemastova,,mÌstnÌkomunikace,,219518,,Souhlasn˝sesmÏrem˙seku,Pomal˝,573868.0,304328.0,GN_V0.1UIR-ADR_410,1
50506190047,1,14.0,2019-01-27,0,1745,5,0,0,2,4,0,100,0,0,0,100,2,3,1,1,6,1,1,1,0,0,0,3,1,0,,3,2.0,08,1.0,0.0,1.0,0.0,1.0,1.0,100,2.0,1.0,1.0,"-616680,545","-1026526,378","-616680,545","-1026526,378","-616689,927","-1026525,502",,,,silnice1.t¯Ìdy,14,1677923,,OpaËn˝kesmÏru˙seku,Pomal˝,574279.0,,GN_V0.1UIR-ADR_410,2
50506190048,3,28517.0,2019-01-27,0,1820,5,0,0,2,4,0,100,0,0,0,250,2,3,1,1,6,1,1,1,0,0,0,1,1,0,,3,2.0,03,1.0,0.0,0.0,0.0,1.0,1.0,250,3.0,1.0,1.0,"-623213,549","-1026994,754","-623213,549","-1026994,754","-623219,409","-1027005,249",,,,silnice3.t¯Ìdy,28517,1201883,,OpaËn˝kesmÏru˙seku,Pomal˝,574562.0,,GN_V0.1UIR-ADR_410,2
50506190049,3,30418.0,2019-01-28,1,630,1,3,0,2,1,0,502,0,0,0,50,2,6,12,1,6,1,1,1,3,3,0,2,2,0,,17,,XX,,,,,,,0,,,,"-621951,777","-1022825,496","-621951,777","-1022825,496","-621950,592","-1022825,292",,,,silnice3.t¯Ìdy,30418,1457123,,Souhlasn˝sesmÏrem˙seku,Pomal˝,574350.0,,GN_V0.1UIR-ADR_410,2
50506190050,3,28522.0,2019-01-28,1,613,3,0,2,2,1,0,511,0,0,0,50,2,3,1,1,4,1,1,6,3,3,0,1,1,0,,17,,XX,,,,,,,0,,,,"-616559,808","-1029991,003","-616559,808","-1029991,003","-616559,689","-1029989,723",NovÈMÏstonadMetujÌ,NaHradËanech,,mÌstnÌkomunikace,,1675912,,OpaËn˝kesmÏru˙seku,Pomal˝,574279.0,306371.0,GN_V0.1UIR-ADR_410,1
50506190051,1,33.0,2019-01-28,1,1800,1,4,0,1,1,7,508,0,0,1,300,2,3,1,1,4,1,1,1,3,3,1,5,2,19,6.0,3,47.0,02,1.0,0.0,1.0,1.0,1.0,13.0,100,2.0,4.0,1.0,"-627841,706","-1023504,152","-627841,706","-1023504,152","-627841,432","-1023504,041",SVINIäçANY,,,mÌstnÌkomunikace,,3289806,,Souhlasn˝sesmÏrem˙seku,Pomal˝,574015.0,,GN_V0.1UIR-ADR_410,1
50506190052,3,3032.0,2019-01-29,2,940,1,1,0,2,1,2,204,0,0,0,1400,2,5,1,1,1,1,1,1,0,0,0,3,2,0,,3,13.0,10,2.0,1.0,1.0,0.0,1.0,3.0,400,3.0,1.0,1.0,"-611628,904","-1018873,914","-611628,904","-1018873,914","-611628,51","-1018864,805",VelkÈPo¯ÌËÌ,BrnÈ,,silnice3.t¯Ìdy,3032,3088794,,OpaËn˝kesmÏru˙seku,Pomal˝,547646.0,307718.0,GN_V0.1UIR-ADR_410,1
50506190053,6,,2019-01-29,2,1330,4,0,0,1,3,2,100,0,0,1,0,2,3,1,1,1,6,1,0,0,0,0,1,1,0,,3,47.0,07,2.0,0.0,1.0,0.0,1.0,5.0,0,3.0,1.0,1.0,"-600544,211","-1005384,684","-600544,211","-1005384,684","-600542,893","-1005384,611",Broumov,N·draûnÌ,,mÌstnÌkomunikace,,1871670,,OpaËn˝kesmÏru˙seku,Pomal˝,573922.0,299391.0,GN_V0.1UIR-ADR_410,1
50506190054,3,30316.0,2019-01-28,1,1840,5,0,0,2,4,0,100,0,0,0,110,2,3,1,1,6,1,1,1,3,3,0,1,1,0,,3,39.0,02,1.0,0.0,1.0,0.0,1.0,1.0,100,2.0,1.0,1.0,"-608420,77","-1011167,103","-608420,77","-1011167,103","-608421,763","-1011166,996",,,,silnice3.t¯Ìdy,30316,193895,,Souhlasn˝sesmÏrem˙seku,Pomal˝,574341.0,,GN_V0.1UIR-ADR_410,2
50506190055,6,,2019-01-30,3,1025,1,1,0,2,1,2,502,0,0,0,300,2,6,1,1,1,1,1,1,0,0,0,3,2,0,,3,13.0,98,1.0,1.0,1.0,0.0,1.0,5.0,150,2.0,1.0,1.0,"-615664,985","-1024323,812","-615671,947","-1024301,32","-615670,997","-1024302,361",,,,mÌstnÌkomunikace,,1298803,,OpaËn˝kesmÏru˙seku,Pomal˝,573868.0,305421.0,GN_V0.1UIR-ADR_410,2
50506190056,1,33.0,2019-01-30,3,1330,1,4,0,2,1,0,503,0,0,0,100,2,1,1,1,1,1,1,1,0,0,0,1,2,0,,17,,XX,,,,,,,0,,,,"-608420,77","-1011167,103","-608420,77","-1011167,103","-608421,763","-1011166,996",N¡CHOD,PRAéSK¡,,silnice3.t¯Ìdy,30316,193895,,Souhlasn˝sesmÏrem˙seku,Pomal˝,574341.0,,GN_V0.1UIR-ADR_410,1
50506190057,3,1422.0,2019-01-16,3,1735,5,0,0,2,4,0,100,0,0,0,450,2,3,1,1,6,1,1,1,0,0,0,1,1,0,,3,7.0,18,1.0,0.0,1.0,0.0,1.0,3.0,450,2.0,1.0,1.0,"-615782,569","-1028365,37","-615782,569","-1028365,37","-615785,616","-1028361,594",,,,silnice3.t¯Ìdy,01422,1677030,,OpaËn˝kesmÏru˙seku,Pomal˝,574279.0,,GN_V0.1UIR-ADR_410,2
50506190058,2,303.0,2019-01-31,4,2030,9,0,0,2,1,4,510,0,0,0,150,2,1,1,1,6,1,1,8,0,0,0,1,1,0,,3,39.0,97,1.0,0.0,1.0,0.0,1.0,3.0,150,2.0,3.0,1.0,"-611321,586","-1013457,058","-611321,586","-1013457,058","-611324,819","-1013453,486",,,,silnice2.t¯Ìdy,303,1677894,,OpaËn˝kesmÏru˙seku,Pomal˝,574082.0,,GN_V0.1UIR-ADR_410,2
50706190001,2,319.0,2019-01-02,3,1250,9,0,0,2,1,2,205,0,0,0,1100,2,8,1,1,1,1,1,8,0,0,0,3,1,0,,5,11.0,13,3.0,1.0,1.0,0.0,1.0,3.0,1100,2.0,1.0,1.0,"-594814,138","-1050375,843","-594814,138","-1050375,843","-594810,034","-1050375,978",,,,silnice2.t¯Ìdy,319,1677794,,Souhlasn˝sesmÏrem˙seku,Pomal˝,576701.0,,GN_V0.1UIR-ADR_410,2
50706190002,6,,2019-01-02,3,1558,3,0,9,2,1,2,204,0,0,0,120,2,8,1,1,1,1,1,1,0,0,9,3,1,0,,3,39.0,99,1.0,1.0,0.0,0.0,1.0,5.0,50,2.0,1.0,1.0,"-614812,984","-1055187,922","-614812,984","-1055187,922","-614813,051","-1055188,673",KostelecnadOrlicÌ,,,mÌstnÌkomunikace,,774510,,Souhlasn˝sesmÏrem˙seku,Pomal˝,576361.0,,GN_V0.1UIR-ADR_410,1
50706190003,1,14.0,2019-01-01,2,2560,1,1,0,1,1,2,403,0,0,2,750,2,6,1,5,5,1,1,3,3,3,9,5,2,19,2.0,3,32.0,03,1.0,0.0,0.0,0.0,1.0,21.0,400,2.0,1.0,1.0,"-616105,362","-1036455,123","-616105,362","-1036455,123","-616103,066","-1036454,516",,,,silnice1.t¯Ìdy,14,250315,,Souhlasn˝sesmÏrem˙seku,Pomal˝,576271.0,,GN_V0.1UIR-ADR_410,2
50706190004,1,14.0,2019-01-03,4,840,3,0,4,2,1,2,204,0,0,0,1000,2,6,1,5,3,1,1,1,0,0,0,2,1,0,,7,48.0,18,9.0,1.0,0.0,0.0,1.0,1.0,0,3.0,1.0,1.0,"-609798,359","-1053948,753","-609798,359","-1053948,753","-609801,023","-1053949,735",Lupenice,,,silnice1.t¯Ìdy,14,1678149,,Souhlasn˝sesmÏrem˙seku,Pomal˝,576506.0,,GN_V0.1UIR-ADR_410,1
50706190005,2,316.0,2019-01-03,4,1010,9,0,0,1,1,2,204,0,0,1,300,2,6,1,5,3,0,1,1,0,0,0,3,1,0,,3,39.0,90,1.0,1.0,0.0,0.0,1.0,1.0,300,2.0,1.0,1.0,"-614454,681","-1059625,117","-614454,681","-1059625,117","-614455,959","-1059626,63",,,,silnice2.t¯Ìdy,316,2326063,,OpaËn˝kesmÏru˙seku,Pomal˝,548693.0,,GN_V0.1UIR-ADR_410,2
50706190006,6,,2019-01-03,4,1140,3,0,2,2,1,0,204,0,0,0,100,2,6,1,5,3,1,1,3,3,3,10,5,1,10,6.0,5,47.0,08,1.0,1.0,0.0,0.0,1.0,5.0,0,2.0,1.0,1.0,"-623874,378","-1051703,469","-623874,378","-1051703,469","-623868,621","-1051704,477",T˝niötÏnadOrlicÌ,Voklik,,mÌstnÌkomunikace,,1862034,,Souhlasn˝sesmÏrem˙seku,Pomal˝,576859.0,,GN_V0.1UIR-ADR_410,1
50706190007,3,3191.0,2019-01-03,4,1520,3,0,2,2,1,2,204,0,0,0,460,2,6,1,5,1,1,1,3,0,0,0,3,1,0,,3,32.0,96,1.0,1.0,0.0,0.0,1.0,1.0,400,2.0,1.0,1.0,"-605029,158","-1050942,444","-605029,158","-1050942,444","-605030,104","-1050940,853",Javornice,,,silnice3.t¯Ìdy,3191,3192139,,Souhlasn˝sesmÏrem˙seku,Pomal˝,576336.0,,GN_V0.1UIR-ADR_410,1
50706190008,3,30815.0,2019-01-03,4,1550,3,0,3,2,1,2,516,0,0,0,300,2,6,1,5,3,1,1,3,2,0,4,1,1,0,,3,39.0,98,3.0,0.0,0.0,0.0,1.0,1.0,200,2.0,1.0,1.0,"-622223,699","-1036961,447","-622223,699","-1036961,447","-622220,501","-1036954,317",,,,silnice3.t¯Ìdy,30815,251868,,Souhlasn˝sesmÏrem˙seku,Pomal˝,576590.0,542717.0,GN_V0.1UIR-ADR_410,2
50706190009,1,14.0,2019-01-04,5,1640,3,0,1,2,1,2,204,0,0,0,80,2,6,12,5,2,1,1,8,0,0,0,1,1,0,,3,32.0,97,1.0,1.0,1.0,0.0,1.0,1.0,80,2.0,1.0,1.0,"-609833,839","-1053539,956","-609833,839","-1053539,956","-609830,693","-1053540,211",,,,silnice1.t¯Ìdy,14,1580199,,OpaËn˝kesmÏru˙seku,Pomal˝,576506.0,,GN_V0.1UIR-ADR_410,2
50706190010,1,36.0,2019-01-05,6,650,1,1,0,1,1,2,204,0,0,1,1500,2,5,1,1,6,1,1,1,3,3,0,4,2,19,6.0,3,4.0,08,1.0,1.0,1.0,0.0,1.0,13.0,800,2.0,1.0,1.0,"-621441,596","-1055266,981","-621443,745","-1055264,832","-621443,873","-1055264,727",,,,silnice1.t¯Ìdy,36,1457288,,OpaËn˝kesmÏru˙seku,Pomal˝,576956.0,,GN_V0.1UIR-ADR_410,2
50706190011,2,321.0,2019-01-05,6,1145,9,0,0,2,1,2,204,0,0,0,820,2,5,1,3,3,1,1,8,0,0,0,3,1,0,,3,47.0,17,1.0,1.0,0.0,0.0,1.0,1.0,800,3.0,1.0,1.0,"-605997,646","-1041627,402",-606010,"-1041616,66","-606010,108","-1041617,45",,,,silnice2.t¯Ìdy,321,2322240,,Souhlasn˝sesmÏrem˙seku,Pomal˝,576778.0,,GN_V0.1UIR-ADR_410,2
50706190012,3,30427.0,2019-01-05,6,1415,0,0,0,2,6,0,100,0,0,0,50,2,3,6,1,1,1,1,1,0,0,0,3,1,0,,3,13.0,18,1.0,0.0,0.0,0.0,1.0,3.0,50,2.0,1.0,1.0,"-619615,72","-1035694,082","-619581,881","-1035667,763","-619581,012","-1035668,976",,,,silnice3.t¯Ìdy,30427,3006405,,OpaËn˝kesmÏru˙seku,Pomal˝,576271.0,,GN_V0.1UIR-ADR_410,2
50706190013,1,14.0,2019-01-08,2,505,9,0,0,1,1,2,311,0,0,1,500,2,8,1,5,5,0,1,3,0,0,0,1,1,0,,3,39.0,02,1.0,1.0,0.0,0.0,1.0,1.0,500,2.0,1.0,1.0,"-610847,461","-1049593,937","-610847,461","-1049593,937","-610848,414","-1049594,408",,,,silnice1.t¯Ìdy,14,2608432,,OpaËn˝kesmÏru˙seku,Pomal˝,576069.0,,GN_V0.1UIR-ADR_410,2
50706190014,3,32114.0,2019-01-08,2,2115,5,0,0,2,4,0,100,0,0,0,200,2,3,1,4,7,1,1,1,0,0,0,1,1,0,,3,39.0,18,1.0,0.0,1.0,0.0,1.0,1.0,200,2.0,1.0,1.0,"-618008,169","-1041339,25","-618008,169","-1041339,25","-618007,471","-1041336,203",Z¡DOLÕ,,,silnice3.t¯Ìdy,32114,3191906,,OpaËn˝kesmÏru˙seku,Pomal˝,576824.0,,GN_V0.1UIR-ADR_410,1
50706190015,6,,2019-01-10,4,810,1,3,0,1,1,2,403,0,0,2,130,2,6,12,1,1,1,1,1,3,3,0,4,2,10,6.0,3,39.0,12,3.0,0.0,0.0,0.0,1.0,5.0,100,2.0,1.0,1.0,"-620434,673","-1037909,574","-620434,136","-1037900,98","-620434,244","-1037901,037",OpoËno,Pitkova,,mÌstnÌkomunikace,,1457140,,OpaËn˝kesmÏru˙seku,Pomal˝,576590.0,542695.0,GN_V0.1UIR-ADR_410,1
50706190016,2,316.0,2019-01-11,5,1426,1,3,0,1,1,2,501,0,0,1,500,2,3,1,1,1,1,1,1,3,3,0,5,2,19,6.0,3,31.0,00,1.0,0.0,0.0,0.0,1.0,31.0,250,2.0,1.0,1.0,"-616227,965","-1055705,146","-616220,445","-1055707,832","-616221,054","-1055708,039",KostelecnadOrlicÌ,Kotyzova,,silnice2.t¯Ìdy,316,319218,,OpaËn˝kesmÏru˙seku,Pomal˝,576361.0,541869.0,GN_V0.1UIR-ADR_410,1
50706190017,3,30816.0,2019-01-11,5,1833,3,0,1,1,1,2,204,0,0,1,400,2,6,1,5,6,1,1,8,0,0,0,1,1,0,,3,39.0,01,1.0,1.0,0.0,0.0,1.0,1.0,400,2.0,1.0,1.0,"-624768,143","-1038480,433","-624768,143","-1038480,433","-624768,926","-1038476,984",,,,silnice3.t¯Ìdy,30816,257393,,OpaËn˝kesmÏru˙seku,Pomal˝,576522.0,,GN_V0.1UIR-ADR_410,2
50706190018,2,321.0,2019-01-11,5,1920,3,0,3,2,1,2,516,0,0,0,200,2,6,1,5,4,1,1,8,3,3,0,5,1,19,3.0,7,62.0,10,3.0,0.0,0.0,0.0,1.0,13.0,0,3.0,1.0,1.0,"-613689,298","-1048894,733","-613697,355","-1048901,716","-613697,273","-1048901,676",»ernÌkovice,DomaöÌn,,silnice2.t¯Ìdy,321,1210695,,Souhlasn˝sesmÏrem˙seku,Pomal˝,576204.0,,GN_V0.1UIR-ADR_410,1
50706190019,2,310.0,2019-01-12,6,2305,2,0,0,2,1,2,201,0,0,0,1600,2,8,1,5,7,1,1,1,3,5,0,3,2,0,,3,27.0,05,1.0,1.0,0.0,0.0,1.0,1.0,1200,2.0,1.0,1.0,"-599510,587","-1049420,718","-599510,587","-1049420,718","-599514,421","-1049418,943",NEBESK¡RYBN¡,,,silnice2.t¯Ìdy,310,1677759,,Souhlasn˝sesmÏrem˙seku,Pomal˝,576701.0,,GN_V0.1UIR-ADR_410,1
50706190020,3,3167.0,2019-01-13,0,817,9,0,0,1,1,2,516,0,1,0,400,2,3,1,4,1,1,1,8,0,0,0,2,1,0,,3,39.0,00,1.0,0.0,0.0,0.0,1.0,1.0,400,2.0,1.0,1.0,"-609690,218","-1059311,091","-609690,218","-1059311,091","-609695,618","-1059302,527",,,,silnice3.t¯Ìdy,3167,3192235,,OpaËn˝kesmÏru˙seku,Pomal˝,576921.0,,GN_V0.1UIR-ADR_410,2
50706190021,3,31814.0,2019-01-13,0,1055,3,0,6,2,1,2,508,0,0,0,350,2,3,1,0,1,1,1,1,0,0,0,3,1,0,,3,39.0,15,3.0,1.0,0.0,0.0,1.0,1.0,300,2.0,1.0,1.0,"-608531,768","-1049552,084","-608531,768","-1049552,084","-608532,387","-1049552,645",RychnovnadKnÏûnou,MÏstsk·Habrov·,,silnice3.t¯Ìdy,31814,1455232,,Souhlasn˝sesmÏrem˙seku,Pomal˝,576069.0,543667.0,GN_V0.1UIR-ADR_410,1
50706190022,2,317.0,2019-01-13,0,1410,9,0,0,1,2,2,516,0,0,1,1,2,3,1,4,3,1,1,1,0,0,0,1,1,0,,13,0.0,,1.0,0.0,0.0,0.0,1.0,3.0,1,8.0,1.0,1.0,"-622805,653","-1056917,48","-622805,653","-1056917,48","-622810,403","-1056920,766",,,,silnice2.t¯Ìdy,317,323413,,OpaËn˝kesmÏru˙seku,Pomal˝,576131.0,,GN_V0.1UIR-ADR_410,2
50706190023,2,304.0,2019-01-13,0,1725,5,0,0,2,4,0,100,0,0,0,200,2,3,1,4,6,1,1,1,0,0,0,3,1,0,,3,32.0,10,3.0,0.0,0.0,0.0,1.0,1.0,200,2.0,1.0,1.0,"-622107,576","-1046037,842","-622107,576","-1046037,842","-622100,206","-1046037,434",,,,silnice2.t¯Ìdy,304,2326098,,Souhlasn˝sesmÏrem˙seku,Pomal˝,576123.0,,GN_V0.1UIR-ADR_410,2
50706190024,3,31910.0,2019-01-14,1,815,1,2,0,2,1,2,501,0,0,0,150,2,5,12,1,1,3,1,1,0,0,0,3,2,0,,8,99.0,13,3.0,1.0,1.0,0.0,1.0,1.0,100,9.0,,,"-596438,482","-1053258,652","-596438,482","-1053258,652","-596437,483","-1053258,605",RokytnicevOrlick˝chhor·ch,St¯Ìbrn˝vrch,,silnice3.t¯Ìdy,31910,3319967,,Souhlasn˝sesmÏrem˙seku,Pomal˝,576701.0,543063.0,GN_V0.1UIR-ADR_410,1
50706190025,6,,2019-01-14,1,2560,2,0,0,2,1,0,516,0,0,0,150,2,3,12,1,1,1,1,1,0,0,10,1,2,0,,17,,XX,,,,,,,0,,,,"-610971,868","-1046969,75","-610978,314","-1046959,007","-610978,173","-1046959,262",Kvasiny,,,mÌstnÌkomunikace,,3588615,,,Pomal˝,576425.0,,GN_V0.1UIR-ADR_410,1
50706190026,6,,2019-01-01,2,2560,2,0,0,2,1,0,516,0,0,0,20,2,3,1,1,4,1,0,2,0,0,10,1,2,0,,17,,XX,,,,,,,0,,,,"-610942,905","-1046770,881","-610942,905","-1046770,881","-610945,239","-1046766,99",Kvasiny,,,mÌstnÌkomunikace,,1796804,,,Pomal˝,576425.0,,GN_V0.1UIR-ADR_410,1
50706190027,1,11.0,2019-01-15,2,1250,0,0,0,2,1,2,403,0,0,0,40,0,3,1,1,1,1,1,1,3,3,0,5,2,19,6.0,8,77.0,16,4.0,0.0,1.0,0.0,1.0,21.0,0,4.0,1.0,1.0,"-623891,486","-1051723,331","-623881,818","-1051736,222","-623881,777","-1051736,08",,,,silnice1.t¯Ìdy,11,1862038,,Souhlasn˝sesmÏrem˙seku,Pomal˝,576859.0,,GN_V0.1UIR-ADR_410,2
50706190028,1,14.0,2019-01-15,2,1420,0,0,0,2,7,0,608,0,0,0,150,2,3,1,5,3,1,1,1,0,0,0,1,2,0,,5,62.0,00,3.0,0.0,1.0,0.0,1.0,3.0,0,3.0,1.0,1.0,"-611649,063","-1047733,569","-611649,063","-1047733,569","-611643,378","-1047731,259",,,,silnice1.t¯Ìdy,14,2590432,,Souhlasn˝sesmÏrem˙seku,Pomal˝,576808.0,,GN_V0.1UIR-ADR_410,2
50706190029,3,29840.0,2019-01-16,3,820,9,0,0,2,1,4,508,0,0,0,40,2,3,1,1,1,1,1,8,3,3,0,5,1,19,3.0,3,29.0,97,1.0,1.0,0.0,1.0,1.0,13.0,40,2.0,3.0,1.0,"-617648,219","-1039705,69","-617663,259","-1039717,508","-617662,868","-1039717,077",Semechnice,,,silnice3.t¯Ìdy,29840,2590714,,OpaËn˝kesmÏru˙seku,Pomal˝,576751.0,,GN_V0.1UIR-ADR_410,1
50706190030,3,3128.0,2019-01-17,4,642,4,0,0,1,3,2,100,0,0,1,70,2,3,1,1,4,6,1,1,3,3,0,4,1,19,6.0,3,39.0,03,1.0,0.0,1.0,0.0,1.0,13.0,70,2.0,1.0,1.0,"-604484,077","-1057989,882","-604484,614","-1057988,27","-604483,911","-1057988,335",Rybn·nadZdobnicÌ,,,silnice3.t¯Ìdy,3128,1211739,,Souhlasn˝sesmÏrem˙seku,Pomal˝,576727.0,,GN_V0.1UIR-ADR_410,1
50706190031,6,,2019-01-17,4,1100,3,0,1,2,1,2,511,0,0,0,200,1,1,1,1,1,1,1,8,0,0,0,3,1,0,,3,39.0,00,1.0,0.0,1.0,1.0,1.0,5.0,200,2.0,7.0,1.0,"-620397,703","-1038018,936","-620402,537","-1038016,25","-620402,469","-1038016,212",OpoËno,,,mÌstnÌkomunikace,,1508126,,,Pomal˝,576590.0,,GN_V0.1UIR-ADR_410,1