IDENTIFIKA»NÕ »ÕSLO,DRUH POZEMNÕ KOMUNIKACE,»ÕSLO POZEMNÕ KOMUNIKACE,"den, mÏsÌc, rok",,Ëas ,DRUH NEHODY,DRUH SR¡éKY JEDOUCÕCH VOZIDEL,DRUH PEVN… PÿEK¡éKY,CHARAKTER NEHODY,ZAVINÃNÕ NEHODY,ALKOHOL U VINÕKA NEHODY PÿÕTOMEN,HLAVNÕ PÿÕ»INY NEHODY,usmrceno osob,tÏûce zranÏno osob,lehce zranÏno osob,CELKOV¡ HMOTN¡ äKODA,DRUH POVRCHU VOZOVKY,STAV POVRCHU VOZOVKY V DOBÃ NEHODY,STAV KOMUNIKACE,POVÃTRNOSTNÕ PODMÕNKY V DOBÃ NEHODY,VIDITELNOST,ROZHLEDOV… POMÃRY,DÃLENÕ KOMUNIKACE,SITUOV¡NÕ NEHODY NA KOMUNIKACI,ÿÕZENÕ PROVOZU V DOBÃ NEHODY,MÕSTNÕ ⁄PRAVA PÿEDNOSTI V JÕZDÃ,SPECIFICK¡ MÕSTA A OBJEKTY V MÕSTÃ NEHODY,SMÃROV… POMÃRY,PO»ET Z⁄»ASTNÃN›CH VOZIDEL,MÕSTO DOPRAVNÕ NEHODY,DRUH KÿIéUJÕCÕ KOMUNIKACE,DRUH VOZIDLA,V›ROBNÕ ZNA»KA MOTOROV…HO VOZIDLA,ROK V›ROBY VOZIDLA,CHARAKTERISTIKA VOZIDLA ,SMYK,VOZIDLO PO NEHODÃ,"⁄NIK PROVOZNÕCH, PÿEPRAVOVAN›CH HMOT",ZPŸSOB VYPROäTÃNÕ OSOB Z VOZIDLA,SMÃR JÕZDY NEBO POSTAVENÕ VOZIDLA,äKODA NA VOZIDLE,KATEGORIE ÿIDI»E,STAV ÿIDI»E,VNÃJäÕ OVLIVNÃNÕ ÿIDI»E,nan.1,nan.2,nan.3,nan.4,nan.5,nan.6,nan.7,nan.8,nan.9,nan.10,nan.11,nan.12,nan.13,nan.14,nan.15,nan.16,nan.17,nan.18,LOKALITA NEHODY
50706190032,3,29840.0,2019-01-18,5,500,3,0,3,2,1,2,204,0,0,0,320,2,6,1,6,4,1,1,8,0,0,0,2,1,0,,3,39.0,97,1.0,1.0,0.0,0.0,1.0,3.0,300,2.0,1.0,1.0,"-619445,162","-1038029,601","-619419,38","-1038035,51","-619420,255","-1038037,586",OpoËno,UBroumaru,,silnice3.t¯Ìdy,29840,3394370,,OpaËn˝kesmÏru˙seku,Pomal˝,576590.0,542814.0,GN_V0.1UIR-ADR_410,1
50706190033,3,30815.0,2019-01-18,5,754,3,0,7,2,1,2,203,0,0,0,16,2,3,1,1,1,1,1,1,3,3,4,1,1,0,,3,39.0,87,1.0,1.0,0.0,0.0,1.0,3.0,15,3.0,1.0,1.0,"-622224,609","-1036959,999","-622216,015","-1036957,313","-622215,647","-1036956,494",,,,silnice3.t¯Ìdy,30815,251868,,Souhlasn˝sesmÏrem˙seku,Pomal˝,576590.0,542717.0,GN_V0.1UIR-ADR_410,2
50706190034,3,31010.0,2019-01-18,5,1100,1,2,0,2,1,2,502,0,0,0,70,2,6,6,5,1,1,1,1,3,5,0,1,2,0,,3,41.0,05,1.0,0.0,0.0,0.0,1.0,1.0,50,3.0,1.0,1.0,"-596503,242","-1047294,231","-596503,242","-1047294,231","-596504,796","-1047285,246",ÿÌËkyvOrlick˝chhor·ch,,,silnice3.t¯Ìdy,31010,1250626,,OpaËn˝kesmÏru˙seku,Pomal˝,576735.0,,GN_V0.1UIR-ADR_410,1
50706190035,2,311.0,2019-01-14,1,2560,3,0,2,2,1,0,511,0,0,0,500,5,8,1,1,1,1,0,3,3,5,0,1,1,0,,17,,XX,,,,,,,0,,,,"-594490,69","-1040416,259","-594490,69","-1040416,259","-594464,245","-1040400,093",OrlickÈZ·ho¯Ì,,,silnice2.t¯Ìdy,311,2322229,,Souhlasn˝sesmÏrem˙seku,Pomal˝,576603.0,,GN_V0.1UIR-ADR_410,1
50706190036,2,311.0,2019-01-19,6,1010,1,3,0,1,1,2,204,0,0,3,8500,2,5,1,1,1,1,1,1,0,0,0,3,2,0,,5,43.0,90,3.0,0.0,0.0,1.0,1.0,3.0,4000,3.0,1.0,1.0,"-589998,095","-1050084,356","-589998,095","-1050084,356","-589997,098","-1050084,326",,,,silnice2.t¯Ìdy,311,2322295,,Souhlasn˝sesmÏrem˙seku,Pomal˝,576093.0,,GN_V0.1UIR-ADR_410,2
50706190037,3,29846.0,2019-01-20,0,155,3,0,9,2,1,9,205,0,0,0,800,2,1,1,1,4,1,1,1,0,0,6,2,1,0,,3,39.0,98,1.0,0.0,0.0,0.0,1.0,3.0,300,2.0,5.0,1.0,"-614322,289","-1042872,939","-614312,62","-1042865,419","-614312,323","-1042865,415",BÌl˝⁄jezd,,,silnice3.t¯Ìdy,29846,1208699,,OpaËn˝kesmÏru˙seku,Pomal˝,576107.0,,GN_V0.1UIR-ADR_410,1
50706190038,1,14.0,2019-01-20,0,810,9,0,0,1,1,2,508,0,0,1,100,2,1,1,1,1,1,1,1,0,0,0,1,1,0,,5,61.0,05,2.0,1.0,1.0,1.0,1.0,3.0,100,2.0,1.0,1.0,"-610376,611","-1051531,501","-610369,628","-1051527,741","-610368,653","-1051526,571",RychnovnadKnÏûnou,Jir·skova,,silnice1.t¯Ìdy,14,1377923,,Souhlasn˝sesmÏrem˙seku,Pomal˝,576069.0,543403.0,GN_V0.1UIR-ADR_410,1
50706190039,2,320.0,2019-01-22,2,645,5,0,0,2,4,0,100,0,0,0,150,2,1,1,1,6,1,1,1,0,0,0,1,1,0,,5,44.0,07,3.0,0.0,0.0,0.0,1.0,1.0,150,2.0,1.0,1.0,"-618175,059","-1045872,745","-618175,059","-1045872,745","-618172,715","-1045871,716",,,,silnice2.t¯Ìdy,320,2326025,,Souhlasn˝sesmÏrem˙seku,Pomal˝,576891.0,,GN_V0.1UIR-ADR_410,2
50706190040,6,,2019-01-07,1,2560,3,0,2,2,1,0,516,0,0,0,150,5,3,1,1,4,1,1,8,0,0,0,3,1,0,,17,,XX,,,,,,,0,,,,"-609260,919","-1051081,815","-609260,919","-1051081,815","-609264,581","-1051077,203",RychnovnadKnÏûnou,Bejvalova,,mÌstnÌkomunikace,,1377946,,Souhlasn˝sesmÏrem˙seku,Pomal˝,576069.0,1577905.0,GN_V0.1UIR-ADR_410,1
50706190041,2,310.0,2019-01-22,2,1300,1,4,0,2,1,2,504,0,0,0,35,2,8,1,1,1,1,1,1,0,0,0,1,2,0,,3,27.0,14,1.0,0.0,0.0,0.0,1.0,3.0,5,2.0,1.0,1.0,"-602083,691","-1036755,702","-602083,691","-1036755,702","-602082,953","-1036754,468",DeötnÈvOrlick˝chhor·ch,,,silnice2.t¯Ìdy,310,1206159,,OpaËn˝kesmÏru˙seku,Pomal˝,576247.0,,GN_V0.1UIR-ADR_410,1
50706190042,1,14.0,2019-01-22,2,2230,5,0,0,2,4,0,100,0,0,0,100,2,1,1,1,6,1,1,1,0,0,0,1,1,0,,3,39.0,18,3.0,0.0,0.0,0.0,1.0,3.0,100,2.0,1.0,1.0,"-613489,733","-1040094,716","-613489,733","-1040094,716","-613490,669","-1040095,387",,,,silnice1.t¯Ìdy,14,262411,,OpaËn˝kesmÏru˙seku,Pomal˝,576654.0,,GN_V0.1UIR-ADR_410,2
50706190043,2,311.0,2019-01-23,3,1145,1,2,0,2,1,0,501,0,0,0,80,2,5,1,6,1,1,1,1,0,5,0,1,2,0,,17,,XX,,,,,,,0,,,,"-593450,116","-1043179,492","-593450,116","-1043179,492","-593446,531","-1043177,831",,,,silnice2.t¯Ìdy,311,3233406,,OpaËn˝kesmÏru˙seku,Pomal˝,576603.0,,GN_V0.1UIR-ADR_410,2
50706190044,6,,2019-01-23,3,1911,2,0,0,2,1,9,203,0,0,0,950,2,2,1,1,4,1,1,1,3,5,1,1,4,0,,3,4.0,17,1.0,0.0,1.0,0.0,1.0,5.0,500,7.0,5.0,1.0,"-609500,319","-1051304,826","-609500,319","-1051304,826","-609500,435","-1051304,846",RychnovnadKnÏûnou,MÌrov·,,mÌstnÌkomunikace,,1763172,,Souhlasn˝sesmÏrem˙seku,Pomal˝,576069.0,543462.0,GN_V0.1UIR-ADR_410,1
50706190045,2,310.0,2019-01-24,4,2310,5,0,0,2,4,0,100,0,0,0,200,2,1,1,1,6,1,1,1,0,0,0,1,1,0,,3,99.0,05,1.0,0.0,0.0,0.0,1.0,3.0,200,2.0,1.0,1.0,"-599641,564","-1054076,932","-599641,564","-1054076,932","-599649,759","-1054080,724",,,,silnice2.t¯Ìdy,310,2322319,,OpaËn˝kesmÏru˙seku,Pomal˝,576620.0,,GN_V0.1UIR-ADR_410,2
50706190046,2,308.0,2019-01-25,5,660,1,3,0,1,1,2,511,0,0,1,700,2,6,1,6,1,1,1,1,0,0,0,3,2,0,,3,39.0,11,1.0,1.0,1.0,1.0,3.0,3.0,500,2.0,1.0,1.0,"-627145,311","-1034223,125","-627145,311","-1034223,125","-627145,504","-1034217,428",,,,silnice2.t¯Ìdy,308,3233098,,OpaËn˝kesmÏru˙seku,Pomal˝,576212.0,540803.0,GN_V0.1UIR-ADR_410,2
50706190047,3,30815.0,2019-01-25,5,703,3,0,1,2,1,2,204,0,0,0,506,2,6,12,5,5,1,1,3,0,0,0,1,1,0,,3,13.0,03,11.0,0.0,1.0,0.0,1.0,1.0,500,3.0,1.0,1.0,"-620736,645","-1037818,949","-620736,645","-1037818,949","-620732,577","-1037811,429",OpoËno,N·draûnÌ,,silnice3.t¯Ìdy,30815,254921,,Souhlasn˝sesmÏrem˙seku,Pomal˝,576590.0,542661.0,GN_V0.1UIR-ADR_410,1
50706190048,6,,2019-01-25,5,1215,3,0,2,2,1,2,516,0,0,0,100,2,3,1,1,1,1,1,1,3,3,0,4,1,10,6.0,7,26.0,09,3.0,0.0,1.0,0.0,1.0,5.0,0,3.0,1.0,1.0,"-624634,204","-1051159,657","-624661,597","-1051163,416","-624661,43","-1051163,901",T˝niötÏnadOrlicÌ,T.G.Masaryka,,mÌstnÌkomunikace,,306143,,,Pomal˝,576859.0,544574.0,GN_V0.1UIR-ADR_410,1
50706190049,3,3209.0,2019-01-25,5,1004,3,0,2,2,1,0,501,0,0,0,300,2,5,1,6,1,1,1,1,0,0,0,3,1,0,,17,,XX,,,,,,,0,,,,"-619445,142","-1052311,504","-619433,862","-1052301,299","-619432,953","-1052301,315",Oleönice,,,silnice3.t¯Ìdy,3209,1211008,,Souhlasn˝sesmÏrem˙seku,Pomal˝,576581.0,,GN_V0.1UIR-ADR_410,1
50706190050,1,14.0,2019-01-26,6,1840,1,1,0,1,1,2,204,0,0,4,1600,2,8,1,5,7,1,1,1,0,0,0,1,2,0,,3,12.0,08,1.0,0.0,1.0,0.0,1.0,1.0,900,2.0,1.0,1.0,"-612855,983","-1042094,315","-612855,983","-1042094,315","-612854,784","-1042093,908",,,,silnice1.t¯Ìdy,14,2326144,,Souhlasn˝sesmÏrem˙seku,Pomal˝,576107.0,,GN_V0.1UIR-ADR_410,2
50706190051,2,318.0,2019-01-27,0,50,3,0,3,2,1,2,204,0,0,0,350,2,8,1,5,5,1,1,3,0,0,0,2,1,0,,3,2.0,06,1.0,1.0,1.0,0.0,1.0,3.0,300,2.0,1.0,1.0,"-609934,252","-1050262,296","-609934,252","-1050262,296","-609935,859","-1050261,889",RychnovnadKnÏûnou,TrËkova,,silnice2.t¯Ìdy,318,302685,,Souhlasn˝sesmÏrem˙seku,Pomal˝,576069.0,543659.0,GN_V0.1UIR-ADR_410,1
50706190052,6,,2019-01-26,6,2560,2,0,0,2,1,0,516,0,0,0,50,2,6,1,1,1,1,1,2,0,0,0,1,2,0,,17,,XX,,,,,,,0,,,,"-596585,039","-1053193,645","-596585,039","-1053193,645","-596579,062","-1053194,015",RokytnicevOrlick˝chhor·ch,DolnÌSÌdliötÏ,,mÌstnÌkomunikace,,1676129,,Souhlasn˝sesmÏrem˙seku,Pomal˝,576701.0,543055.0,GN_V0.1UIR-ADR_410,1
50706190053,3,3193.0,2019-01-28,1,910,3,0,9,2,1,2,204,0,0,0,950,2,5,1,5,3,1,1,1,0,0,0,1,1,0,,3,7.0,06,1.0,1.0,0.0,1.0,1.0,3.0,800,2.0,1.0,1.0,"-608544,423","-1053272,9","-608532,607","-1053257,86","-608532,478","-1053257,823",RychnovnadKnÏûnou,,,silnice3.t¯Ìdy,3193,1455510,,Souhlasn˝sesmÏrem˙seku,Pomal˝,576069.0,,GN_V0.1UIR-ADR_410,1
50706190054,2,310.0,2019-01-28,1,760,3,0,2,2,1,0,516,0,0,0,200,2,8,1,1,1,1,1,1,0,0,0,1,1,0,,17,,XX,,,,,,,0,,,,"-605192,726","-1032083,582","-605192,726","-1032083,582","-605196,165","-1032086,099",SedloÚov,,,silnice2.t¯Ìdy,310,2592647,,OpaËn˝kesmÏru˙seku,Pomal˝,576743.0,,GN_V0.1UIR-ADR_410,1
50706190055,6,,2019-01-29,2,1940,6,0,0,2,4,0,100,0,0,0,100,2,5,1,1,4,1,1,1,3,5,0,1,1,0,,5,29.0,04,1.0,0.0,0.0,0.0,1.0,5.0,100,3.0,1.0,1.0,"-617061,157","-1036088,669","-617063,306","-1036082,76","-617063,105","-1036083,128",Dobruöka,OpoËensk·,,mÌstnÌkomunikace,,249554,,OpaËn˝kesmÏru˙seku,Pomal˝,576271.0,541184.0,GN_V0.1UIR-ADR_410,1
50706190056,6,,2019-01-30,3,1735,3,0,6,2,1,2,204,0,0,0,220,1,6,12,6,4,1,0,0,0,0,0,1,1,0,,3,39.0,11,1.0,1.0,0.0,0.0,1.0,5.0,200,2.0,1.0,1.0,"-612474,095","-1046302,961","-612474,095","-1046302,961","-612474,009","-1046303,098",Solnice,KomenskÈho,,mÌstnÌkomunikace,,3173983,,OpaËn˝kesmÏru˙seku,Pomal˝,576808.0,544035.0,GN_V0.1UIR-ADR_410,1
51006190001,6,,2019-01-01,2,115,3,0,1,1,1,9,205,0,0,1,160,2,3,1,1,4,1,1,8,0,0,0,3,1,0,,3,39.0,00,1.0,1.0,1.0,0.0,1.0,5.0,100,2.0,5.0,1.0,"-632845,813","-1000176,896","-632845,813","-1000176,896","-632841,922","-1000176,585",Trutnov,Horsk·,,mÌstnÌkomunikace,,166685,,Souhlasn˝sesmÏrem˙seku,Pomal˝,579025.0,595161.0,GN_V0.1UIR-ADR_410,1
51006190002,6,,2019-01-01,2,112,1,2,0,1,1,2,501,0,0,1,310,2,3,1,1,4,1,1,1,0,0,0,1,2,0,,3,39.0,00,1.0,1.0,1.0,0.0,1.0,5.0,10,2.0,5.0,1.0,"-632403,27","-1001081,875","-632385,008","-1001071,133","-632384,602","-1001070,834",Trutnov,Horsk·,,mÌstnÌkomunikace,,168196,,Souhlasn˝sesmÏrem˙seku,Pomal˝,579025.0,595161.0,GN_V0.1UIR-ADR_410,1
51006190003,6,,2019-01-01,2,130,3,0,9,2,1,0,204,0,0,0,850,2,6,1,1,4,1,1,8,0,0,0,2,1,0,,3,26.0,05,1.0,1.0,4.0,0.0,1.0,5.0,800,2.0,1.0,1.0,"-636106,958","-1014716,693","-636106,958","-1014716,693","-636108,284","-1014716,722",Kocbe¯e,,,mÌstnÌkomunikace,,1195431,,OpaËn˝kesmÏru˙seku,Pomal˝,579394.0,,GN_V0.1UIR-ADR_410,1
51006190004,6,,2019-01-02,3,750,1,2,0,2,1,2,414,0,0,0,330,2,6,1,1,2,1,1,1,0,5,0,2,2,0,,3,31.0,98,9.0,0.0,0.0,0.0,1.0,5.0,30,2.0,1.0,1.0,"-652245,294","-984483,118","-652245,294","-984483,118","-652245,188","-984480,516",äpindler˘vMl˝n,UStrouhy,,mÌstnÌkomunikace,,1187808,,Souhlasn˝sesmÏrem˙seku,Pomal˝,579742.0,,GN_V0.1UIR-ADR_410,1
51006190005,6,,2019-01-02,3,1315,1,2,0,2,1,2,204,0,0,0,600,2,6,1,1,1,1,1,1,0,0,0,2,2,0,,3,4.0,14,1.0,1.0,0.0,0.0,1.0,5.0,400,2.0,1.0,1.0,"-641512,074","-987891,368","-641512,074","-987891,368","-641513,967","-987883,218",PecpodSnÏûkou,,,mÌstnÌkomunikace,,1860032,,Souhlasn˝sesmÏrem˙seku,Pomal˝,579581.0,,GN_V0.1UIR-ADR_410,1
51006190006,6,,2019-01-02,3,1315,1,4,0,2,1,2,204,0,0,0,1700,2,6,1,1,1,1,1,1,0,0,0,2,4,0,,5,32.0,18,1.0,1.0,0.0,0.0,1.0,5.0,300,2.0,1.0,1.0,"-641512,074","-987891,368","-641512,074","-987891,368","-641513,967","-987883,218",PecpodSnÏûkou,,,mÌstnÌkomunikace,,1860032,,Souhlasn˝sesmÏrem˙seku,Pomal˝,579581.0,,GN_V0.1UIR-ADR_410,1
51006190007,6,,2019-01-02,3,1355,2,0,0,2,1,2,204,0,0,0,600,2,6,1,1,1,1,1,1,0,0,0,2,3,0,,5,47.0,06,1.0,0.0,0.0,0.0,1.0,5.0,300,3.0,1.0,1.0,"-641512,074","-987891,368","-641512,074","-987891,368","-641513,967","-987883,218",PecpodSnÏûkou,,,mÌstnÌkomunikace,,1860032,,Souhlasn˝sesmÏrem˙seku,Pomal˝,579581.0,,GN_V0.1UIR-ADR_410,1
51006190008,6,,2019-01-02,3,1015,1,4,0,2,1,2,511,0,0,0,1400,2,6,12,1,1,1,1,1,0,0,10,2,4,0,,3,41.0,00,1.0,1.0,1.0,0.0,1.0,5.0,300,2.0,1.0,1.0,"-641915,921","-987579,287","-641915,921","-987579,287","-641909,864","-987574,367",PecpodSnÏûkou,,,mÌstnÌkomunikace,,1188024,,Souhlasn˝sesmÏrem˙seku,Pomal˝,579581.0,,GN_V0.1UIR-ADR_410,1
51006190009,6,,2019-01-02,3,1100,2,0,0,2,1,2,511,0,0,0,600,2,5,1,5,3,1,1,1,0,0,0,1,2,0,,5,13.0,18,2.0,1.0,0.0,0.0,1.0,5.0,0,3.0,1.0,4.0,"-641914,32","-987579,591","-641914,32","-987579,591","-641909,079","-987575,333",PecpodSnÏûkou,,,mÌstnÌkomunikace,,1188024,,Souhlasn˝sesmÏrem˙seku,Pomal˝,579581.0,,GN_V0.1UIR-ADR_410,1
51006190010,6,,2019-01-02,3,1030,2,0,0,2,1,2,511,0,0,0,800,2,6,1,5,3,1,1,1,0,0,10,1,3,0,,3,2.0,16,9.0,1.0,0.0,0.0,1.0,5.0,0,2.0,1.0,1.0,"-641915,938","-987578,837","-641915,938","-987578,837","-641910,091","-987574,088",PecpodSnÏûkou,,,mÌstnÌkomunikace,,1188024,,Souhlasn˝sesmÏrem˙seku,Pomal˝,579581.0,,GN_V0.1UIR-ADR_410,1
51006190011,6,,2019-01-02,3,1255,2,0,0,2,1,2,511,0,0,0,800,2,6,1,5,1,1,1,1,0,0,8,1,3,0,,3,17.0,12,1.0,1.0,0.0,0.0,1.0,5.0,500,2.0,1.0,1.0,"-641916,133","-987581,054","-641916,133","-987581,054","-641909,083","-987575,328",PecpodSnÏûkou,,,mÌstnÌkomunikace,,1188024,,Souhlasn˝sesmÏrem˙seku,Pomal˝,579581.0,,GN_V0.1UIR-ADR_410,1
51006190012,2,300.0,2019-01-02,3,1120,9,0,0,2,1,2,510,0,0,0,3550,2,6,1,5,3,1,1,8,0,0,0,1,1,0,,7,48.0,17,3.0,0.0,1.0,0.0,3.0,1.0,3500,3.0,1.0,1.0,,,"-626460,394","-992318,614","-626461,376","-992324,166",,,,silnice2.t¯Ìdy,300,1329916,,OpaËn˝kesmÏru˙seku,Pomal˝,530808.0,,GN_V0.1UIR-ADR_410,2
51006190013,1,14.0,2019-01-02,3,2245,1,1,0,2,1,2,204,0,0,0,200,2,5,1,1,6,1,1,1,0,0,0,3,2,0,,3,39.0,18,1.0,0.0,0.0,0.0,1.0,1.0,100,2.0,1.0,1.0,"-643972,4","-997154,79","-643972,4","-997154,79","-643967,526","-997145,342",,,,silnice1.t¯Ìdy,14,1858435,,Souhlasn˝sesmÏrem˙seku,Pomal˝,579645.0,,GN_V0.1UIR-ADR_410,2
51006190014,6,,2019-01-02,3,1045,4,0,0,2,1,2,511,0,0,0,10,2,6,1,5,3,1,1,1,0,0,0,1,1,0,,3,39.0,05,1.0,1.0,1.0,0.0,1.0,5.0,0,3.0,1.0,1.0,,,"-649990,972","-983441,84","-649990,972","-983442,794",äpindler˘vMl˝n,,,mÌstnÌkomunikace,,1187648,,Souhlasn˝sesmÏrem˙seku,Pomal˝,579742.0,,GN_V0.1UIR-ADR_410,1
51006190015,2,301.0,2019-01-02,3,1027,3,0,9,2,1,2,204,0,0,0,340,2,6,1,7,1,1,1,3,0,0,0,3,1,0,,3,29.0,93,1.0,1.0,0.0,0.0,1.0,3.0,300,2.0,1.0,1.0,,,"-621467,669","-1001336,274","-621460,628","-1001333,566",ChvaleË,,,silnice2.t¯Ìdy,301,1190150,,Souhlasn˝sesmÏrem˙seku,Pomal˝,579335.0,,GN_V0.1UIR-ADR_410,1
51006190016,2,297.0,2019-01-03,4,945,1,2,0,2,1,2,501,0,0,0,100,2,8,1,5,3,1,1,1,0,0,0,1,2,0,,3,39.0,10,1.0,0.0,1.0,0.0,1.0,1.0,50,2.0,1.0,1.0,"-642631,924","-994487,38","-642631,924","-994487,38","-642631,491","-994487,838",,,,silnice2.t¯Ìdy,297,1188798,,OpaËn˝kesmÏru˙seku,Pomal˝,579645.0,,GN_V0.1UIR-ADR_410,2
51006190017,6,,2019-01-01,2,2560,2,0,0,2,1,0,516,0,0,0,100,5,8,1,1,1,1,1,1,0,0,0,1,2,0,,17,,XX,,,,,,,0,,,,,,"-649921,705","-982529,567","-649920,727","-982529,588",äpindler˘vMl˝n,,,mÌstnÌkomunikace,,3239806,,OpaËn˝kesmÏru˙seku,Pomal˝,579742.0,,GN_V0.1UIR-ADR_410,1
51006190018,6,,2019-01-02,3,2120,1,4,0,2,1,0,204,0,0,0,350,2,3,1,1,4,1,0,1,0,0,10,1,2,0,,3,42.0,11,1.0,1.0,0.0,0.0,1.0,5.0,50,2.0,1.0,1.0,"-631047,966","-1003854,373","-631047,966","-1003854,373","-631049,146","-1003855,141",Trutnov,Horsk·,,mÌstnÌkomunikace,,3076396,,Souhlasn˝sesmÏrem˙seku,Pomal˝,579025.0,595161.0,GN_V0.1UIR-ADR_410,1
51006190019,6,,2019-01-04,5,120,2,0,0,2,1,6,508,0,0,0,110,2,8,1,1,4,1,1,1,0,0,10,1,2,0,,3,31.0,99,1.0,0.0,1.0,0.0,1.0,5.0,10,7.0,4.0,1.0,"-651037,439","-995607,784","-651037,439","-995607,784","-651036,906","-995607,801",VrchlabÌ,Nerudova,,mÌstnÌkomunikace,,2607179,,Souhlasn˝sesmÏrem˙seku,Pomal˝,579858.0,599140.0,GN_V0.1UIR-ADR_410,1
51006190020,2,295.0,2019-01-04,5,1425,1,4,0,2,1,2,503,0,0,0,2500,2,8,1,5,1,1,1,1,0,0,0,1,2,0,,3,39.0,18,3.0,0.0,0.0,0.0,1.0,3.0,2000,2.0,1.0,1.0,"-651266,561","-991454,628","-651266,561","-991454,628","-651257,781","-991451,651",VrchlabÌ,Horsk·,,silnice2.t¯Ìdy,295,3229637,,Souhlasn˝sesmÏrem˙seku,Pomal˝,579858.0,598461.0,GN_V0.1UIR-ADR_410,1
51006190021,8,,2019-01-04,5,1330,2,0,0,2,1,0,504,0,0,0,200,2,8,1,5,1,1,0,2,0,0,10,1,2,0,,5,44.0,08,3.0,0.0,3.0,0.0,1.0,5.0,0,2.0,1.0,1.0,"-649902,796","-982623,026","-649902,796","-982623,026","-649904,977","-982608,849",äpindler˘vMl˝n,,,mÌstnÌkomunikace,,3239860,,Souhlasn˝sesmÏrem˙seku,Pomal˝,579742.0,,GN_V0.1UIR-ADR_410,1
51006190022,1,14.0,2019-01-04,5,2025,2,0,0,1,1,4,508,0,0,1,2200,2,3,1,5,5,1,1,1,0,0,0,1,2,0,,3,39.0,97,1.0,0.0,0.0,0.0,1.0,1.0,200,2.0,3.0,1.0,"-628422,913","-1003263,387","-628424,525","-1003258,016","-628424,175","-1003259,41",Trutnov,N·chodsk·,,silnice1.t¯Ìdy,14,1383577,,Souhlasn˝sesmÏrem˙seku,Pomal˝,579025.0,596931.0,GN_V0.1UIR-ADR_410,1
51006190023,6,,2019-01-05,6,605,3,0,6,2,1,2,508,0,0,0,500,2,8,1,4,5,1,1,3,0,0,0,1,1,0,,9,0.0,05,3.0,0.0,1.0,0.0,1.0,5.0,0,3.0,1.0,1.0,,,"-649843,668","-983190,848","-649842,633","-983191,745",äpindler˘vMl˝n,OkruûnÌ,,mÌstnÌkomunikace,,3229657,,Souhlasn˝sesmÏrem˙seku,Pomal˝,579742.0,,GN_V0.1UIR-ADR_410,1
51006190024,1,14.0,2019-01-05,6,1635,5,0,0,2,4,0,100,0,0,0,300,2,3,1,4,2,1,1,1,0,0,0,3,1,0,,5,27.0,18,8.0,0.0,1.0,0.0,1.0,1.0,300,2.0,1.0,1.0,"-641950,83","-1000909,021","-641950,83","-1000909,021","-641951,857","-1000902,606",RudnÌk,,,silnice1.t¯Ìdy,14,1858379,,Souhlasn˝sesmÏrem˙seku,Pomal˝,579645.0,,GN_V0.1UIR-ADR_410,1
51006190025,1,16.0,2019-01-07,1,1015,9,0,0,1,1,2,204,0,0,1,200,2,3,1,1,1,1,1,8,0,0,0,3,1,0,,3,39.0,02,1.0,1.0,0.0,0.0,1.0,3.0,200,2.0,1.0,1.0,"-635848,489","-1004852,018","-635848,489","-1004852,018","-635851,318","-1004846,765",,,,silnice1.t¯Ìdy,16,1678021,,OpaËn˝kesmÏru˙seku,Pomal˝,579599.0,704326.0,GN_V0.1UIR-ADR_410,2
51006190026,2,300.0,2019-01-08,2,545,1,3,0,2,1,2,204,0,0,0,850,2,8,1,5,4,1,1,1,0,0,0,3,2,0,,8,99.0,07,3.0,1.0,0.0,0.0,1.0,3.0,500,4.0,1.0,1.0,"-638796,762","-1016896,081","-638796,762","-1016896,081","-638798,029","-1016894,797",Dv˘rKr·lovÈnadLabem,Tyröova,,silnice2.t¯Ìdy,300,1401049,,Souhlasn˝sesmÏrem˙seku,Pomal˝,579203.0,593389.0,GN_V0.1UIR-ADR_410,1
51006190027,1,37.0,2019-01-08,2,645,9,0,0,2,1,2,304,0,0,0,400,2,6,1,5,6,1,1,1,0,0,0,1,2,0,,5,26.0,10,3.0,0.0,0.0,0.0,1.0,1.0,0,3.0,1.0,1.0,"-633255,538","-1011610,545","-633255,538","-1011610,545","-633259,737","-1011604,989",,,,silnice1.t¯Ìdy,37,1860465,,Souhlasn˝sesmÏrem˙seku,Pomal˝,579211.0,,GN_V0.1UIR-ADR_410,2
51006190028,1,37.0,2019-01-08,2,645,1,4,0,2,1,2,503,0,0,0,1000,2,6,1,5,6,1,1,1,0,0,0,2,2,0,,5,19.0,18,3.0,1.0,0.0,0.0,1.0,3.0,600,2.0,1.0,1.0,"-633255,538","-1011610,545","-633255,538","-1011610,545","-633259,737","-1011604,989",,,,silnice1.t¯Ìdy,37,1860465,,Souhlasn˝sesmÏrem˙seku,Pomal˝,579211.0,,GN_V0.1UIR-ADR_410,2
51006190029,6,,2019-01-08,2,715,1,3,0,2,1,2,205,0,0,0,1600,2,8,1,5,5,1,1,1,0,0,0,3,2,0,,3,31.0,15,1.0,1.0,1.0,0.0,1.0,5.0,1000,2.0,1.0,1.0,"-631778,338","-1003361,017","-631778,338","-1003361,017","-631781,453","-1003354,792",Trutnov,Sk¯iv·nËÌ,,mÌstnÌkomunikace,,172050,,OpaËn˝kesmÏru˙seku,Pomal˝,579025.0,596035.0,GN_V0.1UIR-ADR_410,1