IDENTIFIKA»NÕ »ÕSLO,DRUH POZEMNÕ KOMUNIKACE,»ÕSLO POZEMNÕ KOMUNIKACE,"den, mÏsÌc, rok",,Ëas ,DRUH NEHODY,DRUH SR¡éKY JEDOUCÕCH VOZIDEL,DRUH PEVN… PÿEK¡éKY,CHARAKTER NEHODY,ZAVINÃNÕ NEHODY,ALKOHOL U VINÕKA NEHODY PÿÕTOMEN,HLAVNÕ PÿÕ»INY NEHODY,usmrceno osob,tÏûce zranÏno osob,lehce zranÏno osob,CELKOV¡ HMOTN¡ äKODA,DRUH POVRCHU VOZOVKY,STAV POVRCHU VOZOVKY V DOBÃ NEHODY,STAV KOMUNIKACE,POVÃTRNOSTNÕ PODMÕNKY V DOBÃ NEHODY,VIDITELNOST,ROZHLEDOV… POMÃRY,DÃLENÕ KOMUNIKACE,SITUOV¡NÕ NEHODY NA KOMUNIKACI,ÿÕZENÕ PROVOZU V DOBÃ NEHODY,MÕSTNÕ ⁄PRAVA PÿEDNOSTI V JÕZDÃ,SPECIFICK¡ MÕSTA A OBJEKTY V MÕSTÃ NEHODY,SMÃROV… POMÃRY,PO»ET Z⁄»ASTNÃN›CH VOZIDEL,MÕSTO DOPRAVNÕ NEHODY,DRUH KÿIéUJÕCÕ KOMUNIKACE,DRUH VOZIDLA,V›ROBNÕ ZNA»KA MOTOROV…HO VOZIDLA,ROK V›ROBY VOZIDLA,CHARAKTERISTIKA VOZIDLA ,SMYK,VOZIDLO PO NEHODÃ,"⁄NIK PROVOZNÕCH, PÿEPRAVOVAN›CH HMOT",ZPŸSOB VYPROäTÃNÕ OSOB Z VOZIDLA,SMÃR JÕZDY NEBO POSTAVENÕ VOZIDLA,äKODA NA VOZIDLE,KATEGORIE ÿIDI»E,STAV ÿIDI»E,VNÃJäÕ OVLIVNÃNÕ ÿIDI»E,nan.1,nan.2,nan.3,nan.4,nan.5,nan.6,nan.7,nan.8,nan.9,nan.10,nan.11,nan.12,nan.13,nan.14,nan.15,nan.16,nan.17,nan.18,LOKALITA NEHODY
51006190030,2,325.0,2019-01-08,2,700,3,0,9,2,1,2,204,0,0,0,200,2,8,1,5,5,1,1,8,0,0,0,3,1,0,,3,35.0,91,1.0,1.0,1.0,0.0,1.0,1.0,100,2.0,1.0,1.0,"-644239,43","-1004930,967","-644234,579","-1004909,949","-644234,661","-1004910,318",HostinnÈ,Horsk·,,silnice2.t¯Ìdy,325,176511,,OpaËn˝kesmÏru˙seku,Pomal˝,579297.0,593711.0,GN_V0.1UIR-ADR_410,1
51006190031,1,14.0,2019-01-08,2,525,3,0,3,2,1,2,204,0,0,0,300,2,8,1,5,7,1,1,8,0,0,5,3,1,0,,3,48.0,98,1.0,1.0,1.0,0.0,3.0,3.0,200,2.0,1.0,1.0,"-623166,289","-1010701,331","-623166,289","-1010701,331","-623174,615","-1010694,135",BatÚovice,,,silnice1.t¯Ìdy,14,1858399,,Souhlasn˝sesmÏrem˙seku,Pomal˝,579041.0,,GN_V0.1UIR-ADR_410,1
51006190032,1,16.0,2019-01-08,2,630,3,0,2,2,1,2,510,0,0,0,1100,2,8,1,5,5,1,1,8,0,0,0,2,1,0,,7,40.0,17,2.0,1.0,1.0,0.0,1.0,3.0,500,3.0,1.0,1.0,"-646211,14","-1006401,347","-646211,14","-1006401,347","-646211,054","-1006382,323",DolnÌOleönice,,,silnice1.t¯Ìdy,16,1858392,,Souhlasn˝sesmÏrem˙seku,Pomal˝,579173.0,,GN_V0.1UIR-ADR_410,1
51006190033,6,,2019-01-08,2,750,2,0,0,2,1,2,204,0,0,0,1000,2,8,1,5,2,1,1,1,0,0,10,2,3,0,,3,35.0,99,1.0,1.0,1.0,0.0,1.0,5.0,100,2.0,1.0,1.0,"-629744,484","-1004336,85","-629744,484","-1004336,85","-629743,807","-1004333,933",Trutnov,Kryblick·,,mÌstnÌkomunikace,,174651,,Souhlasn˝sesmÏrem˙seku,Pomal˝,579025.0,595381.0,GN_V0.1UIR-ADR_410,1
51006190034,1,14.0,2019-01-08,2,1030,1,4,0,2,1,2,503,0,0,0,1500,2,8,1,5,3,1,1,1,0,0,0,1,2,0,,5,19.0,12,3.0,1.0,1.0,0.0,1.0,1.0,1000,3.0,1.0,1.0,"-648441,699","-995350,276","-648434,154","-995334,647","-648434,487","-995335,308",,,,silnice1.t¯Ìdy,14,1678143,,OpaËn˝kesmÏru˙seku,Pomal˝,579432.0,,GN_V0.1UIR-ADR_410,2
51006190035,6,,2019-01-08,2,2560,2,0,0,2,1,0,511,0,0,0,200,2,3,1,5,3,1,1,1,0,0,0,1,2,0,,17,,XX,,,,,,,0,,,,"-624800,49","-1010247,143","-624800,49","-1010247,143","-624799,168","-1010247,367",⁄pice,Smetanova,,mÌstnÌkomunikace,,189886,,OpaËn˝kesmÏru˙seku,Pomal˝,579777.0,598097.0,GN_V0.1UIR-ADR_410,1
51006190036,3,2952.0,2019-01-08,2,1330,1,2,0,2,1,0,501,0,0,0,50,2,3,1,4,1,1,1,1,0,0,0,1,2,0,,17,,XX,,,,,,,0,,,,"-650120,394","-1003990,413","-650120,394","-1003990,413","-650124,325","-1003992,654",DolnÌKaln·,,,silnice3.t¯Ìdy,2952,1248294,,OpaËn˝kesmÏru˙seku,Pomal˝,579157.0,,GN_V0.1UIR-ADR_410,1
51006190037,6,,2019-01-08,2,1315,3,0,2,2,1,2,504,0,0,0,110,1,8,1,5,3,1,0,0,0,0,10,1,1,0,,3,39.0,11,3.0,0.0,0.0,0.0,1.0,5.0,100,2.0,1.0,1.0,"-631815,397","-1004014,842","-631815,397","-1004014,842","-631816,585","-1004010,491",Trutnov,RotyNazdar,,mÌstnÌkomunikace,,1861053,,OpaËn˝kesmÏru˙seku,Pomal˝,579025.0,674516.0,GN_V0.1UIR-ADR_410,1
51006190038,2,300.0,2019-01-08,2,1615,9,0,0,1,1,2,204,0,0,1,150,2,8,1,5,2,1,1,0,0,0,0,1,1,0,,3,39.0,00,1.0,1.0,0.0,0.0,1.0,3.0,150,2.0,1.0,1.0,"-630503,589","-996068,642","-630503,589","-996068,642","-630491,364","-996064,323",,,,silnice2.t¯Ìdy,300,1327517,,OpaËn˝kesmÏru˙seku,Pomal˝,579025.0,,GN_V0.1UIR-ADR_410,2
51006190039,6,,2019-01-08,2,1700,4,0,0,2,1,2,509,0,0,0,500,2,6,1,5,5,1,1,1,0,0,0,1,1,0,,3,39.0,18,2.0,1.0,0.0,0.0,1.0,5.0,500,2.0,1.0,1.0,"-649907,139","-983709,013","-649907,139","-983709,013","-649906,294","-983708,527",äpindler˘vMl˝n,Svatopetrsk·,,mÌstnÌkomunikace,,1698693,,OpaËn˝kesmÏru˙seku,Pomal˝,579742.0,,GN_V0.1UIR-ADR_410,1
51006190040,6,,2019-01-08,2,1600,1,2,0,2,1,2,205,0,0,0,1200,2,6,1,1,1,1,1,1,0,0,0,3,3,0,,3,47.0,99,9.0,1.0,1.0,0.0,1.0,5.0,200,2.0,1.0,1.0,"-648493,041","-983486,701","-648484,984","-983466,29","-648483,856","-983466,431",äpindler˘vMl˝n,,,mÌstnÌkomunikace,,1187661,,Souhlasn˝sesmÏrem˙seku,Pomal˝,579742.0,,GN_V0.1UIR-ADR_410,1
51006190041,6,,2019-01-08,2,2135,2,0,0,2,1,2,511,0,0,0,700,2,8,1,5,7,1,1,8,0,0,10,1,2,0,,3,47.0,02,9.0,1.0,0.0,0.0,1.0,5.0,300,2.0,1.0,1.0,"-641955,599","-987531,514","-641955,599","-987531,514","-641949,013","-987526,165",PecpodSnÏûkou,,,mÌstnÌkomunikace,,1188024,,Souhlasn˝sesmÏrem˙seku,Pomal˝,579581.0,,GN_V0.1UIR-ADR_410,1
51006190042,1,16.0,2019-01-09,3,1020,3,0,1,1,1,2,508,0,0,1,1500,2,3,1,1,1,1,1,3,0,0,0,1,1,0,,3,60.0,16,1.0,0.0,0.0,1.0,1.0,3.0,1500,3.0,2.0,1.0,"-648216,007","-1004862,709","-648216,007","-1004862,709","-648211,964","-1004852,869",,,,silnice1.t¯Ìdy,16,1580132,,Souhlasn˝sesmÏrem˙seku,Pomal˝,579271.0,,GN_V0.1UIR-ADR_410,2
51006190043,2,325.0,2019-01-09,3,1125,3,0,1,1,1,2,508,0,0,1,900,2,3,1,1,1,1,1,1,0,0,0,3,1,0,,3,32.0,13,1.0,0.0,0.0,0.0,1.0,1.0,900,2.0,0.0,1.0,"-645019,335","-1026716,011","-645000,536","-1026713,863","-645000,113","-1026713,915",,,,silnice2.t¯Ìdy,325,1871700,,Souhlasn˝sesmÏrem˙seku,Pomal˝,579793.0,,GN_V0.1UIR-ADR_410,2
51006190044,2,295.0,2019-01-10,4,35,0,0,0,2,0,0,100,0,0,0,300,2,5,1,1,6,1,1,1,0,0,0,3,1,0,,3,47.0,09,1.0,0.0,0.0,0.0,1.0,3.0,300,2.0,1.0,1.0,"-652148,363","-988028,537","-652148,363","-988028,537","-652144,09","-988023,472",,,,silnice2.t¯Ìdy,295,1859960,,Souhlasn˝sesmÏrem˙seku,Pomal˝,579742.0,,GN_V0.1UIR-ADR_410,2
51006190045,6,,2019-01-10,4,1040,2,0,0,2,1,2,509,0,0,0,600,2,6,1,5,1,1,0,1,0,0,0,1,2,0,,5,47.0,09,3.0,0.0,0.0,0.0,1.0,5.0,300,3.0,1.0,1.0,"-617350,651","-1006197,392","-617350,651","-1006197,392","-617351,829","-1006197,147",JÌvka,,,mÌstnÌkomunikace,,1930003,,OpaËn˝kesmÏru˙seku,Pomal˝,579378.0,,GN_V0.1UIR-ADR_410,1
51006190046,6,,2019-01-10,4,1615,4,0,0,1,1,2,412,0,0,1,0,2,6,1,5,2,1,1,1,0,0,1,1,1,0,,3,35.0,18,1.0,0.0,0.0,0.0,1.0,5.0,0,2.0,1.0,1.0,"-631987,516","-1001957,775","-631987,516","-1001957,775","-631985,351","-1001957,168",Trutnov,Horsk·,,mÌstnÌkomunikace,,169506,,OpaËn˝kesmÏru˙seku,Pomal˝,579025.0,595161.0,GN_V0.1UIR-ADR_410,1
51006190047,6,,2019-01-10,4,2300,3,0,2,2,1,8,508,0,0,0,700,2,6,1,1,4,1,1,6,0,0,2,3,1,0,,3,12.0,12,3.0,0.0,1.0,0.0,1.0,5.0,500,3.0,5.0,1.0,"-631545,099","-1003939,324","-631546,711","-1003931,804","-631546,621","-1003931,813",Trutnov,»SL.ARM¡DY,,mÌstnÌkomunikace,,3319098,,,Pomal˝,579025.0,596299.0,GN_V0.1UIR-ADR_410,1
51006190048,6,,2019-01-11,5,720,2,0,0,2,1,2,505,0,0,0,350,2,6,1,1,2,1,1,1,0,0,10,3,4,0,,7,48.0,16,3.0,0.0,1.0,0.0,1.0,5.0,0,3.0,1.0,1.0,"-629033,646","-1003271,331","-629033,646","-1003271,331","-629042,127","-1003275,352",Trutnov,Kolm·,,mÌstnÌkomunikace,,1861107,,Souhlasn˝sesmÏrem˙seku,Pomal˝,579025.0,596671.0,GN_V0.1UIR-ADR_410,1
51006190049,6,,2019-01-11,5,1037,2,0,0,2,1,0,504,0,0,0,150,2,6,1,1,1,1,0,1,0,0,0,1,2,0,,3,39.0,15,1.0,0.0,1.0,0.0,1.0,5.0,0,2.0,1.0,1.0,"-651239,864","-994191,3","-651239,864","-994191,3","-651231,274","-994184,633",VrchlabÌ,Krkonoösk·,,mÌstnÌkomunikace,,2607236,,Souhlasn˝sesmÏrem˙seku,Pomal˝,579858.0,598712.0,GN_V0.1UIR-ADR_410,1
51006190050,6,,2019-01-10,4,2560,2,0,0,2,1,0,508,0,0,0,300,2,8,1,5,1,1,0,0,0,0,0,1,2,0,,17,,XX,,,,,,,0,,,,"-647676,534","-979638,1","-647676,534","-979638,1","-647642,841","-979642,179",,,,mÌstnÌkomunikace,,2510180,,OpaËn˝kesmÏru˙seku,Pomal˝,579742.0,,GN_V0.1UIR-ADR_410,2
51006190051,6,,2019-01-12,6,1320,2,0,0,2,1,2,205,0,0,0,700,2,8,1,1,1,1,1,1,0,0,0,3,2,0,,3,27.0,07,12.0,1.0,1.0,0.0,1.0,5.0,500,4.0,1.0,1.0,"-650727,065","-983263,493","-650725,99","-983255,436","-650726,034","-983255,463",äpindler˘vMl˝n,Vod·rensk·,,mÌstnÌkomunikace,,3229658,,OpaËn˝kesmÏru˙seku,Pomal˝,579742.0,,GN_V0.1UIR-ADR_410,1
51006190052,2,297.0,2019-01-12,6,1020,1,2,0,2,1,0,205,0,0,0,500,2,3,1,5,1,1,1,1,0,0,0,3,2,0,,17,,XX,,,,,,,0,,,,"-643344,962","-994634,909","-643372,894","-994617,72","-643372,863","-994617,624",,,,silnice2.t¯Ìdy,297,2943658,,Souhlasn˝sesmÏrem˙seku,Pomal˝,579114.0,,GN_V0.1UIR-ADR_410,2
51006190053,1,37.0,2019-01-12,6,1735,1,1,0,1,1,2,405,0,0,1,250,2,3,1,4,5,1,1,1,3,3,0,5,2,19,6.0,3,5.0,07,1.0,0.0,1.0,0.0,1.0,32.0,150,2.0,1.0,1.0,"-631275,732","-1005368,621","-631278,955","-1005351,432","-631278,708","-1005351,31",Trutnov,Hradeck·,,silnice1.t¯Ìdy,37,177481,,Souhlasn˝sesmÏrem˙seku,Pomal˝,579025.0,712621.0,GN_V0.1UIR-ADR_410,1
51006190054,6,,2019-01-13,0,845,2,0,0,2,1,3,516,0,0,0,400,2,6,1,1,1,1,1,1,0,0,0,1,2,0,,8,78.0,10,3.0,0.0,0.0,0.0,1.0,5.0,100,4.0,4.0,1.0,"-649858,993","-982320,329","-649861,678","-982303,14","-649861,903","-982303,475",äpindler˘vMl˝n,OkruûnÌ,,mÌstnÌkomunikace,,1187464,,Souhlasn˝sesmÏrem˙seku,Pomal˝,579742.0,,GN_V0.1UIR-ADR_410,1
51006190055,2,295.0,2019-01-13,0,1220,1,3,0,2,1,2,516,0,0,0,1200,2,3,1,4,1,1,1,1,0,0,0,1,2,0,,3,44.0,18,3.0,0.0,1.0,0.0,1.0,3.0,1000,2.0,1.0,1.0,"-651327,036","-991258,147","-651327,036","-991258,147","-651324,625","-991257,434",VrchlabÌ,Horsk·,,silnice2.t¯Ìdy,295,2607119,,Souhlasn˝sesmÏrem˙seku,Pomal˝,579858.0,598461.0,GN_V0.1UIR-ADR_410,1
51006190056,1,14.0,2019-01-13,0,1340,3,0,4,2,1,2,205,0,0,0,650,2,3,1,3,1,1,1,3,0,0,0,3,1,0,,3,39.0,17,1.0,1.0,0.0,0.0,1.0,1.0,600,2.0,1.0,1.0,"-638487,157","-999925,072","-638437,742","-999881,027","-638437,445","-999881,55",,,,silnice1.t¯Ìdy,14,1327566,,OpaËn˝kesmÏru˙seku,Pomal˝,579645.0,,GN_V0.1UIR-ADR_410,2
51006190057,6,,2019-01-13,0,1015,4,0,0,1,3,2,100,0,1,0,0,0,6,1,3,1,1,0,0,0,0,0,1,1,0,,12,0.0,,3.0,0.0,0.0,0.0,1.0,5.0,0,4.0,1.0,1.0,"-641142,416","-989428,882","-641142,416","-989428,882","-641138,933","-989429,532",PecpodSnÏûkou,,,mÌstnÌkomunikace,,3263805,,,Pomal˝,579581.0,,GN_V0.1UIR-ADR_410,1
51006190058,6,,2019-01-14,1,545,3,0,9,2,1,2,204,0,0,0,230,2,6,1,1,4,1,1,1,0,0,0,3,1,0,,3,7.0,04,1.0,1.0,1.0,0.0,1.0,5.0,200,2.0,1.0,1.0,"-618741,351","-1012718,802","-618741,351","-1012718,802","-618742,44","-1012710,248",RtynÏvPodkrkonoöÌ,,,mÌstnÌkomunikace,,196471,,Souhlasn˝sesmÏrem˙seku,Pomal˝,579637.0,,GN_V0.1UIR-ADR_410,1
51006190059,1,14.0,2019-01-14,1,645,5,0,0,2,4,0,100,0,0,0,110,2,5,1,1,4,1,1,1,0,0,0,1,1,0,,3,35.0,17,1.0,0.0,0.0,0.0,1.0,1.0,100,2.0,1.0,1.0,"-645586,261","-996759,542","-645585,186","-996751,486","-645584,737","-996750,174",,,,silnice1.t¯Ìdy,14,2943526,,Souhlasn˝sesmÏrem˙seku,Pomal˝,579114.0,,GN_V0.1UIR-ADR_410,2
51006190060,3,32549.0,2019-01-14,1,915,3,0,7,2,1,2,508,0,0,0,810,2,3,1,1,1,1,1,1,0,0,4,1,1,0,,7,62.0,16,3.0,0.0,0.0,0.0,1.0,1.0,0,3.0,1.0,1.0,"-643633,742","-1005158,585","-643646,097","-1005167,717","-643646,059","-1005167,99",HostinnÈ,K.»apka,,silnice3.t¯Ìdy,32549,177154,,OpaËn˝kesmÏru˙seku,Pomal˝,579297.0,593796.0,GN_V0.1UIR-ADR_410,1
51006190061,6,,2019-01-14,1,1015,3,0,6,1,1,2,204,0,0,1,310,2,5,1,1,1,1,1,1,0,0,2,3,1,0,,3,16.0,09,1.0,1.0,0.0,0.0,1.0,5.0,300,2.0,1.0,1.0,"-629919,084","-1004271,818","-629916,398","-1004268,058","-629915,88","-1004267,515",Trutnov,Kryblick·,,mÌstnÌkomunikace,,174615,,Souhlasn˝sesmÏrem˙seku,Pomal˝,579025.0,595381.0,GN_V0.1UIR-ADR_410,1
51006190062,2,300.0,2019-01-15,2,730,1,2,0,2,1,0,502,0,0,0,50,2,3,1,1,2,1,1,1,0,0,0,1,2,0,,17,,XX,,,,,,,0,,,,"-636894,227","-1015735,425","-636894,227","-1015735,425","-636897,011","-1015731,487",,,,silnice2.t¯Ìdy,300,1858406,,OpaËn˝kesmÏru˙seku,Pomal˝,579394.0,,GN_V0.1UIR-ADR_410,2
51006190063,3,3012.0,2019-01-15,2,1030,3,0,9,2,1,2,204,0,0,0,320,2,8,1,1,1,1,1,8,0,0,0,3,1,0,,3,13.0,07,1.0,1.0,1.0,0.0,1.0,3.0,300,2.0,1.0,1.0,"-629525,273","-1006358,469","-629525,273","-1006358,469","-629522,791","-1006349,311",Trutnov,,,silnice3.t¯Ìdy,3012,1678635,,Souhlasn˝sesmÏrem˙seku,Pomal˝,579025.0,,GN_V0.1UIR-ADR_410,1
51006190064,3,32551.0,2019-01-15,2,1615,1,3,0,1,1,2,403,0,0,1,600,2,8,1,1,1,1,1,1,3,3,0,4,2,19,6.0,3,39.0,08,1.0,0.0,1.0,0.0,1.0,13.0,300,2.0,1.0,1.0,"-650661,95","-995488,201","-650657,116","-995474,772","-650656,542","-995474,439",VrchlabÌ,DÏlnick·,,silnice3.t¯Ìdy,32551,159081,,Souhlasn˝sesmÏrem˙seku,Pomal˝,579858.0,598372.0,GN_V0.1UIR-ADR_410,1
51006190065,6,,2019-01-15,2,1700,1,2,0,2,1,2,204,0,0,0,110,2,6,1,1,4,1,1,1,3,3,0,4,2,10,6.0,3,47.0,03,1.0,1.0,1.0,0.0,1.0,5.0,10,2.0,1.0,1.0,"-632120,29","-1001378,709","-632153,272","-1001410,745","-632153,076","-1001410,615",Trutnov,Horsk·,,mÌstnÌkomunikace,,1678837,,OpaËn˝kesmÏru˙seku,Pomal˝,579025.0,595161.0,GN_V0.1UIR-ADR_410,1
51006190066,6,,2019-01-15,2,1740,2,0,0,2,1,0,508,0,0,0,500,2,6,1,1,4,1,1,1,0,0,0,1,2,0,,17,,XX,,,,,,,0,,,,"-629997,419","-1003829,913","-629990,437","-1003851,398","-629990,216","-1003851,864",Trutnov,POLSK¡,,mÌstnÌkomunikace,,1678752,,Souhlasn˝sesmÏrem˙seku,Pomal˝,579025.0,,GN_V0.1UIR-ADR_410,1
51006190067,2,325.0,2019-01-15,2,2000,3,0,9,2,1,2,204,0,0,0,600,2,6,1,1,6,1,1,8,0,0,0,3,1,0,,3,39.0,11,1.0,1.0,1.0,0.0,1.0,3.0,400,2.0,1.0,1.0,"-643299,506","-1005619,573","-643299,506","-1005619,573","-643296,904","-1005616,897",HostinnÈ,N·draûnÌ,,silnice2.t¯Ìdy,325,3277678,,Souhlasn˝sesmÏrem˙seku,Pomal˝,579297.0,593877.0,GN_V0.1UIR-ADR_410,1
51006190068,1,14.0,2019-01-15,2,2235,5,0,0,2,4,0,100,0,0,0,200,2,6,1,1,6,1,1,1,0,0,0,1,1,0,,3,39.0,17,3.0,0.0,1.0,0.0,1.0,3.0,200,2.0,1.0,1.0,"-645357,872","-996798,445","-645357,872","-996798,445","-645356,135","-996791,088",,,,silnice1.t¯Ìdy,14,2943527,,Souhlasn˝sesmÏrem˙seku,Pomal˝,579114.0,,GN_V0.1UIR-ADR_410,2
51006190069,1,14.0,2019-01-16,3,1910,9,0,0,1,1,2,209,0,0,1,1000,2,3,1,1,4,1,1,8,0,0,0,1,1,0,,3,7.0,11,3.0,0.0,0.0,0.0,1.0,3.0,1000,3.0,1.0,5.0,"-640369,923","-1000615,331","-640346,825","-1000593,308","-640347,035","-1000592,548",RudnÌk-JavornÌk,,,silnice1.t¯Ìdy,14,1859032,,Souhlasn˝sesmÏrem˙seku,Pomal˝,579645.0,,GN_V0.1UIR-ADR_410,1
51006190070,1,37.0,2019-01-17,4,1250,1,4,0,2,1,2,508,0,0,0,1000,2,3,1,1,1,1,1,0,0,0,2,3,2,0,,8,74.0,11,9.0,0.0,0.0,0.0,1.0,1.0,500,4.0,1.0,1.0,"-635918,018","-1015172,326","-635930,373","-1015181,995","-635930,021","-1015182,244",Kocbe¯e,,,silnice1.t¯Ìdy,37,2304569,,Souhlasn˝sesmÏrem˙seku,Pomal˝,579394.0,,GN_V0.1UIR-ADR_410,1
51006190071,6,,2019-01-17,4,920,2,0,0,2,1,0,508,0,0,0,350,1,3,1,1,1,1,1,1,0,0,0,1,2,0,,3,60.0,00,1.0,0.0,0.0,0.0,1.0,5.0,50,3.0,1.0,1.0,"-639347,561","-1017815,898","-639342,19","-1017824,493","-639342,3","-1017824,318",Dv˘rKr·lovÈnadLabem,Rooseveltova,,mÌstnÌkomunikace,,208480,,Souhlasn˝sesmÏrem˙seku,Pomal˝,579203.0,593214.0,GN_V0.1UIR-ADR_410,1
51006190072,1,37.0,2019-01-17,4,1805,1,2,0,1,1,2,516,0,0,1,4500,2,3,1,3,6,1,1,1,3,3,0,5,2,19,3.0,3,8.0,18,1.0,0.0,0.0,0.0,1.0,12.0,500,2.0,1.0,1.0,"-634101,299","-1012300,281","-634136,75","-1012311,024","-634136,237","-1012311,921",,,,silnice1.t¯Ìdy,37,195187,,Souhlasn˝sesmÏrem˙seku,Pomal˝,579211.0,,GN_V0.1UIR-ADR_410,2
51006190073,1,16.0,2019-01-18,5,410,3,0,4,2,1,2,204,0,0,0,500,2,6,1,6,4,1,1,3,0,0,0,3,1,0,,3,35.0,18,9.0,1.0,0.0,0.0,1.0,1.0,300,3.0,1.0,1.0,"-627385,295","-997719,438","-627385,295","-997719,438","-627384,408","-997719,519",Zlat·Oleönice,,,silnice1.t¯Ìdy,16,1678006,,Souhlasn˝sesmÏrem˙seku,Pomal˝,579866.0,,GN_V0.1UIR-ADR_410,1
51006190074,2,296.0,2019-01-18,5,915,4,0,0,1,1,2,412,0,0,1,20,2,8,1,5,1,1,1,1,0,0,1,1,1,0,,3,39.0,09,1.0,0.0,1.0,0.0,1.0,1.0,10,2.0,1.0,1.0,"-639378,129","-988817,448","-639355,569","-988795,962","-639355,803","-988794,859",VELK¡⁄PA,,,silnice2.t¯Ìdy,296,1377977,,OpaËn˝kesmÏru˙seku,Pomal˝,579581.0,,GN_V0.1UIR-ADR_410,1
51006190075,6,,2019-01-18,5,732,3,0,9,2,1,0,516,0,0,0,200,1,3,1,1,2,1,1,1,0,0,9,1,1,0,,17,,XX,,,,,,,0,,,,"-645473,413","-1017851,398","-645473,413","-1017851,398","-645476,299","-1017840,35",HORNÕDEHTOV,,,mÌstnÌkomunikace,,1679071,,Souhlasn˝sesmÏrem˙seku,Pomal˝,579769.0,,GN_V0.1UIR-ADR_410,1
51006190076,3,32551.0,2019-01-18,5,2560,3,0,9,2,1,0,508,0,0,0,150,2,1,1,1,6,1,1,3,0,0,0,3,1,0,,3,12.0,11,1.0,0.0,1.0,0.0,1.0,3.0,100,9.0,,,"-651258,329","-999174,925","-651258,329","-999174,925","-651259,457","-999174,701",KUN»ICENADLABEM,,,silnice3.t¯Ìdy,32551,1189690,,Souhlasn˝sesmÏrem˙seku,Pomal˝,579424.0,,GN_V0.1UIR-ADR_410,1
51006190077,6,,2019-01-20,0,460,2,0,0,2,1,0,504,0,0,0,200,2,1,1,1,4,1,1,1,0,0,10,1,2,0,,17,,XX,,,,,,,0,,,,"-630965,363","-1004039,225","-630965,363","-1004039,225","-630966,013","-1004039,711",Trutnov,Z·sobnÌ,,mÌstnÌkomunikace,,2942850,,Souhlasn˝sesmÏrem˙seku,Pomal˝,579025.0,,GN_V0.1UIR-ADR_410,1
51006190078,2,296.0,2019-01-20,0,1505,1,2,0,1,1,2,504,0,0,2,1500,1,1,1,1,1,1,1,1,0,0,10,1,2,0,,3,31.0,05,1.0,0.0,1.0,0.0,1.0,1.0,300,2.0,1.0,1.0,"-636498,114","-997562,671","-636498,114","-997562,671","-636489,12","-997559,224",MladÈBuky,,,silnice2.t¯Ìdy,296,1265366,,OpaËn˝kesmÏru˙seku,Pomal˝,579548.0,,GN_V0.1UIR-ADR_410,1
51006190079,6,,2019-01-20,0,2560,2,0,0,2,1,0,516,0,0,0,150,1,1,1,1,1,1,1,1,0,0,10,1,2,0,,17,,XX,,,,,,,0,,,,"-632078,328","-1003092,343","-632078,328","-1003092,343","-632076,191","-1003097,559",Trutnov,ObchodnÌ,,mÌstnÌkomunikace,,2609084,,OpaËn˝kesmÏru˙seku,Pomal˝,579025.0,,GN_V0.1UIR-ADR_410,1
51006190080,6,,2019-01-21,1,755,5,0,0,2,4,0,100,0,0,0,100,2,1,1,1,1,1,1,1,0,0,0,1,1,0,,5,47.0,07,3.0,0.0,0.0,0.0,1.0,5.0,100,2.0,1.0,1.0,"-621199,465","-1008947,813","-621199,465","-1008947,813","-621193,472","-1008940,614",MalÈSvatoÚovice,J.Masaryka,,mÌstnÌkomunikace,,1676560,,Souhlasn˝sesmÏrem˙seku,Pomal˝,579513.0,594318.0,GN_V0.1UIR-ADR_410,1
51006190081,6,,2019-01-19,6,1900,2,0,0,2,1,0,511,0,0,0,150,2,5,1,1,4,1,1,1,0,0,0,1,2,0,,17,,XX,,,,,,,0,,,,"-649957,379","-983412,152","-649957,379","-983412,152","-649950,309","-983409,772",äpindler˘vMl˝n,,,mÌstnÌkomunikace,,1927402,,OpaËn˝kesmÏru˙seku,Pomal˝,579742.0,,GN_V0.1UIR-ADR_410,1
51006190082,1,16.0,2019-01-21,1,2330,3,0,3,2,1,0,205,0,0,0,50,2,1,1,1,4,1,0,1,3,3,0,7,1,19,6.0,17,,XX,,,,,,,0,,,,"-629981,184","-1003824,089","-629975,276","-1003817,643","-629975,208","-1003817,505",Trutnov,Polsk·,,silnice1.t¯Ìdy,16,749666,,Souhlasn˝sesmÏrem˙seku,Pomal˝,579025.0,595896.0,GN_V0.1UIR-ADR_410,1
51006190083,1,16.0,2019-01-22,2,1320,1,2,0,2,1,8,501,0,0,0,700,2,1,1,1,1,1,1,1,0,0,0,2,2,0,,3,5.0,12,1.0,0.0,0.0,0.0,1.0,3.0,200,2.0,5.0,0.0,"-636936,986","-1005954,045","-636936,986","-1005954,045","-636937,082","-1005953,979",,,,silnice1.t¯Ìdy,16,1458096,,OpaËn˝kesmÏru˙seku,Pomal˝,579599.0,704326.0,GN_V0.1UIR-ADR_410,2