IDENTIFIKA»NÕ »ÕSLO,DRUH POZEMNÕ KOMUNIKACE,»ÕSLO POZEMNÕ KOMUNIKACE,"den, mÏsÌc, rok",,Ëas ,DRUH NEHODY,DRUH SR¡éKY JEDOUCÕCH VOZIDEL,DRUH PEVN… PÿEK¡éKY,CHARAKTER NEHODY,ZAVINÃNÕ NEHODY,ALKOHOL U VINÕKA NEHODY PÿÕTOMEN,HLAVNÕ PÿÕ»INY NEHODY,usmrceno osob,tÏûce zranÏno osob,lehce zranÏno osob,CELKOV¡ HMOTN¡ äKODA,DRUH POVRCHU VOZOVKY,STAV POVRCHU VOZOVKY V DOBÃ NEHODY,STAV KOMUNIKACE,POVÃTRNOSTNÕ PODMÕNKY V DOBÃ NEHODY,VIDITELNOST,ROZHLEDOV… POMÃRY,DÃLENÕ KOMUNIKACE,SITUOV¡NÕ NEHODY NA KOMUNIKACI,ÿÕZENÕ PROVOZU V DOBÃ NEHODY,MÕSTNÕ ⁄PRAVA PÿEDNOSTI V JÕZDÃ,SPECIFICK¡ MÕSTA A OBJEKTY V MÕSTÃ NEHODY,SMÃROV… POMÃRY,PO»ET Z⁄»ASTNÃN›CH VOZIDEL,MÕSTO DOPRAVNÕ NEHODY,DRUH KÿIéUJÕCÕ KOMUNIKACE,DRUH VOZIDLA,V›ROBNÕ ZNA»KA MOTOROV…HO VOZIDLA,ROK V›ROBY VOZIDLA,CHARAKTERISTIKA VOZIDLA ,SMYK,VOZIDLO PO NEHODÃ,"⁄NIK PROVOZNÕCH, PÿEPRAVOVAN›CH HMOT",ZPŸSOB VYPROäTÃNÕ OSOB Z VOZIDLA,SMÃR JÕZDY NEBO POSTAVENÕ VOZIDLA,äKODA NA VOZIDLE,KATEGORIE ÿIDI»E,STAV ÿIDI»E,VNÃJäÕ OVLIVNÃNÕ ÿIDI»E,nan.1,nan.2,nan.3,nan.4,nan.5,nan.6,nan.7,nan.8,nan.9,nan.10,nan.11,nan.12,nan.13,nan.14,nan.15,nan.16,nan.17,nan.18,LOKALITA NEHODY
51006190084,6,,2019-01-22,2,2560,2,0,0,2,1,0,516,0,0,0,50,2,8,1,1,1,1,1,1,0,0,10,1,2,0,,17,,XX,,,,,,,0,,,,"-650700,362","-983616,666","-650700,362","-983616,666","-650700,455","-983593,672",äpindler˘vMl˝n,,,mÌstnÌkomunikace,,1927412,,,Pomal˝,579742.0,,GN_V0.1UIR-ADR_410,1
51006190085,6,,2019-01-22,2,2560,2,0,0,2,1,0,508,0,0,0,300,2,6,12,1,1,1,0,0,0,0,0,1,2,0,,17,,XX,,,,,,,0,,,,"-630984,812","-1004226,766","-630984,812","-1004226,766","-630982,018","-1004226,759",Trutnov,Hlubok˝p¯Ìkop,,mÌstnÌkomunikace,,1861169,,Souhlasn˝sesmÏrem˙seku,Pomal˝,579025.0,595144.0,GN_V0.1UIR-ADR_410,1
51006190086,1,16.0,2019-01-22,2,2205,5,0,0,2,4,0,100,0,0,0,720,2,1,1,1,6,1,1,1,0,0,0,1,1,0,,3,47.0,17,1.0,0.0,0.0,0.0,1.0,3.0,700,2.0,1.0,1.0,"-635663,903","-1004624,987","-635663,903","-1004624,987","-635664,003","-1004624,906",,,,silnice1.t¯Ìdy,16,1678021,,OpaËn˝kesmÏru˙seku,Pomal˝,579599.0,704326.0,GN_V0.1UIR-ADR_410,2
51006190087,1,16.0,2019-01-24,4,0,5,0,0,2,4,0,100,0,0,0,250,2,1,1,1,6,1,1,1,0,0,0,1,1,0,,3,39.0,10,1.0,0.0,0.0,0.0,1.0,3.0,200,4.0,1.0,1.0,"-635544,523","-1004517,137","-635544,523","-1004517,137","-635549,212","-1004510,022",,,,silnice1.t¯Ìdy,16,1678021,,OpaËn˝kesmÏru˙seku,Pomal˝,579599.0,704326.0,GN_V0.1UIR-ADR_410,2
51006190088,1,14.0,2019-01-24,4,600,3,0,1,1,1,2,205,0,1,0,1000,2,1,1,1,6,1,1,8,0,0,0,3,1,0,,3,7.0,14,1.0,1.0,0.0,0.0,1.0,1.0,1000,2.0,1.0,1.0,"-641910,734","-1000905,413","-641910,734","-1000905,413","-641913,562","-1000895,565",RudnÌk,,,silnice1.t¯Ìdy,14,1858379,,Souhlasn˝sesmÏrem˙seku,Pomal˝,579645.0,,GN_V0.1UIR-ADR_410,1
51006190089,8,,2019-01-22,2,2560,2,0,0,2,1,0,504,0,0,0,200,2,6,1,1,1,1,1,8,0,0,10,1,2,0,,17,,XX,,,,,,,0,,,,"-632348,646","-1001590,157","-632348,646","-1001590,157","-632332,758","-1001579,177",Trutnov,Zvonkov·,,mÌstnÌkomunikace,,1678828,,OpaËn˝kesmÏru˙seku,Pomal˝,579025.0,597571.0,GN_V0.1UIR-ADR_410,1
51006190090,8,,2019-01-16,3,1720,2,0,0,2,1,0,508,0,0,0,100,2,1,1,1,4,1,1,3,0,0,0,1,2,0,,3,47.0,00,1.0,0.0,1.0,0.0,1.0,5.0,50,9.0,,,"-632120,784","-1002960,235","-632120,784","-1002960,235","-632122,848","-1002955,555",Trutnov,ObchodnÌ,,mÌstnÌkomunikace,,2609097,,Souhlasn˝sesmÏrem˙seku,Pomal˝,579025.0,,GN_V0.1UIR-ADR_410,1
51006190091,3,32546.0,2019-01-24,4,1930,6,0,0,2,4,0,100,0,0,0,210,2,5,1,1,4,1,1,1,0,0,0,1,1,0,,5,29.0,06,1.0,0.0,1.0,0.0,1.0,1.0,200,4.0,1.0,5.0,"-647265,069","-1009714,738","-647265,069","-1009714,738","-647258,223","-1009707,159",Mostek,,,silnice3.t¯Ìdy,32546,3095591,,Souhlasn˝sesmÏrem˙seku,Pomal˝,579556.0,,GN_V0.1UIR-ADR_410,1
51006190092,6,,2019-01-25,5,1160,2,0,0,2,1,0,516,0,0,0,200,2,8,1,1,1,1,1,1,0,0,0,1,2,0,,17,,XX,,,,,,,0,,,,"-649758,328","-983212,229","-649758,328","-983212,229","-649763,324","-983212,844",äpindler˘vMl˝n,St¯Ìbrn·,,mÌstnÌkomunikace,,1187568,,OpaËn˝kesmÏru˙seku,Pomal˝,579742.0,,GN_V0.1UIR-ADR_410,1
51006190093,6,,2019-01-23,3,1860,2,0,0,2,1,0,516,0,0,0,100,2,3,1,1,4,1,1,1,0,0,0,1,2,0,,17,,XX,,,,,,,0,,,,"-629884,887","-1004386,694","-629884,887","-1004386,694","-629883,846","-1004382,46",Trutnov,MaximaGorkÈho,,mÌstnÌkomunikace,,2945964,,OpaËn˝kesmÏru˙seku,Pomal˝,579025.0,595543.0,GN_V0.1UIR-ADR_410,1
51006190094,3,3014.0,2019-01-25,5,1445,1,3,0,2,1,2,405,0,0,0,1350,2,3,1,1,1,1,1,1,3,3,0,5,2,19,6.0,5,47.0,99,2.0,0.0,1.0,0.0,1.0,13.0,150,3.0,1.0,1.0,"-621554,613","-1008517,935","-621530,441","-1008510,952","-621530,295","-1008510,451",MalÈSvatoÚovice,N·draûnÌ,,silnice3.t¯Ìdy,3014,1509072,,OpaËn˝kesmÏru˙seku,Pomal˝,579513.0,,GN_V0.1UIR-ADR_410,1
51006190095,6,,2019-01-24,4,2560,2,0,0,2,1,0,516,0,0,0,600,1,3,1,5,5,1,1,2,0,0,10,1,2,0,,17,,XX,,,,,,,0,,,,"-629989,258","-1004361,023","-629989,258","-1004361,023","-629988,687","-1004358,423",Trutnov,MaximaGorkÈho,,mÌstnÌkomunikace,,174812,,Souhlasn˝sesmÏrem˙seku,Pomal˝,579025.0,595543.0,GN_V0.1UIR-ADR_410,1
51006190096,1,16.0,2019-01-25,5,1950,3,0,3,2,1,9,511,0,0,0,1000,2,1,1,1,4,1,1,8,0,0,0,2,1,0,,3,13.0,07,1.0,0.0,1.0,1.0,1.0,1.0,500,2.0,5.0,1.0,"-637679,419","-1006535,697","-637674,048","-1006549,125","-637673,35","-1006549,02",PilnÌkov,N·mÏstÌ,,silnice1.t¯Ìdy,16,2608469,,OpaËn˝kesmÏru˙seku,Pomal˝,579599.0,704270.0,GN_V0.1UIR-ADR_410,1
51006190097,2,567.0,2019-01-26,6,935,3,0,9,2,1,2,204,0,0,0,500,2,5,1,1,1,1,1,1,0,0,0,2,1,0,,3,13.0,11,1.0,1.0,0.0,0.0,1.0,1.0,400,2.0,1.0,0.0,"-619921,48","-1012168,796","-619917,182","-1012166,648","-619915,192","-1012164,862",RtynÏvPodkrkonoöÌ,Hronovsk·,,silnice2.t¯Ìdy,567,773941,,Souhlasn˝sesmÏrem˙seku,Pomal˝,579637.0,594407.0,GN_V0.1UIR-ADR_410,1
51006190098,2,300.0,2019-01-26,6,1110,3,0,3,2,1,2,204,0,0,0,200,2,8,1,5,1,1,1,3,0,0,0,3,1,0,,3,39.0,00,1.0,1.0,0.0,0.0,1.0,3.0,100,2.0,1.0,1.0,"-642171,467","-1017911,971","-642171,467","-1017911,971","-642174,342","-1017916,763",,,,silnice2.t¯Ìdy,300,208683,,OpaËn˝kesmÏru˙seku,Pomal˝,579203.0,,GN_V0.1UIR-ADR_410,2
51006190099,3,2952.0,2019-01-26,6,1235,1,2,0,2,1,2,516,0,0,0,800,2,5,1,5,3,1,1,1,0,0,0,3,2,0,,9,0.0,08,3.0,0.0,0.0,0.0,1.0,1.0,0,2.0,1.0,1.0,"-650496,778","-1003211,008","-650490,87","-1003208,86","-650490,832","-1003208,847",DolnÌKaln·,,,silnice3.t¯Ìdy,2952,1190459,,Souhlasn˝sesmÏrem˙seku,Pomal˝,579157.0,,GN_V0.1UIR-ADR_410,1
51006190100,2,297.0,2019-01-26,6,1400,3,0,9,2,1,2,504,0,0,0,450,2,8,1,5,1,1,0,3,0,0,10,1,1,0,,3,47.0,03,1.0,0.0,0.0,0.0,1.0,1.0,300,4.0,1.0,1.0,"-639366,57","-995151,022","-639366,57","-995151,022","-639367,442","-995155,113",JanskÈL·znÏ,Krkonoösk·,,silnice2.t¯Ìdy,297,2944973,,OpaËn˝kesmÏru˙seku,Pomal˝,579351.0,594105.0,GN_V0.1UIR-ADR_410,1
51006190101,2,297.0,2019-01-26,6,2100,5,0,0,2,4,0,100,0,0,0,210,2,5,1,5,7,1,1,1,0,0,0,1,1,0,,3,47.0,11,1.0,0.0,0.0,0.0,1.0,1.0,200,2.0,1.0,1.0,"-637749,607","-995061,103","-637741,55","-995047,138","-637742,34","-995048,167",,,,silnice2.t¯Ìdy,297,3088654,,OpaËn˝kesmÏru˙seku,Pomal˝,579734.0,,GN_V0.1UIR-ADR_410,2
51006190102,3,2956.0,2019-01-27,0,945,1,2,0,2,1,2,501,0,0,0,450,2,8,1,1,1,1,1,1,0,0,0,3,2,0,,8,35.0,89,3.0,0.0,0.0,0.0,1.0,1.0,150,4.0,1.0,1.0,"-651195,544","-991856,422","-651195,544","-991856,422","-651192,541","-991856,486",VrchlabÌ,UKamenky,,silnice3.t¯Ìdy,2956,2942857,,Souhlasn˝sesmÏrem˙seku,Pomal˝,579858.0,688274.0,GN_V0.1UIR-ADR_410,1
51006190103,6,,2019-01-25,5,1345,4,0,0,1,3,0,100,0,0,1,50,2,3,1,1,1,1,1,1,0,0,0,1,1,0,,5,19.0,06,3.0,0.0,0.0,0.0,1.0,5.0,50,2.0,1.0,1.0,"-644579,408","-1000936,797","-644579,408","-1000936,797","-644578,417","-1000936,243",RudnÌk,,,mÌstnÌkomunikace,,1190050,,Souhlasn˝sesmÏrem˙seku,Pomal˝,579645.0,,GN_V0.1UIR-ADR_410,1
51006190104,6,,2019-01-27,0,1235,4,0,0,1,1,2,511,0,0,1,70,2,8,1,1,1,1,1,3,0,0,0,1,1,0,,3,26.0,05,3.0,0.0,0.0,0.0,1.0,5.0,0,3.0,1.0,1.0,"-650033,774","-991160,938","-650033,774","-991160,938","-650020,664","-991151,635",,,,mÌstnÌkomunikace,,2944730,,Souhlasn˝sesmÏrem˙seku,Pomal˝,579858.0,,GN_V0.1UIR-ADR_410,2
51006190105,6,,2019-01-27,0,1730,3,0,9,2,1,2,511,0,0,0,600,2,3,1,1,6,1,1,3,0,0,0,1,1,0,,8,78.0,10,3.0,0.0,0.0,0.0,1.0,5.0,500,4.0,1.0,1.0,"-650638,19","-995176,583","-650638,19","-995176,583","-650630,704","-995174,956",VrchlabÌ,L·novsk·,,mÌstnÌkomunikace,,773671,,,Pomal˝,579858.0,,GN_V0.1UIR-ADR_410,1
51006190106,2,296.0,2019-01-27,0,2215,3,0,4,2,1,2,204,0,0,0,1050,2,5,1,1,6,1,1,8,0,0,0,3,1,0,,3,23.0,03,1.0,1.0,0.0,0.0,1.0,3.0,1000,2.0,1.0,1.0,"-638105,88","-990118,931","-638105,88","-990118,931","-638092,576","-990103,892",,,,silnice2.t¯Ìdy,296,2943514,,OpaËn˝kesmÏru˙seku,Pomal˝,579581.0,,GN_V0.1UIR-ADR_410,2
51006190107,2,295.0,2019-01-28,1,1835,5,0,0,2,4,0,100,0,0,0,1210,2,3,1,1,6,1,1,1,0,0,0,1,1,0,,3,47.0,17,3.0,0.0,0.0,0.0,1.0,3.0,1200,2.0,1.0,5.0,"-654950,569","-999229,79","-654950,569","-999229,79","-654956,393","-999223,159",,,,silnice2.t¯Ìdy,295,1866775,,OpaËn˝kesmÏru˙seku,Pomal˝,577553.0,,GN_V0.1UIR-ADR_410,2
51006190108,3,30017.0,2019-01-29,2,845,5,0,0,2,4,0,100,0,0,0,1000,2,3,1,1,1,3,1,1,0,0,0,2,1,0,,3,26.0,18,3.0,0.0,1.0,0.0,1.0,1.0,1000,2.0,1.0,1.0,"-628195,121","-1011223,432","-628195,121","-1011223,432","-628198,476","-1011216,651",,,,silnice3.t¯Ìdy,30017,2943238,,OpaËn˝kesmÏru˙seku,Pomal˝,579777.0,,GN_V0.1UIR-ADR_410,2
51006190109,2,295.0,2019-01-29,2,1250,9,0,0,2,1,2,304,0,0,0,200,2,8,1,1,1,1,1,1,0,0,0,3,2,0,,3,39.0,10,2.0,0.0,1.0,0.0,1.0,1.0,0,2.0,1.0,1.0,"-652369,324","-987914,117","-652369,324","-987914,117","-652370,299","-987926,112",,,,silnice2.t¯Ìdy,295,1859960,,OpaËn˝kesmÏru˙seku,Pomal˝,579742.0,,GN_V0.1UIR-ADR_410,2
51006190110,2,296.0,2019-01-29,2,1400,1,2,0,2,1,2,508,0,0,0,1600,2,3,1,1,1,1,1,1,0,0,0,1,2,0,,3,21.0,11,3.0,0.0,1.0,0.0,1.0,1.0,1200,2.0,1.0,1.0,"-636909,542","-995280,414","-636909,542","-995280,414","-636907,343","-995281,194",Svobodanad⁄pou,⁄psk·,,silnice2.t¯Ìdy,296,1859797,,Souhlasn˝sesmÏrem˙seku,Pomal˝,579734.0,683817.0,GN_V0.1UIR-ADR_410,1
51006190111,3,30022.0,2019-01-29,2,2010,5,0,0,2,4,0,100,0,0,0,410,2,3,1,1,4,1,1,1,0,0,0,1,1,0,,3,17.0,11,8.0,0.0,1.0,0.0,1.0,3.0,400,2.0,1.0,1.0,"-626620,985","-994652,394","-626620,985","-994652,394","-626609,305","-994653,484",Lampertice,,,silnice3.t¯Ìdy,30022,1860567,,Souhlasn˝sesmÏrem˙seku,Pomal˝,548804.0,,GN_V0.1UIR-ADR_410,1
51006190112,3,32551.0,2019-01-30,3,850,1,4,0,2,1,2,503,0,0,0,3000,2,1,1,1,1,1,1,1,3,3,0,5,2,19,6.0,3,13.0,17,3.0,0.0,1.0,1.0,1.0,13.0,2000,2.0,1.0,1.0,"-645005,278","-1004507,501","-644997,758","-1004498,369","-644998,126","-1004499,032",HostinnÈ,Husitsk·,,silnice3.t¯Ìdy,32551,1458046,,OpaËn˝kesmÏru˙seku,Pomal˝,579297.0,593753.0,GN_V0.1UIR-ADR_410,1
51006190113,6,,2019-01-28,1,2560,2,0,0,2,1,0,504,0,0,0,100,2,5,1,1,1,1,1,1,0,0,0,1,2,0,,17,,XX,,,,,,,0,,,,"-629847,557","-1004365,872","-629845,409","-1004349,757","-629844,843","-1004347,575",Trutnov,IvanaOlbrachta,,mÌstnÌkomunikace,,3076454,,Souhlasn˝sesmÏrem˙seku,Pomal˝,579025.0,595195.0,GN_V0.1UIR-ADR_410,1
51006190114,6,,2019-01-30,3,1340,2,0,0,2,1,0,502,0,0,0,60,2,8,1,1,1,1,1,1,0,0,10,1,2,0,,3,39.0,07,1.0,0.0,1.0,0.0,1.0,5.0,10,2.0,1.0,1.0,"-631074,363","-1004123,523","-631087,791","-1004138,563","-631087,751","-1004138,509",Trutnov,K¯ÌûovÈn·mÏstÌ,,mÌstnÌkomunikace,,1930193,,Souhlasn˝sesmÏrem˙seku,Pomal˝,579025.0,,GN_V0.1UIR-ADR_410,1
51006190115,1,16.0,2019-01-31,4,650,5,0,0,2,4,0,100,0,0,0,600,2,1,1,1,2,1,1,1,0,0,0,1,1,0,,3,39.0,18,1.0,0.0,0.0,0.0,1.0,1.0,600,3.0,1.0,1.0,"-649810,411","-1004314,393","-649810,411","-1004314,393","-649813,096","-1004305,76",DolnÌKaln·,,,silnice1.t¯Ìdy,16,174748,,Souhlasn˝sesmÏrem˙seku,Pomal˝,579157.0,,GN_V0.1UIR-ADR_410,1
51006190116,2,296.0,2019-01-31,4,1510,1,2,0,2,1,2,516,0,0,0,450,2,3,1,1,1,1,1,1,3,3,0,5,2,19,6.0,3,35.0,09,1.0,0.0,0.0,0.0,1.0,12.0,50,2.0,1.0,1.0,"-637492,288","-991764,382","-637505,179","-991740,747","-637505,539","-991741,254",HornÌMaröov,,,silnice2.t¯Ìdy,296,1859701,,Souhlasn˝sesmÏrem˙seku,Pomal˝,579262.0,,GN_V0.1UIR-ADR_410,1
60040190001,0,1.0,2019-01-03,4,212,3,0,4,2,1,2,204,0,0,0,1800,3,5,1,6,6,1,3,1,0,0,0,1,1,0,,7,62.0,17,3.0,0.0,1.0,0.0,1.0,3.0,800,3.0,1.0,1.0,"-616628,418","-1151897,834","-616628,418","-1151897,834","-616626,859","-1151894,906",,,,d·lnice,D1,3532111.0,,Souhlasn˝sesmÏrem˙seku,Pomal˝,582964.0,,GN_V0.1UIR-ADR_410,2
60040190002,6,,2019-01-07,1,1810,3,0,9,2,1,2,504,0,0,0,20,2,5,1,1,4,1,0,8,0,0,0,3,1,0,,7,48.0,10,9.0,0.0,0.0,0.0,1.0,5.0,0,3.0,1.0,1.0,"-618838,338","-1151562,419","-618838,338","-1151562,419","-618838,523","-1151563,4",,,,mÌstnÌkomunikace,,3445201.0,,Souhlasn˝sesmÏrem˙seku,Pomal˝,,,GN_V0.1UIR-ADR_410,2
60040190003,0,1.0,2019-01-08,2,730,3,0,3,2,1,2,204,0,0,0,1150,2,6,1,5,2,1,3,8,0,0,0,1,1,0,,3,4.0,15,3.0,1.0,1.0,0.0,1.0,3.0,950,2.0,1.0,1.0,"-619169,167","-1151030,034","-619169,167","-1151030,034","-619177,12","-1151040,08",,,,d·lnice,D1,3072855.0,,Souhlasn˝sesmÏrem˙seku,Pomal˝,582964.0,,GN_V0.1UIR-ADR_410,2
60040190004,0,1.0,2019-01-08,2,1825,2,0,0,2,1,0,504,0,0,0,50,2,3,1,4,4,1,3,0,0,0,10,1,2,0,,17,,XX,,,,,,,0,,,,"-605393,216","-1162401,765","-605393,216","-1162401,765","-605391,218","-1162398,506",,,,mÌstnÌkomunikace,,2100308.0,,Souhlasn˝sesmÏrem˙seku,Pomal˝,584029.0,,GN_V0.1UIR-ADR_410,1
60040190005,0,1.0,2019-01-09,3,615,1,2,0,1,1,2,204,0,0,1,1350,3,8,1,5,7,1,3,1,0,0,0,1,2,0,,3,39.0,06,15.0,1.0,1.0,0.0,1.0,3.0,800,3.0,1.0,1.0,"-620252,316","-1150186,749","-620252,316","-1150186,749","-620257,218","-1150194,356",,,,d·lnice,D1,1321974.0,,Souhlasn˝sesmÏrem˙seku,Pomal˝,583294.0,,GN_V0.1UIR-ADR_410,2
60040190006,0,1.0,2019-01-09,3,1560,2,0,0,2,1,0,506,0,0,0,50,3,8,1,1,1,1,3,0,0,0,10,1,2,0,,17,,XX,,,,,,,0,,,,"-621105,459","-1149895,867","-621105,459","-1149895,867","-621106,419","-1149915,687",,,,mÌstnÌkomunikace,,606326.0,,Souhlasn˝sesmÏrem˙seku,Pomal˝,584193.0,,GN_V0.1UIR-ADR_410,2
60040190007,0,1.0,2019-01-18,5,1760,1,2,0,1,1,2,508,0,0,2,1800,3,1,1,1,4,1,3,4,1,0,0,1,3,0,,3,39.0,11,1.0,0.0,1.0,0.0,1.0,1.0,800,2.0,1.0,1.0,"-603126,096","-1163305,31","-603126,096","-1163305,31","-603122,231","-1163297,356",,,,d·lnice,D1,3530339.0,,Souhlasn˝sesmÏrem˙seku,Pomal˝,583596.0,,GN_V0.1UIR-ADR_410,1
60040190008,0,1.0,2019-01-18,5,1930,1,4,0,1,1,2,508,0,0,1,1200,2,1,1,1,6,1,3,1,0,0,0,1,3,0,,3,48.0,02,1.0,0.0,1.0,1.0,1.0,1.0,300,2.0,1.0,1.0,"-608938,382","-1160587,729","-608938,382","-1160587,729","-608939,96","-1160591,718",,,,d·lnice,D1,1730559.0,,Souhlasn˝sesmÏrem˙seku,Rychl˝,583669.0,,GN_V0.1UIR-ADR_410,2
60040190009,0,1.0,2019-01-21,1,2560,3,0,2,2,1,0,504,0,0,0,500,3,1,1,1,1,1,3,0,0,0,10,1,1,0,,17,,XX,,,,,,,0,,,,"-621189,78","-1149768,648","-621189,78","-1149768,648","-621194,635","-1149789,116",,,,mÌstnÌkomunikace,,1752547.0,,Souhlasn˝sesmÏrem˙seku,Pomal˝,583723.0,,GN_V0.1UIR-ADR_410,2
60040190010,0,1.0,2019-01-23,3,1955,3,0,9,2,1,0,504,0,0,0,50,2,1,1,1,4,1,3,6,0,0,0,1,1,0,,17,,XX,,,,,,,0,,,,"-605332,602","-1162329,079","-605332,602","-1162329,079","-605337,892","-1162337,236",,,,mÌstnÌkomunikace,,637533.0,,Souhlasn˝sesmÏrem˙seku,Pomal˝,584029.0,,GN_V0.1UIR-ADR_410,1
60040190011,0,1.0,2019-01-25,5,650,3,0,4,2,1,2,204,0,0,0,800,3,8,1,5,7,1,3,1,0,0,0,1,1,0,,3,4.0,99,9.0,1.0,1.0,0.0,1.0,1.0,300,2.0,1.0,1.0,"-614927,218","-1153702,307","-614927,218","-1153702,307","-614922,923","-1153699,769",,,,d·lnice,D1,3072864.0,,Souhlasn˝sesmÏrem˙seku,Pomal˝,549789.0,,GN_V0.1UIR-ADR_410,2
60040190012,0,1.0,2019-01-28,1,1530,3,0,9,2,1,2,504,0,0,0,100,2,8,1,1,1,1,0,0,0,0,10,1,1,0,,7,40.0,12,9.0,0.0,1.0,0.0,1.0,3.0,0,4.0,1.0,1.0,"-621187,796","-1149752,979","-621187,796","-1149752,979","-621165,075","-1149747,816",,,,mÌstnÌkomunikace,,1501584.0,,OpaËn˝kesmÏru˙seku,Pomal˝,583723.0,,GN_V0.1UIR-ADR_410,2
60042192001,0,1.0,2019-01-04,5,1860,9,0,0,1,1,2,204,0,0,1,800,3,5,1,5,7,1,3,3,0,0,0,2,1,0,,3,47.0,16,2.0,1.0,0.0,0.0,1.0,1.0,800,3.0,2.0,1.0,"-580762,27","-1163410,971","-580762,27","-1163410,971","-580763,7","-1163405,982",,,,d·lnice,D1,640696.0,,Souhlasn˝sesmÏrem˙seku,Pomal˝,593681.0,,GN_V0.1UIR-ADR_410,2
60042192002,0,1.0,2019-01-08,2,1060,3,0,4,2,1,2,204,0,0,0,1200,2,3,1,5,3,1,3,3,0,0,0,2,1,0,,3,47.0,11,3.0,1.0,0.0,0.0,1.0,1.0,1000,3.0,1.0,1.0,"-593346,886","-1164796,663","-593346,886","-1164796,663","-593346,711","-1164800,628",,,,d·lnice,D1,3512791.0,,Souhlasn˝sesmÏrem˙seku,Pomal˝,582786.0,33618.0,GN_V0.1UIR-ADR_410,1
60042192003,0,1.0,2019-01-11,5,2100,9,0,0,1,1,2,204,0,0,1,2000,2,8,1,5,6,1,1,1,0,0,0,1,1,0,,3,39.0,15,3.0,1.0,0.0,0.0,1.0,1.0,2000,2.0,1.0,1.0,"-580486,123","-1163351,593","-580486,123","-1163351,593","-580486,586","-1163347,258",,,,d·lnice,D1,1322758.0,,Souhlasn˝sesmÏrem˙seku,Pomal˝,593559.0,,GN_V0.1UIR-ADR_410,2
60042192004,0,1.0,2019-01-12,6,760,3,0,4,2,1,2,204,0,0,0,700,2,3,1,3,5,1,3,1,0,0,0,1,1,0,,3,32.0,08,1.0,1.0,1.0,1.0,1.0,1.0,200,2.0,1.0,1.0,"-598856,659","-1164698,971","-598856,659","-1164698,971","-598852,857","-1164685,188",,,,d·lnice,D1,720556.0,,Souhlasn˝sesmÏrem˙seku,Pomal˝,582786.0,34584.0,GN_V0.1UIR-ADR_410,1
60042192005,0,1.0,2019-01-14,1,1260,1,4,0,1,1,2,201,0,0,1,800,2,1,1,1,1,1,3,1,0,0,0,1,2,0,,3,2.0,11,1.0,0.0,0.0,0.0,1.0,3.0,500,3.0,1.0,1.0,"-588652,22","-1162677,626","-588652,22","-1162677,626","-588652,621","-1162682,143",,,,d·lnice,D1,638173.0,,Souhlasn˝sesmÏrem˙seku,Pomal˝,583634.0,,GN_V0.1UIR-ADR_410,2
60042192006,0,1.0,2019-01-22,2,860,3,0,4,2,1,2,204,0,0,0,1000,2,6,1,6,3,1,3,1,0,0,0,1,1,0,,3,60.0,00,1.0,1.0,1.0,0.0,1.0,1.0,500,2.0,1.0,1.0,"-580265,423","-1163336,598","-580265,423","-1163336,598","-580265,404","-1163332,078",,,,d·lnice,D1,1322758.0,,Souhlasn˝sesmÏrem˙seku,Pomal˝,593559.0,,GN_V0.1UIR-ADR_410,2
60042192007,0,1.0,2019-01-22,2,2060,1,4,0,1,1,2,203,1,0,0,1350,2,3,1,1,6,1,3,1,0,0,0,1,2,0,,7,40.0,04,2.0,0.0,1.0,0.0,1.0,1.0,400,3.0,1.0,1.0,"-584256,442","-1163812,812","-584256,442","-1163812,812","-584256,778","-1163806,765",,,,d·lnice,D1,3530362.0,,Souhlasn˝sesmÏrem˙seku,Pomal˝,550825.0,,GN_V0.1UIR-ADR_410,2
60042192008,0,1.0,2019-01-24,4,2225,5,0,0,2,4,0,100,0,0,0,241,3,1,1,1,6,1,3,1,0,0,0,1,1,0,,3,31.0,06,9.0,0.0,1.0,0.0,1.0,1.0,100,2.0,1.0,1.0,"-577595,434","-1162785,222","-577595,434","-1162785,222","-577599,056","-1162780,731",,,,d·lnice,D1,3072920.0,,Souhlasn˝sesmÏrem˙seku,Pomal˝,593559.0,,GN_V0.1UIR-ADR_410,2
60042192009,0,1.0,2019-01-28,1,2260,3,0,4,2,1,2,204,0,0,0,300,2,5,1,1,4,1,3,1,0,0,0,1,1,0,,3,26.0,99,2.0,1.0,0.0,0.0,1.0,1.0,200,2.0,1.0,1.0,"-598968,425","-1164670,214","-598968,425","-1164670,214","-598967,817","-1164660,027",,,,d·lnice,D1,1417020.0,,Souhlasn˝sesmÏrem˙seku,Pomal˝,582786.0,34584.0,GN_V0.1UIR-ADR_410,1
60042192010,0,1.0,2019-01-29,2,1660,1,4,0,1,1,2,201,0,0,2,1200,2,3,1,1,1,1,3,1,0,0,0,1,2,0,,5,47.0,99,9.0,1.0,0.0,1.0,2.0,1.0,1000,2.0,1.0,1.0,"-599052,173","-1164638,11","-599052,173","-1164638,11","-599049,544","-1164628,86",,,,d·lnice,D1,3234396.0,,Souhlasn˝sesmÏrem˙seku,Pomal˝,582786.0,34584.0,GN_V0.1UIR-ADR_410,1