IDENTIFIKA»NÕ »ÕSLO,DRUH POZEMNÕ KOMUNIKACE,»ÕSLO POZEMNÕ KOMUNIKACE,"den, mÏsÌc, rok",,Ëas ,DRUH NEHODY,DRUH SR¡éKY JEDOUCÕCH VOZIDEL,DRUH PEVN… PÿEK¡éKY,CHARAKTER NEHODY,ZAVINÃNÕ NEHODY,ALKOHOL U VINÕKA NEHODY PÿÕTOMEN,HLAVNÕ PÿÕ»INY NEHODY,usmrceno osob,tÏûce zranÏno osob,lehce zranÏno osob,CELKOV¡ HMOTN¡ äKODA,DRUH POVRCHU VOZOVKY,STAV POVRCHU VOZOVKY V DOBÃ NEHODY,STAV KOMUNIKACE,POVÃTRNOSTNÕ PODMÕNKY V DOBÃ NEHODY,VIDITELNOST,ROZHLEDOV… POMÃRY,DÃLENÕ KOMUNIKACE,SITUOV¡NÕ NEHODY NA KOMUNIKACI,ÿÕZENÕ PROVOZU V DOBÃ NEHODY,MÕSTNÕ ⁄PRAVA PÿEDNOSTI V JÕZDÃ,SPECIFICK¡ MÕSTA A OBJEKTY V MÕSTÃ NEHODY,SMÃROV… POMÃRY,PO»ET Z⁄»ASTNÃN›CH VOZIDEL,MÕSTO DOPRAVNÕ NEHODY,DRUH KÿIéUJÕCÕ KOMUNIKACE,DRUH VOZIDLA,V›ROBNÕ ZNA»KA MOTOROV…HO VOZIDLA,ROK V›ROBY VOZIDLA,CHARAKTERISTIKA VOZIDLA ,SMYK,VOZIDLO PO NEHODÃ,"⁄NIK PROVOZNÕCH, PÿEPRAVOVAN›CH HMOT",ZPŸSOB VYPROäTÃNÕ OSOB Z VOZIDLA,SMÃR JÕZDY NEBO POSTAVENÕ VOZIDLA,äKODA NA VOZIDLE,KATEGORIE ÿIDI»E,STAV ÿIDI»E,VNÃJäÕ OVLIVNÃNÕ ÿIDI»E,nan.1,nan.2,nan.3,nan.4,nan.5,nan.6,nan.7,nan.8,nan.9,nan.10,nan.11,nan.12,nan.13,nan.14,nan.15,nan.16,nan.17,nan.18,LOKALITA NEHODY
60043193001,0,2.0,2019-01-03,4,1200,9,0,0,2,1,2,204,0,0,0,500,3,6,1,5,3,1,3,1,0,0,0,1,1,0,,3,17.0,08,9.0,1.0,1.0,0.0,1.0,3.0,500,2.0,1.0,1.0,"-587732,639","-1195556,31","-587732,639","-1195556,31","-587735,334","-1195557,959",,,,d·lnice,D2,3072797.0,,Souhlasn˝sesmÏrem˙seku,Pomal˝,585017.0,,GN_V0.1UIR-ADR_410,2
60043193002,0,2.0,2019-01-03,4,1915,2,0,0,2,1,0,504,0,0,0,150,3,3,1,1,4,1,0,0,0,0,10,1,2,0,,7,62.0,13,3.0,0.0,1.0,0.0,1.0,1.0,0,3.0,1.0,1.0,"-576316,735","-1215451,417","-576316,735","-1215451,417","-576325,319","-1215451,409",,,,mÌstnÌkomunikace,,2600662.0,,OpaËn˝kesmÏru˙seku,Pomal˝,584622.0,,GN_V0.1UIR-ADR_410,2
60043193003,0,2.0,2019-01-03,4,2330,1,4,0,1,1,2,508,0,0,1,1400,2,3,1,6,6,1,3,1,0,0,0,1,2,0,,3,47.0,01,1.0,0.0,1.0,0.0,1.0,1.0,500,3.0,2.0,1.0,"-579000,532","-1210560,037","-579000,532","-1210560,037","-578994,324","-1210557,039",,,,d·lnice,D2,3072840.0,,Souhlasn˝sesmÏrem˙seku,Pomal˝,584576.0,,GN_V0.1UIR-ADR_410,2
60043193004,0,2.0,2019-01-05,6,860,3,0,4,2,1,2,204,0,0,0,1000,2,3,1,4,1,1,3,2,0,0,0,1,1,0,,3,13.0,02,9.0,1.0,0.0,0.0,1.0,3.0,500,2.0,1.0,1.0,"-580915,501","-1207119,096","-580915,501","-1207119,096","-580918,709","-1207121,135",,,,d·lnice,D2,702772.0,,Souhlasn˝sesmÏrem˙seku,Pomal˝,584291.0,,GN_V0.1UIR-ADR_410,2
60043193005,0,2.0,2019-01-01,2,2560,3,0,4,2,1,0,508,0,0,0,400,2,0,1,1,1,1,3,1,0,0,0,1,1,0,,17,,XX,,,,,,,0,,,,"-580224,378","-1208233,837","-580224,378","-1208233,837","-580219,949","-1208231,006",,,,d·lnice,D2,703351.0,,Souhlasn˝sesmÏrem˙seku,Pomal˝,584291.0,,GN_V0.1UIR-ADR_410,2
60043193006,0,2.0,2019-01-15,2,860,3,0,3,2,1,0,508,0,0,0,550,2,1,1,1,1,1,3,8,0,0,0,1,1,0,,17,,XX,,,,,,,0,,,,"-576762,392","-1214313,262","-576762,392","-1214313,262","-576756,225","-1214310,618",,,,d·lnice,D2,3072836.0,,Souhlasn˝sesmÏrem˙seku,Pomal˝,584576.0,,GN_V0.1UIR-ADR_410,2
60043193007,0,2.0,2019-01-16,3,660,1,3,0,2,1,0,310,0,0,0,800,3,3,1,3,6,1,3,1,0,0,0,1,2,0,,17,,XX,,,,,,,0,,,,"-581943,969","-1205399,822","-578625,072","-1211271,138","-578622,581","-1211269,731",,,,d·lnice,D2,1325765.0,,Souhlasn˝sesmÏrem˙seku,Pomal˝,584941.0,,GN_V0.1UIR-ADR_410,2
60043193008,0,2.0,2019-01-24,4,430,2,0,0,1,1,2,508,0,0,1,6000,4,1,1,1,6,1,3,1,0,0,0,1,2,0,,5,12.0,08,9.0,0.0,1.0,0.0,3.0,1.0,1500,2.0,1.0,1.0,"-586049,431","-1198611,366","-586049,431","-1198611,366","-586049,49","-1198611,244",,,,silnice3.t¯Ìdy,42115,696070.0,,Souhlasn˝sesmÏrem˙seku,Pomal˝,584860.0,,GN_V0.1UIR-ADR_410,2
60043193009,0,2.0,2019-01-24,4,915,0,0,0,2,1,0,516,0,0,0,300,2,1,1,1,1,1,3,1,0,0,0,1,2,0,,17,,XX,,,,,,,0,,,,"-581976,54","-1205534,404","-581976,54","-1205534,404","-581968,104","-1205529,842",,,,mÌstnÌkomunikace,,1752452.0,,Souhlasn˝sesmÏrem˙seku,Pomal˝,558443.0,,GN_V0.1UIR-ADR_410,2
60043193010,0,2.0,2019-01-26,6,1005,3,0,4,2,1,2,508,0,0,0,1180,3,3,1,5,3,1,3,2,0,0,0,1,1,0,,3,39.0,18,1.0,0.0,1.0,0.0,1.0,1.0,700,2.0,2.0,1.0,"-589963,535","-1192168,963","-589963,535","-1192168,963","-589958,293","-1192165,72",,,,d·lnice,D2,3072793.0,,Souhlasn˝sesmÏrem˙seku,Pomal˝,584495.0,,GN_V0.1UIR-ADR_410,2
60044194001,0,46.0,2019-01-01,2,240,5,0,0,2,4,0,100,0,0,0,325,3,1,1,1,6,1,6,1,0,0,0,1,1,0,,3,17.0,11,1.0,0.0,0.0,0.0,1.0,3.0,300,2.0,1.0,1.0,"-563298,423","-1147891,202","-563298,423","-1147891,202","-563294,429","-1147893,591",,,,d·lnice,D46,1321834.0,,Souhlasn˝sesmÏrem˙seku,Pomal˝,593010.0,,GN_V0.1UIR-ADR_410,2
60044194002,0,46.0,2019-01-01,2,2060,3,0,4,2,1,2,204,0,0,0,1000,2,3,1,4,7,1,3,1,0,0,0,1,1,0,,3,13.0,11,1.0,1.0,1.0,1.0,1.0,1.0,700,2.0,1.0,1.0,"-564880,202","-1149590,701","-564880,202","-1149590,701","-564875,407","-1149594,642",,,,d·lnice,D46,3514091.0,,OpaËn˝kesmÏru˙seku,Pomal˝,593508.0,,GN_V0.1UIR-ADR_410,2
60044194006,0,46.0,2019-01-13,0,415,3,0,4,2,1,2,508,0,0,0,1200,3,3,1,1,6,1,6,1,0,0,0,1,1,0,,3,32.0,18,3.0,0.0,0.0,0.0,1.0,3.0,1000,2.0,2.0,3.0,"-563928,181","-1148910,822","-563928,181","-1148910,822","-563926,782","-1148912,007",,,,d·lnice,D46,2600433.0,,Souhlasn˝sesmÏrem˙seku,Pomal˝,593010.0,,GN_V0.1UIR-ADR_410,2
60044194007,0,1.0,2019-01-16,3,1715,5,0,0,2,4,0,100,0,0,0,495,3,1,1,1,6,1,3,1,0,0,0,1,1,0,,3,39.0,16,3.0,0.0,1.0,0.0,1.0,1.0,350,2.0,1.0,1.0,"-565532,661","-1155354,885","-565532,661","-1155354,885","-565532,392","-1155355,544",,,,d·lnice,D1,3072910.0,,Souhlasn˝sesmÏrem˙seku,Pomal˝,593630.0,,GN_V0.1UIR-ADR_410,2
60044194008,0,46.0,2019-01-17,4,1660,3,0,3,2,1,2,201,0,0,0,5550,3,1,1,1,6,1,3,2,0,0,0,1,2,0,,3,31.0,18,3.0,0.0,1.0,0.0,1.0,1.0,4500,2.0,1.0,1.0,"-566269,18","-1151699,081","-566269,18","-1151699,081","-566265,205","-1151700,991",,,,mÌstnÌkomunikace,,1781138.0,,Souhlasn˝sesmÏrem˙seku,Pomal˝,593508.0,,GN_V0.1UIR-ADR_410,2
60044194011,0,46.0,2019-01-29,2,701,3,0,9,2,1,0,508,0,0,0,100,2,1,1,1,2,1,0,0,0,0,9,1,1,0,,17,,XX,,,,,,,0,,,,"-565557,533","-1150385,984","-565557,533","-1150385,984","-565565,944","-1150376,564",,,,mÌstnÌkomunikace,,1385634.0,,OpaËn˝kesmÏru˙seku,OdboËovacÌvpravo,593508.0,,GN_V0.1UIR-ADR_410,2
60045195001,2,395.0,2019-01-08,2,655,4,0,0,1,1,0,412,0,0,1,50,2,3,1,5,5,1,1,1,0,0,1,1,1,0,,3,7.0,03,1.0,0.0,0.0,0.0,1.0,1.0,50,2.0,1.0,1.0,"-607487,676","-1183970,808","-607487,676","-1183970,808","-607488,125","-1183970,305",Poho¯elice,VÌdeÚsk·,,silnice2.t¯Ìdy,395,1616053.0,,Souhlasn˝sesmÏrem˙seku,Pomal˝,584801.0,62235.0,GN_V0.1UIR-ADR_410,1
60045195002,3,39522.0,2019-01-08,2,1740,3,0,1,1,1,4,205,0,0,1,50,2,3,1,3,6,1,1,1,3,3,0,5,1,29,3.0,3,38.0,99,1.0,1.0,1.0,0.0,1.0,32.0,50,2.0,3.0,1.0,"-604492,001","-1181014,061","-604492,001","-1181014,061","-604492,468","-1181018,17",,,,silnice3.t¯Ìdy,39522,1700052.0,,OpaËn˝kesmÏru˙seku,Pomal˝,584801.0,,GN_V0.1UIR-ADR_410,2
60045195003,2,395.0,2019-01-16,3,540,1,1,0,2,1,2,405,0,0,0,900,2,1,1,1,6,1,1,1,3,5,0,5,2,19,6.0,3,42.0,08,1.0,0.0,0.0,0.0,1.0,32.0,400,2.0,1.0,1.0,"-607433,222","-1185022,548","-607433,222","-1185022,548","-607432,119","-1185022,445",,,,silnice2.t¯Ìdy,395,1702226.0,,Souhlasn˝sesmÏrem˙seku,Pomal˝,584801.0,,GN_V0.1UIR-ADR_410,2
60045195004,1,52.0,2019-01-18,5,1220,1,1,0,1,1,0,501,1,0,1,10100,2,1,1,1,1,1,1,1,0,0,0,1,2,0,,3,39.0,96,1.0,0.0,1.0,0.0,3.0,1.0,100,2.0,0.0,0.0,"-601693,761","-1202489,585","-601693,761","-1202489,585","-601691,566","-1202487,759",,,,silnice1.t¯Ìdy,52,1454499.0,,Souhlasn˝sesmÏrem˙seku,Pomal˝,584649.0,,GN_V0.1UIR-ADR_410,2
60045195005,1,52.0,2019-01-27,0,1725,1,2,0,2,1,2,402,0,0,0,800,2,1,1,1,6,1,4,1,3,3,0,4,2,19,3.0,3,32.0,04,1.0,0.0,1.0,1.0,1.0,21.0,200,2.0,1.0,1.0,"-607335,197","-1185866,935","-607326,594","-1185866,397","-607327,308","-1185866,357",,,,silnice1.t¯Ìdy,52,682053.0,,Souhlasn˝sesmÏrem˙seku,Pomal˝,584801.0,,GN_V0.1UIR-ADR_410,2
60045195006,2,381.0,2019-01-28,1,420,3,0,1,1,1,0,204,0,0,1,2500,2,6,1,5,7,1,1,8,3,5,0,2,1,0,,3,39.0,09,1.0,0.0,1.0,0.0,2.0,1.0,2500,2.0,1.0,1.0,"-605186,301","-1185482,614","-605186,301","-1185482,614","-605181,931","-1185478,529",,,,silnice2.t¯Ìdy,381,2972324.0,,Souhlasn˝sesmÏrem˙seku,Pomal˝,584801.0,,GN_V0.1UIR-ADR_410,2
60045195007,1,53.0,2019-01-28,1,935,3,0,1,1,1,2,204,0,0,1,200,2,8,1,5,3,0,1,1,0,0,0,1,1,0,,3,38.0,98,1.0,1.0,1.0,1.0,1.0,3.0,200,3.0,1.0,1.0,"-614914,156","-1185644,975","-614914,156","-1185644,975","-614913,6","-1185646,786",,,,silnice1.t¯Ìdy,53,2101894.0,,OpaËn˝kesmÏru˙seku,Pomal˝,593834.0,,GN_V0.1UIR-ADR_410,2
60106190001,6,,2019-01-04,5,1310,3,0,6,2,1,2,204,0,0,0,150,2,6,1,5,3,1,1,1,0,0,0,3,1,0,,3,39.0,11,1.0,1.0,1.0,0.0,1.0,5.0,100,2.0,1.0,1.0,"-592037,935","-1127774,061","-592047,066","-1127789,1","-592047,724","-1127788,859",Boskovice,Pr˘myslov·,,mÌstnÌkomunikace,,3482260.0,,Souhlasn˝sesmÏrem˙seku,Pomal˝,581372.0,841846.0,GN_V0.1UIR-ADR_410,1
60106190002,3,37420.0,2019-01-04,5,1530,1,1,0,1,1,2,204,0,0,3,4500,2,6,1,5,1,1,1,1,0,0,0,3,3,0,,3,7.0,08,1.0,1.0,1.0,0.0,1.0,1.0,400,2.0,1.0,1.0,"-594843,798","-1127466,931","-594843,798","-1127466,931","-594843,271","-1127466,999",Svit·vka,äkolnÌ,,silnice3.t¯Ìdy,37420,1750274.0,,OpaËn˝kesmÏru˙seku,Pomal˝,582441.0,20281.0,GN_V0.1UIR-ADR_410,1
60106190003,3,37440.0,2019-01-04,5,1815,3,0,6,2,1,2,204,0,0,0,450,2,6,1,5,7,1,1,1,0,0,0,2,1,0,,3,42.0,13,3.0,1.0,1.0,0.0,1.0,1.0,400,2.0,1.0,1.0,"-590550,514","-1142526,48","-590550,514","-1142526,48","-590552,561","-1142524,342",,,,silnice3.t¯Ìdy,37440,2953360.0,,Souhlasn˝sesmÏrem˙seku,Pomal˝,581283.0,,GN_V0.1UIR-ADR_410,2
60106190004,3,37444.0,2019-01-04,5,1955,3,0,4,2,1,2,204,0,0,0,120,2,6,1,5,7,1,1,1,0,0,0,3,1,0,,3,4.0,11,1.0,1.0,1.0,0.0,1.0,1.0,100,4.0,1.0,1.0,"-593095,369","-1145071,089","-593095,369","-1145071,089","-593108,264","-1145079,685",,,,silnice3.t¯Ìdy,37444,1989126.0,,Souhlasn˝sesmÏrem˙seku,Pomal˝,582166.0,,GN_V0.1UIR-ADR_410,2
60106190005,3,37359.0,2019-01-05,6,300,3,0,1,1,1,3,204,0,1,0,300,2,3,1,1,6,1,1,8,0,0,0,3,1,0,,3,2.0,01,1.0,0.0,1.0,0.0,1.0,1.0,300,2.0,4.0,1.0,"-587229,109","-1129609,394","-587229,109","-1129609,394","-587226,97","-1129606,256",,,,silnice3.t¯Ìdy,37359,1609214.0,,Souhlasn˝sesmÏrem˙seku,Pomal˝,581372.0,,GN_V0.1UIR-ADR_410,2
60106190006,2,374.0,2019-01-06,0,1560,3,0,1,2,1,0,205,0,0,0,200,2,1,1,1,1,1,1,8,0,0,0,3,1,0,,3,1.0,01,1.0,1.0,4.0,0.0,1.0,3.0,200,9.0,,,"-589263,209","-1126055,778","-589279,861","-1126053,63","-589281,6","-1126053,196",,,,silnice2.t¯Ìdy,374,1321266.0,,OpaËn˝kesmÏru˙seku,Pomal˝,582395.0,,GN_V0.1UIR-ADR_410,2
60106190007,1,43.0,2019-01-08,2,745,3,0,4,2,1,2,204,0,0,0,150,2,8,1,5,2,1,1,8,0,0,0,1,1,0,,7,40.0,12,3.0,1.0,1.0,0.0,1.0,1.0,100,3.0,1.0,1.0,"-598384,092","-1140430,773","-598384,092","-1140430,773","-598385,572","-1140429,485",,,,silnice1.t¯Ìdy,43,3156323.0,,Souhlasn˝sesmÏrem˙seku,Pomal˝,586005.0,,GN_V0.1UIR-ADR_410,2
60106190008,2,379.0,2019-01-08,2,945,3,0,9,2,1,2,204,0,0,0,400,2,8,1,5,3,1,1,0,0,0,0,3,1,0,,3,55.0,08,1.0,1.0,1.0,0.0,1.0,3.0,300,3.0,1.0,1.0,"-592461,282","-1143895,128","-592461,282","-1143895,128","-592465,958","-1143892,169",Blansko,Gellhornova,,silnice2.t¯Ìdy,379,3233781.0,,Souhlasn˝sesmÏrem˙seku,Pomal˝,581283.0,15474.0,GN_V0.1UIR-ADR_410,1
60106190009,2,150.0,2019-01-10,4,1700,6,0,0,2,4,0,100,0,0,0,600,2,1,1,1,6,1,1,1,0,0,0,1,1,0,,5,39.0,07,1.0,0.0,1.0,0.0,1.0,1.0,100,2.0,1.0,1.0,"-588453,592","-1130257,003","-588453,592","-1130257,003","-588453,218","-1130256,552",,,,silnice2.t¯Ìdy,150,3266748.0,,Souhlasn˝sesmÏrem˙seku,Pomal˝,534692.0,,GN_V0.1UIR-ADR_410,2
60106190010,6,,2019-01-10,4,2560,3,0,9,2,1,0,204,0,0,0,100,5,6,1,1,1,1,1,1,0,0,0,1,1,0,,17,,XX,,,,,,,0,,,,"-586834,899","-1150705,604","-586834,899","-1150705,604","-586836,154","-1150707,611",K¯tiny,,,mÌstnÌkomunikace,,1049198.0,,OpaËn˝kesmÏru˙seku,Pomal˝,581828.0,,GN_V0.1UIR-ADR_410,1
60106190011,6,,2019-01-11,5,1705,1,2,0,2,1,2,402,0,0,0,400,2,1,1,1,4,1,1,1,3,3,1,4,2,10,6.0,3,39.0,10,1.0,0.0,1.0,0.0,1.0,5.0,100,3.0,1.0,1.0,"-593380,713","-1143140,07","-593383,401","-1143136,845","-593383,334","-1143136,802",Blansko,Masarykova,,mÌstnÌkomunikace,,593397.0,,OpaËn˝kesmÏru˙seku,Pomal˝,581283.0,15105.0,GN_V0.1UIR-ADR_410,1
60106190012,1,43.0,2019-01-11,5,2020,3,0,4,2,1,2,204,0,0,0,250,2,8,1,5,7,1,1,1,0,0,0,3,1,0,,3,31.0,03,1.0,1.0,1.0,0.0,1.0,1.0,200,2.0,1.0,1.0,"-597060,146","-1118534,44","-597060,146","-1118534,44","-597067,54","-1118531,1",,,,silnice1.t¯Ìdy,43,1656315.0,,Souhlasn˝sesmÏrem˙seku,Pomal˝,581917.0,,GN_V0.1UIR-ADR_410,2
60106190013,3,3748.0,2019-01-11,5,2028,9,0,0,2,1,2,204,0,0,0,200,2,6,1,5,7,1,1,1,0,0,0,1,1,0,,3,47.0,06,1.0,1.0,1.0,0.0,1.0,1.0,200,7.0,1.0,1.0,"-587901,986","-1117897,905","-587901,986","-1117897,905","-587902,561","-1117897,679",,,,silnice3.t¯Ìdy,3748,1609231.0,,Souhlasn˝sesmÏrem˙seku,Pomal˝,581356.0,,GN_V0.1UIR-ADR_410,2
60106190014,2,379.0,2019-01-11,5,2120,3,0,1,2,1,2,204,0,0,0,1500,2,8,1,5,7,1,1,1,0,0,0,1,1,0,,5,8.0,18,2.0,0.0,1.0,0.0,1.0,3.0,1500,2.0,1.0,1.0,"-600173,446","-1144812,642","-600173,446","-1144812,642","-600172,686","-1144807,635",Lip˘vka,,,silnice2.t¯Ìdy,379,3193090.0,,Souhlasn˝sesmÏrem˙seku,Pomal˝,581968.0,,GN_V0.1UIR-ADR_410,1
60106190015,1,43.0,2019-01-13,0,815,3,0,3,2,1,2,204,0,0,0,190,2,3,1,1,1,1,1,1,0,0,0,3,1,0,,3,13.0,02,1.0,1.0,1.0,0.0,1.0,1.0,100,3.0,1.0,1.0,"-595971,4","-1125168,703","-595971,4","-1125168,703","-595967,687","-1125169,222",,,,silnice1.t¯Ìdy,43,1415821.0,,OpaËn˝kesmÏru˙seku,Pomal˝,582441.0,,GN_V0.1UIR-ADR_410,2
60106190016,2,150.0,2019-01-13,0,1000,3,0,3,1,1,2,205,0,0,1,500,2,3,1,1,1,1,1,1,0,0,0,3,1,0,,5,39.0,07,1.0,1.0,1.0,1.0,1.0,1.0,400,3.0,1.0,1.0,"-594591,165","-1127687,653","-594591,165","-1127687,653","-594593,266","-1127694,982",,,,silnice2.t¯Ìdy,150,3459086.0,,OpaËn˝kesmÏru˙seku,Pomal˝,582336.0,,GN_V0.1UIR-ADR_410,2
60106190017,6,,2019-01-15,2,735,4,0,0,1,1,2,504,0,0,1,50,2,8,1,1,2,1,1,1,0,0,0,1,1,0,,3,31.0,10,1.0,0.0,1.0,0.0,1.0,5.0,50,2.0,1.0,1.0,"-597030,375","-1145967,685","-597021,774","-1145958,008","-597021,444","-1145958,109",äebrov-Kate¯ina,,,mÌstnÌkomunikace,,3273838.0,,OpaËn˝kesmÏru˙seku,Pomal˝,582476.0,,GN_V0.1UIR-ADR_410,1
60106190018,2,372.0,2019-01-17,4,1855,9,0,0,1,2,8,511,0,0,1,10,2,3,1,1,4,1,1,1,0,0,0,2,1,0,,13,0.0,,1.0,0.0,1.0,0.0,1.0,1.0,10,8.0,5.0,1.0,,,"-592744,018","-1116975,836","-592744,231","-1116976,463",Sv·rov,,,silnice2.t¯Ìdy,372,3247653.0,,OpaËn˝kesmÏru˙seku,Pomal˝,592668.0,,GN_V0.1UIR-ADR_410,1
60106190019,2,374.0,2019-01-18,5,620,0,0,0,2,6,0,100,0,0,0,30,2,1,6,1,4,3,1,1,0,0,0,1,1,0,,3,25.0,02,1.0,0.0,1.0,0.0,1.0,1.0,30,2.0,1.0,1.0,"-584198,733","-1117109,574","-584198,733","-1117109,574","-584199,678","-1117109,45",Uh¯ice,,,silnice2.t¯Ìdy,374,1989874.0,,OpaËn˝kesmÏru˙seku,Pomal˝,582531.0,,GN_V0.1UIR-ADR_410,1
60106190020,2,150.0,2019-01-21,1,2050,5,0,0,2,4,0,100,0,0,0,500,2,1,1,1,6,1,1,1,0,0,0,1,1,0,,3,47.0,18,3.0,0.0,1.0,0.0,1.0,3.0,500,3.0,1.0,1.0,"-584772,105","-1132156,415","-584772,105","-1132156,415","-584773,259","-1132155,382",,,,silnice2.t¯Ìdy,150,2953773.0,,OpaËn˝kesmÏru˙seku,Pomal˝,582581.0,,GN_V0.1UIR-ADR_410,2
60106190021,3,3742.0,2019-01-22,2,1420,1,2,0,1,1,2,508,0,0,2,250,2,1,1,1,1,1,1,1,0,0,0,2,2,0,,3,31.0,16,1.0,0.0,1.0,0.0,1.0,1.0,100,3.0,2.0,1.0,"-586796,066","-1117336,981","-586796,066","-1117336,981","-586795,153","-1117336,864",,,,silnice3.t¯Ìdy,3742,517659.0,,OpaËn˝kesmÏru˙seku,Pomal˝,581470.0,,GN_V0.1UIR-ADR_410,2
60106190022,3,37432.0,2019-01-22,2,1705,5,0,0,2,4,0,100,0,0,0,339,2,1,1,1,2,1,1,1,0,0,0,3,1,0,,3,39.0,08,1.0,0.0,1.0,0.0,1.0,3.0,200,2.0,1.0,1.0,"-592888,009","-1134763,662","-592893,924","-1134761,511","-592893,897","-1134761,04",,,,silnice3.t¯Ìdy,37432,2956533.0,,Souhlasn˝sesmÏrem˙seku,Pomal˝,582239.0,,GN_V0.1UIR-ADR_410,2
60106190023,1,43.0,2019-01-22,2,1840,1,4,0,1,1,2,201,0,0,2,2800,2,1,1,1,6,1,1,1,0,0,0,1,2,0,,3,41.0,10,3.0,0.0,1.0,1.0,1.0,3.0,2000,3.0,1.0,1.0,"-597036,298","-1130397,499","-597029,309","-1130399,649","-597028,909","-1130399,814",,,,silnice1.t¯Ìdy,43,560697.0,,Souhlasn˝sesmÏrem˙seku,Pomal˝,582671.0,,GN_V0.1UIR-ADR_410,2
60106190024,8,,2019-01-23,3,1106,2,0,0,2,1,0,504,0,0,0,100,2,6,1,0,1,1,1,1,0,0,0,1,2,0,,17,,XX,,,,,,,0,,,,"-593513,518","-1142606,345","-593513,518","-1142606,345","-593513,807","-1142605,017",Blansko,n·m.Republiky,,mÌstnÌkomunikace,,730299.0,,Souhlasn˝sesmÏrem˙seku,Pomal˝,581283.0,15253.0,GN_V0.1UIR-ADR_410,1
60106190025,3,36214.0,2019-01-23,3,1235,0,0,0,2,1,3,501,0,0,0,150,2,5,1,1,1,1,1,1,0,0,0,3,2,0,,3,7.0,05,1.0,0.0,1.0,0.0,1.0,1.0,0,2.0,4.0,1.0,"-604608,918","-1118150,923","-604624,509","-1118131,569","-604625,489","-1118132,229",,,,silnice3.t¯Ìdy,36214,2379206.0,,Souhlasn˝sesmÏrem˙seku,Pomal˝,553883.0,,GN_V0.1UIR-ADR_410,2
60106190026,1,19.0,2019-01-23,3,1355,5,0,0,2,4,0,100,0,0,0,630,2,1,1,1,1,1,1,1,0,0,0,1,1,0,,5,7.0,16,3.0,0.0,1.0,0.0,1.0,1.0,400,3.0,1.0,1.0,"-603219,617","-1125007,285","-603219,617","-1125007,285","-603217,07","-1125004,493",,,,silnice1.t¯Ìdy,19,2953511.0,,Souhlasn˝sesmÏrem˙seku,Pomal˝,581879.0,,GN_V0.1UIR-ADR_410,2
60106190027,8,,2019-01-23,3,1060,2,0,0,2,1,0,504,0,0,0,50,1,1,1,1,1,1,1,1,3,5,0,1,2,0,,17,,XX,,,,,,,0,,,,"-596263,697","-1121151,905","-596263,697","-1121151,905","-596273,457","-1121151,593",Letovice,,,mÌstnÌkomunikace,,3329238.0,,Souhlasn˝sesmÏrem˙seku,Pomal˝,581917.0,,GN_V0.1UIR-ADR_410,1
60106190028,3,37440.0,2019-01-23,3,2015,1,1,0,1,1,2,204,0,0,2,700,2,5,1,1,4,1,1,1,0,0,0,3,2,0,,3,39.0,97,1.0,1.0,1.0,0.0,1.0,1.0,200,2.0,1.0,1.0,"-587585,016","-1138675,553","-587586,091","-1138666,416","-587586,386","-1138665,682",Vav¯inec,,,silnice3.t¯Ìdy,37440,1045995.0,,Souhlasn˝sesmÏrem˙seku,Pomal˝,582603.0,,GN_V0.1UIR-ADR_410,1
60106190029,8,,2019-01-24,4,900,3,0,6,2,1,2,509,0,0,0,60,2,0,1,1,1,1,1,8,0,0,10,1,1,0,,3,35.0,07,1.0,0.0,1.0,0.0,1.0,5.0,50,2.0,1.0,1.0,"-592683,429","-1142672,242","-592683,429","-1142672,242","-592680,159","-1142675,124",Blansko,PodSanatorkou,,mÌstnÌkomunikace,,1386050.0,,Souhlasn˝sesmÏrem˙seku,Pomal˝,581283.0,,GN_V0.1UIR-ADR_410,1
60106190030,2,150.0,2019-01-24,4,1624,4,0,0,1,3,0,100,0,0,1,50,2,1,1,1,1,2,1,1,3,3,2,4,1,19,6.0,3,39.0,00,1.0,0.0,1.0,0.0,1.0,13.0,50,2.0,1.0,1.0,"-590831,802","-1128722,495","-590834,14","-1128730,426","-590834,289","-1128730,575",Boskovice,Kpt.Jaroöe,,silnice2.t¯Ìdy,150,3168097.0,,OpaËn˝kesmÏru˙seku,Pomal˝,581372.0,15971.0,GN_V0.1UIR-ADR_410,1
60106190031,6,,2019-01-26,6,1745,3,0,3,2,1,0,204,0,0,0,300,2,5,1,5,4,1,1,1,3,3,0,5,3,10,6.0,3,39.0,98,1.0,0.0,0.0,0.0,1.0,5.0,50,9.0,,,"-592776,583","-1141284,244","-592776,583","-1141284,244","-592773,836","-1141281,878",Blansko,OKRUéNÕ,,mÌstnÌkomunikace,,1780418.0,,,Pomal˝,581283.0,,GN_V0.1UIR-ADR_410,1
60106190032,2,379.0,2019-01-29,2,1755,5,0,0,2,4,0,100,0,0,0,639,2,1,1,1,6,1,1,1,0,0,0,1,1,0,,3,39.0,13,3.0,0.0,1.0,0.0,1.0,1.0,500,2.0,1.0,1.0,"-597830,087","-1145524,934","-597830,087","-1145524,934","-597829,602","-1145521,554",,,,silnice2.t¯Ìdy,379,1325058.0,,Souhlasn˝sesmÏrem˙seku,Pomal˝,582476.0,,GN_V0.1UIR-ADR_410,2