IDENTIFIKA»NÕ »ÕSLO,DRUH POZEMNÕ KOMUNIKACE,»ÕSLO POZEMNÕ KOMUNIKACE,"den, mÏsÌc, rok",,Ëas ,DRUH NEHODY,DRUH SR¡éKY JEDOUCÕCH VOZIDEL,DRUH PEVN… PÿEK¡éKY,CHARAKTER NEHODY,ZAVINÃNÕ NEHODY,ALKOHOL U VINÕKA NEHODY PÿÕTOMEN,HLAVNÕ PÿÕ»INY NEHODY,usmrceno osob,tÏûce zranÏno osob,lehce zranÏno osob,CELKOV¡ HMOTN¡ äKODA,DRUH POVRCHU VOZOVKY,STAV POVRCHU VOZOVKY V DOBÃ NEHODY,STAV KOMUNIKACE,POVÃTRNOSTNÕ PODMÕNKY V DOBÃ NEHODY,VIDITELNOST,ROZHLEDOV… POMÃRY,DÃLENÕ KOMUNIKACE,SITUOV¡NÕ NEHODY NA KOMUNIKACI,ÿÕZENÕ PROVOZU V DOBÃ NEHODY,MÕSTNÕ ⁄PRAVA PÿEDNOSTI V JÕZDÃ,SPECIFICK¡ MÕSTA A OBJEKTY V MÕSTÃ NEHODY,SMÃROV… POMÃRY,PO»ET Z⁄»ASTNÃN›CH VOZIDEL,MÕSTO DOPRAVNÕ NEHODY,DRUH KÿIéUJÕCÕ KOMUNIKACE,DRUH VOZIDLA,V›ROBNÕ ZNA»KA MOTOROV…HO VOZIDLA,ROK V›ROBY VOZIDLA,CHARAKTERISTIKA VOZIDLA ,SMYK,VOZIDLO PO NEHODÃ,"⁄NIK PROVOZNÕCH, PÿEPRAVOVAN›CH HMOT",ZPŸSOB VYPROäTÃNÕ OSOB Z VOZIDLA,SMÃR JÕZDY NEBO POSTAVENÕ VOZIDLA,äKODA NA VOZIDLE,KATEGORIE ÿIDI»E,STAV ÿIDI»E,VNÃJäÕ OVLIVNÃNÕ ÿIDI»E,nan.1,nan.2,nan.3,nan.4,nan.5,nan.6,nan.7,nan.8,nan.9,nan.10,nan.11,nan.12,nan.13,nan.14,nan.15,nan.16,nan.17,nan.18,LOKALITA NEHODY
60106190033,6,,2019-01-29,2,2560,2,0,0,2,1,0,511,0,0,0,200,2,6,2,1,1,1,1,1,3,5,0,5,2,10,6.0,17,,XX,,,,,,,0,,,,"-595796,369","-1122333,649","-595796,369","-1122333,649","-595795,781","-1122339,88",Letovice,Jir·skova,,mÌstnÌkomunikace,,533885.0,,OpaËn˝kesmÏru˙seku,Pomal˝,581917.0,18121.0,GN_V0.1UIR-ADR_410,1
60106190034,7,,2019-01-28,1,2560,3,0,9,2,1,0,504,0,0,0,50,6,6,2,1,1,1,1,1,0,0,0,1,1,0,,17,,XX,,,,,,,0,,,,"-589856,671","-1129786,673","-589856,671","-1129786,673","-589857,696","-1129786,933",Boskovice,Dukelsk·,,mÌstnÌkomunikace,,2729039.0,,OpaËn˝kesmÏru˙seku,Pomal˝,581372.0,,GN_V0.1UIR-ADR_410,1
60106190035,2,379.0,2019-01-31,4,725,1,2,0,2,1,2,403,0,0,0,1850,2,3,1,1,2,1,1,1,3,3,0,5,2,19,3.0,5,13.0,08,3.0,0.0,1.0,0.0,1.0,21.0,300,2.0,1.0,1.0,"-588267,088","-1144145,916","-588269,236","-1144150,751","-588269,41","-1144151,218",,,,silnice2.t¯Ìdy,379,1290391.0,,OpaËn˝kesmÏru˙seku,Pomal˝,581283.0,,GN_V0.1UIR-ADR_410,2
60106190036,6,,2019-01-31,4,1160,2,0,0,2,1,0,511,0,0,0,200,2,3,1,1,1,1,1,1,0,0,0,1,2,0,,17,,XX,,,,,,,0,,,,"-593521,639","-1142319,356","-593521,639","-1142319,356","-593525,027","-1142319,755",Blansko,n·m.Svobody,,mÌstnÌkomunikace,,591486.0,,OpaËn˝kesmÏru˙seku,Pomal˝,581283.0,14966.0,GN_V0.1UIR-ADR_410,1
60206190001,5,,2019-01-01,2,240,1,3,0,2,1,0,205,0,0,0,300,2,1,1,1,4,1,2,1,2,0,0,2,2,0,,17,,XX,,,,,,,0,,,,"-597560,976","-1161790,137","-597560,976","-1161790,137","-597567,028","-1161791,637",Brno,PlotnÌ,,mÌstnÌkomunikace,,636319.0,,OpaËn˝kesmÏru˙seku,Pomal˝,582786.0,29688.0,GN_V0.1UIR-ADR_410,1
60206190002,6,,2019-01-01,2,2560,2,0,0,2,1,0,508,0,0,0,100,2,3,1,3,3,1,0,1,0,0,0,1,2,0,,17,,XX,,,,,,,0,,,,"-600447,533","-1158202,9","-600447,533","-1158202,9","-600446,212","-1158202,36",Brno,LuËnÌ,,mÌstnÌkomunikace,,2963235.0,,Souhlasn˝sesmÏrem˙seku,Pomal˝,582786.0,27197.0,GN_V0.1UIR-ADR_410,1
60206190003,5,,2019-01-02,3,1128,3,0,9,2,1,2,508,0,0,0,460,1,1,1,1,1,1,4,6,0,0,7,1,3,0,,5,60.0,04,3.0,0.0,0.0,0.0,1.0,3.0,10,2.0,1.0,1.0,"-597864,594","-1159120,669","-597864,594","-1159120,669","-597858,29","-1159125,885",Brno,DrobnÈho,,mÌstnÌkomunikace,,1607118.0,,Souhlasn˝sesmÏrem˙seku,Pomal˝,582786.0,22900.0,GN_V0.1UIR-ADR_410,1
60206190004,4,,2019-01-02,3,1310,3,0,3,2,1,2,508,0,0,0,60,1,1,1,1,1,1,1,1,3,5,0,4,1,19,,5,13.0,15,3.0,0.0,0.0,0.0,1.0,31.0,10,3.0,1.0,1.0,"-598210,482","-1160421,863","-598210,482","-1160421,863","-598209,13","-1160420,087",Brno,MoravskÈn·mÏstÌ,,mÌstnÌkomunikace,,632545.0,,Souhlasn˝sesmÏrem˙seku,Pomal˝,582786.0,28533.0,GN_V0.1UIR-ADR_410,1
60206190005,6,,2019-01-02,3,1410,1,3,0,2,1,2,404,0,0,0,2500,2,3,1,5,3,1,0,1,3,5,0,4,2,10,,3,47.0,18,3.0,0.0,1.0,0.0,1.0,5.0,800,2.0,1.0,1.0,"-599633,601","-1155039,648","-599639,53","-1155046,117","-599639,357","-1155046,649",BRNO,KOL¡»KOVA,,mÌstnÌkomunikace,,1294173.0,,Souhlasn˝sesmÏrem˙seku,Pomal˝,582786.0,25801.0,GN_V0.1UIR-ADR_410,1
60206190006,6,,2019-01-02,3,1540,1,3,0,2,1,2,204,0,0,0,1800,2,6,1,5,3,1,1,1,0,0,0,3,2,0,,3,31.0,01,1.0,1.0,0.0,0.0,1.0,5.0,200,2.0,1.0,1.0,"-602795,433","-1160835,409","-602795,433","-1160835,409","-602795,429","-1160835,212",Brno,NadPis·rkami,,mÌstnÌkomunikace,,1702835.0,,OpaËn˝kesmÏru˙seku,Pomal˝,582786.0,36391.0,GN_V0.1UIR-ADR_410,1
60206190007,5,,2019-01-02,3,1720,6,0,0,2,4,0,100,0,0,0,100,2,3,1,3,4,1,1,1,0,0,0,1,1,0,,3,7.0,16,1.0,0.0,0.0,0.0,1.0,3.0,100,2.0,1.0,1.0,"-604243,445","-1157183,499","-604243,445","-1157183,499","-604239,478","-1157183,624",Brno,Vejrostova,,mÌstnÌkomunikace,,2963081.0,,OpaËn˝kesmÏru˙seku,Pomal˝,582786.0,34398.0,GN_V0.1UIR-ADR_410,1
60206190008,5,,2019-01-02,3,1830,1,2,0,2,1,2,411,0,0,0,500,2,3,1,1,4,1,3,1,0,0,0,1,2,0,,7,10.0,15,9.0,0.0,1.0,0.0,1.0,1.0,0,4.0,1.0,1.0,"-599284,899","-1164132,268","-599284,899","-1164132,268","-599282,935","-1164129,433",Brno,BOHUNICK¡,,mÌstnÌkomunikace,,1643078.0,,Souhlasn˝sesmÏrem˙seku,Pomal˝,582786.0,34584.0,GN_V0.1UIR-ADR_410,1
60206190009,5,,2019-01-03,4,1008,3,0,1,2,1,2,508,0,0,0,300,2,1,1,1,1,1,1,8,0,0,7,1,1,0,,3,39.0,09,1.0,0.0,1.0,0.0,1.0,3.0,200,2.0,1.0,1.0,"-601725,375","-1163775,798","-601725,375","-1163775,798","-601727,057","-1163779,354",Brno,Klob·sova,,silnice3.t¯Ìdy,15270,641180.0,,OpaËn˝kesmÏru˙seku,Pomal˝,582786.0,25666.0,GN_V0.1UIR-ADR_410,1
60206190010,5,,2019-01-03,4,1140,3,0,6,2,1,2,204,0,0,0,600,2,8,1,5,3,1,1,6,0,0,0,2,1,0,,3,39.0,02,1.0,1.0,1.0,0.0,1.0,3.0,300,3.0,1.0,1.0,"-595269,603","-1158178,358","-595269,603","-1158178,358","-595278,295","-1158175,823",Brno,Selsk·,,silnice2.t¯Ìdy,374,626693.0,,OpaËn˝kesmÏru˙seku,Pomal˝,582786.0,31445.0,GN_V0.1UIR-ADR_410,1
60206190011,5,,2019-01-03,4,1300,3,0,2,1,1,2,204,0,0,1,1250,2,3,1,5,3,1,3,1,0,0,0,2,1,0,,3,39.0,02,1.0,1.0,0.0,0.0,1.0,3.0,800,2.0,1.0,1.0,"-593855,617","-1161452,821","-593855,617","-1161452,821","-593857,277","-1161452,037",Brno,Jedovnick·,,silnice2.t¯Ìdy,373,1656937.0,,Souhlasn˝sesmÏrem˙seku,Pomal˝,582786.0,36153.0,GN_V0.1UIR-ADR_410,1
60206190012,5,,2019-01-03,4,1234,1,4,0,1,1,2,503,0,0,1,400,2,3,1,1,1,1,1,1,0,0,0,1,2,0,,3,39.0,15,3.0,0.0,1.0,0.0,1.0,1.0,300,2.0,1.0,1.0,"-599417,52","-1163127,847","-599417,52","-1163127,847","-599419,119","-1163127,943",Brno,Jihlavsk·,,mÌstnÌkomunikace,,639249.0,,Souhlasn˝sesmÏrem˙seku,Pomal˝,582786.0,24929.0,GN_V0.1UIR-ADR_410,1
60206190013,5,,2019-01-03,4,1249,8,3,0,2,1,2,402,0,0,0,1500,2,5,1,1,1,1,1,7,3,3,2,4,2,10,,3,13.0,11,1.0,0.0,1.0,0.0,1.0,5.0,400,2.0,1.0,1.0,"-596104,795","-1161256,279","-596104,795","-1161256,279","-596105,199","-1161257,135",Brno,T·borsk·,,mÌstnÌkomunikace,,1414326.0,,,Pomal˝,582786.0,28797.0,GN_V0.1UIR-ADR_410,1
60206190014,6,,2019-01-03,4,2560,2,0,0,2,1,0,508,0,0,0,100,2,3,1,1,1,1,1,1,0,0,0,1,2,0,,17,,XX,,,,,,,0,,,,"-595740,647","-1168292,42","-595740,647","-1168292,42","-595740,634","-1168292,494",Brno,äromova,,mÌstnÌkomunikace,,2968679.0,,Souhlasn˝sesmÏrem˙seku,Pomal˝,582786.0,32913.0,GN_V0.1UIR-ADR_410,1
60206190015,5,,2019-01-03,4,2110,1,2,0,2,1,2,408,0,0,0,1900,2,3,1,5,5,1,0,1,0,0,10,1,3,0,,4,47.0,99,1.0,0.0,0.0,0.0,1.0,1.0,200,2.0,1.0,1.0,"-597896,88","-1161220,636","-597896,88","-1161220,636","-597899,443","-1161214,806",Brno,N·draûnÌ,,mÌstnÌkomunikace,,3491917.0,,,Pomal˝,582786.0,33529.0,GN_V0.1UIR-ADR_410,1
60206190016,5,,2019-01-04,5,840,3,0,5,2,1,2,508,0,0,0,1600,2,8,1,1,1,1,3,1,3,3,0,1,2,0,,3,48.0,11,3.0,0.0,1.0,0.0,1.0,3.0,1500,2.0,1.0,1.0,"-597030,083","-1157476,95","-597030,083","-1157476,95","-597030,039","-1157476,911",Brno,OkruûnÌ,,mÌstnÌkomunikace,,625137.0,,OpaËn˝kesmÏru˙seku,Pomal˝,582786.0,29025.0,GN_V0.1UIR-ADR_410,1
60206190017,5,,2019-01-04,5,1020,3,0,2,2,1,2,403,0,0,0,1650,2,6,1,1,1,1,1,1,3,3,0,5,2,10,,3,4.0,12,3.0,0.0,1.0,0.0,1.0,5.0,800,2.0,1.0,1.0,"-596712,165","-1159784,701","-596712,165","-1159784,701","-596731,577","-1159774,643",Brno,Vranovsk·,,mÌstnÌkomunikace,,630779.0,,Souhlasn˝sesmÏrem˙seku,Pomal˝,582786.0,34835.0,GN_V0.1UIR-ADR_410,1
60206190018,6,,2019-01-01,2,2560,2,0,0,2,1,0,508,0,0,0,200,2,3,1,1,1,1,1,1,0,0,0,1,2,0,,17,,XX,,,,,,,0,,,,"-599759,288","-1154778,684","-599759,288","-1154778,684","-599760,546","-1154774,781",Brno,DruûstevnÌ,,mÌstnÌkomunikace,,1606830.0,,OpaËn˝kesmÏru˙seku,Pomal˝,582786.0,22926.0,GN_V0.1UIR-ADR_410,1
60206190019,5,,2019-01-04,5,1415,1,2,0,2,1,0,505,0,0,0,400,2,3,1,5,3,1,5,1,0,0,0,1,2,0,,17,,XX,,,,,,,0,,,,"-599171,082","-1164764,842","-599171,082","-1164764,842","-599179,216","-1164764,832",Brno,VÌdeÚsk·,,silnice1.t¯Ìdy,52,1416994.0,,Souhlasn˝sesmÏrem˙seku,Pomal˝,582786.0,34584.0,GN_V0.1UIR-ADR_410,1
60206190020,6,,2019-01-04,5,1331,2,0,0,2,1,0,508,0,0,0,110,2,3,1,1,1,1,0,0,3,3,10,1,2,0,,3,7.0,04,1.0,0.0,1.0,0.0,1.0,5.0,10,2.0,1.0,1.0,"-599660,36","-1163133,422","-599660,36","-1163133,422","-599673,31","-1163130,59",Brno,Jihlavsk·,,mÌstnÌkomunikace,,1656873.0,,Souhlasn˝sesmÏrem˙seku,Pomal˝,582786.0,24929.0,GN_V0.1UIR-ADR_410,1
60206190021,4,,2019-01-04,5,1515,1,4,0,1,1,2,503,0,0,1,800,2,3,1,5,1,1,1,1,3,3,0,4,2,19,,3,38.0,07,1.0,0.0,0.0,0.0,1.0,25.0,200,2.0,1.0,1.0,"-599150,665","-1164122,077","-599150,665","-1164122,077","-599150,534","-1164122,077",Brno,VÌdeÚsk·,,mÌstnÌkomunikace,,2967528.0,,,Pomal˝,582786.0,34584.0,GN_V0.1UIR-ADR_410,1
60206190022,6,,2019-01-04,5,1520,3,0,3,2,1,2,204,0,0,0,350,2,6,1,5,3,1,1,1,0,0,0,3,1,0,,3,31.0,17,1.0,0.0,1.0,0.0,1.0,5.0,300,2.0,1.0,1.0,"-593033,847","-1159432,324","-593033,847","-1159432,324","-593037,771","-1159431,908",Brno,HornÌkova,,mÌstnÌkomunikace,,2965636.0,,Souhlasn˝sesmÏrem˙seku,Pomal˝,582786.0,24210.0,GN_V0.1UIR-ADR_410,1
60206190023,6,,2019-01-04,5,1740,3,0,3,2,1,2,205,0,0,0,60,2,6,1,5,4,1,1,6,0,0,10,2,1,0,,3,39.0,03,1.0,1.0,1.0,0.0,1.0,5.0,10,3.0,1.0,1.0,"-597783,305","-1159177,442","-597783,305","-1159177,442","-597777,702","-1159182,288",Brno,Erbenova,,mÌstnÌkomunikace,,629466.0,,Souhlasn˝sesmÏrem˙seku,Pomal˝,582786.0,23167.0,GN_V0.1UIR-ADR_410,1
60206190024,6,,2019-01-05,6,2560,2,0,0,2,1,0,508,0,0,0,150,2,5,1,1,4,1,0,1,0,0,0,3,2,0,,17,,XX,,,,,,,0,,,,"-597604,101","-1159985,054","-597604,101","-1159985,054","-597588,771","-1159977,82",Brno,Traubova,,mÌstnÌkomunikace,,631596.0,,Souhlasn˝sesmÏrem˙seku,Pomal˝,582786.0,33383.0,GN_V0.1UIR-ADR_410,1
60206190025,5,,2019-01-05,6,1205,1,2,0,2,1,2,504,0,0,0,1200,2,3,1,1,1,1,1,1,0,0,0,1,2,0,,3,4.0,12,3.0,0.0,1.0,0.0,1.0,1.0,1100,2.0,1.0,1.0,"-597428,582","-1160600,089","-597428,582","-1160600,089","-597417,989","-1160593,618",Brno,Cejl,,mÌstnÌkomunikace,,3301289.0,,,Pomal˝,582786.0,22063.0,GN_V0.1UIR-ADR_410,1
60206190026,4,,2019-01-05,6,1535,4,0,0,1,1,2,412,0,0,1,0,2,3,1,1,1,1,1,1,2,0,1,4,1,19,,3,1.0,99,1.0,0.0,1.0,0.0,1.0,75.0,0,2.0,1.0,1.0,"-596920,021","-1161313,355","-596920,021","-1161313,355","-596920,338","-1161316,951",Brno,K¯enov·,,mÌstnÌkomunikace,,634899.0,,OpaËn˝kesmÏru˙seku,Pomal˝,582786.0,26492.0,GN_V0.1UIR-ADR_410,1
60206190027,5,,2019-01-06,0,530,5,0,0,2,4,0,100,0,0,0,30,2,1,1,1,6,1,1,1,0,0,0,3,1,0,,8,99.0,14,5.0,0.0,1.0,0.0,1.0,1.0,10,4.0,1.0,1.0,"-590281,613","-1157095,98","-590281,613","-1157095,98","-590286,12","-1157087,663",Brno,JEDOVNICK¡,,silnice2.t¯Ìdy,373,1702590.0,,Souhlasn˝sesmÏrem˙seku,Pomal˝,582786.0,,GN_V0.1UIR-ADR_410,1
60206190028,6,,2019-01-03,4,1700,1,1,0,2,1,0,508,0,0,0,50,2,1,1,1,4,1,1,1,3,5,10,5,2,10,,17,,XX,,,,,,,0,,,,"-595941,43","-1163017,866","-595941,43","-1163017,866","-595935,855","-1163017,112",Brno,Wainerovon·mÏstÌ,,mÌstnÌkomunikace,,638956.0,,OpaËn˝kesmÏru˙seku,Pomal˝,582786.0,36412.0,GN_V0.1UIR-ADR_410,1
60206190029,8,,2019-01-06,0,2560,2,0,0,2,1,0,508,0,0,0,300,1,3,1,1,1,1,0,1,3,5,10,1,2,0,,17,,XX,,,,,,,0,,,,"-601384,107","-1164004,395","-601384,107","-1164004,395","-601403,7","-1164001,945",Brno,ULeskavy,,mÌstnÌkomunikace,,2967476.0,,Souhlasn˝sesmÏrem˙seku,Pomal˝,582786.0,32859.0,GN_V0.1UIR-ADR_410,1
60206190030,5,,2019-01-06,0,1540,2,0,0,2,1,2,508,0,0,0,300,2,1,1,1,1,1,1,1,0,0,10,1,2,0,,3,31.0,04,1.0,0.0,1.0,0.0,1.0,1.0,100,2.0,1.0,1.0,"-598506,448","-1160258,418","-598506,448","-1160258,418","-598498,511","-1160252,001",Brno,Veve¯Ì,,mÌstnÌkomunikace,,3301307.0,,Souhlasn˝sesmÏrem˙seku,Pomal˝,582786.0,34487.0,GN_V0.1UIR-ADR_410,1
60206190031,6,,2019-01-06,0,2560,2,0,0,2,1,0,508,0,0,0,100,2,1,1,1,4,1,0,0,0,0,10,1,2,0,,17,,XX,,,,,,,0,,,,"-597899,28","-1160215,909","-597899,28","-1160215,909","-597891,762","-1160216,194",Brno,t¯ÌdaKpt.Jaroöe,,mÌstnÌkomunikace,,3144570.0,,OpaËn˝kesmÏru˙seku,Pomal˝,582786.0,34819.0,GN_V0.1UIR-ADR_410,1
60206190032,5,,2019-01-07,1,506,1,4,0,2,1,3,503,0,0,0,500,2,1,1,1,4,1,1,1,3,5,0,1,2,0,,3,39.0,14,1.0,0.0,1.0,0.0,1.0,3.0,500,2.0,4.0,1.0,"-597150,571","-1160479,995","-597150,571","-1160479,995","-597152,719","-1160469,888",Brno,Cejl,,mÌstnÌkomunikace,,632798.0,,OpaËn˝kesmÏru˙seku,Pomal˝,582786.0,22063.0,GN_V0.1UIR-ADR_410,1
60206190033,5,,2019-01-07,1,540,1,2,0,2,1,0,411,0,0,0,50,2,1,1,1,4,1,1,5,0,0,2,3,2,0,,17,,XX,,,,,,,0,,,,"-599207,404","-1161227,636","-599207,404","-1161227,636","-599214,986","-1161216,966",Brno,Mendlovon·mÏstÌ,,mÌstnÌkomunikace,,725791.0,,Souhlasn˝sesmÏrem˙seku,Pomal˝,582786.0,28428.0,GN_V0.1UIR-ADR_410,1
60206190034,4,,2019-01-07,1,1050,1,3,0,2,1,2,401,0,0,0,5600,2,1,1,1,1,1,1,1,2,0,2,4,2,19,,3,99.0,10,1.0,0.0,0.0,1.0,1.0,15.0,5000,3.0,1.0,1.0,"-598836,937","-1159516,938","-598836,937","-1159516,938","-598838,675","-1159514,023",Brno,Kotl·¯sk·,,mÌstnÌkomunikace,,1656960.0,,Souhlasn˝sesmÏrem˙seku,Pomal˝,582786.0,26131.0,GN_V0.1UIR-ADR_410,1
60206190035,6,,2019-01-07,1,1315,3,0,3,2,1,2,508,0,0,0,30,2,1,1,1,1,1,0,1,0,0,0,1,1,0,,5,13.0,04,3.0,0.0,0.0,0.0,1.0,5.0,0,2.0,1.0,1.0,"-597456,246","-1160348,56","-597456,246","-1160348,56","-597462,475","-1160324,915",Brno,P¯ÌËnÌ,,mÌstnÌkomunikace,,3144611.0,,,Pomal˝,582786.0,30457.0,GN_V0.1UIR-ADR_410,1
60206190036,5,,2019-01-07,1,1550,3,0,9,2,1,2,508,0,0,0,370,2,1,1,1,1,1,1,1,0,0,6,1,1,0,,3,47.0,16,3.0,0.0,0.0,0.0,1.0,1.0,300,2.0,1.0,1.0,"-599235,918","-1161499,05","-599235,918","-1161499,05","-599240,456","-1161500,642",Brno,K¯Ìûov·,,mÌstnÌkomunikace,,3595260.0,,Souhlasn˝sesmÏrem˙seku,Pomal˝,582786.0,26565.0,GN_V0.1UIR-ADR_410,1
60206190037,5,,2019-01-08,2,745,3,0,4,2,1,2,204,0,0,0,450,2,5,1,5,2,1,1,1,0,0,5,3,1,0,,5,31.0,06,1.0,1.0,0.0,0.0,1.0,1.0,400,2.0,1.0,1.0,"-598943,192","-1156155,031","-598943,192","-1156155,031","-598934,488","-1156156,575",Brno,Hradeck·,,silnice2.t¯Ìdy,640,1423980.0,,Souhlasn˝sesmÏrem˙seku,Pomal˝,582786.0,26948.0,GN_V0.1UIR-ADR_410,1
60206190038,5,,2019-01-08,2,655,1,1,0,2,1,2,204,0,0,0,2100,2,6,1,5,7,1,0,1,0,0,0,3,2,0,,3,39.0,06,1.0,1.0,0.0,0.0,1.0,1.0,600,2.0,1.0,1.0,"-594780,396","-1165280,06","-594780,396","-1165280,06","-594778,605","-1165270,509",Brno,Jahodov·,,mÌstnÌkomunikace,,3135396.0,,OpaËn˝kesmÏru˙seku,Pomal˝,582786.0,24571.0,GN_V0.1UIR-ADR_410,1
60206190039,4,,2019-01-08,2,855,1,4,0,1,1,0,503,0,0,2,100,2,5,1,5,3,1,2,1,3,3,1,5,2,19,,3,4.0,17,1.0,0.0,0.0,0.0,1.0,25.0,0,9.0,,,"-599203,159","-1156117,349","-599203,159","-1156117,349","-599204,898","-1156127,263",Brno,Hudcova,,mÌstnÌkomunikace,,3300009.0,,OpaËn˝kesmÏru˙seku,Pomal˝,582786.0,24414.0,GN_V0.1UIR-ADR_410,1
60206190040,5,,2019-01-08,2,820,2,0,0,2,1,2,508,0,0,0,405,2,3,1,5,3,1,1,1,0,0,10,1,2,0,,7,48.0,12,9.0,0.0,0.0,0.0,1.0,1.0,0,4.0,1.0,1.0,"-595576,386","-1158826,392","-595605,95","-1158812,954","-595642,469","-1158782,861",Brno,Valcha¯sk·,,mÌstnÌkomunikace,,628258.0,,Souhlasn˝sesmÏrem˙seku,Pomal˝,582786.0,34215.0,GN_V0.1UIR-ADR_410,1
60206190041,5,,2019-01-08,2,830,3,0,3,2,1,2,204,0,0,0,60,2,5,1,5,3,1,1,6,3,4,1,5,1,10,,3,35.0,12,1.0,1.0,1.0,0.0,1.0,3.0,50,3.0,1.0,1.0,"-594707,068","-1160990,264","-594707,068","-1160990,264","-594707,111","-1160989,92",Brno,LÌöeÚsk·,,mÌstnÌkomunikace,,3594169.0,,Souhlasn˝sesmÏrem˙seku,Pomal˝,582786.0,27111.0,GN_V0.1UIR-ADR_410,1
60206190042,4,,2019-01-08,2,945,1,2,0,2,1,2,204,0,0,0,760,2,3,1,1,1,1,1,1,2,0,1,5,2,19,,9,0.0,,3.0,1.0,0.0,0.0,1.0,21.0,100,3.0,1.0,1.0,"-595605,609","-1159836,171","-595605,609","-1159836,171","-595609,332","-1159843,587",Brno,Rokytova,,mÌstnÌkomunikace,,630844.0,,OpaËn˝kesmÏru˙seku,Pomal˝,582786.0,30872.0,GN_V0.1UIR-ADR_410,1
60206190043,6,,2019-01-08,2,1240,3,0,9,2,1,2,204,0,0,0,1550,2,6,1,3,1,1,1,6,0,0,0,3,1,0,,3,39.0,18,3.0,1.0,0.0,0.0,1.0,5.0,1500,3.0,1.0,1.0,"-593483,945","-1164541,953","-593483,945","-1164541,953","-593483,996","-1164543,55",Brno,Medkova,,mÌstnÌkomunikace,,1726337.0,,OpaËn˝kesmÏru˙seku,Pomal˝,582786.0,804754.0,GN_V0.1UIR-ADR_410,1
60206190044,8,,2019-01-08,2,2560,2,0,0,2,1,0,508,0,0,0,80,2,3,1,5,3,1,0,1,0,0,0,1,2,0,,17,,XX,,,,,,,0,,,,,,,,,,BRNO,,,,,,,,,,,,1
60206190045,4,,2019-01-08,2,2560,3,0,9,2,1,0,504,0,0,0,200,6,8,1,1,1,1,0,6,0,0,7,4,1,12,,12,0.0,,3.0,0.0,1.0,0.0,1.0,22.0,0,8.0,1.0,1.0,"-596945,742","-1161683,613","-596945,742","-1161683,613","-596943,576","-1161691,965",Brno,HladÌkova,,silnice1.t¯Ìdy,42,719966.0,,Souhlasn˝sesmÏrem˙seku,Pomal˝,582786.0,23981.0,GN_V0.1UIR-ADR_410,1
60206190046,4,,2019-01-08,2,1615,0,0,0,1,7,0,602,0,0,1,0,2,1,1,1,4,1,3,7,2,0,0,4,1,19,,10,0.0,,5.0,0.0,1.0,0.0,1.0,15.0,0,8.0,1.0,1.0,"-598742,879","-1161929,383","-598714,05","-1161908,169","-598715,218","-1161907,281",Brno,Rennesk·t¯Ìda,,mÌstnÌkomunikace,,1607018.0,,Souhlasn˝sesmÏrem˙seku,Pomal˝,582786.0,32131.0,GN_V0.1UIR-ADR_410,1
60206190047,5,,2019-01-08,2,1710,9,0,0,2,6,0,100,0,0,0,210,2,3,6,4,5,1,4,1,0,0,0,1,1,0,,3,47.0,17,1.0,0.0,1.0,0.0,1.0,3.0,200,2.0,1.0,1.0,"-596092,611","-1156908,093","-596092,611","-1156908,093","-596090,221","-1156907,787",Brno,Seifertova,,silnice3.t¯Ìdy,37915,2963938.0,,OpaËn˝kesmÏru˙seku,Pomal˝,582786.0,36790.0,GN_V0.1UIR-ADR_410,1
60206190048,5,,2019-01-09,3,555,3,0,4,2,1,2,204,0,0,0,610,2,6,1,1,4,1,0,3,3,3,0,3,1,0,,3,7.0,12,1.0,1.0,1.0,0.0,1.0,1.0,600,2.0,1.0,1.0,"-601620,811","-1162799,071","-601620,811","-1162799,071","-601619,289","-1162802,159",Brno,Jihlavsk·,,silnice1.t¯Ìdy,23,1746831.0,,Souhlasn˝sesmÏrem˙seku,Pomal˝,582786.0,24929.0,GN_V0.1UIR-ADR_410,1
60206190049,4,,2019-01-09,3,728,4,0,0,1,1,2,412,0,0,1,0,2,3,1,1,2,1,1,1,3,3,1,4,1,11,,5,12.0,16,3.0,0.0,1.0,0.0,1.0,46.0,0,2.0,1.0,1.0,"-601265,841","-1163040,678","-601265,841","-1163040,678","-601258,063","-1163042,081",Brno,Osov·,,mÌstnÌkomunikace,,639260.0,,Souhlasn˝sesmÏrem˙seku,Pomal˝,582786.0,23736.0,GN_V0.1UIR-ADR_410,1
60206190050,6,,2019-01-01,2,2560,2,0,0,2,1,0,508,0,0,0,150,2,5,1,1,4,1,0,0,0,0,0,1,2,0,,17,,XX,,,,,,,0,,,,"-600545,886","-1161179,5","-600545,886","-1161179,5","-600540,174","-1161182,174",Brno,V˝staviötÏ,,mÌstnÌkomunikace,,634616.0,,,Pomal˝,582786.0,24040.0,GN_V0.1UIR-ADR_410,1