IDENTIFIKA»NÕ »ÕSLO,DRUH POZEMNÕ KOMUNIKACE,»ÕSLO POZEMNÕ KOMUNIKACE,"den, mÏsÌc, rok",,Ëas ,DRUH NEHODY,DRUH SR¡éKY JEDOUCÕCH VOZIDEL,DRUH PEVN… PÿEK¡éKY,CHARAKTER NEHODY,ZAVINÃNÕ NEHODY,ALKOHOL U VINÕKA NEHODY PÿÕTOMEN,HLAVNÕ PÿÕ»INY NEHODY,usmrceno osob,tÏûce zranÏno osob,lehce zranÏno osob,CELKOV¡ HMOTN¡ äKODA,DRUH POVRCHU VOZOVKY,STAV POVRCHU VOZOVKY V DOBÃ NEHODY,STAV KOMUNIKACE,POVÃTRNOSTNÕ PODMÕNKY V DOBÃ NEHODY,VIDITELNOST,ROZHLEDOV… POMÃRY,DÃLENÕ KOMUNIKACE,SITUOV¡NÕ NEHODY NA KOMUNIKACI,ÿÕZENÕ PROVOZU V DOBÃ NEHODY,MÕSTNÕ ⁄PRAVA PÿEDNOSTI V JÕZDÃ,SPECIFICK¡ MÕSTA A OBJEKTY V MÕSTÃ NEHODY,SMÃROV… POMÃRY,PO»ET Z⁄»ASTNÃN›CH VOZIDEL,MÕSTO DOPRAVNÕ NEHODY,DRUH KÿIéUJÕCÕ KOMUNIKACE,DRUH VOZIDLA,V›ROBNÕ ZNA»KA MOTOROV…HO VOZIDLA,ROK V›ROBY VOZIDLA,CHARAKTERISTIKA VOZIDLA ,SMYK,VOZIDLO PO NEHODÃ,"⁄NIK PROVOZNÕCH, PÿEPRAVOVAN›CH HMOT",ZPŸSOB VYPROäTÃNÕ OSOB Z VOZIDLA,SMÃR JÕZDY NEBO POSTAVENÕ VOZIDLA,äKODA NA VOZIDLE,KATEGORIE ÿIDI»E,STAV ÿIDI»E,VNÃJäÕ OVLIVNÃNÕ ÿIDI»E,nan.1,nan.2,nan.3,nan.4,nan.5,nan.6,nan.7,nan.8,nan.9,nan.10,nan.11,nan.12,nan.13,nan.14,nan.15,nan.16,nan.17,nan.18,LOKALITA NEHODY
60206190051,6,,2019-01-09,3,2560,2,0,0,2,1,0,508,0,0,0,100,1,3,1,3,3,1,0,0,0,0,0,1,2,0,,17,,XX,,,,,,,0,,,,"-603866,23","-1156467,13","-603866,23","-1156467,13","-603858,449","-1156468,545",Brno,P¯ÌstavnÌ,,mÌstnÌkomunikace,,2962797.0,,Souhlasn˝sesmÏrem˙seku,Pomal˝,582786.0,30503.0,GN_V0.1UIR-ADR_410,1
60206190052,6,,2019-01-09,3,1035,3,0,3,2,1,2,508,0,0,0,20,1,3,1,1,1,1,1,1,0,0,2,1,1,0,,5,32.0,08,3.0,0.0,1.0,0.0,1.0,5.0,0,2.0,1.0,1.0,"-598629,358","-1161380,923","-598629,358","-1161380,923","-598634,96","-1161378,552",Brno,HYBEäOVA,,mÌstnÌkomunikace,,635443.0,,OpaËn˝kesmÏru˙seku,Pomal˝,582786.0,26913.0,GN_V0.1UIR-ADR_410,1
60206190053,4,,2019-01-09,3,1040,1,3,0,2,1,2,401,0,0,0,1800,2,3,1,3,1,1,4,1,2,0,0,5,2,19,,3,39.0,14,1.0,0.0,1.0,0.0,1.0,15.0,1300,3.0,1.0,1.0,"-598561,151","-1161975,777","-598561,151","-1161975,777","-598562,509","-1161978,747",Brno,Po¯ÌËÌ,,silnice1.t¯Ìdy,42,1656988.0,,Souhlasn˝sesmÏrem˙seku,Pomal˝,582786.0,30082.0,GN_V0.1UIR-ADR_410,1
60206190054,6,,2019-01-08,2,2560,3,0,3,2,1,0,502,0,0,0,30,1,3,1,1,1,1,0,6,0,0,10,1,1,0,,17,,XX,,,,,,,0,,,,"-599424,361","-1160093,93","-599424,361","-1160093,93","-599421,853","-1160100,522",Brno,Grohova,,mÌstnÌkomunikace,,631917.0,,Souhlasn˝sesmÏrem˙seku,Pomal˝,582786.0,23604.0,GN_V0.1UIR-ADR_410,1
60206190055,6,,2019-01-09,3,2560,2,0,0,2,1,0,508,0,0,0,100,3,3,1,1,1,1,0,0,0,0,0,1,2,0,,17,,XX,,,,,,,0,,,,"-597844,598","-1158302,587","-597844,598","-1158302,587","-597854,836","-1158277,308",Brno,Cimburkova,,mÌstnÌkomunikace,,1779740.0,,Souhlasn˝sesmÏrem˙seku,Pomal˝,582786.0,22322.0,GN_V0.1UIR-ADR_410,1
60206190056,6,,2019-01-01,2,2560,2,0,0,2,1,2,508,0,0,0,60,2,3,1,1,1,1,0,0,0,0,0,1,2,0,,3,35.0,06,1.0,0.0,1.0,0.0,1.0,5.0,0,9.0,,,"-599101,018","-1163405,854","-599101,018","-1163405,854","-599100,569","-1163409,542",Brno,VÌdeÚsk·,,mÌstnÌkomunikace,,1607649.0,,Souhlasn˝sesmÏrem˙seku,Pomal˝,582786.0,34584.0,GN_V0.1UIR-ADR_410,1
60206190057,6,,2019-01-09,3,2560,2,0,0,2,1,0,508,0,0,0,150,2,3,1,3,4,1,0,0,0,0,0,1,2,0,,17,,XX,,,,,,,0,,,,"-599095,587","-1155576,98","-599095,587","-1155576,98","-599095,665","-1155572,947",Brno,Ko¯Ìskova,,mÌstnÌkomunikace,,2962626.0,,OpaËn˝kesmÏru˙seku,Pomal˝,582786.0,27022.0,GN_V0.1UIR-ADR_410,1
60206190058,6,,2019-01-09,3,1100,2,0,0,2,1,0,502,0,0,0,200,6,3,1,1,1,1,0,1,3,3,10,1,2,0,,3,26.0,10,1.0,0.0,1.0,0.0,1.0,5.0,100,2.0,1.0,1.0,"-599306,317","-1158842,931","-599306,317","-1158842,931","-599307,945","-1158843,341",Brno,Podkaötany,,mÌstnÌkomunikace,,2964589.0,,,Pomal˝,582786.0,29742.0,GN_V0.1UIR-ADR_410,1
60206190059,6,,2019-01-09,3,2560,2,0,0,2,1,0,508,0,0,0,300,1,1,1,1,4,1,1,1,0,0,0,1,2,0,,17,,XX,,,,,,,0,,,,"-595461,564","-1160313,064","-595473,929","-1160350,697","-595475,058","-1160350,893",Brno,Gajdoöova,,mÌstnÌkomunikace,,1747190.0,,Souhlasn˝sesmÏrem˙seku,Pomal˝,582786.0,23469.0,GN_V0.1UIR-ADR_410,1
60206190060,5,,2019-01-09,3,1650,1,2,0,2,1,2,401,0,0,0,2000,2,3,1,1,2,1,1,1,2,0,1,4,2,10,,3,39.0,08,1.0,0.0,1.0,0.0,1.0,1.0,800,2.0,1.0,1.0,"-593676,254","-1162860,643","-593676,254","-1162860,643","-593682,609","-1162866,702",Brno,ÿÌpsk·,,mÌstnÌkomunikace,,759062.0,,Souhlasn˝sesmÏrem˙seku,Pomal˝,582786.0,33022.0,GN_V0.1UIR-ADR_410,1
60206190061,4,,2019-01-09,3,1900,1,3,0,2,1,0,401,0,0,0,200,2,3,1,1,4,1,2,1,2,0,1,4,2,19,,17,,XX,,,,,,,0,,,,"-596534,113","-1161510,337","-596534,113","-1161510,337","-596532,878","-1161513,234",Brno,Olomouck·,,silnice1.t¯Ìdy,42,719901.0,,Souhlasn˝sesmÏrem˙seku,Pomal˝,582786.0,29033.0,GN_V0.1UIR-ADR_410,1
60206190062,8,,2019-01-09,3,2560,2,0,0,2,1,0,508,0,0,0,50,2,3,1,1,1,1,0,0,0,0,10,1,2,0,,17,,XX,,,,,,,0,,,,"-598749,082","-1162200,861","-598749,082","-1162200,861","-598748,302","-1162194,674",Brno,PolnÌ,,mÌstnÌkomunikace,,725722.0,,OpaËn˝kesmÏru˙seku,Pomal˝,582786.0,30007.0,GN_V0.1UIR-ADR_410,1
60206190063,6,,2019-01-09,3,1545,2,0,0,2,1,0,508,0,0,0,200,2,3,1,1,1,1,0,1,0,0,0,1,2,0,,3,31.0,14,3.0,0.0,3.0,0.0,1.0,5.0,0,2.0,1.0,1.0,"-601888,8","-1162045,944","-601888,8","-1162045,944","-601882,172","-1162052,095",Brno,KamÌnky,,mÌstnÌkomunikace,,2966565.0,,Souhlasn˝sesmÏrem˙seku,Pomal˝,582786.0,25356.0,GN_V0.1UIR-ADR_410,1
60206190064,6,,2019-01-10,4,2560,2,0,0,2,1,0,508,0,0,0,50,2,3,1,1,1,1,0,1,3,5,10,5,2,10,,17,,XX,,,,,,,0,,,,"-597674,262","-1159278,487","-597674,262","-1159278,487","-597683,304","-1159284,663",Brno,Fiöova,,mÌstnÌkomunikace,,629397.0,,Souhlasn˝sesmÏrem˙seku,Pomal˝,582786.0,23302.0,GN_V0.1UIR-ADR_410,1
60206190065,5,,2019-01-10,4,1030,3,0,9,2,1,2,504,0,0,0,100,1,3,1,1,1,1,0,6,3,5,6,1,1,0,,5,19.0,15,3.0,0.0,1.0,0.0,1.0,1.0,0,3.0,1.0,1.0,"-598251,116","-1160462,771","-598251,116","-1160462,771","-598252,522","-1160451,712",Brno,Joötova,,mÌstnÌkomunikace,,632657.0,,,Pomal˝,582786.0,25089.0,GN_V0.1UIR-ADR_410,1
60206190066,4,,2019-01-10,4,1226,3,0,2,2,1,2,509,0,0,0,150,2,3,1,1,1,1,1,1,2,0,1,4,1,19,,3,31.0,07,2.0,0.0,0.0,0.0,1.0,17.0,50,2.0,1.0,1.0,"-598993,532","-1159616,204","-598993,532","-1159616,204","-598994,258","-1159606,889",Brno,VEVEÿÕ,,mÌstnÌkomunikace,,719631.0,,Souhlasn˝sesmÏrem˙seku,Pomal˝,582786.0,26417.0,GN_V0.1UIR-ADR_410,1
60206190067,8,,2019-01-10,4,2560,2,0,0,2,1,0,508,0,0,0,200,2,1,1,1,1,1,0,0,3,5,10,1,2,0,,17,,XX,,,,,,,0,,,,"-598211,877","-1158389,715","-598211,877","-1158389,715","-598207,764","-1158406,6",Brno,SPORTOVNÌ,,mÌstnÌkomunikace,,3598208.0,,Souhlasn˝sesmÏrem˙seku,Pomal˝,582786.0,35971.0,GN_V0.1UIR-ADR_410,1
60206190068,4,,2019-01-10,4,1720,1,3,0,2,1,2,405,0,0,0,3500,2,3,1,1,4,1,0,1,2,0,0,4,2,19,,3,26.0,18,3.0,0.0,0.0,0.0,1.0,53.0,3000,2.0,1.0,1.0,"-597031,362","-1164011,113","-597031,362","-1164011,113","-597027,815","-1164009,191",Brno,,,silnice1.t¯Ìdy,41,720420.0,,Souhlasn˝sesmÏrem˙seku,Pomal˝,582786.0,24082.0,GN_V0.1UIR-ADR_410,1
60206190069,5,,2019-01-10,4,1740,5,0,0,2,4,0,100,0,0,0,450,2,1,1,1,6,1,1,1,0,0,0,1,1,0,,3,39.0,17,3.0,0.0,1.0,0.0,1.0,3.0,400,3.0,1.0,1.0,"-595645,276","-1164426,736","-595645,276","-1164426,736","-595647,195","-1164426,952",Brno,Vinohradsk·,,mÌstnÌkomunikace,,3298338.0,,Souhlasn˝sesmÏrem˙seku,Pomal˝,582786.0,34550.0,GN_V0.1UIR-ADR_410,1
60206190070,6,,2019-01-09,3,1350,2,0,0,2,1,0,508,0,0,0,110,2,1,1,1,1,1,0,1,0,0,0,1,2,0,,3,16.0,12,1.0,0.0,1.0,0.0,1.0,5.0,10,2.0,1.0,1.0,"-596283,754","-1160960,609","-596283,754","-1160960,609","-596279,716","-1160965,277",Brno,äaldova,,mÌstnÌkomunikace,,634069.0,,Souhlasn˝sesmÏrem˙seku,Pomal˝,582786.0,32581.0,GN_V0.1UIR-ADR_410,1
60206190071,5,,2019-01-11,5,735,1,3,0,1,1,2,403,0,0,1,400,2,1,1,1,2,1,2,1,3,3,2,4,2,10,,3,42.0,03,1.0,0.0,1.0,0.0,1.0,5.0,100,3.0,1.0,1.0,"-593977,046","-1163412,438","-593977,046","-1163412,438","-593977,825","-1163413,144",Brno,VlastimilaPecha,,mÌstnÌkomunikace,,2967721.0,,Souhlasn˝sesmÏrem˙seku,Pomal˝,582786.0,860999.0,GN_V0.1UIR-ADR_410,1
60206190072,4,,2019-01-11,5,1245,1,1,0,2,1,2,504,0,0,0,300,2,1,1,1,1,1,4,1,3,3,0,5,2,19,,3,68.0,18,1.0,0.0,1.0,0.0,1.0,41.0,0,9.0,,,"-591931,071","-1161114,565","-591931,071","-1161114,565","-591936,625","-1161120,342",Brno,DrËkova,,mÌstnÌkomunikace,,2966206.0,,Souhlasn˝sesmÏrem˙seku,Pomal˝,582786.0,660558.0,GN_V0.1UIR-ADR_410,1
60206190073,5,,2019-01-11,5,1245,3,0,9,2,1,2,508,0,0,0,150,3,1,1,1,1,1,1,1,0,0,10,1,1,0,,3,4.0,96,1.0,0.0,1.0,0.0,1.0,1.0,50,2.0,1.0,1.0,"-597839,892","-1161593,569","-597839,892","-1161593,569","-597822,816","-1161591,251",Brno,Trnit·,,mÌstnÌkomunikace,,1643191.0,,,Pomal˝,582786.0,33413.0,GN_V0.1UIR-ADR_410,1
60206190074,6,,2019-01-11,5,1240,2,0,0,2,1,0,508,0,0,0,250,1,1,1,1,1,1,1,1,0,0,10,1,2,0,,3,13.0,10,1.0,0.0,1.0,0.0,1.0,5.0,50,2.0,1.0,1.0,"-599124,378","-1162473,335","-599124,378","-1162473,335","-599127,126","-1162471,417",Brno,HAVLENOVA,,mÌstnÌkomunikace,,3072553.0,,,Pomal˝,582786.0,32131.0,GN_V0.1UIR-ADR_410,1
60206190075,8,,2019-01-11,5,1420,3,0,9,2,1,2,508,0,0,0,400,2,1,1,1,1,1,0,8,0,0,0,1,1,0,,3,47.0,17,1.0,0.0,1.0,0.0,1.0,5.0,300,2.0,1.0,1.0,"-601390,283","-1162425,668","-601390,283","-1162425,668","-601357,772","-1162432,195",Brno,NETROUFALKY,,mÌstnÌkomunikace,,2966501.0,,OpaËn˝kesmÏru˙seku,Pomal˝,582786.0,28967.0,GN_V0.1UIR-ADR_410,1
60206190076,6,,2019-01-09,3,2560,2,0,0,2,1,0,508,0,0,0,50,2,1,1,1,4,1,0,1,0,0,8,1,2,0,,17,,XX,,,,,,,0,,,,"-598112,862","-1159106,355","-598112,862","-1159106,355","-598113,515","-1159103,717",Brno,Sk¯ivanova,,mÌstnÌkomunikace,,628934.0,,Souhlasn˝sesmÏrem˙seku,Pomal˝,582786.0,31593.0,GN_V0.1UIR-ADR_410,1
60206190077,6,,2019-01-09,3,2560,2,0,0,2,1,0,508,0,0,0,50,2,1,1,1,4,1,0,1,0,0,8,1,2,0,,17,,XX,,,,,,,0,,,,"-598112,862","-1159106,355","-598112,862","-1159106,355","-598113,515","-1159103,717",Brno,Sk¯ivanova,,mÌstnÌkomunikace,,628934.0,,Souhlasn˝sesmÏrem˙seku,Pomal˝,582786.0,31593.0,GN_V0.1UIR-ADR_410,1
60206190078,4,,2019-01-11,5,1710,8,2,0,2,1,2,413,0,0,0,1500,2,1,1,1,4,1,3,7,2,0,2,5,2,19,,5,13.0,18,1.0,0.0,1.0,0.0,1.0,17.0,1200,3.0,1.0,1.0,"-598767,554","-1157390,077","-598767,554","-1157390,077","-598795,128","-1157397,298",Brno,PalackÈhot¯Ìda,,mÌstnÌkomunikace,,3299980.0,,OpaËn˝kesmÏru˙seku,Pomal˝,582786.0,30546.0,GN_V0.1UIR-ADR_410,1
60206190079,5,,2019-01-11,5,1840,1,3,0,1,1,2,405,0,0,1,1000,2,3,1,5,5,1,5,1,2,0,0,5,2,10,,3,47.0,96,1.0,0.0,0.0,0.0,1.0,1.0,300,2.0,1.0,1.0,"-597172,864","-1163616,331","-597172,864","-1163616,331","-597181,211","-1163619,413",Brno,,,silnice1.t¯Ìdy,41,2106575.0,,Souhlasn˝sesmÏrem˙seku,Pomal˝,582786.0,24082.0,GN_V0.1UIR-ADR_410,1
60206190080,5,,2019-01-11,5,2120,3,0,6,2,1,2,508,0,0,0,910,3,1,1,1,4,1,1,1,0,0,10,1,1,0,,3,17.0,12,1.0,0.0,0.0,0.0,1.0,1.0,900,2.0,1.0,1.0,"-597964,2","-1158353,638","-597964,2","-1158353,638","-597978,602","-1158360,418",Brno,Cimburkova,,mÌstnÌkomunikace,,1294459.0,,,Pomal˝,582786.0,22322.0,GN_V0.1UIR-ADR_410,1
60206190081,5,,2019-01-11,5,2130,3,0,2,2,1,2,204,0,0,0,250,2,5,1,1,4,1,1,1,0,0,0,1,1,0,,5,19.0,18,3.0,1.0,0.0,0.0,1.0,3.0,200,2.0,1.0,1.0,"-598875,758","-1158551,646","-598875,758","-1158551,646","-598873,894","-1158558,199",Brno,T·bor,,mÌstnÌkomunikace,,2964455.0,,OpaËn˝kesmÏru˙seku,Pomal˝,582786.0,33103.0,GN_V0.1UIR-ADR_410,1
60206190082,8,,2019-01-12,6,145,3,0,6,2,1,0,508,0,0,0,400,1,8,1,1,6,1,0,0,0,0,0,1,1,0,,17,,XX,,,,,,,0,,,,"-598076,406","-1157608,728","-598076,406","-1157608,728","-598076,908","-1157615,919",Brno,K¯iûÌkova,,mÌstnÌkomunikace,,2964131.0,,,Pomal˝,582786.0,26522.0,GN_V0.1UIR-ADR_410,1
60206190083,8,,2019-01-12,6,1310,3,0,9,2,1,2,205,0,0,0,350,2,3,1,1,1,1,0,0,0,0,0,3,1,0,,3,44.0,17,1.0,0.0,1.0,0.0,1.0,5.0,200,2.0,1.0,1.0,"-602309,272","-1162849,028","-602309,272","-1162849,028","-602309,512","-1162848,313",Brno,JIHLAVSK¡,,mÌstnÌkomunikace,,3134593.0,,,Pomal˝,582786.0,32484.0,GN_V0.1UIR-ADR_410,1
60206190084,4,,2019-01-12,6,1800,1,3,0,2,1,9,403,0,0,0,500,2,1,1,1,4,1,0,1,3,3,2,7,2,19,,3,47.0,03,1.0,0.0,1.0,0.0,1.0,74.0,200,3.0,5.0,1.0,"-597871,551","-1164044,037","-597871,551","-1164044,037","-597870,182","-1164040,403",Brno,KöÌrova,,silnice3.t¯Ìdy,15278,768047.0,,Souhlasn˝sesmÏrem˙seku,Pomal˝,582786.0,26581.0,GN_V0.1UIR-ADR_410,1
60206190085,5,,2019-01-12,6,2560,2,0,0,2,1,0,508,0,0,0,300,2,1,1,1,4,1,1,1,0,0,10,1,2,0,,17,,XX,,,,,,,0,,,,"-594324,312","-1160020,728","-594324,312","-1160020,728","-594323,693","-1160015,313",Brno,P·lavskÈn·mÏstÌ,,mÌstnÌkomunikace,,1607420.0,,Souhlasn˝sesmÏrem˙seku,Pomal˝,582786.0,30678.0,GN_V0.1UIR-ADR_410,1
60206190086,5,,2019-01-13,0,1000,2,0,0,2,1,2,502,0,0,0,910,2,1,1,1,1,1,0,1,0,0,10,1,3,0,,5,47.0,01,1.0,0.0,0.0,0.0,1.0,1.0,400,2.0,1.0,1.0,"-597671,191","-1160720,752","-597671,191","-1160720,752","-597665,635","-1160732,582",Brno,MalinovskÈhon·mÏstÌ,,mÌstnÌkomunikace,,1606971.0,,OpaËn˝kesmÏru˙seku,Pomal˝,582786.0,28339.0,GN_V0.1UIR-ADR_410,1
60206190087,6,,2019-01-13,0,1040,2,0,0,2,1,2,508,0,0,0,180,2,3,1,1,1,1,0,1,0,0,0,1,4,0,,5,35.0,16,3.0,0.0,1.0,0.0,1.0,5.0,100,2.0,1.0,1.0,"-599708,849","-1161267,381","-599708,849","-1161267,381","-599707,526","-1161267,06",Brno,V˝stavnÌ,,mÌstnÌkomunikace,,3135139.0,,Souhlasn˝sesmÏrem˙seku,Pomal˝,582786.0,35106.0,GN_V0.1UIR-ADR_410,1
60206190088,8,,2019-01-13,0,2560,3,0,9,2,1,0,509,0,0,0,60,1,3,1,1,4,1,0,0,0,0,0,1,1,0,,3,17.0,16,3.0,0.0,1.0,0.0,1.0,5.0,50,2.0,1.0,1.0,"-597928,154","-1158911,45","-597928,154","-1158911,45","-597927,661","-1158913,582",BRNO,SportovnÌ,,mÌstnÌkomunikace,,3144537.0,,Souhlasn˝sesmÏrem˙seku,Pomal˝,582786.0,32093.0,GN_V0.1UIR-ADR_410,1
60206190089,5,,2019-01-14,1,438,3,0,8,2,1,2,508,0,0,0,600,2,3,1,3,5,1,3,1,3,4,0,1,1,0,,3,26.0,98,1.0,0.0,1.0,0.0,1.0,3.0,200,2.0,1.0,1.0,"-602668,201","-1163161,437","-602668,201","-1163161,437","-602665,101","-1163169,273",Brno,BÌteösk·,,silnice1.t¯Ìdy,23,1416982.0,,Souhlasn˝sesmÏrem˙seku,Pomal˝,582786.0,35955.0,GN_V0.1UIR-ADR_410,1
60206190090,5,,2019-01-14,1,655,4,0,0,1,1,2,412,0,0,1,0,2,3,1,1,4,1,4,1,0,0,1,1,1,0,,3,7.0,08,1.0,0.0,1.0,0.0,1.0,3.0,0,2.0,1.0,1.0,"-596086,598","-1157221,93","-596086,598","-1157221,93","-596080,558","-1157222,318",Brno,Seifertova,,silnice3.t¯Ìdy,37915,3592608.0,,OpaËn˝kesmÏru˙seku,Pomal˝,582786.0,36790.0,GN_V0.1UIR-ADR_410,1
60206190091,6,,2019-01-14,1,815,1,3,0,2,1,2,404,0,0,0,2800,2,3,1,1,1,1,1,1,3,5,0,4,2,10,,5,39.0,06,3.0,0.0,1.0,0.0,1.0,5.0,800,3.0,1.0,1.0,"-599748,593","-1162177,976","-599748,593","-1162177,976","-599751,021","-1162162,601",Brno,Vinohrady,,mÌstnÌkomunikace,,637053.0,,OpaËn˝kesmÏru˙seku,Pomal˝,582786.0,34568.0,GN_V0.1UIR-ADR_410,1
60206190092,6,,2019-01-14,1,845,4,0,0,1,3,2,100,0,0,1,0,2,3,1,1,1,1,1,1,0,0,0,1,1,0,,3,47.0,13,3.0,0.0,1.0,0.0,1.0,5.0,0,3.0,1.0,1.0,"-594952,772","-1157217,879","-594952,772","-1157217,879","-594952,581","-1157216,72",Brno,Hlav·Ëova,,mÌstnÌkomunikace,,624200.0,,Souhlasn˝sesmÏrem˙seku,Pomal˝,582786.0,24007.0,GN_V0.1UIR-ADR_410,1
60206190093,8,,2019-01-14,1,2560,2,0,0,2,1,0,508,0,0,0,100,6,4,12,1,1,1,0,8,0,0,10,1,2,0,,17,,XX,,,,,,,0,,,,"-597198,46","-1158723,514","-597198,46","-1158723,514","-597191,214","-1158751,885",Brno,t¯ÌdaGener·laPÌky,,mÌstnÌkomunikace,,2964489.0,,,Pomal˝,582786.0,37028.0,GN_V0.1UIR-ADR_410,1
60206190094,6,,2019-01-14,1,1100,2,0,0,2,1,0,509,0,0,0,500,2,1,1,1,1,1,1,1,0,0,10,1,3,0,,3,31.0,07,1.0,0.0,1.0,0.0,1.0,5.0,100,2.0,1.0,1.0,"-596994,631","-1159613,063","-596994,631","-1159613,063","-596990,431","-1159613,849",Brno,Jugosl·vsk·,,mÌstnÌkomunikace,,630339.0,,Souhlasn˝sesmÏrem˙seku,Pomal˝,582786.0,25127.0,GN_V0.1UIR-ADR_410,1
60206190095,6,,2019-01-14,1,2560,3,0,2,2,1,0,508,0,0,0,300,2,3,1,1,1,1,0,8,0,0,0,1,1,0,,17,,XX,,,,,,,0,,,,"-601122,616","-1160743,134","-601122,616","-1160743,134","-601123,493","-1160743,244",Brno,Pis·reck·,,mÌstnÌkomunikace,,1746786.0,,,Pomal˝,582786.0,29599.0,GN_V0.1UIR-ADR_410,1
60206190096,5,,2019-01-14,1,1730,4,0,0,1,1,2,412,0,0,1,200,2,3,1,1,4,1,1,1,0,0,1,1,1,0,,5,7.0,06,1.0,0.0,1.0,0.0,1.0,1.0,150,2.0,1.0,1.0,"-599481,207","-1164099,939","-599481,207","-1164099,939","-599482,689","-1164103,59",Brno,Bohunick·,,mÌstnÌkomunikace,,642125.0,,OpaËn˝kesmÏru˙seku,Pomal˝,582786.0,21491.0,GN_V0.1UIR-ADR_410,1
60206190097,5,,2019-01-14,1,1725,3,0,3,2,1,2,508,0,0,0,100,1,3,1,1,4,1,1,6,3,5,10,1,1,0,,3,13.0,00,1.0,0.0,0.0,0.0,1.0,3.0,50,3.0,1.0,1.0,"-598562,564","-1159687,801","-598562,564","-1159687,801","-598568,528","-1159678,204",Brno,Sokolsk·,,mÌstnÌkomunikace,,2964843.0,,OpaËn˝kesmÏru˙seku,Pomal˝,582786.0,31933.0,GN_V0.1UIR-ADR_410,1
60206190098,7,,2019-01-14,1,1915,9,0,0,1,1,2,204,0,0,1,10000,2,8,2,5,7,1,0,8,0,0,0,3,1,0,,7,48.0,04,3.0,0.0,0.0,1.0,1.0,5.0,5000,3.0,1.0,1.0,"-597880,778","-1153802,689","-597880,778","-1153802,689","-597877,331","-1153785,684",BRNO,JAND¡SKOVA,,mÌstnÌkomunikace,,1610552.0,,,Pomal˝,582786.0,24660.0,GN_V0.1UIR-ADR_410,1
60206190099,5,,2019-01-14,1,1940,3,0,2,1,1,2,204,0,0,1,250,2,6,1,1,4,1,1,6,0,0,0,2,1,0,,3,4.0,99,1.0,1.0,1.0,0.0,1.0,3.0,200,2.0,1.0,1.0,"-601092,489","-1159729,906","-601092,489","-1159729,906","-601090,177","-1159730,16",Brno,Vesla¯sk·,,mÌstnÌkomunikace,,3295810.0,,OpaËn˝kesmÏru˙seku,Pomal˝,582786.0,34479.0,GN_V0.1UIR-ADR_410,1
60206190100,5,,2019-01-14,1,1955,3,0,2,2,1,2,204,0,0,0,1510,2,6,1,5,5,1,2,6,0,0,10,1,1,0,,3,32.0,18,3.0,1.0,0.0,0.0,1.0,3.0,1500,2.0,1.0,1.0,"-596583,315","-1158666,976","-596583,315","-1158666,976","-596577,142","-1158669,979",Brno,Merhautova,,mÌstnÌkomunikace,,1607112.0,,OpaËn˝kesmÏru˙seku,Pomal˝,582786.0,27791.0,GN_V0.1UIR-ADR_410,1
60206190101,5,,2019-01-14,1,2020,3,0,3,2,1,2,204,0,0,0,270,2,5,1,2,5,1,1,1,0,0,0,1,1,0,,3,44.0,01,1.0,1.0,1.0,0.0,1.0,1.0,150,2.0,1.0,1.0,"-598444,131","-1157812,009","-598444,131","-1157812,009","-598443,676","-1157813,703",Brno,Porgesova,,silnice1.t¯Ìdy,42,2379557.0,,Souhlasn˝sesmÏrem˙seku,Pomal˝,582786.0,27961.0,GN_V0.1UIR-ADR_410,1
60206190102,5,,2019-01-14,1,2110,3,0,3,2,1,0,204,0,0,0,110,2,5,10,1,4,1,1,6,3,3,1,5,1,10,,5,35.0,10,3.0,0.0,0.0,0.0,1.0,5.0,50,2.0,1.0,1.0,"-597848,523","-1159302,16","-597848,523","-1159302,16","-597854,292","-1159304,284",Brno,DrobnÈho,,mÌstnÌkomunikace,,1607070.0,,Souhlasn˝sesmÏrem˙seku,Pomal˝,582786.0,22900.0,GN_V0.1UIR-ADR_410,1
60206190103,6,,2019-01-14,1,2130,1,4,0,1,1,2,204,0,0,1,110,2,6,1,1,4,1,0,1,3,3,0,5,2,10,,3,32.0,12,1.0,1.0,0.0,0.0,1.0,5.0,100,2.0,1.0,1.0,,,"-598612,652","-1161166,767","-598612,348","-1161164,79",Brno,Anensk·,,mÌstnÌkomunikace,,634481.0,,Souhlasn˝sesmÏrem˙seku,Pomal˝,582786.0,20907.0,GN_V0.1UIR-ADR_410,1
60206190104,8,,2019-01-15,2,2560,2,0,0,2,1,0,508,0,0,0,200,2,6,1,5,5,1,0,0,3,5,10,1,2,0,,17,,XX,,,,,,,0,,,,"-604424,11","-1157118,889","-604424,11","-1157118,889","-604429,719","-1157114,527",Brno,KubÌËkova,,mÌstnÌkomunikace,,2961842.0,,Souhlasn˝sesmÏrem˙seku,Pomal˝,582786.0,26611.0,GN_V0.1UIR-ADR_410,1