IDENTIFIKA»NÕ »ÕSLO,DRUH POZEMNÕ KOMUNIKACE,»ÕSLO POZEMNÕ KOMUNIKACE,"den, mÏsÌc, rok",,Ëas ,DRUH NEHODY,DRUH SR¡éKY JEDOUCÕCH VOZIDEL,DRUH PEVN… PÿEK¡éKY,CHARAKTER NEHODY,ZAVINÃNÕ NEHODY,ALKOHOL U VINÕKA NEHODY PÿÕTOMEN,HLAVNÕ PÿÕ»INY NEHODY,usmrceno osob,tÏûce zranÏno osob,lehce zranÏno osob,CELKOV¡ HMOTN¡ äKODA,DRUH POVRCHU VOZOVKY,STAV POVRCHU VOZOVKY V DOBÃ NEHODY,STAV KOMUNIKACE,POVÃTRNOSTNÕ PODMÕNKY V DOBÃ NEHODY,VIDITELNOST,ROZHLEDOV… POMÃRY,DÃLENÕ KOMUNIKACE,SITUOV¡NÕ NEHODY NA KOMUNIKACI,ÿÕZENÕ PROVOZU V DOBÃ NEHODY,MÕSTNÕ ⁄PRAVA PÿEDNOSTI V JÕZDÃ,SPECIFICK¡ MÕSTA A OBJEKTY V MÕSTÃ NEHODY,SMÃROV… POMÃRY,PO»ET Z⁄»ASTNÃN›CH VOZIDEL,MÕSTO DOPRAVNÕ NEHODY,DRUH KÿIéUJÕCÕ KOMUNIKACE,DRUH VOZIDLA,V›ROBNÕ ZNA»KA MOTOROV…HO VOZIDLA,ROK V›ROBY VOZIDLA,CHARAKTERISTIKA VOZIDLA ,SMYK,VOZIDLO PO NEHODÃ,"⁄NIK PROVOZNÕCH, PÿEPRAVOVAN›CH HMOT",ZPŸSOB VYPROäTÃNÕ OSOB Z VOZIDLA,SMÃR JÕZDY NEBO POSTAVENÕ VOZIDLA,äKODA NA VOZIDLE,KATEGORIE ÿIDI»E,STAV ÿIDI»E,VNÃJäÕ OVLIVNÃNÕ ÿIDI»E,nan.1,nan.2,nan.3,nan.4,nan.5,nan.6,nan.7,nan.8,nan.9,nan.10,nan.11,nan.12,nan.13,nan.14,nan.15,nan.16,nan.17,nan.18,LOKALITA NEHODY
60206190105,5,,2019-01-15,2,2560,2,0,0,2,1,0,508,0,0,0,400,2,3,1,1,1,1,1,1,0,0,10,1,2,0,,17,,XX,,,,,,,0,,,,"-596918,288","-1161435,239","-596918,288","-1161435,239","-596907,48","-1161436,324",Brno,Masn·,,mÌstnÌkomunikace,,1416072.0,,OpaËn˝kesmÏru˙seku,Pomal˝,582786.0,27600.0,GN_V0.1UIR-ADR_410,1
60206190106,5,,2019-01-15,2,2560,3,0,2,2,1,0,508,0,0,0,400,2,3,1,1,1,1,1,6,3,3,10,5,1,10,,17,,XX,,,,,,,0,,,,"-599677,079","-1161321,273","-599677,079","-1161321,273","-599676,018","-1161310,999",Brno,VeletrûnÌ,,mÌstnÌkomunikace,,2730153.0,,Souhlasn˝sesmÏrem˙seku,Pomal˝,582786.0,37141.0,GN_V0.1UIR-ADR_410,1
60206190107,6,,2019-01-15,2,2560,2,0,0,2,1,0,508,0,0,0,50,2,3,1,1,1,1,0,1,0,0,10,1,2,0,,17,,XX,,,,,,,0,,,,"-598613,487","-1159561,707","-598613,487","-1159561,707","-598619,762","-1159565,464",Brno,TuËkova,,mÌstnÌkomunikace,,719639.0,,Souhlasn˝sesmÏrem˙seku,Pomal˝,582786.0,33561.0,GN_V0.1UIR-ADR_410,1
60206190108,6,,2019-01-15,2,1330,1,3,0,2,1,2,409,0,0,0,70,2,1,1,1,1,1,0,1,0,0,0,1,2,0,,3,39.0,06,1.0,0.0,1.0,0.0,1.0,5.0,50,2.0,1.0,1.0,"-595557,474","-1159996,939","-595557,474","-1159996,939","-595555,673","-1160000,796",Brno,MeluzÌnova,,mÌstnÌkomunikace,,2964948.0,,Souhlasn˝sesmÏrem˙seku,Pomal˝,582786.0,27782.0,GN_V0.1UIR-ADR_410,1
60206190109,6,,2019-01-15,2,1415,4,0,0,2,3,2,100,0,0,0,1,1,1,1,1,1,1,1,1,3,5,0,1,1,0,,3,39.0,09,16.0,0.0,1.0,0.0,1.0,5.0,0,2.0,1.0,1.0,"-597053,507","-1160159,27","-597053,507","-1160159,27","-597059,09","-1160159,388",Brno,HvÏzdov·,,mÌstnÌkomunikace,,631846.0,,OpaËn˝kesmÏru˙seku,Pomal˝,582786.0,23159.0,GN_V0.1UIR-ADR_410,1
60206190110,6,,2019-01-15,2,2560,3,0,2,2,1,0,508,0,0,0,200,2,1,1,1,1,1,1,6,0,0,10,1,1,0,,17,,XX,,,,,,,0,,,,"-599415,669","-1162365,281","-599415,669","-1162365,281","-599415,086","-1162365,265",Brno,JÌlov·,,mÌstnÌkomunikace,,3375215.0,,Souhlasn˝sesmÏrem˙seku,Pomal˝,582786.0,25038.0,GN_V0.1UIR-ADR_410,1
60206190111,6,,2019-01-15,2,1720,3,0,3,2,1,2,508,0,0,0,30,2,1,1,1,4,1,0,0,0,0,0,1,1,0,,5,32.0,17,3.0,0.0,1.0,0.0,1.0,5.0,0,2.0,1.0,1.0,"-605638,719","-1157623,862","-605638,719","-1157623,862","-605652,036","-1157613,601",Brno,Teyschlova,,mÌstnÌkomunikace,,1606562.0,,OpaËn˝kesmÏru˙seku,Pomal˝,582786.0,34282.0,GN_V0.1UIR-ADR_410,1
60206190112,5,,2019-01-15,2,1730,1,2,0,2,1,2,411,0,0,0,300,2,1,1,1,4,1,2,4,0,0,0,1,2,0,,3,39.0,15,1.0,0.0,0.0,0.0,1.0,1.0,100,2.0,1.0,1.0,"-600659,345","-1158952,868","-600659,345","-1158952,868","-600659,542","-1158952,799",Brno,éabov¯esk·,,silnice1.t¯Ìdy,42,1730480.0,,Souhlasn˝sesmÏrem˙seku,Pomal˝,582786.0,37184.0,GN_V0.1UIR-ADR_410,1
60206190113,5,,2019-01-16,3,2560,2,0,0,2,1,0,508,0,0,0,500,2,3,1,1,1,1,1,1,0,0,10,1,2,0,,17,,XX,,,,,,,0,,,,"-596369,959","-1161228,601","-596369,959","-1161228,601","-596369,817","-1161231,599",Brno,T·borsk·,,mÌstnÌkomunikace,,634691.0,,Souhlasn˝sesmÏrem˙seku,Pomal˝,582786.0,33111.0,GN_V0.1UIR-ADR_410,1
60206190114,8,,2019-01-16,3,2560,2,0,0,2,1,0,508,0,0,0,200,2,3,1,1,1,1,0,0,3,5,10,1,2,0,,17,,XX,,,,,,,0,,,,"-594198,43","-1159633,386","-594198,43","-1159633,386","-594201,303","-1159629,416",Brno,Blatnick·,,mÌstnÌkomunikace,,2965611.0,,Souhlasn˝sesmÏrem˙seku,Pomal˝,582786.0,21393.0,GN_V0.1UIR-ADR_410,1
60206190115,6,,2019-01-16,3,2560,2,0,0,2,1,0,508,0,0,0,300,2,3,1,1,4,1,1,1,3,5,10,1,2,0,,17,,XX,,,,,,,0,,,,"-595747,837","-1161918,406","-595747,837","-1161918,406","-595744,321","-1161910,571",Brno,Krausova,,mÌstnÌkomunikace,,636381.0,,OpaËn˝kesmÏru˙seku,Pomal˝,582786.0,26301.0,GN_V0.1UIR-ADR_410,1
60206190116,6,,2019-01-16,3,2560,2,0,0,2,1,0,508,0,0,0,300,2,1,1,1,1,1,0,1,0,0,10,1,2,0,,17,,XX,,,,,,,0,,,,"-598601,597","-1160467,141","-598601,597","-1160467,141","-598606,166","-1160462,475",Brno,Mareöova,,mÌstnÌkomunikace,,632745.0,,Souhlasn˝sesmÏrem˙seku,Pomal˝,582786.0,27430.0,GN_V0.1UIR-ADR_410,1
60206190117,4,,2019-01-16,3,1315,1,3,0,2,1,2,401,0,0,0,1650,2,1,1,1,1,1,3,1,2,0,1,4,2,19,,5,26.0,15,8.0,0.0,1.0,0.0,1.0,75.0,800,4.0,1.0,1.0,"-599214,887","-1163143,412","-599214,887","-1163143,412","-599214,405","-1163143,346",Brno,VÌdeÚsk·,,mÌstnÌkomunikace,,740246.0,,Souhlasn˝sesmÏrem˙seku,Pomal˝,582786.0,34584.0,GN_V0.1UIR-ADR_410,1
60206190118,5,,2019-01-16,3,2560,2,0,0,2,1,0,508,0,0,0,20,1,1,1,1,4,1,1,1,0,0,2,1,2,0,,17,,XX,,,,,,,0,,,,"-599517,155","-1155085,504","-599517,155","-1155085,504","-599509,413","-1155083,214",Brno,Banskobystrick·,,mÌstnÌkomunikace,,3295798.0,,OpaËn˝kesmÏru˙seku,Pomal˝,582786.0,21075.0,GN_V0.1UIR-ADR_410,1
60206190119,6,,2019-01-17,4,650,3,0,3,2,1,2,508,0,0,0,420,2,1,1,1,4,1,0,1,3,3,9,5,1,10,,3,39.0,13,3.0,0.0,1.0,0.0,1.0,5.0,400,2.0,1.0,1.0,"-599213,375","-1165237,675","-599213,375","-1165237,675","-599215,807","-1165237,621",Brno,VÌdeÚsk·,,silnice3.t¯Ìdy,15277,1424030.0,,Souhlasn˝sesmÏrem˙seku,Pomal˝,582786.0,34584.0,GN_V0.1UIR-ADR_410,1
60206190120,5,,2019-01-08,2,545,1,4,0,2,1,0,503,0,0,0,300,2,1,1,1,4,1,2,1,0,0,5,1,2,0,,3,31.0,08,1.0,0.0,0.0,0.0,1.0,3.0,0,9.0,,,"-598427,924","-1161999,47","-598427,924","-1161999,47","-598428,299","-1162009,481",Brno,Po¯ÌËÌ,,silnice1.t¯Ìdy,42,1413726.0,,Souhlasn˝sesmÏrem˙seku,Pomal˝,582786.0,30082.0,GN_V0.1UIR-ADR_410,1
60206190121,5,,2019-01-17,4,745,2,0,0,2,1,0,502,0,0,0,500,2,1,1,1,1,1,1,1,0,0,0,1,2,0,,17,,XX,,,,,,,0,,,,"-598519,103","-1160340,831","-598519,103","-1160340,831","-598530,21","-1160328,077",Brno,Veve¯Ì,,mÌstnÌkomunikace,,3301303.0,,Souhlasn˝sesmÏrem˙seku,Pomal˝,582786.0,34487.0,GN_V0.1UIR-ADR_410,1
60206190122,4,,2019-01-17,4,1915,3,0,2,2,1,0,509,0,0,0,300,2,3,1,1,4,1,1,1,2,0,0,4,1,17,,3,29.0,12,1.0,0.0,1.0,0.0,1.0,57.0,200,2.0,1.0,1.0,"-599234,426","-1162032,33","-599234,426","-1162032,33","-599234,44","-1162031,966",Brno,VÌdeÚsk·,,mÌstnÌkomunikace,,2966436.0,,OpaËn˝kesmÏru˙seku,Pomal˝,582786.0,34746.0,GN_V0.1UIR-ADR_410,1
60206190123,4,,2019-01-17,4,2130,1,1,0,1,1,2,405,0,0,1,500,2,1,1,1,4,1,5,1,2,0,2,4,2,19,,3,39.0,94,1.0,0.0,1.0,0.0,1.0,17.0,100,2.0,1.0,1.0,"-599201,883","-1161540,879","-599201,883","-1161540,879","-599208,895","-1161541,844",Brno,POÿÕ»Õ,,mÌstnÌkomunikace,,3295842.0,,Souhlasn˝sesmÏrem˙seku,Pomal˝,582786.0,26565.0,GN_V0.1UIR-ADR_410,1
60206190124,5,,2019-01-18,5,540,1,2,0,2,1,2,411,0,0,0,1450,2,1,1,1,4,1,4,1,0,0,9,1,2,0,,3,4.0,18,3.0,0.0,1.0,0.0,1.0,3.0,900,2.0,1.0,1.0,"-600411,742","-1162939,543","-600411,742","-1162939,543","-600412,774","-1162944,789",Brno,Jihlavsk·,,silnice2.t¯Ìdy,602,720249.0,,Souhlasn˝sesmÏrem˙seku,Pomal˝,582786.0,24929.0,GN_V0.1UIR-ADR_410,1
60206190125,6,,2019-01-18,5,745,3,0,3,2,1,2,506,0,0,0,800,1,1,1,1,1,1,0,1,0,0,0,1,2,0,,7,19.0,10,3.0,0.0,1.0,0.0,1.0,5.0,100,3.0,1.0,1.0,"-598856,03","-1162096,223","-598856,03","-1162096,223","-598858,848","-1162094,001",Brno,Rennesk·t¯Ìda,,mÌstnÌkomunikace,,3295816.0,,Souhlasn˝sesmÏrem˙seku,Pomal˝,582786.0,32131.0,GN_V0.1UIR-ADR_410,1
60206190126,6,,2019-01-18,5,845,2,0,0,2,1,2,508,0,0,0,900,2,1,1,1,1,1,1,1,0,0,0,3,2,0,,3,35.0,11,1.0,0.0,1.0,0.0,1.0,5.0,400,2.0,1.0,1.0,"-594146,117","-1159849,727","-594146,117","-1159849,727","-594147,832","-1159849,545",BRNO-VINOHRADY,Bzeneck·,,mÌstnÌkomunikace,,2965749.0,,,Pomal˝,582786.0,22021.0,GN_V0.1UIR-ADR_410,1
60206190127,5,,2019-01-18,5,1100,2,0,0,2,1,2,508,0,0,0,150,2,1,1,1,1,1,1,1,3,3,0,5,3,10,,7,19.0,10,3.0,0.0,1.0,0.0,1.0,3.0,0,3.0,1.0,1.0,"-599166,875","-1162020,629","-599166,875","-1162020,629","-599166,545","-1162029,413",Brno,HAVLENOVA,,mÌstnÌkomunikace,,2966437.0,,Souhlasn˝sesmÏrem˙seku,Pomal˝,582786.0,34746.0,GN_V0.1UIR-ADR_410,1
60206190128,5,,2019-01-18,5,2560,2,0,0,2,1,0,508,0,0,0,100,2,1,1,1,1,1,1,0,0,0,10,1,2,0,,17,,XX,,,,,,,0,,,,"-598654,941","-1159739,549","-598654,941","-1159739,549","-598658,379","-1159734,014",Brno,Sokolsk·,,mÌstnÌkomunikace,,3135031.0,,OpaËn˝kesmÏru˙seku,Pomal˝,582786.0,31933.0,GN_V0.1UIR-ADR_410,1
60206190129,5,,2019-01-19,6,542,1,3,0,2,1,2,403,0,0,0,2300,2,1,1,1,4,1,1,1,3,3,2,4,2,10,,3,31.0,14,9.0,0.0,0.0,0.0,1.0,5.0,1200,2.0,1.0,1.0,"-593974,984","-1163435,588","-593974,984","-1163435,588","-593977,935","-1163431,78",Brno,ävÈdskÈvaly,,mÌstnÌkomunikace,,3073591.0,,Souhlasn˝sesmÏrem˙seku,Pomal˝,582786.0,710211.0,GN_V0.1UIR-ADR_410,1
60206190130,6,,2019-01-19,6,2560,2,0,0,2,1,0,508,0,0,0,10,2,1,1,1,1,1,1,0,0,0,10,1,2,0,,17,,XX,,,,,,,0,,,,"-599925,554","-1160100,45","-599925,554","-1160100,45","-599911,659","-1160094,509",Brno,Lerchova,,mÌstnÌkomunikace,,631935.0,,Souhlasn˝sesmÏrem˙seku,Pomal˝,582786.0,26956.0,GN_V0.1UIR-ADR_410,1
60206190131,6,,2019-01-19,6,1400,2,0,0,2,1,2,508,0,0,0,100,1,1,1,1,1,1,0,6,0,0,10,1,2,0,,5,26.0,16,3.0,0.0,0.0,0.0,1.0,5.0,0,2.0,1.0,1.0,"-591589,924","-1159957,129","-591589,924","-1159957,129","-591600,919","-1159953,744",Brno,ZahradnÌ,,mÌstnÌkomunikace,,631270.0,,Souhlasn˝sesmÏrem˙seku,Pomal˝,582786.0,35301.0,GN_V0.1UIR-ADR_410,1
60206190132,5,,2019-01-19,6,1800,1,4,0,2,1,2,503,0,0,0,200,2,1,1,1,4,1,1,1,0,0,2,1,2,0,,3,39.0,03,1.0,0.0,1.0,0.0,1.0,3.0,100,9.0,,,"-599233,55","-1161369,55","-599233,55","-1161369,55","-599232,405","-1161370,185",Brno,K¯Ìûov·,,mÌstnÌkomunikace,,3595262.0,,OpaËn˝kesmÏru˙seku,Pomal˝,582786.0,26565.0,GN_V0.1UIR-ADR_410,1
60206190133,5,,2019-01-19,6,1721,3,0,4,2,1,0,508,0,0,0,100,2,1,1,1,4,1,5,1,0,0,0,1,1,0,,3,26.0,11,1.0,0.0,4.0,0.0,1.0,1.0,50,9.0,,,"-601026,892","-1160953,881","-601026,892","-1160953,881","-601033,312","-1160951,938",Brno,Bauerova,,silnice1.t¯Ìdy,42,1557756.0,,Souhlasn˝sesmÏrem˙seku,Pomal˝,582786.0,35921.0,GN_V0.1UIR-ADR_410,1
60206190134,4,,2019-01-20,0,715,1,3,0,2,1,0,402,0,0,0,200,2,1,1,1,2,1,0,1,3,3,2,4,2,19,,17,,XX,,,,,,,0,,,,"-597587,352","-1161750,6","-597587,352","-1161750,6","-597588,817","-1161745,35",Brno,PlotnÌ,,mÌstnÌkomunikace,,1746962.0,,,Pomal˝,582786.0,29688.0,GN_V0.1UIR-ADR_410,1
60206190135,5,,2019-01-20,0,1018,1,3,0,2,1,0,411,0,0,0,10,2,1,1,1,1,1,0,1,3,5,6,1,2,0,,17,,XX,,,,,,,0,,,,"-599159,254","-1156183,966","-599159,254","-1156183,966","-599161,289","-1156184,582",Brno,PalackÈhot¯Ìda,,mÌstnÌkomunikace,,740296.0,,OpaËn˝kesmÏru˙seku,Pomal˝,582786.0,30546.0,GN_V0.1UIR-ADR_410,1
60206190136,6,,2019-01-20,0,1342,2,0,0,2,1,0,509,0,0,0,110,1,1,1,1,1,1,0,0,0,0,0,1,2,0,,3,39.0,97,17.0,0.0,4.0,0.0,1.0,5.0,10,9.0,,,"-595423,375","-1160345,025","-595423,375","-1160345,025","-595427,989","-1160351,591",Brno,Hrabalova,,mÌstnÌkomunikace,,1607392.0,,,Pomal˝,582786.0,731692.0,GN_V0.1UIR-ADR_410,1
60206190137,6,,2019-01-20,0,2560,2,0,0,2,1,0,508,0,0,0,50,2,1,1,1,1,1,1,0,3,5,10,1,2,0,,17,,XX,,,,,,,0,,,,"-594466,327","-1161888,552","-594466,327","-1161888,552","-594471,621","-1161891,125",Brno,MarieKude¯ÌkovÈ,,mÌstnÌkomunikace,,725602.0,,Souhlasn˝sesmÏrem˙seku,Pomal˝,582786.0,27464.0,GN_V0.1UIR-ADR_410,1
60206190138,5,,2019-01-20,0,1840,6,0,0,2,4,0,100,0,0,0,150,2,1,1,1,4,1,1,1,0,0,0,1,1,0,,3,39.0,17,3.0,0.0,0.0,0.0,1.0,1.0,150,3.0,1.0,1.0,"-595703,295","-1167816,041","-595703,295","-1167816,041","-595699,342","-1167811,678",Brno,Z·meck·,,mÌstnÌkomunikace,,3068141.0,,,Pomal˝,582786.0,35441.0,GN_V0.1UIR-ADR_410,1
60206190139,6,,2019-01-20,0,2560,2,0,0,2,1,0,508,0,0,0,50,1,1,1,1,1,1,0,1,0,0,10,1,2,0,,17,,XX,,,,,,,0,,,,"-597676,144","-1161627,813","-597676,144","-1161627,813","-597677,124","-1161613,552",Brno,VeVaÚkovce,,mÌstnÌkomunikace,,3328556.0,,,Pomal˝,582786.0,710181.0,GN_V0.1UIR-ADR_410,1
60206190140,4,,2019-01-21,1,750,0,0,0,2,0,0,100,0,0,0,150,2,1,1,1,1,1,1,1,2,0,1,4,1,17,,3,31.0,96,1.0,0.0,0.0,0.0,1.0,73.0,100,2.0,1.0,1.0,"-597618,523","-1160699,372","-597618,523","-1160699,372","-597625,022","-1160702,337",Brno,KOLIäTÃ,,mÌstnÌkomunikace,,3301286.0,,,Pomal˝,582786.0,28339.0,GN_V0.1UIR-ADR_410,1
60206190141,5,,2019-01-21,1,835,1,2,0,2,1,0,411,0,0,0,100,2,1,1,1,1,1,5,1,3,5,5,1,2,0,,17,,XX,,,,,,,0,,,,"-599108,064","-1156311,106","-599108,064","-1156311,106","-599110,114","-1156306,843",Brno,PALACK…HOTÿÕDA,,silnice2.t¯Ìdy,640,2730135.0,,Souhlasn˝sesmÏrem˙seku,Pomal˝,582786.0,26948.0,GN_V0.1UIR-ADR_410,1
60206190142,6,,2019-01-21,1,1040,2,0,0,2,1,2,508,0,0,0,100,2,1,1,1,1,1,0,1,0,0,0,1,2,0,,3,39.0,18,3.0,0.0,0.0,0.0,1.0,5.0,50,2.0,1.0,1.0,"-599436,407","-1154972,334","-599436,407","-1154972,334","-599433,825","-1154971,59",Brno,Vr·nova,,mÌstnÌkomunikace,,618657.0,,Souhlasn˝sesmÏrem˙seku,Pomal˝,582786.0,34851.0,GN_V0.1UIR-ADR_410,1
60206190143,5,,2019-01-21,1,1144,4,0,0,1,1,2,412,0,0,1,20,2,1,1,1,1,1,1,1,0,0,1,1,1,0,,3,47.0,15,3.0,0.0,0.0,0.0,1.0,1.0,10,2.0,1.0,1.0,"-599093,969","-1156426,395","-599093,969","-1156426,395","-599094,026","-1156426,411",Brno,PalackÈhot¯Ìda,,mÌstnÌkomunikace,,622185.0,,Souhlasn˝sesmÏrem˙seku,Pomal˝,582786.0,30546.0,GN_V0.1UIR-ADR_410,1
60206190144,6,,2019-01-21,1,1425,2,0,0,2,1,2,508,0,0,0,1570,2,1,1,1,1,1,0,0,0,0,10,1,4,0,,3,47.0,08,1.0,0.0,0.0,0.0,1.0,5.0,600,2.0,1.0,1.0,"-599048,745","-1160734,629","-599048,745","-1160734,629","-599051,927","-1160735,223",Brno,Pellicova,,mÌstnÌkomunikace,,3135081.0,,Souhlasn˝sesmÏrem˙seku,Pomal˝,582786.0,29475.0,GN_V0.1UIR-ADR_410,1
60206190145,4,,2019-01-21,1,1805,1,2,0,1,1,2,413,0,0,1,900,2,1,1,1,4,1,1,7,2,0,0,5,2,19,,3,32.0,13,1.0,0.0,1.0,0.0,1.0,53.0,600,2.0,1.0,1.0,"-597231,576","-1161290,921","-597231,576","-1161290,921","-597228,404","-1161284,319",Brno,K¯enov·,,mÌstnÌkomunikace,,634827.0,,Souhlasn˝sesmÏrem˙seku,Pomal˝,582786.0,26492.0,GN_V0.1UIR-ADR_410,1
60206190146,6,,2019-01-21,1,1840,3,0,3,2,1,9,203,0,0,0,850,2,1,1,1,4,1,1,6,0,0,10,1,2,0,,3,41.0,17,1.0,0.0,1.0,0.0,1.0,5.0,300,7.0,5.0,1.0,"-595843,454","-1160888,585","-595843,454","-1160888,585","-595843,397","-1160893,957",Brno,JÌlkova,,mÌstnÌkomunikace,,633759.0,,OpaËn˝kesmÏru˙seku,Pomal˝,582786.0,25011.0,GN_V0.1UIR-ADR_410,1
60206190147,5,,2019-01-21,1,1903,4,0,0,1,1,2,412,0,0,1,100,2,1,1,1,4,1,1,1,3,3,1,5,1,10,,3,32.0,08,1.0,0.0,1.0,0.0,1.0,1.0,100,2.0,1.0,1.0,"-599200,409","-1161785,898","-599200,409","-1161785,898","-599202,74","-1161794,538",Brno,PolnÌ,,mÌstnÌkomunikace,,2965452.0,,OpaËn˝kesmÏru˙seku,Pomal˝,582786.0,30007.0,GN_V0.1UIR-ADR_410,1
60206190148,5,,2019-01-21,1,2560,2,0,0,2,1,0,516,0,0,0,500,2,1,1,1,4,1,1,3,0,0,0,1,2,0,,17,,XX,,,,,,,0,,,,"-599416,057","-1154632,136","-599416,057","-1154632,136","-599408,652","-1154627,536",BRNO,V·ûnÈho,,mÌstnÌkomunikace,,617586.0,,OpaËn˝kesmÏru˙seku,Pomal˝,582786.0,34347.0,GN_V0.1UIR-ADR_410,1
60206190149,4,,2019-01-22,2,940,1,3,0,2,1,2,401,0,0,0,800,2,1,1,1,1,1,1,1,2,0,2,5,2,19,,5,47.0,17,3.0,0.0,3.0,0.0,1.0,15.0,400,2.0,1.0,1.0,"-598033,103","-1161530,074","-598033,103","-1161530,074","-598036,185","-1161528,647",BRNO,Uheln·-⁄zk·,,mÌstnÌkomunikace,,2600219.0,,OpaËn˝kesmÏru˙seku,Pomal˝,582786.0,33871.0,GN_V0.1UIR-ADR_410,1
60206190150,5,,2019-01-22,2,1130,1,1,0,2,1,2,403,0,0,0,1500,2,1,1,1,1,1,1,1,3,3,0,5,2,10,,3,39.0,15,9.0,0.0,0.0,0.0,1.0,5.0,1100,2.0,1.0,1.0,"-596267,865","-1160841,744","-596267,865","-1160841,744","-596266,286","-1160856,628",Brno,ä·malova,,mÌstnÌkomunikace,,633696.0,,OpaËn˝kesmÏru˙seku,Pomal˝,582786.0,25011.0,GN_V0.1UIR-ADR_410,1
60206190151,8,,2019-01-22,2,1220,3,0,9,2,1,2,508,0,0,0,50,3,1,1,1,1,1,1,1,0,0,10,3,1,0,,3,13.0,08,1.0,0.0,1.0,0.0,1.0,5.0,0,2.0,1.0,1.0,"-598405,499","-1160828,178","-598405,499","-1160828,178","-598403,966","-1160841,473",Brno,Husova,,mÌstnÌkomunikace,,1780184.0,,,Pomal˝,582786.0,24457.0,GN_V0.1UIR-ADR_410,1
60206190152,5,,2019-01-22,2,1505,1,4,0,2,1,2,508,0,0,0,20,2,1,1,1,1,1,2,1,3,5,0,1,2,0,,3,13.0,15,1.0,0.0,1.0,0.0,1.0,1.0,10,2.0,1.0,1.0,"-604680,791","-1159334,517","-604680,791","-1159334,517","-604678,236","-1159339,603",Brno,Star·d·lnice,,silnice3.t¯Ìdy,3842,725103.0,,Souhlasn˝sesmÏrem˙seku,Pomal˝,582786.0,,GN_V0.1UIR-ADR_410,1
60206190153,6,,2019-01-22,2,1500,2,0,0,2,1,2,508,0,0,0,400,2,1,1,1,1,1,1,1,0,0,0,1,2,0,,7,40.0,12,9.0,0.0,0.0,0.0,1.0,5.0,0,3.0,1.0,1.0,"-595966,713","-1161016,243","-595966,713","-1161016,243","-595968,889","-1161014,949",Brno,Petr˘vky,,mÌstnÌkomunikace,,634092.0,,Souhlasn˝sesmÏrem˙seku,Pomal˝,582786.0,29521.0,GN_V0.1UIR-ADR_410,1
60206190154,5,,2019-01-22,2,1515,1,3,0,2,1,9,505,0,0,0,300,2,1,1,1,1,1,1,0,0,0,0,1,2,0,,3,39.0,00,1.0,0.0,1.0,0.0,1.0,1.0,100,2.0,5.0,1.0,"-596838,166","-1161674,524","-596838,166","-1161674,524","-596841,458","-1161665,526",BRNO,HladÌkova,,silnice1.t¯Ìdy,42,1607313.0,,Souhlasn˝sesmÏrem˙seku,Pomal˝,582786.0,23981.0,GN_V0.1UIR-ADR_410,1
60206190155,4,,2019-01-22,2,1555,1,4,0,1,1,2,508,0,0,4,700,2,1,1,1,2,1,4,1,3,4,0,5,2,19,,3,4.0,06,1.0,0.0,1.0,0.0,1.0,12.0,500,2.0,1.0,1.0,"-602160,406","-1157656,988","-602160,406","-1157656,988","-602160,382","-1157656,44",Brno,KnÌniËsk·,,mÌstnÌkomunikace,,1887679.0,,,Pomal˝,582786.0,21661.0,GN_V0.1UIR-ADR_410,1
60206190156,8,,2019-01-22,2,2560,2,0,0,2,1,0,508,0,0,0,50,2,3,1,1,1,1,0,0,0,0,10,1,2,0,,17,,XX,,,,,,,0,,,,"-598006,51","-1162764,483","-598006,51","-1162764,483","-597975,911","-1162746,633",Brno,,,mÌstnÌkomunikace,,3328413.0,,OpaËn˝kesmÏru˙seku,Pomal˝,582786.0,34690.0,GN_V0.1UIR-ADR_410,1
60206190157,5,,2019-01-22,2,1815,1,4,0,2,1,0,508,0,0,0,200,2,1,1,1,4,1,4,1,0,0,9,1,2,0,,17,,XX,,,,,,,0,,,,"-597112,984","-1161640,29","-597112,984","-1161640,29","-597113,149","-1161638,733",Brno,Zvona¯ka,,silnice1.t¯Ìdy,42,1607274.0,,Souhlasn˝sesmÏrem˙seku,Pomal˝,582786.0,35769.0,GN_V0.1UIR-ADR_410,1
60206190158,5,,2019-01-22,2,1700,1,4,0,2,1,0,509,0,0,0,300,2,1,1,1,2,1,1,1,0,0,0,1,2,0,,3,39.0,08,1.0,0.0,1.0,0.0,1.0,1.0,300,3.0,1.0,1.0,"-599580,044","-1160584,231","-599580,044","-1160584,231","-599589,202","-1160566,351",Brno,TvrdÈho,,mÌstnÌkomunikace,,632958.0,,Souhlasn˝sesmÏrem˙seku,Pomal˝,582786.0,33651.0,GN_V0.1UIR-ADR_410,1