IDENTIFIKA»NÕ »ÕSLO,DRUH POZEMNÕ KOMUNIKACE,»ÕSLO POZEMNÕ KOMUNIKACE,"den, mÏsÌc, rok",,Ëas ,DRUH NEHODY,DRUH SR¡éKY JEDOUCÕCH VOZIDEL,DRUH PEVN… PÿEK¡éKY,CHARAKTER NEHODY,ZAVINÃNÕ NEHODY,ALKOHOL U VINÕKA NEHODY PÿÕTOMEN,HLAVNÕ PÿÕ»INY NEHODY,usmrceno osob,tÏûce zranÏno osob,lehce zranÏno osob,CELKOV¡ HMOTN¡ äKODA,DRUH POVRCHU VOZOVKY,STAV POVRCHU VOZOVKY V DOBÃ NEHODY,STAV KOMUNIKACE,POVÃTRNOSTNÕ PODMÕNKY V DOBÃ NEHODY,VIDITELNOST,ROZHLEDOV… POMÃRY,DÃLENÕ KOMUNIKACE,SITUOV¡NÕ NEHODY NA KOMUNIKACI,ÿÕZENÕ PROVOZU V DOBÃ NEHODY,MÕSTNÕ ⁄PRAVA PÿEDNOSTI V JÕZDÃ,SPECIFICK¡ MÕSTA A OBJEKTY V MÕSTÃ NEHODY,SMÃROV… POMÃRY,PO»ET Z⁄»ASTNÃN›CH VOZIDEL,MÕSTO DOPRAVNÕ NEHODY,DRUH KÿIéUJÕCÕ KOMUNIKACE,DRUH VOZIDLA,V›ROBNÕ ZNA»KA MOTOROV…HO VOZIDLA,ROK V›ROBY VOZIDLA,CHARAKTERISTIKA VOZIDLA ,SMYK,VOZIDLO PO NEHODÃ,"⁄NIK PROVOZNÕCH, PÿEPRAVOVAN›CH HMOT",ZPŸSOB VYPROäTÃNÕ OSOB Z VOZIDLA,SMÃR JÕZDY NEBO POSTAVENÕ VOZIDLA,äKODA NA VOZIDLE,KATEGORIE ÿIDI»E,STAV ÿIDI»E,VNÃJäÕ OVLIVNÃNÕ ÿIDI»E,nan.1,nan.2,nan.3,nan.4,nan.5,nan.6,nan.7,nan.8,nan.9,nan.10,nan.11,nan.12,nan.13,nan.14,nan.15,nan.16,nan.17,nan.18,LOKALITA NEHODY
60206190159,5,,2019-01-23,3,240,5,0,0,2,4,0,100,0,0,0,200,2,3,1,1,6,1,1,1,0,0,0,1,1,0,,3,13.0,07,2.0,0.0,0.0,0.0,1.0,3.0,200,2.0,1.0,1.0,"-604454,596","-1160099,381","-604454,596","-1160099,381","-604464,594","-1160091,316",Brno,éEBÃTÕNSK¡,,mÌstnÌkomunikace,,3299698.0,,,Pomal˝,582786.0,21199.0,GN_V0.1UIR-ADR_410,1
60206190160,6,,2019-01-23,3,2560,2,0,0,2,1,0,508,0,0,0,200,2,1,1,1,1,1,1,1,3,3,9,1,2,0,,17,,XX,,,,,,,0,,,,"-599112,142","-1166687,119","-599112,142","-1166687,119","-599104,114","-1166686,975",Brno,VÌdeÚsk·,,mÌstnÌkomunikace,,2968578.0,,Souhlasn˝sesmÏrem˙seku,Pomal˝,582786.0,34584.0,GN_V0.1UIR-ADR_410,1
60206190161,4,,2019-01-23,3,940,1,1,0,1,1,2,205,0,0,2,1300,2,1,1,1,1,1,3,1,2,0,1,4,2,19,,3,31.0,03,1.0,1.0,1.0,0.0,1.0,75.0,500,2.0,1.0,1.0,"-599209,227","-1161228,221","-599209,227","-1161228,221","-599216,473","-1161218,023",Brno,Mendlovon·mÏstÌ,,mÌstnÌkomunikace,,725791.0,,Souhlasn˝sesmÏrem˙seku,Pomal˝,582786.0,28428.0,GN_V0.1UIR-ADR_410,1
60206190162,5,,2019-01-23,3,1300,1,2,0,2,1,0,411,0,0,0,400,2,1,1,1,1,1,0,1,0,0,0,1,2,0,,17,,XX,,,,,,,0,,,,"-598354,425","-1157505,047","-598354,425","-1157505,047","-598341,29","-1157501,708",Brno,PORGESOVA,,silnice1.t¯Ìdy,43,2379553.0,,Souhlasn˝sesmÏrem˙seku,Pomal˝,582786.0,32093.0,GN_V0.1UIR-ADR_410,1
60206190163,6,,2019-01-23,3,2560,2,0,0,2,1,0,508,0,0,0,10,1,6,1,5,1,1,0,1,0,0,10,1,2,0,,17,,XX,,,,,,,0,,,,"-599641,152","-1160703,002","-599641,152","-1160703,002","-599626,221","-1160694,683",Brno,élut˝kopec,,mÌstnÌkomunikace,,3144588.0,,,Pomal˝,582786.0,35904.0,GN_V0.1UIR-ADR_410,1
60206190164,6,,2019-01-23,3,1945,2,0,0,2,1,0,204,0,0,0,300,1,6,1,1,1,1,0,1,3,5,10,2,2,0,,17,,XX,,,,,,,0,,,,"-602582,452","-1162337,595","-602582,452","-1162337,595","-602576,72","-1162336,197",Brno,Plachty,,mÌstnÌkomunikace,,758981.0,,Souhlasn˝sesmÏrem˙seku,Pomal˝,582786.0,36587.0,GN_V0.1UIR-ADR_410,1
60206190165,4,,2019-01-24,4,514,1,2,0,1,1,2,403,0,0,1,800,2,1,1,1,4,1,1,1,3,3,0,6,2,19,,3,12.0,14,1.0,0.0,1.0,0.0,1.0,16.0,400,2.0,1.0,1.0,"-595933,47","-1158923,941","-595933,47","-1158923,941","-595930,494","-1158925,788",Brno,Dukelsk·t¯Ìda,,mÌstnÌkomunikace,,1642897.0,,Souhlasn˝sesmÏrem˙seku,Pomal˝,582786.0,23078.0,GN_V0.1UIR-ADR_410,1
60206190166,4,,2019-01-24,4,905,1,2,0,2,1,0,508,0,0,0,200,2,1,1,1,1,1,1,1,2,0,0,4,2,19,,17,,XX,,,,,,,0,,,,"-599227,536","-1161356,666","-599227,536","-1161356,666","-599225,523","-1161357,783",Brno,K¯Ìûov·,,mÌstnÌkomunikace,,3595262.0,,OpaËn˝kesmÏru˙seku,Pomal˝,582786.0,26565.0,GN_V0.1UIR-ADR_410,1
60206190167,6,,2019-01-24,4,2560,2,0,0,2,1,0,508,0,0,0,150,2,1,1,1,1,1,0,1,0,0,0,1,2,0,,17,,XX,,,,,,,0,,,,"-592910,021","-1163152,257","-592910,021","-1163152,257","-592902,643","-1163156,895",Brno,ZlÌnsk·,,mÌstnÌkomunikace,,2106593.0,,Souhlasn˝sesmÏrem˙seku,Pomal˝,582786.0,660639.0,GN_V0.1UIR-ADR_410,1
60206190168,5,,2019-01-24,4,1500,8,2,0,1,1,2,405,0,0,1,350,2,1,1,1,1,1,1,7,3,3,0,5,2,10,,3,39.0,99,1.0,0.0,1.0,0.0,1.0,3.0,150,2.0,1.0,1.0,"-599284,443","-1162232,846","-599284,443","-1162232,846","-599279,336","-1162232,526",Brno,VÌdeÚsk·,,mÌstnÌkomunikace,,1888141.0,,OpaËn˝kesmÏru˙seku,Pomal˝,582786.0,34584.0,GN_V0.1UIR-ADR_410,1
60206190169,4,,2019-01-24,4,1655,1,3,0,1,1,2,401,0,1,0,500,2,1,1,1,2,1,5,1,2,0,1,4,2,19,,3,9.0,02,1.0,0.0,1.0,0.0,1.0,15.0,200,2.0,1.0,1.0,"-599237,603","-1162856,049","-599237,603","-1162856,049","-599241,6","-1162856,219",Brno,VÌdeÚsk·,,mÌstnÌkomunikace,,1607632.0,,Souhlasn˝sesmÏrem˙seku,Pomal˝,582786.0,34584.0,GN_V0.1UIR-ADR_410,1
60206190170,4,,2019-01-24,4,1710,1,1,0,1,1,2,405,0,0,1,1300,2,1,1,1,2,1,1,1,2,0,2,4,2,19,,3,39.0,00,1.0,0.0,1.0,0.0,1.0,31.0,800,2.0,1.0,1.0,"-599078,879","-1158630,767","-599078,879","-1158630,767","-599082,629","-1158617,586",Brno,T·bor,,mÌstnÌkomunikace,,2964446.0,,Souhlasn˝sesmÏrem˙seku,Pomal˝,582786.0,33103.0,GN_V0.1UIR-ADR_410,1
60206190171,5,,2019-01-24,4,1700,3,0,3,2,1,2,205,0,0,0,30,2,1,1,1,2,1,0,3,3,3,0,3,1,0,,3,35.0,05,1.0,0.0,1.0,0.0,1.0,1.0,20,2.0,1.0,1.0,"-601784,284","-1162805,796","-601784,284","-1162805,796","-601784,748","-1162806,002",Brno,BÌteösk·,,silnice1.t¯Ìdy,23,1558140.0,,Souhlasn˝sesmÏrem˙seku,Pomal˝,582786.0,35955.0,GN_V0.1UIR-ADR_410,1
60206190172,6,,2019-01-24,4,2560,2,0,0,2,1,0,508,0,0,0,50,2,1,1,1,1,1,1,1,0,0,10,1,2,0,,17,,XX,,,,,,,0,,,,"-598357,18","-1160085,303","-598357,18","-1160085,303","-598359,167","-1160081,664",Brno,MezÌrka,,mÌstnÌkomunikace,,3311067.0,,Souhlasn˝sesmÏrem˙seku,Pomal˝,582786.0,27863.0,GN_V0.1UIR-ADR_410,1
60206190173,5,,2019-01-25,5,650,2,0,0,2,1,2,204,0,0,0,1000,2,6,1,5,4,1,1,1,0,0,10,1,3,0,,3,32.0,02,1.0,1.0,1.0,0.0,1.0,1.0,500,2.0,1.0,1.0,"-599556,581","-1154902,137","-599556,581","-1154902,137","-599552,499","-1154900,804",Brno,Banskobystrick·,,mÌstnÌkomunikace,,1643155.0,,Souhlasn˝sesmÏrem˙seku,Pomal˝,582786.0,21075.0,GN_V0.1UIR-ADR_410,1
60206190174,5,,2019-01-25,5,640,1,3,0,2,1,2,405,0,0,0,1500,2,3,1,5,4,1,2,1,3,3,5,1,2,0,,5,19.0,16,3.0,0.0,0.0,0.0,1.0,1.0,400,3.0,1.0,1.0,"-596649,593","-1164502,255","-596649,593","-1164502,255","-596653,702","-1164506,297",Brno,Kaötanov·,,silnice2.t¯Ìdy,380,643258.0,,OpaËn˝kesmÏru˙seku,Pomal˝,582786.0,25461.0,GN_V0.1UIR-ADR_410,1
60206190175,8,,2019-01-25,5,2560,2,0,0,2,1,0,508,0,0,0,100,1,3,1,1,1,1,0,0,0,0,10,1,2,0,,17,,XX,,,,,,,0,,,,"-599123,014","-1163372,6","-599123,014","-1163372,6","-599116,988","-1163372,004",Brno,Lond˝nskÈn·mÏstÌ,,mÌstnÌkomunikace,,1294504.0,,Souhlasn˝sesmÏrem˙seku,Pomal˝,582786.0,759554.0,GN_V0.1UIR-ADR_410,1
60206190176,5,,2019-01-25,5,1340,1,4,0,2,1,2,503,0,0,0,1700,2,1,1,1,1,1,1,1,3,5,0,1,2,0,,5,26.0,14,3.0,0.0,1.0,1.0,1.0,1.0,1300,2.0,1.0,1.0,"-600825,607","-1159296,685","-600825,607","-1159296,685","-600832,973","-1159292,495",Brno,éabov¯esk·,,silnice1.t¯Ìdy,42,3233815.0,,Souhlasn˝sesmÏrem˙seku,Pomal˝,582786.0,37184.0,GN_V0.1UIR-ADR_410,1
60206190177,5,,2019-01-25,5,1025,0,0,0,2,1,0,516,0,0,0,50,2,1,1,1,1,1,2,1,0,0,5,1,2,0,,5,35.0,17,3.0,0.0,0.0,0.0,1.0,1.0,0,9.0,,,"-599214,386","-1164676,261","-599214,386","-1164676,261","-599205,061","-1164676,21",Brno,VÌdeÚsk·,,silnice1.t¯Ìdy,52,1416993.0,,Souhlasn˝sesmÏrem˙seku,Pomal˝,582786.0,34584.0,GN_V0.1UIR-ADR_410,1
60206190178,6,,2019-01-25,5,1620,3,0,3,2,1,2,508,0,0,0,50,2,1,1,1,1,1,1,1,0,0,0,1,1,0,,3,13.0,05,1.0,0.0,1.0,0.0,1.0,5.0,0,4.0,1.0,1.0,"-599345,891","-1154314,007","-599345,891","-1154314,007","-599345,138","-1154308,972",Brno,PalackÈhon·mÏstÌ,,mÌstnÌkomunikace,,616737.0,,OpaËn˝kesmÏru˙seku,Pomal˝,582786.0,30422.0,GN_V0.1UIR-ADR_410,1
60206190179,4,,2019-01-25,5,1655,1,3,0,1,1,2,401,0,0,1,900,2,1,1,1,2,1,0,1,2,0,0,4,2,19,,3,12.0,08,1.0,0.0,1.0,0.0,1.0,73.0,500,2.0,1.0,1.0,"-599217,992","-1161581,305","-599217,992","-1161581,305","-599213,724","-1161580,468",Brno,K¯Ìûov·,,mÌstnÌkomunikace,,3595253.0,,Souhlasn˝sesmÏrem˙seku,Pomal˝,582786.0,26565.0,GN_V0.1UIR-ADR_410,1
60206190180,6,,2019-01-25,5,1840,0,0,0,2,0,0,100,0,0,0,610,1,1,1,1,4,1,0,0,0,0,0,1,1,0,,3,17.0,18,1.0,0.0,0.0,0.0,1.0,5.0,600,2.0,1.0,1.0,"-597399,981","-1160339,983","-597399,981","-1160339,983","-597399,978","-1160339,982",Brno,Star·,,mÌstnÌkomunikace,,719761.0,,Souhlasn˝sesmÏrem˙seku,Pomal˝,582786.0,32140.0,GN_V0.1UIR-ADR_410,1
60206190181,4,,2019-01-26,6,850,1,1,0,1,1,2,401,0,0,1,1200,2,3,1,5,1,1,2,1,2,0,0,4,2,19,,3,4.0,08,0.0,0.0,0.0,0.0,1.0,15.0,800,3.0,1.0,1.0,"-592968,331","-1163746,618","-592995,207","-1163758,981","-592994,88","-1163758,759",Brno,ÿÌpsk·,,mÌstnÌkomunikace,,2968091.0,,Souhlasn˝sesmÏrem˙seku,Pomal˝,582786.0,33022.0,GN_V0.1UIR-ADR_410,1
60206190182,5,,2019-01-26,6,1500,9,0,0,2,6,0,100,0,0,0,10,2,3,6,5,1,1,0,1,0,0,1,1,1,0,,3,39.0,17,1.0,0.0,0.0,0.0,1.0,1.0,10,2.0,1.0,1.0,"-602670,644","-1160129,478","-602670,644","-1160129,478","-602676,865","-1160128,092",Brno,Libuöino˙dolÌ,,silnice3.t¯Ìdy,15272,631724.0,,Souhlasn˝sesmÏrem˙seku,Pomal˝,582786.0,27014.0,GN_V0.1UIR-ADR_410,1
60206190183,5,,2019-01-26,6,2040,4,0,0,1,3,9,100,0,0,1,300,2,3,1,3,4,1,1,1,0,0,5,3,1,0,,3,39.0,17,3.0,0.0,0.0,0.0,1.0,1.0,300,2.0,1.0,1.0,"-602466,569","-1162666,905","-602466,569","-1162666,905","-602462,282","-1162663,467",Brno,Chironova,,silnice3.t¯Ìdy,15272,638068.0,,Souhlasn˝sesmÏrem˙seku,Pomal˝,582786.0,660418.0,GN_V0.1UIR-ADR_410,1
60206190184,5,,2019-01-27,0,440,3,0,4,1,1,9,508,0,0,1,770,2,3,1,1,4,1,5,1,0,0,0,1,1,0,,3,48.0,01,1.0,0.0,0.0,0.0,1.0,1.0,700,2.0,5.0,1.0,"-599440,027","-1158345,764","-599440,027","-1158345,764","-599438,014","-1158344,886",Brno,HRADECK¡,,mÌstnÌkomunikace,,2730170.0,,Souhlasn˝sesmÏrem˙seku,Pomal˝,582786.0,26948.0,GN_V0.1UIR-ADR_410,1
60206190185,5,,2019-01-27,0,1645,2,0,0,2,1,2,508,0,0,0,250,2,3,1,1,2,1,1,1,0,0,0,1,3,0,,3,39.0,12,3.0,0.0,1.0,0.0,1.0,1.0,100,2.0,1.0,1.0,"-598999,221","-1157618,792","-598999,221","-1157618,792","-599008,563","-1157617,131",Brno,Charvatsk·,,mÌstnÌkomunikace,,625351.0,,Souhlasn˝sesmÏrem˙seku,Pomal˝,582786.0,22136.0,GN_V0.1UIR-ADR_410,1
60206190186,5,,2019-01-01,2,2560,0,0,0,1,1,0,516,0,0,1,10,2,3,1,1,4,1,1,1,0,0,7,1,1,0,,8,59.0,01,5.0,0.0,1.0,0.0,1.0,3.0,0,9.0,,,"-600140,99","-1155440,524","-600140,99","-1155440,524","-600136,607","-1155445,326",Brno,HUDCOVA,,mÌstnÌkomunikace,,1807439.0,,,Pomal˝,582786.0,33600.0,GN_V0.1UIR-ADR_410,1
60206190187,6,,2019-01-27,0,2560,2,0,0,2,1,0,508,0,0,0,100,1,3,1,1,4,1,0,0,0,0,0,1,2,0,,17,,XX,,,,,,,0,,,,"-593475,278","-1160403,346","-593475,278","-1160403,346","-593469,996","-1160429,951",Brno,Sedl·Ëkova,,mÌstnÌkomunikace,,1726383.0,,Souhlasn˝sesmÏrem˙seku,Pomal˝,582786.0,36773.0,GN_V0.1UIR-ADR_410,1
60206190188,4,,2019-01-28,1,520,3,0,2,2,1,2,204,0,0,0,400,2,8,1,5,5,1,3,3,3,3,0,5,1,18,,3,35.0,09,1.0,1.0,1.0,0.0,1.0,48.0,300,2.0,1.0,1.0,"-599749,449","-1161685,252","-599749,449","-1161685,252","-599748,02","-1161688,81",Brno,POÿÕ»Õ,,silnice1.t¯Ìdy,42,3510549.0,,Souhlasn˝sesmÏrem˙seku,Pomal˝,582786.0,35921.0,GN_V0.1UIR-ADR_410,1
60206190189,4,,2019-01-28,1,530,3,0,2,2,1,2,204,0,0,0,710,2,5,1,5,5,1,5,1,3,1,1,4,2,11,,3,39.0,00,1.0,0.0,1.0,0.0,1.0,51.0,200,2.0,1.0,1.0,"-597735,38","-1161777,117","-597735,38","-1161777,117","-597732,977","-1161785,492",Brno,Zvona¯ka,,silnice1.t¯Ìdy,42,3328553.0,,Souhlasn˝sesmÏrem˙seku,Pomal˝,582786.0,35769.0,GN_V0.1UIR-ADR_410,1
60206190190,6,,2019-01-28,1,755,2,0,0,2,1,2,204,0,0,0,350,2,8,1,5,3,1,0,1,0,0,10,3,2,0,,3,12.0,17,1.0,1.0,1.0,0.0,1.0,5.0,150,2.0,1.0,1.0,"-600032,611","-1155083,818","-600032,611","-1155083,818","-600036,21","-1155086,877",Brno,KBabÏ,,mÌstnÌkomunikace,,2962533.0,,OpaËn˝kesmÏru˙seku,Pomal˝,582786.0,765287.0,GN_V0.1UIR-ADR_410,1
60206190191,6,,2019-01-28,1,950,2,0,0,2,1,2,204,0,0,0,300,2,8,1,5,3,1,1,1,3,3,10,5,2,10,,3,31.0,13,1.0,1.0,1.0,0.0,1.0,5.0,200,2.0,1.0,1.0,"-599354,719","-1154601,986","-599354,719","-1154601,986","-599353,31","-1154603,308",Brno,MarieH¸bnerovÈ,,mÌstnÌkomunikace,,1606855.0,,Souhlasn˝sesmÏrem˙seku,Pomal˝,582786.0,27448.0,GN_V0.1UIR-ADR_410,1
60206190192,6,,2019-01-28,1,930,1,4,0,2,1,2,504,0,0,0,200,2,8,1,5,1,1,1,1,3,5,10,2,2,0,,3,13.0,18,1.0,0.0,1.0,0.0,1.0,5.0,0,3.0,1.0,1.0,"-596382,439","-1164658,662","-596382,439","-1164658,662","-596387,749","-1164653,901",Brno,Kaötanov·,,mÌstnÌkomunikace,,2968222.0,,Souhlasn˝sesmÏrem˙seku,Pomal˝,582786.0,25461.0,GN_V0.1UIR-ADR_410,1
60206190193,6,,2019-01-19,6,2560,2,0,0,2,1,0,508,0,0,0,50,2,1,1,1,1,1,0,1,0,0,7,1,2,0,,3,27.0,07,1.0,0.0,1.0,0.0,1.0,5.0,0,9.0,,,"-603083,577","-1156674,063","-603083,577","-1156674,063","-603085,237","-1156674,562",Brno,UzoologickÈzahrady,,mÌstnÌkomunikace,,2730437.0,,OpaËn˝kesmÏru˙seku,Pomal˝,582786.0,33855.0,GN_V0.1UIR-ADR_410,1
60206190194,5,,2019-01-17,4,1200,3,0,3,2,1,0,504,0,0,0,50,2,6,1,1,1,1,0,6,3,3,6,1,1,0,,5,32.0,10,1.0,0.0,1.0,0.0,1.0,1.0,0,3.0,1.0,1.0,"-598771,979","-1157549,332","-598771,979","-1157549,332","-598754,918","-1157544,682",Brno,PalackÈhot¯Ìda,,mÌstnÌkomunikace,,625294.0,,Souhlasn˝sesmÏrem˙seku,Pomal˝,582786.0,30546.0,GN_V0.1UIR-ADR_410,1
60206190195,6,,2019-01-29,2,715,2,0,0,2,1,0,508,0,0,0,50,2,6,1,1,2,1,0,0,0,0,0,1,2,0,,7,26.0,09,3.0,0.0,1.0,0.0,1.0,5.0,0,4.0,1.0,1.0,"-597120,267","-1161841,625","-597120,267","-1161841,625","-597122,077","-1161837,098",Brno,äkrob·rensk·,,mÌstnÌkomunikace,,1726390.0,,OpaËn˝kesmÏru˙seku,Pomal˝,582786.0,797448.0,GN_V0.1UIR-ADR_410,1
60206190196,6,,2019-01-28,1,1500,2,0,0,2,1,0,502,0,0,0,200,2,8,1,1,1,2,1,1,3,3,10,1,2,0,,3,48.0,10,1.0,0.0,1.0,0.0,1.0,5.0,100,3.0,1.0,1.0,"-602892,504","-1160312,703","-602892,504","-1160312,703","-602894,56","-1160313,909",Brno,MusorgskÈho,,mÌstnÌkomunikace,,632517.0,,Souhlasn˝sesmÏrem˙seku,Pomal˝,582786.0,28240.0,GN_V0.1UIR-ADR_410,1
60206190197,6,,2019-01-29,2,2560,2,0,0,2,1,0,508,0,0,0,200,2,5,1,1,1,1,1,0,0,0,10,1,2,0,,17,,XX,,,,,,,0,,,,,,,,,,BRNO,,,,,,,,,,,,1
60206190198,6,,2019-01-29,2,2000,1,3,0,1,1,2,404,0,0,2,1650,2,5,1,1,4,1,0,1,3,3,10,4,2,10,,3,13.0,08,1.0,0.0,1.0,0.0,1.0,5.0,800,2.0,1.0,1.0,"-600320,739","-1158981,691","-600320,739","-1158981,691","-600318,741","-1158979,056",Brno,ZelenÈho,,mÌstnÌkomunikace,,628657.0,,Souhlasn˝sesmÏrem˙seku,Pomal˝,582786.0,35581.0,GN_V0.1UIR-ADR_410,1
60206190199,6,,2019-01-30,3,2560,2,0,0,2,1,0,508,0,0,0,100,2,5,1,1,1,1,1,0,0,0,10,1,2,0,,17,,XX,,,,,,,0,,,,"-592997,028","-1163890,62","-592997,028","-1163890,62","-592987,188","-1163900,904",BRNO,ÿÕPSK¡,,mÌstnÌkomunikace,,2968086.0,,,Pomal˝,582786.0,33022.0,GN_V0.1UIR-ADR_410,1
60206190200,8,,2019-01-24,4,1519,2,0,0,2,1,0,508,0,0,0,50,2,6,1,1,1,1,0,0,0,0,10,1,2,0,,17,,XX,,,,,,,0,,,,"-598619,67","-1162659,159","-598619,67","-1162659,159","-598619,338","-1162653,486",Brno,Bidl·ky,,mÌstnÌkomunikace,,1453963.0,,OpaËn˝kesmÏru˙seku,Pomal˝,582786.0,35947.0,GN_V0.1UIR-ADR_410,1
60206190201,5,,2019-01-30,3,1455,8,2,0,2,1,2,413,0,0,0,3600,2,3,1,1,1,1,1,7,3,3,0,5,2,10,,3,2.0,14,3.0,0.0,1.0,0.0,1.0,1.0,3000,3.0,1.0,1.0,"-599263,501","-1162269,678","-599278,016","-1162266,453","-599277,21","-1162266,402",BRNO,VÕDE“SK¡,,mÌstnÌkomunikace,,1888141.0,,OpaËn˝kesmÏru˙seku,Pomal˝,582786.0,34584.0,GN_V0.1UIR-ADR_410,1
60206190202,5,,2019-01-30,3,1700,3,0,9,2,1,2,508,0,0,0,270,1,5,1,1,2,1,1,0,0,0,10,1,1,0,,3,47.0,11,3.0,0.0,0.0,0.0,1.0,1.0,200,2.0,1.0,1.0,"-600772,434","-1160684,635","-600772,434","-1160684,635","-600776,433","-1160690,698",Brno,Hlinky,,mÌstnÌkomunikace,,3295813.0,,Souhlasn˝sesmÏrem˙seku,Pomal˝,582786.0,24040.0,GN_V0.1UIR-ADR_410,1
60206190203,8,,2019-01-28,1,1145,2,0,0,2,1,0,508,0,0,0,100,0,6,1,1,1,1,0,1,0,0,0,1,2,0,,17,,XX,,,,,,,0,,,,"-599602,597","-1158407,672","-599602,597","-1158407,672","-599601,775","-1158406,457",Brno,Korejsk·,,mÌstnÌkomunikace,,1642857.0,,Souhlasn˝sesmÏrem˙seku,Pomal˝,582786.0,25992.0,GN_V0.1UIR-ADR_410,1
60206190204,4,,2019-01-31,4,650,1,3,0,2,1,2,405,0,0,0,1300,2,3,1,1,4,1,3,1,2,0,2,4,2,15,,5,47.0,07,3.0,0.0,0.0,0.0,1.0,53.0,400,3.0,1.0,1.0,"-597034,592","-1164042,419","-597034,592","-1164042,419","-597036,297","-1164037,68",Brno,HNÃVKOVSK…HO,,silnice3.t¯Ìdy,15278,725495.0,,Souhlasn˝sesmÏrem˙seku,Pomal˝,582786.0,31925.0,GN_V0.1UIR-ADR_410,1
60206190205,6,,2019-01-31,4,930,2,0,0,2,1,0,508,0,0,0,100,2,3,1,1,1,1,0,1,0,0,0,1,2,0,,5,13.0,06,1.0,0.0,0.0,0.0,1.0,5.0,0,9.0,,,"-597408,019","-1161545,471","-597408,019","-1161545,471","-597407,606","-1161544,614",BRNO,Cyrilsk·,,mÌstnÌkomunikace,,719914.0,,Souhlasn˝sesmÏrem˙seku,Pomal˝,582786.0,22373.0,GN_V0.1UIR-ADR_410,1
60206190206,8,,2019-01-31,4,830,2,0,0,2,1,0,508,0,0,0,300,2,3,1,1,1,1,0,0,3,3,0,1,2,0,,3,60.0,12,3.0,0.0,3.0,0.0,1.0,5.0,100,2.0,1.0,1.0,"-600260,048","-1162783,732","-600260,048","-1162783,732","-600262,213","-1162786,561",Brno,Kamenice,,mÌstnÌkomunikace,,3134645.0,,Souhlasn˝sesmÏrem˙seku,Pomal˝,582786.0,36218.0,GN_V0.1UIR-ADR_410,1
60206190207,4,,2019-01-31,4,1305,1,3,0,1,1,2,403,0,0,1,1250,2,3,1,1,1,1,3,1,3,3,0,5,2,19,,3,39.0,07,1.0,0.0,0.0,0.0,1.0,75.0,600,2.0,1.0,1.0,"-597178,047","-1158204,026","-597178,047","-1158204,026","-597176,467","-1158205,538",Brno,t¯ÌdaGener·laPÌky,,mÌstnÌkomunikace,,1607138.0,,Souhlasn˝sesmÏrem˙seku,Pomal˝,582786.0,37028.0,GN_V0.1UIR-ADR_410,1
60206190208,8,,2019-01-30,3,2130,2,0,0,2,1,0,508,0,0,0,150,2,6,1,1,4,1,0,0,0,0,10,1,2,0,,3,38.0,06,1.0,0.0,1.0,0.0,1.0,5.0,50,2.0,1.0,1.0,"-603422,366","-1159577,9","-603422,366","-1159577,9","-603422,239","-1159575,068",BRNO,Vo¯Ìökova,,mÌstnÌkomunikace,,2984680.0,,,Pomal˝,582786.0,34801.0,GN_V0.1UIR-ADR_410,1
60206190209,6,,2019-01-31,4,1700,3,0,9,2,1,2,508,0,0,0,150,2,3,1,1,2,1,1,1,0,0,0,1,1,0,,5,62.0,09,3.0,0.0,0.0,0.0,1.0,5.0,0,3.0,1.0,1.0,"-597319,242","-1162281,103","-597319,242","-1162281,103","-597334,135","-1162278,97",Brno,Dornych,,silnice1.t¯Ìdy,41,637296.0,,Souhlasn˝sesmÏrem˙seku,Pomal˝,582786.0,22811.0,GN_V0.1UIR-ADR_410,1
60206190210,8,,2019-01-31,4,1630,2,0,0,2,1,0,508,0,0,0,50,1,3,1,1,1,1,0,0,0,0,10,1,2,0,,3,48.0,16,3.0,0.0,1.0,0.0,1.0,5.0,0,9.0,,,"-593948,837","-1162594,731","-593948,837","-1162594,731","-593943,801","-1162592,366",BRNO,ÿÌpsk·,,mÌstnÌkomunikace,,1747335.0,,Souhlasn˝sesmÏrem˙seku,Pomal˝,582786.0,33022.0,GN_V0.1UIR-ADR_410,1
60206190211,5,,2019-01-31,4,1810,4,0,0,1,3,2,100,0,0,1,0,2,3,1,1,4,1,1,1,0,0,0,1,1,0,,3,39.0,06,1.0,0.0,1.0,0.0,1.0,3.0,0,2.0,1.0,1.0,"-601927,72","-1163761,292","-601927,72","-1163761,292","-601918,797","-1163755,962",Brno,Klob·sova,,mÌstnÌkomunikace,,3300793.0,,OpaËn˝kesmÏru˙seku,Pomal˝,582786.0,25666.0,GN_V0.1UIR-ADR_410,1
60206190212,5,,2019-01-31,4,1830,1,4,0,2,1,2,503,0,0,0,2150,2,3,1,1,4,1,5,1,0,0,0,1,2,0,,3,39.0,11,3.0,0.0,1.0,0.0,1.0,1.0,800,2.0,1.0,1.0,"-599211,003","-1164331,209","-599206,165","-1164296,802","-599205,238","-1164296,806",BRNO,VÕDE“SK¡,,silnice1.t¯Ìdy,52,1417008.0,,Souhlasn˝sesmÏrem˙seku,Pomal˝,582786.0,34584.0,GN_V0.1UIR-ADR_410,1