IDENTIFIKA»NÕ »ÕSLO,DRUH POZEMNÕ KOMUNIKACE,»ÕSLO POZEMNÕ KOMUNIKACE,"den, mÏsÌc, rok",,Ëas ,DRUH NEHODY,DRUH SR¡éKY JEDOUCÕCH VOZIDEL,DRUH PEVN… PÿEK¡éKY,CHARAKTER NEHODY,ZAVINÃNÕ NEHODY,ALKOHOL U VINÕKA NEHODY PÿÕTOMEN,HLAVNÕ PÿÕ»INY NEHODY,usmrceno osob,tÏûce zranÏno osob,lehce zranÏno osob,CELKOV¡ HMOTN¡ äKODA,DRUH POVRCHU VOZOVKY,STAV POVRCHU VOZOVKY V DOBÃ NEHODY,STAV KOMUNIKACE,POVÃTRNOSTNÕ PODMÕNKY V DOBÃ NEHODY,VIDITELNOST,ROZHLEDOV… POMÃRY,DÃLENÕ KOMUNIKACE,SITUOV¡NÕ NEHODY NA KOMUNIKACI,ÿÕZENÕ PROVOZU V DOBÃ NEHODY,MÕSTNÕ ⁄PRAVA PÿEDNOSTI V JÕZDÃ,SPECIFICK¡ MÕSTA A OBJEKTY V MÕSTÃ NEHODY,SMÃROV… POMÃRY,PO»ET Z⁄»ASTNÃN›CH VOZIDEL,MÕSTO DOPRAVNÕ NEHODY,DRUH KÿIéUJÕCÕ KOMUNIKACE,DRUH VOZIDLA,V›ROBNÕ ZNA»KA MOTOROV…HO VOZIDLA,ROK V›ROBY VOZIDLA,CHARAKTERISTIKA VOZIDLA ,SMYK,VOZIDLO PO NEHODÃ,"⁄NIK PROVOZNÕCH, PÿEPRAVOVAN›CH HMOT",ZPŸSOB VYPROäTÃNÕ OSOB Z VOZIDLA,SMÃR JÕZDY NEBO POSTAVENÕ VOZIDLA,äKODA NA VOZIDLE,KATEGORIE ÿIDI»E,STAV ÿIDI»E,VNÃJäÕ OVLIVNÃNÕ ÿIDI»E,nan.1,nan.2,nan.3,nan.4,nan.5,nan.6,nan.7,nan.8,nan.9,nan.10,nan.11,nan.12,nan.13,nan.14,nan.15,nan.16,nan.17,nan.18,LOKALITA NEHODY
60306190001,1,23.0,2019-01-02,3,352,9,0,0,2,1,2,205,0,0,0,500,2,5,1,5,7,1,1,1,0,0,0,3,1,0,,3,26.0,01,1.0,1.0,1.0,0.0,1.0,1.0,400,2.0,1.0,1.0,"-618091,905","-1159680,507","-618091,905","-1159680,507","-618093,033","-1159683,372",,,,silnice1.t¯Ìdy,23,1701226.0,,OpaËn˝kesmÏru˙seku,Pomal˝,584185.0,,GN_V0.1UIR-ADR_410,2
60306190002,2,379.0,2019-01-02,3,715,5,0,0,2,4,0,100,0,0,0,370,2,1,1,1,2,1,1,1,0,0,0,1,1,0,,3,2.0,16,3.0,0.0,1.0,0.0,1.0,1.0,300,2.0,1.0,1.0,"-603410,751","-1143884,986","-603410,751","-1143884,986","-603409,751","-1143886,944",,,,silnice2.t¯Ìdy,379,1608818.0,,OpaËn˝kesmÏru˙seku,Pomal˝,583341.0,,GN_V0.1UIR-ADR_410,2
60306190003,3,15258.0,2019-01-01,2,260,2,0,0,2,1,0,508,0,0,0,200,1,1,1,1,4,1,1,1,3,3,0,1,2,0,,17,,XX,,,,,,,0,,,,"-609993,15","-1173252,982","-610024,304","-1173244,925","-610028,202","-1173243,979",DolnÌKounice,n·m.MÌru,,silnice3.t¯Ìdy,15258,662661.0,,OpaËn˝kesmÏru˙seku,Pomal˝,582956.0,37940.0,GN_V0.1UIR-ADR_410,1
60306190004,1,23.0,2019-01-02,3,455,3,0,6,2,1,0,204,0,0,0,200,2,3,1,6,5,1,1,1,0,5,0,1,1,0,,3,39.0,04,1.0,1.0,3.0,0.0,1.0,1.0,0,2.0,1.0,1.0,"-621389,926","-1159685,975","-621389,926","-1159685,975","-621379,268","-1159680,137",VysokÈPopovice,,,silnice1.t¯Ìdy,23,1656368.0,,OpaËn˝kesmÏru˙seku,Pomal˝,584177.0,,GN_V0.1UIR-ADR_410,1
60306190005,2,383.0,2019-01-02,3,1638,5,0,0,2,4,0,100,0,0,0,360,2,3,1,1,2,1,1,1,0,0,0,1,1,0,,3,60.0,18,1.0,0.0,1.0,0.0,1.0,3.0,350,2.0,1.0,1.0,"-584508,084","-1157878,535","-584508,084","-1157878,535","-584507,918","-1157879,405",,,,silnice2.t¯Ìdy,383,1608989.0,,Souhlasn˝sesmÏrem˙seku,Pomal˝,583677.0,,GN_V0.1UIR-ADR_410,2
60306190006,1,23.0,2019-01-02,3,2220,3,0,4,2,1,2,204,0,0,0,550,2,6,1,5,7,1,3,1,3,3,0,1,1,0,,3,31.0,09,1.0,1.0,0.0,0.0,1.0,1.0,500,2.0,1.0,1.0,"-611683,425","-1159745,544","-611683,425","-1159745,544","-611680,878","-1159749,205",,,,silnice1.t¯Ìdy,23,1322563.0,,Souhlasn˝sesmÏrem˙seku,Pomal˝,583600.0,,GN_V0.1UIR-ADR_410,2
60306190007,3,3846.0,2019-01-03,4,1210,3,0,9,1,1,2,204,0,0,1,500,2,8,1,5,1,1,1,1,3,3,0,2,1,0,,3,47.0,09,1.0,1.0,0.0,1.0,1.0,3.0,500,3.0,1.0,1.0,"-603510,417","-1153611,582","-603510,417","-1153611,582","-603509,98","-1153611,677",,,,silnice3.t¯Ìdy,3846,1413701.0,,OpaËn˝kesmÏru˙seku,Pomal˝,583791.0,,GN_V0.1UIR-ADR_410,2
60306190008,3,37913.0,2019-01-03,4,1240,3,0,1,1,1,2,204,0,0,1,1010,2,5,1,6,1,1,1,1,0,0,0,3,1,0,,3,47.0,12,3.0,1.0,0.0,0.0,1.0,1.0,1000,2.0,1.0,1.0,"-604365,542","-1143185,711","-604365,542","-1143185,711","-604349,187","-1143197,106",,,,silnice3.t¯Ìdy,37913,2102078.0,,Souhlasn˝sesmÏrem˙seku,Pomal˝,582972.0,,GN_V0.1UIR-ADR_410,2
60306190009,8,,2019-01-01,2,2560,1,4,0,2,1,0,504,0,0,0,120,2,3,1,5,3,1,0,0,0,0,0,1,2,0,,3,5.0,11,1.0,0.0,0.0,0.0,1.0,5.0,20,2.0,1.0,1.0,"-599738,243","-1172389,567","-599738,243","-1172389,567","-599737,453","-1172393,717",Rajhrad,,,mÌstnÌkomunikace,,3304249.0,,OpaËn˝kesmÏru˙seku,Pomal˝,583758.0,,GN_V0.1UIR-ADR_410,1
60306190010,6,,2019-01-03,4,2105,3,0,8,2,1,2,205,0,0,0,250,2,6,1,1,6,1,1,0,0,0,0,3,1,0,,3,42.0,16,1.0,1.0,1.0,0.0,1.0,5.0,200,2.0,1.0,1.0,"-590641,828","-1164838,917","-590627,862","-1164834,62","-590627,9","-1164834,278",älapanice,BrnÏnsk·Pole,,mÌstnÌkomunikace,,1702282.0,,OpaËn˝kesmÏru˙seku,Pomal˝,583952.0,,GN_V0.1UIR-ADR_410,1
60306190011,6,,2019-01-04,5,900,1,2,0,2,1,2,410,0,0,0,1450,2,6,1,1,1,1,1,1,0,0,0,1,2,0,,3,7.0,11,3.0,0.0,0.0,0.0,1.0,5.0,1200,2.0,1.0,1.0,"-588377,948","-1155655,537","-588377,948","-1155655,537","-588386,338","-1155654,03",OchozuBrna,,,mÌstnÌkomunikace,,2976642.0,,Souhlasn˝sesmÏrem˙seku,Pomal˝,583537.0,,GN_V0.1UIR-ADR_410,1
60306190012,3,41617.0,2019-01-04,5,815,1,4,0,2,1,0,504,0,0,0,550,2,3,1,1,1,1,1,1,0,0,0,1,2,0,,3,4.0,04,1.0,0.0,0.0,0.0,1.0,1.0,50,3.0,1.0,1.0,"-597703,35","-1172327,661","-597703,35","-1172327,661","-597703,608","-1172329,538",Rajhradice,HlavnÌ,,silnice3.t¯Ìdy,41617,2969771.0,,OpaËn˝kesmÏru˙seku,Pomal˝,583766.0,692506.0,GN_V0.1UIR-ADR_410,1
60306190013,6,,2019-01-04,5,1245,1,3,0,2,1,2,403,0,0,0,2400,2,3,1,1,1,1,1,1,3,3,0,5,2,10,6.0,3,39.0,09,1.0,0.0,0.0,0.0,1.0,5.0,1100,2.0,1.0,1.0,"-596913,521","-1167193,061","-596925,338","-1167195,747","-596925,068","-1167195,787",Mod¯ice,Ud·lnice,,mÌstnÌkomunikace,,3135534.0,,Souhlasn˝sesmÏrem˙seku,Pomal˝,583391.0,39969.0,GN_V0.1UIR-ADR_410,1
60306190014,3,15254.0,2019-01-04,5,1535,1,2,0,2,1,2,410,0,0,0,1600,2,6,1,5,3,1,1,1,0,0,0,1,2,0,,3,13.0,08,1.0,0.0,0.0,0.0,1.0,3.0,400,2.0,1.0,1.0,"-617208,621","-1170016,747","-617204,324","-1170007,078","-617204,348","-1170006,934",IvanËice,NaHr·zi,,silnice3.t¯Ìdy,15254,783341.0,,OpaËn˝kesmÏru˙seku,Pomal˝,583120.0,758094.0,GN_V0.1UIR-ADR_410,1
60306190015,6,,2019-01-01,2,2560,2,0,0,2,1,0,508,0,0,0,300,2,6,1,5,5,1,1,2,0,0,10,1,2,0,,17,,XX,,,,,,,0,,,,"-613936,778","-1160330,107","-613936,778","-1160330,107","-613939,487","-1160328,967",Rosice,Tyröova,,mÌstnÌkomunikace,,3600346.0,,OpaËn˝kesmÏru˙seku,Pomal˝,583782.0,43648.0,GN_V0.1UIR-ADR_410,1
60306190016,2,379.0,2019-01-04,5,2135,3,0,2,1,1,2,204,0,0,1,600,2,8,1,1,4,1,1,1,0,0,0,2,1,0,,3,13.0,17,1.0,0.0,0.0,0.0,1.0,3.0,550,2.0,1.0,1.0,"-609636,244","-1142783,36","-609636,244","-1142783,36","-609638,272","-1142787,866",Tiönov,UHumpolky,,silnice2.t¯Ìdy,379,2973380.0,,OpaËn˝kesmÏru˙seku,Pomal˝,584002.0,46612.0,GN_V0.1UIR-ADR_410,1
60306190017,2,430.0,2019-01-05,6,150,3,0,3,2,1,2,204,0,0,0,300,2,5,1,5,7,1,1,1,0,0,0,1,1,0,,3,38.0,02,1.0,1.0,0.0,0.0,1.0,3.0,200,3.0,1.0,1.0,"-585969,786","-1163173,806","-585969,786","-1163173,806","-585969,618","-1163168,283",,,,silnice2.t¯Ìdy,430,846822.0,,OpaËn˝kesmÏru˙seku,Pomal˝,584037.0,,GN_V0.1UIR-ADR_410,2
60306190018,2,379.0,2019-01-05,6,1000,9,0,0,1,1,2,204,0,0,1,1100,2,8,1,3,3,1,1,1,0,0,0,3,1,0,,3,35.0,03,1.0,1.0,0.0,0.0,1.0,3.0,1100,2.0,1.0,1.0,"-610893,797","-1143357,005","-610893,797","-1143357,005","-610892,847","-1143363,385",,,,silnice2.t¯Ìdy,379,1414477.0,,Souhlasn˝sesmÏrem˙seku,Pomal˝,549746.0,,GN_V0.1UIR-ADR_410,2
60306190019,2,385.0,2019-01-05,6,1254,1,2,0,2,1,2,305,0,0,0,210,2,3,1,1,1,1,1,1,0,0,0,1,2,0,,3,12.0,18,3.0,0.0,1.0,0.0,1.0,1.0,10,2.0,1.0,1.0,"-618128,577","-1132459,481","-618128,577","-1132459,481","-618132,362","-1132460,441",,,,silnice2.t¯Ìdy,385,1365956.0,,OpaËn˝kesmÏru˙seku,Pomal˝,596710.0,,GN_V0.1UIR-ADR_410,2
60306190020,2,379.0,2019-01-07,1,650,1,1,0,2,7,0,609,0,0,0,500,2,3,1,1,4,1,1,1,0,0,6,1,2,0,,17,,XX,,,,,,,0,,,,"-609944,732","-1142992,147","-609957,094","-1143000,746","-609956,901","-1143000,943",Tiönov,»erven˝Ml˝n,,silnice2.t¯Ìdy,379,1414673.0,,Souhlasn˝sesmÏrem˙seku,Pomal˝,584002.0,45900.0,GN_V0.1UIR-ADR_410,1
60306190021,3,6021.0,2019-01-02,3,2160,9,0,0,2,1,0,204,0,0,0,1200,2,3,1,6,7,1,1,1,0,0,0,2,1,0,,3,2.0,13,3.0,1.0,1.0,0.0,1.0,1.0,1200,9.0,,,"-609708,984","-1159186,431","-609708,984","-1159186,431","-609703,135","-1159188,785",,,,silnice3.t¯Ìdy,6021,2974514.0,,OpaËn˝kesmÏru˙seku,Pomal˝,583600.0,,GN_V0.1UIR-ADR_410,2
60306190022,1,23.0,2019-01-07,1,1005,0,0,0,2,1,0,506,0,0,0,150,2,1,1,1,1,1,1,1,0,0,0,1,2,0,,7,48.0,08,3.0,0.0,0.0,0.0,1.0,3.0,0,3.0,1.0,1.0,"-620143,102","-1160303,452","-620143,102","-1160303,452","-620142,985","-1160305,263",,,,silnice1.t¯Ìdy,23,1701253.0,,Souhlasn˝sesmÏrem˙seku,Pomal˝,584185.0,,GN_V0.1UIR-ADR_410,2
60306190023,6,,2019-01-01,2,2560,3,0,2,2,1,0,508,0,0,0,350,2,1,1,1,1,1,1,1,3,3,0,5,1,10,6.0,17,,XX,,,,,,,0,,,,"-609567,22","-1142713,79","-609561,306","-1142703,575","-609561,224","-1142703,513",Tiönov,BrnÏnsk·,,mÌstnÌkomunikace,,1750219.0,,Souhlasn˝sesmÏrem˙seku,Pomal˝,584002.0,45870.0,GN_V0.1UIR-ADR_410,1
60306190024,3,41617.0,2019-01-08,2,710,4,0,0,1,1,2,412,0,0,1,0,2,8,1,5,2,1,1,1,3,5,1,1,1,0,,3,47.0,13,1.0,0.0,0.0,0.0,1.0,1.0,0,3.0,1.0,1.0,,,"-599690,469","-1172420,365","-599690,64","-1172421,553",Rajhrad,MÏsteËko,,silnice3.t¯Ìdy,41617,3296023.0,,OpaËn˝kesmÏru˙seku,Pomal˝,583758.0,42951.0,GN_V0.1UIR-ADR_410,1
60306190025,2,416.0,2019-01-08,2,715,1,1,0,1,1,2,204,0,0,1,2700,2,6,1,5,2,1,1,1,0,0,0,2,2,0,,3,39.0,06,1.0,1.0,0.0,0.0,1.0,1.0,1200,2.0,1.0,1.0,,,"-600030,318","-1180424,541","-600030,279","-1180424,675",,,,silnice2.t¯Ìdy,416,2730222.0,,Souhlasn˝sesmÏrem˙seku,Pomal˝,584231.0,,GN_V0.1UIR-ADR_410,2
60306190026,6,,2019-01-08,2,2560,3,0,9,2,1,0,204,0,0,0,400,2,8,1,5,3,1,1,1,0,0,0,1,1,0,,3,4.0,03,1.0,1.0,0.0,0.0,1.0,5.0,200,3.0,1.0,1.0,"-600872,168","-1166885,389","-600872,168","-1166885,389","-600869,664","-1166886,967",,,,mÌstnÌkomunikace,,1293975.0,,Souhlasn˝sesmÏrem˙seku,Pomal˝,583413.0,,GN_V0.1UIR-ADR_410,2
60306190027,2,374.0,2019-01-08,2,1310,3,0,4,2,1,2,204,0,0,0,110,2,6,1,6,3,1,1,1,0,0,0,1,1,0,,3,35.0,01,1.0,1.0,0.0,0.0,1.0,1.0,100,2.0,1.0,1.0,,,"-592449,711","-1151367,634","-592449,686","-1151367,624",,,,silnice2.t¯Ìdy,374,3248312.0,,Souhlasn˝sesmÏrem˙seku,Pomal˝,582794.0,,GN_V0.1UIR-ADR_410,2
60306190028,2,417.0,2019-01-09,3,620,1,1,0,1,1,2,204,0,0,2,1800,2,6,1,6,7,1,1,1,0,0,0,3,3,0,,3,47.0,04,1.0,1.0,1.0,0.0,1.0,1.0,200,3.0,1.0,1.0,"-590984,178","-1167312,525","-590984,178","-1167312,525","-590983,977","-1167311,905",,,,silnice2.t¯Ìdy,417,1324748.0,,OpaËn˝kesmÏru˙seku,Pomal˝,583219.0,,GN_V0.1UIR-ADR_410,2
60306190029,6,,2019-01-09,3,860,2,0,0,2,1,0,508,0,0,0,350,2,6,1,1,1,1,1,1,0,0,0,1,2,0,,17,,XX,,,,,,,0,,,,"-615562,356","-1144835,14","-615562,356","-1144835,14","-615564,52","-1144835,229",DeblÌn,,,mÌstnÌkomunikace,,1231949.0,,OpaËn˝kesmÏru˙seku,Pomal˝,582948.0,,GN_V0.1UIR-ADR_410,1
60306190030,2,152.0,2019-01-09,3,1020,1,2,0,2,1,2,402,0,0,0,2700,0,3,1,1,1,1,1,1,3,3,0,5,2,29,3.0,3,39.0,11,1.0,0.0,1.0,0.0,1.0,21.0,1200,3.0,1.0,1.0,,,"-597884,14","-1168321,784","-597884,076","-1168321,812",,,,silnice2.t¯Ìdy,152,3135689.0,,OpaËn˝kesmÏru˙seku,Pomal˝,583391.0,,GN_V0.1UIR-ADR_410,2
60306190031,3,15267.0,2019-01-08,2,2560,3,0,9,2,1,0,504,0,0,0,150,1,3,1,1,4,1,0,0,0,0,10,1,1,0,,17,,XX,,,,,,,0,,,,"-606165,683","-1164339,319","-606165,683","-1164339,319","-606138,881","-1164344,179",St¯elice,BrnÏnsk·,,silnice3.t¯Ìdy,15267,3304675.0,,OpaËn˝kesmÏru˙seku,Pomal˝,583910.0,44709.0,GN_V0.1UIR-ADR_410,1
60306190032,6,,2019-01-09,3,630,2,0,0,2,1,2,508,0,0,0,330,2,3,1,1,4,1,1,1,0,0,10,1,2,0,,3,39.0,07,1.0,0.0,0.0,0.0,1.0,5.0,30,9.0,,,"-609018,369","-1141730,445","-609018,369","-1141730,445","-609017,968","-1141730,89",Tiönov,MariePavlÌkovÈ,,mÌstnÌkomunikace,,1643369.0,,OpaËn˝kesmÏru˙seku,Pomal˝,584002.0,781622.0,GN_V0.1UIR-ADR_410,1
60306190033,3,38710.0,2019-01-10,4,555,3,0,1,1,1,2,204,0,0,1,500,2,6,1,1,6,1,1,1,0,0,0,3,1,0,,3,39.0,03,1.0,1.0,1.0,0.0,1.0,1.0,500,2.0,1.0,1.0,"-616097,065","-1130373,6","-616097,065","-1130373,6","-616095,278","-1130370,281",,,,silnice3.t¯Ìdy,38710,3371964.0,,Souhlasn˝sesmÏrem˙seku,Pomal˝,596175.0,,GN_V0.1UIR-ADR_410,2
60306190034,3,3846.0,2019-01-10,4,715,5,0,0,2,4,0,100,0,0,0,500,2,3,1,1,2,1,1,1,0,0,0,1,1,0,,3,39.0,12,1.0,0.0,1.0,0.0,1.0,1.0,400,2.0,1.0,1.0,"-603193,049","-1150048,395","-603193,049","-1150048,395","-603195,583","-1150048,909",,,,silnice3.t¯Ìdy,3846,2971848.0,,OpaËn˝kesmÏru˙seku,Pomal˝,583251.0,,GN_V0.1UIR-ADR_410,2
60306190035,2,383.0,2019-01-10,4,750,5,0,0,2,4,0,100,0,0,0,560,2,3,1,1,6,1,1,1,0,0,0,2,1,0,,3,39.0,10,8.0,0.0,0.0,0.0,1.0,1.0,500,2.0,1.0,1.0,"-590173,442","-1154415,079","-590173,442","-1154415,079","-590177,557","-1154412,54",,,,silnice2.t¯Ìdy,383,617040.0,,OpaËn˝kesmÏru˙seku,Pomal˝,583197.0,,GN_V0.1UIR-ADR_410,2
60306190036,6,,2019-01-10,4,850,3,0,3,2,1,2,508,0,0,0,120,2,3,1,1,1,1,1,1,0,0,0,1,1,0,,5,35.0,16,3.0,0.0,1.0,0.0,1.0,5.0,20,3.0,1.0,1.0,"-602148,64","-1147458,651","-602148,64","-1147458,651","-602149,082","-1147458,908",Ku¯im,Blanensk·,,mÌstnÌkomunikace,,3133197.0,,Souhlasn˝sesmÏrem˙seku,Pomal˝,583251.0,39209.0,GN_V0.1UIR-ADR_410,1
60306190037,6,,2019-01-10,4,2560,3,0,9,2,1,0,508,0,0,0,200,2,8,1,1,1,1,1,8,0,0,0,1,1,0,,17,,XX,,,,,,,0,,,,"-610928,321","-1146357,841","-610928,321","-1146357,841","-610928,117","-1146358,393",Heroltice,,,mÌstnÌkomunikace,,3571754.0,,Souhlasn˝sesmÏrem˙seku,Pomal˝,583014.0,,GN_V0.1UIR-ADR_410,1
60306190038,6,,2019-01-10,4,1010,1,1,0,2,1,2,405,0,0,0,2500,2,3,1,1,1,1,2,1,0,0,0,1,2,0,,3,35.0,16,3.0,0.0,1.0,0.0,1.0,5.0,2000,2.0,1.0,1.0,"-596885,719","-1167468,306","-596885,719","-1167468,306","-596889,403","-1167464,178",Mod¯ice,Ud·lnice,,mÌstnÌkomunikace,,3135609.0,,Souhlasn˝sesmÏrem˙seku,Pomal˝,583391.0,39969.0,GN_V0.1UIR-ADR_410,1
60306190039,8,,2019-01-01,2,2560,2,0,0,2,1,0,508,0,0,0,300,1,1,1,1,1,1,0,0,0,0,0,1,2,0,,17,,XX,,,,,,,0,,,,"-614293,549","-1160391,084","-614293,549","-1160391,084","-614294,253","-1160399,102",Rosice,PalackÈhon·m.,,mÌstnÌkomunikace,,3144137.0,,OpaËn˝kesmÏru˙seku,Pomal˝,583782.0,,GN_V0.1UIR-ADR_410,1
60306190040,6,,2019-01-11,5,1008,3,0,9,2,1,2,509,0,0,0,300,2,1,1,1,1,1,1,1,3,3,0,1,1,0,,3,8.0,18,1.0,0.0,1.0,0.0,1.0,5.0,200,2.0,1.0,1.0,"-599018,037","-1178777,645","-599018,037","-1178777,645","-599016,377","-1178776,934",éidlochovice,KomenskÈho,,mÌstnÌkomunikace,,670294.0,,Souhlasn˝sesmÏrem˙seku,Pomal˝,584282.0,48674.0,GN_V0.1UIR-ADR_410,1
60306190041,3,38522.0,2019-01-11,5,1645,5,0,0,2,4,0,100,0,0,0,300,2,3,1,1,2,1,1,1,0,0,0,1,1,0,,3,39.0,14,2.0,0.0,0.0,0.0,1.0,1.0,300,3.0,1.0,1.0,"-609311,359","-1144611,343","-609311,359","-1144611,343","-609302,927","-1144620,542",,,,silnice3.t¯Ìdy,38522,1321707.0,,Souhlasn˝sesmÏrem˙seku,Pomal˝,582891.0,,GN_V0.1UIR-ADR_410,2
60306190042,6,,2019-01-12,6,20,2,0,0,2,1,0,502,0,0,0,200,2,8,1,5,4,1,1,6,0,0,10,1,2,0,,17,,XX,,,,,,,0,,,,"-584882,518","-1160614,643","-584882,518","-1160614,643","-584878,223","-1160619,977",Pozo¯ice,NaMÏsteËku,,mÌstnÌkomunikace,,3136709.0,,OpaËn˝kesmÏru˙seku,Pomal˝,583677.0,42153.0,GN_V0.1UIR-ADR_410,1
60306190043,2,416.0,2019-01-12,6,1000,3,0,3,2,1,2,205,0,0,0,2010,2,3,1,4,3,1,1,1,0,0,0,3,1,0,,3,2.0,12,1.0,1.0,1.0,0.0,1.0,1.0,2000,2.0,1.0,1.0,"-595836,513","-1176933,084","-595859,63","-1176908,891","-595859,069","-1176909,764",,,,silnice2.t¯Ìdy,416,1609471.0,,OpaËn˝kesmÏru˙seku,Pomal˝,582859.0,,GN_V0.1UIR-ADR_410,2
60306190044,2,380.0,2019-01-12,6,1315,1,2,0,2,1,2,403,0,0,0,1600,2,3,1,1,1,1,1,1,3,3,0,5,2,19,3.0,3,25.0,18,3.0,0.0,0.0,0.0,1.0,21.0,1200,2.0,1.0,1.0,"-591268,309","-1171949,394","-591294,629","-1171963,36","-591294,64","-1171963,363",Telnice,Masarykovon·mÏstÌ,,silnice2.t¯Ìdy,380,660502.0,,Souhlasn˝sesmÏrem˙seku,Pomal˝,583979.0,45691.0,GN_V0.1UIR-ADR_410,1
60306190045,3,3941.0,2019-01-13,0,615,3,0,3,2,1,2,204,0,0,0,300,2,6,1,6,7,1,1,8,0,0,0,3,1,0,,5,7.0,12,3.0,1.0,0.0,0.0,1.0,1.0,200,3.0,1.0,1.0,"-595834,925","-1176934,037","-615145,687","-1160287,981","-615135,413","-1160275,783",,,,silnice3.t¯Ìdy,3941,3193556.0,,Souhlasn˝sesmÏrem˙seku,Pomal˝,583782.0,43745.0,GN_V0.1UIR-ADR_410,2
60306190046,8,,2019-01-13,0,2560,2,0,0,2,1,0,508,0,0,0,300,2,3,1,1,1,1,0,0,0,0,0,1,2,0,,17,,XX,,,,,,,0,,,,"-596934,577","-1167371,434","-596934,577","-1167371,434","-596934,44","-1167370,403",Mod¯ice,Ud·lnice,,mÌstnÌkomunikace,,2969897.0,,Souhlasn˝sesmÏrem˙seku,Pomal˝,583391.0,,GN_V0.1UIR-ADR_410,1
60306190047,1,23.0,2019-01-14,1,405,3,0,4,2,1,2,204,0,0,0,1000,2,5,1,6,7,1,1,1,3,3,0,2,1,0,,7,48.0,16,3.0,1.0,1.0,0.0,1.0,1.0,800,3.0,1.0,1.0,"-616857,666","-1159221,794","-616857,666","-1159221,794","-616857,312","-1159222,03",Zast·vka,Nov·osada,,silnice1.t¯Ìdy,23,1325236.0,,OpaËn˝kesmÏru˙seku,Pomal˝,584207.0,,GN_V0.1UIR-ADR_410,1
60306190048,3,39521.0,2019-01-14,1,535,9,0,0,1,1,2,204,0,0,1,500,2,6,1,6,6,1,1,1,0,0,0,3,1,0,,3,47.0,02,1.0,1.0,0.0,0.0,1.0,3.0,500,2.0,1.0,1.0,"-606541,404","-1177022,169","-606541,404","-1177022,169","-606544,2","-1177022,898",,,,silnice3.t¯Ìdy,39521,668040.0,,OpaËn˝kesmÏru˙seku,Pomal˝,583367.0,,GN_V0.1UIR-ADR_410,2
60306190049,8,,2019-01-14,1,2560,2,0,0,2,1,0,502,0,0,0,150,1,1,1,1,1,1,1,1,0,0,0,1,2,0,,17,,XX,,,,,,,0,,,,"-616039,502","-1169331,488","-616039,502","-1169331,488","-616039,246","-1169319,215",IvanËice,Ml˝nsk·,,mÌstnÌkomunikace,,1645248.0,,Souhlasn˝sesmÏrem˙seku,Pomal˝,583120.0,38644.0,GN_V0.1UIR-ADR_410,1
60306190050,8,,2019-01-14,1,2560,2,0,0,2,1,0,504,0,0,0,70,1,1,1,1,1,1,0,0,0,0,10,1,2,0,,17,,XX,,,,,,,0,,,,"-614198,781","-1160475,57","-614198,781","-1160475,57","-614199,303","-1160475,419",Rosice,KomenskÈhon·mÏstÌ,,mÌstnÌkomunikace,,1746090.0,,OpaËn˝kesmÏru˙seku,Pomal˝,583782.0,43338.0,GN_V0.1UIR-ADR_410,1
60306190051,1,23.0,2019-01-14,1,1550,1,4,0,1,1,2,201,0,0,1,900,2,1,1,1,1,1,1,1,3,3,1,5,2,11,6.0,3,47.0,03,1.0,0.0,0.0,1.0,1.0,12.0,200,2.0,1.0,1.0,"-614603,047","-1160108,408","-614603,047","-1160108,408","-614603,098","-1160107,674",Rosice,NaM˝tÏ,,silnice1.t¯Ìdy,23,2969272.0,,Souhlasn˝sesmÏrem˙seku,Pomal˝,583782.0,43419.0,GN_V0.1UIR-ADR_410,1
60306190052,2,416.0,2019-01-14,1,1525,1,1,0,1,1,8,205,0,1,0,2500,2,1,1,1,1,1,1,1,0,0,0,2,2,0,,5,31.0,06,1.0,0.0,1.0,0.0,2.0,1.0,500,2.0,1.0,1.0,"-595593,637","-1176457,072","-595593,637","-1176457,072","-595589,31","-1176458,658",,,,silnice2.t¯Ìdy,416,667029.0,,OpaËn˝kesmÏru˙seku,Pomal˝,582859.0,,GN_V0.1UIR-ADR_410,2
60306190053,6,,2019-01-11,5,717,9,0,0,2,1,0,508,0,0,0,900,2,3,1,1,1,1,0,1,0,0,9,1,1,0,,7,40.0,,9.0,0.0,0.0,0.0,1.0,5.0,100,9.0,,,"-598578,714","-1168652,054","-598578,714","-1168652,054","-598575,275","-1168647,461",,,,mÌstnÌkomunikace,,1292259.0,,Souhlasn˝sesmÏrem˙seku,Pomal˝,583391.0,,GN_V0.1UIR-ADR_410,2
60306190054,6,,2019-01-15,2,840,1,4,0,1,1,2,504,0,0,1,150,1,5,1,1,1,1,1,1,3,5,0,1,2,0,,5,26.0,07,0.0,0.0,0.0,0.0,1.0,5.0,50,3.0,1.0,1.0,"-613411,36","-1160115,952","-613411,36","-1160115,952","-613411,327","-1160115,472",Rosice,Malackova,,mÌstnÌkomunikace,,1943499.0,,Souhlasn˝sesmÏrem˙seku,Pomal˝,583782.0,812943.0,GN_V0.1UIR-ADR_410,1