IDENTIFIKA»NÕ »ÕSLO,DRUH POZEMNÕ KOMUNIKACE,»ÕSLO POZEMNÕ KOMUNIKACE,"den, mÏsÌc, rok",,Ëas ,DRUH NEHODY,DRUH SR¡éKY JEDOUCÕCH VOZIDEL,DRUH PEVN… PÿEK¡éKY,CHARAKTER NEHODY,ZAVINÃNÕ NEHODY,ALKOHOL U VINÕKA NEHODY PÿÕTOMEN,HLAVNÕ PÿÕ»INY NEHODY,usmrceno osob,tÏûce zranÏno osob,lehce zranÏno osob,CELKOV¡ HMOTN¡ äKODA,DRUH POVRCHU VOZOVKY,STAV POVRCHU VOZOVKY V DOBÃ NEHODY,STAV KOMUNIKACE,POVÃTRNOSTNÕ PODMÕNKY V DOBÃ NEHODY,VIDITELNOST,ROZHLEDOV… POMÃRY,DÃLENÕ KOMUNIKACE,SITUOV¡NÕ NEHODY NA KOMUNIKACI,ÿÕZENÕ PROVOZU V DOBÃ NEHODY,MÕSTNÕ ⁄PRAVA PÿEDNOSTI V JÕZDÃ,SPECIFICK¡ MÕSTA A OBJEKTY V MÕSTÃ NEHODY,SMÃROV… POMÃRY,PO»ET Z⁄»ASTNÃN›CH VOZIDEL,MÕSTO DOPRAVNÕ NEHODY,DRUH KÿIéUJÕCÕ KOMUNIKACE,DRUH VOZIDLA,V›ROBNÕ ZNA»KA MOTOROV…HO VOZIDLA,ROK V›ROBY VOZIDLA,CHARAKTERISTIKA VOZIDLA ,SMYK,VOZIDLO PO NEHODÃ,"⁄NIK PROVOZNÕCH, PÿEPRAVOVAN›CH HMOT",ZPŸSOB VYPROäTÃNÕ OSOB Z VOZIDLA,SMÃR JÕZDY NEBO POSTAVENÕ VOZIDLA,äKODA NA VOZIDLE,KATEGORIE ÿIDI»E,STAV ÿIDI»E,VNÃJäÕ OVLIVNÃNÕ ÿIDI»E,nan.1,nan.2,nan.3,nan.4,nan.5,nan.6,nan.7,nan.8,nan.9,nan.10,nan.11,nan.12,nan.13,nan.14,nan.15,nan.16,nan.17,nan.18,LOKALITA NEHODY
60306190055,8,,2019-01-15,2,1105,2,0,0,2,1,2,506,0,0,0,160,6,3,1,1,1,1,0,0,0,0,0,1,2,0,,5,13.0,95,2.0,1.0,3.0,0.0,1.0,5.0,10,3.0,1.0,1.0,"-599688,872","-1172543,678","-599672,21","-1172532,929","-599672,271","-1172533,734",Rajhrad,Masarykova,,mÌstnÌkomunikace,,1780109.0,,OpaËn˝kesmÏru˙seku,Pomal˝,583758.0,,GN_V0.1UIR-ADR_410,1
60306190056,2,385.0,2019-01-16,3,700,1,4,0,2,1,0,403,0,0,0,400,2,3,1,3,7,1,1,1,3,3,0,4,2,19,3.0,17,,XX,,,,,,,0,,,,"-607481,207","-1145246,205","-607484,971","-1145285,45","-607484,864","-1145285,244",,,,silnice2.t¯Ìdy,385,1047934.0,,Souhlasn˝sesmÏrem˙seku,Pomal˝,583847.0,,GN_V0.1UIR-ADR_410,2
60306190057,6,,2019-01-16,3,645,3,0,2,2,1,2,508,0,0,0,160,2,3,1,1,4,1,1,3,0,0,0,1,1,0,,7,26.0,07,1.0,0.0,0.0,0.0,1.0,5.0,0,3.0,1.0,1.0,"-609802,386","-1142391,955","-609803,999","-1142399,48","-609803,185","-1142398,049",Tiönov,Ml˝nsk·,,mÌstnÌkomunikace,,1414628.0,,Souhlasn˝sesmÏrem˙seku,Pomal˝,584002.0,46281.0,GN_V0.1UIR-ADR_410,1
60306190058,6,,2019-01-17,4,1435,0,0,0,2,1,2,506,0,0,0,500,1,1,9,1,1,1,0,0,0,0,9,3,1,0,,3,2.0,17,1.0,0.0,0.0,0.0,1.0,5.0,500,3.0,1.0,1.0,"-599841,168","-1171731,781","-599841,168","-1171731,781","-599841,159","-1171731,646",Rajhrad,,,mÌstnÌkomunikace,,660040.0,,OpaËn˝kesmÏru˙seku,Pomal˝,583758.0,,GN_V0.1UIR-ADR_410,1
60306190059,3,3946.0,2019-01-18,5,625,5,0,0,2,4,0,100,0,0,0,150,2,1,1,1,6,1,1,1,3,5,0,2,1,0,,3,32.0,15,3.0,0.0,0.0,0.0,1.0,3.0,100,2.0,1.0,1.0,"-607372,235","-1162493,336","-607372,235","-1162493,336","-607371,766","-1162491,419",,,,silnice3.t¯Ìdy,3946,1701354.0,,Souhlasn˝sesmÏrem˙seku,Pomal˝,584029.0,,GN_V0.1UIR-ADR_410,2
60306190060,2,418.0,2019-01-18,5,800,1,2,0,2,1,2,306,0,0,0,1250,2,1,1,1,1,1,1,1,3,3,2,4,2,19,2.0,3,31.0,17,1.0,0.0,0.0,0.0,1.0,13.0,1100,2.0,1.0,1.0,"-588489,73","-1171891,374","-588489,73","-1171891,374","-588489,391","-1171890,355",⁄jezduBrna,N·draûnÌ,,silnice2.t¯Ìdy,418,3268473.0,,Souhlasn˝sesmÏrem˙seku,Pomal˝,584045.0,47058.0,GN_V0.1UIR-ADR_410,1
60306190061,6,,2019-01-18,5,730,4,0,0,1,1,2,502,0,0,1,250,2,1,1,1,2,1,0,1,3,5,0,2,1,0,,3,39.0,17,3.0,0.0,0.0,0.0,1.0,5.0,250,2.0,1.0,1.0,"-613925,86","-1160672,478","-613925,86","-1160672,478","-613940,738","-1160663,05",Rosice,⁄voz,,mÌstnÌkomunikace,,633299.0,,Souhlasn˝sesmÏrem˙seku,Pomal˝,583782.0,43664.0,GN_V0.1UIR-ADR_410,1
60306190062,6,,2019-01-18,5,730,2,0,0,2,1,0,511,0,0,0,100,2,1,1,1,2,1,1,3,3,5,0,1,2,0,,17,,XX,,,,,,,0,,,,"-602423,13","-1147519,532","-602423,13","-1147519,532","-602425,63","-1147517,773",Ku¯im,Jungmannova,,mÌstnÌkomunikace,,601946.0,,OpaËn˝kesmÏru˙seku,Pomal˝,583251.0,39322.0,GN_V0.1UIR-ADR_410,1
60306190063,3,15279.0,2019-01-18,5,1055,1,3,0,2,1,2,403,0,0,0,2500,2,1,1,1,1,1,1,1,3,3,0,5,2,29,6.0,3,48.0,05,1.0,0.0,0.0,0.0,1.0,21.0,500,2.0,1.0,1.0,"-597253,825","-1167745,958","-597253,825","-1167745,958","-597254,946","-1167744,368",Mod¯ice,Chrlick·,,silnice3.t¯Ìdy,15279,1887654.0,,Souhlasn˝sesmÏrem˙seku,Pomal˝,583391.0,39829.0,GN_V0.1UIR-ADR_410,1
60306190064,2,152.0,2019-01-01,2,2560,0,0,0,1,1,0,507,0,0,1,0,2,1,1,1,4,1,1,1,0,0,0,1,1,0,,8,99.0,,5.0,0.0,1.0,0.0,1.0,1.0,0,9.0,,,,,"-598869,161","-1168550,721","-598869,158","-1168551,634",,,,silnice2.t¯Ìdy,152,3135684.0,,OpaËn˝kesmÏru˙seku,Pomal˝,583391.0,39861.0,GN_V0.1UIR-ADR_410,2
60306190065,2,386.0,2019-01-18,5,1930,2,0,0,2,1,9,506,0,0,0,1350,2,1,1,1,4,1,1,1,0,0,0,1,3,0,,3,39.0,12,3.0,0.0,1.0,0.0,1.0,1.0,1000,2.0,5.0,1.0,"-602322,508","-1147714,763","-602322,508","-1147714,763","-602325,877","-1147712,786",Ku¯im,Legion·¯sk·,,silnice2.t¯Ìdy,386,2973669.0,,OpaËn˝kesmÏru˙seku,Pomal˝,583251.0,39403.0,GN_V0.1UIR-ADR_410,1
60306190066,2,385.0,2019-01-18,5,2130,5,0,0,2,4,0,100,0,0,0,920,2,1,1,1,6,1,1,1,0,0,0,1,2,0,,3,47.0,15,2.0,0.0,0.0,0.0,1.0,1.0,800,2.0,1.0,1.0,"-617314,937","-1134293,878","-617314,937","-1134293,878","-617321,35","-1134303,258",,,,silnice2.t¯Ìdy,385,3193568.0,,OpaËn˝kesmÏru˙seku,Pomal˝,596302.0,,GN_V0.1UIR-ADR_410,2
60306190067,2,395.0,2019-01-18,5,2315,3,0,6,1,1,9,205,0,0,1,500,2,1,1,1,6,1,1,1,0,0,0,3,1,0,,3,27.0,00,2.0,0.0,0.0,0.0,1.0,3.0,500,2.0,5.0,1.0,,,"-616455,543","-1160829,358","-616456,848","-1160829,614",,,,silnice2.t¯Ìdy,395,1701272.0,,OpaËn˝kesmÏru˙seku,Pomal˝,582808.0,,GN_V0.1UIR-ADR_410,2
60306190068,3,3938.0,2019-01-19,6,823,1,1,0,1,1,2,508,0,0,1,510,2,1,1,1,1,1,1,1,0,0,0,1,2,0,,3,12.0,07,1.0,0.0,1.0,0.0,1.0,1.0,200,2.0,2.0,1.0,"-617324,35","-1169900,012","-617324,35","-1169900,012","-617324,076","-1169898,547",IvanËice,UKapliËky,,silnice3.t¯Ìdy,3938,3359104.0,,OpaËn˝kesmÏru˙seku,Pomal˝,583120.0,754846.0,GN_V0.1UIR-ADR_410,1
60306190069,2,385.0,2019-01-19,6,920,1,2,0,2,1,2,508,0,0,0,330,2,1,1,1,1,1,1,1,0,0,0,1,2,0,,3,39.0,10,1.0,0.0,0.0,0.0,1.0,1.0,100,2.0,1.0,2.0,"-617260,822","-1134339,338","-617260,822","-1134339,338","-617262,577","-1134342,221",,,,silnice2.t¯Ìdy,385,3193568.0,,OpaËn˝kesmÏru˙seku,Pomal˝,596302.0,,GN_V0.1UIR-ADR_410,2
60306190070,3,3865.0,2019-01-19,6,2560,3,0,9,2,1,0,205,0,0,0,1250,2,1,1,1,6,1,1,1,0,0,0,3,1,0,,3,46.0,18,1.0,0.0,4.0,0.0,1.0,1.0,1100,9.0,,,"-611092,251","-1150385,9","-611092,251","-1150385,9","-611090,388","-1150379,431",,,,silnice3.t¯Ìdy,3865,1700555.0,,Souhlasn˝sesmÏrem˙seku,Pomal˝,584100.0,,GN_V0.1UIR-ADR_410,2
60306190071,6,,2019-01-20,0,1420,3,0,9,2,1,2,508,0,0,0,360,2,1,1,1,1,1,0,0,0,0,0,3,1,0,,3,39.0,16,3.0,0.0,1.0,0.0,1.0,5.0,350,2.0,1.0,1.0,"-587920,523","-1175143,773","-587920,523","-1175143,773","-587921,958","-1175142,512",,,,mÌstnÌkomunikace,,3383784.0,,,Pomal˝,584240.0,,GN_V0.1UIR-ADR_410,2
60306190072,1,52.0,2019-01-20,0,1455,3,0,4,2,1,2,511,0,0,0,550,2,1,1,1,1,1,3,3,0,0,0,3,1,0,,3,39.0,05,1.0,1.0,0.0,0.0,1.0,3.0,500,2.0,1.0,1.0,"-599493,727","-1170605,041","-599505,007","-1170592,149","-599504,741","-1170592,262",,,,silnice1.t¯Ìdy,52,1293181.0,,Souhlasn˝sesmÏrem˙seku,Pomal˝,583391.0,,GN_V0.1UIR-ADR_410,2
60306190073,2,394.0,2019-01-20,0,1625,5,0,0,2,4,0,100,0,0,0,200,2,1,5,1,1,1,1,1,0,0,0,1,1,0,,3,32.0,12,1.0,0.0,0.0,0.0,1.0,1.0,200,3.0,1.0,1.0,"-612346,574","-1160437,248","-612346,574","-1160437,248","-612346,069","-1160437,395",,,,silnice2.t¯Ìdy,394,1292775.0,,Souhlasn˝sesmÏrem˙seku,Pomal˝,583782.0,,GN_V0.1UIR-ADR_410,2
60306190074,2,379.0,2019-01-21,1,217,5,0,0,2,4,0,100,0,0,0,900,2,1,1,1,6,1,1,1,0,0,0,1,1,0,,3,39.0,11,1.0,0.0,1.0,0.0,1.0,3.0,800,2.0,1.0,1.0,"-607290,408","-1143843,644","-607290,408","-1143843,644","-607291,277","-1143846,075",,,,silnice2.t¯Ìdy,379,2101505.0,,OpaËn˝kesmÏru˙seku,Pomal˝,582972.0,,GN_V0.1UIR-ADR_410,2
60306190075,6,,2019-01-21,1,620,3,0,3,2,1,2,501,0,0,0,150,2,1,1,1,6,1,1,1,3,3,0,1,1,0,,3,13.0,10,1.0,0.0,1.0,0.0,1.0,5.0,100,2.0,1.0,1.0,"-610789,733","-1141860,941","-610765,54","-1141836,748","-610765,492","-1141835,929",P¯edkl·öte¯Ì,PalackÈho,,mÌstnÌkomunikace,,2510809.0,,,Pomal˝,549746.0,,GN_V0.1UIR-ADR_410,1
60306190076,2,385.0,2019-01-21,1,930,1,3,0,1,1,2,403,0,0,3,3500,2,1,1,1,1,1,1,1,3,3,0,4,2,11,6.0,3,31.0,16,1.0,0.0,0.0,0.0,1.0,41.0,1000,3.0,1.0,2.0,"-605631,84","-1146790,737","-605631,84","-1146790,737","-605631,658","-1146790,293",,,,silnice2.t¯Ìdy,385,1067627.0,,Souhlasn˝sesmÏrem˙seku,Pomal˝,582913.0,,GN_V0.1UIR-ADR_410,2
60306190077,2,394.0,2019-01-21,1,1010,1,2,0,2,1,2,516,0,0,0,850,2,1,1,1,1,1,1,1,0,0,0,3,2,0,,3,13.0,03,1.0,0.0,1.0,0.0,1.0,1.0,150,2.0,1.0,1.0,"-614834,833","-1165618,794","-614834,833","-1165618,794","-614835,411","-1165618,29",,,,silnice2.t¯Ìdy,394,1656601.0,,OpaËn˝kesmÏru˙seku,Pomal˝,583481.0,,GN_V0.1UIR-ADR_410,2
60306190078,6,,2019-01-21,1,2560,2,0,0,2,1,0,508,0,0,0,100,2,1,1,1,1,1,1,0,3,3,10,1,2,0,,17,,XX,,,,,,,0,,,,"-614412,946","-1159940,096","-614412,946","-1159940,096","-614419,359","-1159948,713",Rosice,Kaötanov·,,mÌstnÌkomunikace,,845928.0,,Souhlasn˝sesmÏrem˙seku,Pomal˝,583782.0,737933.0,GN_V0.1UIR-ADR_410,1
60306190079,2,377.0,2019-01-01,2,2560,2,0,0,2,1,0,504,0,0,0,100,2,1,1,1,4,1,0,1,0,0,0,1,2,0,,3,47.0,06,1.0,0.0,0.0,0.0,1.0,1.0,0,2.0,1.0,1.0,"-609206,869","-1142348,93","-609206,869","-1142348,93","-609203,722","-1142355,023",Tiönov,»ernohorsk·,,silnice2.t¯Ìdy,377,591429.0,,OpaËn˝kesmÏru˙seku,Pomal˝,584002.0,45896.0,GN_V0.1UIR-ADR_410,1
60306190080,2,418.0,2019-01-21,1,2210,5,0,0,2,4,0,100,0,0,0,110,2,1,1,1,6,1,1,1,0,0,0,1,1,0,,3,39.0,06,1.0,0.0,0.0,0.0,1.0,3.0,100,2.0,1.0,1.0,"-591697,404","-1170514,113","-591697,404","-1170514,113","-591697,792","-1170519,56",,,,silnice2.t¯Ìdy,418,1701751.0,,OpaËn˝kesmÏru˙seku,Pomal˝,583898.0,44296.0,GN_V0.1UIR-ADR_410,2
60306190081,2,385.0,2019-01-22,2,525,1,3,0,1,1,8,501,0,0,1,800,2,1,1,1,4,1,1,1,3,3,1,5,2,19,6.0,3,32.0,00,1.0,0.0,0.0,0.0,1.0,13.0,100,2.0,5.0,1.0,,,"-610762,717","-1141835,967","-610762,737","-1141835,979",P¯edkl·öte¯Ì,PalackÈho,,silnice2.t¯Ìdy,385,2510807.0,,OpaËn˝kesmÏru˙seku,Pomal˝,549746.0,42471.0,GN_V0.1UIR-ADR_410,1
60306190082,3,15275.0,2019-01-22,2,630,1,2,0,2,1,0,501,0,0,0,50,2,1,1,1,6,1,1,1,0,0,0,1,2,0,,17,,XX,,,,,,,0,,,,"-601193,22","-1165762,242","-601193,22","-1165762,242","-601193,805","-1165763,309",Moravany,HlavnÌ,,silnice3.t¯Ìdy,15275,647476.0,,OpaËn˝kesmÏru˙seku,Pomal˝,583413.0,40100.0,GN_V0.1UIR-ADR_410,1
60306190083,6,,2019-01-23,3,2560,2,0,0,2,1,0,511,0,0,0,1200,2,1,1,1,1,1,1,1,0,0,0,1,3,0,,17,,XX,,,,,,,0,,,,"-598557,831","-1168332,388","-598557,831","-1168332,388","-598559,357","-1168331,155",Mod¯ice,HavlÌËkova,,mÌstnÌkomunikace,,654381.0,,OpaËn˝kesmÏru˙seku,Pomal˝,583391.0,39861.0,GN_V0.1UIR-ADR_410,1
60306190084,8,,2019-01-23,3,1330,3,0,9,2,1,2,504,0,0,0,2510,6,1,1,1,1,1,0,0,0,0,0,1,1,0,,3,99.0,17,1.0,0.0,1.0,0.0,1.0,5.0,2500,3.0,1.0,1.0,"-600415,176","-1149519,786","-600415,176","-1149519,786","-600416,139","-1149517,365",,,,mÌstnÌkomunikace,,2973986.0,,Souhlasn˝sesmÏrem˙seku,Pomal˝,583251.0,,GN_V0.1UIR-ADR_410,2
60306190085,3,15265.0,2019-01-23,3,1530,1,2,0,2,1,0,501,0,0,0,150,2,5,1,6,3,1,1,1,3,3,0,3,2,0,,17,,XX,,,,,,,0,,,,"-605385,091","-1168918,727","-605385,091","-1168918,727","-605388,176","-1168910,121",O¯echov,O¯echoviËsk·,,silnice3.t¯Ìdy,15265,1746543.0,,Souhlasn˝sesmÏrem˙seku,Pomal˝,583561.0,41017.0,GN_V0.1UIR-ADR_410,1
60306190086,2,386.0,2019-01-23,3,1735,1,2,0,2,1,2,405,0,0,0,4050,2,3,1,1,6,1,1,1,3,3,0,5,3,19,2.0,3,39.0,16,3.0,0.0,0.0,0.0,1.0,23.0,1800,2.0,1.0,1.0,"-612138,318","-1156756,241","-612127,03","-1156748,715","-612126,204","-1156749,181",,,,silnice2.t¯Ìdy,386,622863.0,,OpaËn˝kesmÏru˙seku,Pomal˝,583839.0,,GN_V0.1UIR-ADR_410,2
60306190087,3,3846.0,2019-01-23,3,1817,9,0,0,1,1,2,204,0,0,2,600,2,6,1,6,7,1,1,8,0,0,0,2,1,0,,3,35.0,00,1.0,0.0,1.0,0.0,1.0,3.0,600,2.0,1.0,1.0,"-603094,831","-1149186,201","-603094,831","-1149186,201","-603092,106","-1149186,656",,,,silnice3.t¯Ìdy,3846,3194143.0,,Souhlasn˝sesmÏrem˙seku,Pomal˝,583251.0,39381.0,GN_V0.1UIR-ADR_410,2
60306190088,8,,2019-01-22,2,2560,2,0,0,2,1,0,508,0,0,0,150,2,3,1,1,1,1,0,0,3,3,0,1,2,0,,17,,XX,,,,,,,0,,,,"-596905,967","-1167292,529","-596905,967","-1167292,529","-596906,221","-1167294,459",Mod¯ice,ul.UD·lnice,,mÌstnÌkomunikace,,3145031.0,,OpaËn˝kesmÏru˙seku,Pomal˝,583391.0,,GN_V0.1UIR-ADR_410,1
60306190089,1,23.0,2019-01-24,4,725,4,0,0,2,3,0,100,0,0,0,5,2,3,1,6,2,1,1,1,0,0,2,1,1,0,,5,26.0,11,3.0,0.0,0.0,0.0,1.0,1.0,0,3.0,1.0,1.0,"-616106,666","-1159484,784","-616106,666","-1159484,784","-616105,842","-1159484,069",Zast·vka,1.m·je,,silnice1.t¯Ìdy,23,630148.0,,Souhlasn˝sesmÏrem˙seku,Pomal˝,584207.0,47899.0,GN_V0.1UIR-ADR_410,1
60306190090,2,385.0,2019-01-24,4,725,3,0,3,2,1,2,204,0,0,0,850,2,6,1,1,2,1,1,3,0,0,0,2,1,0,,3,13.0,08,1.0,1.0,0.0,0.0,1.0,1.0,800,2.0,1.0,1.0,"-612802,452","-1140033,208","-612773,982","-1140035,357","-612773,408","-1140035,148",,,,silnice2.t¯Ìdy,385,3136144.0,,Souhlasn˝sesmÏrem˙seku,Pomal˝,595527.0,,GN_V0.1UIR-ADR_410,2
60306190091,3,39528.0,2019-01-24,4,1330,5,0,0,2,4,0,100,0,0,0,250,2,1,1,1,1,1,1,1,0,0,0,1,1,0,,5,10.0,01,3.0,0.0,0.0,0.0,1.0,3.0,200,4.0,1.0,1.0,"-604814,619","-1175743,625","-604814,619","-1175743,625","-604808,521","-1175737,146",,,,silnice3.t¯Ìdy,39528,1053718.0,,Souhlasn˝sesmÏrem˙seku,Pomal˝,582883.0,,GN_V0.1UIR-ADR_410,2
60306190092,8,,2019-01-24,4,1825,2,0,0,2,1,0,504,0,0,0,150,2,1,1,1,4,1,0,1,0,0,10,1,2,0,,3,13.0,04,1.0,0.0,0.0,0.0,1.0,5.0,0,9.0,,,"-596931,18","-1167440,702","-596931,18","-1167440,702","-596930,314","-1167434,714",Mod¯ice,UD·lnice777,,mÌstnÌkomunikace,,3145018.0,,Souhlasn˝sesmÏrem˙seku,Pomal˝,583391.0,,GN_V0.1UIR-ADR_410,1
60306190093,8,,2019-01-25,5,1260,2,0,0,2,1,0,508,0,0,0,250,2,1,1,1,1,1,0,0,0,0,0,1,2,0,,17,,XX,,,,,,,0,,,,"-596898,919","-1167215,551","-596898,919","-1167215,551","-596898,694","-1167213,811",Mod¯ice,,,mÌstnÌkomunikace,,3144952.0,,OpaËn˝kesmÏru˙seku,Pomal˝,583391.0,,GN_V0.1UIR-ADR_410,1
60306190094,6,,2019-01-25,5,1305,1,2,0,2,1,2,411,0,0,0,1700,2,1,1,1,1,1,2,1,0,0,0,1,2,0,,3,39.0,16,3.0,0.0,0.0,0.0,1.0,5.0,1100,2.0,1.0,1.0,"-596875,051","-1167250,113","-596874,428","-1167249,997","-596874,512","-1167250,019",Mod¯ice,Ud·lnice,,mÌstnÌkomunikace,,3135642.0,,Souhlasn˝sesmÏrem˙seku,Pomal˝,583391.0,39969.0,GN_V0.1UIR-ADR_410,1
60306190095,3,4176.0,2019-01-25,5,1420,1,3,0,2,1,2,403,0,0,0,1700,2,1,1,1,1,1,1,1,3,3,0,4,2,19,3.0,3,39.0,11,1.0,0.0,0.0,1.0,1.0,21.0,1500,2.0,1.0,1.0,"-589840,704","-1171170,074","-589840,704","-1171170,074","-589841,218","-1171169,709",,,,silnice3.t¯Ìdy,4176,3304268.0,,Souhlasn˝sesmÏrem˙seku,Pomal˝,584045.0,47040.0,GN_V0.1UIR-ADR_410,2
60306190096,6,,2019-01-25,5,2560,3,0,9,2,1,9,508,0,0,0,200,1,1,1,1,4,1,0,1,3,3,0,1,1,0,,3,39.0,10,1.0,0.0,1.0,0.0,1.0,5.0,200,2.0,5.0,1.0,"-616590,065","-1168578,381","-616590,065","-1168578,381","-616582,221","-1168583,61",IvanËice,Na⁄voze,,mÌstnÌkomunikace,,1645235.0,,,Pomal˝,583120.0,,GN_V0.1UIR-ADR_410,1
60306190097,3,4174.0,2019-01-26,6,1610,7,2,0,1,1,2,401,0,0,2,4000,2,3,1,1,1,1,1,1,2,0,4,1,2,0,,3,39.0,17,1.0,0.0,0.0,1.0,1.0,1.0,1500,2.0,1.0,1.0,"-589050,926","-1166651,021","-589050,926","-1166651,021","-589048,422","-1166651,33",PonÏtovice,,,silnice3.t¯Ìdy,4174,1701573.0,,OpaËn˝kesmÏru˙seku,Pomal˝,549738.0,,GN_V0.1UIR-ADR_410,1
60306190098,2,395.0,2019-01-26,6,1640,9,0,0,1,1,2,204,0,0,1,600,2,6,1,5,3,1,1,1,0,0,0,1,1,0,,3,47.0,06,1.0,1.0,0.0,0.0,1.0,3.0,600,2.0,1.0,1.0,"-615184,582","-1163730,558","-615184,582","-1163730,558","-615188,365","-1163733,712",,,,silnice2.t¯Ìdy,395,1325298.0,,OpaËn˝kesmÏru˙seku,Pomal˝,583481.0,,GN_V0.1UIR-ADR_410,2
60306190099,8,,2019-01-26,6,1626,2,0,0,2,1,0,511,0,0,0,250,2,3,1,1,1,1,1,2,0,0,10,1,2,0,,3,4.0,13,3.0,0.0,0.0,0.0,1.0,5.0,50,9.0,,,"-596887,734","-1167286,776","-596887,734","-1167286,776","-596886,727","-1167280,16",Mod¯ice,UD·lnice,,mÌstnÌkomunikace,,3145032.0,,OpaËn˝kesmÏru˙seku,Pomal˝,583391.0,,GN_V0.1UIR-ADR_410,1
60306190100,3,42510.0,2019-01-27,0,1944,5,0,0,2,4,0,100,0,0,0,500,2,1,1,1,6,1,1,1,0,0,0,1,1,0,,3,47.0,07,3.0,0.0,0.0,0.0,1.0,1.0,500,2.0,1.0,1.0,"-601822,048","-1174030,847","-601822,048","-1174030,847","-601823,064","-1174030,031",,,,silnice3.t¯Ìdy,42510,3597078.0,,OpaËn˝kesmÏru˙seku,Pomal˝,584142.0,,GN_V0.1UIR-ADR_410,2
60306190101,7,,2019-01-28,1,453,3,0,3,2,1,2,204,0,0,0,450,2,8,1,5,7,1,0,0,0,0,0,3,1,0,,3,39.0,11,1.0,1.0,1.0,0.0,1.0,5.0,400,4.0,1.0,1.0,"-599742,917","-1171069,474","-599771,922","-1171066,789","-599771,465","-1171067,318",,,,silnice1.t¯Ìdy,52,1417350.0,,Souhlasn˝sesmÏrem˙seku,Pomal˝,583651.0,,GN_V0.1UIR-ADR_410,2
60306190102,6,,2019-01-28,1,660,1,2,0,2,1,2,508,0,0,0,450,2,6,1,5,5,0,0,1,0,0,0,1,2,0,,3,2.0,03,9.0,1.0,1.0,0.0,1.0,5.0,300,2.0,1.0,1.0,"-599559,114","-1172193,616","-599559,114","-1172193,616","-599558,42","-1172194,656",Rajhrad,Tov·rnÌ,,mÌstnÌkomunikace,,3135779.0,,OpaËn˝kesmÏru˙seku,Pomal˝,583758.0,43061.0,GN_V0.1UIR-ADR_410,1
60306190103,2,394.0,2019-01-28,1,615,1,4,0,2,1,2,503,0,0,0,1400,2,8,1,1,6,1,1,1,0,0,0,1,2,0,,3,39.0,15,3.0,0.0,1.0,0.0,1.0,1.0,1200,2.0,1.0,1.0,"-615793,653","-1167792,413","-615793,653","-1167792,413","-615797,833","-1167791,23",,,,silnice2.t¯Ìdy,394,3412135.0,,OpaËn˝kesmÏru˙seku,Pomal˝,583120.0,,GN_V0.1UIR-ADR_410,2
60306190104,3,3839.0,2019-01-28,1,930,1,2,0,2,1,2,204,0,0,0,800,0,8,1,5,3,1,1,1,0,0,0,1,2,0,,3,22.0,98,1.0,1.0,1.0,0.0,1.0,1.0,500,4.0,1.0,1.0,"-584981,387","-1161103,617","-584981,387","-1161103,617","-584981,317","-1161103,689",Sivice,Nov·,,silnice3.t¯Ìdy,3839,1050983.0,,Souhlasn˝sesmÏrem˙seku,Pomal˝,583863.0,,GN_V0.1UIR-ADR_410,1
60306190105,6,,2019-01-28,1,1460,3,0,9,1,1,3,511,0,0,1,450,6,8,1,1,1,1,0,0,0,0,0,1,1,0,,9,0.0,86,1.0,0.0,1.0,0.0,1.0,5.0,300,3.0,4.0,1.0,"-600369,697","-1169118,128","-600369,697","-1169118,128","-600364,21","-1169117,928",éeleöice,S·dky,,mÌstnÌkomunikace,,2975933.0,,OpaËn˝kesmÏru˙seku,Pomal˝,584266.0,741515.0,GN_V0.1UIR-ADR_410,1
60306190106,8,,2019-01-28,1,1600,2,0,0,2,1,0,504,0,0,0,150,2,5,1,1,1,1,1,1,3,3,0,1,2,0,,5,19.0,09,1.0,0.0,1.0,0.0,1.0,5.0,0,3.0,1.0,1.0,"-596984,791","-1167341,639","-596984,791","-1167341,639","-596975,836","-1167347,639",Mod¯ice,UD·lnice,,mÌstnÌkomunikace,,3135629.0,,OpaËn˝kesmÏru˙seku,Pomal˝,583391.0,,GN_V0.1UIR-ADR_410,1
60306190107,2,425.0,2019-01-29,2,550,5,0,0,2,4,0,100,0,0,0,700,2,3,1,1,6,1,1,1,0,0,0,1,1,0,,3,47.0,19,1.0,0.0,0.0,0.0,1.0,1.0,700,2.0,1.0,1.0,"-598213,95","-1180280,643","-598213,95","-1180280,643","-598210,577","-1180274,837",,,,silnice2.t¯Ìdy,425,1323577.0,,OpaËn˝kesmÏru˙seku,Pomal˝,584282.0,,GN_V0.1UIR-ADR_410,2
60306190108,2,416.0,2019-01-29,2,700,3,0,3,2,1,2,204,0,0,0,1110,2,5,1,6,2,1,1,8,0,0,0,3,1,0,,5,47.0,12,3.0,1.0,0.0,0.0,1.0,1.0,1000,2.0,1.0,1.0,"-595790,063","-1176820,183","-595790,063","-1176820,183","-595790,919","-1176819,616",,,,silnice2.t¯Ìdy,416,1609471.0,,Souhlasn˝sesmÏrem˙seku,Pomal˝,582859.0,,GN_V0.1UIR-ADR_410,2