IDENTIFIKA»NÕ »ÕSLO,DRUH POZEMNÕ KOMUNIKACE,»ÕSLO POZEMNÕ KOMUNIKACE,"den, mÏsÌc, rok",,Ëas ,DRUH NEHODY,DRUH SR¡éKY JEDOUCÕCH VOZIDEL,DRUH PEVN… PÿEK¡éKY,CHARAKTER NEHODY,ZAVINÃNÕ NEHODY,ALKOHOL U VINÕKA NEHODY PÿÕTOMEN,HLAVNÕ PÿÕ»INY NEHODY,usmrceno osob,tÏûce zranÏno osob,lehce zranÏno osob,CELKOV¡ HMOTN¡ äKODA,DRUH POVRCHU VOZOVKY,STAV POVRCHU VOZOVKY V DOBÃ NEHODY,STAV KOMUNIKACE,POVÃTRNOSTNÕ PODMÕNKY V DOBÃ NEHODY,VIDITELNOST,ROZHLEDOV… POMÃRY,DÃLENÕ KOMUNIKACE,SITUOV¡NÕ NEHODY NA KOMUNIKACI,ÿÕZENÕ PROVOZU V DOBÃ NEHODY,MÕSTNÕ ⁄PRAVA PÿEDNOSTI V JÕZDÃ,SPECIFICK¡ MÕSTA A OBJEKTY V MÕSTÃ NEHODY,SMÃROV… POMÃRY,PO»ET Z⁄»ASTNÃN›CH VOZIDEL,MÕSTO DOPRAVNÕ NEHODY,DRUH KÿIéUJÕCÕ KOMUNIKACE,DRUH VOZIDLA,V›ROBNÕ ZNA»KA MOTOROV…HO VOZIDLA,ROK V›ROBY VOZIDLA,CHARAKTERISTIKA VOZIDLA ,SMYK,VOZIDLO PO NEHODÃ,"⁄NIK PROVOZNÕCH, PÿEPRAVOVAN›CH HMOT",ZPŸSOB VYPROäTÃNÕ OSOB Z VOZIDLA,SMÃR JÕZDY NEBO POSTAVENÕ VOZIDLA,äKODA NA VOZIDLE,KATEGORIE ÿIDI»E,STAV ÿIDI»E,VNÃJäÕ OVLIVNÃNÕ ÿIDI»E,nan.1,nan.2,nan.3,nan.4,nan.5,nan.6,nan.7,nan.8,nan.9,nan.10,nan.11,nan.12,nan.13,nan.14,nan.15,nan.16,nan.17,nan.18,LOKALITA NEHODY
60306190109,6,,2019-01-27,0,2560,2,0,0,2,1,0,506,0,0,0,150,2,5,1,1,1,1,0,0,0,0,0,1,2,0,,17,,XX,,,,,,,0,,,,"-613917,85","-1160544,803","-613917,85","-1160544,803","-613914,274","-1160544,763",Rosice,⁄voz,,mÌstnÌkomunikace,,632916.0,,Souhlasn˝sesmÏrem˙seku,Pomal˝,583782.0,43664.0,GN_V0.1UIR-ADR_410,1
60306190110,8,,2019-01-01,2,2560,2,0,0,2,1,0,504,0,0,0,110,1,1,1,1,1,1,1,1,0,0,10,1,2,0,,3,39.0,98,1.0,0.0,1.0,0.0,1.0,5.0,10,2.0,1.0,1.0,"-592823,654","-1155573,693","-592823,654","-1155573,693","-592820,3","-1155572,661",BÌlovicenadSvitavou,TÏsnohlÌdkovon·mÏstÌ,,mÌstnÌkomunikace,,3527109.0,,OpaËn˝kesmÏru˙seku,Pomal˝,582824.0,,GN_V0.1UIR-ADR_410,1
60306190111,2,386.0,2019-01-30,3,830,1,4,0,1,1,2,204,0,0,1,1450,2,5,1,1,1,1,1,1,0,0,0,3,2,0,,3,39.0,14,1.0,0.0,0.0,0.0,1.0,3.0,600,2.0,1.0,1.0,"-608251,885","-1149958,556","-608234,159","-1149951,573","-608233,573","-1149951,984",,,,silnice2.t¯Ìdy,386,3193755.0,,Souhlasn˝sesmÏrem˙seku,Pomal˝,583111.0,,GN_V0.1UIR-ADR_410,2
60306190112,6,,2019-01-30,3,1620,2,0,0,2,1,0,502,0,0,0,150,2,3,1,6,4,1,1,1,0,0,10,1,2,0,,17,,XX,,,,,,,0,,,,"-602459,609","-1148653,93","-602459,609","-1148653,93","-602457,786","-1148649,913",Ku¯im,1.KvÏtna,,mÌstnÌkomunikace,,2100163.0,,,Pomal˝,583251.0,,GN_V0.1UIR-ADR_410,1
60306190113,2,152.0,2019-01-30,3,1615,4,0,0,1,3,0,100,0,0,1,10,2,3,1,1,1,1,1,1,0,0,2,1,1,0,,3,39.0,02,1.0,0.0,0.0,0.0,1.0,3.0,10,2.0,1.0,1.0,"-615612,523","-1169106,156","-615619,506","-1169112,602","-615619,465","-1169112,54",IvanËice,HornÌHlinky,,silnice2.t¯Ìdy,152,655766.0,,OpaËn˝kesmÏru˙seku,Pomal˝,583120.0,38482.0,GN_V0.1UIR-ADR_410,1
60306190114,6,,2019-01-30,3,2560,2,0,0,2,1,0,508,0,0,0,600,2,5,1,1,1,1,1,1,0,0,0,1,2,0,,17,,XX,,,,,,,0,,,,"-602499,274","-1147613,356","-602499,274","-1147613,356","-602496,505","-1147615,283",Ku¯im,Jungmannova,,mÌstnÌkomunikace,,1606581.0,,Souhlasn˝sesmÏrem˙seku,Pomal˝,583251.0,39322.0,GN_V0.1UIR-ADR_410,1
60306190115,8,,2019-01-31,4,300,2,0,0,2,1,0,504,0,0,0,250,2,6,1,1,4,1,0,0,0,0,10,1,2,0,,17,,XX,,,,,,,0,,,,"-597011,427","-1167810,116","-597011,427","-1167810,116","-597009,221","-1167823,465",Mod¯ice,,,mÌstnÌkomunikace,,3145054.0,,,Pomal˝,583391.0,,GN_V0.1UIR-ADR_410,1
60306190116,6,,2019-01-31,4,910,1,3,0,2,1,2,504,0,0,0,500,2,5,1,6,1,6,1,1,0,0,10,1,3,0,,3,13.0,18,1.0,0.0,0.0,0.0,1.0,5.0,100,2.0,1.0,1.0,"-608832,426","-1143243,415","-608832,426","-1143243,415","-608852,301","-1143252,732",Tiönov,Hornick·,,mÌstnÌkomunikace,,1750214.0,,OpaËn˝kesmÏru˙seku,Pomal˝,584002.0,46043.0,GN_V0.1UIR-ADR_410,1
60306190117,6,,2019-01-30,3,2560,2,0,0,2,1,0,511,0,0,0,250,1,8,1,1,1,1,0,8,0,0,0,1,2,0,,17,,XX,,,,,,,0,,,,"-601682,759","-1177824,862","-601682,759","-1177824,862","-601683,452","-1177825,976",HruöovanyuBrna,KomenskÈho,,mÌstnÌkomunikace,,3171843.0,,OpaËn˝kesmÏru˙seku,Pomal˝,583081.0,38211.0,GN_V0.1UIR-ADR_410,1
60306190118,3,15270.0,2019-01-31,4,1525,1,2,0,2,1,2,501,0,0,0,160,2,3,1,1,1,1,1,1,0,0,0,3,2,0,,5,35.0,18,1.0,0.0,1.0,0.0,1.0,1.0,10,2.0,1.0,1.0,"-604638,216","-1163931,356","-604638,216","-1163931,356","-604639,69","-1163916,508",,,,silnice3.t¯Ìdy,15270,2975066.0,,OpaËn˝kesmÏru˙seku,Pomal˝,584029.0,,GN_V0.1UIR-ADR_410,2
60406190001,6,,2019-01-01,2,130,2,0,0,2,1,0,504,0,0,0,150,2,1,1,1,4,1,1,1,0,0,0,1,2,0,,5,32.0,08,3.0,0.0,1.0,0.0,1.0,5.0,0,9.0,,,"-580218,632","-1194312,539","-580218,632","-1194312,539","-580216,981","-1194311,465",Vrbice,,,mÌstnÌkomunikace,,3159352.0,,Souhlasn˝sesmÏrem˙seku,Pomal˝,585041.0,,GN_V0.1UIR-ADR_410,1
60406190002,2,414.0,2019-01-01,2,1200,1,4,0,2,1,2,306,0,0,0,700,2,3,1,1,1,1,1,1,0,0,0,1,2,0,,3,39.0,97,1.0,0.0,1.0,0.0,1.0,1.0,300,2.0,1.0,1.0,"-612882,256","-1198282,73","-612882,256","-1198282,73","-612884,324","-1198279,399",,,,silnice2.t¯Ìdy,414,1699232.0,,Souhlasn˝sesmÏrem˙seku,Pomal˝,584444.0,,GN_V0.1UIR-ADR_410,2
60406190003,2,421.0,2019-01-01,2,1300,3,0,6,2,1,0,504,0,0,0,350,3,3,1,1,1,1,1,8,0,0,0,1,1,0,,3,39.0,11,3.0,0.0,1.0,0.0,1.0,1.0,330,7.0,1.0,1.0,"-583786,556","-1194043,359","-583786,556","-1194043,359","-583782,818","-1194051,264",Bo¯etice,,,silnice2.t¯Ìdy,421,1062329.0,,OpaËn˝kesmÏru˙seku,Pomal˝,584347.0,,GN_V0.1UIR-ADR_410,1
60406190004,2,414.0,2019-01-02,3,540,3,0,9,1,1,2,204,0,0,2,1050,2,3,1,1,6,1,1,1,0,0,5,1,1,0,,3,4.0,03,1.0,1.0,1.0,0.0,1.0,1.0,950,2.0,1.0,1.0,"-610702,437","-1197449,476","-610702,437","-1197449,476","-610700,462","-1197443,709",,,,silnice2.t¯Ìdy,414,695243.0,,Souhlasn˝sesmÏrem˙seku,Pomal˝,584444.0,,GN_V0.1UIR-ADR_410,2
60406190005,6,,2019-01-01,2,2560,0,0,0,2,1,0,508,0,0,0,70,2,1,1,1,1,1,1,8,0,0,0,1,2,0,,17,,XX,,,,,,,0,,,,"-583014,986","-1211024,386","-583014,986","-1211024,386","-583010,229","-1211019,427",B¯eclav,sÌdl.Dukelsk˝chhrdin˘,,mÌstnÌkomunikace,,3296334.0,,Souhlasn˝sesmÏrem˙seku,Pomal˝,584291.0,56341.0,GN_V0.1UIR-ADR_410,1
60406190006,6,,2019-01-04,5,355,3,0,9,2,1,2,504,0,0,0,50,2,6,1,6,5,1,0,1,0,0,9,1,1,0,,3,4.0,05,1.0,0.0,0.0,0.0,1.0,5.0,0,9.0,,,"-581952,464","-1209175,779","-581952,464","-1209175,779","-581951,748","-1209184,279",B¯eclav,Lidick·,,mÌstnÌkomunikace,,740108.0,,Souhlasn˝sesmÏrem˙seku,Pomal˝,584291.0,56502.0,GN_V0.1UIR-ADR_410,1
60406190007,3,39613.0,2019-01-04,5,735,5,0,0,2,4,0,100,0,0,0,250,2,1,1,1,2,1,1,1,0,0,0,1,2,0,,3,39.0,09,1.0,0.0,0.0,0.0,1.0,3.0,150,2.0,1.0,1.0,"-610837,528","-1196337,916","-610837,528","-1196337,916","-610840,351","-1196336,205",,,,silnice3.t¯Ìdy,39613,3571636.0,,Souhlasn˝sesmÏrem˙seku,Pomal˝,584444.0,,GN_V0.1UIR-ADR_410,2
60406190008,3,41412.0,2019-01-04,5,1340,3,0,1,1,1,2,203,0,0,1,500,2,3,1,1,1,1,1,1,0,0,0,3,1,0,,3,13.0,03,1.0,1.0,0.0,0.0,1.0,3.0,500,2.0,1.0,1.0,"-593883,434","-1211892,632","-593883,434","-1211892,632","-593883,357","-1211896,659",,,,silnice3.t¯Ìdy,41412,1608577.0,,Souhlasn˝sesmÏrem˙seku,Pomal˝,584975.0,,GN_V0.1UIR-ADR_410,2
60406190009,2,414.0,2019-01-05,6,1115,5,0,0,2,4,0,100,0,0,0,100,2,3,1,1,1,1,1,1,0,0,0,1,1,0,,3,2.0,06,1.0,0.0,1.0,0.0,1.0,1.0,100,2.0,1.0,1.0,,,"-614112,227","-1198830,455","-614112,459","-1198828,717",,,,silnice2.t¯Ìdy,414,1699248.0,,Souhlasn˝sesmÏrem˙seku,Pomal˝,584525.0,,GN_V0.1UIR-ADR_410,2
60406190010,3,4242.0,2019-01-06,0,1510,1,2,0,2,1,2,501,0,0,0,20,2,2,1,1,1,1,1,1,0,0,0,1,2,0,,3,26.0,99,1.0,0.0,1.0,0.0,1.0,1.0,10,3.0,1.0,1.0,"-576348,499","-1207972,215","-576348,499","-1207972,215","-576345,342","-1207968,006",Hruöky,HlavnÌ,,silnice3.t¯Ìdy,4242,703121.0,,Souhlasn˝sesmÏrem˙seku,Pomal˝,584487.0,659665.0,GN_V0.1UIR-ADR_410,1
60406190011,6,,2019-01-06,0,2560,3,0,3,2,1,0,508,0,0,0,10,2,1,1,1,4,1,1,5,0,0,0,3,1,0,,17,,XX,,,,,,,0,,,,"-582910,144","-1210642,41","-582910,144","-1210642,41","-582911,041","-1210637,025",B¯eclav,N·rodnÌchHrdin˘,,mÌstnÌkomunikace,,3374263.0,,,Pomal˝,584291.0,,GN_V0.1UIR-ADR_410,1
60406190012,1,55.0,2019-01-06,0,2030,5,0,0,2,4,0,100,0,0,0,100,2,1,1,1,6,1,1,1,0,0,0,1,1,0,,3,7.0,09,1.0,0.0,1.0,0.0,1.0,3.0,100,2.0,1.0,1.0,"-585986,045","-1214157,438","-585986,045","-1214157,438","-585993,551","-1214148,731",,,,silnice1.t¯Ìdy,55,1699841.0,,OpaËn˝kesmÏru˙seku,Pomal˝,584291.0,56260.0,GN_V0.1UIR-ADR_410,2
60406190013,8,,2019-01-07,1,1260,2,0,0,2,1,0,508,0,0,0,300,2,1,1,1,1,1,1,1,0,0,0,1,2,0,,17,,XX,,,,,,,0,,,,"-592171,432","-1189331,207","-592171,432","-1189331,207","-592171,636","-1189330,77",HustopeËe,BrnÏnsk·,,mÌstnÌkomunikace,,2750011.0,,Souhlasn˝sesmÏrem˙seku,Pomal˝,584495.0,,GN_V0.1UIR-ADR_410,1
60406190014,6,,2019-01-03,4,2560,3,0,9,2,1,0,506,0,0,0,50,2,1,1,1,1,1,1,8,0,0,0,1,1,0,,17,,XX,,,,,,,0,,,,"-590736,346","-1204661,57","-590736,346","-1204661,57","-590739,221","-1204659,112",Lednice,,,mÌstnÌkomunikace,,701582.0,,Souhlasn˝sesmÏrem˙seku,Pomal˝,584631.0,,GN_V0.1UIR-ADR_410,1
60406190015,2,424.0,2019-01-07,1,1655,5,0,0,2,4,0,100,0,0,0,300,2,1,1,1,6,1,1,1,0,0,0,1,1,0,,3,39.0,18,1.0,0.0,0.0,0.0,1.0,1.0,300,2.0,1.0,1.0,"-574228,817","-1210361,855","-574228,817","-1210361,855","-574232,167","-1210359,989",,,,silnice2.t¯Ìdy,424,3234723.0,,Souhlasn˝sesmÏrem˙seku,Pomal˝,584959.0,,GN_V0.1UIR-ADR_410,2
60406190016,2,421.0,2019-01-07,1,1730,5,0,0,2,4,0,100,0,0,0,900,2,1,1,1,6,1,1,1,0,0,0,1,1,0,,3,47.0,16,1.0,0.0,0.0,0.0,1.0,1.0,900,3.0,1.0,1.0,"-578529,206","-1190121,638","-578529,206","-1190121,638","-578529,246","-1190119,279",,,,silnice2.t¯Ìdy,421,1265800.0,,OpaËn˝kesmÏru˙seku,Pomal˝,584568.0,,GN_V0.1UIR-ADR_410,2
60406190017,1,40.0,2019-01-08,2,815,1,1,0,1,1,2,204,0,0,1,200,2,6,1,5,3,1,1,1,0,0,0,3,2,0,,3,39.0,97,1.0,1.0,1.0,1.0,1.0,3.0,100,2.0,1.0,1.0,"-595557,86","-1209098,89","-595557,86","-1209098,89","-595558,989","-1209099,929",,,,silnice1.t¯Ìdy,40,1699616.0,,OpaËn˝kesmÏru˙seku,Pomal˝,584975.0,,GN_V0.1UIR-ADR_410,2
60406190018,3,42115.0,2019-01-09,3,715,1,2,0,2,1,0,501,0,0,0,150,2,3,1,1,2,1,1,1,0,0,0,3,2,0,,17,,XX,,,,,,,0,,,,"-588929,303","-1199856,001","-588929,303","-1199856,001","-588928,521","-1199850,978",,,,silnice3.t¯Ìdy,42115,1608434.0,,Souhlasn˝sesmÏrem˙seku,Pomal˝,584851.0,,GN_V0.1UIR-ADR_410,2
60406190019,6,,2019-01-10,4,1845,0,0,0,2,1,2,204,0,0,0,50,2,3,6,1,4,1,1,1,0,0,0,1,1,0,,3,12.0,98,1.0,0.0,1.0,1.0,1.0,5.0,50,2.0,1.0,1.0,"-600360,559","-1203971,202","-600360,559","-1203971,202","-600362,069","-1203970,289",Mikulov,1.kvÏtna,,mÌstnÌkomunikace,,701117.0,,Souhlasn˝sesmÏrem˙seku,Pomal˝,584649.0,60216.0,GN_V0.1UIR-ADR_410,1
60406190020,1,55.0,2019-01-11,5,50,5,0,0,2,4,0,100,0,0,0,150,2,3,1,1,6,4,1,1,0,0,0,1,1,0,,3,39.0,08,2.0,0.0,1.0,0.0,1.0,1.0,150,2.0,1.0,1.0,"-585202,713","-1213482,616","-585202,713","-1213482,616","-585209,094","-1213475,678",,,,silnice1.t¯Ìdy,55,1748499.0,,Souhlasn˝sesmÏrem˙seku,Pomal˝,584291.0,56260.0,GN_V0.1UIR-ADR_410,2
60406190021,3,41417.0,2019-01-11,5,830,5,0,0,2,4,0,100,0,0,0,550,2,1,1,1,1,1,1,1,0,0,0,1,1,0,,3,35.0,18,1.0,0.0,1.0,0.0,1.0,1.0,500,2.0,1.0,1.0,"-586856,766","-1208096,017","-586856,766","-1208096,017","-586856,844","-1208096,055",,,,silnice3.t¯Ìdy,41417,3301221.0,,OpaËn˝kesmÏru˙seku,Pomal˝,584291.0,,GN_V0.1UIR-ADR_410,2
60406190022,1,40.0,2019-01-11,5,1615,5,0,0,2,4,0,100,0,0,0,150,2,1,1,1,6,1,1,1,0,0,0,1,1,0,,3,32.0,09,1.0,0.0,1.0,0.0,1.0,1.0,150,2.0,1.0,1.0,"-588434,551","-1211507,933","-588440,46","-1211498,802","-588440,462","-1211498,783",,,,silnice1.t¯Ìdy,40,1699707.0,,OpaËn˝kesmÏru˙seku,Pomal˝,584975.0,,GN_V0.1UIR-ADR_410,2
60406190023,3,42226.0,2019-01-11,5,2055,3,0,1,1,1,9,204,0,0,1,510,2,6,1,5,5,1,1,1,0,0,0,1,1,0,,3,47.0,02,1.0,1.0,1.0,1.0,1.0,1.0,400,0.0,5.0,1.0,"-584849,536","-1202652,276","-584849,536","-1202652,276","-584853,735","-1202653,901",PodivÌn,HavlÌËkova,,silnice3.t¯Ìdy,42226,3177350.0,,OpaËn˝kesmÏru˙seku,Pomal˝,584797.0,61662.0,GN_V0.1UIR-ADR_410,1
60406190024,6,,2019-01-12,6,1205,1,4,0,2,1,2,508,0,0,0,400,2,3,1,1,1,1,1,1,0,0,0,1,2,0,,3,25.0,10,1.0,0.0,1.0,0.0,1.0,5.0,300,2.0,1.0,1.0,"-583008,311","-1211519,195","-582986,355","-1211517,588","-582995,489","-1211523,149",B¯eclav,»echova,,mÌstnÌkomunikace,,704388.0,,Souhlasn˝sesmÏrem˙seku,Pomal˝,584291.0,55956.0,GN_V0.1UIR-ADR_410,1
60406190025,2,425.0,2019-01-12,6,2030,5,0,0,2,4,0,100,0,0,0,150,2,1,1,1,6,1,1,1,0,0,0,1,1,0,,5,26.0,15,8.0,0.0,1.0,0.0,1.0,1.0,150,3.0,1.0,1.0,"-589151,423","-1194263,031","-589151,423","-1194263,031","-589151,353","-1194262,961",,,,silnice2.t¯Ìdy,425,3196983.0,,Souhlasn˝sesmÏrem˙seku,Pomal˝,584908.0,,GN_V0.1UIR-ADR_410,2
60406190026,3,42113.0,2019-01-13,0,1800,5,0,0,2,4,0,100,0,0,0,100,2,3,1,4,7,1,1,1,0,0,0,1,1,0,,3,39.0,98,1.0,0.0,0.0,0.0,1.0,3.0,100,2.0,1.0,1.0,"-585954,608","-1197260,335","-585954,608","-1197260,335","-585953,54","-1197260,146",,,,silnice3.t¯Ìdy,42113,2959839.0,,Souhlasn˝sesmÏrem˙seku,Pomal˝,585017.0,,GN_V0.1UIR-ADR_410,2
60406190027,2,425.0,2019-01-14,1,620,9,0,0,1,1,2,501,0,0,1,4000,2,1,1,1,6,1,1,1,0,0,0,1,1,0,,7,40.0,07,3.0,0.0,0.0,1.0,1.0,1.0,2500,3.0,2.0,1.0,"-587116,557","-1197575,122","-587116,557","-1197575,122","-587119,058","-1197576,636",,,,silnice2.t¯Ìdy,425,2600241.0,,OpaËn˝kesmÏru˙seku,Pomal˝,584860.0,,GN_V0.1UIR-ADR_410,2
60406190028,2,425.0,2019-01-14,1,1445,4,0,0,1,3,0,100,0,0,1,150,2,1,1,1,1,1,1,1,3,3,2,4,1,19,6.0,3,39.0,10,1.0,0.0,0.0,0.0,1.0,31.0,150,3.0,1.0,1.0,"-589285,445","-1194075,062","-589289,2","-1194060,388","-589289,34","-1194060,459",StaroviËky,,,silnice2.t¯Ìdy,425,692073.0,,OpaËn˝kesmÏru˙seku,Pomal˝,584908.0,,GN_V0.1UIR-ADR_410,1
60406190029,6,,2019-01-10,4,1000,3,0,9,2,1,0,508,0,0,0,50,1,1,1,1,1,1,1,1,0,0,10,1,1,0,,3,39.0,06,12.0,0.0,1.0,0.0,1.0,5.0,50,2.0,1.0,1.0,"-600654,213","-1203987,006","-600667,626","-1203977,754","-600667,639","-1203977,745",Mikulov,N·mÏstÌ,,mÌstnÌkomunikace,,2730014.0,,,Pomal˝,584649.0,,GN_V0.1UIR-ADR_410,1
60406190030,3,221.0,2019-01-15,2,1730,5,0,0,2,4,0,100,0,0,0,400,2,1,1,1,6,1,1,1,0,0,0,1,1,0,,3,39.0,14,1.0,0.0,1.0,0.0,1.0,1.0,400,3.0,1.0,1.0,"-581803,121","-1207633,114","-581803,121","-1207633,114","-581803,835","-1207633,149",,,,silnice3.t¯Ìdy,00221,3296870.0,,OpaËn˝kesmÏru˙seku,Pomal˝,584291.0,,GN_V0.1UIR-ADR_410,2
60406190031,1,40.0,2019-01-16,3,815,5,0,0,2,4,0,100,0,0,0,200,2,1,1,1,1,1,1,1,0,0,0,1,1,0,,3,47.0,10,1.0,0.0,1.0,0.0,1.0,1.0,200,2.0,1.0,1.0,,,"-588559,199","-1211507,674","-588558,783","-1211511,763",,,,silnice1.t¯Ìdy,40,1699709.0,,Souhlasn˝sesmÏrem˙seku,Pomal˝,584975.0,,GN_V0.1UIR-ADR_410,2
60406190032,3,41417.0,2019-01-17,4,800,5,0,0,2,4,0,100,0,0,0,150,2,1,1,1,1,1,1,1,0,0,0,1,1,0,,3,47.0,08,1.0,0.0,0.0,0.0,1.0,1.0,150,2.0,1.0,1.0,"-587651,901","-1207112,164","-587651,901","-1207112,164","-587651,583","-1207111,897",,,,silnice3.t¯Ìdy,41417,3159218.0,,Souhlasn˝sesmÏrem˙seku,Pomal˝,584631.0,,GN_V0.1UIR-ADR_410,2
60406190033,6,,2019-01-01,2,2560,2,0,0,2,1,0,502,0,0,0,50,2,1,1,1,1,1,1,1,0,0,0,1,2,0,,17,,XX,,,,,,,0,,,,"-585452,537","-1210931,536","-585452,537","-1210931,536","-585452,735","-1210929,148",B¯eclav,NaValtickÈ,,mÌstnÌkomunikace,,1452354.0,,OpaËn˝kesmÏru˙seku,Pomal˝,584291.0,57061.0,GN_V0.1UIR-ADR_410,1
60406190034,2,425.0,2019-01-18,5,540,1,2,0,2,1,0,407,0,0,0,50,2,1,1,1,4,1,1,1,0,0,0,1,2,0,,17,,XX,,,,,,,0,,,,"-582984,89","-1211368,452","-582984,89","-1211368,452","-582977,772","-1211362,377",B¯eclav,J.Palacha,,silnice2.t¯Ìdy,425,762065.0,,OpaËn˝kesmÏru˙seku,Pomal˝,584291.0,56464.0,GN_V0.1UIR-ADR_410,1
60406190035,2,421.0,2019-01-20,0,2110,5,0,0,2,4,0,100,0,0,0,200,2,1,1,1,6,1,1,1,0,0,0,1,1,0,,3,17.0,18,1.0,0.0,1.0,0.0,1.0,1.0,200,3.0,1.0,1.0,"-601347,267","-1202969,363","-601347,267","-1202969,363","-601357,056","-1202977,45",,,,silnice2.t¯Ìdy,421,3267117.0,,OpaËn˝kesmÏru˙seku,Pomal˝,584649.0,,GN_V0.1UIR-ADR_410,2
60406190036,3,4211.0,2019-01-21,1,815,3,0,6,1,1,2,204,0,0,1,510,2,3,1,6,1,1,1,1,0,0,0,2,1,0,,3,2.0,95,1.0,1.0,1.0,0.0,1.0,1.0,500,2.0,1.0,1.0,"-579270,365","-1189788,256","-579270,365","-1189788,256","-579271,05","-1189788,617",,,,silnice3.t¯Ìdy,4211,1323958.0,,OpaËn˝kesmÏru˙seku,Pomal˝,584568.0,,GN_V0.1UIR-ADR_410,2
60406190037,6,,2019-01-01,2,2560,3,0,2,2,1,0,508,0,0,0,100,5,1,1,1,4,1,0,1,0,0,0,1,1,0,,17,,XX,,,,,,,0,,,,"-607293,823","-1195556,605","-607293,823","-1195556,605","-607292,9","-1195559,218",BrodnadDyjÌ,,,mÌstnÌkomunikace,,3175677.0,,OpaËn˝kesmÏru˙seku,Pomal˝,584355.0,,GN_V0.1UIR-ADR_410,1
60406190038,8,,2019-01-22,2,1336,2,0,0,2,1,0,504,0,0,0,70,1,1,1,1,1,1,0,0,0,0,0,1,2,0,,3,32.0,05,3.0,0.0,0.0,0.0,1.0,5.0,0,9.0,,,"-591793,057","-1189937,151","-591793,057","-1189937,151","-591793,25","-1189941,202",HustopeËe,DukelskÈn·m.,,mÌstnÌkomunikace,,2729829.0,,Souhlasn˝sesmÏrem˙seku,Pomal˝,584495.0,58301.0,GN_V0.1UIR-ADR_410,1
60406190039,3,4144.0,2019-01-22,2,1445,5,0,0,2,4,0,100,0,0,0,100,2,1,1,1,1,1,1,1,0,0,0,1,1,0,,3,99.0,07,1.0,0.0,1.0,0.0,1.0,1.0,100,2.0,1.0,1.0,,,"-611064,218","-1202145,012","-611075,427","-1202142,305",,,,silnice3.t¯Ìdy,4144,1064337.0,,OpaËn˝kesmÏru˙seku,Pomal˝,584754.0,,GN_V0.1UIR-ADR_410,2
60406190040,2,381.0,2019-01-28,1,500,9,0,0,2,1,8,204,0,0,0,50,2,6,1,6,7,1,1,1,0,0,0,3,1,0,,5,35.0,15,3.0,1.0,1.0,0.0,1.0,1.0,50,3.0,5.0,1.0,,,"-597642,803","-1184781,101","-597642,128","-1184779,505",,,,silnice2.t¯Ìdy,381,1058012.0,,OpaËn˝kesmÏru˙seku,Pomal˝,584967.0,,GN_V0.1UIR-ADR_410,2
60406190041,3,4211.0,2019-01-28,1,550,1,3,0,2,1,2,501,0,0,0,800,2,6,1,1,4,1,1,1,0,0,0,1,2,0,,3,39.0,11,1.0,1.0,1.0,0.0,1.0,3.0,500,2.0,1.0,1.0,"-579925,147","-1189436,377","-579925,147","-1189436,377","-579925,024","-1189436,105",Brumovice,,,silnice3.t¯Ìdy,4211,3196916.0,,Souhlasn˝sesmÏrem˙seku,Pomal˝,584363.0,,GN_V0.1UIR-ADR_410,1
60406190042,3,4146.0,2019-01-28,1,2030,5,0,0,2,4,0,100,0,0,0,300,2,3,1,1,6,1,1,1,0,0,0,1,1,0,,3,39.0,16,1.0,0.0,1.0,0.0,1.0,1.0,300,2.0,1.0,1.0,"-604239,056","-1199979,481","-604239,056","-1199979,481","-604238,001","-1199980,119",,,,silnice3.t¯Ìdy,4146,1453075.0,,OpaËn˝kesmÏru˙seku,Pomal˝,584428.0,,GN_V0.1UIR-ADR_410,2
60406190043,3,4146.0,2019-01-28,1,2130,5,0,0,2,4,0,100,0,0,0,500,2,3,1,1,6,1,1,1,0,0,0,1,1,0,,3,39.0,10,1.0,0.0,1.0,0.0,1.0,1.0,500,2.0,1.0,1.0,"-604711,667","-1200602,752","-604711,667","-1200602,752","-604711,46","-1200602,926",,,,silnice3.t¯Ìdy,4146,1699301.0,,OpaËn˝kesmÏru˙seku,Pomal˝,584428.0,,GN_V0.1UIR-ADR_410,2
60406190044,1,40.0,2019-01-29,2,640,5,0,0,2,4,0,100,0,0,0,100,2,3,1,0,6,1,1,1,0,0,0,1,1,0,,3,39.0,11,1.0,0.0,0.0,0.0,1.0,1.0,100,2.0,1.0,1.0,"-595647,579","-1208812,505","-595647,579","-1208812,505","-595643,942","-1208811,249",,,,silnice1.t¯Ìdy,40,1699603.0,,Souhlasn˝sesmÏrem˙seku,Pomal˝,584975.0,,GN_V0.1UIR-ADR_410,2
60406190045,2,425.0,2019-01-29,2,960,2,0,0,2,1,0,504,0,0,0,100,2,1,1,1,1,1,1,1,0,0,0,1,2,0,,17,,XX,,,,,,,0,,,,"-592308,075","-1189142,414","-592308,075","-1189142,414","-592306,997","-1189141,869",HustopeËe,BrnÏnsk·,,silnice2.t¯Ìdy,425,3270288.0,,Souhlasn˝sesmÏrem˙seku,Pomal˝,584495.0,58271.0,GN_V0.1UIR-ADR_410,1