IDENTIFIKA»NÕ »ÕSLO,DRUH POZEMNÕ KOMUNIKACE,»ÕSLO POZEMNÕ KOMUNIKACE,"den, mÏsÌc, rok",,Ëas ,DRUH NEHODY,DRUH SR¡éKY JEDOUCÕCH VOZIDEL,DRUH PEVN… PÿEK¡éKY,CHARAKTER NEHODY,ZAVINÃNÕ NEHODY,ALKOHOL U VINÕKA NEHODY PÿÕTOMEN,HLAVNÕ PÿÕ»INY NEHODY,usmrceno osob,tÏûce zranÏno osob,lehce zranÏno osob,CELKOV¡ HMOTN¡ äKODA,DRUH POVRCHU VOZOVKY,STAV POVRCHU VOZOVKY V DOBÃ NEHODY,STAV KOMUNIKACE,POVÃTRNOSTNÕ PODMÕNKY V DOBÃ NEHODY,VIDITELNOST,ROZHLEDOV… POMÃRY,DÃLENÕ KOMUNIKACE,SITUOV¡NÕ NEHODY NA KOMUNIKACI,ÿÕZENÕ PROVOZU V DOBÃ NEHODY,MÕSTNÕ ⁄PRAVA PÿEDNOSTI V JÕZDÃ,SPECIFICK¡ MÕSTA A OBJEKTY V MÕSTÃ NEHODY,SMÃROV… POMÃRY,PO»ET Z⁄»ASTNÃN›CH VOZIDEL,MÕSTO DOPRAVNÕ NEHODY,DRUH KÿIéUJÕCÕ KOMUNIKACE,DRUH VOZIDLA,V›ROBNÕ ZNA»KA MOTOROV…HO VOZIDLA,ROK V›ROBY VOZIDLA,CHARAKTERISTIKA VOZIDLA ,SMYK,VOZIDLO PO NEHODÃ,"⁄NIK PROVOZNÕCH, PÿEPRAVOVAN›CH HMOT",ZPŸSOB VYPROäTÃNÕ OSOB Z VOZIDLA,SMÃR JÕZDY NEBO POSTAVENÕ VOZIDLA,äKODA NA VOZIDLE,KATEGORIE ÿIDI»E,STAV ÿIDI»E,VNÃJäÕ OVLIVNÃNÕ ÿIDI»E,nan.1,nan.2,nan.3,nan.4,nan.5,nan.6,nan.7,nan.8,nan.9,nan.10,nan.11,nan.12,nan.13,nan.14,nan.15,nan.16,nan.17,nan.18,LOKALITA NEHODY
60406190046,3,4217.0,2019-01-30,3,650,5,0,0,2,4,0,100,0,0,0,100,2,1,1,1,6,1,1,1,0,0,0,1,1,0,,3,5.0,12,1.0,0.0,1.0,0.0,1.0,1.0,100,3.0,1.0,1.0,"-589285,703","-1191291,886","-589285,703","-1191291,886","-589285,951","-1191293,865",,,,silnice3.t¯Ìdy,4217,1699044.0,,OpaËn˝kesmÏru˙seku,Pomal˝,584495.0,,GN_V0.1UIR-ADR_410,2
60406190047,6,,2019-01-28,1,2560,3,0,9,2,1,0,511,0,0,0,20,2,6,1,1,1,1,0,8,0,0,0,1,1,0,,17,,XX,,,,,,,0,,,,"-582461,069","-1212211,95","-582461,069","-1212211,95","-582460,25","-1212210,097",B¯eclav,BRATISLAVSK¡,,mÌstnÌkomunikace,,1290756.0,,Souhlasn˝sesmÏrem˙seku,Pomal˝,584291.0,,GN_V0.1UIR-ADR_410,1
60406190048,6,,2019-01-31,4,240,2,0,0,2,1,0,508,0,0,0,700,2,5,1,6,4,1,1,1,0,0,0,1,2,0,,5,19.0,14,3.0,0.0,3.0,0.0,1.0,5.0,200,2.0,1.0,1.0,"-585114,654","-1203131,908","-585114,654","-1203131,908","-585116,89","-1203129,011",PodivÌn,ätefanikova,,mÌstnÌkomunikace,,783955.0,,Souhlasn˝sesmÏrem˙seku,Pomal˝,584797.0,61531.0,GN_V0.1UIR-ADR_410,1
60606190001,3,4254.0,2019-01-01,2,338,5,0,0,2,4,0,100,0,0,0,50,2,1,1,1,6,1,1,1,0,0,0,1,1,0,,3,13.0,06,1.0,0.0,0.0,0.0,1.0,3.0,50,3.0,1.0,1.0,"-563839,337","-1195173,732","-563839,337","-1195173,732","-563839,357","-1195173,889",,,,silnice3.t¯Ìdy,4254,1609416.0,,Souhlasn˝sesmÏrem˙seku,Pomal˝,586161.0,,GN_V0.1UIR-ADR_410,2
60606190002,1,54.0,2019-01-01,2,1145,3,0,1,1,1,0,204,0,0,1,200,2,3,1,3,3,1,1,8,0,0,0,1,1,0,,3,32.0,03,1.0,1.0,1.0,0.0,3.0,3.0,200,2.0,1.0,1.0,"-542553,64","-1194726,258","-542553,64","-1194726,258","-542554,509","-1194727,727",,,,silnice1.t¯Ìdy,54,2978343.0,,OpaËn˝kesmÏru˙seku,Pomal˝,586722.0,,GN_V0.1UIR-ADR_410,2
60606190003,1,55.0,2019-01-04,5,505,1,3,0,1,1,2,402,0,0,1,560,2,1,1,1,6,1,1,1,3,3,0,4,2,19,2.0,3,13.0,99,1.0,0.0,0.0,1.0,1.0,42.0,300,3.0,1.0,1.0,"-562578,573","-1200045,469","-562564,114","-1200033,152","-562564,094","-1200033,627",,,,silnice1.t¯Ìdy,55,697374.0,,OpaËn˝kesmÏru˙seku,Pomal˝,586021.0,,GN_V0.1UIR-ADR_410,2
60606190004,2,431.0,2019-01-04,5,1655,9,0,0,1,1,2,204,0,0,1,600,2,6,1,5,7,1,1,8,0,0,0,1,1,0,,3,35.0,05,1.0,1.0,1.0,0.0,1.0,1.0,600,2.0,1.0,1.0,"-565720,541","-1192811,638","-565720,541","-1192811,638","-565722,489","-1192811,506",,,,silnice2.t¯Ìdy,431,3266888.0,,OpaËn˝kesmÏru˙seku,Pomal˝,586161.0,,GN_V0.1UIR-ADR_410,2
60606190005,6,,2019-01-04,5,2033,1,3,0,2,1,2,402,0,0,0,1250,2,6,1,5,5,1,1,1,3,3,2,4,2,10,6.0,3,22.0,09,1.0,0.0,0.0,1.0,1.0,5.0,600,2.0,1.0,1.0,"-563955,829","-1201950,055","-563953,151","-1201942,022","-563953,214","-1201942,045",HodonÌn,Marxova,,mÌstnÌkomunikace,,3297970.0,,Souhlasn˝sesmÏrem˙seku,Pomal˝,586021.0,119440.0,GN_V0.1UIR-ADR_410,1
60606190006,1,55.0,2019-01-05,6,1758,5,0,0,2,4,0,100,0,0,0,520,2,3,1,1,6,1,1,1,0,0,0,1,1,0,,3,31.0,18,3.0,0.0,1.0,0.0,1.0,1.0,500,2.0,1.0,1.0,"-547953,476","-1197720,43","-547953,476","-1197720,43","-547960,8","-1197720,509",,,,silnice1.t¯Ìdy,55,2978205.0,,OpaËn˝kesmÏru˙seku,Pomal˝,586757.0,,GN_V0.1UIR-ADR_410,2
60606190007,2,422.0,2019-01-01,2,2560,5,0,0,2,4,0,100,0,0,0,400,2,1,1,1,6,1,1,1,0,0,0,1,1,0,,3,26.0,16,3.0,0.0,0.0,0.0,1.0,3.0,400,2.0,1.0,1.0,,,,,,,,,,,,,,,,,,,2
60606190008,8,,2019-01-07,1,1260,2,0,0,2,1,0,508,0,0,0,100,2,1,1,1,1,1,1,8,0,0,10,1,2,0,,17,,XX,,,,,,,0,,,,"-544428,657","-1193520,163","-544428,657","-1193520,163","-544429,439","-1193519,312",VeselÌnadMoravou,,,mÌstnÌkomunikace,,3289077.0,,OpaËn˝kesmÏru˙seku,Pomal˝,586722.0,,GN_V0.1UIR-ADR_410,1
60606190009,6,,2019-01-08,2,1225,3,0,9,1,1,2,205,0,0,1,210,2,6,1,5,3,1,1,8,0,0,0,2,1,0,,3,12.0,06,1.0,1.0,1.0,1.0,1.0,5.0,200,2.0,1.0,1.0,"-570255,007","-1199886,849","-570248,045","-1199864,357","-570250,547","-1199863,639",,,,mÌstnÌkomunikace,,2978845.0,,OpaËn˝kesmÏru˙seku,Pomal˝,586137.0,,GN_V0.1UIR-ADR_410,2
60606190010,8,,2019-01-09,3,1060,2,0,0,2,1,0,508,0,0,0,100,2,3,1,1,1,1,0,8,0,0,10,1,2,0,,17,,XX,,,,,,,0,,,,"-565177,64","-1202593,739","-565177,64","-1202593,739","-565175,823","-1202598,031",HodonÌn,,,mÌstnÌkomunikace,,1606542.0,,OpaËn˝kesmÏru˙seku,Pomal˝,586021.0,,GN_V0.1UIR-ADR_410,1
60606190011,3,4257.0,2019-01-10,4,645,5,0,0,2,4,0,100,0,0,0,410,2,3,1,1,6,1,1,1,0,0,0,1,1,0,,3,27.0,14,1.0,0.0,0.0,0.0,1.0,1.0,400,2.0,1.0,1.0,"-559320,74","-1191298,434","-559320,74","-1191298,434","-559320,985","-1191298,103",,,,silnice3.t¯Ìdy,4257,1061355.0,,Souhlasn˝sesmÏrem˙seku,Pomal˝,586706.0,,GN_V0.1UIR-ADR_410,2
60606190012,6,,2019-01-03,4,2560,2,0,0,2,1,0,508,0,0,0,200,1,3,1,1,1,1,0,0,0,0,0,1,2,0,,17,,XX,,,,,,,0,,,,,,"-564633,863","-1202524,981","-564633,915","-1202524,993",HodonÌn,Sv.»echa,,mÌstnÌkomunikace,,699696.0,,Souhlasn˝sesmÏrem˙seku,Pomal˝,586021.0,119857.0,GN_V0.1UIR-ADR_410,1
60606190013,3,42222.0,2019-01-10,4,1635,5,0,0,2,4,0,100,0,0,0,300,2,3,1,1,2,1,1,1,0,0,0,1,1,0,,3,60.0,17,3.0,0.0,0.0,0.0,1.0,3.0,300,2.0,1.0,1.0,"-568752,942","-1202368,139","-568772,817","-1202395,534","-568772,241","-1202394,661",,,,silnice3.t¯Ìdy,42222,699691.0,,Souhlasn˝sesmÏrem˙seku,Pomal˝,586358.0,,GN_V0.1UIR-ADR_410,2
60606190014,3,42213.0,2019-01-10,4,1460,3,0,2,2,1,0,508,0,0,0,10,2,1,1,1,1,1,1,1,0,0,0,1,1,0,,17,,XX,,,,,,,0,,,,"-556007,421","-1180011,112","-556007,421","-1180011,112","-556007,429","-1180011,13",V¯esovice,,,silnice3.t¯Ìdy,42213,1232772.0,,OpaËn˝kesmÏru˙seku,Pomal˝,586773.0,,GN_V0.1UIR-ADR_410,1
60606190015,2,431.0,2019-01-11,5,1130,5,0,0,2,4,0,100,0,0,0,320,2,3,1,1,1,1,1,1,0,0,0,1,1,0,,3,5.0,,1.0,0.0,1.0,0.0,1.0,1.0,300,2.0,1.0,1.0,"-565760,266","-1192341,024","-565760,266","-1192341,024","-565750,804","-1192339,925",,,,silnice2.t¯Ìdy,431,2978093.0,,Souhlasn˝sesmÏrem˙seku,Pomal˝,586161.0,,GN_V0.1UIR-ADR_410,2
60606190016,2,431.0,2019-01-11,5,1130,1,4,0,2,1,2,503,0,0,0,3000,2,1,1,1,1,1,1,1,0,0,0,1,3,0,,6,11.0,18,3.0,0.0,1.0,0.0,1.0,3.0,1500,2.0,1.0,1.0,"-565760,266","-1192341,024","-565760,266","-1192341,024","-565750,804","-1192339,925",,,,silnice2.t¯Ìdy,431,2978093.0,,Souhlasn˝sesmÏrem˙seku,Pomal˝,586161.0,,GN_V0.1UIR-ADR_410,2
60606190017,8,,2019-01-12,6,2030,2,0,0,2,1,0,504,0,0,0,200,2,3,1,1,6,1,0,1,0,0,0,1,2,0,,17,,XX,,,,,,,0,,,,"-564827,596","-1202588,732","-564827,596","-1202588,732","-564822,065","-1202586,137",HodonÌn,DVOÿ¡KOVA,,mÌstnÌkomunikace,,1291031.0,,Souhlasn˝sesmÏrem˙seku,Pomal˝,586021.0,,GN_V0.1UIR-ADR_410,1
60606190018,1,54.0,2019-01-14,1,750,9,0,0,1,1,2,205,0,0,1,500,2,3,1,1,1,1,1,8,0,0,0,2,1,0,,3,39.0,05,1.0,1.0,1.0,0.0,1.0,1.0,500,2.0,1.0,1.0,"-558762,543","-1188340,221","-558764,15","-1188346,112","-558764,674","-1188351,437",,,,silnice1.t¯Ìdy,54,1453500.0,,OpaËn˝kesmÏru˙seku,Pomal˝,586765.0,,GN_V0.1UIR-ADR_410,2
60606190019,1,54.0,2019-01-12,6,1851,5,0,0,2,4,0,100,0,0,0,200,2,1,1,1,6,1,1,1,0,0,0,1,1,0,,3,39.0,05,3.0,0.0,0.0,1.0,1.0,1.0,200,2.0,1.0,1.0,,,"-545552,682","-1192496,138","-545556,301","-1192498,618",,,,silnice1.t¯Ìdy,54,2137877.0,,OpaËn˝kesmÏru˙seku,Pomal˝,586722.0,,GN_V0.1UIR-ADR_410,2
60606190020,1,54.0,2019-01-10,4,2145,5,0,0,2,4,0,100,0,0,0,50,2,1,1,1,6,1,1,1,0,0,0,1,1,0,,3,35.0,01,1.0,0.0,1.0,0.0,1.0,1.0,50,4.0,1.0,1.0,,,"-533572,972","-1196691,742","-533574,456","-1196694,312",,,,silnice1.t¯Ìdy,54,1454685.0,,OpaËn˝kesmÏru˙seku,Pomal˝,586056.0,,GN_V0.1UIR-ADR_410,2
60606190021,1,54.0,2019-01-11,5,1750,5,0,0,2,4,0,100,0,0,0,100,2,1,1,1,6,1,1,1,0,0,0,1,1,0,,3,12.0,08,1.0,0.0,1.0,0.0,1.0,1.0,100,0.0,1.0,1.0,,,"-566202,448","-1185092,372","-566206,463","-1185095,521",,,,silnice1.t¯Ìdy,54,2134336.0,,OpaËn˝kesmÏru˙seku,Pomal˝,586552.0,,GN_V0.1UIR-ADR_410,2
60606190022,2,422.0,2019-01-14,1,555,5,0,0,2,4,0,100,0,0,0,170,2,3,1,1,6,1,1,1,0,0,0,1,1,0,,3,39.0,00,1.0,0.0,1.0,0.0,1.0,1.0,150,2.0,1.0,1.0,,,"-559513,32","-1185223,325","-559513,556","-1185228,941",,,,silnice2.t¯Ìdy,422,3266882.0,,OpaËn˝kesmÏru˙seku,Pomal˝,586251.0,,GN_V0.1UIR-ADR_410,2
60606190023,6,,2019-01-15,2,755,1,1,0,2,1,2,204,0,0,0,1700,2,6,1,1,1,3,0,1,0,0,0,3,2,0,,3,38.0,11,1.0,1.0,1.0,0.0,1.0,5.0,500,2.0,1.0,1.0,"-576198,89","-1181686,728","-576197,279","-1181679,745","-576197,184","-1181680,3",,,,mÌstnÌkomunikace,,2133940.0,,OpaËn˝kesmÏru˙seku,Pomal˝,586129.0,,GN_V0.1UIR-ADR_410,2
60606190024,1,55.0,2019-01-15,2,837,3,0,3,1,1,2,508,0,0,1,1600,2,3,1,1,1,1,1,1,0,0,5,1,1,0,,3,39.0,18,3.0,0.0,1.0,0.0,1.0,1.0,1500,2.0,1.0,1.0,"-564927,471","-1200725,103","-564927,471","-1200725,103","-564926,649","-1200728,783",,,,silnice1.t¯Ìdy,55,3567771.0,,OpaËn˝kesmÏru˙seku,Pomal˝,586021.0,,GN_V0.1UIR-ADR_410,2
60606190025,6,,2019-01-15,2,2560,2,0,0,2,1,0,508,0,0,0,100,2,3,1,1,1,1,0,8,0,0,10,1,2,0,,17,,XX,,,,,,,0,,,,"-563950,671","-1202664,941","-563950,671","-1202664,941","-563963,971","-1202662,918",HodonÌn,V˝stavnÌ,,mÌstnÌkomunikace,,1748727.0,,Souhlasn˝sesmÏrem˙seku,Pomal˝,586021.0,120014.0,GN_V0.1UIR-ADR_410,1
60606190026,1,54.0,2019-01-15,2,1730,5,0,0,2,4,0,100,0,0,0,220,2,3,1,1,6,1,1,1,0,0,0,1,1,0,,3,39.0,00,1.0,0.0,1.0,0.0,1.0,3.0,200,2.0,1.0,1.0,,,"-572508,978","-1180295,574","-572509,015","-1180296,181",,,,silnice1.t¯Ìdy,54,1259847.0,,OpaËn˝kesmÏru˙seku,Pomal˝,586030.0,,GN_V0.1UIR-ADR_410,2
60606190027,2,422.0,2019-01-16,3,700,4,0,0,1,3,0,100,0,0,1,0,2,1,1,1,4,4,1,1,0,0,0,1,1,0,,3,32.0,01,1.0,0.0,1.0,0.0,1.0,1.0,0,2.0,1.0,1.0,"-565324,1","-1187952,644","-565324,1","-1187952,644","-565327,534","-1187950,458",Svatobo¯ice-Mist¯Ìn,HlavnÌ,,silnice2.t¯Ìdy,422,685134.0,,OpaËn˝kesmÏru˙seku,Pomal˝,586625.0,123871.0,GN_V0.1UIR-ADR_410,1
60606190028,6,,2019-01-16,3,2560,2,0,0,2,1,0,508,0,0,0,200,4,1,1,1,1,1,0,0,0,0,0,1,2,0,,17,,XX,,,,,,,0,,,,"-563413,974","-1201211,659","-563413,974","-1201211,659","-563435,436","-1201224,132",HodonÌn,ävabinskÈho,,mÌstnÌkomunikace,,3327265.0,,OpaËn˝kesmÏru˙seku,Pomal˝,586021.0,770311.0,GN_V0.1UIR-ADR_410,1
60606190029,6,,2019-01-17,4,1150,9,0,0,2,1,0,511,0,0,0,1,2,1,1,1,1,1,1,1,0,0,0,1,1,0,,0,99.0,,1.0,0.0,1.0,0.0,1.0,5.0,0,8.0,0.0,1.0,"-556304,918","-1189639,176","-556304,918","-1189639,176","-556304,05","-1189639,476",Vracov,OkruûnÌ,,mÌstnÌkomunikace,,782779.0,,Souhlasn˝sesmÏrem˙seku,Pomal˝,586765.0,125563.0,GN_V0.1UIR-ADR_410,1
60606190030,1,55.0,2019-01-18,5,650,5,0,0,2,4,0,100,0,0,0,100,2,1,1,1,6,1,1,1,0,0,0,3,1,0,,3,47.0,09,1.0,0.0,1.0,0.0,1.0,3.0,100,2.0,1.0,1.0,"-548940,303","-1198861,825","-548941,378","-1198856,454","-548941,64","-1198857,86",,,,silnice1.t¯Ìdy,55,740122.0,,Souhlasn˝sesmÏrem˙seku,Pomal˝,586587.0,123447.0,GN_V0.1UIR-ADR_410,2
60606190031,2,426.0,2019-01-18,5,1905,0,0,0,1,1,0,501,0,0,1,20,2,1,1,1,6,3,1,8,0,0,8,3,2,0,,17,,XX,,,,,,,0,,,,"-551402,798","-1193768,556","-551385,084","-1193753,474","-551385,119","-1193753,489",,,,silnice2.t¯Ìdy,426,2137875.0,,OpaËn˝kesmÏru˙seku,Pomal˝,586081.0,,GN_V0.1UIR-ADR_410,2
60606190032,2,422.0,2019-01-18,5,1830,5,0,0,2,4,0,100,0,0,0,500,2,1,1,1,6,1,1,1,0,0,0,1,1,0,,3,39.0,14,1.0,0.0,1.0,0.0,1.0,1.0,500,2.0,1.0,1.0,,,"-577320,76","-1193466,097","-577315,353","-1193467,842",,,,silnice2.t¯Ìdy,422,3160147.0,,Souhlasn˝sesmÏrem˙seku,Pomal˝,586102.0,,GN_V0.1UIR-ADR_410,2
60606190033,3,4257.0,2019-01-18,5,1830,5,0,0,2,4,0,100,0,0,0,130,2,1,1,1,6,4,1,1,0,0,0,1,1,0,,3,39.0,13,1.0,0.0,1.0,0.0,1.0,1.0,100,2.0,1.0,5.0,,,"-558659,965","-1190930,1","-558659,258","-1190931,545",,,,silnice3.t¯Ìdy,4257,2978241.0,,Souhlasn˝sesmÏrem˙seku,Pomal˝,586765.0,,GN_V0.1UIR-ADR_410,2
60606190034,2,422.0,2019-01-18,5,2560,3,0,9,2,1,0,508,0,0,0,500,2,1,1,1,4,1,1,6,0,0,1,3,1,0,,3,26.0,01,1.0,0.0,1.0,1.0,1.0,3.0,300,9.0,,,"-570282,848","-1189609,642","-570282,848","-1189609,642","-570285,076","-1189615,853",äardice,,,silnice2.t¯Ìdy,422,3178436.0,,Souhlasn˝sesmÏrem˙seku,Pomal˝,586641.0,,GN_V0.1UIR-ADR_410,1
60606190035,6,,2019-01-18,5,2560,2,0,0,2,1,0,508,0,0,0,150,2,1,1,1,1,1,0,1,0,0,0,1,2,0,,17,,XX,,,,,,,0,,,,"-563311,585","-1201471,82","-563311,585","-1201471,82","-563315,431","-1201461,172",HodonÌn,Brandlova,,mÌstnÌkomunikace,,698584.0,,OpaËn˝kesmÏru˙seku,Pomal˝,586021.0,119342.0,GN_V0.1UIR-ADR_410,1
60606190036,1,54.0,2019-01-21,1,2560,2,0,0,2,1,0,508,0,0,0,100,2,1,1,1,1,1,1,1,0,0,0,1,2,0,,17,,XX,,,,,,,0,,,,"-552922,163","-1190259,116","-552922,163","-1190259,116","-552923,899","-1190263,909",Bzenec,n·mÏstÌSvobody,,silnice1.t¯Ìdy,54,3174859.0,,OpaËn˝kesmÏru˙seku,Pomal˝,586081.0,118010.0,GN_V0.1UIR-ADR_410,1
60606190037,2,432.0,2019-01-21,1,2218,0,0,0,1,5,0,100,0,0,1,10,2,1,1,1,4,1,1,1,0,0,7,1,1,0,,8,78.0,16,5.0,0.0,0.0,0.0,1.0,3.0,10,4.0,1.0,1.0,"-563812,527","-1202269,469","-563819,489","-1202257,688","-563818,749","-1202258,251",HodonÌn,MÏöùansk·,,silnice2.t¯Ìdy,432,1748659.0,,OpaËn˝kesmÏru˙seku,Pomal˝,586021.0,119113.0,GN_V0.1UIR-ADR_410,1
60606190038,1,55.0,2019-01-23,3,1443,1,3,0,1,1,2,204,0,1,1,5000,2,6,1,5,1,1,1,1,0,0,0,2,2,0,,3,4.0,03,1.0,1.0,1.0,0.0,1.0,3.0,1000,2.0,1.0,1.0,"-571304,406","-1205412,927","-571304,406","-1205412,927","-571304,522","-1205412,764",,,,silnice1.t¯Ìdy,55,2978315.0,,OpaËn˝kesmÏru˙seku,Pomal˝,586374.0,,GN_V0.1UIR-ADR_410,2
60606190039,3,4992.0,2019-01-24,4,1735,5,0,0,2,4,0,100,0,0,0,340,2,1,1,1,6,1,1,1,0,0,0,1,1,0,,3,38.0,18,1.0,0.0,1.0,0.0,1.0,3.0,300,2.0,1.0,1.0,,,"-546955,268","-1198062,031","-546946,512","-1198085,414",,,,silnice3.t¯Ìdy,4992,2137779.0,,Souhlasn˝sesmÏrem˙seku,Pomal˝,586757.0,,GN_V0.1UIR-ADR_410,2
60606190040,2,426.0,2019-01-24,4,2055,5,0,0,2,4,0,100,0,0,0,500,2,1,1,1,6,1,1,0,0,0,0,1,1,0,,3,39.0,15,3.0,0.0,1.0,0.0,1.0,1.0,500,2.0,1.0,1.0,"-551439,581","-1193271,751","-551439,581","-1193271,751","-551431,311","-1193271,464",,,,silnice2.t¯Ìdy,426,2137875.0,,Souhlasn˝sesmÏrem˙seku,Pomal˝,586081.0,,GN_V0.1UIR-ADR_410,2
60606190041,1,54.0,2019-01-26,6,330,3,0,3,2,1,0,205,0,0,0,300,2,1,1,1,6,1,1,8,0,0,0,3,1,0,,3,47.0,97,1.0,0.0,1.0,0.0,1.0,1.0,200,2.0,9.0,1.0,"-566075,76","-1185260,251","-566074,689","-1185249,541","-566074,201","-1185248,861",,,,silnice1.t¯Ìdy,54,2134336.0,,Souhlasn˝sesmÏrem˙seku,Pomal˝,586552.0,,GN_V0.1UIR-ADR_410,2
60606190042,1,55.0,2019-01-27,0,710,3,0,7,2,1,2,204,0,0,0,3600,2,6,1,6,2,1,1,8,0,0,4,3,1,0,,3,47.0,90,1.0,1.0,1.0,0.0,1.0,3.0,400,2.0,1.0,1.0,"-546681,959","-1194933,595","-546678,637","-1194923,305","-546678,586","-1194923,351",Vnorovy,HlavnÌ,,silnice1.t¯Ìdy,55,782754.0,,Souhlasn˝sesmÏrem˙seku,Pomal˝,586757.0,125059.0,GN_V0.1UIR-ADR_410,1
60606190043,1,71.0,2019-01-28,1,435,1,3,0,1,1,2,204,0,0,1,900,2,8,1,5,7,1,1,1,0,0,0,2,2,0,,3,26.0,03,9.0,0.0,1.0,0.0,1.0,3.0,200,2.0,1.0,1.0,"-535392,852","-1204588,517","-535392,852","-1204588,517","-535394,985","-1204587,854",,,,silnice1.t¯Ìdy,71,2134369.0,,OpaËn˝kesmÏru˙seku,Pomal˝,586714.0,,GN_V0.1UIR-ADR_410,2
60606190044,3,4254.0,2019-01-28,1,800,3,0,3,2,1,2,204,0,0,0,100,2,6,1,5,1,1,1,3,0,0,5,1,1,0,,3,39.0,97,1.0,1.0,1.0,0.0,1.0,1.0,50,2.0,1.0,1.0,"-561449,773","-1195146,046","-561449,773","-1195146,046","-561449,669","-1195141,683",,,,silnice3.t¯Ìdy,4254,1609420.0,,OpaËn˝kesmÏru˙seku,Pomal˝,586510.0,721743.0,GN_V0.1UIR-ADR_410,2
60606190045,2,426.0,2019-01-28,1,955,1,2,0,2,1,2,204,0,0,0,800,2,8,1,5,3,1,1,1,0,0,5,1,2,0,,3,32.0,98,1.0,1.0,1.0,0.0,1.0,3.0,200,2.0,1.0,1.0,"-550361,427","-1196834,043","-550361,427","-1196834,043","-550363,678","-1196834,931",,,,silnice2.t¯Ìdy,426,2977961.0,,OpaËn˝kesmÏru˙seku,Pomal˝,586587.0,,GN_V0.1UIR-ADR_410,2
60606190046,3,42213.0,2019-01-27,0,1830,5,0,0,2,4,0,100,0,0,0,200,2,1,1,1,6,1,1,1,0,0,0,1,1,0,,3,31.0,00,1.0,0.0,1.0,0.0,1.0,1.0,150,2.0,1.0,1.0,,,"-561084,693","-1184286,896","-561084,472","-1184287,336",,,,silnice3.t¯Ìdy,42213,1323712.0,,OpaËn˝kesmÏru˙seku,Pomal˝,586277.0,,GN_V0.1UIR-ADR_410,2
60606190047,3,41923.0,2019-01-28,1,1150,9,0,0,1,1,2,204,0,0,1,50,2,8,1,5,1,1,1,3,0,0,0,2,1,0,,8,99.0,13,3.0,1.0,1.0,0.0,1.0,3.0,50,4.0,1.0,1.0,"-571218,802","-1183257,413","-571218,802","-1183257,413","-571223,927","-1183251,669",,,,silnice3.t¯Ìdy,41923,2134061.0,,Souhlasn˝sesmÏrem˙seku,Pomal˝,586153.0,,GN_V0.1UIR-ADR_410,2
60606190048,2,432.0,2019-01-28,1,615,3,0,9,2,1,0,511,0,0,0,200,2,8,1,5,5,1,1,0,0,0,7,1,1,0,,8,19.0,17,3.0,0.0,1.0,0.0,1.0,3.0,50,4.0,1.0,1.0,"-563862,128","-1202338,451","-563870,485","-1202318,371","-563870,465","-1202318,39",HodonÌn,MÏöùansk·,,silnice2.t¯Ìdy,432,699552.0,,OpaËn˝kesmÏru˙seku,Pomal˝,586021.0,119113.0,GN_V0.1UIR-ADR_410,1
60606190049,1,54.0,2019-01-30,3,1030,1,3,0,1,1,2,403,0,0,1,1600,2,3,1,1,1,1,1,1,3,3,0,5,2,19,2.0,3,32.0,13,1.0,0.0,1.0,0.0,1.0,21.0,700,2.0,1.0,1.0,"-574502,439","-1180704,476","-574499,471","-1180693,655","-574499,361","-1180693,431",,,,silnice1.t¯Ìdy,54,3402965.0,,Souhlasn˝sesmÏrem˙seku,Pomal˝,586790.0,,GN_V0.1UIR-ADR_410,2
60606190050,1,54.0,2019-01-30,3,1236,1,4,0,1,1,2,508,0,0,1,1000,2,3,1,1,1,1,1,1,0,0,1,1,2,0,,5,7.0,13,3.0,0.0,1.0,0.0,1.0,1.0,500,2.0,1.0,1.0,"-562904,135","-1185426,748","-562899,248","-1185433,452","-562899,233","-1185433,402",Kyjov,Nerudova,,silnice1.t¯Ìdy,54,1415362.0,,Souhlasn˝sesmÏrem˙seku,Pomal˝,586307.0,120511.0,GN_V0.1UIR-ADR_410,1
60606190051,2,422.0,2019-01-30,3,1315,1,3,0,1,2,2,409,0,0,1,160,2,3,1,1,1,1,1,1,3,3,0,5,2,19,6.0,13,0.0,,1.0,0.0,1.0,0.0,1.0,12.0,10,8.0,1.0,1.0,"-565474,06","-1188222,894","-565478,287","-1188225,233","-565478,285","-1188225,235",Svatobo¯ice-Mist¯Ìn,HlavnÌ,,silnice2.t¯Ìdy,422,685528.0,,,Pomal˝,586625.0,123871.0,GN_V0.1UIR-ADR_410,1
60606190052,6,,2019-01-30,3,1325,1,2,0,1,1,2,402,0,0,1,2000,2,1,1,1,1,1,1,1,3,3,1,4,2,10,6.0,3,38.0,03,1.0,0.0,1.0,0.0,1.0,5.0,300,2.0,1.0,2.0,,,"-563952,978","-1201942,696","-563952,978","-1201942,696",HodonÌn,Marxova,,mÌstnÌkomunikace,,3297970.0,,,Pomal˝,586021.0,119440.0,GN_V0.1UIR-ADR_410,1
60606190053,2,432.0,2019-01-31,4,1104,1,3,0,1,1,2,402,0,0,2,1300,2,3,1,1,1,2,1,1,3,3,2,5,2,19,3.0,3,48.0,03,1.0,0.0,1.0,1.0,1.0,21.0,500,2.0,1.0,1.0,"-561158,792","-1195016,761","-561162,508","-1195013,332","-561162,384","-1195013,367",RatÌökovice,VÌtÏzn·,,silnice2.t¯Ìdy,432,693259.0,,Souhlasn˝sesmÏrem˙seku,Pomal˝,586510.0,707678.0,GN_V0.1UIR-ADR_410,1