IDENTIFIKA»NÕ »ÕSLO,DRUH POZEMNÕ KOMUNIKACE,»ÕSLO POZEMNÕ KOMUNIKACE,"den, mÏsÌc, rok",,Ëas ,DRUH NEHODY,DRUH SR¡éKY JEDOUCÕCH VOZIDEL,DRUH PEVN… PÿEK¡éKY,CHARAKTER NEHODY,ZAVINÃNÕ NEHODY,ALKOHOL U VINÕKA NEHODY PÿÕTOMEN,HLAVNÕ PÿÕ»INY NEHODY,usmrceno osob,tÏûce zranÏno osob,lehce zranÏno osob,CELKOV¡ HMOTN¡ äKODA,DRUH POVRCHU VOZOVKY,STAV POVRCHU VOZOVKY V DOBÃ NEHODY,STAV KOMUNIKACE,POVÃTRNOSTNÕ PODMÕNKY V DOBÃ NEHODY,VIDITELNOST,ROZHLEDOV… POMÃRY,DÃLENÕ KOMUNIKACE,SITUOV¡NÕ NEHODY NA KOMUNIKACI,ÿÕZENÕ PROVOZU V DOBÃ NEHODY,MÕSTNÕ ⁄PRAVA PÿEDNOSTI V JÕZDÃ,SPECIFICK¡ MÕSTA A OBJEKTY V MÕSTÃ NEHODY,SMÃROV… POMÃRY,PO»ET Z⁄»ASTNÃN›CH VOZIDEL,MÕSTO DOPRAVNÕ NEHODY,DRUH KÿIéUJÕCÕ KOMUNIKACE,DRUH VOZIDLA,V›ROBNÕ ZNA»KA MOTOROV…HO VOZIDLA,ROK V›ROBY VOZIDLA,CHARAKTERISTIKA VOZIDLA ,SMYK,VOZIDLO PO NEHODÃ,"⁄NIK PROVOZNÕCH, PÿEPRAVOVAN›CH HMOT",ZPŸSOB VYPROäTÃNÕ OSOB Z VOZIDLA,SMÃR JÕZDY NEBO POSTAVENÕ VOZIDLA,äKODA NA VOZIDLE,KATEGORIE ÿIDI»E,STAV ÿIDI»E,VNÃJäÕ OVLIVNÃNÕ ÿIDI»E,nan.1,nan.2,nan.3,nan.4,nan.5,nan.6,nan.7,nan.8,nan.9,nan.10,nan.11,nan.12,nan.13,nan.14,nan.15,nan.16,nan.17,nan.18,LOKALITA NEHODY
61206190001,3,37728.0,2019-01-03,4,1625,3,0,3,2,1,2,204,0,0,0,30,2,5,1,6,2,2,1,3,3,3,7,5,1,19,6.0,3,17.0,98,1.0,1.0,1.0,0.0,1.0,31.0,10,2.0,1.0,1.0,"-572264,355","-1150497,386","-572264,355","-1150497,386","-572264,108","-1150496,448",Vyökov,,,silnice3.t¯Ìdy,37728,1291212.0,,Souhlasn˝sesmÏrem˙seku,Pomal˝,592889.0,,GN_V0.1UIR-ADR_410,1
61206190002,3,4314.0,2019-01-06,0,1440,5,0,0,2,4,0,100,0,0,0,230,2,1,1,1,1,1,1,1,0,0,0,1,1,0,,3,35.0,18,1.0,0.0,0.0,0.0,1.0,1.0,200,2.0,1.0,1.0,"-573477,647","-1157444,501","-573477,647","-1157444,501","-573479,607","-1157447,23",,,,silnice3.t¯Ìdy,4314,2379721.0,,OpaËn˝kesmÏru˙seku,Pomal˝,593273.0,,GN_V0.1UIR-ADR_410,2
61206190003,6,,2019-01-06,0,1900,2,0,0,2,1,0,504,0,0,0,70,2,1,1,1,4,1,1,1,3,3,10,1,2,0,,3,31.0,93,3.0,0.0,3.0,0.0,1.0,5.0,20,2.0,1.0,1.0,"-570016,386","-1153976,748","-570022,3","-1153959,544","-570021,909","-1153960,069",Vyökov,SÌdliötÏOsvobozenÌ,,mÌstnÌkomunikace,,2983323.0,,,Pomal˝,592889.0,,GN_V0.1UIR-ADR_410,1
61206190004,2,430.0,2019-01-08,2,239,3,0,1,2,1,2,508,0,0,0,1210,2,6,1,5,7,1,1,3,3,3,0,1,1,0,,3,4.0,14,3.0,0.0,1.0,1.0,1.0,3.0,1200,2.0,1.0,1.0,"-574103,463","-1158054,108","-574103,463","-1158054,108","-574097,191","-1158063,761",,,,silnice2.t¯Ìdy,430,1322478.0,,OpaËn˝kesmÏru˙seku,Pomal˝,593397.0,,GN_V0.1UIR-ADR_410,2
61206190005,3,473.0,2019-01-08,2,630,3,0,6,2,1,0,508,0,0,0,200,2,3,1,6,5,1,1,1,0,0,0,1,1,0,,7,48.0,12,3.0,1.0,3.0,0.0,1.0,3.0,0,4.0,1.0,1.0,"-579317,693","-1162740,57","-579317,693","-1162740,57","-579326,547","-1162743,119",RousÌnov,Npor.Kr·le,,silnice3.t¯Ìdy,0473,638837.0,,OpaËn˝kesmÏru˙seku,Pomal˝,593559.0,636754.0,GN_V0.1UIR-ADR_410,1
61206190006,6,,2019-01-08,2,1030,3,0,9,2,1,0,508,0,0,0,20,2,3,1,1,1,3,1,1,3,3,5,5,1,10,6.0,17,,XX,,,,,,,0,,,,"-572202,609","-1168691,102","-572192,94","-1168681,97","-572192,992","-1168681,973",BuËovice,Marefy,,mÌstnÌkomunikace,,3458530.0,,OpaËn˝kesmÏru˙seku,Pomal˝,592943.0,,GN_V0.1UIR-ADR_410,1
61206190007,1,47.0,2019-01-10,4,1240,2,0,0,2,1,0,508,0,0,0,30,2,3,1,1,1,1,1,1,0,0,0,1,2,0,,17,,XX,,,,,,,0,,,,"-561616,662","-1152189,133","-561616,662","-1152189,133","-561614,931","-1152192,053",IvanovicenaHanÈ,KomenskÈho,,silnice1.t¯Ìdy,47,610926.0,,Souhlasn˝sesmÏrem˙seku,Pomal˝,593117.0,635685.0,GN_V0.1UIR-ADR_410,1
61206190008,1,47.0,2019-01-15,2,645,9,0,0,1,1,2,204,0,0,1,450,2,6,1,5,7,1,1,8,0,0,0,3,1,0,,3,13.0,08,1.0,1.0,0.0,0.0,1.0,1.0,400,2.0,1.0,1.0,"-563064,53","-1152754,448","-563064,53","-1152754,448","-563061,669","-1152757,084",,,,silnice1.t¯Ìdy,47,612117.0,,Souhlasn˝sesmÏrem˙seku,Pomal˝,593117.0,,GN_V0.1UIR-ADR_410,2
61206190009,6,,2019-01-16,3,1245,2,0,0,2,1,0,504,0,0,0,50,2,1,1,1,1,1,1,1,0,0,0,1,2,0,,3,5.0,11,3.0,0.0,1.0,0.0,1.0,5.0,0,9.0,,,"-568939,725","-1154495,823","-568939,725","-1154495,823","-568938,138","-1154496,607",Vyökov,KostelnÌ,,mÌstnÌkomunikace,,3139918.0,,OpaËn˝kesmÏru˙seku,Pomal˝,592889.0,638218.0,GN_V0.1UIR-ADR_410,1
61206190010,2,379.0,2019-01-17,4,1540,3,0,6,2,1,2,508,0,0,0,750,2,3,1,1,1,1,1,1,0,0,0,1,2,0,,3,39.0,07,1.0,1.0,1.0,1.0,1.0,1.0,500,2.0,1.0,1.0,"-576828,996","-1150502,422","-576824,699","-1150501,348","-576824,753","-1150501,384",,,,silnice2.t¯Ìdy,379,1608311.0,,OpaËn˝kesmÏru˙seku,Pomal˝,593125.0,,GN_V0.1UIR-ADR_410,2
61206190011,6,,2019-01-18,5,1045,3,0,6,2,1,2,509,0,0,0,500,2,1,1,1,1,1,1,8,0,0,0,1,1,0,,5,12.0,07,3.0,0.0,0.0,0.0,1.0,5.0,300,2.0,1.0,1.0,"-578040,406","-1172575,665","-578040,406","-1172575,665","-578040,799","-1172575,837",NÌûkovice,PetraKoöù·la,,mÌstnÌkomunikace,,661637.0,,OpaËn˝kesmÏru˙seku,Pomal˝,593435.0,,GN_V0.1UIR-ADR_410,1
61206190012,6,,2019-01-20,0,1926,2,0,0,2,1,0,501,0,0,0,200,2,1,1,1,4,1,1,1,0,0,0,1,2,0,,17,,XX,,,,,,,0,,,,"-578754,31","-1167490,986","-578754,31","-1167490,986","-578763,593","-1167489,582",SlavkovuBrna,HavlÌËkova,,mÌstnÌkomunikace,,652601.0,,OpaËn˝kesmÏru˙seku,Pomal˝,593583.0,637157.0,GN_V0.1UIR-ADR_410,1
61206190013,1,50.0,2019-01-21,1,837,1,2,0,2,1,2,411,0,0,0,300,2,1,1,1,1,1,5,1,0,0,0,2,2,0,,7,62.0,19,3.0,0.0,0.0,0.0,1.0,1.0,50,3.0,1.0,1.0,"-583516,171","-1164011,199","-583516,171","-1164011,199","-583513,939","-1164006,262",,,,silnice1.t¯Ìdy,50,641844.0,,Souhlasn˝sesmÏrem˙seku,Pomal˝,550825.0,,GN_V0.1UIR-ADR_410,2
61206190014,1,54.0,2019-01-24,4,1550,3,0,3,2,1,2,205,0,0,0,350,2,1,1,1,1,1,1,1,0,0,0,3,1,0,,3,39.0,02,3.0,1.0,0.0,0.0,1.0,1.0,250,2.0,1.0,1.0,"-575948,136","-1175660,703","-575965,325","-1175673,595","-575965,66","-1175675,327",,,,silnice1.t¯Ìdy,54,3342879.0,,OpaËn˝kesmÏru˙seku,Pomal˝,550213.0,,GN_V0.1UIR-ADR_410,2
61206190015,1,50.0,2019-01-25,5,1025,3,0,3,2,1,2,205,0,0,0,120,2,3,1,1,1,1,1,1,3,3,0,5,1,19,2.0,3,31.0,97,1.0,1.0,1.0,0.0,1.0,13.0,70,2.0,1.0,1.0,"-583768,68","-1163522,187","-583768,68","-1163522,187","-583767,349","-1163523,624",,,,silnice1.t¯Ìdy,50,640494.0,,Souhlasn˝sesmÏrem˙seku,Pomal˝,550825.0,,GN_V0.1UIR-ADR_410,2
61206190016,2,431.0,2019-01-19,6,330,5,0,0,2,4,0,100,0,0,0,70,2,1,1,1,6,1,1,1,0,0,0,1,1,0,,3,31.0,08,1.0,0.0,1.0,0.0,1.0,3.0,50,3.0,1.0,1.0,"-567907,124","-1157554,001","-567916,255","-1157548,63","-567917,062","-1157548,745",,,,silnice2.t¯Ìdy,431,2981656.0,,OpaËn˝kesmÏru˙seku,Pomal˝,592889.0,,GN_V0.1UIR-ADR_410,2
61206190017,3,502.0,2019-01-26,6,1325,3,0,3,2,1,2,204,0,0,0,350,2,6,1,5,3,1,1,8,0,0,0,2,1,0,,3,39.0,07,1.0,1.0,1.0,0.0,1.0,1.0,300,2.0,1.0,1.0,"-575986,083","-1166790,7","-575986,083","-1166790,7","-575981,8","-1166792,473",NÏmËany,,,silnice3.t¯Ìdy,0502,1051825.0,,OpaËn˝kesmÏru˙seku,Pomal˝,593371.0,,GN_V0.1UIR-ADR_410,1
61206190018,6,,2019-01-26,6,1400,3,0,9,2,1,2,204,0,0,0,550,2,6,1,5,3,1,1,8,0,0,5,3,1,0,,3,32.0,09,1.0,0.0,1.0,0.0,1.0,5.0,500,2.0,1.0,1.0,"-569781,105","-1159819,262","-569781,105","-1159819,262","-569777,85","-1159829,129",HluboËany,,,mÌstnÌkomunikace,,3443784.0,,Souhlasn˝sesmÏrem˙seku,Pomal˝,593036.0,,GN_V0.1UIR-ADR_410,1
61206190019,3,37365.0,2019-01-26,6,2020,9,0,0,1,1,2,204,0,0,1,500,2,6,1,6,7,4,1,3,3,5,0,3,1,0,,3,47.0,10,1.0,1.0,1.0,0.0,3.0,1.0,300,4.0,1.0,1.0,"-581232,886","-1151971,841","-581221,068","-1151955,727","-581220,467","-1151956,227",,,,silnice3.t¯Ìdy,37365,1608987.0,,OpaËn˝kesmÏru˙seku,Pomal˝,583057.0,,GN_V0.1UIR-ADR_410,2
61206190020,3,4161.0,2019-01-28,1,719,3,0,9,2,1,2,204,0,0,0,250,2,6,1,5,2,1,1,8,0,0,0,2,1,0,,8,19.0,18,4.0,1.0,0.0,0.0,1.0,1.0,200,4.0,1.0,1.0,"-583682,955","-1164124,008","-583706,052","-1164155,699","-583707,182","-1164157,479",Holubice,,,silnice3.t¯Ìdy,4161,1453732.0,,Souhlasn˝sesmÏrem˙seku,Pomal˝,550825.0,,GN_V0.1UIR-ADR_410,1
61206190021,2,431.0,2019-01-28,1,930,3,0,1,2,1,2,204,0,0,0,900,2,6,1,5,3,1,1,8,0,0,0,3,1,0,,3,39.0,13,3.0,1.0,0.0,0.0,1.0,1.0,800,2.0,1.0,1.0,"-567273,36","-1160064,353","-567273,36","-1160064,353","-567276,226","-1160065,923",Bohdalice-Pavlovice,,,silnice2.t¯Ìdy,431,1050820.0,,OpaËn˝kesmÏru˙seku,Pomal˝,592901.0,,GN_V0.1UIR-ADR_410,1
61206190022,2,379.0,2019-01-28,1,1125,9,0,0,1,1,2,204,0,0,1,1000,2,5,2,5,3,1,1,1,0,0,0,2,1,0,,3,23.0,00,1.0,1.0,0.0,0.0,1.0,3.0,1000,2.0,1.0,1.0,,,"-576831,617","-1150482,569","-576834,342","-1150484,053",,,,silnice2.t¯Ìdy,379,1985644.0,,OpaËn˝kesmÏru˙seku,Pomal˝,593125.0,,GN_V0.1UIR-ADR_410,2
61206190023,2,430.0,2019-01-28,1,925,3,0,3,2,1,2,204,0,0,0,600,2,5,12,5,3,1,1,8,0,0,0,2,1,0,,3,32.0,12,1.0,1.0,0.0,0.0,1.0,1.0,500,2.0,1.0,1.0,"-581675,178","-1163392,183","-581675,178","-1163392,183","-581676,321","-1163388,626",,,,silnice2.t¯Ìdy,430,1557813.0,,OpaËn˝kesmÏru˙seku,Pomal˝,583227.0,,GN_V0.1UIR-ADR_410,2
61206190024,3,4161.0,2019-01-28,1,1020,3,0,2,2,1,2,204,0,0,0,850,2,6,1,5,3,1,1,8,0,0,5,1,1,0,,3,4.0,11,1.0,1.0,0.0,0.0,1.0,1.0,800,2.0,1.0,1.0,"-583234,825","-1165674,247","-583223,008","-1165667,802","-583222,241","-1165667,816",,,,silnice3.t¯Ìdy,4161,2981803.0,,Souhlasn˝sesmÏrem˙seku,Pomal˝,550825.0,,GN_V0.1UIR-ADR_410,2
61206190025,2,428.0,2019-01-28,1,1215,1,2,0,2,1,9,204,0,0,0,150,2,8,1,5,3,1,1,1,3,3,0,5,2,12,6.0,3,13.0,04,1.0,1.0,3.0,0.0,1.0,12.0,50,7.0,5.0,1.0,"-559688,078","-1155596,335","-559700,433","-1155580,758","-559700,095","-1155581,041",äv·benice,,,mÌstnÌkomunikace,,1615629.0,,OpaËn˝kesmÏru˙seku,Pomal˝,593621.0,,GN_V0.1UIR-ADR_410,1
61206190026,6,,2019-01-29,2,2560,3,0,3,2,1,0,508,0,0,0,50,2,8,1,1,1,1,0,8,0,0,0,1,1,0,,17,,XX,,,,,,,0,,,,"-571819,297","-1158955,332","-571819,297","-1158955,332","-571812,4","-1158951,048",RostÏnice-Zvonovice,,,mÌstnÌkomunikace,,3416723.0,,,Pomal˝,554898.0,,GN_V0.1UIR-ADR_410,1
61206190027,6,,2019-01-29,2,1625,3,0,2,2,1,2,504,0,0,0,200,2,8,1,1,1,1,0,8,0,0,0,1,1,0,,6,26.0,16,3.0,0.0,0.0,0.0,1.0,5.0,0,3.0,1.0,1.0,"-569653,665","-1154673,406","-569653,665","-1154673,406","-569656,142","-1154673,637",Vyökov,,,mÌstnÌkomunikace,,769362.0,,OpaËn˝kesmÏru˙seku,Pomal˝,592889.0,,GN_V0.1UIR-ADR_410,1
61206190028,3,478.0,2019-01-30,3,855,1,1,0,1,1,2,205,0,0,2,1050,2,3,1,1,1,1,1,1,1,0,0,3,2,0,,3,29.0,03,1.0,1.0,0.0,1.0,1.0,3.0,700,2.0,1.0,1.0,"-575987,562","-1161281,632","-575987,562","-1161281,632","-575988,801","-1161283,167",,,,silnice3.t¯Ìdy,0478,3194786.0,,Souhlasn˝sesmÏrem˙seku,Pomal˝,593168.0,,GN_V0.1UIR-ADR_410,2
61206190029,3,502.0,2019-01-26,6,2560,3,0,6,2,1,0,205,0,0,0,100,2,3,1,1,1,1,1,8,0,0,0,2,1,0,,17,,XX,,,,,,,0,,,,"-576090,418","-1166836,539","-576090,418","-1166836,539","-576090,39","-1166834,305",NÏmËany,,,silnice3.t¯Ìdy,0502,3172074.0,,Souhlasn˝sesmÏrem˙seku,Pomal˝,593371.0,,GN_V0.1UIR-ADR_410,1
61206190030,3,37738.0,2019-01-31,4,805,2,0,0,2,1,0,204,0,0,0,100,2,5,1,1,1,1,1,1,0,0,0,3,2,0,,17,,XX,,,,,,,0,,,,"-570731,624","-1152195,207","-570731,624","-1152195,207","-570731,87","-1152195,722",Vyökov,PalackÈho,,silnice3.t¯Ìdy,37738,3194764.0,,Souhlasn˝sesmÏrem˙seku,Pomal˝,592889.0,638293.0,GN_V0.1UIR-ADR_410,1
61306190001,2,412.0,2019-01-01,2,1652,1,2,0,2,1,0,403,0,0,0,100,2,3,1,1,4,1,1,1,3,3,0,5,2,19,6.0,17,,XX,,,,,,,0,,,,"-641935,901","-1193638,353","-641918,712","-1193646,947","-641918,839","-1193646,043",Znojmo,Rooseveltova,,silnice2.t¯Ìdy,412,1703217.0,,OpaËn˝kesmÏru˙seku,Pomal˝,593711.0,650641.0,GN_V0.1UIR-ADR_410,1
61306190002,3,40823.0,2019-01-01,2,200,3,0,6,2,1,0,205,0,0,0,150,2,1,1,1,4,1,1,1,3,3,0,5,1,19,6.0,17,,XX,,,,,,,0,,,,"-649493,201","-1185627,006","-649493,201","-1185627,006","-649494,75",-1185623,Olbramkostel,,,silnice3.t¯Ìdy,40823,1058535.0,,Souhlasn˝sesmÏrem˙seku,Pomal˝,594555.0,,GN_V0.1UIR-ADR_410,1
61306190003,8,,2019-01-02,3,2560,2,0,0,2,1,0,508,0,0,0,500,2,1,1,1,4,1,1,1,0,0,8,1,2,0,,17,,XX,,,,,,,0,,,,"-643210,055","-1193008,412","-643210,055","-1193008,412","-643210,595","-1193008,955",Znojmo,P¯ÌmÏtick·,,mÌstnÌkomunikace,,1606200.0,,OpaËn˝kesmÏru˙seku,Pomal˝,593711.0,,GN_V0.1UIR-ADR_410,1
61306190004,2,361.0,2019-01-03,4,830,3,0,3,2,1,2,508,0,0,0,100,2,1,1,1,1,1,1,1,3,3,0,5,1,19,6.0,3,47.0,15,1.0,0.0,1.0,0.0,1.0,32.0,50,2.0,1.0,1.0,"-643188,187","-1192975,788","-643188,187","-1192975,788","-643195,039","-1192976,778",Znojmo,P¯ÌmÏtick·,,silnice2.t¯Ìdy,361,1703122.0,,Souhlasn˝sesmÏrem˙seku,Pomal˝,593711.0,650757.0,GN_V0.1UIR-ADR_410,1
61306190005,6,,2019-01-04,5,1544,3,0,9,2,1,0,204,0,0,0,30,2,8,1,5,1,1,1,1,3,3,0,5,1,10,6.0,17,,XX,,,,,,,0,,,,"-620860,143","-1175398,92","-620860,143","-1175398,92","-620853,741","-1175394,399",Moravsk˝Krumlov,V·clavsk·,,mÌstnÌkomunikace,,665549.0,,Souhlasn˝sesmÏrem˙seku,Pomal˝,594482.0,648655.0,GN_V0.1UIR-ADR_410,1
61306190006,8,,2019-01-04,5,1424,2,0,0,2,1,0,504,0,0,0,10,1,8,1,5,1,1,0,0,0,0,0,1,2,0,,3,39.0,99,1.0,0.0,0.0,0.0,1.0,5.0,0,9.0,,,"-643720,719","-1192411,16","-643720,719","-1192411,16","-643723,819","-1192407,316",Znojmo,,,mÌstnÌkomunikace,,3566767.0,,Souhlasn˝sesmÏrem˙seku,Pomal˝,593711.0,,GN_V0.1UIR-ADR_410,1
61306190007,2,413.0,2019-01-05,6,1740,3,0,6,1,1,2,204,0,0,1,1550,2,3,1,4,7,1,1,8,0,0,0,1,1,0,,3,39.0,11,3.0,0.0,1.0,1.0,1.0,1.0,1500,2.0,1.0,1.0,"-627988,012","-1186061,093","-627988,012","-1186061,093","-627987,864","-1186061,231",,,,silnice2.t¯Ìdy,413,2095928.0,,Souhlasn˝sesmÏrem˙seku,Pomal˝,594113.0,,GN_V0.1UIR-ADR_410,2
61306190008,2,398.0,2019-01-05,6,1745,3,0,2,2,1,2,204,0,0,0,200,2,8,1,5,7,1,1,1,0,0,0,1,1,0,,3,13.0,00,1.0,1.0,1.0,0.0,1.0,1.0,100,3.0,1.0,1.0,"-660391,815","-1187474,091","-660391,815","-1187474,091","-660387,942","-1187465,588",,,,silnice2.t¯Ìdy,398,2874098.0,,Souhlasn˝sesmÏrem˙seku,Pomal˝,595098.0,649465.0,GN_V0.1UIR-ADR_410,2
61306190009,3,15250.0,2019-01-07,1,1850,3,0,3,2,1,2,204,0,0,0,150,2,6,1,1,6,1,1,8,0,0,0,3,1,0,,3,39.0,03,1.0,1.0,1.0,0.0,1.0,3.0,100,3.0,1.0,1.0,"-622669,336","-1171985,391","-622682,765","-1171981,631","-622682,399","-1171981,438",,,,silnice3.t¯Ìdy,15250,2089223.0,,Souhlasn˝sesmÏrem˙seku,Pomal˝,594482.0,,GN_V0.1UIR-ADR_410,2
61306190010,2,152.0,2019-01-08,2,615,3,0,1,2,1,2,204,0,0,0,225,2,8,1,5,7,1,1,8,0,0,0,2,1,0,,3,4.0,06,1.0,1.0,1.0,0.0,1.0,3.0,200,2.0,1.0,1.0,"-626644,596","-1170203,429","-626644,596","-1170203,429","-626645,997","-1170206,217",,,,silnice2.t¯Ìdy,152,1656583.0,,OpaËn˝kesmÏru˙seku,Pomal˝,594181.0,,GN_V0.1UIR-ADR_410,2
61306190011,2,396.0,2019-01-08,2,1045,9,0,0,1,1,2,204,0,0,1,150,2,3,1,1,1,1,1,8,0,0,0,3,1,0,,3,39.0,02,1.0,1.0,1.0,0.0,1.0,3.0,150,2.0,1.0,1.0,"-622683,658","-1178155,333","-622683,658","-1178155,333","-622685,386","-1178152,126",,,,silnice2.t¯Ìdy,396,3234036.0,,Souhlasn˝sesmÏrem˙seku,Pomal˝,594750.0,,GN_V0.1UIR-ADR_410,2
61306190012,6,,2019-01-08,2,1130,3,0,9,2,1,0,508,0,0,0,50,1,3,1,1,1,1,1,1,0,0,0,1,1,0,,5,12.0,17,3.0,0.0,1.0,0.0,1.0,5.0,0,2.0,1.0,1.0,"-629409,724","-1172364,261","-629407,038","-1172372,318","-629405,099","-1172372,927",HornÌDubÚany,,,mÌstnÌkomunikace,,3213642.0,,OpaËn˝kesmÏru˙seku,Pomal˝,594083.0,,GN_V0.1UIR-ADR_410,1
61306190013,2,397.0,2019-01-09,3,335,3,0,3,2,1,0,205,0,0,0,55,2,3,1,1,4,1,1,0,3,3,0,4,1,29,6.0,17,,XX,,,,,,,0,,,,"-625738,741","-1197782,384","-625728,536","-1197774,865","-625728,64","-1197774,853",Boûice,,,silnice2.t¯Ìdy,397,1063047.0,,Souhlasn˝sesmÏrem˙seku,Pomal˝,593826.0,,GN_V0.1UIR-ADR_410,1
61306190014,6,,2019-01-09,3,515,4,0,0,1,1,2,508,0,0,1,150,2,3,1,1,4,1,1,1,3,3,0,4,1,10,6.0,5,19.0,15,3.0,0.0,1.0,0.0,1.0,5.0,150,2.0,1.0,1.0,"-641786,898","-1194561,451","-641787,972","-1194539,428","-641787,936","-1194539,37",Znojmo,Uheln·,,mÌstnÌkomunikace,,760467.0,,Souhlasn˝sesmÏrem˙seku,Pomal˝,593711.0,651478.0,GN_V0.1UIR-ADR_410,1
61306190015,2,408.0,2019-01-09,3,805,3,0,1,1,1,2,204,0,0,1,200,2,8,1,1,1,1,1,1,0,0,0,2,1,0,,3,35.0,03,1.0,1.0,1.0,0.0,1.0,1.0,195,2.0,1.0,1.0,"-649390,727","-1189757,35","-649390,727","-1189757,35","-649388,278","-1189751,605",,,,silnice2.t¯Ìdy,408,2937610.0,,Souhlasn˝sesmÏrem˙seku,Pomal˝,593851.0,,GN_V0.1UIR-ADR_410,2
61306190016,3,4156.0,2019-01-09,3,705,1,2,0,1,1,0,508,0,0,1,160,2,3,1,1,4,1,1,1,0,0,0,1,2,0,,17,,XX,,,,,,,0,,,,"-618873,2","-1202816,766","-618874,274","-1202825,898","-618873,659","-1202824,49",HrabÏtice,äanovsk·,,silnice3.t¯Ìdy,4156,3241789.0,,OpaËn˝kesmÏru˙seku,Pomal˝,594130.0,704598.0,GN_V0.1UIR-ADR_410,1
61306190017,6,,2019-01-01,2,2560,2,0,0,2,1,0,508,0,0,0,50,2,3,1,5,1,1,1,1,0,0,0,1,2,0,,17,,XX,,,,,,,0,,,,"-643084,207","-1193124,731","-643084,207","-1193124,731","-643087,013","-1193121,874",Znojmo,Praûsk·,,mÌstnÌkomunikace,,690968.0,,Souhlasn˝sesmÏrem˙seku,Pomal˝,593711.0,,GN_V0.1UIR-ADR_410,1
61306190018,2,400.0,2019-01-11,5,2000,9,0,0,1,1,2,205,0,0,1,110,2,8,1,5,5,1,1,1,0,0,0,2,1,0,,3,12.0,98,1.0,1.0,1.0,0.0,1.0,1.0,100,2.0,1.0,1.0,"-623976,929","-1186359,122","-623976,929","-1186359,122","-623976,061","-1186362,843",,,,silnice2.t¯Ìdy,400,1608354.0,,OpaËn˝kesmÏru˙seku,Pomal˝,594113.0,,GN_V0.1UIR-ADR_410,2
61306190019,3,3978.0,2019-01-11,5,2560,3,0,9,2,1,0,204,0,0,0,50,2,3,1,1,1,1,1,1,0,0,0,2,1,0,,17,,XX,,,,,,,0,,,,"-631383,672","-1205901,532","-631383,672","-1205901,532","-631382,729","-1205900,963",Jaroslavice,Znojemsk·,,silnice3.t¯Ìdy,3978,3195516.0,,Souhlasn˝sesmÏrem˙seku,Pomal˝,594199.0,648281.0,GN_V0.1UIR-ADR_410,1
61306190020,2,408.0,2019-01-14,1,415,9,0,0,1,1,2,508,0,0,1,5000,2,3,1,1,6,1,1,8,0,0,0,3,1,0,,7,48.0,12,3.0,0.0,1.0,0.0,1.0,1.0,3500,4.0,1.0,1.0,"-655609,571","-1184280,215","-655609,571","-1184280,215","-655610,16","-1184280,418",,,,silnice2.t¯Ìdy,408,2095264.0,,Souhlasn˝sesmÏrem˙seku,Pomal˝,594911.0,,GN_V0.1UIR-ADR_410,2
61306190021,2,415.0,2019-01-14,1,1835,1,1,0,1,1,2,403,0,0,1,770,2,1,1,1,4,1,1,1,3,3,0,5,2,19,6.0,3,47.0,01,1.0,0.0,1.0,0.0,1.0,21.0,150,2.0,1.0,1.0,"-617738,362","-1199744,066","-617738,362","-1199744,066","-617741,24","-1199743,321",HruöovanynadJeviöovkou,N·draûnÌ,,silnice2.t¯Ìdy,415,697186.0,,OpaËn˝kesmÏru˙seku,Pomal˝,594156.0,647969.0,GN_V0.1UIR-ADR_410,1
61306190022,6,,2019-01-15,2,2160,3,0,9,2,1,0,508,0,0,0,20,2,1,1,1,4,1,1,8,0,0,0,3,1,0,,3,26.0,04,1.0,0.0,1.0,0.0,1.0,5.0,0,9.0,,,"-642953,663","-1194389,784","-642959,572","-1194374,744","-642959,769","-1194375,26",Znojmo,Koûeluûsk·,,mÌstnÌkomunikace,,692370.0,,OpaËn˝kesmÏru˙seku,Pomal˝,593711.0,650099.0,GN_V0.1UIR-ADR_410,1
61306190023,1,53.0,2019-01-16,3,1500,1,4,0,1,1,2,503,0,0,2,2450,2,1,1,1,1,1,1,1,0,0,0,1,4,0,,3,39.0,13,3.0,0.0,1.0,1.0,1.0,1.0,1500,3.0,1.0,1.0,,,"-625276,713","-1191066,051","-625273,115","-1191073,81",,,,silnice1.t¯Ìdy,53,2097358.0,,OpaËn˝kesmÏru˙seku,Pomal˝,594571.0,,GN_V0.1UIR-ADR_410,2
61306190024,2,415.0,2019-01-17,4,734,3,0,9,2,1,0,205,0,0,0,180,2,3,1,1,2,1,1,8,3,3,0,2,1,0,,3,47.0,17,1.0,1.0,4.0,0.0,1.0,3.0,150,9.0,,,"-617055,397","-1189246,222","-617055,397","-1189246,222","-617054,653","-1189247,064",Ji¯iceuMiroslavi,,,silnice2.t¯Ìdy,415,2096866.0,,OpaËn˝kesmÏru˙seku,Pomal˝,594229.0,,GN_V0.1UIR-ADR_410,1