IDENTIFIKA»NÕ »ÕSLO,DRUH POZEMNÕ KOMUNIKACE,»ÕSLO POZEMNÕ KOMUNIKACE,"den, mÏsÌc, rok",,Ëas ,DRUH NEHODY,DRUH SR¡éKY JEDOUCÕCH VOZIDEL,DRUH PEVN… PÿEK¡éKY,CHARAKTER NEHODY,ZAVINÃNÕ NEHODY,ALKOHOL U VINÕKA NEHODY PÿÕTOMEN,HLAVNÕ PÿÕ»INY NEHODY,usmrceno osob,tÏûce zranÏno osob,lehce zranÏno osob,CELKOV¡ HMOTN¡ äKODA,DRUH POVRCHU VOZOVKY,STAV POVRCHU VOZOVKY V DOBÃ NEHODY,STAV KOMUNIKACE,POVÃTRNOSTNÕ PODMÕNKY V DOBÃ NEHODY,VIDITELNOST,ROZHLEDOV… POMÃRY,DÃLENÕ KOMUNIKACE,SITUOV¡NÕ NEHODY NA KOMUNIKACI,ÿÕZENÕ PROVOZU V DOBÃ NEHODY,MÕSTNÕ ⁄PRAVA PÿEDNOSTI V JÕZDÃ,SPECIFICK¡ MÕSTA A OBJEKTY V MÕSTÃ NEHODY,SMÃROV… POMÃRY,PO»ET Z⁄»ASTNÃN›CH VOZIDEL,MÕSTO DOPRAVNÕ NEHODY,DRUH KÿIéUJÕCÕ KOMUNIKACE,DRUH VOZIDLA,V›ROBNÕ ZNA»KA MOTOROV…HO VOZIDLA,ROK V›ROBY VOZIDLA,CHARAKTERISTIKA VOZIDLA ,SMYK,VOZIDLO PO NEHODÃ,"⁄NIK PROVOZNÕCH, PÿEPRAVOVAN›CH HMOT",ZPŸSOB VYPROäTÃNÕ OSOB Z VOZIDLA,SMÃR JÕZDY NEBO POSTAVENÕ VOZIDLA,äKODA NA VOZIDLE,KATEGORIE ÿIDI»E,STAV ÿIDI»E,VNÃJäÕ OVLIVNÃNÕ ÿIDI»E,nan.1,nan.2,nan.3,nan.4,nan.5,nan.6,nan.7,nan.8,nan.9,nan.10,nan.11,nan.12,nan.13,nan.14,nan.15,nan.16,nan.17,nan.18,LOKALITA NEHODY
61306190025,6,,2019-01-17,4,845,3,0,2,2,1,2,508,0,0,0,800,2,1,6,1,1,1,1,0,3,5,0,2,1,0,,9,0.0,10,2.0,0.0,1.0,0.0,1.0,5.0,0,3.0,1.0,1.0,"-654808,808","-1185012,803","-654808,808","-1185012,803","-654811,208","-1185012,237",äumn·,,,mÌstnÌkomunikace,,1058146.0,,OpaËn˝kesmÏru˙seku,Pomal˝,594911.0,,GN_V0.1UIR-ADR_410,1
61306190026,1,53.0,2019-01-18,5,1310,1,4,0,2,1,2,507,0,0,0,1200,2,1,1,1,1,1,1,1,0,0,0,1,2,0,,3,44.0,17,9.0,0.0,1.0,0.0,1.0,1.0,800,2.0,1.0,1.0,"-614598,352","-1185555,494","-614598,352","-1185555,494","-614599,34","-1185552,15",,,,silnice1.t¯Ìdy,53,2101894.0,,Souhlasn˝sesmÏrem˙seku,Pomal˝,593834.0,,GN_V0.1UIR-ADR_410,2
61306190027,6,,2019-01-19,6,830,3,0,3,2,1,0,508,0,0,0,150,2,1,1,1,1,1,1,8,0,0,0,1,1,0,,3,35.0,05,1.0,0.0,1.0,0.0,1.0,5.0,50,2.0,1.0,1.0,"-630366,749","-1190518,938","-630366,749","-1190518,938","-630367,211","-1190518,952",StoöÌkovicenaLouce,,,mÌstnÌkomunikace,,1061019.0,,OpaËn˝kesmÏru˙seku,Pomal˝,594814.0,,GN_V0.1UIR-ADR_410,1
61306190028,8,,2019-01-18,5,2560,2,0,0,2,1,0,508,0,0,0,100,1,1,1,1,1,1,1,1,0,0,8,1,2,0,,17,,XX,,,,,,,0,,,,"-642547,703","-1193819,83","-642547,703","-1193819,83","-642521,094","-1193798,892",Znojmo,17.listopadu,,mÌstnÌkomunikace,,1703168.0,,OpaËn˝kesmÏru˙seku,Pomal˝,593711.0,651290.0,GN_V0.1UIR-ADR_410,1
61306190029,3,40844.0,2019-01-21,1,545,1,2,0,2,1,2,501,0,0,0,150,2,1,1,1,6,1,1,1,3,5,0,1,2,0,,3,27.0,92,1.0,0.0,1.0,0.0,1.0,1.0,50,2.0,1.0,1.0,"-625083,601","-1203448,021","-625083,601","-1203448,021","-625087,696","-1203446,617",,,,silnice3.t¯Ìdy,40844,2099606.0,,OpaËn˝kesmÏru˙seku,Pomal˝,545325.0,,GN_V0.1UIR-ADR_410,2
61306190030,3,4121.0,2019-01-21,1,1120,2,0,0,2,1,0,508,0,0,0,60,2,1,1,1,1,1,1,1,0,0,0,1,2,0,,17,,XX,,,,,,,0,,,,"-642476,289","-1193414,527","-642476,289","-1193414,527","-642475,131","-1193415,776",Znojmo,Coufalova,,silnice3.t¯Ìdy,4121,2938046.0,,Souhlasn˝sesmÏrem˙seku,Pomal˝,593711.0,649651.0,GN_V0.1UIR-ADR_410,1
61306190031,2,400.0,2019-01-21,1,1720,3,0,2,2,7,0,613,0,0,0,100,2,1,1,1,4,1,1,8,0,0,0,1,1,0,,4,21.0,06,1.0,0.0,1.0,0.0,1.0,3.0,0,3.0,1.0,1.0,"-633854,439","-1180609,219","-633854,439","-1180609,219","-633855,562","-1180611,433",ViöÚovÈ,,,silnice2.t¯Ìdy,400,1055933.0,,OpaËn˝kesmÏru˙seku,Pomal˝,595071.0,,GN_V0.1UIR-ADR_410,1
61306190032,6,,2019-01-24,4,2000,2,0,0,2,1,0,508,0,0,0,50,2,1,1,1,6,1,1,0,0,0,9,1,2,0,,17,,XX,,,,,,,0,,,,,,"-626218,79","-1199367,342","-626218,124","-1199366,87",Boûice,,,mÌstnÌkomunikace,,3251377.0,,Souhlasn˝sesmÏrem˙seku,Pomal˝,593826.0,,GN_V0.1UIR-ADR_410,1
61306190033,1,38.0,2019-01-27,0,1940,3,0,6,1,1,2,508,0,0,1,500,2,1,1,1,4,1,1,8,0,0,0,1,1,0,,3,4.0,02,1.0,0.0,1.0,0.0,1.0,3.0,500,2.0,2.0,1.0,"-626224,306","-1199370,571","-641747,679","-1196499,41","-641745,931","-1196499,088",Znojmo,Dukelsk˝chbojovnÌk˘,,silnice1.t¯Ìdy,38,1606211.0,,Souhlasn˝sesmÏrem˙seku,Pomal˝,593711.0,651443.0,GN_V0.1UIR-ADR_410,1
61306190034,2,400.0,2019-01-28,1,350,2,0,0,2,1,2,204,0,0,0,1150,2,6,1,5,4,1,1,8,0,0,0,2,2,0,,3,38.0,03,1.0,0.0,1.0,0.0,1.0,3.0,200,2.0,1.0,1.0,"-625989,532","-1185457,556","-625989,532","-1185457,556","-625988,506","-1185448,243",HostÏradice,,,silnice2.t¯Ìdy,400,1058435.0,,Souhlasn˝sesmÏrem˙seku,Pomal˝,594113.0,,GN_V0.1UIR-ADR_410,1
61306190035,2,408.0,2019-01-28,1,510,3,0,3,1,1,2,204,0,0,1,310,2,6,1,5,4,1,1,1,0,0,0,2,1,0,,3,39.0,18,1.0,1.0,1.0,0.0,1.0,1.0,300,2.0,1.0,1.0,,,"-649937,924","-1189419,837","-649934,754","-1189413,722",,,,silnice2.t¯Ìdy,408,2937610.0,,Souhlasn˝sesmÏrem˙seku,Pomal˝,593851.0,,GN_V0.1UIR-ADR_410,2
61306190036,6,,2019-01-28,1,2560,3,0,6,2,1,0,204,0,0,0,100,2,8,1,5,3,1,1,1,0,0,0,1,1,0,,17,,XX,,,,,,,0,,,,,,"-643423,862","-1193972,289","-643424,422","-1193972,396",Znojmo,PodKravÌhorou,,mÌstnÌkomunikace,,1291484.0,,Souhlasn˝sesmÏrem˙seku,Pomal˝,593711.0,650625.0,GN_V0.1UIR-ADR_410,1
61306190037,2,397.0,2019-01-29,2,1050,1,3,0,2,1,0,501,0,0,0,20,2,1,1,1,1,1,1,1,0,0,0,1,2,0,,5,48.0,13,3.0,0.0,1.0,0.0,1.0,3.0,0,9.0,,,,,"-626522,137","-1200043,932","-626526,067","-1200041,87",,,,silnice2.t¯Ìdy,397,2099123.0,,OpaËn˝kesmÏru˙seku,Pomal˝,594148.0,,GN_V0.1UIR-ADR_410,2
61306190038,3,40014.0,2019-01-30,3,1325,9,0,0,1,1,2,204,0,0,1,600,2,5,1,1,1,1,1,8,0,0,0,1,1,0,,5,35.0,10,3.0,1.0,1.0,0.0,1.0,1.0,600,2.0,1.0,1.0,"-616757,271",-1180736,"-616757,271",-1180736,"-616760,848","-1180732,378",,,,silnice3.t¯Ìdy,40014,2093435.0,,OpaËn˝kesmÏru˙seku,Pomal˝,594563.0,,GN_V0.1UIR-ADR_410,2
61306190039,6,,2019-01-30,3,2130,3,0,6,2,1,8,204,0,0,0,450,2,5,1,1,4,1,1,1,0,0,0,1,1,0,,3,2.0,03,1.0,1.0,1.0,0.0,1.0,5.0,400,3.0,5.0,1.0,"-621553,696","-1194731,413","-621553,696","-1194731,413","-621553,65","-1194736,413",B¯eûany,,,mÌstnÌkomunikace,,1062462.0,,Souhlasn˝sesmÏrem˙seku,Pomal˝,593842.0,,GN_V0.1UIR-ADR_410,1
61306190040,6,,2019-01-29,2,2560,3,0,9,2,1,0,204,0,0,0,300,6,8,1,1,1,1,0,0,0,0,0,1,1,0,,17,,XX,,,,,,,0,,,,,,"-629886,658","-1177131,466","-629877,685","-1177129,976",,,,mÌstnÌkomunikace,,2091649.0,,,Pomal˝,593885.0,,GN_V0.1UIR-ADR_410,2
70041191001,0,1.0,2019-01-04,5,625,1,4,0,1,1,2,504,0,1,1,2700,2,3,1,1,6,1,3,1,0,0,0,1,2,0,,3,39.0,08,1.0,0.0,0.0,1.0,3.0,1.0,1000,3.0,1.0,1.0,"-480900,338","-1104645,032","-480900,338","-1104645,032","-480898,7","-1104651,257",,,,d·lnice,D1,1618247.0,,Souhlasn˝sesmÏrem˙seku,Pomal˝,599549.0,,GN_V0.1UIR-ADR_410,2
70041191002,0,1.0,2019-01-04,5,1905,3,0,3,2,1,2,204,0,0,0,700,2,5,1,5,7,1,3,8,0,0,5,1,1,0,,7,48.0,13,9.0,1.0,1.0,1.0,1.0,1.0,600,3.0,1.0,1.0,"-483974,079","-1106191,496","-483974,079","-1106191,496","-483969,848","-1106195,901",,,,d·lnice,D1,1336874.0,,Souhlasn˝sesmÏrem˙seku,Pomal˝,554049.0,,GN_V0.1UIR-ADR_410,2
70041191003,2,470.0,2019-01-04,5,1930,3,0,4,2,1,2,204,0,0,0,1300,2,6,1,5,5,0,1,1,0,0,0,1,1,0,,3,39.0,04,1.0,1.0,1.0,0.0,1.0,1.0,600,2.0,1.0,1.0,"-475174,57","-1101426,312","-475174,57","-1101426,312","-475177,629","-1101425,376",MARI¡NSK…HORYAHULV¡KY-MARI¡NSK…HORY,,,d·lnice,D1,3070673.0,,Souhlasn˝sesmÏrem˙seku,Pomal˝,554821.0,,GN_V0.1UIR-ADR_410,1
70041191004,0,1.0,2019-01-10,4,1712,1,3,0,1,1,2,204,0,0,1,2200,2,5,1,5,5,1,3,1,0,0,0,1,2,0,,3,42.0,13,9.0,1.0,1.0,0.0,1.0,1.0,1500,2.0,1.0,1.0,,,"-476787,552","-1104483,817","-476787,209","-1104484,397",,,,d·lnice,D1,1336766.0,,Souhlasn˝sesmÏrem˙seku,Pomal˝,554821.0,,GN_V0.1UIR-ADR_410,2
70041191005,0,1.0,2019-01-14,1,1435,3,0,4,2,1,2,204,0,0,0,2400,3,5,1,5,1,1,3,1,3,5,5,1,2,0,,3,17.0,09,3.0,1.0,1.0,1.0,1.0,3.0,800,3.0,6.0,1.0,"-481843,823","-1104770,05","-481843,823","-1104770,05","-481844,004","-1104769,386",,,,d·lnice,D1,1336823.0,,Souhlasn˝sesmÏrem˙seku,Pomal˝,599549.0,,GN_V0.1UIR-ADR_410,2
70041191006,0,1.0,2019-01-15,2,310,2,0,0,2,1,0,502,0,0,0,40,3,3,1,1,4,1,0,0,0,0,10,1,2,0,,17,,XX,,,,,,,0,,,,,,"-468261,106","-1094464,56","-468261,478","-1094464,673",,,,mÌstnÌkomunikace,,1773531.0,,Souhlasn˝sesmÏrem˙seku,Pomal˝,554821.0,,GN_V0.1UIR-ADR_410,2
70041191007,0,1.0,2019-01-16,3,2560,3,0,3,2,1,0,502,0,0,0,70,2,3,6,1,4,1,0,0,0,0,10,1,1,0,,17,,XX,,,,,,,0,,,,,,"-468222,296","-1094027,296","-468219,373","-1094029,632",,,,d·lnice,D1,1739416.0,,Souhlasn˝sesmÏrem˙seku,Pomal˝,510432.0,,GN_V0.1UIR-ADR_410,2
70041191008,0,1.0,2019-01-23,3,749,3,0,4,2,1,2,204,0,0,0,1050,2,6,1,6,3,1,6,1,0,0,5,1,1,0,,3,17.0,10,1.0,1.0,1.0,1.0,1.0,3.0,900,2.0,1.0,1.0,"-476607,189","-1104345,009","-476607,189","-1104345,009","-476608,71","-1104343,272",,,,d·lnice,D1,1406488.0,,Souhlasn˝sesmÏrem˙seku,Pomal˝,554821.0,,GN_V0.1UIR-ADR_410,2
70041191009,0,1.0,2019-01-24,4,255,3,0,8,2,1,2,508,0,0,0,3800,2,1,1,1,4,1,3,1,0,0,0,1,1,0,,5,47.0,12,9.0,0.0,1.0,0.0,1.0,1.0,800,2.0,1.0,0.0,"-475197,892","-1101469,617","-475197,892","-1101469,617","-475202,102","-1101469,042",,,,d·lnice,D1,3073859.0,,Souhlasn˝sesmÏrem˙seku,Pomal˝,554821.0,,GN_V0.1UIR-ADR_410,2
70041191010,0,1.0,2019-01-24,4,650,0,0,0,2,1,2,508,0,0,0,5000,2,1,10,1,4,1,3,1,0,0,5,1,2,0,,7,48.0,16,9.0,0.0,0.0,1.0,1.0,3.0,1500,3.0,2.0,1.0,"-475205,258","-1101486,283","-475205,258","-1101486,283","-475204,825","-1101486,361",,,,d·lnice,D1,1284113.0,,Souhlasn˝sesmÏrem˙seku,Pomal˝,554821.0,,GN_V0.1UIR-ADR_410,2
70041191011,1,11.0,2019-01-24,4,640,3,0,4,2,1,2,204,0,0,0,200,2,6,1,6,4,1,1,1,0,0,5,3,1,0,,3,35.0,05,1.0,1.0,0.0,0.0,1.0,1.0,100,2.0,1.0,1.0,"-472098,975","-1099144,598","-476525,643","-1103797,876","-476525,786","-1103797,773",,,,silnice1.t¯Ìdy,11,1731184.0,,Souhlasn˝sesmÏrem˙seku,Pomal˝,554821.0,357979.0,GN_V0.1UIR-ADR_410,2
70041191012,0,1.0,2019-01-26,6,645,3,0,4,2,1,6,204,0,0,0,600,2,6,1,6,4,1,1,4,3,3,0,7,1,22,1.0,3,39.0,09,1.0,1.0,1.0,1.0,1.0,32.0,500,3.0,4.0,1.0,"-476159,269","-1103987,682","-476159,269","-1103987,682","-476165,31","-1103989,478",,,,silnice1.t¯Ìdy,11,1284232.0,,Souhlasn˝sesmÏrem˙seku,Pomal˝,554821.0,357979.0,GN_V0.1UIR-ADR_410,2
70041191013,0,1.0,2019-01-28,1,752,3,0,9,2,1,2,204,0,0,0,800,3,8,1,5,3,1,3,1,0,0,0,1,1,0,,5,7.0,12,2.0,1.0,0.0,0.0,1.0,1.0,500,2.0,1.0,1.0,"-484615,125","-1107825,467","-484615,125","-1107825,467","-484623,362","-1107824,773",,,,d·lnice,D1,3070488.0,,Souhlasn˝sesmÏrem˙seku,Pomal˝,556858.0,,GN_V0.1UIR-ADR_410,2
70041191014,0,1.0,2019-01-28,1,750,3,0,4,2,1,2,204,0,0,0,1150,3,5,1,5,1,1,3,3,0,0,0,1,1,0,,3,39.0,15,3.0,1.0,0.0,0.0,1.0,1.0,1000,2.0,1.0,1.0,,,"-477694,788","-1104727,186","-477695,679","-1104720,583",,,,d·lnice,D1,2601113.0,,Souhlasn˝sesmÏrem˙seku,Pomal˝,554821.0,362875.0,GN_V0.1UIR-ADR_410,2
70041191015,1,56.0,2019-01-31,4,925,1,2,0,2,1,2,516,0,0,0,800,2,3,1,1,1,1,2,4,0,0,0,2,2,0,,3,35.0,05,9.0,0.0,0.0,1.0,1.0,3.0,400,2.0,1.0,1.0,,,"-472508,096","-1099288,081","-472508,094","-1099288,075",MORAVSK¡OSTRAVAAPÿÕVOZ-PÿÕVOZ,MÌsteck·,,silnice1.t¯Ìdy,56,1890069.0,,Souhlasn˝sesmÏrem˙seku,Pomal˝,554821.0,358738.0,GN_V0.1UIR-ADR_410,1
70042192001,0,1.0,2019-01-02,3,30,9,0,0,2,1,2,204,0,0,0,1300,3,6,1,6,6,1,6,2,0,0,0,1,1,0,,3,4.0,11,9.0,1.0,1.0,1.0,1.0,1.0,1000,2.0,1.0,1.0,"-498709,955","-1118111,762","-498709,955","-1118111,762","-498712,639","-1118107,992",,,,d·lnice,D1,1516456.0,,Souhlasn˝sesmÏrem˙seku,Pomal˝,599930.0,,GN_V0.1UIR-ADR_410,2
70042192003,0,1.0,2019-01-04,5,1845,3,0,4,2,1,2,204,0,0,0,1130,3,8,1,5,7,1,3,3,0,0,0,1,1,0,,3,13.0,05,1.0,1.0,1.0,0.0,1.0,3.0,300,2.0,1.0,1.0,"-496841,958","-1116449,126","-496841,958","-1116449,126","-496838,326","-1116453,258",,,,d·lnice,D1,1516464.0,,Souhlasn˝sesmÏrem˙seku,Pomal˝,569666.0,,GN_V0.1UIR-ADR_410,2
70042192005,0,1.0,2019-01-10,4,1535,3,0,4,1,1,2,204,0,0,1,1000,2,6,1,6,1,1,3,3,0,0,0,1,1,0,,5,35.0,13,3.0,1.0,0.0,0.0,1.0,3.0,500,2.0,1.0,1.0,"-489862,773","-1111297,899","-489862,773","-1111297,899","-489873,154","-1111279,075",,,,d·lnice,D1,1516497.0,,Souhlasn˝sesmÏrem˙seku,Pomal˝,568422.0,,GN_V0.1UIR-ADR_410,2
70042192007,0,1.0,2019-01-25,5,646,3,0,4,2,1,2,204,0,0,0,460,3,6,1,6,6,1,3,3,0,0,0,1,1,0,,3,44.0,97,1.0,1.0,1.0,0.0,1.0,1.0,400,2.0,1.0,1.0,"-504211,607","-1121407,554","-504211,607","-1121407,554","-504212,719","-1121404,041",,,,d·lnice,D1,3070548.0,,Souhlasn˝sesmÏrem˙seku,Pomal˝,554910.0,,GN_V0.1UIR-ADR_410,2
70042192008,0,1.0,2019-01-30,3,1015,9,0,0,1,1,2,508,0,0,1,1250,3,1,1,1,1,1,3,1,0,0,0,1,1,0,,3,32.0,04,1.0,0.0,0.0,0.0,1.0,3.0,1000,2.0,1.0,1.0,"-484822,188","-1109514,907","-484822,188","-1109514,907","-484822,259","-1109514,886",,,,d·lnice,D1,1336861.0,,Souhlasn˝sesmÏrem˙seku,Pomal˝,556858.0,,GN_V0.1UIR-ADR_410,2
70106190001,3,45714.0,2019-01-01,2,135,4,0,0,1,1,0,508,0,0,1,0,2,3,1,1,4,1,1,1,0,0,0,1,1,0,,17,,XX,,,,,,,0,,,,"-517548,609","-1055755,499","-517548,609","-1055755,499","-517545,118","-1055752,223",T¯emeön·,,,silnice3.t¯Ìdy,45714,3348017.0,,OpaËn˝kesmÏru˙seku,Pomal˝,597911.0,,GN_V0.1UIR-ADR_410,1
70106190002,3,44520.0,2019-01-02,3,1200,3,0,2,2,1,2,511,0,0,0,500,2,6,12,5,3,0,1,8,0,0,0,1,1,0,,5,32.0,16,8.0,0.0,1.0,0.0,1.0,1.0,500,2.0,1.0,1.0,"-532358,771","-1063132,534","-532358,771","-1063132,534","-532352,528","-1063134,028",VrbnopodPradÏdem,Mnichov,,silnice3.t¯Ìdy,44520,1462076.0,,Souhlasn˝sesmÏrem˙seku,Pomal˝,597961.0,,GN_V0.1UIR-ADR_410,1
70106190003,2,457.0,2019-01-02,3,1645,5,0,0,2,4,0,100,0,0,0,500,2,6,1,5,7,1,1,1,0,0,0,1,1,0,,3,38.0,09,1.0,0.0,1.0,1.0,1.0,1.0,500,2.0,1.0,5.0,"-509886,545","-1051039,518","-509886,545","-1051039,518","-509887,13","-1051037,043",,,,silnice2.t¯Ìdy,457,1710130.0,,Souhlasn˝sesmÏrem˙seku,Pomal˝,597716.0,,GN_V0.1UIR-ADR_410,2
70106190004,1,57.0,2019-01-02,3,1400,3,0,2,2,1,0,204,0,0,0,500,2,8,1,1,1,1,1,8,3,3,4,5,1,29,3.0,17,,XX,,,,,,,0,,,,"-517260,85","-1055547,796","-517251,181","-1055523,088","-517250,188","-1055523,224",,,,silnice1.t¯Ìdy,57,2743034.0,,Souhlasn˝sesmÏrem˙seku,Pomal˝,597911.0,,GN_V0.1UIR-ADR_410,2
70106190005,6,,2019-01-03,4,1440,3,0,9,2,1,0,204,0,0,0,200,2,6,1,5,3,2,1,3,0,0,0,3,1,0,,17,,XX,,,,,,,0,,,,"-527654,597","-1060990,523","-527654,597","-1060990,523","-527650,421","-1060992,705",,,,mÌstnÌkomunikace,,1961473.0,,Souhlasn˝sesmÏrem˙seku,Pomal˝,597341.0,,GN_V0.1UIR-ADR_410,2
70106190006,6,,2019-01-03,4,1740,1,3,0,2,1,2,404,0,0,0,2550,2,6,1,5,7,2,1,1,3,5,0,4,2,10,6.0,3,27.0,11,1.0,0.0,1.0,0.0,1.0,5.0,1000,2.0,1.0,1.0,"-542344,148","-1083494,79","-542355,428","-1083513,59","-542355,344","-1083513,516",R˝ma¯ov,KvÏtn·,,mÌstnÌkomunikace,,405148.0,,Souhlasn˝sesmÏrem˙seku,Pomal˝,597783.0,54534.0,GN_V0.1UIR-ADR_410,1
70106190007,2,451.0,2019-01-03,4,2140,5,0,0,2,4,0,100,0,0,0,200,2,8,1,6,6,1,1,1,0,0,0,1,1,0,,3,31.0,09,1.0,0.0,1.0,0.0,1.0,3.0,200,2.0,1.0,5.0,"-524462,659","-1072979,593","-524462,659","-1072979,593","-524464,434","-1072981,028",,,,silnice2.t¯Ìdy,451,1710147.0,,OpaËn˝kesmÏru˙seku,Pomal˝,597899.0,,GN_V0.1UIR-ADR_410,2
70106190008,6,,2019-01-03,4,2200,2,0,0,2,1,0,504,0,0,0,300,2,8,1,1,4,1,1,1,0,0,0,1,2,0,,17,,XX,,,,,,,0,,,,"-526385,23","-1078373,165","-526385,23","-1078373,165","-526384,555","-1078367,917",Brunt·l,,,mÌstnÌkomunikace,,3577513.0,,Souhlasn˝sesmÏrem˙seku,Pomal˝,597180.0,,GN_V0.1UIR-ADR_410,1
70106190009,1,45.0,2019-01-04,5,1510,1,1,0,2,1,2,204,0,0,0,3300,2,8,1,1,1,1,1,1,0,0,0,3,4,0,,3,39.0,05,1.0,0.0,1.0,0.0,1.0,1.0,300,3.0,1.0,1.0,"-522042,733","-1076016,368","-522031,99","-1076025,499","-522031,949","-1076025,1",NovÈHe¯minovy,,,silnice1.t¯Ìdy,45,383368.0,,Souhlasn˝sesmÏrem˙seku,Pomal˝,569551.0,,GN_V0.1UIR-ADR_410,1
70106190010,6,,2019-01-04,5,2560,2,0,0,2,1,0,504,0,0,0,50,1,6,1,1,1,1,1,1,0,0,0,1,2,0,,17,,XX,,,,,,,0,,,,"-510424,564","-1068795,062","-510424,564","-1068795,062","-510434,734","-1068822,207",Krnov,I.P.Pavlova,,mÌstnÌkomunikace,,3224175.0,,,Pomal˝,597520.0,,GN_V0.1UIR-ADR_410,1
70106190011,2,445.0,2019-01-04,5,1515,1,3,0,2,1,2,305,0,0,0,1450,2,6,1,5,3,1,1,1,3,3,8,5,4,19,7.0,3,44.0,14,1.0,0.0,1.0,0.0,1.0,13.0,500,3.0,1.0,1.0,"-538109,373","-1073083,739","-538109,373","-1073083,739","-538103,304","-1073083,359",Mal·Mor·vka,,,silnice2.t¯Ìdy,445,3243574.0,,Souhlasn˝sesmÏrem˙seku,Pomal˝,597601.0,,GN_V0.1UIR-ADR_410,1
70106190012,2,451.0,2019-01-04,5,2335,3,0,2,2,1,2,204,0,0,0,510,2,6,1,5,5,1,1,8,0,0,5,2,1,0,,3,4.0,09,1.0,1.0,0.0,0.0,1.0,3.0,500,2.0,1.0,1.0,"-527331,466","-1066671,535","-527331,466","-1066671,535","-527325,753","-1066656,688",Karlovice,,,silnice2.t¯Ìdy,451,3243507.0,,Souhlasn˝sesmÏrem˙seku,Pomal˝,597481.0,,GN_V0.1UIR-ADR_410,1
70106190013,3,4513.0,2019-01-06,0,855,3,0,3,1,1,2,204,0,0,1,260,2,3,1,1,1,1,1,8,0,0,0,3,1,0,,3,39.0,13,1.0,1.0,1.0,0.0,1.0,1.0,250,2.0,1.0,1.0,"-526456,295","-1077871,756","-526456,295","-1077871,756","-526460,965","-1077873,221",Brunt·l,PolnÌ,,silnice3.t¯Ìdy,4513,804448.0,,OpaËn˝kesmÏru˙seku,Pomal˝,597180.0,49603.0,GN_V0.1UIR-ADR_410,1
70106190014,1,57.0,2019-01-01,2,2560,3,0,6,2,1,0,504,0,0,0,50,1,1,1,1,1,1,0,1,0,0,0,1,1,0,,17,,XX,,,,,,,0,,,,"-510343,386","-1069341,233","-510343,386","-1069341,233","-510352,796","-1069351,866",Krnov,Albrechtick·,,silnice1.t¯Ìdy,57,360123.0,,Souhlasn˝sesmÏrem˙seku,Pomal˝,597520.0,51039.0,GN_V0.1UIR-ADR_410,1
70106190015,6,,2019-01-05,6,2215,2,0,0,2,1,0,504,0,0,0,170,2,3,1,1,4,1,1,1,0,0,0,3,3,0,,3,47.0,04,1.0,0.0,1.0,0.0,1.0,5.0,20,3.0,1.0,1.0,"-509301,722","-1069381,456","-509301,722","-1069381,456","-509301,715","-1069381,338",Krnov,E.Hakena,,mÌstnÌkomunikace,,360105.0,,OpaËn˝kesmÏru˙seku,Pomal˝,597520.0,51357.0,GN_V0.1UIR-ADR_410,1
70106190016,1,11.0,2019-01-07,1,1415,1,4,0,2,1,2,503,0,0,0,600,2,3,1,1,1,1,1,1,0,0,1,1,2,0,,3,25.0,04,1.0,0.0,0.0,0.0,1.0,3.0,300,3.0,1.0,1.0,"-527077,028","-1078772,804","-527077,028","-1078772,804","-527055,587","-1078788,323",Brunt·l,N·draûnÌ,,silnice1.t¯Ìdy,11,804481.0,,OpaËn˝kesmÏru˙seku,Pomal˝,597180.0,49417.0,GN_V0.1UIR-ADR_410,1
70106190017,1,11.0,2019-01-07,1,1730,3,0,3,1,1,2,203,0,0,1,230,2,3,1,1,6,1,1,8,0,0,0,3,1,0,,3,12.0,98,1.0,1.0,1.0,0.0,1.0,1.0,200,2.0,1.0,1.0,"-515864,9","-1081772,543","-515864,9","-1081772,543","-515865,221","-1081774,723",,,,silnice1.t¯Ìdy,11,1961934.0,,OpaËn˝kesmÏru˙seku,Pomal˝,551805.0,,GN_V0.1UIR-ADR_410,2
70106190018,2,370.0,2019-01-08,2,1750,1,2,0,2,1,2,204,0,0,0,1550,2,8,1,5,5,2,1,1,0,0,0,3,2,0,,3,2.0,11,1.0,1.0,1.0,0.0,1.0,1.0,1050,3.0,1.0,1.0,"-541743,551","-1084147,647","-541743,551","-1084147,647","-541732,855","-1084145,889",R˝ma¯ov,RevoluËnÌ,,silnice2.t¯Ìdy,370,2741939.0,,Souhlasn˝sesmÏrem˙seku,Pomal˝,597783.0,54771.0,GN_V0.1UIR-ADR_410,1
70106190019,2,451.0,2019-01-08,2,2000,5,0,0,2,4,0,100,0,0,0,200,2,3,1,5,5,1,1,1,0,0,0,1,1,0,,3,47.0,16,3.0,0.0,1.0,0.0,1.0,3.0,200,3.0,1.0,5.0,"-530449,176","-1065450,75","-530449,176","-1065450,75","-530449,644","-1065451,952",,,,silnice2.t¯Ìdy,451,1710360.0,,OpaËn˝kesmÏru˙seku,Pomal˝,597961.0,,GN_V0.1UIR-ADR_410,2
70106190020,1,45.0,2019-01-09,3,1653,5,0,0,2,4,0,100,0,0,0,300,2,8,1,5,7,1,1,1,0,0,0,1,1,0,,3,32.0,08,1.0,0.0,1.0,0.0,1.0,1.0,250,2.0,1.0,5.0,"-533359,358","-1094820,645","-533358,821","-1094824,942","-533357,993","-1094825,24",,,,silnice1.t¯Ìdy,45,1260614.0,,Souhlasn˝sesmÏrem˙seku,Pomal˝,597252.0,,GN_V0.1UIR-ADR_410,2