IDENTIFIKA»NÕ »ÕSLO,DRUH POZEMNÕ KOMUNIKACE,»ÕSLO POZEMNÕ KOMUNIKACE,"den, mÏsÌc, rok",,Ëas ,DRUH NEHODY,DRUH SR¡éKY JEDOUCÕCH VOZIDEL,DRUH PEVN… PÿEK¡éKY,CHARAKTER NEHODY,ZAVINÃNÕ NEHODY,ALKOHOL U VINÕKA NEHODY PÿÕTOMEN,HLAVNÕ PÿÕ»INY NEHODY,usmrceno osob,tÏûce zranÏno osob,lehce zranÏno osob,CELKOV¡ HMOTN¡ äKODA,DRUH POVRCHU VOZOVKY,STAV POVRCHU VOZOVKY V DOBÃ NEHODY,STAV KOMUNIKACE,POVÃTRNOSTNÕ PODMÕNKY V DOBÃ NEHODY,VIDITELNOST,ROZHLEDOV… POMÃRY,DÃLENÕ KOMUNIKACE,SITUOV¡NÕ NEHODY NA KOMUNIKACI,ÿÕZENÕ PROVOZU V DOBÃ NEHODY,MÕSTNÕ ⁄PRAVA PÿEDNOSTI V JÕZDÃ,SPECIFICK¡ MÕSTA A OBJEKTY V MÕSTÃ NEHODY,SMÃROV… POMÃRY,PO»ET Z⁄»ASTNÃN›CH VOZIDEL,MÕSTO DOPRAVNÕ NEHODY,DRUH KÿIéUJÕCÕ KOMUNIKACE,DRUH VOZIDLA,V›ROBNÕ ZNA»KA MOTOROV…HO VOZIDLA,ROK V›ROBY VOZIDLA,CHARAKTERISTIKA VOZIDLA ,SMYK,VOZIDLO PO NEHODÃ,"⁄NIK PROVOZNÕCH, PÿEPRAVOVAN›CH HMOT",ZPŸSOB VYPROäTÃNÕ OSOB Z VOZIDLA,SMÃR JÕZDY NEBO POSTAVENÕ VOZIDLA,äKODA NA VOZIDLE,KATEGORIE ÿIDI»E,STAV ÿIDI»E,VNÃJäÕ OVLIVNÃNÕ ÿIDI»E,nan.1,nan.2,nan.3,nan.4,nan.5,nan.6,nan.7,nan.8,nan.9,nan.10,nan.11,nan.12,nan.13,nan.14,nan.15,nan.16,nan.17,nan.18,LOKALITA NEHODY
70106190021,3,4588.0,2019-01-10,4,944,3,0,9,1,1,2,204,0,0,1,5500,2,6,1,1,1,1,1,8,0,0,0,3,1,0,,5,26.0,17,3.0,1.0,1.0,1.0,1.0,3.0,5000,3.0,1.0,1.0,"-520274,474","-1068502,493","-520295,423","-1068512,698","-520295,351","-1068512,699",Krasov,,,silnice3.t¯Ìdy,4588,1069431.0,,Souhlasn˝sesmÏrem˙seku,Pomal˝,597511.0,,GN_V0.1UIR-ADR_410,1
70106190022,2,459.0,2019-01-10,4,1900,3,0,6,2,1,2,204,0,0,0,400,2,8,1,5,4,1,1,3,0,0,0,1,1,0,,3,39.0,02,1.0,0.0,1.0,0.0,1.0,1.0,200,2.0,1.0,1.0,"-518230,602","-1081738,985","-518230,602","-1081738,985","-518229,79","-1081739,433",HornÌBeneöov,,,silnice2.t¯Ìdy,459,399574.0,,Souhlasn˝sesmÏrem˙seku,Pomal˝,597350.0,,GN_V0.1UIR-ADR_410,1
70106190023,2,370.0,2019-01-11,5,610,5,0,0,2,4,0,100,0,0,0,300,2,6,1,5,7,1,1,1,0,0,0,1,1,0,,3,13.0,17,1.0,0.0,1.0,0.0,1.0,1.0,300,2.0,1.0,5.0,"-533544,455","-1086445,189","-533544,455","-1086445,189","-533548,461","-1086436,088",,,,silnice2.t¯Ìdy,370,3246053.0,,OpaËn˝kesmÏru˙seku,Pomal˝,597228.0,50202.0,GN_V0.1UIR-ADR_410,2
70106190024,1,46.0,2019-01-10,4,2300,5,0,0,2,4,0,100,0,0,0,40,2,3,1,1,6,1,1,1,0,0,0,1,1,0,,8,78.0,18,3.0,0.0,1.0,0.0,1.0,1.0,40,4.0,1.0,5.0,"-522879,087","-1095229,725","-522879,087","-1095229,725","-522879,813","-1095229,601",BÌlËice,,,silnice1.t¯Ìdy,46,1965783.0,,Souhlasn˝sesmÏrem˙seku,Pomal˝,597198.0,,GN_V0.1UIR-ADR_410,1
70106190025,6,,2019-01-11,5,1125,1,3,0,2,1,2,204,0,0,0,1400,2,6,1,1,1,1,1,1,3,3,0,5,2,10,6.0,3,25.0,13,1.0,1.0,1.0,0.0,1.0,5.0,200,2.0,1.0,1.0,"-541397,671","-1084360,875","-541418,618","-1084332,945","-541419,302","-1084333,536",R˝ma¯ov,éiûkova,,mÌstnÌkomunikace,,1649882.0,,OpaËn˝kesmÏru˙seku,Pomal˝,597783.0,55018.0,GN_V0.1UIR-ADR_410,1
70106190026,2,459.0,2019-01-11,5,1720,4,0,0,1,3,2,100,0,0,1,200,2,6,12,1,4,1,1,1,0,0,0,1,1,0,,3,39.0,18,3.0,0.0,1.0,0.0,1.0,3.0,200,2.0,1.0,1.0,"-517842,201","-1082855,604","-517842,201","-1082855,604","-517843,48","-1082853,228",HornÌBeneöov,Leskovsk·,,silnice2.t¯Ìdy,459,3047934.0,,OpaËn˝kesmÏru˙seku,Pomal˝,597350.0,50806.0,GN_V0.1UIR-ADR_410,1
70106190027,1,46.0,2019-01-12,6,1850,6,0,0,2,4,0,100,0,0,0,1300,2,3,1,5,7,1,1,0,0,0,0,1,1,0,,3,39.0,16,1.0,0.0,1.0,0.0,1.0,1.0,1300,3.0,1.0,5.0,"-525242,946","-1097519,572","-525242,946","-1097519,572","-525243,127","-1097519,192",,,,silnice1.t¯Ìdy,46,1710377.0,,Souhlasn˝sesmÏrem˙seku,Pomal˝,597317.0,,GN_V0.1UIR-ADR_410,2
70106190028,1,11.0,2019-01-13,0,430,3,0,4,2,1,2,204,0,0,0,810,2,6,1,5,6,1,1,1,0,0,0,3,1,0,,7,26.0,16,1.0,1.0,1.0,0.0,1.0,1.0,500,3.0,1.0,1.0,"-547403,174","-1079401,079","-547403,174","-1079401,079","-547403,923","-1079402,662",,,,silnice1.t¯Ìdy,11,1461876.0,,OpaËn˝kesmÏru˙seku,Pomal˝,551911.0,,GN_V0.1UIR-ADR_410,2
70106190029,1,11.0,2019-01-13,0,1420,5,0,0,2,4,0,100,0,0,0,500,2,3,1,3,1,1,1,1,0,0,0,3,1,0,,3,27.0,13,3.0,0.0,0.0,1.0,1.0,3.0,500,2.0,1.0,5.0,"-525172,065","-1080234,89","-525172,065","-1080234,89","-525174,978","-1080228,777",,,,silnice1.t¯Ìdy,11,1710335.0,,Souhlasn˝sesmÏrem˙seku,Pomal˝,597180.0,,GN_V0.1UIR-ADR_410,2
70106190030,1,45.0,2019-01-13,0,1905,0,0,0,2,6,0,100,0,0,0,20,2,3,6,4,6,1,1,1,0,0,0,1,1,0,,3,39.0,16,1.0,0.0,1.0,0.0,1.0,3.0,20,2.0,1.0,1.0,"-527932,807","-1081000,784","-527903,265","-1081010,99","-527903,073","-1081011,229",Brunt·l,OLOMOUCK¡,,silnice1.t¯Ìdy,45,742368.0,,Souhlasn˝sesmÏrem˙seku,Pomal˝,597180.0,,GN_V0.1UIR-ADR_410,1
70106190031,1,11.0,2019-01-13,0,2130,1,1,0,2,1,0,204,0,0,0,500,2,3,1,1,4,1,1,1,2,0,0,5,2,19,1.0,17,,XX,,,,,,,0,,,,"-527730,035","-1079141,922","-527730,035","-1079141,922","-527727,961","-1079138,332",Brunt·l,Jesenick·,,silnice1.t¯Ìdy,11,1738809.0,,Souhlasn˝sesmÏrem˙seku,Pomal˝,597180.0,49158.0,GN_V0.1UIR-ADR_410,1
70106190032,1,45.0,2019-01-14,1,420,0,0,0,2,1,2,516,0,0,0,50,2,3,6,4,7,1,1,1,0,0,0,1,1,0,,3,17.0,17,1.0,0.0,1.0,0.0,1.0,3.0,50,2.0,1.0,1.0,"-527805,954","-1080374,453","-527811,862","-1080377,139","-527811,246","-1080376,877",Brunt·l,Olomouck·,,silnice1.t¯Ìdy,45,3373762.0,,OpaËn˝kesmÏru˙seku,Pomal˝,597180.0,49506.0,GN_V0.1UIR-ADR_410,1
70106190033,1,45.0,2019-01-14,1,420,0,0,0,2,1,2,516,0,0,0,100,2,3,6,4,7,1,1,1,0,0,0,1,1,0,,3,47.0,04,1.0,0.0,1.0,0.0,1.0,3.0,100,3.0,1.0,1.0,"-527811,87","-1080358,126","-527810,796","-1080378,001","-527810,772","-1080377,991",Brunt·l,Olomouck·,,silnice1.t¯Ìdy,45,3373762.0,,OpaËn˝kesmÏru˙seku,Pomal˝,597180.0,49506.0,GN_V0.1UIR-ADR_410,1
70106190034,1,11.0,2019-01-14,1,450,1,1,0,1,1,2,204,0,0,1,1400,2,5,1,1,6,1,1,1,0,0,0,3,2,0,,3,32.0,07,1.0,1.0,1.0,0.0,1.0,1.0,300,2.0,1.0,1.0,"-514539,63","-1082003,105","-514539,63","-1082003,105","-514539,666","-1082001,988",,,,silnice1.t¯Ìdy,11,3331314.0,,Souhlasn˝sesmÏrem˙seku,Pomal˝,551805.0,,GN_V0.1UIR-ADR_410,2
70106190035,1,45.0,2019-01-14,1,545,9,0,0,2,1,3,510,0,0,0,1500,2,6,1,6,6,1,1,8,0,0,0,1,1,0,,7,62.0,17,9.0,0.0,1.0,0.0,1.0,3.0,1000,3.0,4.0,1.0,"-520529,643","-1075478,37","-520529,643","-1075478,37","-520525,278","-1075479,005",,,,silnice1.t¯Ìdy,45,1961909.0,,OpaËn˝kesmÏru˙seku,Pomal˝,569551.0,,GN_V0.1UIR-ADR_410,2
70106190036,6,,2019-01-14,1,645,1,2,0,2,1,2,403,0,0,0,950,2,6,1,5,5,1,1,1,3,3,0,5,3,10,6.0,3,17.0,13,1.0,0.0,1.0,0.0,1.0,5.0,300,3.0,1.0,1.0,"-522091,809","-1076083,851","-522103,626","-1076097,28","-522103,94","-1076096,809",NovÈHe¯minovy,,,mÌstnÌkomunikace,,1070722.0,,Souhlasn˝sesmÏrem˙seku,Pomal˝,569551.0,,GN_V0.1UIR-ADR_410,1
70106190037,3,4602.0,2019-01-14,1,708,9,0,0,2,1,2,204,0,0,0,1000,2,6,1,6,2,1,1,8,0,0,0,1,1,0,,8,78.0,18,3.0,1.0,1.0,0.0,1.0,1.0,1000,4.0,1.0,1.0,"-515035,486","-1082476,863","-515035,486","-1082476,863","-515035,603","-1082476,77",,,,silnice3.t¯Ìdy,4602,1961715.0,,OpaËn˝kesmÏru˙seku,Pomal˝,551805.0,,GN_V0.1UIR-ADR_410,2
70106190038,1,45.0,2019-01-14,1,1039,1,1,0,2,1,2,204,0,0,0,1800,2,6,1,5,3,3,1,1,0,0,0,3,2,0,,3,7.0,08,2.0,1.0,1.0,1.0,3.0,1.0,1000,3.0,1.0,1.0,"-534109,105","-1096681,29","-534109,105","-1096681,29","-534105,952","-1096683,341",DÏt¯ichovnadByst¯icÌ,,,silnice1.t¯Ìdy,45,1260408.0,,Souhlasn˝sesmÏrem˙seku,Pomal˝,597252.0,,GN_V0.1UIR-ADR_410,1
70106190039,3,45717.0,2019-01-14,1,1110,9,0,0,2,1,2,204,0,0,0,1200,2,6,1,6,3,3,1,1,0,0,0,2,1,0,,3,47.0,15,3.0,1.0,1.0,0.0,1.0,1.0,1200,2.0,1.0,1.0,"-515970,076","-1054642,067","-515970,076","-1054642,067","-515975,457","-1054636,433",,,,silnice3.t¯Ìdy,45717,3186876.0,,Souhlasn˝sesmÏrem˙seku,Pomal˝,597571.0,,GN_V0.1UIR-ADR_410,2
70106190040,1,57.0,2019-01-14,1,1300,0,0,0,2,0,0,100,0,0,0,120,2,3,1,7,3,1,1,1,0,0,0,1,1,0,,3,13.0,00,2.0,0.0,1.0,0.0,1.0,1.0,100,3.0,1.0,1.0,"-506684,202","-1074085,544","-506684,202","-1074085,544","-506679,469","-1074082,658",,,,silnice1.t¯Ìdy,57,2740886.0,,Souhlasn˝sesmÏrem˙seku,Pomal˝,597937.0,,GN_V0.1UIR-ADR_410,2
70106190041,1,57.0,2019-01-14,1,1455,1,1,0,1,1,2,501,0,0,1,3500,2,3,1,5,3,1,1,1,0,0,0,1,2,0,,3,44.0,13,1.0,0.0,1.0,1.0,2.0,1.0,2000,2.0,1.0,1.0,"-508134,622","-1070206,311","-508134,622","-1070206,311","-508134,737","-1070206,663",Krnov,Opavsk·,,silnice1.t¯Ìdy,57,2739555.0,,Souhlasn˝sesmÏrem˙seku,Pomal˝,597520.0,52124.0,GN_V0.1UIR-ADR_410,1
70106190042,6,,2019-01-14,1,1745,2,0,0,1,1,0,204,0,0,2,1700,2,6,1,5,5,1,1,3,0,0,0,1,2,0,,3,7.0,00,1.0,1.0,1.0,1.0,3.0,5.0,200,9.0,,,"-510045,747","-1069022,445","-510045,747","-1069022,445","-510031,943","-1069016,602",Krnov,Kar·skova,,mÌstnÌkomunikace,,359086.0,,OpaËn˝kesmÏru˙seku,Pomal˝,597520.0,51667.0,GN_V0.1UIR-ADR_410,1
70106190043,6,,2019-01-14,1,2355,3,0,9,2,1,0,504,0,0,0,80,2,8,1,6,4,1,0,8,0,0,0,1,1,0,,17,,XX,,,,,,,0,,,,"-508775,207","-1069533,506","-508775,207","-1069533,506","-508774,126","-1069534,853",Krnov,9.kvÏtna,,mÌstnÌkomunikace,,2739364.0,,Souhlasn˝sesmÏrem˙seku,Pomal˝,597520.0,52914.0,GN_V0.1UIR-ADR_410,1
70106190044,2,451.0,2019-01-15,2,610,5,0,0,2,4,0,100,0,0,0,500,2,3,1,1,6,1,1,1,0,0,0,1,1,0,,3,38.0,16,3.0,0.0,1.0,0.0,1.0,3.0,500,3.0,1.0,5.0,"-525507,649","-1071730,532","-525507,649","-1071730,532","-525508,295","-1071730,641",,,,silnice2.t¯Ìdy,451,3243374.0,,OpaËn˝kesmÏru˙seku,Pomal˝,597899.0,,GN_V0.1UIR-ADR_410,2
70106190045,1,45.0,2019-01-15,2,1315,3,0,9,2,1,2,511,0,0,0,1205,2,6,1,7,3,1,1,8,0,0,0,1,1,0,,7,48.0,13,3.0,1.0,1.0,0.0,1.0,1.0,1000,3.0,1.0,1.0,"-535165,135","-1100365,817","-535165,135","-1100365,817","-535163,492","-1100366,272",,,,silnice1.t¯Ìdy,45,458030.0,,Souhlasn˝sesmÏrem˙seku,Pomal˝,597252.0,,GN_V0.1UIR-ADR_410,2
70106190046,1,11.0,2019-01-15,2,1510,5,0,0,2,4,0,100,0,0,0,1000,2,3,1,1,1,1,1,1,0,0,0,3,1,0,,3,39.0,17,3.0,0.0,1.0,0.0,1.0,3.0,1000,2.0,1.0,5.0,"-521130,714","-1081486,85","-521130,714","-1081486,85","-521130,192","-1081485,513",,,,silnice1.t¯Ìdy,11,1961923.0,,Souhlasn˝sesmÏrem˙seku,Pomal˝,597724.0,,GN_V0.1UIR-ADR_410,2
70106190047,2,452.0,2019-01-15,2,1750,3,0,1,2,1,2,511,0,0,0,900,2,6,1,5,7,1,1,1,0,0,0,3,1,0,,7,40.0,09,3.0,0.0,1.0,0.0,1.0,3.0,100,3.0,1.0,1.0,"-530213,412","-1076125,497","-530213,412","-1076125,497","-530214,157","-1076125,724",,,,silnice2.t¯Ìdy,452,3268755.0,,Souhlasn˝sesmÏrem˙seku,Pomal˝,551767.0,,GN_V0.1UIR-ADR_410,2
70106190048,3,37020.0,2019-01-15,2,2040,5,0,0,2,4,0,100,0,0,0,50,2,8,1,5,7,1,1,1,0,0,0,1,1,0,,3,39.0,99,1.0,0.0,1.0,0.0,1.0,1.0,50,2.0,1.0,5.0,"-537929,255","-1078674,145","-537929,255","-1078674,145","-537927,091","-1078673,458",,,,silnice3.t¯Ìdy,37020,1965646.0,,Souhlasn˝sesmÏrem˙seku,Pomal˝,597287.0,,GN_V0.1UIR-ADR_410,2
70106190049,1,57.0,2019-01-16,3,530,4,0,0,1,1,2,202,0,0,1,200,2,3,1,4,7,1,1,1,0,0,7,1,1,0,,3,22.0,06,1.0,0.0,1.0,0.0,1.0,3.0,200,3.0,1.0,1.0,"-507215,535","-1072397,561","-507215,535","-1072397,561","-507210,67","-1072395,458",,,,silnice1.t¯Ìdy,57,1404208.0,,Souhlasn˝sesmÏrem˙seku,Pomal˝,597520.0,51225.0,GN_V0.1UIR-ADR_410,2
70106190050,2,451.0,2019-01-16,3,925,5,0,0,2,4,0,100,0,0,0,500,2,3,1,1,1,1,1,1,0,0,0,1,1,0,,3,8.0,17,1.0,0.0,1.0,0.0,1.0,1.0,500,2.0,1.0,5.0,"-530277,115","-1065517,237","-530277,115","-1065517,237","-530285,849","-1065534,496",,,,silnice2.t¯Ìdy,451,1710360.0,,OpaËn˝kesmÏru˙seku,Pomal˝,597961.0,,GN_V0.1UIR-ADR_410,2
70106190051,6,,2019-01-16,3,2560,2,0,0,2,1,0,502,0,0,0,50,2,1,1,1,1,1,1,8,0,0,10,1,2,0,,17,,XX,,,,,,,0,,,,"-509191,777","-1069936,542","-509191,777","-1069936,542","-509191,845","-1069935,91",Krnov,,,mÌstnÌkomunikace,,2602828.0,,Souhlasn˝sesmÏrem˙seku,Pomal˝,597520.0,,GN_V0.1UIR-ADR_410,1
70106190052,6,,2019-01-16,3,1240,2,0,0,2,1,0,504,0,0,0,500,2,8,1,1,1,1,1,1,0,0,0,1,2,0,,17,,XX,,,,,,,0,,,,"-542000,11","-1084117,836","-542000,11","-1084117,836","-541998,184","-1084119,381",R˝ma¯ov,Jungmanova,,mÌstnÌkomunikace,,2741913.0,,OpaËn˝kesmÏru˙seku,Pomal˝,597783.0,54500.0,GN_V0.1UIR-ADR_410,1
70106190053,1,11.0,2019-01-18,5,45,3,0,6,2,1,2,504,0,0,0,300,2,6,1,6,4,1,1,1,0,0,0,1,1,0,,3,39.0,09,12.0,0.0,0.0,0.0,1.0,1.0,300,2.0,1.0,1.0,"-541646,703","-1083736,345","-541646,703","-1083736,345","-541646,387","-1083735,972",R˝ma¯ov,Opavsk·,,silnice1.t¯Ìdy,11,1743012.0,,Souhlasn˝sesmÏrem˙seku,Pomal˝,597783.0,54691.0,GN_V0.1UIR-ADR_410,1
70106190054,2,453.0,2019-01-18,5,630,3,0,9,2,1,2,204,0,0,0,300,2,6,1,6,4,1,1,3,0,0,0,1,1,0,,3,13.0,99,1.0,1.0,1.0,0.0,1.0,3.0,200,2.0,1.0,5.0,"-520036,336","-1059035,376","-520036,336","-1059035,376","-520028,06","-1059028,628",MÏstoAlbrechtice,,,silnice2.t¯Ìdy,453,1462134.0,,OpaËn˝kesmÏru˙seku,Pomal˝,597635.0,,GN_V0.1UIR-ADR_410,1
70106190055,1,57.0,2019-01-18,5,1020,1,4,0,2,1,2,503,0,0,0,550,2,1,1,1,1,1,1,1,0,0,0,1,2,0,,5,7.0,08,1.0,0.0,1.0,1.0,1.0,1.0,300,2.0,1.0,1.0,"-518007,421","-1061105,236","-518007,421","-1061105,236","-518005,762","-1061104,827",MÏstoAlbrechtice,Krnovsk·,,silnice1.t¯Ìdy,57,335874.0,,OpaËn˝kesmÏru˙seku,Pomal˝,597635.0,53309.0,GN_V0.1UIR-ADR_410,1
70106190056,6,,2019-01-18,5,1450,3,0,9,2,1,0,504,0,0,0,650,2,3,1,1,1,1,1,3,0,0,0,1,1,0,,5,40.0,98,9.0,0.0,3.0,1.0,1.0,5.0,50,3.0,1.0,1.0,"-511950,201","-1067754,892","-511932,476","-1067719,979","-511952,308","-1067743,576",Krnov,Blatn·,,mÌstnÌkomunikace,,706905.0,,Souhlasn˝sesmÏrem˙seku,Pomal˝,597520.0,51101.0,GN_V0.1UIR-ADR_410,1
70106190057,3,45714.0,2019-01-18,5,1650,5,0,0,2,4,0,100,0,0,0,200,2,3,1,1,2,1,1,1,0,0,0,1,1,0,,3,39.0,07,1.0,0.0,1.0,0.0,1.0,3.0,200,2.0,1.0,5.0,"-519021,427","-1053174,574","-519021,427","-1053174,574","-519017,155","-1053172,16",,,,silnice3.t¯Ìdy,45714,1961552.0,,Souhlasn˝sesmÏrem˙seku,Pomal˝,597449.0,,GN_V0.1UIR-ADR_410,2
70106190058,6,,2019-01-19,6,1200,2,0,0,2,1,0,511,0,0,0,80,2,1,1,1,1,1,1,3,0,0,0,2,2,0,,3,47.0,98,1.0,1.0,1.0,0.0,1.0,5.0,30,2.0,1.0,1.0,"-510679,019","-1069019,456","-510679,019","-1069019,456","-510675,842","-1069022,12",Krnov,Albrechtick·,,mÌstnÌkomunikace,,359041.0,,OpaËn˝kesmÏru˙seku,Pomal˝,597520.0,51039.0,GN_V0.1UIR-ADR_410,1
70106190059,2,445.0,2019-01-19,6,1300,1,3,0,1,1,2,516,0,0,1,1300,2,3,1,1,1,1,1,1,0,0,0,1,2,0,,3,47.0,15,1.0,0.0,0.0,0.0,1.0,1.0,1000,2.0,1.0,1.0,"-537049,122","-1068289,768","-537060,94","-1068327,906","-537061,245","-1068327,756",,,,silnice2.t¯Ìdy,445,3243593.0,,Souhlasn˝sesmÏrem˙seku,Pomal˝,597473.0,,GN_V0.1UIR-ADR_410,2
70106190060,2,445.0,2019-01-19,6,2158,5,0,0,2,4,0,100,0,0,0,50,2,1,1,1,4,1,1,1,0,0,0,1,1,0,,3,39.0,99,1.0,0.0,1.0,0.0,1.0,1.0,50,2.0,1.0,5.0,"-535341,068","-1065915,572","-535341,068","-1065915,572","-535339,688","-1065916,636",LudvÌkov,,,silnice2.t¯Ìdy,445,3243606.0,,Souhlasn˝sesmÏrem˙seku,Pomal˝,551996.0,,GN_V0.1UIR-ADR_410,1
70106190061,6,,2019-01-20,0,1705,2,0,0,2,1,2,504,0,0,0,70,2,5,1,1,4,1,1,1,0,0,10,1,2,0,,3,39.0,09,1.0,0.0,0.0,0.0,1.0,5.0,20,2.0,1.0,1.0,"-528159,226","-1079523,241","-528159,226","-1079523,241","-528150,783","-1079526,483",Brunt·l,UH¯iötÏ,,mÌstnÌkomunikace,,3577719.0,,Souhlasn˝sesmÏrem˙seku,Pomal˝,597180.0,49883.0,GN_V0.1UIR-ADR_410,1
70106190062,2,452.0,2019-01-20,0,1835,5,0,0,2,4,0,100,0,0,0,100,2,1,1,1,6,1,1,1,0,0,0,1,1,0,,3,39.0,17,1.0,0.0,1.0,0.0,1.0,1.0,100,2.0,1.0,5.0,"-532030,072","-1069889,256","-532030,072","-1069889,256","-532019,767","-1069881,752",,,,silnice2.t¯Ìdy,452,1961895.0,,OpaËn˝kesmÏru˙seku,Pomal˝,551929.0,,GN_V0.1UIR-ADR_410,2
70106190063,2,445.0,2019-01-21,1,450,5,0,0,2,4,0,100,0,0,0,200,2,6,1,1,6,4,1,1,0,0,0,2,1,0,,3,17.0,13,1.0,0.0,1.0,0.0,1.0,1.0,200,2.0,1.0,5.0,"-540315,456","-1085980,723","-540315,456","-1085980,723","-540315,554","-1085980,918",,,,silnice2.t¯Ìdy,445,1710830.0,,OpaËn˝kesmÏru˙seku,Pomal˝,597783.0,,GN_V0.1UIR-ADR_410,2
70106190064,1,11.0,2019-01-21,1,1607,4,0,0,1,3,2,100,0,0,1,0,2,1,1,1,1,1,1,1,3,4,1,1,1,0,,3,39.0,99,1.0,0.0,0.0,0.0,1.0,1.0,0,3.0,1.0,4.0,"-527994,46","-1079025,842","-527976,198","-1079000,06","-527975,51","-1078998,788",Brunt·l,Jesenick·,,silnice1.t¯Ìdy,11,1738802.0,,Souhlasn˝sesmÏrem˙seku,Pomal˝,597180.0,49158.0,GN_V0.1UIR-ADR_410,1
70106190065,2,451.0,2019-01-21,1,2020,5,0,0,2,4,0,100,0,0,0,150,2,1,1,1,6,1,1,1,0,0,0,1,1,0,,3,13.0,05,1.0,0.0,1.0,0.0,1.0,3.0,150,2.0,1.0,5.0,"-530160,142","-1065620,263","-530141,343","-1065613,28","-530141,962","-1065614,318",,,,silnice2.t¯Ìdy,451,3448069.0,,OpaËn˝kesmÏru˙seku,Pomal˝,597961.0,,GN_V0.1UIR-ADR_410,2
70106190066,6,,2019-01-22,2,2560,0,0,0,2,1,0,511,0,0,0,200,2,1,1,1,1,1,1,1,0,0,0,3,2,0,,17,,XX,,,,,,,0,,,,"-507766,489","-1070630,58","-507766,489","-1070630,58","-507760,463","-1070621,934",Krnov,Opavsk·,,mÌstnÌkomunikace,,3072178.0,,Souhlasn˝sesmÏrem˙seku,Pomal˝,597520.0,52124.0,GN_V0.1UIR-ADR_410,1
70106190067,6,,2019-01-02,3,2560,3,0,3,2,1,0,511,0,0,0,50,2,1,1,1,1,1,0,3,3,4,1,5,1,10,6.0,17,,XX,,,,,,,0,,,,"-510618,459","-1069094,951","-510618,459","-1069094,951","-510618,036","-1069095,32",Krnov,I.P.Pavlova,,mÌstnÌkomunikace,,359211.0,,OpaËn˝kesmÏru˙seku,Pomal˝,597520.0,51527.0,GN_V0.1UIR-ADR_410,1
70106190068,3,4513.0,2019-01-23,3,520,1,2,0,2,1,2,501,0,0,0,650,2,3,1,5,4,1,1,1,3,3,0,5,2,19,6.0,3,7.0,97,9.0,0.0,1.0,0.0,1.0,13.0,50,2.0,1.0,1.0,"-526609,307","-1078329,65","-526600,176","-1078342,541","-526599,707","-1078342,344",Brunt·l,PolnÌ,,silnice3.t¯Ìdy,4513,804466.0,,Souhlasn˝sesmÏrem˙seku,Pomal˝,597180.0,49603.0,GN_V0.1UIR-ADR_410,1
70106190069,6,,2019-01-23,3,800,2,0,0,2,1,0,511,0,0,0,100,2,3,1,1,1,1,1,1,0,0,0,1,2,0,,17,,XX,,,,,,,0,,,,"-517669,868","-1060559,483","-517669,868","-1060559,483","-517664,53","-1060562,063",MÏstoAlbrechtice,N·draûnÌ,,mÌstnÌkomunikace,,804707.0,,Souhlasn˝sesmÏrem˙seku,Pomal˝,597635.0,53368.0,GN_V0.1UIR-ADR_410,1
70106190070,1,11.0,2019-01-23,3,1600,9,0,0,1,1,2,204,0,0,2,500,2,3,1,1,1,1,1,8,0,0,0,1,1,0,,3,47.0,95,1.0,1.0,1.0,0.0,1.0,1.0,500,2.0,1.0,1.0,"-520734,671","-1081873,881","-520734,671","-1081873,881","-520713,929","-1081850,679",,,,silnice1.t¯Ìdy,11,1260939.0,,Souhlasn˝sesmÏrem˙seku,Pomal˝,597724.0,,GN_V0.1UIR-ADR_410,2
70106190071,3,37020.0,2019-01-24,4,920,3,0,3,2,1,2,204,0,0,0,400,2,5,1,6,1,1,1,8,0,0,1,1,1,0,,3,60.0,11,1.0,1.0,1.0,0.0,1.0,1.0,350,2.0,1.0,1.0,"-537821,523","-1079461,157","-537821,523","-1079461,157","-537813,949","-1079463,084",DolnÌMoravice,,,silnice3.t¯Ìdy,37020,2742065.0,,Souhlasn˝sesmÏrem˙seku,Pomal˝,597287.0,,GN_V0.1UIR-ADR_410,1
70106190072,3,4585.0,2019-01-24,4,1120,3,0,6,2,1,2,204,0,0,0,1800,2,6,1,5,3,2,1,8,3,5,0,2,1,0,,3,44.0,18,3.0,1.0,1.0,0.0,1.0,1.0,1500,2.0,1.0,1.0,"-509363,436","-1070231,287","-509363,436","-1070231,287","-509365,193","-1070228,555",Krnov,Ch·¯ovsk·,,silnice3.t¯Ìdy,4585,363642.0,,OpaËn˝kesmÏru˙seku,Pomal˝,597520.0,51501.0,GN_V0.1UIR-ADR_410,1
70106190073,6,,2019-01-24,4,1124,1,3,0,2,1,2,402,0,0,0,1250,2,5,1,6,1,1,1,1,3,3,0,4,2,10,6.0,5,19.0,04,3.0,0.0,1.0,0.0,1.0,5.0,200,3.0,1.0,1.0,"-510496,059","-1069594,603","-510530,435","-1069595,14","-510530,516","-1069595,134",Krnov,BezruËova,,mÌstnÌkomunikace,,360984.0,,OpaËn˝kesmÏru˙seku,Pomal˝,597520.0,51080.0,GN_V0.1UIR-ADR_410,1