IDENTIFIKA»NÕ »ÕSLO,DRUH POZEMNÕ KOMUNIKACE,»ÕSLO POZEMNÕ KOMUNIKACE,"den, mÏsÌc, rok",,Ëas ,DRUH NEHODY,DRUH SR¡éKY JEDOUCÕCH VOZIDEL,DRUH PEVN… PÿEK¡éKY,CHARAKTER NEHODY,ZAVINÃNÕ NEHODY,ALKOHOL U VINÕKA NEHODY PÿÕTOMEN,HLAVNÕ PÿÕ»INY NEHODY,usmrceno osob,tÏûce zranÏno osob,lehce zranÏno osob,CELKOV¡ HMOTN¡ äKODA,DRUH POVRCHU VOZOVKY,STAV POVRCHU VOZOVKY V DOBÃ NEHODY,STAV KOMUNIKACE,POVÃTRNOSTNÕ PODMÕNKY V DOBÃ NEHODY,VIDITELNOST,ROZHLEDOV… POMÃRY,DÃLENÕ KOMUNIKACE,SITUOV¡NÕ NEHODY NA KOMUNIKACI,ÿÕZENÕ PROVOZU V DOBÃ NEHODY,MÕSTNÕ ⁄PRAVA PÿEDNOSTI V JÕZDÃ,SPECIFICK¡ MÕSTA A OBJEKTY V MÕSTÃ NEHODY,SMÃROV… POMÃRY,PO»ET Z⁄»ASTNÃN›CH VOZIDEL,MÕSTO DOPRAVNÕ NEHODY,DRUH KÿIéUJÕCÕ KOMUNIKACE,DRUH VOZIDLA,V›ROBNÕ ZNA»KA MOTOROV…HO VOZIDLA,ROK V›ROBY VOZIDLA,CHARAKTERISTIKA VOZIDLA ,SMYK,VOZIDLO PO NEHODÃ,"⁄NIK PROVOZNÕCH, PÿEPRAVOVAN›CH HMOT",ZPŸSOB VYPROäTÃNÕ OSOB Z VOZIDLA,SMÃR JÕZDY NEBO POSTAVENÕ VOZIDLA,äKODA NA VOZIDLE,KATEGORIE ÿIDI»E,STAV ÿIDI»E,VNÃJäÕ OVLIVNÃNÕ ÿIDI»E,nan.1,nan.2,nan.3,nan.4,nan.5,nan.6,nan.7,nan.8,nan.9,nan.10,nan.11,nan.12,nan.13,nan.14,nan.15,nan.16,nan.17,nan.18,LOKALITA NEHODY
70106190074,2,457.0,2019-01-24,4,1730,5,0,0,2,4,0,100,0,0,0,300,2,5,2,5,7,4,1,1,0,0,0,1,1,0,,3,13.0,17,3.0,0.0,1.0,0.0,1.0,1.0,300,3.0,1.0,5.0,"-526623,402","-1051435,863","-526623,402","-1051435,863","-526627,759","-1051439,041",,,,silnice2.t¯Ìdy,457,3047827.0,,Souhlasn˝sesmÏrem˙seku,Pomal˝,551848.0,,GN_V0.1UIR-ADR_410,2
70106190075,2,452.0,2019-01-25,5,900,3,0,9,2,1,2,204,0,0,0,950,2,6,1,1,1,1,1,3,0,0,0,2,1,0,,3,32.0,09,1.0,0.0,1.0,0.0,1.0,1.0,800,2.0,1.0,1.0,"-526145,13","-1082298,172","-526145,13","-1082298,172","-526145,883","-1082298,619",Mezina,,,silnice2.t¯Ìdy,452,3247169.0,,OpaËn˝kesmÏru˙seku,Pomal˝,551724.0,,GN_V0.1UIR-ADR_410,1
70106190076,6,,2019-01-25,5,2560,2,0,0,2,1,0,511,0,0,0,100,2,8,1,1,1,1,1,1,0,0,10,1,2,0,,3,47.0,00,1.0,0.0,1.0,0.0,1.0,5.0,0,9.0,,,"-528252,828","-1078890,444","-528252,828","-1078890,444","-528252,729","-1078890,278",Brunt·l,UStadionu,,mÌstnÌkomunikace,,1738774.0,,OpaËn˝kesmÏru˙seku,Pomal˝,597180.0,50148.0,GN_V0.1UIR-ADR_410,1
70106190077,3,44512.0,2019-01-01,2,2560,3,0,2,2,1,0,511,0,0,0,50,2,6,1,1,1,1,1,1,0,0,0,1,1,0,,17,,XX,,,,,,,0,,,,"-541729,115","-1077260,588","-541729,115","-1077260,588","-541726,292","-1077258,405",DolnÌMoravice,,,silnice3.t¯Ìdy,44512,1070873.0,,OpaËn˝kesmÏru˙seku,Pomal˝,597287.0,,GN_V0.1UIR-ADR_410,1
70106190078,6,,2019-01-26,6,830,1,3,0,1,1,2,403,0,0,1,40,2,3,1,1,1,1,1,1,3,3,0,4,2,10,6.0,3,31.0,10,1.0,0.0,1.0,0.0,1.0,5.0,20,2.0,1.0,1.0,"-509163,655","-1069553,095","-509134,65","-1069545,038","-509134,48","-1069545,056",Krnov,Soukenick·,,mÌstnÌkomunikace,,361567.0,,OpaËn˝kesmÏru˙seku,Pomal˝,597520.0,52469.0,GN_V0.1UIR-ADR_410,1
70106190079,1,45.0,2019-01-26,6,1128,1,4,0,2,1,2,503,0,0,0,210,2,3,1,1,1,1,1,1,3,3,1,1,2,0,,3,39.0,16,12.0,0.0,0.0,0.0,1.0,1.0,200,2.0,1.0,1.0,"-509892,66","-1069640,238","-509892,66","-1069640,238","-509899,332","-1069641,13",Krnov,Jesenick·,,silnice1.t¯Ìdy,45,3072078.0,,OpaËn˝kesmÏru˙seku,Pomal˝,597520.0,51543.0,GN_V0.1UIR-ADR_410,1
70106190080,1,11.0,2019-01-26,6,1200,1,3,0,1,1,2,402,0,0,2,1900,2,3,1,1,1,1,1,1,3,3,0,4,2,19,2.0,3,39.0,08,1.0,0.0,1.0,0.0,1.0,24.0,600,2.0,1.0,1.0,"-518448,306","-1082647,295","-518440,786","-1082625,273","-518440,521","-1082625,928",HornÌBeneöov,,,silnice1.t¯Ìdy,11,1464928.0,,OpaËn˝kesmÏru˙seku,Pomal˝,597350.0,,GN_V0.1UIR-ADR_410,1
70106190081,2,450.0,2019-01-26,6,1820,1,4,0,2,1,2,508,0,0,0,400,2,3,1,1,4,1,1,1,0,0,0,1,2,0,,3,38.0,14,3.0,0.0,1.0,0.0,1.0,1.0,300,2.0,1.0,1.0,"-529946,817","-1077257,012","-529946,817","-1077257,012","-529945,477","-1077251,648",StarÈMÏsto,,,silnice2.t¯Ìdy,450,3243627.0,,Souhlasn˝sesmÏrem˙seku,Pomal˝,551767.0,,GN_V0.1UIR-ADR_410,1
70106190082,6,,2019-01-26,6,1630,2,0,0,2,1,2,504,0,0,0,1000,2,1,1,1,1,1,1,1,0,0,0,1,2,0,,7,48.0,13,3.0,0.0,1.0,0.0,1.0,5.0,0,4.0,1.0,1.0,"-508773,9","-1069262,283","-508773,9","-1069262,283","-508770,341","-1069256,083",Krnov,HlubËick·,,mÌstnÌkomunikace,,1443329.0,,Souhlasn˝sesmÏrem˙seku,Pomal˝,597520.0,51438.0,GN_V0.1UIR-ADR_410,1
70106190083,3,4525.0,2019-01-28,1,720,5,0,0,2,4,0,100,0,0,0,400,2,6,1,5,2,4,1,1,0,0,0,2,1,0,,3,20.0,18,2.0,0.0,1.0,1.0,1.0,1.0,400,2.0,1.0,5.0,"-526565,913","-1072775,223","-526565,913","-1072775,223","-526568,651","-1072778,926",,,,silnice3.t¯Ìdy,4525,1961657.0,,OpaËn˝kesmÏru˙seku,Pomal˝,597872.0,,GN_V0.1UIR-ADR_410,2
70106190084,2,370.0,2019-01-28,1,1345,1,4,0,2,1,2,511,0,0,0,1050,2,3,1,5,3,1,1,1,0,0,0,1,2,0,,9,0.0,81,2.0,0.0,1.0,0.0,1.0,1.0,0,3.0,1.0,1.0,"-539493,806","-1084335,662","-539493,806","-1084357,147","-539493,954","-1084356,811",,,,silnice2.t¯Ìdy,370,1710807.0,,OpaËn˝kesmÏru˙seku,Pomal˝,597783.0,,GN_V0.1UIR-ADR_410,2
70106190085,2,370.0,2019-01-28,1,1440,9,0,0,1,1,2,204,0,0,1,200,2,8,1,1,1,1,1,1,0,0,0,3,1,0,,3,35.0,06,1.0,0.0,1.0,0.0,1.0,1.0,200,2.0,1.0,1.0,"-550811,21","-1089052,148","-550811,21","-1089052,148","-550814,043","-1089051,179",,,,silnice2.t¯Ìdy,370,1333623.0,,OpaËn˝kesmÏru˙seku,Pomal˝,551821.0,,GN_V0.1UIR-ADR_410,2
70106190086,6,,2019-01-29,2,618,2,0,0,2,1,2,204,0,0,0,1060,2,8,1,1,4,1,1,1,0,0,0,3,2,0,,3,39.0,03,1.0,0.0,1.0,0.0,1.0,5.0,10,3.0,1.0,1.0,"-542220,159","-1084117,79","-542220,159","-1084117,79","-542221,098","-1084120,701",R˝ma¯ov,HornomÏstsk·,,mÌstnÌkomunikace,,407032.0,,OpaËn˝kesmÏru˙seku,Pomal˝,597783.0,54411.0,GN_V0.1UIR-ADR_410,1
70106190087,3,45812.0,2019-01-29,2,630,5,0,0,2,4,0,100,0,0,0,600,2,5,1,6,6,1,1,1,0,0,0,1,1,0,,3,17.0,17,8.0,0.0,1.0,0.0,1.0,3.0,600,2.0,1.0,5.0,"-523176,066","-1062480,881","-523176,066","-1062480,881","-523178,837","-1062473,952",,,,silnice3.t¯Ìdy,45812,2513056.0,,Souhlasn˝sesmÏrem˙seku,Pomal˝,597635.0,,GN_V0.1UIR-ADR_410,2
70106190088,1,45.0,2019-01-29,2,1050,1,2,0,2,1,2,305,0,0,0,50,2,3,1,1,1,1,1,1,0,0,0,1,2,0,,5,19.0,13,3.0,0.0,1.0,0.0,1.0,1.0,0,4.0,1.0,1.0,"-519789,526","-1074702,37","-519789,526","-1074702,37","-519792,302","-1074697,567",,,,silnice1.t¯Ìdy,45,1961904.0,,Souhlasn˝sesmÏrem˙seku,Pomal˝,597988.0,,GN_V0.1UIR-ADR_410,2
70106190089,2,449.0,2019-01-29,2,1830,5,0,0,2,4,0,100,0,0,0,300,2,3,1,1,6,1,1,1,0,0,0,2,1,0,,3,17.0,14,1.0,0.0,0.0,0.0,1.0,1.0,300,2.0,1.0,5.0,"-546399,92","-1093586,349","-546399,92","-1093586,349","-546402,792","-1093584,904",,,,silnice2.t¯Ìdy,449,2740718.0,,OpaËn˝kesmÏru˙seku,Pomal˝,597457.0,,GN_V0.1UIR-ADR_410,2
70106190090,6,,2019-01-30,3,1355,2,0,0,2,1,2,502,0,0,0,450,2,3,1,1,1,1,1,1,0,0,0,1,2,0,,8,62.0,07,2.0,0.0,1.0,0.0,1.0,5.0,100,4.0,1.0,1.0,"-527970,958","-1078905,759","-527970,958","-1078905,759","-527966,727","-1078907,932",Brunt·l,Jesenick·,,mÌstnÌkomunikace,,391395.0,,Souhlasn˝sesmÏrem˙seku,Pomal˝,597180.0,49158.0,GN_V0.1UIR-ADR_410,1
70106190091,1,11.0,2019-01-30,3,1500,4,0,0,1,1,2,412,0,0,1,710,2,1,1,1,1,6,2,1,3,3,1,1,1,0,,3,39.0,16,8.0,0.0,1.0,0.0,1.0,3.0,700,2.0,1.0,4.0,"-527185,188","-1078993,884","-527185,188","-1078993,884","-527180,558","-1078996,537",Brunt·l,N·draûnÌ,,silnice1.t¯Ìdy,11,716064.0,,Souhlasn˝sesmÏrem˙seku,Pomal˝,597180.0,49417.0,GN_V0.1UIR-ADR_410,1
70106190092,3,44515.0,2019-01-30,3,1830,5,0,0,2,4,0,100,0,0,0,820,2,1,1,1,4,1,1,1,0,0,0,1,1,0,,3,39.0,16,9.0,0.0,1.0,0.0,1.0,1.0,800,2.0,1.0,5.0,"-532898,752","-1074632,562","-532898,752","-1074632,562","-532899,236","-1074631,562",Rudn·podPradÏdem,,,silnice3.t¯Ìdy,44515,1889786.0,,Souhlasn˝sesmÏrem˙seku,Pomal˝,551945.0,,GN_V0.1UIR-ADR_410,1
70106190093,1,45.0,2019-01-30,3,1745,3,0,9,2,1,2,508,0,0,0,200,2,1,1,1,4,1,1,1,0,0,0,1,1,0,,3,25.0,01,1.0,0.0,1.0,0.0,1.0,1.0,100,3.0,1.0,1.0,"-511378,96","-1069886,432","-511384,868","-1069871,929","-511384,732","-1069872,848",Krnov,Brunt·lsk·,,silnice1.t¯Ìdy,45,362202.0,,Souhlasn˝sesmÏrem˙seku,Pomal˝,597520.0,51152.0,GN_V0.1UIR-ADR_410,1
70106190094,6,,2019-01-31,4,1130,3,0,6,2,1,2,504,0,0,0,250,2,5,1,1,1,1,1,1,0,0,0,1,1,0,,5,19.0,09,3.0,0.0,1.0,0.0,1.0,5.0,50,3.0,1.0,1.0,"-532198,181","-1064366,488","-532198,181","-1064366,488","-532194,48","-1064368,102",VrbnopodPradÏdem,BezruËova,,mÌstnÌkomunikace,,2738788.0,,Souhlasn˝sesmÏrem˙seku,Pomal˝,597961.0,55280.0,GN_V0.1UIR-ADR_410,1
70106190095,2,452.0,2019-01-31,4,1445,3,0,1,2,1,2,204,0,0,0,520,2,5,1,1,1,3,1,8,0,0,0,3,1,0,,3,60.0,07,1.0,1.0,1.0,0.0,1.0,1.0,500,2.0,1.0,1.0,"-526446,552","-1081783,296","-526446,552","-1081783,296","-526444,157","-1081783,165",,,,silnice2.t¯Ìdy,452,804232.0,,Souhlasn˝sesmÏrem˙seku,Pomal˝,551724.0,,GN_V0.1UIR-ADR_410,2
70206190001,6,,2019-01-01,2,2560,2,0,0,2,1,0,511,0,0,0,200,2,3,1,6,1,1,1,1,0,0,0,1,2,0,,17,,XX,,,,,,,0,,,,"-466932,144","-1118405,62","-466942,35","-1118407,769","-466942,171","-1118407,975",FR›DEK-MÕSTEK-MÕSTEK,Bruzovsk·,,mÌstnÌkomunikace,,519062.0,,OpaËn˝kesmÏru˙seku,Pomal˝,598003.0,,GN_V0.1UIR-ADR_410,1
70206190002,3,48425.0,2019-01-02,3,600,3,0,9,2,1,2,205,0,0,0,1050,2,8,1,1,4,1,1,3,0,0,0,3,1,0,,3,16.0,17,1.0,1.0,1.0,0.0,1.0,3.0,1000,2.0,1.0,1.0,"-467550,571","-1131290,133","-467550,571","-1131290,133","-467554,865","-1131282,122",FR›DLANTNADOSTRAVICÕ,éiûkova,,silnice3.t¯Ìdy,48425,2733415.0,,OpaËn˝kesmÏru˙seku,Pomal˝,598143.0,104761.0,GN_V0.1UIR-ADR_410,1
70206190003,6,,2019-01-01,2,2560,2,0,0,2,1,0,508,0,0,0,400,2,3,1,1,1,1,1,1,0,0,10,1,2,0,,17,,XX,,,,,,,0,,,,"-466347,374","-1119233,747","-466347,374","-1119233,747","-466346,795","-1119235,021",FR›DEK-MÕSTEK-FR›DEK,Ji¯ÌhozPodÏbrad,,mÌstnÌkomunikace,,521683.0,,OpaËn˝kesmÏru˙seku,Pomal˝,598003.0,102067.0,GN_V0.1UIR-ADR_410,1
70206190004,6,,2019-01-01,2,2560,3,0,9,2,1,0,508,0,0,0,20,2,3,1,4,3,1,1,8,3,3,0,4,1,10,6.0,17,,XX,,,,,,,0,,,,,,"-467348,627","-1116664,512","-467348,554","-1116664,646",FR›DEK-MÕSTEK-FR›DEK,Olbrachtova,,mÌstnÌkomunikace,,514162.0,,,Pomal˝,598003.0,,GN_V0.1UIR-ADR_410,1
70206190005,3,4733.0,2019-01-02,3,1805,9,0,0,2,1,2,204,0,0,0,950,2,6,1,5,5,1,1,8,0,0,0,3,1,0,,3,12.0,16,3.0,1.0,1.0,0.0,1.0,3.0,900,2.0,1.0,1.0,"-460955,891","-1118397,642","-460955,891","-1118397,642","-460955,597","-1118398,143",,,,silnice3.t¯Ìdy,4733,3305382.0,,Souhlasn˝sesmÏrem˙seku,Pomal˝,552500.0,,GN_V0.1UIR-ADR_410,2
70206190006,6,,2019-01-02,3,1910,3,0,6,2,1,2,504,0,0,0,300,2,6,1,5,4,1,1,3,0,0,0,3,1,0,,7,40.0,07,9.0,1.0,1.0,0.0,1.0,5.0,200,4.0,1.0,1.0,"-468054,723","-1117492,283","-468043,979","-1117470,797","-468043,752","-1117470,888",FR›DEK-MÕSTEK-FR›DEK,Dlouh·,,mÌstnÌkomunikace,,3009433.0,,Souhlasn˝sesmÏrem˙seku,Pomal˝,598003.0,101575.0,GN_V0.1UIR-ADR_410,1
70206190007,3,4848.0,2019-01-02,3,2130,1,1,0,2,1,2,204,0,0,0,600,2,6,1,6,4,1,1,1,3,3,0,5,2,19,6.0,3,99.0,05,1.0,1.0,0.0,0.0,1.0,21.0,200,2.0,1.0,1.0,"-468351,456","-1120319,167","-468358,439","-1120322,927","-468358,012","-1120323,611",FR›DEK-MÕSTEK-MÕSTEK,Palkovick·,,silnice3.t¯Ìdy,4848,526211.0,,OpaËn˝kesmÏru˙seku,Pomal˝,598003.0,102954.0,GN_V0.1UIR-ADR_410,1
70206190008,1,56.0,2019-01-02,3,1915,3,0,3,2,1,0,204,0,0,0,1000,2,6,1,1,4,1,3,1,3,3,0,7,1,19,1.0,3,39.0,05,1.0,0.0,0.0,0.0,1.0,13.0,500,2.0,1.0,1.0,"-468549,583","-1119951,369","-468549,583","-1119951,369","-468550,883","-1119952,161",FR›DEK-MÕSTEK-MÕSTEK,Beskydsk·,,silnice1.t¯Ìdy,56,1618984.0,,Souhlasn˝sesmÏrem˙seku,Pomal˝,598003.0,101419.0,GN_V0.1UIR-ADR_410,1
70206190009,6,,2019-01-03,4,1560,2,0,0,2,1,0,511,0,0,0,50,2,6,1,5,2,1,1,1,0,0,0,1,2,0,,17,,XX,,,,,,,0,,,,"-469800,825","-1113046,563","-469800,825","-1113046,563","-469798,499","-1113047,739",ÿepiötÏ,Slezsk·,,mÌstnÌkomunikace,,1287857.0,,Souhlasn˝sesmÏrem˙seku,Pomal˝,568830.0,106186.0,GN_V0.1UIR-ADR_410,1
70206190010,6,,2019-01-04,5,1100,1,3,0,2,1,2,204,0,0,0,700,2,5,1,6,1,1,1,1,0,0,0,2,2,0,,3,13.0,18,1.0,0.0,0.0,0.0,1.0,5.0,300,2.0,1.0,1.0,"-465769,835","-1124098,541","-465769,835","-1124098,541","-465770,863","-1124098,66",Baöka,,,mÌstnÌkomunikace,,1804748.0,,OpaËn˝kesmÏru˙seku,Pomal˝,598011.0,,GN_V0.1UIR-ADR_410,1
70206190011,6,,2019-01-01,2,1830,4,0,0,1,1,0,504,0,0,1,0,2,1,1,1,4,1,1,6,0,0,0,1,1,0,,3,39.0,00,1.0,0.0,1.0,0.0,1.0,5.0,0,2.0,1.0,1.0,"-466608,336","-1119038,171","-466614,782","-1119024,743","-466615,026","-1119023,66",FR›DEK-MÕSTEK-FR›DEK,Sadov·,,mÌstnÌkomunikace,,717455.0,,OpaËn˝kesmÏru˙seku,Pomal˝,598003.0,103250.0,GN_V0.1UIR-ADR_410,1
70206190012,6,,2019-01-04,5,1560,2,0,0,2,1,0,504,0,0,0,500,1,3,1,5,1,1,1,8,0,0,10,1,2,0,,17,,XX,,,,,,,0,,,,"-469095,144","-1119655,532","-469095,144","-1119655,532","-469098,103","-1119652,182",FR›DEK-MÕSTEK-MÕSTEK,17.listopadu,,mÌstnÌkomunikace,,3322444.0,,Souhlasn˝sesmÏrem˙seku,Pomal˝,598003.0,,GN_V0.1UIR-ADR_410,1
70206190013,1,48.0,2019-01-05,6,400,3,0,4,2,1,2,204,0,0,0,350,2,6,1,5,7,1,3,8,0,0,0,1,1,0,,3,32.0,01,9.0,1.0,1.0,0.0,1.0,3.0,300,2.0,1.0,1.0,"-474147,081","-1121098,502","-474147,081","-1121098,502","-474144,746","-1121105,04",,,,silnice1.t¯Ìdy,D48,3070465.0,,Souhlasn˝sesmÏrem˙seku,Pomal˝,598003.0,,GN_V0.1UIR-ADR_410,2
70206190014,3,4773.0,2019-01-05,6,740,3,0,2,2,1,2,510,0,0,0,10,2,5,1,1,2,1,1,8,0,0,0,1,1,0,,8,99.0,10,3.0,1.0,1.0,0.0,3.0,3.0,10,4.0,1.0,1.0,"-461152,98","-1124418,361","-461125,586","-1124418,898","-461125,316","-1124418,314",Raökovice,,,silnice3.t¯Ìdy,4773,3009855.0,,Souhlasn˝sesmÏrem˙seku,Pomal˝,549665.0,,GN_V0.1UIR-ADR_410,1
70206190015,1,56.0,2019-01-05,6,950,1,4,0,1,1,2,508,0,0,1,220,2,3,1,5,3,1,1,1,3,3,0,7,2,24,6.0,3,39.0,02,1.0,0.0,1.0,0.0,1.0,12.0,150,2.0,1.0,1.0,,,"-468538,649","-1120012,326","-468538,537","-1120012,203",Fr˝dek-MÌstek,Beskydsk·,,silnice1.t¯Ìdy,56,524706.0,,Souhlasn˝sesmÏrem˙seku,Pomal˝,598003.0,101419.0,GN_V0.1UIR-ADR_410,1
70206190016,2,477.0,2019-01-05,6,930,3,0,3,2,1,2,204,0,0,0,800,2,6,1,5,3,1,1,8,0,0,0,1,1,0,,5,32.0,15,3.0,1.0,1.0,0.0,3.0,1.0,600,2.0,1.0,1.0,"-469349,913","-1111850,287","-469352,061","-1111784,217","-469352,248","-1111784,219",,,,silnice2.t¯Ìdy,477,499940.0,,Souhlasn˝sesmÏrem˙seku,Pomal˝,568830.0,106119.0,GN_V0.1UIR-ADR_410,2
70206190017,1,48.0,2019-01-05,6,1310,1,4,0,1,1,2,411,0,0,1,2200,2,8,1,4,3,1,3,1,0,0,0,1,2,0,,3,39.0,07,1.0,0.0,1.0,0.0,1.0,1.0,1000,2.0,1.0,1.0,"-464437,926","-1119234,496","-464437,926","-1119234,496","-464436,952","-1119228,341",,,,silnice1.t¯Ìdy,D48,3513853.0,,Souhlasn˝sesmÏrem˙seku,Pomal˝,598003.0,,GN_V0.1UIR-ADR_410,2
70206190018,6,,2019-01-05,6,1400,3,0,1,2,1,2,204,0,0,0,1000,2,8,1,1,1,1,1,8,0,0,0,3,1,0,,3,21.0,15,3.0,1.0,1.0,0.0,1.0,5.0,1000,3.0,1.0,1.0,"-466470,255","-1116967,417","-466455,752","-1116951,303","-466455,421","-1116953,199",FR›DEK-MÕSTEK-FR›DEK,Z·tiöÌ,,mÌstnÌkomunikace,,3070453.0,,Souhlasn˝sesmÏrem˙seku,Pomal˝,598003.0,103632.0,GN_V0.1UIR-ADR_410,1
70206190019,2,473.0,2019-01-05,6,1735,4,0,0,1,1,2,412,0,0,1,150,2,3,1,1,4,1,4,1,0,0,1,1,1,0,,3,32.0,07,1.0,0.0,0.0,0.0,1.0,3.0,150,2.0,1.0,1.0,,,"-466898,888","-1118343,997","-466898,524","-1118344,523",FR›DEK-MÕSTEK-FR›DEK,Bruzovsk·,,silnice2.t¯Ìdy,473,1618818.0,,OpaËn˝kesmÏru˙seku,Pomal˝,598003.0,101478.0,GN_V0.1UIR-ADR_410,1
70206190020,1,56.0,2019-01-06,0,735,3,0,9,2,1,2,204,0,0,0,880,2,6,1,4,2,1,4,8,0,0,0,1,1,0,,3,39.0,12,3.0,1.0,1.0,0.0,3.0,1.0,550,2.0,1.0,1.0,"-467962,643","-1127501,291","-467969,089","-1127499,68","-467968,42","-1127499,712",,,,silnice1.t¯Ìdy,56,3572418.0,,Souhlasn˝sesmÏrem˙seku,Pomal˝,512184.0,,GN_V0.1UIR-ADR_410,2
70206190021,3,48615.0,2019-01-06,0,1325,3,0,2,2,1,2,511,0,0,0,300,2,3,1,1,1,1,1,1,0,0,0,1,1,0,,3,35.0,09,1.0,0.0,1.0,0.0,1.0,3.0,200,3.0,2.0,1.0,"-478031,466","-1113065,423","-478031,466","-1113065,423","-478029,551","-1113065,229",Star·VesnadOnd¯ejnicÌ,Z·meck·,,silnice3.t¯Ìdy,48615,1077565.0,,Souhlasn˝sesmÏrem˙seku,Pomal˝,598739.0,776416.0,GN_V0.1UIR-ADR_410,1
70206190022,3,48410.0,2019-01-06,0,1900,6,0,0,2,4,0,100,0,0,0,220,2,5,1,1,6,1,1,1,0,0,0,3,1,0,,3,39.0,11,1.0,0.0,1.0,0.0,1.0,3.0,200,2.0,1.0,1.0,,,"-470211,79","-1127511,811","-470210,626","-1127517,278",,,,silnice3.t¯Ìdy,48410,3305573.0,,Souhlasn˝sesmÏrem˙seku,Pomal˝,512184.0,,GN_V0.1UIR-ADR_410,2
70206190023,6,,2019-01-07,1,1105,4,0,0,1,1,2,412,0,1,0,250,2,3,1,1,1,1,4,1,0,0,1,1,1,0,,3,31.0,05,1.0,0.0,1.0,0.0,1.0,5.0,250,2.0,1.0,1.0,,,"-468102,308","-1119488,734","-468102,419","-1119488,778",FR›DEK-MÕSTEK-MÕSTEK,Ostravsk·,,mÌstnÌkomunikace,,1618975.0,,Souhlasn˝sesmÏrem˙seku,Pomal˝,598003.0,102920.0,GN_V0.1UIR-ADR_410,1
70206190024,6,,2019-01-07,1,2560,2,0,0,2,1,0,516,0,0,0,200,2,1,1,1,4,1,1,1,0,0,0,1,2,0,,17,,XX,,,,,,,0,,,,,,"-460670,672","-1121761,499",-460668,"-1121754,674",Noöovice,,,mÌstnÌkomunikace,,3015553.0,,,Pomal˝,552518.0,,GN_V0.1UIR-ADR_410,1
70206190025,6,,2019-01-08,2,1110,3,0,9,2,1,2,511,0,0,0,90,2,6,1,5,3,3,1,8,3,3,0,5,1,10,6.0,3,35.0,02,1.0,1.0,1.0,0.0,1.0,5.0,10,2.0,1.0,1.0,"-475630,422","-1116383,187","-475630,422","-1116383,187","-475635,723","-1116381,675",Bruöperk,KPastevnÌku,,mÌstnÌkomunikace,,3323013.0,,Souhlasn˝sesmÏrem˙seku,Pomal˝,598038.0,100994.0,GN_V0.1UIR-ADR_410,1
70206190026,2,477.0,2019-01-08,2,1300,3,0,3,2,1,2,204,0,0,0,150,2,6,1,5,3,1,1,8,3,3,0,4,1,19,6.0,3,17.0,05,1.0,1.0,0.0,0.0,1.0,32.0,100,3.0,1.0,1.0,"-466321,004","-1119612,355","-466356,457","-1119588,183","-466356,358","-1119587,804",FR›DEK-MÕSTEK-FR›DEK,Slezsk·,,silnice2.t¯Ìdy,477,3250914.0,,OpaËn˝kesmÏru˙seku,Pomal˝,598003.0,103268.0,GN_V0.1UIR-ADR_410,1
70206190027,6,,2019-01-08,2,1430,1,1,0,2,1,2,204,0,0,0,1100,2,6,1,1,1,1,1,1,0,0,0,3,2,0,,3,39.0,97,1.0,1.0,0.0,0.0,1.0,5.0,200,3.0,1.0,1.0,"-470260,031","-1123158,528","-470260,031","-1123158,528","-470263,09","-1123160,592",Palkovice,,,mÌstnÌkomunikace,,1388431.0,,Souhlasn˝sesmÏrem˙seku,Pomal˝,598551.0,,GN_V0.1UIR-ADR_410,1
70206190028,2,477.0,2019-01-08,2,1845,1,1,0,2,1,2,405,0,0,0,700,2,3,1,5,5,0,1,1,3,3,0,4,2,19,6.0,3,47.0,06,2.0,0.0,1.0,0.0,1.0,12.0,200,2.0,1.0,1.0,,,"-466361,738","-1119586,262","-466361,771","-1119586,352",FR›DEK-MÕSTEK-FR›DEK,Slezsk·,,silnice2.t¯Ìdy,477,3374492.0,,Souhlasn˝sesmÏrem˙seku,Pomal˝,598003.0,103268.0,GN_V0.1UIR-ADR_410,1
70206190029,0,48.0,2019-01-09,3,330,3,0,3,2,1,2,511,0,0,0,1600,2,3,1,6,6,1,3,8,0,0,0,1,1,0,,7,26.0,10,9.0,1.0,1.0,0.0,1.0,1.0,1000,3.0,1.0,1.0,"-455046,736","-1119344,078","-455053,181","-1119341,929","-455053,011","-1119342,191",,,,silnice1.t¯Ìdy,D48,1890096.0,,Souhlasn˝sesmÏrem˙seku,Pomal˝,552631.0,,GN_V0.1UIR-ADR_410,2
70206190030,3,4733.0,2019-01-09,3,925,3,0,9,2,1,2,204,0,0,0,1250,2,3,1,1,1,1,1,8,0,0,0,3,1,0,,3,39.0,07,1.0,1.0,1.0,0.0,1.0,3.0,350,2.0,1.0,1.0,,,"-460929,479","-1118362,195","-460930,251","-1118362,033",,,,silnice3.t¯Ìdy,4733,3305382.0,,OpaËn˝kesmÏru˙seku,Pomal˝,552500.0,,GN_V0.1UIR-ADR_410,2
70206190031,3,47811.0,2019-01-09,3,1435,1,2,0,2,1,0,306,0,0,0,300,2,3,1,6,3,1,1,1,3,3,0,5,2,19,6.0,17,,XX,,,,,,,0,,,,"-472040,789","-1111621,264","-472040,789","-1111621,264","-472038,895","-1111625,223",Paskov,,,mÌstnÌkomunikace,,499220.0,,,Pomal˝,598569.0,105805.0,GN_V0.1UIR-ADR_410,1