IDENTIFIKA»NÕ »ÕSLO,DRUH POZEMNÕ KOMUNIKACE,»ÕSLO POZEMNÕ KOMUNIKACE,"den, mÏsÌc, rok",,Ëas ,DRUH NEHODY,DRUH SR¡éKY JEDOUCÕCH VOZIDEL,DRUH PEVN… PÿEK¡éKY,CHARAKTER NEHODY,ZAVINÃNÕ NEHODY,ALKOHOL U VINÕKA NEHODY PÿÕTOMEN,HLAVNÕ PÿÕ»INY NEHODY,usmrceno osob,tÏûce zranÏno osob,lehce zranÏno osob,CELKOV¡ HMOTN¡ äKODA,DRUH POVRCHU VOZOVKY,STAV POVRCHU VOZOVKY V DOBÃ NEHODY,STAV KOMUNIKACE,POVÃTRNOSTNÕ PODMÕNKY V DOBÃ NEHODY,VIDITELNOST,ROZHLEDOV… POMÃRY,DÃLENÕ KOMUNIKACE,SITUOV¡NÕ NEHODY NA KOMUNIKACI,ÿÕZENÕ PROVOZU V DOBÃ NEHODY,MÕSTNÕ ⁄PRAVA PÿEDNOSTI V JÕZDÃ,SPECIFICK¡ MÕSTA A OBJEKTY V MÕSTÃ NEHODY,SMÃROV… POMÃRY,PO»ET Z⁄»ASTNÃN›CH VOZIDEL,MÕSTO DOPRAVNÕ NEHODY,DRUH KÿIéUJÕCÕ KOMUNIKACE,DRUH VOZIDLA,V›ROBNÕ ZNA»KA MOTOROV…HO VOZIDLA,ROK V›ROBY VOZIDLA,CHARAKTERISTIKA VOZIDLA ,SMYK,VOZIDLO PO NEHODÃ,"⁄NIK PROVOZNÕCH, PÿEPRAVOVAN›CH HMOT",ZPŸSOB VYPROäTÃNÕ OSOB Z VOZIDLA,SMÃR JÕZDY NEBO POSTAVENÕ VOZIDLA,äKODA NA VOZIDLE,KATEGORIE ÿIDI»E,STAV ÿIDI»E,VNÃJäÕ OVLIVNÃNÕ ÿIDI»E,nan.1,nan.2,nan.3,nan.4,nan.5,nan.6,nan.7,nan.8,nan.9,nan.10,nan.11,nan.12,nan.13,nan.14,nan.15,nan.16,nan.17,nan.18,LOKALITA NEHODY
70206190032,3,48418.0,2019-01-10,4,625,1,4,0,2,1,2,507,0,0,0,210,2,5,1,4,7,1,1,1,0,0,0,1,2,0,,8,19.0,18,3.0,1.0,1.0,0.0,1.0,3.0,200,4.0,1.0,1.0,"-464371,066","-1131106,526","-464371,066","-1131106,526","-464373,306","-1131108,154",,,,silnice3.t¯Ìdy,48418,1084465.0,,Souhlasn˝sesmÏrem˙seku,Pomal˝,552593.0,,GN_V0.1UIR-ADR_410,2
70206190033,2,477.0,2019-01-10,4,920,3,0,9,2,1,2,508,0,0,0,250,2,3,1,5,1,1,1,1,0,0,0,1,1,0,,3,31.0,97,1.0,0.0,1.0,0.0,1.0,3.0,200,2.0,1.0,1.0,"-469346,174","-1111748,915","-469346,174","-1111748,915","-469352,581","-1111748,976",,,,silnice2.t¯Ìdy,477,499940.0,,Souhlasn˝sesmÏrem˙seku,Pomal˝,568830.0,106119.0,GN_V0.1UIR-ADR_410,2
70206190034,6,,2019-01-10,4,1540,3,0,2,2,1,2,204,0,0,0,400,2,6,1,5,1,1,1,1,0,0,0,1,1,0,,3,29.0,07,3.0,0.0,1.0,0.0,1.0,5.0,400,3.0,1.0,1.0,"-457952,598","-1113371,247","-457952,598","-1113371,247","-457954,571","-1113369,224",,,,mÌstnÌkomunikace,,1706236.0,,OpaËn˝kesmÏru˙seku,Pomal˝,568791.0,,GN_V0.1UIR-ADR_410,2
70206190035,1,48.0,2019-01-10,4,1835,3,0,4,2,1,2,204,0,0,0,1800,2,6,1,5,7,1,3,1,0,0,0,1,1,0,,5,29.0,09,1.0,1.0,1.0,1.0,1.0,3.0,1500,2.0,1.0,1.0,"-473355,136","-1120800,969","-473355,136","-1120800,969","-473353,105","-1120806,573",,,,silnice1.t¯Ìdy,D48,3071865.0,,Souhlasn˝sesmÏrem˙seku,Pomal˝,598003.0,,GN_V0.1UIR-ADR_410,2
70206190036,6,,2019-01-10,4,1740,3,0,6,2,1,2,504,0,0,0,100,3,1,1,1,4,1,1,8,0,0,0,1,1,0,,3,35.0,00,1.0,0.0,1.0,0.0,1.0,5.0,80,2.0,1.0,1.0,"-467411,689","-1118988,634","-467411,689","-1118988,634","-467410,624","-1118988,149",FR›DEK-MÕSTEK-MÕSTEK,NaP¯ÌkopÏ,,mÌstnÌkomunikace,,3351125.0,,Souhlasn˝sesmÏrem˙seku,Pomal˝,598003.0,,GN_V0.1UIR-ADR_410,1
70206190037,1,48.0,2019-01-10,4,1815,3,0,4,2,1,2,204,0,0,0,1250,4,3,1,5,7,1,3,1,0,0,0,1,2,0,,3,32.0,12,9.0,1.0,1.0,0.0,1.0,1.0,600,2.0,1.0,1.0,"-460911,82","-1120724,245","-460911,82","-1120724,245","-460914,143","-1120730,227",,,,silnice1.t¯Ìdy,D48,3459045.0,,Souhlasn˝sesmÏrem˙seku,Pomal˝,552518.0,,GN_V0.1UIR-ADR_410,2
70206190038,1,48.0,2019-01-10,4,1815,3,0,9,2,1,2,204,0,0,0,200,2,6,1,5,7,1,3,8,0,0,0,1,1,0,,5,62.0,00,8.0,1.0,1.0,0.0,1.0,1.0,100,3.0,1.0,1.0,"-461088,986","-1120657,511","-461088,986","-1120657,511","-461090,134","-1120660,383",,,,silnice1.t¯Ìdy,D48,3514206.0,,Souhlasn˝sesmÏrem˙seku,Pomal˝,552518.0,,GN_V0.1UIR-ADR_410,2
70206190039,1,48.0,2019-01-10,4,1830,2,0,0,2,1,2,204,0,0,0,2100,2,6,1,5,7,1,3,1,0,0,0,1,3,0,,3,60.0,08,1.0,1.0,1.0,0.0,1.0,1.0,1500,2.0,1.0,1.0,"-461088,986","-1120657,511","-461088,986","-1120657,511","-461090,134","-1120660,383",,,,silnice1.t¯Ìdy,D48,3514206.0,,Souhlasn˝sesmÏrem˙seku,Pomal˝,552518.0,,GN_V0.1UIR-ADR_410,2
70206190040,1,48.0,2019-01-10,4,1817,3,0,9,2,1,2,204,0,0,0,550,3,3,1,5,7,1,3,8,0,0,0,1,1,0,,3,60.0,09,1.0,1.0,1.0,0.0,1.0,1.0,500,2.0,1.0,1.0,"-461088,986","-1120657,511","-461088,986","-1120657,511","-461090,134","-1120660,383",,,,silnice1.t¯Ìdy,D48,3514206.0,,Souhlasn˝sesmÏrem˙seku,Pomal˝,552518.0,,GN_V0.1UIR-ADR_410,2
70206190041,3,4804.0,2019-01-10,4,2040,3,0,9,2,1,2,204,0,0,0,350,2,6,1,1,4,1,1,1,0,0,5,3,1,0,,3,39.0,99,1.0,1.0,1.0,0.0,1.0,3.0,200,2.0,1.0,1.0,,,"-480055,59","-1111969,001","-480055,555","-1111969,013",Star·VesnadOnd¯ejnicÌ,Lubinsk·,,silnice3.t¯Ìdy,4804,1077148.0,,Souhlasn˝sesmÏrem˙seku,Pomal˝,598739.0,775967.0,GN_V0.1UIR-ADR_410,1
70206190042,6,,2019-01-10,4,2560,2,0,0,2,1,0,504,0,0,0,100,2,6,1,1,1,1,0,2,0,0,10,1,2,0,,17,,XX,,,,,,,0,,,,"-467995,114","-1119454,732","-467995,114","-1119454,732","-467994,389","-1119458,66",FR›DEK-MÕSTEK-MÕSTEK,8.pÏöÌhopluku,,mÌstnÌkomunikace,,1776720.0,,Souhlasn˝sesmÏrem˙seku,Pomal˝,598003.0,102938.0,GN_V0.1UIR-ADR_410,1
70206190043,6,,2019-01-11,5,830,1,1,0,1,1,2,204,0,0,1,1200,2,6,1,1,1,1,1,1,0,0,0,3,2,0,,3,35.0,98,1.0,1.0,1.0,0.0,1.0,5.0,200,2.0,1.0,1.0,"-476005,85","-1116732,607","-476005,85","-1116732,607","-476007,098","-1116732,995",Bruöperk,Dr.MartÌnka,,mÌstnÌkomunikace,,514415.0,,Souhlasn˝sesmÏrem˙seku,Pomal˝,598038.0,101061.0,GN_V0.1UIR-ADR_410,1
70206190044,6,,2019-01-11,5,2560,2,0,0,2,1,0,504,0,0,0,100,2,6,1,6,1,1,0,0,0,0,10,1,2,0,,17,,XX,,,,,,,0,,,,"-456054,874","-1129016,533","-456054,874","-1129016,533","-456035,944","-1129009,376",Mor·vka,,,silnice3.t¯Ìdy,4774,1083690.0,,Souhlasn˝sesmÏrem˙seku,Pomal˝,598445.0,,GN_V0.1UIR-ADR_410,1
70206190045,8,,2019-01-11,5,430,3,0,9,2,1,2,511,0,0,0,20,2,3,1,1,6,1,1,1,0,0,0,1,1,0,,3,7.0,04,1.0,0.0,1.0,0.0,1.0,5.0,20,2.0,1.0,1.0,"-475619,757","-1112529,033","-475622,453","-1112534,964","-475622,363","-1112544,11",KrmelÌn,Starovesk·,,silnice1.t¯Ìdy,58,1704721.0,,Souhlasn˝sesmÏrem˙seku,Pomal˝,598348.0,105473.0,GN_V0.1UIR-ADR_410,1
70206190046,2,477.0,2019-01-11,5,1430,1,3,0,2,1,2,405,0,0,0,600,2,3,1,1,1,1,1,1,0,0,0,1,2,0,,3,39.0,99,1.0,0.0,1.0,0.0,1.0,1.0,200,2.0,1.0,1.0,"-466058,236","-1122536,751","-466058,236","-1122536,751","-466058,636","-1122536,733",,,,silnice2.t¯Ìdy,477,1088580.0,,OpaËn˝kesmÏru˙seku,Pomal˝,552551.0,106470.0,GN_V0.1UIR-ADR_410,2
70206190047,6,,2019-01-11,5,2017,2,0,0,2,1,2,508,0,0,0,800,2,6,1,5,5,1,1,3,0,0,0,1,2,0,,3,25.0,05,1.0,0.0,0.0,0.0,1.0,5.0,300,3.0,1.0,1.0,"-467347,11","-1116767,418","-467347,11","-1116767,418","-467365,487","-1116777,373",FR›DEK-MÕSTEK-FR›DEK,Olbrachtova,,mÌstnÌkomunikace,,514386.0,,OpaËn˝kesmÏru˙seku,Pomal˝,598003.0,103837.0,GN_V0.1UIR-ADR_410,1
70206190048,2,477.0,2019-01-11,5,2120,3,0,4,2,1,2,204,0,0,0,700,2,6,1,5,5,1,1,3,0,0,0,2,1,0,,3,13.0,06,1.0,1.0,1.0,0.0,1.0,3.0,600,2.0,1.0,1.0,"-466150,732","-1118057,44","-466150,732","-1118057,44","-466145,864","-1118053,37",FR›DEK-MÕSTEK-FR›DEK,ObchodnÌ,,silnice2.t¯Ìdy,477,3009431.0,,Souhlasn˝sesmÏrem˙seku,Pomal˝,598003.0,,GN_V0.1UIR-ADR_410,1
70206190049,2,473.0,2019-01-12,6,750,3,0,3,2,1,2,204,0,0,0,20,2,6,1,1,1,1,1,3,0,0,0,3,1,0,,3,39.0,04,1.0,0.0,0.0,0.0,1.0,1.0,10,2.0,1.0,1.0,"-465480,292","-1117115,454","-465480,292","-1117115,454","-465486,346","-1117114,311",,,,silnice2.t¯Ìdy,473,3572355.0,,Souhlasn˝sesmÏrem˙seku,Pomal˝,598003.0,,GN_V0.1UIR-ADR_410,2
70206190050,2,473.0,2019-01-12,6,712,3,0,3,2,1,0,204,0,0,0,20,2,3,1,1,2,1,4,1,0,0,7,1,1,0,,17,,XX,,,,,,,0,,,,"-466675,834","-1118220,09","-466675,834","-1118220,09","-466673,973","-1118224,144",FR›DEK-MÕSTEK-FR›DEK,Bruzovsk·,,silnice2.t¯Ìdy,473,3575515.0,,OpaËn˝kesmÏru˙seku,Pomal˝,598003.0,101478.0,GN_V0.1UIR-ADR_410,1
70206190051,3,48415.0,2019-01-12,6,1705,9,0,0,2,1,2,204,0,0,0,100,2,6,1,6,4,1,1,3,0,0,0,3,1,0,,3,48.0,03,1.0,1.0,0.0,0.0,1.0,3.0,100,2.0,1.0,1.0,"-458890,75","-1130700,547","-458870,271","-1130699,469","-458870,2","-1130699,464",,,,silnice3.t¯Ìdy,48415,3296618.0,,Souhlasn˝sesmÏrem˙seku,Pomal˝,549673.0,,GN_V0.1UIR-ADR_410,2
70206190052,2,477.0,2019-01-12,6,1750,5,0,0,2,4,0,100,0,0,0,370,2,3,1,1,6,1,1,1,0,0,0,1,1,0,,3,39.0,09,1.0,0.0,1.0,0.0,1.0,3.0,300,2.0,1.0,1.0,"-468579,94","-1116007,87","-468579,94","-1116007,87","-468564,622","-1115999,319",FR›DEK-MÕSTEK-LÕSKOVEC,ValcÌ¯sk·,,silnice2.t¯Ìdy,477,1705102.0,,OpaËn˝kesmÏru˙seku,Pomal˝,598003.0,103519.0,GN_V0.1UIR-ADR_410,1
70206190053,6,,2019-01-13,0,105,3,0,9,2,1,0,205,0,0,0,300,2,3,1,1,4,1,1,3,3,3,0,5,1,10,6.0,3,35.0,09,1.0,0.0,1.0,0.0,1.0,5.0,200,9.0,,,"-475982,115","-1119600,188","-475982,115","-1119600,188","-475984,575","-1119599,123",FryËovice,,,mÌstnÌkomunikace,,1235296.0,,Souhlasn˝sesmÏrem˙seku,Pomal˝,598135.0,,GN_V0.1UIR-ADR_410,1
70206190054,6,,2019-01-13,0,1405,9,0,0,1,2,9,511,0,0,1,0,2,3,1,1,1,1,1,1,0,0,0,1,1,0,,13,0.0,,1.0,0.0,0.0,0.0,1.0,5.0,0,8.0,5.0,0.0,,,"-467878,842","-1128844,493","-467877,673","-1128844,568",Fr˝dlantnadOstravicÌ,Nerudova,,mÌstnÌkomunikace,,2732445.0,,Souhlasn˝sesmÏrem˙seku,Pomal˝,598143.0,104396.0,GN_V0.1UIR-ADR_410,1
70206190055,6,,2019-01-14,1,215,1,3,0,2,1,2,402,0,0,0,600,2,3,1,1,4,6,1,1,3,3,0,5,3,10,6.0,3,99.0,03,1.0,0.0,0.0,0.0,1.0,5.0,200,2.0,1.0,1.0,,,"-466442,078","-1118346,304","-466442,343","-1118346,517",FR›DEK-MÕSTEK-FR›DEK,St¯elniËnÌ,,mÌstnÌkomunikace,,518808.0,,,Pomal˝,598003.0,103349.0,GN_V0.1UIR-ADR_410,1
70206190056,3,48411.0,2019-01-14,1,644,4,0,0,1,1,2,202,1,0,0,0,2,3,1,4,4,1,1,1,0,0,7,1,1,0,,3,38.0,16,0.0,0.0,1.0,0.0,1.0,1.0,0,3.0,1.0,1.0,"-471556,658","-1112926,241","-471556,658","-1112926,241","-471559,01","-1112926,566",,,,silnice3.t¯Ìdy,48411,726475.0,,Souhlasn˝sesmÏrem˙seku,Pomal˝,598569.0,,GN_V0.1UIR-ADR_410,2
70206190057,2,473.0,2019-01-14,1,1430,1,4,0,1,1,2,503,0,0,2,500,2,6,1,6,3,1,1,1,0,0,0,1,2,0,,3,39.0,07,1.0,1.0,1.0,0.0,1.0,1.0,300,2.0,1.0,1.0,"-465668,202","-1115938,394","-465668,202","-1115938,394","-465666,893","-1115938,439",,,,silnice2.t¯Ìdy,473,1078516.0,,Souhlasn˝sesmÏrem˙seku,Pomal˝,598674.0,,GN_V0.1UIR-ADR_410,2
70206190058,3,4845.0,2019-01-14,1,1505,1,1,0,1,1,2,204,0,0,1,800,2,6,1,6,1,1,1,1,0,0,0,3,2,0,,3,32.0,03,1.0,1.0,1.0,0.0,1.0,3.0,500,2.0,1.0,1.0,"-470340,532","-1117559,977","-470340,532","-1117559,977","-470342,616","-1117566,552",,,,silnice3.t¯Ìdy,4845,3294679.0,,OpaËn˝kesmÏru˙seku,Pomal˝,552569.0,,GN_V0.1UIR-ADR_410,2
70206190059,1,56.0,2019-01-14,1,1430,1,4,0,2,1,2,503,0,0,0,700,2,6,1,6,3,1,3,1,0,0,0,1,3,0,,3,39.0,10,1.0,1.0,1.0,0.0,1.0,1.0,300,2.0,1.0,1.0,"-469065,725","-1119306,989","-469065,725","-1119306,989","-469063,845","-1119305,432",,,,silnice1.t¯Ìdy,D56,3529569.0,,Souhlasn˝sesmÏrem˙seku,Pomal˝,569631.0,,GN_V0.1UIR-ADR_410,2
70206190060,6,,2019-01-14,1,1825,3,0,4,2,1,2,204,0,0,0,350,2,6,1,5,5,1,1,3,3,3,0,5,1,10,6.0,3,39.0,04,1.0,1.0,1.0,0.0,1.0,5.0,300,2.0,1.0,1.0,,,"-471143,82","-1116478,602","-471139,621","-1116483,851",,,,mÌstnÌkomunikace,,1281913.0,,Souhlasn˝sesmÏrem˙seku,Pomal˝,552569.0,,GN_V0.1UIR-ADR_410,2
70206190061,6,,2019-01-15,2,855,3,0,4,2,1,2,204,0,0,0,400,2,6,1,6,3,1,1,1,3,3,0,5,1,10,6.0,7,40.0,15,9.0,1.0,1.0,0.0,1.0,5.0,300,3.0,1.0,1.0,"-471111,83","-1116466,794","-471111,83","-1116466,794","-471111,782","-1116467,24",,,,mÌstnÌkomunikace,,1088919.0,,Souhlasn˝sesmÏrem˙seku,Pomal˝,552569.0,,GN_V0.1UIR-ADR_410,2
70206190062,6,,2019-01-15,2,1255,2,0,0,2,1,2,511,0,0,0,200,2,6,1,5,1,1,1,1,0,0,0,1,2,0,,3,8.0,17,1.0,0.0,1.0,0.0,1.0,5.0,100,2.0,1.0,1.0,"-469045,566","-1119710,434","-469045,566","-1119710,434","-469041,92","-1119714,324",FR›DEK-MÕSTEK-MÕSTEK,17.listopadu,,mÌstnÌkomunikace,,707855.0,,OpaËn˝kesmÏru˙seku,Pomal˝,598003.0,,GN_V0.1UIR-ADR_410,1
70206190063,6,,2019-01-14,1,2560,2,0,0,2,1,0,511,0,0,0,100,2,6,1,5,1,0,1,1,0,0,10,1,2,0,,17,,XX,,,,,,,0,,,,"-467956,131","-1119461,395","-467956,131","-1119461,395","-467957,88","-1119451,921",FR›DEK-MÕSTEK-MÕSTEK,8.pÏöÌhopluku,,mÌstnÌkomunikace,,1776720.0,,Souhlasn˝sesmÏrem˙seku,Pomal˝,598003.0,102938.0,GN_V0.1UIR-ADR_410,1
70206190064,6,,2019-01-15,2,1640,9,0,0,2,1,9,511,0,0,0,5,2,6,1,5,2,1,1,1,0,0,0,1,1,0,,3,7.0,09,1.0,0.0,1.0,0.0,1.0,5.0,0,2.0,5.0,1.0,"-470897,151","-1112118,337","-470897,151","-1112118,337","-470905,046","-1112116,496",Paskov,RudÈarm·dy,,mÌstnÌkomunikace,,3014582.0,,Souhlasn˝sesmÏrem˙seku,Pomal˝,598569.0,105902.0,GN_V0.1UIR-ADR_410,1
70206190065,6,,2019-01-15,2,1730,1,2,0,2,1,2,511,0,0,0,150,2,6,1,6,4,1,0,1,0,0,0,1,2,0,,3,39.0,17,12.0,1.0,1.0,0.0,1.0,5.0,50,2.0,1.0,1.0,"-459058,623","-1119347,191","-459058,623","-1119347,191","-459053,611","-1119344,744",,,,mÌstnÌkomunikace,,3010081.0,,Souhlasn˝sesmÏrem˙seku,Pomal˝,552488.0,,GN_V0.1UIR-ADR_410,2
70206190066,6,,2019-01-15,2,1630,3,0,2,2,1,2,511,0,0,0,20,2,3,1,5,2,1,1,1,0,0,10,1,1,0,,3,39.0,16,12.0,0.0,1.0,1.0,1.0,5.0,20,2.0,1.0,1.0,"-476371,454","-1116074,344","-476371,454","-1116074,344","-476374,166","-1116069,224",Bruöperk,PolicejnÌ,,mÌstnÌkomunikace,,3171940.0,,Souhlasn˝sesmÏrem˙seku,Pomal˝,598038.0,101176.0,GN_V0.1UIR-ADR_410,1
70206190067,3,4732.0,2019-01-15,2,2120,3,0,4,2,1,2,511,0,0,0,300,2,3,1,0,4,1,1,8,0,0,0,1,1,0,,3,35.0,03,1.0,0.0,1.0,0.0,1.0,1.0,300,2.0,1.0,1.0,"-461754,084","-1115490,222","-461754,084","-1115490,222","-461751,885","-1115492,963",,,,silnice3.t¯Ìdy,4732,3009682.0,,Souhlasn˝sesmÏrem˙seku,Pomal˝,598046.0,,GN_V0.1UIR-ADR_410,2
70206190068,6,,2019-01-16,3,635,1,2,0,2,1,2,501,0,0,0,700,2,3,1,4,7,1,1,1,3,3,6,5,2,10,6.0,3,39.0,16,1.0,0.0,1.0,0.0,1.0,5.0,350,2.0,1.0,1.0,"-467613,354","-1119696,47","-467607,446","-1119688,413","-467607,564","-1119688,505",FR›DEK-MÕSTEK-MÕSTEK,T¯ebÌzskÈho,,mÌstnÌkomunikace,,523448.0,,Souhlasn˝sesmÏrem˙seku,Pomal˝,598003.0,104094.0,GN_V0.1UIR-ADR_410,1
70206190069,6,,2019-01-16,3,755,7,3,0,2,1,2,414,0,0,0,4450,2,3,1,1,1,1,1,0,3,4,4,1,2,0,,7,48.0,07,3.0,0.0,1.0,1.0,1.0,5.0,3800,4.0,1.0,1.0,"-471636,502","-1114539,452","-471636,502","-1114539,452","-471634,035","-1114538,835",Paskov,,,mÌstnÌkomunikace,,726494.0,,,Pomal˝,598569.0,,GN_V0.1UIR-ADR_410,1
70206190070,1,58.0,2019-01-16,3,1658,6,0,0,2,4,0,100,0,0,0,320,2,1,1,1,6,1,1,1,0,0,0,1,1,0,,3,42.0,08,1.0,0.0,1.0,0.0,1.0,3.0,200,2.0,1.0,1.0,"-477662,66","-1112890,621","-477664,272","-1112886,324","-477663,927","-1112886,948",,,,silnice1.t¯Ìdy,58,3305486.0,,Souhlasn˝sesmÏrem˙seku,Pomal˝,598739.0,,GN_V0.1UIR-ADR_410,2
70206190071,6,,2019-01-16,3,2560,2,0,0,2,1,0,516,0,0,0,800,2,6,1,1,1,1,1,2,0,0,10,1,2,0,,17,,XX,,,,,,,0,,,,"-469291,435","-1133473,062","-469291,435","-1133473,062","-469292,115","-1133473,872",»eladn·,,,mÌstnÌkomunikace,,3011741.0,,Souhlasn˝sesmÏrem˙seku,Pomal˝,598071.0,,GN_V0.1UIR-ADR_410,1
70206190072,3,4774.0,2019-01-17,4,535,5,0,0,2,4,0,100,0,0,0,150,2,3,1,1,6,1,1,1,0,0,0,1,1,0,,3,39.0,99,1.0,0.0,1.0,0.0,1.0,3.0,100,2.0,1.0,1.0,"-458806,818","-1126000,152","-458806,818","-1126000,152","-458812,345","-1126003,173",,,,silnice3.t¯Ìdy,4774,3297038.0,,OpaËn˝kesmÏru˙seku,Pomal˝,552682.0,,GN_V0.1UIR-ADR_410,2
70206190073,1,56.0,2019-01-17,4,857,1,4,0,1,1,2,202,0,0,1,105,2,3,1,0,3,1,1,1,0,0,0,1,2,0,,3,46.0,18,1.0,0.0,1.0,0.0,1.0,1.0,100,4.0,1.0,1.0,,,"-465258,266","-1135803,653","-465258,952","-1135803,975",Ostravice,,,silnice1.t¯Ìdy,56,1465504.0,,OpaËn˝kesmÏru˙seku,Pomal˝,598542.0,,GN_V0.1UIR-ADR_410,1
70206190074,3,4774.0,2019-01-17,4,1005,2,0,0,2,1,0,504,0,0,0,50,2,3,1,1,1,1,1,3,0,0,10,1,2,0,,3,39.0,98,1.0,0.0,1.0,0.0,1.0,1.0,0,2.0,1.0,1.0,"-458139,011","-1127702,62","-458139,011","-1127702,62","-458136,226","-1127702,057",Raökovice,,,silnice3.t¯Ìdy,4774,1083188.0,,OpaËn˝kesmÏru˙seku,Pomal˝,549665.0,,GN_V0.1UIR-ADR_410,1
70206190075,6,,2019-01-17,4,1060,2,0,0,2,1,0,511,0,0,0,100,2,3,1,1,1,1,1,8,0,0,10,1,2,0,,17,,XX,,,,,,,0,,,,"-467553,391","-1128868,949","-467553,391","-1128868,949","-467553,125","-1128871,63",Fr˝dlantnadOstravicÌ,Jan·Ëkova,,mÌstnÌkomunikace,,3014014.0,,Souhlasn˝sesmÏrem˙seku,Pomal˝,598143.0,104281.0,GN_V0.1UIR-ADR_410,1
70206190076,6,,2019-01-18,5,1100,1,4,0,1,1,2,503,0,0,1,500,2,6,1,1,1,1,1,1,0,0,0,1,2,0,,2,99.0,15,12.0,1.0,1.0,0.0,1.0,5.0,200,2.0,1.0,1.0,"-463940,146","-1138160,164","-463940,146","-1138160,164","-463939,27","-1138159,749",,,,mÌstnÌkomunikace,,2513804.0,,,Pomal˝,598747.0,,GN_V0.1UIR-ADR_410,2
70206190077,6,,2019-01-18,5,1445,2,0,0,2,1,2,504,0,0,0,150,2,3,1,5,1,1,1,1,0,0,0,1,2,0,,3,13.0,00,1.0,0.0,1.0,0.0,1.0,5.0,50,2.0,1.0,1.0,,,"-466125,528","-1119615,778","-466122,018","-1119616,583",FR›DEK-MÕSTEK-FR›DEK,Jana»apka,,mÌstnÌkomunikace,,523241.0,,Souhlasn˝sesmÏrem˙seku,Pomal˝,598003.0,101940.0,GN_V0.1UIR-ADR_410,1
70206190078,1,48.0,2019-01-18,5,1545,3,0,4,2,1,2,204,0,0,0,800,2,3,1,1,2,1,3,1,0,0,0,1,1,0,,3,13.0,05,1.0,1.0,1.0,0.0,1.0,1.0,700,2.0,1.0,1.0,,,"-460901,082","-1120730,349","-460902,753","-1120734,651",,,,silnice1.t¯Ìdy,D48,3459045.0,,Souhlasn˝sesmÏrem˙seku,Pomal˝,552518.0,,GN_V0.1UIR-ADR_410,2
70206190079,2,648.0,2019-01-18,5,1945,1,3,0,1,1,2,402,0,0,2,3300,2,3,1,1,4,1,1,1,3,3,0,4,3,19,3.0,3,2.0,07,9.0,0.0,1.0,1.0,1.0,42.0,1500,2.0,1.0,1.0,"-461950,392","-1120574,578","-461934,814","-1120588,544","-461934,817","-1120589,083",Dobr·,,,silnice2.t¯Ìdy,648,3185774.0,,Souhlasn˝sesmÏrem˙seku,Pomal˝,598089.0,,GN_V0.1UIR-ADR_410,1
70206190080,6,,2019-01-19,6,2560,2,0,0,2,1,0,502,0,0,0,100,2,6,1,1,4,1,1,1,0,0,10,1,2,0,,17,,XX,,,,,,,0,,,,"-464324,905","-1131225,482","-464324,905","-1131225,482","-464331,976","-1131220,587",,,,mÌstnÌkomunikace,,3203222.0,,OpaËn˝kesmÏru˙seku,Pomal˝,552593.0,,GN_V0.1UIR-ADR_410,2
70206190081,2,648.0,2019-01-19,6,2135,5,0,0,2,4,0,100,0,0,0,300,2,1,1,1,6,1,1,1,0,0,0,1,1,0,,3,35.0,19,1.0,0.0,1.0,0.0,1.0,1.0,250,2.0,1.0,1.0,"-459365,15","-1120168,93","-459369,447","-1120192,026","-459368,983","-1120192,615",,,,silnice2.t¯Ìdy,648,1462339.0,,Souhlasn˝sesmÏrem˙seku,Pomal˝,552488.0,,GN_V0.1UIR-ADR_410,2
70206190082,6,,2019-01-19,6,2145,3,0,9,2,1,2,205,0,0,0,1200,2,1,1,1,4,1,1,8,3,5,0,5,1,10,6.0,3,2.0,08,1.0,1.0,1.0,0.0,1.0,5.0,1200,3.0,1.0,1.0,"-469297,463","-1121651,606","-469297,463","-1121651,606","-469297,671","-1121651,918",,,,mÌstnÌkomunikace,,531026.0,,OpaËn˝kesmÏru˙seku,Pomal˝,598003.0,,GN_V0.1UIR-ADR_410,2
70206190083,3,4732.0,2019-01-20,0,625,5,0,0,2,4,0,100,0,0,0,150,2,3,1,1,6,1,1,1,0,0,0,3,1,0,,3,39.0,18,1.0,0.0,1.0,0.0,1.0,1.0,150,2.0,1.0,1.0,"-461927,232","-1115615,643","-461927,232","-1115615,643","-461928,43","-1115614,277",,,,silnice3.t¯Ìdy,4732,1620785.0,,OpaËn˝kesmÏru˙seku,Pomal˝,598046.0,,GN_V0.1UIR-ADR_410,2
70206190084,3,48314.0,2019-01-20,0,1344,3,0,9,2,1,2,511,0,0,0,350,2,1,1,1,1,1,1,1,3,3,0,4,1,19,3.0,3,39.0,10,9.0,0.0,1.0,0.0,1.0,14.0,300,2.0,1.0,1.0,"-468242,581","-1128398,805","-468242,581","-1128398,805","-468238,057","-1128397,632",Fr˝dlantnadOstravicÌ,Hukvaldsk·,,silnice3.t¯Ìdy,48314,553988.0,,OpaËn˝kesmÏru˙seku,Pomal˝,598143.0,104256.0,GN_V0.1UIR-ADR_410,1
70206190085,6,,2019-01-19,6,1055,2,0,0,2,1,0,511,0,0,0,50,2,1,1,1,1,1,1,1,0,0,0,1,2,0,,17,,XX,,,,,,,0,,,,"-466111,338","-1119604,11","-466111,338","-1119604,11","-466118,766","-1119602,406",FR›DEK-MÕSTEK-FR›DEK,Jana»apka,,mÌstnÌkomunikace,,523241.0,,OpaËn˝kesmÏru˙seku,Pomal˝,598003.0,101940.0,GN_V0.1UIR-ADR_410,1