IDENTIFIKA»NÕ »ÕSLO,DRUH POZEMNÕ KOMUNIKACE,»ÕSLO POZEMNÕ KOMUNIKACE,"den, mÏsÌc, rok",,Ëas ,DRUH NEHODY,DRUH SR¡éKY JEDOUCÕCH VOZIDEL,DRUH PEVN… PÿEK¡éKY,CHARAKTER NEHODY,ZAVINÃNÕ NEHODY,ALKOHOL U VINÕKA NEHODY PÿÕTOMEN,HLAVNÕ PÿÕ»INY NEHODY,usmrceno osob,tÏûce zranÏno osob,lehce zranÏno osob,CELKOV¡ HMOTN¡ äKODA,DRUH POVRCHU VOZOVKY,STAV POVRCHU VOZOVKY V DOBÃ NEHODY,STAV KOMUNIKACE,POVÃTRNOSTNÕ PODMÕNKY V DOBÃ NEHODY,VIDITELNOST,ROZHLEDOV… POMÃRY,DÃLENÕ KOMUNIKACE,SITUOV¡NÕ NEHODY NA KOMUNIKACI,ÿÕZENÕ PROVOZU V DOBÃ NEHODY,MÕSTNÕ ⁄PRAVA PÿEDNOSTI V JÕZDÃ,SPECIFICK¡ MÕSTA A OBJEKTY V MÕSTÃ NEHODY,SMÃROV… POMÃRY,PO»ET Z⁄»ASTNÃN›CH VOZIDEL,MÕSTO DOPRAVNÕ NEHODY,DRUH KÿIéUJÕCÕ KOMUNIKACE,DRUH VOZIDLA,V›ROBNÕ ZNA»KA MOTOROV…HO VOZIDLA,ROK V›ROBY VOZIDLA,CHARAKTERISTIKA VOZIDLA ,SMYK,VOZIDLO PO NEHODÃ,"⁄NIK PROVOZNÕCH, PÿEPRAVOVAN›CH HMOT",ZPŸSOB VYPROäTÃNÕ OSOB Z VOZIDLA,SMÃR JÕZDY NEBO POSTAVENÕ VOZIDLA,äKODA NA VOZIDLE,KATEGORIE ÿIDI»E,STAV ÿIDI»E,VNÃJäÕ OVLIVNÃNÕ ÿIDI»E,nan.1,nan.2,nan.3,nan.4,nan.5,nan.6,nan.7,nan.8,nan.9,nan.10,nan.11,nan.12,nan.13,nan.14,nan.15,nan.16,nan.17,nan.18,LOKALITA NEHODY
70206190086,1,48.0,2019-01-21,1,1605,1,2,0,2,1,2,202,0,0,0,1100,2,1,1,0,3,1,3,1,0,0,0,1,2,0,,3,1.0,00,1.0,0.0,1.0,0.0,1.0,1.0,600,3.0,1.0,1.0,"-476273,553","-1121693,214","-476273,553","-1121693,214","-476273,358","-1121695,045",,,,silnice1.t¯Ìdy,D48,3531465.0,,Souhlasn˝sesmÏrem˙seku,Pomal˝,598691.0,,GN_V0.1UIR-ADR_410,2
70206190087,6,,2019-01-16,3,2560,2,0,0,2,1,0,504,0,0,0,100,2,1,1,1,1,6,1,1,0,0,10,1,2,0,,17,,XX,,,,,,,0,,,,,,"-468694,289","-1120037,507","-468694,288","-1120036,398",FR›DEK-MÕSTEK-MÕSTEK,,,mÌstnÌkomunikace,,3164460.0,,OpaËn˝kesmÏru˙seku,Pomal˝,598003.0,,GN_V0.1UIR-ADR_410,1
70206190088,3,4774.0,2019-01-22,2,1735,5,0,0,2,4,0,100,0,0,0,200,2,1,1,0,4,1,1,1,0,0,0,1,1,0,,3,32.0,14,1.0,0.0,1.0,0.0,1.0,1.0,200,2.0,1.0,1.0,"-458345,764","-1127324,958","-458345,764","-1127324,958","-458343,369","-1127322,719",Raökovice,,,silnice3.t¯Ìdy,4774,1088408.0,,OpaËn˝kesmÏru˙seku,Pomal˝,549665.0,,GN_V0.1UIR-ADR_410,1
70206190089,6,,2019-01-22,2,1860,2,0,0,2,1,0,504,0,0,0,200,1,1,1,1,4,1,0,0,0,0,0,1,2,0,,17,,XX,,,,,,,0,,,,"-469053,938","-1119646,32","-469053,938","-1119646,32","-469059,281","-1119640,56",FR›DEK-MÕSTEK-MÕSTEK,17.listopadu,,mÌstnÌkomunikace,,2117635.0,,OpaËn˝kesmÏru˙seku,Pomal˝,598003.0,,GN_V0.1UIR-ADR_410,1
70206190090,6,,2019-01-22,2,2055,1,2,0,2,1,0,205,0,0,0,800,2,1,1,1,4,1,1,1,0,0,0,3,2,0,,17,,XX,,,,,,,0,,,,"-468234,045","-1120018,853","-468234,045","-1120018,853","-468232,445","-1120016,347",FR›DEK-MÕSTEK-MÕSTEK,»eskoslovenskÈarm·dy,,mÌstnÌkomunikace,,1618980.0,,Souhlasn˝sesmÏrem˙seku,Pomal˝,598003.0,102865.0,GN_V0.1UIR-ADR_410,1
70206190091,2,473.0,2019-01-23,3,1940,5,0,0,2,4,0,100,0,0,0,60,2,1,1,0,4,1,1,1,0,0,0,1,1,0,,3,39.0,08,1.0,0.0,1.0,0.0,1.0,1.0,60,2.0,1.0,1.0,"-465614,633","-1114300,584","-465614,633","-1114300,584","-465608,428","-1114298,946",,,,silnice2.t¯Ìdy,473,3121934.0,,OpaËn˝kesmÏru˙seku,Pomal˝,598674.0,,GN_V0.1UIR-ADR_410,2
70206190092,3,4848.0,2019-01-24,4,753,3,0,2,1,1,2,508,0,0,1,480,2,3,1,1,1,1,1,8,0,0,0,3,1,0,,3,39.0,02,1.0,0.0,1.0,1.0,1.0,1.0,400,2.0,2.0,1.0,"-475516,629","-1129888,463","-475516,629","-1129888,463","-475516,281","-1129888,811",,,,silnice3.t¯Ìdy,4848,2115456.0,,Souhlasn˝sesmÏrem˙seku,Pomal˝,598321.0,,GN_V0.1UIR-ADR_410,2
70206190093,6,,2019-01-24,4,1035,3,0,9,2,1,2,508,0,0,0,130,2,1,1,1,1,1,1,1,0,0,0,1,1,0,,5,35.0,05,3.0,0.0,1.0,0.0,1.0,5.0,30,3.0,1.0,1.0,"-467172,162","-1118391,386","-467172,162","-1118391,386","-467175,618","-1118389,023",FR›DEK-MÕSTEK-FR›DEK,R˘ûov˝pahorek,,mÌstnÌkomunikace,,3014840.0,,Souhlasn˝sesmÏrem˙seku,Pomal˝,598003.0,103217.0,GN_V0.1UIR-ADR_410,1
70206190094,6,,2019-01-24,4,1402,3,0,3,2,1,2,502,0,0,0,11,2,1,1,1,1,1,1,3,0,0,4,3,1,0,,8,99.0,08,3.0,0.0,1.0,0.0,1.0,5.0,1,4.0,1.0,1.0,"-467172,832","-1119146,544","-467196,467","-1119118,074","-467196,417","-1119118,278",FR›DEK-MÕSTEK-FR›DEK,N·draûnÌ,,mÌstnÌkomunikace,,521128.0,,OpaËn˝kesmÏru˙seku,Pomal˝,598003.0,,GN_V0.1UIR-ADR_410,1
70206190095,3,4848.0,2019-01-24,4,1413,2,0,0,2,1,0,516,0,0,0,30,2,3,1,1,1,1,1,1,0,0,7,1,2,0,,17,,XX,,,,,,,0,,,,"-472560,933","-1125275,105","-472568,453","-1125267,048","-472568,4","-1125267,199",Palkovice,,,silnice3.t¯Ìdy,4848,1081861.0,,Souhlasn˝sesmÏrem˙seku,Pomal˝,598551.0,,GN_V0.1UIR-ADR_410,1
70206190096,3,48410.0,2019-01-24,4,1500,5,0,0,2,4,0,100,0,0,0,350,2,1,1,1,1,1,1,1,0,0,0,3,1,0,,3,39.0,10,1.0,0.0,1.0,0.0,1.0,3.0,250,2.0,1.0,1.0,"-470961,714","-1127522,511","-470961,714","-1127522,511","-470961,669","-1127522,741",,,,silnice3.t¯Ìdy,48410,2115574.0,,Souhlasn˝sesmÏrem˙seku,Pomal˝,598364.0,,GN_V0.1UIR-ADR_410,2
70206190097,6,,2019-01-24,4,1660,2,0,0,2,1,0,502,0,0,0,100,2,1,1,1,1,1,1,1,0,0,0,1,2,0,,17,,XX,,,,,,,0,,,,"-466924,307","-1118625,616","-466889,391","-1118650,326","-466889,623","-1118650,12",FR›DEK-MÕSTEK-MÕSTEK,Husova,,mÌstnÌkomunikace,,1618885.0,,OpaËn˝kesmÏru˙seku,Pomal˝,598003.0,101885.0,GN_V0.1UIR-ADR_410,1
70206190098,3,4737.0,2019-01-24,4,1910,1,2,0,2,1,2,501,0,0,0,910,2,1,1,1,4,1,1,1,0,0,0,3,2,0,,3,13.0,08,1.0,0.0,0.0,0.0,1.0,1.0,300,2.0,1.0,1.0,"-459767,191","-1115445,395","-459767,191","-1115445,395","-459767,879","-1115445,735",LuËina,,,silnice3.t¯Ìdy,4737,3014790.0,,Souhlasn˝sesmÏrem˙seku,Pomal˝,598399.0,,GN_V0.1UIR-ADR_410,1
70206190099,3,4845.0,2019-01-25,5,515,3,0,3,2,1,2,204,0,0,0,400,2,6,1,1,4,1,1,8,0,0,0,3,1,0,,3,39.0,03,1.0,1.0,1.0,0.0,1.0,3.0,400,3.0,1.0,1.0,"-471154,233","-1117712,594","-471154,233","-1117712,594","-471155,157","-1117706,3",Sta¯ÌË,Sviadnovsk·,,silnice3.t¯Ìdy,4845,2117418.0,,OpaËn˝kesmÏru˙seku,Pomal˝,552569.0,106640.0,GN_V0.1UIR-ADR_410,1
70206190100,1,48.0,2019-01-25,5,1020,1,1,0,1,1,2,401,0,0,1,1650,2,3,1,1,1,1,3,1,2,0,0,4,2,19,6.0,3,13.0,03,1.0,0.0,0.0,0.0,1.0,31.0,400,2.0,1.0,1.0,"-467924,256","-1119870,291","-467924,256","-1119870,291","-467923,677","-1119870,911",FR›DEK-MÕSTEK-MÕSTEK,Jan·Ëkova,,silnice1.t¯Ìdy,48,1403804.0,,Souhlasn˝sesmÏrem˙seku,Pomal˝,598003.0,101966.0,GN_V0.1UIR-ADR_410,1
70206190101,3,4774.0,2019-01-25,5,1320,2,0,0,2,1,2,204,0,0,0,400,2,6,1,1,1,1,1,8,0,0,10,1,2,0,,3,39.0,09,1.0,1.0,0.0,0.0,1.0,3.0,200,2.0,1.0,1.0,"-455449,753","-1129776,418","-455436,862","-1129771,584","-455437,127","-1129771,929",Mor·vka,,,silnice3.t¯Ìdy,4774,3171032.0,,OpaËn˝kesmÏru˙seku,Pomal˝,598445.0,,GN_V0.1UIR-ADR_410,1
70206190102,8,,2019-01-25,5,1855,1,4,0,2,1,2,201,0,0,0,900,2,1,1,1,4,1,1,1,0,0,0,3,2,0,,3,8.0,10,1.0,0.0,1.0,0.0,1.0,5.0,400,2.0,1.0,1.0,"-468478,08","-1119960,693","-468476,468","-1119962,304","-468476,487","-1119962,718",FR›DEK-MÕSTEK-MÕSTEK,,,silnice1.t¯Ìdy,48,1557910.0,,Souhlasn˝sesmÏrem˙seku,Pomal˝,598003.0,,GN_V0.1UIR-ADR_410,1
70206190103,2,473.0,2019-01-25,5,2000,3,0,9,2,1,0,209,0,0,0,50,2,1,1,1,4,1,1,8,0,0,0,1,1,0,,17,,XX,,,,,,,0,,,,"-466116,023","-1117885,364","-466116,023","-1117885,364","-466116,37","-1117885,04",FR›DEK-MÕSTEK-FR›DEK,Bruzovsk·,,silnice2.t¯Ìdy,473,517311.0,,Souhlasn˝sesmÏrem˙seku,Pomal˝,598003.0,101478.0,GN_V0.1UIR-ADR_410,1
70206190104,3,4848.0,2019-01-26,6,405,5,0,0,2,4,0,100,0,0,0,200,2,1,1,1,6,1,1,1,0,0,0,1,1,0,,3,12.0,18,1.0,0.0,1.0,0.0,1.0,1.0,200,2.0,1.0,1.0,"-469013,999","-1121705,454","-469014,536","-1121694,174","-469015,456","-1121694,111",,,,silnice3.t¯Ìdy,4848,3009910.0,,OpaËn˝kesmÏru˙seku,Pomal˝,598003.0,102954.0,GN_V0.1UIR-ADR_410,2
70206190105,1,56.0,2019-01-26,6,647,3,0,3,2,1,2,205,0,0,0,150,2,3,1,1,4,1,1,8,3,3,0,3,1,0,,3,39.0,00,1.0,1.0,1.0,0.0,1.0,3.0,100,2.0,1.0,1.0,"-468505,689","-1119947,18","-468505,689","-1119947,18","-468506,651","-1119955,411",FR›DEK-MÕSTEK-MÕSTEK,Beskydsk·,,silnice1.t¯Ìdy,56,524478.0,,Souhlasn˝sesmÏrem˙seku,Pomal˝,598003.0,101419.0,GN_V0.1UIR-ADR_410,1
70206190106,6,,2019-01-25,5,2560,2,0,0,2,1,0,504,0,0,0,80,5,8,1,1,1,1,1,1,0,0,0,1,2,0,,17,,XX,,,,,,,0,,,,"-461645,058","-1146151,05","-461645,058","-1146151,05","-461641,593","-1146146,211",BÌl·,,,mÌstnÌkomunikace,,3530027.0,,Souhlasn˝sesmÏrem˙seku,Pomal˝,598020.0,,GN_V0.1UIR-ADR_410,1
70206190107,6,,2019-01-26,6,2560,2,0,0,2,1,0,516,0,0,0,150,2,1,1,1,1,1,1,1,0,0,0,1,2,0,,17,,XX,,,,,,,0,,,,"-466406,857","-1119725,404","-466406,857","-1119725,404","-466399,907","-1119727,199",FR›DEK-MÕSTEK-FR›DEK,Bavln·¯sk·,,mÌstnÌkomunikace,,523644.0,,OpaËn˝kesmÏru˙seku,Pomal˝,598003.0,101389.0,GN_V0.1UIR-ADR_410,1
70206190108,3,48415.0,2019-01-27,0,1535,1,2,0,2,1,0,501,0,0,0,100,2,1,1,1,1,1,1,1,0,0,0,3,2,0,,17,,XX,,,,,,,0,,,,"-458651,292","-1134101,739","-458648,069","-1134089,921","-458648,423","-1134090,068",,,,silnice3.t¯Ìdy,48415,2116407.0,,OpaËn˝kesmÏru˙seku,Pomal˝,549673.0,,GN_V0.1UIR-ADR_410,2
70206190109,6,,2019-01-25,5,2560,2,0,0,2,1,0,511,0,0,0,400,2,3,1,1,1,1,1,1,0,0,0,1,2,0,,17,,XX,,,,,,,0,,,,"-467365,797","-1120336,648","-467365,797","-1120336,648","-467367,92","-1120346,18",FR›DEK-MÕSTEK-MÕSTEK,JosefaSuka,,mÌstnÌkomunikace,,1619049.0,,OpaËn˝kesmÏru˙seku,Pomal˝,598003.0,102113.0,GN_V0.1UIR-ADR_410,1
70206190110,2,486.0,2019-01-28,1,720,1,2,0,1,1,2,204,0,0,2,1500,2,6,1,5,2,1,1,1,3,3,0,5,2,19,6.0,3,47.0,06,3.0,1.0,1.0,0.0,1.0,21.0,700,3.0,1.0,1.0,"-475005,855","-1113439,253","-475016,061","-1113427,435","-475015,454","-1113427,051",KrmelÌn,Bruöpersk·,,silnice2.t¯Ìdy,486,3014549.0,,Souhlasn˝sesmÏrem˙seku,Pomal˝,598348.0,105147.0,GN_V0.1UIR-ADR_410,1
70206190111,2,473.0,2019-01-28,1,1000,3,0,1,1,1,2,204,0,0,1,100,2,6,1,5,3,1,1,8,0,0,0,3,1,0,,3,39.0,99,1.0,1.0,1.0,0.0,1.0,1.0,100,2.0,1.0,1.0,"-464888,324","-1112900,523","-464888,324","-1112900,523","-464896,507","-1112900,691",KaÚovice,,,silnice2.t¯Ìdy,473,1077537.0,,Souhlasn˝sesmÏrem˙seku,Pomal˝,598275.0,,GN_V0.1UIR-ADR_410,1
70206190112,1,48.0,2019-01-28,1,1212,3,0,4,2,1,2,204,0,0,0,1100,2,3,1,3,3,1,3,8,0,0,0,3,1,0,,3,17.0,14,3.0,1.0,1.0,0.0,1.0,1.0,900,2.0,1.0,1.0,"-459506,753","-1121274,622","-459506,753","-1121274,622","-459506,501","-1121273,699",,,,silnice1.t¯Ìdy,D48,3529517.0,,Souhlasn˝sesmÏrem˙seku,Pomal˝,552518.0,,GN_V0.1UIR-ADR_410,2
70206190113,1,56.0,2019-01-28,1,1050,3,0,3,2,1,2,511,0,0,0,300,2,3,1,5,3,1,4,1,0,0,0,1,1,0,,3,47.0,14,3.0,0.0,1.0,1.0,1.0,3.0,300,2.0,1.0,1.0,"-466860,152","-1121743,864","-466860,152","-1121743,864","-466865,923","-1121744,697",,,,silnice1.t¯Ìdy,56,3294712.0,,Souhlasn˝sesmÏrem˙seku,Pomal˝,598003.0,101745.0,GN_V0.1UIR-ADR_410,2
70206190114,6,,2019-01-28,1,1431,3,0,3,2,1,0,508,0,0,0,50,2,3,1,3,1,1,1,6,0,0,1,3,1,0,,17,,XX,,,,,,,0,,,,"-466845,386","-1118880,217","-466866,334","-1118884,514","-466866,68","-1118884,607",FR›DEK-MÕSTEK-FR›DEK,t¯.T.G.Masaryka,,mÌstnÌkomunikace,,1621413.0,,Souhlasn˝sesmÏrem˙seku,Pomal˝,598003.0,104108.0,GN_V0.1UIR-ADR_410,1
70206190115,6,,2019-01-28,1,1925,5,0,0,2,4,0,100,0,0,0,150,2,8,1,1,4,1,1,1,0,0,0,3,1,0,,3,39.0,15,1.0,0.0,1.0,0.0,1.0,5.0,150,2.0,1.0,1.0,"-458667,1","-1118120,701","-458660,654","-1118115,33","-458660,464","-1118115,603",,,,mÌstnÌkomunikace,,1079077.0,,Souhlasn˝sesmÏrem˙seku,Pomal˝,512192.0,,GN_V0.1UIR-ADR_410,2
70206190116,6,,2019-01-29,2,1340,3,0,2,2,1,2,508,0,0,0,400,2,3,1,1,1,1,1,1,0,0,0,1,1,0,,3,4.0,10,1.0,0.0,1.0,0.0,1.0,5.0,300,2.0,1.0,1.0,"-467320,641","-1120130,751","-467320,641","-1120130,751","-467327,858","-1120144,045",FR›DEK-MÕSTEK-MÕSTEK,28.¯Ìjna,,mÌstnÌkomunikace,,1619033.0,,OpaËn˝kesmÏru˙seku,Pomal˝,598003.0,101320.0,GN_V0.1UIR-ADR_410,1
70206190117,6,,2019-01-29,2,1338,2,0,0,2,1,2,502,0,0,0,51,2,3,1,1,1,1,1,1,0,0,0,1,2,0,,3,32.0,16,3.0,0.0,1.0,0.0,1.0,5.0,50,2.0,1.0,1.0,"-466577,814","-1118648,31","-466577,814","-1118648,31","-466579,44","-1118645,471",FR›DEK-MÕSTEK-FR›DEK,Jir·skova,,mÌstnÌkomunikace,,519737.0,,OpaËn˝kesmÏru˙seku,Pomal˝,598003.0,102024.0,GN_V0.1UIR-ADR_410,1
70206190118,6,,2019-01-28,1,2560,2,0,0,2,1,0,511,0,0,0,100,2,3,1,1,1,1,1,1,0,0,0,3,2,0,,17,,XX,,,,,,,0,,,,"-467432,207","-1117652,255","-467432,207","-1117652,255","-467431,285","-1117653,556",FR›DEK-MÕSTEK-FR›DEK,NadStadionem,,mÌstnÌkomunikace,,516662.0,,Souhlasn˝sesmÏrem˙seku,Pomal˝,598003.0,102806.0,GN_V0.1UIR-ADR_410,1
70206190119,3,4774.0,2019-01-29,2,1908,4,0,0,2,3,9,100,0,0,0,220,2,3,1,1,4,1,1,1,0,0,0,1,1,0,,3,47.0,17,1.0,0.0,0.0,0.0,1.0,3.0,220,2.0,1.0,1.0,"-461682,801","-1122430,207","-461668,298","-1122434,504","-461668,5","-1122434,61",Noöovice,,,silnice3.t¯Ìdy,4774,534384.0,,OpaËn˝kesmÏru˙seku,Pomal˝,552518.0,,GN_V0.1UIR-ADR_410,1
70206190120,6,,2019-01-29,2,2560,2,0,0,2,1,0,502,0,0,0,100,2,3,1,1,1,1,1,1,0,0,0,3,2,0,,17,,XX,,,,,,,0,,,,"-467318,339","-1118287,78","-467318,339","-1118287,78","-467330,649","-1118295,651",FR›DEK-MÕSTEK-FR›DEK,RevoluËnÌ,,mÌstnÌkomunikace,,3373831.0,,OpaËn˝kesmÏru˙seku,Pomal˝,598003.0,103161.0,GN_V0.1UIR-ADR_410,1
70206190121,1,56.0,2019-01-30,3,1654,3,0,4,2,1,2,205,0,0,0,1000,2,1,1,1,2,1,3,8,0,0,0,3,1,0,,3,39.0,05,1.0,0.0,0.0,0.0,1.0,1.0,500,2.0,1.0,1.0,"-471619,909","-1112990,471","-471634,413","-1112974,893","-471632,715","-1112975,226",,,,silnice1.t¯Ìdy,D56,1406529.0,,Souhlasn˝sesmÏrem˙seku,Pomal˝,598569.0,,GN_V0.1UIR-ADR_410,2
70206190122,3,48615.0,2019-01-30,3,1840,1,3,0,2,1,0,501,0,0,0,620,2,3,1,1,4,1,1,1,0,0,0,3,2,0,,17,,XX,,,,,,,0,,,,"-477354,405","-1114122,868","-477354,405","-1114122,868","-477361,306","-1114127,409",Star·VesnadOnd¯ejnicÌ,Bruöpersk·,,silnice3.t¯Ìdy,48615,3295138.0,,OpaËn˝kesmÏru˙seku,Pomal˝,598739.0,775681.0,GN_V0.1UIR-ADR_410,1
70206190123,1,56.0,2019-01-31,4,1508,1,3,0,2,1,2,402,0,0,0,300,2,1,1,1,1,1,4,1,3,3,0,5,2,19,6.0,3,2.0,,1.0,0.0,1.0,0.0,1.0,12.0,100,2.0,1.0,1.0,"-467677,035","-1120479,203","-467662,533","-1120485,112","-467662,475","-1120484,953",FR›DEK-MÕSTEK-MÕSTEK,Beskydsk·,,silnice1.t¯Ìdy,56,1619090.0,,Souhlasn˝sesmÏrem˙seku,Pomal˝,598003.0,101419.0,GN_V0.1UIR-ADR_410,1
70206190124,6,,2019-01-27,0,2560,2,0,0,2,1,0,516,0,0,0,60,2,1,1,0,4,1,1,1,0,0,0,1,2,0,,17,,XX,,,,,,,0,,,,"-467972,646","-1119252,712","-467972,646","-1119252,712","-467970,969","-1119252,832",FR›DEK-MÕSTEK-MÕSTEK,ZahradnÌ,,mÌstnÌkomunikace,,521873.0,,Souhlasn˝sesmÏrem˙seku,Pomal˝,598003.0,103624.0,GN_V0.1UIR-ADR_410,1
70206190125,6,,2019-01-31,4,2120,9,0,0,1,1,8,508,0,0,1,600,2,6,1,1,6,1,1,1,0,0,0,1,1,0,,3,4.0,01,1.0,0.0,1.0,0.0,1.0,5.0,600,7.0,5.0,1.0,"-456614,685","-1115760,572","-456614,685","-1115760,572","-456615,964","-1115765,106",,,,mÌstnÌkomunikace,,3009772.0,,OpaËn˝kesmÏru˙seku,Pomal˝,598101.0,,GN_V0.1UIR-ADR_410,2
70208193001,3,4682.0,2019-01-02,3,400,9,0,0,2,1,7,204,0,0,0,30,2,6,1,5,7,1,1,8,0,0,0,1,1,0,,3,39.0,06,1.0,0.0,0.0,0.0,1.0,1.0,0,2.0,4.0,1.0,"-442101,446","-1122724,839","-442101,446","-1122724,839","-442100,419","-1122724,55",,,,silnice3.t¯Ìdy,4682,1620670.0,,Souhlasn˝sesmÏrem˙seku,Pomal˝,554928.0,,GN_V0.1UIR-ADR_410,2
70208193002,6,,2019-01-02,3,545,1,3,0,1,1,2,402,0,0,2,1000,2,8,1,1,4,4,1,1,3,3,0,4,2,10,6.0,3,31.0,01,1.0,0.0,1.0,0.0,1.0,5.0,400,2.0,1.0,1.0,"-444112,296","-1121620,888","-444112,296","-1121620,888","-444112,328","-1121620,597",T¯inec,Husov·,,mÌstnÌkomunikace,,1405927.0,,Souhlasn˝sesmÏrem˙seku,Pomal˝,598810.0,109037.0,GN_V0.1UIR-ADR_410,1
70208193003,3,1144.0,2019-01-02,3,2110,1,4,0,2,1,2,516,0,0,0,300,2,5,1,1,6,1,1,1,3,5,0,1,2,0,,5,43.0,98,8.0,1.0,0.0,0.0,1.0,1.0,0,4.0,1.0,1.0,"-441109,799","-1132248,023","-441109,799","-1132248,023","-441105,668","-1132244,724",N·vsÌ,,,silnice3.t¯Ìdy,01144,1620653.0,,OpaËn˝kesmÏru˙seku,Pomal˝,554014.0,,GN_V0.1UIR-ADR_410,1
70208193004,1,11.0,2019-01-02,3,2340,3,0,4,2,1,2,204,0,0,0,200,2,5,1,1,4,1,1,8,3,5,1,2,1,0,,3,32.0,98,1.0,1.0,0.0,0.0,1.0,3.0,50,2.0,1.0,1.0,"-443113,462","-1123232,328","-443113,462","-1123232,328","-443112,753","-1123230,522",T¯inec,,,mÌstnÌkomunikace,,537458.0,,Souhlasn˝sesmÏrem˙seku,Pomal˝,598810.0,,GN_V0.1UIR-ADR_410,1
70208193005,3,1149.0,2019-01-03,4,1030,1,3,0,2,1,2,204,0,0,0,630,2,8,1,5,3,1,1,1,3,3,0,5,2,19,6.0,3,13.0,01,1.0,1.0,0.0,0.0,1.0,31.0,200,2.0,1.0,1.0,"-434416,011","-1135661,807","-434419,234","-1135656,436","-434419,28","-1135656,277",Bukovec,,,silnice3.t¯Ìdy,01149,1086394.0,,OpaËn˝kesmÏru˙seku,Pomal˝,511935.0,,GN_V0.1UIR-ADR_410,1
70208193006,1,11.0,2019-01-03,4,2015,1,4,0,2,1,2,503,0,0,0,450,2,8,1,5,6,1,3,1,0,0,0,1,2,0,,3,39.0,16,3.0,0.0,1.0,0.0,1.0,1.0,150,3.0,1.0,1.0,"-442136,974","-1125567,215","-442136,974","-1125567,215","-442139,822","-1125571,222",,,,silnice1.t¯Ìdy,11,3527682.0,,Souhlasn˝sesmÏrem˙seku,Pomal˝,598062.0,,GN_V0.1UIR-ADR_410,2
70208193007,1,11.0,2019-01-04,5,1110,1,4,0,2,1,9,503,0,0,0,800,2,3,1,1,1,1,1,1,0,0,0,1,2,0,,3,39.0,02,1.0,0.0,0.0,0.0,1.0,1.0,400,3.0,5.0,1.0,"-442321,38","-1124390,115","-442321,38","-1124390,115","-442324,412","-1124391,681",VendrynÏ,,,mÌstnÌkomunikace,,541205.0,,OpaËn˝kesmÏru˙seku,Pomal˝,554928.0,,GN_V0.1UIR-ADR_410,1
70208193008,3,1144.0,2019-01-04,5,1135,1,2,0,2,1,2,409,0,0,0,950,2,5,1,5,1,1,1,1,3,5,0,1,2,0,,3,39.0,08,1.0,0.0,0.0,0.0,1.0,3.0,400,2.0,1.0,1.0,"-440921,998","-1132702,183","-440921,998","-1132702,183","-440917,097","-1132700,221",N·vsÌ,,,silnice3.t¯Ìdy,01144,1462423.0,,OpaËn˝kesmÏru˙seku,Pomal˝,554014.0,,GN_V0.1UIR-ADR_410,1
70208193009,2,648.0,2019-01-04,5,2215,3,0,3,2,1,2,204,0,0,0,150,2,8,1,5,7,1,1,8,0,0,5,1,1,0,,5,44.0,05,1.0,1.0,1.0,0.0,1.0,3.0,100,2.0,1.0,1.0,"-455076,775","-1118059,537","-455076,775","-1118059,537","-455075,536","-1118061,072",,,,silnice2.t¯Ìdy,648,517971.0,,Souhlasn˝sesmÏrem˙seku,Pomal˝,552631.0,,GN_V0.1UIR-ADR_410,2
70208193010,2,468.0,2019-01-05,6,1130,1,2,0,1,1,2,501,0,0,2,2300,2,6,12,5,1,1,1,1,0,0,0,1,2,0,,3,39.0,06,1.0,0.0,1.0,0.0,1.0,3.0,800,2.0,1.0,1.0,"-445489,14","-1119260,93","-445489,14","-1119260,93","-445485,585","-1119257,672",,,,silnice2.t¯Ìdy,468,3250568.0,,Souhlasn˝sesmÏrem˙seku,Pomal˝,598810.0,108952.0,GN_V0.1UIR-ADR_410,2
70208193011,1,68.0,2019-01-05,6,2105,5,0,0,2,4,0,100,0,0,0,1520,2,4,1,1,4,1,1,1,0,0,0,1,1,0,,3,39.0,16,3.0,0.0,0.0,0.0,1.0,1.0,1500,3.0,1.0,5.0,"-452515,688","-1120208,135","-452517,3","-1120207,597","-452516,957","-1120205,118",,,,silnice1.t¯Ìdy,68,3294729.0,,OpaËn˝kesmÏru˙seku,Pomal˝,598160.0,,GN_V0.1UIR-ADR_410,2
70208193012,6,,2019-01-06,0,950,1,4,0,2,1,2,504,0,0,0,50,2,5,1,1,1,1,1,1,0,0,0,1,2,0,,3,47.0,16,9.0,0.0,1.0,0.0,1.0,5.0,50,3.0,1.0,1.0,"-444827,732","-1121587,696","-444827,732","-1121587,696","-444837,127","-1121581,859",T¯inec,,,mÌstnÌkomunikace,,2733799.0,,OpaËn˝kesmÏru˙seku,Pomal˝,598810.0,,GN_V0.1UIR-ADR_410,1
70208193013,3,1149.0,2019-01-08,2,1700,1,4,0,2,1,0,503,0,0,0,500,2,8,1,1,4,1,1,1,0,0,0,1,2,0,,17,,XX,,,,,,,0,,,,"-434612,875","-1135522,146","-434612,875","-1135522,146","-434615,098","-1135529,906",Bukovec,,,silnice3.t¯Ìdy,01149,1086327.0,,Souhlasn˝sesmÏrem˙seku,Pomal˝,511935.0,,GN_V0.1UIR-ADR_410,1