IDENTIFIKA»NÕ »ÕSLO,DRUH POZEMNÕ KOMUNIKACE,»ÕSLO POZEMNÕ KOMUNIKACE,"den, mÏsÌc, rok",,Ëas ,DRUH NEHODY,DRUH SR¡éKY JEDOUCÕCH VOZIDEL,DRUH PEVN… PÿEK¡éKY,CHARAKTER NEHODY,ZAVINÃNÕ NEHODY,ALKOHOL U VINÕKA NEHODY PÿÕTOMEN,HLAVNÕ PÿÕ»INY NEHODY,usmrceno osob,tÏûce zranÏno osob,lehce zranÏno osob,CELKOV¡ HMOTN¡ äKODA,DRUH POVRCHU VOZOVKY,STAV POVRCHU VOZOVKY V DOBÃ NEHODY,STAV KOMUNIKACE,POVÃTRNOSTNÕ PODMÕNKY V DOBÃ NEHODY,VIDITELNOST,ROZHLEDOV… POMÃRY,DÃLENÕ KOMUNIKACE,SITUOV¡NÕ NEHODY NA KOMUNIKACI,ÿÕZENÕ PROVOZU V DOBÃ NEHODY,MÕSTNÕ ⁄PRAVA PÿEDNOSTI V JÕZDÃ,SPECIFICK¡ MÕSTA A OBJEKTY V MÕSTÃ NEHODY,SMÃROV… POMÃRY,PO»ET Z⁄»ASTNÃN›CH VOZIDEL,MÕSTO DOPRAVNÕ NEHODY,DRUH KÿIéUJÕCÕ KOMUNIKACE,DRUH VOZIDLA,V›ROBNÕ ZNA»KA MOTOROV…HO VOZIDLA,ROK V›ROBY VOZIDLA,CHARAKTERISTIKA VOZIDLA ,SMYK,VOZIDLO PO NEHODÃ,"⁄NIK PROVOZNÕCH, PÿEPRAVOVAN›CH HMOT",ZPŸSOB VYPROäTÃNÕ OSOB Z VOZIDLA,SMÃR JÕZDY NEBO POSTAVENÕ VOZIDLA,äKODA NA VOZIDLE,KATEGORIE ÿIDI»E,STAV ÿIDI»E,VNÃJäÕ OVLIVNÃNÕ ÿIDI»E,nan.1,nan.2,nan.3,nan.4,nan.5,nan.6,nan.7,nan.8,nan.9,nan.10,nan.11,nan.12,nan.13,nan.14,nan.15,nan.16,nan.17,nan.18,LOKALITA NEHODY
70208193014,1,11.0,2019-01-08,2,1920,3,0,4,2,1,2,204,0,0,0,3700,2,8,1,5,7,1,3,3,0,0,0,1,1,0,,7,48.0,04,9.0,1.0,1.0,1.0,1.0,1.0,1500,4.0,1.0,1.0,"-446765,523","-1122854,215","-446765,523","-1122854,215","-446760,915","-1122850,128",,,,silnice1.t¯Ìdy,11,3563628.0,,Souhlasn˝sesmÏrem˙seku,Pomal˝,598810.0,,GN_V0.1UIR-ADR_410,2
70208193015,1,11.0,2019-01-09,3,1800,5,0,0,2,4,0,100,0,0,0,320,2,3,1,1,6,1,6,1,0,0,0,1,1,0,,3,39.0,17,3.0,0.0,0.0,0.0,1.0,3.0,300,2.0,1.0,5.0,"-444832,032","-1124233,073","-444832,032","-1124233,073","-444824,928","-1124217,429",,,,silnice1.t¯Ìdy,11,3526936.0,,Souhlasn˝sesmÏrem˙seku,Pomal˝,598810.0,,GN_V0.1UIR-ADR_410,2
70208193016,3,4761.0,2019-01-10,4,1205,3,0,9,2,1,2,204,0,0,0,250,2,6,1,1,1,1,1,8,0,0,0,1,1,0,,3,39.0,00,1.0,1.0,1.0,0.0,1.0,1.0,100,2.0,1.0,1.0,"-454586,768","-1122464,424","-454586,768","-1122464,424","-454583,267","-1122465,394",KomornÌLhotka,,,silnice3.t¯Ìdy,4761,3152763.0,,Souhlasn˝sesmÏrem˙seku,Pomal˝,507237.0,,GN_V0.1UIR-ADR_410,1
70208193017,3,1141.0,2019-01-11,5,1420,5,0,0,2,4,0,100,0,0,0,200,2,5,1,1,1,1,1,1,0,0,0,3,1,0,,3,44.0,18,3.0,0.0,1.0,0.0,1.0,3.0,200,2.0,1.0,5.0,"-447822,359","-1124355,154","-447822,359","-1124355,154","-447820,462","-1124356,741",T¯inec-Old¯ichovice,,,silnice3.t¯Ìdy,01141,541680.0,,Souhlasn˝sesmÏrem˙seku,Pomal˝,598810.0,,GN_V0.1UIR-ADR_410,1
70208193018,6,,2019-01-14,1,620,9,0,0,2,1,2,510,0,0,0,100,2,8,1,1,6,1,1,8,0,0,0,1,1,0,,3,42.0,17,1.0,0.0,1.0,0.0,1.0,5.0,100,2.0,1.0,1.0,"-441842,446","-1125101,125","-441842,446","-1125101,125","-441842,446","-1125101,125",,,,mÌstnÌkomunikace,,3169549.0,,,Pomal˝,554928.0,,GN_V0.1UIR-ADR_410,2
70208193019,6,,2019-01-01,2,2560,3,0,2,2,1,0,508,0,0,0,100,1,8,1,1,4,1,0,6,0,0,0,1,1,0,,17,,XX,,,,,,,0,,,,"-443631,545","-1122241,082","-443631,545","-1122241,082","-443625,659","-1122237,739",T¯inec,n·m.T.G.Masaryka,,mÌstnÌkomunikace,,2733878.0,,,Pomal˝,598810.0,,GN_V0.1UIR-ADR_410,1
70208193020,6,,2019-01-14,1,1830,3,0,1,2,0,0,100,0,0,0,50,2,6,1,7,4,1,1,1,0,0,0,1,1,0,,3,39.0,99,1.0,0.0,1.0,0.0,1.0,5.0,20,2.0,1.0,1.0,"-445285,711","-1122721,303","-445285,711","-1122721,303","-445284,39","-1122722,674",,,,mÌstnÌkomunikace,,1743124.0,,Souhlasn˝sesmÏrem˙seku,Pomal˝,598810.0,108359.0,GN_V0.1UIR-ADR_410,2
70208193021,2,474.0,2019-01-15,2,1115,5,0,0,2,4,0,100,0,0,0,10,2,8,1,5,3,1,1,1,0,0,0,1,1,0,,3,8.0,17,1.0,0.0,1.0,0.0,1.0,1.0,0,3.0,1.0,5.0,"-453473,873","-1119002,608","-453473,873","-1119002,608","-453476,086","-1119002,349",,,,silnice2.t¯Ìdy,474,1336601.0,,OpaËn˝kesmÏru˙seku,Pomal˝,598160.0,,GN_V0.1UIR-ADR_410,2
70208193022,6,,2019-01-16,3,1140,2,0,0,2,1,0,504,0,0,0,200,2,3,1,1,1,1,1,1,0,0,0,1,2,0,,17,,XX,,,,,,,0,,,,"-445786,798","-1122956,049","-445786,798","-1122956,049","-445792,12","-1122971,103",T¯inec-Old¯ichovice,,,mÌstnÌkomunikace,,1405636.0,,Souhlasn˝sesmÏrem˙seku,Pomal˝,598810.0,,GN_V0.1UIR-ADR_410,1
70208193023,1,68.0,2019-01-17,4,45,5,0,0,2,4,0,100,0,0,0,1530,2,3,1,1,6,1,1,1,0,0,0,1,1,0,,3,44.0,18,3.0,0.0,1.0,0.0,1.0,3.0,1500,2.0,1.0,5.0,"-451929,936","-1120431,899","-451929,936","-1120431,899","-451927,955","-1120427,618",,,,silnice1.t¯Ìdy,68,1465360.0,,OpaËn˝kesmÏru˙seku,Pomal˝,552674.0,,GN_V0.1UIR-ADR_410,2
70208193024,1,68.0,2019-01-17,4,1725,5,0,0,2,4,0,100,0,0,0,170,2,3,1,1,4,1,1,1,0,0,0,2,1,0,,3,39.0,09,1.0,0.0,0.0,0.0,1.0,1.0,150,2.0,1.0,5.0,"-452301,521","-1120268,363","-452302,595","-1120262,992","-452302,396","-1120262,425",,,,silnice1.t¯Ìdy,68,2115619.0,,OpaËn˝kesmÏru˙seku,Pomal˝,552674.0,,GN_V0.1UIR-ADR_410,2
70208193025,6,,2019-01-17,4,2030,3,0,6,2,1,2,504,0,0,0,50,1,6,1,1,4,1,1,0,0,0,10,1,1,0,,3,39.0,16,12.0,0.0,1.0,0.0,1.0,5.0,50,2.0,1.0,1.0,"-444001,56","-1122296,18","-444001,56","-1122296,18","-443995,361","-1122293,08",T¯inec,Lidick·,,mÌstnÌkomunikace,,1405859.0,,Souhlasn˝sesmÏrem˙seku,Pomal˝,598810.0,,GN_V0.1UIR-ADR_410,1
70208193026,3,4682.0,2019-01-19,6,850,1,1,0,1,1,2,501,0,0,3,2000,2,3,1,1,1,1,1,1,0,0,0,2,2,0,,3,47.0,04,1.0,0.0,1.0,1.0,1.0,3.0,500,2.0,1.0,2.0,"-442332,186","-1123630,517","-442350,448","-1123629,98","-442350,104","-1123629,962",VendrynÏ,,,silnice3.t¯Ìdy,4682,1081021.0,,OpaËn˝kesmÏru˙seku,Pomal˝,554928.0,,GN_V0.1UIR-ADR_410,1
70208193027,3,4681.0,2019-01-19,6,2560,2,0,0,2,1,0,506,0,0,0,250,2,6,1,1,1,1,1,8,3,3,10,1,2,0,,17,,XX,,,,,,,0,,,,"-447698,682","-1129065,397","-447698,682","-1129065,397","-447696,397","-1129068,394",T¯inec,,,silnice3.t¯Ìdy,4681,3294781.0,,Souhlasn˝sesmÏrem˙seku,Pomal˝,598810.0,,GN_V0.1UIR-ADR_410,1
70208193028,6,,2019-01-18,5,2560,3,0,9,2,1,0,204,0,0,0,200,2,6,1,1,4,1,0,8,3,5,10,2,1,0,,3,39.0,08,1.0,0.0,1.0,0.0,1.0,5.0,150,2.0,1.0,1.0,"-451364,613","-1122801,748","-451364,613","-1122801,748","-451362,505","-1122802,239",Smilovice,,,mÌstnÌkomunikace,,1288005.0,,Souhlasn˝sesmÏrem˙seku,Pomal˝,552658.0,,GN_V0.1UIR-ADR_410,1
70208193029,3,1149.0,2019-01-20,0,2200,5,0,0,2,4,0,100,0,0,0,60,2,1,1,1,4,1,1,1,0,0,0,1,1,0,,3,8.0,06,1.0,0.0,0.0,0.0,1.0,3.0,50,2.0,1.0,5.0,"-437277,57","-1134527,547","-437277,57","-1134527,547","-437284,131","-1134534,226",Jablunkov,,,silnice3.t¯Ìdy,01149,1620649.0,,OpaËn˝kesmÏru˙seku,Pomal˝,598259.0,,GN_V0.1UIR-ADR_410,1
70208193030,6,,2019-01-21,1,2560,2,0,0,2,1,0,516,0,0,0,100,2,5,1,1,1,1,1,0,0,0,10,1,2,0,,17,,XX,,,,,,,0,,,,"-443143,759","-1121393,622","-443143,759","-1121393,622","-443138,891","-1121387,358",T¯inec,Sosnov·,,mÌstnÌkomunikace,,2732320.0,,Souhlasn˝sesmÏrem˙seku,Pomal˝,598810.0,108901.0,GN_V0.1UIR-ADR_410,1
70208193031,2,468.0,2019-01-24,4,1410,1,3,0,1,1,2,402,0,0,1,2000,2,1,1,1,1,1,1,1,3,3,0,4,2,19,6.0,3,32.0,05,1.0,0.0,1.0,1.0,1.0,24.0,1000,2.0,1.0,1.0,"-445967,976","-1118574,964","-445967,976","-1118574,964","-445970,168","-1118576,272",T¯inec,,,silnice2.t¯Ìdy,468,1743076.0,,OpaËn˝kesmÏru˙seku,Pomal˝,598810.0,,GN_V0.1UIR-ADR_410,1
70208193032,2,474.0,2019-01-25,5,1555,3,0,1,1,1,2,204,0,0,1,800,2,6,1,6,3,1,1,8,0,0,0,2,1,0,,3,35.0,11,1.0,1.0,0.0,0.0,1.0,1.0,800,2.0,1.0,1.0,"-453467,183","-1118889,777","-453466,109","-1118889,777","-453462,927","-1118890,15",,,,silnice2.t¯Ìdy,474,1336601.0,,Souhlasn˝sesmÏrem˙seku,Pomal˝,598160.0,,GN_V0.1UIR-ADR_410,2
70208193033,2,468.0,2019-01-27,0,1725,1,4,0,2,1,2,503,0,0,0,2400,2,3,1,1,4,1,1,1,0,0,0,1,2,0,,3,2.0,17,2.0,0.0,0.0,0.0,1.0,3.0,2000,2.0,1.0,1.0,"-444606,936","-1120363,501","-444606,936","-1120363,501","-444610,619","-1120365,655",T¯inec,N·draûnÌ,,silnice2.t¯Ìdy,468,3012189.0,,OpaËn˝kesmÏru˙seku,Pomal˝,598810.0,108715.0,GN_V0.1UIR-ADR_410,1
70208193034,3,1146.0,2019-01-29,2,1020,3,0,9,1,1,2,204,0,0,1,1010,2,5,1,6,1,1,1,8,0,0,0,2,1,0,,3,39.0,10,1.0,1.0,1.0,0.0,1.0,3.0,1000,2.0,1.0,1.0,"-438456,644","-1124386,024","-438456,644","-1124386,024",-438456,"-1124390,509",N˝dek,,,silnice3.t¯Ìdy,01146,3010092.0,,OpaËn˝kesmÏru˙seku,Pomal˝,507091.0,,GN_V0.1UIR-ADR_410,1
70208193035,1,11.0,2019-01-29,2,1733,3,0,9,2,1,2,209,0,0,0,210,2,1,1,1,6,1,1,1,0,0,0,1,2,0,,7,62.0,13,9.0,0.0,1.0,0.0,1.0,3.0,10,3.0,1.0,1.0,"-439944,859","-1132854,478","-439944,859","-1132854,478","-439947,661","-1132853,615",,,,silnice1.t¯Ìdy,11,1405351.0,,OpaËn˝kesmÏru˙seku,Pomal˝,554014.0,,GN_V0.1UIR-ADR_410,2
70306190001,6,,2019-01-01,2,730,3,0,9,2,1,2,205,0,0,0,1100,2,1,1,1,1,1,1,1,3,5,0,5,1,10,6.0,3,39.0,09,1.0,0.0,1.0,0.0,1.0,5.0,1000,2.0,1.0,1.0,"-465238,964","-1098717,771","-465244,873","-1098738,182","-465244,837","-1098738,185",,,,mÌstnÌkomunikace,,453209.0,,OpaËn˝kesmÏru˙seku,Pomal˝,599107.0,203513.0,GN_V0.1UIR-ADR_410,2
70306190002,2,475.0,2019-01-01,2,1620,1,4,0,2,1,2,503,0,0,0,1050,2,3,1,1,2,1,1,1,3,3,0,5,2,19,6.0,3,7.0,08,9.0,0.0,1.0,0.0,1.0,12.0,1000,2.0,1.0,1.0,"-449874,794","-1097171,094","-449874,794","-1097171,094","-449873,91","-1097170,124",PetroviceuKarvinÈ,,,silnice2.t¯Ìdy,475,1234814.0,,OpaËn˝kesmÏru˙seku,Pomal˝,599077.0,,GN_V0.1UIR-ADR_410,1
70306190003,6,,2019-01-02,3,1260,2,0,0,2,1,0,516,0,0,0,100,2,3,1,5,1,1,0,0,0,0,0,1,2,0,,17,,XX,,,,,,,0,,,,"-459738,107","-1098737,226","-459738,107","-1098737,226","-459738,29","-1098737,357",Orlov·,Kpt.Jaroöe,,mÌstnÌkomunikace,,3021027.0,,Souhlasn˝sesmÏrem˙seku,Pomal˝,599069.0,201961.0,GN_V0.1UIR-ADR_410,1
70306190004,2,470.0,2019-01-02,3,1845,3,0,2,2,1,2,204,0,0,0,700,2,6,1,5,4,1,1,8,3,3,0,7,1,19,6.0,5,19.0,14,3.0,1.0,0.0,1.0,1.0,13.0,500,3.0,1.0,1.0,"-463561,943","-1098719,708","-463542,069","-1098747,639","-463541,737","-1098747,195",Rychvald,Orlovsk·,,silnice2.t¯Ìdy,470,1404118.0,,Souhlasn˝sesmÏrem˙seku,Pomal˝,599107.0,203815.0,GN_V0.1UIR-ADR_410,1
70306190005,3,4687.0,2019-01-02,3,1845,1,1,0,2,1,2,204,0,0,0,800,2,6,1,5,4,1,1,1,0,0,0,3,2,0,,3,39.0,04,1.0,1.0,0.0,0.0,1.0,1.0,300,2.0,1.0,1.0,"-452700,387","-1105091,806","-452700,387","-1105091,806","-452702,504","-1105088,447",Stonava,,,silnice3.t¯Ìdy,4687,475670.0,,Souhlasn˝sesmÏrem˙seku,Pomal˝,599140.0,,GN_V0.1UIR-ADR_410,1
70306190006,6,,2019-01-02,3,1850,3,0,9,2,1,2,204,0,0,0,450,2,6,1,1,6,1,1,8,0,0,0,3,1,0,,3,8.0,16,1.0,1.0,0.0,0.0,1.0,5.0,300,2.0,1.0,1.0,"-458023,881","-1096205,525","-458020,658","-1096163,629","-458020,556","-1096163,66",DÏtmarovice,,,mÌstnÌkomunikace,,1463994.0,,Souhlasn˝sesmÏrem˙seku,Pomal˝,598941.0,,GN_V0.1UIR-ADR_410,1
70306190007,6,,2019-01-02,3,2045,3,0,4,2,1,2,205,0,0,0,1000,2,5,1,1,4,1,1,8,0,0,0,2,1,0,,3,26.0,10,1.0,1.0,1.0,0.0,1.0,5.0,1000,3.0,1.0,1.0,"-457446,022","-1095048,917","-457446,022","-1095048,917","-457449,871","-1095054,063",DÏtmarovice,,,mÌstnÌkomunikace,,1709084.0,,OpaËn˝kesmÏru˙seku,Pomal˝,598941.0,,GN_V0.1UIR-ADR_410,1
70306190008,6,,2019-01-02,3,2015,3,0,9,2,1,2,204,0,0,0,1500,2,6,1,6,6,1,1,8,0,0,0,3,1,0,,3,2.0,18,1.0,1.0,0.0,0.0,1.0,5.0,1500,4.0,1.0,1.0,"-462816,372","-1099758,462","-462811,538","-1099768,131","-462810,921","-1099767,185",Rychvald,LÌpov·,,mÌstnÌkomunikace,,1284999.0,,Souhlasn˝sesmÏrem˙seku,Pomal˝,599107.0,203688.0,GN_V0.1UIR-ADR_410,1
70306190009,6,,2019-01-02,3,1820,3,0,3,2,1,0,204,0,0,0,50,2,3,1,5,5,1,1,1,3,4,0,7,1,10,6.0,3,99.0,16,1.0,1.0,0.0,0.0,1.0,5.0,50,2.0,1.0,1.0,"-461627,118","-1107322,668","-461633,027","-1107317,297","-461632,364","-1107317,454",HavÌ¯ov,UN·draûÌ,,mÌstnÌkomunikace,,485645.0,,Souhlasn˝sesmÏrem˙seku,Pomal˝,555088.0,196754.0,GN_V0.1UIR-ADR_410,1
70306190010,6,,2019-01-03,4,845,1,3,0,2,1,2,204,0,0,0,1000,2,5,1,6,1,1,1,1,3,4,0,5,2,10,6.0,3,39.0,10,1.0,1.0,0.0,0.0,1.0,5.0,500,2.0,1.0,1.0,"-460948,462","-1106620,473","-460948,462","-1106611,342","-460948,482","-1106611,395",HavÌ¯ov,H¯bitovnÌ,,mÌstnÌkomunikace,,481958.0,,OpaËn˝kesmÏru˙seku,Pomal˝,555088.0,194751.0,GN_V0.1UIR-ADR_410,1
70306190011,6,,2019-01-01,2,2560,3,0,9,2,1,0,516,0,0,0,50,2,3,1,5,5,1,1,1,0,0,9,1,1,0,,17,,XX,,,,,,,0,,,,"-461825,265","-1107384,587","-461825,265","-1107384,587","-461825,669","-1107384,669",HavÌ¯ov,éelezniË·¯˘,,mÌstnÌkomunikace,,1647500.0,,OpaËn˝kesmÏru˙seku,Pomal˝,555088.0,,GN_V0.1UIR-ADR_410,1
70306190012,6,,2019-01-03,4,930,1,3,0,2,1,2,504,0,0,0,300,2,8,1,5,3,1,1,1,0,0,1,1,2,0,,3,25.0,98,1.0,0.0,1.0,0.0,1.0,5.0,100,3.0,1.0,1.0,"-459192,806","-1109160,259","-459192,806","-1109160,259","-459192,853","-1109160,384",HavÌ¯ov,Dlouh·t¯Ìda,,mÌstnÌkomunikace,,757765.0,,Souhlasn˝sesmÏrem˙seku,Pomal˝,555088.0,194174.0,GN_V0.1UIR-ADR_410,1
70306190013,6,,2019-01-03,4,1215,1,1,0,2,1,2,204,0,0,0,710,2,6,1,6,1,1,1,1,0,0,0,3,2,0,,3,39.0,12,1.0,0.0,0.0,0.0,1.0,5.0,200,3.0,1.0,1.0,"-456124,962","-1098174,499","-456124,962","-1098174,499","-456125,239","-1098174,15",DÏtmarovice,,,mÌstnÌkomunikace,,3018384.0,,Souhlasn˝sesmÏrem˙seku,Pomal˝,598941.0,,GN_V0.1UIR-ADR_410,1
70306190014,6,,2019-01-03,4,1520,1,1,0,2,1,2,204,0,0,0,600,2,6,1,6,3,1,1,1,0,0,0,3,2,0,,3,31.0,04,3.0,0.0,0.0,0.0,1.0,5.0,300,2.0,1.0,1.0,"-458324,375","-1097699,023","-458324,375","-1097699,023","-458324,675","-1097698,543",DÏtmarovice,,,mÌstnÌkomunikace,,3018300.0,,Souhlasn˝sesmÏrem˙seku,Pomal˝,598941.0,,GN_V0.1UIR-ADR_410,1
70306190015,6,,2019-01-02,3,1940,2,0,0,2,1,0,511,0,0,0,50,2,5,1,6,4,1,1,1,3,5,0,5,2,10,6.0,17,,XX,,,,,,,0,,,,"-450497,247","-1100625,584","-450502,619","-1100634,715","-450502,327","-1100634,955",Karvin·,Kpt.Jaroöe,,mÌstnÌkomunikace,,459206.0,,OpaËn˝kesmÏru˙seku,Pomal˝,598917.0,199401.0,GN_V0.1UIR-ADR_410,1
70306190016,6,,2019-01-04,5,800,3,0,9,2,1,2,204,0,0,0,51,2,5,1,1,1,1,1,1,3,3,0,1,1,0,,3,39.0,08,1.0,0.0,1.0,0.0,1.0,5.0,50,2.0,1.0,1.0,"-448607,138","-1114057,673","-448605,526","-1114072,713","-448605,239","-1114072,574",»esk˝TÏöÌn,Pr˘myslov·,,mÌstnÌkomunikace,,1743203.0,,Souhlasn˝sesmÏrem˙seku,Pomal˝,598933.0,733539.0,GN_V0.1UIR-ADR_410,1
70306190017,6,,2019-01-04,5,1060,2,0,0,2,1,0,516,0,0,0,300,2,3,1,1,1,1,1,1,3,3,0,1,2,0,,17,,XX,,,,,,,0,,,,"-447263,105","-1113605,733","-447263,105","-1113605,733","-447279,953","-1113603,235",»esk˝TÏöÌn,Tyröova,,mÌstnÌkomunikace,,505657.0,,OpaËn˝kesmÏru˙seku,Pomal˝,598933.0,193160.0,GN_V0.1UIR-ADR_410,1
70306190018,6,,2019-01-04,5,1610,1,1,0,1,1,2,204,0,0,1,650,2,6,1,5,2,1,1,1,0,0,0,1,2,0,,5,31.0,07,1.0,1.0,1.0,0.0,1.0,5.0,350,2.0,1.0,1.0,"-465143,05","-1099188,029","-465143,05","-1099188,029","-465142,888","-1099186,948",Rychvald,,,mÌstnÌkomunikace,,453632.0,,Souhlasn˝sesmÏrem˙seku,Pomal˝,599107.0,,GN_V0.1UIR-ADR_410,1
70306190019,0,48.0,2019-01-05,6,815,1,3,0,2,1,0,411,0,0,0,2010,2,5,1,5,3,1,3,1,0,0,0,3,2,0,,17,,XX,,,,,,,0,,,,"-449786,7","-1115779,51","-449786,7","-1115779,51","-449787,547","-1115775,829",,,,silnice1.t¯Ìdy,D48,3513741.0,,Souhlasn˝sesmÏrem˙seku,Pomal˝,598933.0,,GN_V0.1UIR-ADR_410,2
70306190020,3,4712.0,2019-01-05,6,910,3,0,9,2,1,2,204,0,0,0,500,2,8,1,5,3,1,1,8,0,0,0,3,1,0,,3,39.0,11,1.0,1.0,0.0,0.0,1.0,3.0,400,2.0,1.0,1.0,"-459755,19","-1095496,26","-459748,207","-1095479,608","-459745,504","-1095481,873",DolnÌLutynÏ,KopernÌkova,,silnice3.t¯Ìdy,4712,440642.0,,Souhlasn˝sesmÏrem˙seku,Pomal˝,598968.0,193445.0,GN_V0.1UIR-ADR_410,1
70306190021,1,59.0,2019-01-04,5,2225,3,0,3,2,1,0,204,0,0,0,800,2,5,1,3,4,1,3,1,3,3,1,4,1,19,3.0,3,39.0,17,3.0,1.0,1.0,0.0,1.0,14.0,800,3.0,1.0,1.0,"-461776,414","-1101948,54","-461782,86","-1102014,07","-461783,431","-1102013,339",Pet¯vald,Ostravsk·,,silnice1.t¯Ìdy,59,716687.0,,Souhlasn˝sesmÏrem˙seku,Pomal˝,599085.0,202886.0,GN_V0.1UIR-ADR_410,1
70306190022,6,,2019-01-05,6,1810,2,0,0,2,1,2,204,0,0,0,3000,2,6,1,1,4,1,1,1,0,0,0,3,4,0,,3,47.0,11,1.0,0.0,1.0,0.0,1.0,5.0,1000,2.0,1.0,1.0,"-461304,767","-1108246,905","-461304,767","-1108246,905","-461304,749","-1108246,905",HavÌ¯ov,NaN·b¯eûÌ,,mÌstnÌkomunikace,,3018744.0,,OpaËn˝kesmÏru˙seku,Pomal˝,555088.0,195227.0,GN_V0.1UIR-ADR_410,1
70306190023,6,,2019-01-06,0,1545,1,1,0,2,1,2,204,0,0,0,600,2,5,1,1,1,1,1,1,0,0,0,1,2,0,,3,39.0,01,1.0,0.0,1.0,0.0,1.0,5.0,100,2.0,1.0,1.0,"-447576,318","-1115205,776","-447576,318","-1115205,776","-447574,547","-1115208,844",»esk˝TÏöÌn,PodZvonek,,mÌstnÌkomunikace,,510343.0,,Souhlasn˝sesmÏrem˙seku,Pomal˝,598933.0,192759.0,GN_V0.1UIR-ADR_410,1
70306190024,6,,2019-01-06,0,1600,3,0,9,2,1,2,511,0,0,0,200,2,8,1,6,1,1,1,8,0,0,0,1,1,0,,3,39.0,06,1.0,0.0,1.0,0.0,1.0,5.0,100,2.0,1.0,1.0,"-456799,283","-1096498,114","-456791,763","-1096501,337","-456791,699","-1096501,803",DÏtmarovice,,,mÌstnÌkomunikace,,1074612.0,,Souhlasn˝sesmÏrem˙seku,Pomal˝,598941.0,,GN_V0.1UIR-ADR_410,1
70306190025,6,,2019-01-06,0,1745,2,0,0,1,1,2,204,0,0,1,1100,2,6,1,1,4,1,1,1,0,0,0,1,2,0,,3,35.0,08,1.0,1.0,0.0,0.0,1.0,5.0,200,2.0,1.0,1.0,"-457684,488","-1113156,967","-457684,488","-1113156,967","-457683,535","-1113157,866",TÏrlicko,»aploveck·,,mÌstnÌkomunikace,,2735905.0,,OpaËn˝kesmÏru˙seku,Pomal˝,599158.0,1048066.0,GN_V0.1UIR-ADR_410,1
70306190026,6,,2019-01-01,2,2560,0,0,0,2,1,0,506,0,0,0,270,2,1,1,1,1,1,1,1,0,0,0,1,1,0,,7,35.0,10,3.0,0.0,1.0,0.0,1.0,5.0,0,3.0,1.0,1.0,,,"-448451,598","-1114546,639","-448452,927","-1114547,683",»esk˝TÏöÌn,FR›DECK¡,,mÌstnÌkomunikace,,3025959.0,,,Pomal˝,598933.0,,GN_V0.1UIR-ADR_410,1
70306190027,6,,2019-01-07,1,1330,1,1,0,2,1,2,504,0,0,0,200,2,5,1,1,1,1,1,1,0,0,0,1,2,0,,5,62.0,08,3.0,0.0,0.0,0.0,1.0,5.0,0,3.0,1.0,1.0,"-464762,665","-1100965,496","-464763,202","-1100990,741","-464762,75","-1100990,789",Rychvald,Kosm·,,mÌstnÌkomunikace,,461024.0,,Souhlasn˝sesmÏrem˙seku,Pomal˝,599107.0,203645.0,GN_V0.1UIR-ADR_410,1
70306190028,3,4688.0,2019-01-08,2,800,1,1,0,2,1,2,401,0,0,0,1300,2,8,1,5,1,1,4,1,2,0,0,4,2,19,6.0,3,39.0,16,1.0,0.0,1.0,0.0,1.0,24.0,800,2.0,1.0,1.0,"-452009,505","-1099940,07","-452013,817","-1099901,801","-452013,682","-1099902,561",Karvin·,HavÌ¯sk·,,silnice3.t¯Ìdy,4688,766581.0,,Souhlasn˝sesmÏrem˙seku,Pomal˝,598917.0,199168.0,GN_V0.1UIR-ADR_410,1
70306190029,6,,2019-01-08,2,737,1,2,0,2,1,2,516,0,0,0,110,2,6,1,5,2,1,0,1,0,0,0,1,2,0,,8,40.0,18,3.0,1.0,1.0,0.0,1.0,5.0,10,4.0,1.0,1.0,"-447866,006","-1115289,101","-447901,581","-1115357,554","-447901,547","-1115357,597",»esk˝TÏöÌn,PodZvonek,,mÌstnÌkomunikace,,3026198.0,,Souhlasn˝sesmÏrem˙seku,Pomal˝,598933.0,192759.0,GN_V0.1UIR-ADR_410,1
70306190030,1,11.0,2019-01-08,2,1030,1,1,0,2,1,2,204,0,0,0,1100,2,6,1,5,1,1,1,1,0,0,0,3,2,0,,3,32.0,02,1.0,0.0,1.0,0.0,1.0,1.0,100,2.0,1.0,1.0,"-456557,149","-1113266,431","-456557,149","-1113266,431","-456558,069","-1113267,476",TÏrlicko,TÏöÌnsk·,,silnice1.t¯Ìdy,11,1619523.0,,OpaËn˝kesmÏru˙seku,Pomal˝,599158.0,1058975.0,GN_V0.1UIR-ADR_410,1
70306190031,6,,2019-01-08,2,1130,3,0,3,2,1,2,504,0,0,0,10,2,6,1,5,3,1,0,8,0,0,0,1,1,0,,3,35.0,02,3.0,0.0,1.0,0.0,1.0,5.0,0,2.0,1.0,1.0,,,"-459167,998","-1108954,484","-459168,184","-1108954,321",HavÌ¯ov,Druûstevnick·,,mÌstnÌkomunikace,,717254.0,,Souhlasn˝sesmÏrem˙seku,Pomal˝,555088.0,194433.0,GN_V0.1UIR-ADR_410,1