IDENTIFIKA»NÕ »ÕSLO,DRUH POZEMNÕ KOMUNIKACE,»ÕSLO POZEMNÕ KOMUNIKACE,"den, mÏsÌc, rok",,Ëas ,DRUH NEHODY,DRUH SR¡éKY JEDOUCÕCH VOZIDEL,DRUH PEVN… PÿEK¡éKY,CHARAKTER NEHODY,ZAVINÃNÕ NEHODY,ALKOHOL U VINÕKA NEHODY PÿÕTOMEN,HLAVNÕ PÿÕ»INY NEHODY,usmrceno osob,tÏûce zranÏno osob,lehce zranÏno osob,CELKOV¡ HMOTN¡ äKODA,DRUH POVRCHU VOZOVKY,STAV POVRCHU VOZOVKY V DOBÃ NEHODY,STAV KOMUNIKACE,POVÃTRNOSTNÕ PODMÕNKY V DOBÃ NEHODY,VIDITELNOST,ROZHLEDOV… POMÃRY,DÃLENÕ KOMUNIKACE,SITUOV¡NÕ NEHODY NA KOMUNIKACI,ÿÕZENÕ PROVOZU V DOBÃ NEHODY,MÕSTNÕ ⁄PRAVA PÿEDNOSTI V JÕZDÃ,SPECIFICK¡ MÕSTA A OBJEKTY V MÕSTÃ NEHODY,SMÃROV… POMÃRY,PO»ET Z⁄»ASTNÃN›CH VOZIDEL,MÕSTO DOPRAVNÕ NEHODY,DRUH KÿIéUJÕCÕ KOMUNIKACE,DRUH VOZIDLA,V›ROBNÕ ZNA»KA MOTOROV…HO VOZIDLA,ROK V›ROBY VOZIDLA,CHARAKTERISTIKA VOZIDLA ,SMYK,VOZIDLO PO NEHODÃ,"⁄NIK PROVOZNÕCH, PÿEPRAVOVAN›CH HMOT",ZPŸSOB VYPROäTÃNÕ OSOB Z VOZIDLA,SMÃR JÕZDY NEBO POSTAVENÕ VOZIDLA,äKODA NA VOZIDLE,KATEGORIE ÿIDI»E,STAV ÿIDI»E,VNÃJäÕ OVLIVNÃNÕ ÿIDI»E,nan.1,nan.2,nan.3,nan.4,nan.5,nan.6,nan.7,nan.8,nan.9,nan.10,nan.11,nan.12,nan.13,nan.14,nan.15,nan.16,nan.17,nan.18,LOKALITA NEHODY
70306190032,3,4747.0,2019-01-08,2,1245,1,3,0,2,1,0,403,0,0,0,450,2,8,1,5,1,1,1,1,3,3,0,5,2,19,6.0,3,38.0,08,1.0,0.0,1.0,0.0,1.0,12.0,0,9.0,,,"-459319,651","-1097942,994","-459329,354","-1097961,859","-459329,209","-1097962,31",Orlov·,Masarykovat¯Ìda,,silnice3.t¯Ìdy,4747,3122122.0,,Souhlasn˝sesmÏrem˙seku,Pomal˝,599069.0,202428.0,GN_V0.1UIR-ADR_410,1
70306190033,6,,2019-01-05,6,2560,3,0,9,2,1,0,516,0,0,0,50,2,6,1,1,2,1,0,8,3,5,0,5,1,10,6.0,17,,XX,,,,,,,0,,,,"-448585,248","-1101196,816","-448585,248","-1101196,816","-448591,899","-1101196,944",Karvin·,PodlesÌ,,mÌstnÌkomunikace,,3022777.0,,OpaËn˝kesmÏru˙seku,Pomal˝,598917.0,199923.0,GN_V0.1UIR-ADR_410,1
70306190034,2,475.0,2019-01-08,2,1720,3,0,4,2,1,2,204,0,0,0,1100,2,6,1,5,5,1,4,1,3,3,5,5,1,19,3.0,3,13.0,10,1.0,1.0,0.0,0.0,1.0,13.0,1000,3.0,1.0,1.0,"-459417,048","-1106132,484","-459408,963","-1106128,172","-459409,055","-1106129,782",HavÌ¯ov,VodnÌ,,silnice2.t¯Ìdy,475,479578.0,,Souhlasn˝sesmÏrem˙seku,Pomal˝,555088.0,197785.0,GN_V0.1UIR-ADR_410,1
70306190035,1,67.0,2019-01-08,2,2221,1,3,0,2,1,2,401,0,0,0,400,2,8,1,5,4,1,3,1,2,0,0,4,2,19,2.0,3,8.0,18,1.0,0.0,0.0,0.0,1.0,13.0,300,2.0,1.0,1.0,"-451552,903","-1100817,584","-451549,669","-1100803,031","-451549,265","-1100802,5",Karvin·,t¯.17.listopadu,,silnice1.t¯Ìdy,67,757321.0,,Souhlasn˝sesmÏrem˙seku,Pomal˝,598917.0,200379.0,GN_V0.1UIR-ADR_410,1
70306190036,6,,2019-01-09,3,745,0,0,0,2,1,2,516,0,0,0,1,2,3,1,1,1,1,1,1,0,0,0,1,1,0,,8,99.0,11,5.0,0.0,1.0,0.0,1.0,5.0,0,4.0,1.0,1.0,"-459697,25","-1108073,619","-459697,25","-1108073,619","-459699,171","-1108075,553",HavÌ¯ov,Moskevsk·,,mÌstnÌkomunikace,,3016935.0,,OpaËn˝kesmÏru˙seku,Pomal˝,555088.0,195502.0,GN_V0.1UIR-ADR_410,1
70306190037,1,67.0,2019-01-09,3,1050,1,1,0,1,1,2,501,0,0,1,180,2,3,1,1,1,1,1,1,0,0,0,1,2,0,,3,39.0,98,1.0,0.0,1.0,0.0,1.0,3.0,50,3.0,1.0,1.0,"-451324,66","-1100974,414","-451338,674","-1100971,18","-451339,572","-1100971,978",Karvin·,t¯.17.listopadu,,silnice1.t¯Ìdy,67,1464473.0,,Souhlasn˝sesmÏrem˙seku,Pomal˝,598917.0,200379.0,GN_V0.1UIR-ADR_410,1
70306190038,6,,2019-01-09,3,1810,4,0,0,1,1,2,508,0,1,0,100,2,3,1,4,4,1,1,1,0,0,0,1,1,0,,3,39.0,97,1.0,0.0,1.0,0.0,1.0,5.0,100,3.0,1.0,1.0,"-451902,786","-1100375,182","-451913,566","-1100399,976","-451911,601","-1100399,513",Karvin·,t¯.OsvobozenÌ,,mÌstnÌkomunikace,,3022173.0,,OpaËn˝kesmÏru˙seku,Pomal˝,598917.0,200387.0,GN_V0.1UIR-ADR_410,1
70306190039,6,,2019-01-10,4,740,9,0,0,2,1,2,510,0,0,0,10,2,6,1,5,3,1,1,8,0,0,0,1,1,0,,8,78.0,15,5.0,0.0,1.0,0.0,1.0,5.0,10,4.0,1.0,1.0,"-453463,798","-1107727,122","-453463,798","-1107727,122","-453463,94","-1107729,198",Albrechtice,N·draûnÌ,,mÌstnÌkomunikace,,2514185.0,,OpaËn˝kesmÏru˙seku,Pomal˝,598925.0,189791.0,GN_V0.1UIR-ADR_410,1
70306190040,3,4749.0,2019-01-10,4,800,5,0,0,2,4,0,100,0,0,0,250,2,8,1,1,1,1,1,1,0,0,0,1,1,0,,3,39.0,12,1.0,0.0,0.0,0.0,1.0,1.0,200,2.0,1.0,5.0,"-454859,81","-1102703,553","-454859,81","-1102703,553","-454858,788","-1102702,435",,,,silnice3.t¯Ìdy,4749,3294836.0,,Souhlasn˝sesmÏrem˙seku,Pomal˝,598917.0,200239.0,GN_V0.1UIR-ADR_410,2
70306190041,6,,2019-01-09,3,2560,3,0,9,2,1,0,511,0,0,0,150,2,6,1,5,3,1,1,1,0,0,0,1,1,0,,17,,XX,,,,,,,0,,,,"-449032,464","-1102359,236","-449032,464","-1102359,236","-449027,17","-1102359,165",Karvin·,UFarmy,,mÌstnÌkomunikace,,3022951.0,,,Pomal˝,598917.0,,GN_V0.1UIR-ADR_410,1
70306190042,6,,2019-01-10,4,2560,2,0,0,2,1,0,516,0,0,0,100,2,8,1,1,1,1,1,1,0,0,0,1,2,0,,17,,XX,,,,,,,0,,,,"-460689,659","-1108814,065","-460665,403","-1108807,597","-460664,864","-1108808,026",HavÌ¯ov,Beethovenova,,mÌstnÌkomunikace,,3575911.0,,Souhlasn˝sesmÏrem˙seku,Pomal˝,555088.0,194221.0,GN_V0.1UIR-ADR_410,1
70306190043,3,4731.0,2019-01-10,4,2560,3,0,9,2,1,0,511,0,0,0,50,2,5,1,1,1,1,1,8,0,0,0,1,1,0,,17,,XX,,,,,,,0,,,,"-460923,039","-1112196,426","-460923,039","-1112196,426","-460923,078","-1112191,15",HornÌBludovice,,,silnice3.t¯Ìdy,4731,1284809.0,,OpaËn˝kesmÏru˙seku,Pomal˝,598178.0,,GN_V0.1UIR-ADR_410,1
70306190044,2,472.0,2019-01-10,4,1815,2,0,0,2,1,2,204,0,0,0,1600,2,6,1,5,5,1,1,1,0,0,0,1,2,0,,3,4.0,99,1.0,1.0,1.0,0.0,1.0,1.0,400,3.0,1.0,1.0,"-450102,733","-1101238,723","-450100,047","-1101218,309","-450100,053","-1101219,305",Karvin·,BorovskÈho,,silnice2.t¯Ìdy,472,3022539.0,,Souhlasn˝sesmÏrem˙seku,Pomal˝,598917.0,198897.0,GN_V0.1UIR-ADR_410,1
70306190045,3,47210.0,2019-01-11,5,515,3,0,9,2,1,2,204,0,0,0,105,2,5,1,1,6,1,4,8,0,0,0,3,1,0,,3,31.0,01,1.0,1.0,1.0,0.0,1.0,1.0,100,2.0,1.0,1.0,"-459764,419","-1104076,64","-459764,419","-1104076,64","-459770,352","-1104074,645",,,,silnice3.t¯Ìdy,47210,3294804.0,,OpaËn˝kesmÏru˙seku,Pomal˝,599069.0,201502.0,GN_V0.1UIR-ADR_410,2
70306190046,6,,2019-01-07,1,1730,6,0,0,2,4,0,100,0,0,0,50,2,3,1,1,4,1,1,1,0,0,0,1,2,0,,17,,XX,,,,,,,0,,,,,,"-460377,413","-1108255,845","-460374,305","-1108252,649",HavÌ¯ov,UStromovky,,mÌstnÌkomunikace,,2734709.0,,OpaËn˝kesmÏru˙seku,Pomal˝,555088.0,196819.0,GN_V0.1UIR-ADR_410,1
70306190047,6,,2019-01-12,6,2030,3,0,3,2,1,2,204,0,0,0,230,2,3,1,1,6,1,1,8,0,0,0,1,1,0,,3,4.0,11,1.0,0.0,1.0,0.0,1.0,5.0,200,2.0,1.0,1.0,,,"-462113,03","-1101866,01","-462109,141","-1101865,579",Pet¯vald,2.kvÏtna,,mÌstnÌkomunikace,,464814.0,,Souhlasn˝sesmÏrem˙seku,Pomal˝,599085.0,202525.0,GN_V0.1UIR-ADR_410,1
70306190048,3,4749.0,2019-01-13,0,745,3,0,9,2,1,2,204,0,0,0,300,2,6,2,3,3,1,1,1,3,3,0,4,1,19,6.0,3,48.0,11,1.0,1.0,0.0,0.0,1.0,21.0,200,2.0,1.0,1.0,"-453471,328","-1108063,425","-453472,403","-1108079,002","-453472,305","-1108079,04",Albrechtice,HlavnÌ,,silnice3.t¯Ìdy,4749,489083.0,,Souhlasn˝sesmÏrem˙seku,Pomal˝,598925.0,189995.0,GN_V0.1UIR-ADR_410,1
70306190049,1,11.0,2019-01-13,0,2005,4,0,0,2,1,2,412,0,0,0,1,2,3,1,3,4,1,4,1,2,0,1,4,1,19,6.0,3,44.0,00,1.0,0.0,1.0,0.0,1.0,14.0,0,2.0,1.0,3.0,"-459657,945","-1109465,346","-459655,259","-1109478,775","-459655,133","-1109478,648",HavÌ¯ov,TÏöÌnsk·,,silnice1.t¯Ìdy,11,766901.0,,Souhlasn˝sesmÏrem˙seku,Pomal˝,555088.0,196550.0,GN_V0.1UIR-ADR_410,1
70306190050,2,468.0,2019-01-14,1,600,1,2,0,2,1,2,403,0,0,0,1205,2,3,1,3,4,1,1,1,3,3,2,5,2,19,3.0,3,39.0,17,7.0,0.0,1.0,0.0,1.0,21.0,1200,4.0,1.0,1.0,"-447266,546","-1114749,912","-447273,529","-1114771,397","-447273,834","-1114771,339",»esk˝TÏöÌn,Jablunkovsk·,,silnice2.t¯Ìdy,468,508968.0,,OpaËn˝kesmÏru˙seku,Pomal˝,598933.0,191906.0,GN_V0.1UIR-ADR_410,1
70306190051,3,46818.0,2019-01-14,1,910,3,0,1,2,1,2,508,0,0,0,670,2,3,1,1,1,1,1,1,0,0,0,3,1,0,,3,35.0,16,3.0,0.0,1.0,0.0,1.0,1.0,600,4.0,1.0,1.0,"-465162,858","-1094046,819","-465173,063","-1094059,71","-465174,154","-1094059,845",BohumÌn,Osvoboditel˘,,silnice3.t¯Ìdy,46818,435999.0,,OpaËn˝kesmÏru˙seku,Pomal˝,599051.0,190853.0,GN_V0.1UIR-ADR_410,1
70306190052,6,,2019-01-04,5,2560,2,0,0,2,1,0,516,0,0,0,400,2,6,1,1,1,1,0,0,0,0,0,1,2,0,,17,,XX,,,,,,,0,,,,,,"-452241,588","-1099790,848","-452241,56","-1099790,993",Karvin·,MÌrov·,,mÌstnÌkomunikace,,757218.0,,OpaËn˝kesmÏru˙seku,Pomal˝,598917.0,199621.0,GN_V0.1UIR-ADR_410,1
70306190053,2,471.0,2019-01-14,1,1310,1,1,0,2,1,2,204,0,0,0,620,2,6,1,5,3,1,1,1,3,3,0,4,2,19,6.0,3,13.0,02,1.0,1.0,1.0,0.0,1.0,13.0,300,2.0,1.0,1.0,"-462928,332","-1096943,774","-462934,24","-1096928,197","-462933,19","-1096927,847",Rychvald,BohumÌnsk·,,silnice2.t¯Ìdy,471,3251775.0,,Souhlasn˝sesmÏrem˙seku,Pomal˝,599107.0,203505.0,GN_V0.1UIR-ADR_410,1
70306190054,6,,2019-01-14,1,1515,1,3,0,2,1,2,204,0,0,0,1320,2,6,1,1,1,1,0,1,3,5,0,5,3,10,6.0,3,39.0,05,2.0,1.0,1.0,0.0,1.0,5.0,300,2.0,1.0,1.0,"-459366,946","-1097761,007","-459381,985","-1097784,103","-459381,67","-1097785,246",Orlov·,OkruûnÌ,,mÌstnÌkomunikace,,3020683.0,,OpaËn˝kesmÏru˙seku,Pomal˝,599069.0,202134.0,GN_V0.1UIR-ADR_410,1
70306190055,6,,2019-01-15,2,620,3,0,9,2,1,2,508,0,0,0,650,2,3,1,1,4,1,1,1,0,0,0,1,1,0,,3,38.0,05,1.0,0.0,0.0,0.0,1.0,5.0,600,2.0,1.0,1.0,"-459249,061","-1096976,296","-459240,467","-1097023,563","-459240,288","-1097022,611",ORLOV¡,NaOlmovci,,mÌstnÌkomunikace,,445270.0,,Souhlasn˝sesmÏrem˙seku,Pomal˝,598968.0,194000.0,GN_V0.1UIR-ADR_410,1
70306190056,6,,2019-01-15,2,944,0,0,0,1,0,0,100,0,0,1,0,2,3,1,1,1,1,1,1,0,0,0,1,1,0,,8,78.0,13,3.0,0.0,0.0,0.0,1.0,5.0,0,4.0,1.0,1.0,"-450875,17","-1100240,098","-450890,748","-1100246,544","-450890,782","-1100246,481",Karvin·,éiûkova,,mÌstnÌkomunikace,,3601384.0,,Souhlasn˝sesmÏrem˙seku,Pomal˝,598917.0,200760.0,GN_V0.1UIR-ADR_410,1
70306190057,6,,2019-01-15,2,1155,4,0,0,1,1,2,204,0,1,0,0,2,6,1,5,3,1,1,1,0,0,1,1,1,0,,3,39.0,00,3.0,1.0,0.0,0.0,1.0,5.0,0,2.0,1.0,1.0,,,"-450906,883","-1100256,706","-450907,48","-1100255,615",Karvin·,éiûkova,,mÌstnÌkomunikace,,3601384.0,,Souhlasn˝sesmÏrem˙seku,Pomal˝,598917.0,200760.0,GN_V0.1UIR-ADR_410,1
70306190058,1,11.0,2019-01-15,2,1147,1,4,0,1,1,2,503,0,0,1,900,2,6,1,5,3,1,5,1,0,0,2,1,3,0,,8,99.0,11,5.0,0.0,1.0,0.0,1.0,3.0,300,4.0,1.0,1.0,"-460447,476","-1108618,623","-460447,476","-1108618,623","-460445,612","-1108615,197",HavÌ¯ov,Dlouh·t¯Ìda,,silnice1.t¯Ìdy,11,757846.0,,Souhlasn˝sesmÏrem˙seku,Pomal˝,555088.0,194174.0,GN_V0.1UIR-ADR_410,1
70306190059,2,475.0,2019-01-15,2,1134,3,0,3,2,1,2,204,0,0,0,130,2,6,1,5,3,1,4,8,0,0,0,1,1,0,,3,7.0,04,1.0,1.0,1.0,0.0,1.0,3.0,100,2.0,1.0,1.0,"-460659,541","-1107145,191","-460659,541","-1107145,191","-460663,732","-1107140,245",HavÌ¯ov,Orlovsk·,,silnice2.t¯Ìdy,475,3265908.0,,Souhlasn˝sesmÏrem˙seku,Pomal˝,555088.0,195855.0,GN_V0.1UIR-ADR_410,1
70306190060,2,472.0,2019-01-15,2,1340,1,3,0,2,1,2,409,0,0,0,1000,2,6,1,5,3,1,1,1,3,3,0,4,2,19,6.0,3,39.0,18,3.0,1.0,0.0,0.0,1.0,41.0,500,4.0,1.0,1.0,,,"-451132,913","-1101161,374","-451132,929","-1101161,989",Karvin·,BorovskÈho,,silnice2.t¯Ìdy,472,3382193.0,,Souhlasn˝sesmÏrem˙seku,Pomal˝,598917.0,198897.0,GN_V0.1UIR-ADR_410,1
70306190061,3,4726.0,2019-01-15,2,1445,1,1,0,1,1,2,204,0,0,1,1600,2,8,1,5,1,1,1,1,0,0,0,3,2,0,,3,39.0,08,1.0,0.0,0.0,0.0,1.0,1.0,600,2.0,1.0,1.0,"-462518,822","-1104446,74","-462518,822","-1104446,74","-462518,383","-1104446,114",Pet¯vald,äumbarsk·,,silnice3.t¯Ìdy,4726,473659.0,,OpaËn˝kesmÏru˙seku,Pomal˝,599085.0,203017.0,GN_V0.1UIR-ADR_410,1
70306190062,2,475.0,2019-01-15,2,1430,3,0,3,2,1,2,204,0,0,0,40,2,6,1,5,3,1,1,8,3,3,1,7,1,19,2.0,3,31.0,06,1.0,0.0,1.0,0.0,1.0,23.0,10,2.0,1.0,1.0,"-458749,485","-1106485,512","-458749,485","-1106485,512","-458747,725","-1106482,512",HavÌ¯ov,DÏlnick·,,silnice2.t¯Ìdy,475,3272590.0,,Souhlasn˝sesmÏrem˙seku,Pomal˝,555088.0,194387.0,GN_V0.1UIR-ADR_410,1
70306190063,2,475.0,2019-01-15,2,1330,3,0,9,2,1,2,204,0,0,0,600,2,8,1,5,1,1,3,1,3,3,0,5,1,19,6.0,6,62.0,15,3.0,0.0,0.0,0.0,1.0,12.0,500,3.0,1.0,1.0,"-459247,902","-1106192,616","-459405,825","-1106138,901","-459405,831","-1106137,872",HavÌ¯ov,VodnÌ,,silnice2.t¯Ìdy,475,766780.0,,Souhlasn˝sesmÏrem˙seku,Pomal˝,555088.0,197785.0,GN_V0.1UIR-ADR_410,1
70306190064,3,4688.0,2019-01-15,2,1450,1,4,0,2,1,2,204,0,0,0,350,2,6,1,5,3,1,0,1,0,0,0,1,2,0,,3,4.0,04,1.0,1.0,1.0,0.0,1.0,1.0,50,2.0,1.0,1.0,"-451207,882","-1099912,538","-451225,13","-1099741,673","-451225,136","-1099741,869",Karvin·,HavÌ¯sk·,,silnice3.t¯Ìdy,4688,3577275.0,,OpaËn˝kesmÏru˙seku,Pomal˝,598917.0,199168.0,GN_V0.1UIR-ADR_410,1
70306190065,3,47214.0,2019-01-15,2,2250,7,3,0,2,1,2,414,0,0,0,600,2,3,1,1,6,1,0,1,2,0,4,4,2,13,6.0,3,39.0,03,1.0,0.0,1.0,1.0,1.0,14.0,500,2.0,1.0,1.0,"-456085,992","-1101440,623","-456085,992","-1101440,623","-456085,7","-1101439,804",,,,silnice3.t¯Ìdy,47214,1710735.0,,Souhlasn˝sesmÏrem˙seku,Pomal˝,598917.0,,GN_V0.1UIR-ADR_410,2
70306190066,6,,2019-01-17,4,1235,2,0,0,2,1,9,504,0,0,0,300,2,1,1,1,1,1,1,1,0,0,0,1,2,0,,3,13.0,05,1.0,0.0,0.0,0.0,1.0,5.0,100,2.0,5.0,1.0,"-450754,614","-1100221,658","-450757,299","-1100204,47","-450756,382","-1100206,119",Karvin·,éiûkova,,mÌstnÌkomunikace,,1387644.0,,Souhlasn˝sesmÏrem˙seku,Pomal˝,598917.0,200760.0,GN_V0.1UIR-ADR_410,1
70306190067,2,474.0,2019-01-17,4,2030,3,0,6,2,1,2,205,0,0,0,2000,2,3,1,1,4,1,1,1,0,0,0,3,1,0,,3,39.0,00,2.0,0.0,0.0,0.0,1.0,1.0,1200,2.0,1.0,1.0,"-455759,92","-1114348,267","-455773,349","-1114363,845","-455773,505","-1114364,42",TÏrlicko,T¯ineck·,,silnice2.t¯Ìdy,474,1705308.0,,Souhlasn˝sesmÏrem˙seku,Pomal˝,599158.0,1061097.0,GN_V0.1UIR-ADR_410,1
70306190068,6,,2019-01-18,5,2560,2,0,0,2,1,0,516,0,0,0,200,2,1,1,1,4,1,1,1,0,0,10,1,2,0,,17,,XX,,,,,,,0,,,,"-460152,822","-1098478,655","-460139,931","-1098479,192","-460139,825","-1098479,439",Orlov·,,,mÌstnÌkomunikace,,3016842.0,,OpaËn˝kesmÏru˙seku,Pomal˝,599069.0,,GN_V0.1UIR-ADR_410,1
70306190069,6,,2019-01-14,1,2560,2,0,0,2,1,0,516,0,0,0,100,2,1,1,1,1,1,0,0,0,0,0,1,2,0,,17,,XX,,,,,,,0,,,,,,"-460377,503","-1108590,565","-460376,715","-1108589,309",HavÌ¯ov,Dlouh·t¯Ìda,,mÌstnÌkomunikace,,3024835.0,,OpaËn˝kesmÏru˙seku,Pomal˝,555088.0,,GN_V0.1UIR-ADR_410,1
70306190070,6,,2019-01-18,5,1400,2,0,0,2,1,2,511,0,0,0,1000,2,3,1,1,1,1,1,1,0,0,10,1,3,0,,3,32.0,10,3.0,0.0,0.0,0.0,1.0,5.0,500,2.0,1.0,1.0,,,"-459515,606","-1109705,832","-459516,474","-1109706,811",HavÌ¯ov,,,mÌstnÌkomunikace,,2735077.0,,OpaËn˝kesmÏru˙seku,Pomal˝,555088.0,,GN_V0.1UIR-ADR_410,1
70306190071,3,4711.0,2019-01-18,5,2155,4,0,0,1,3,9,100,0,0,1,10,2,1,1,1,4,1,1,1,3,3,2,1,1,0,,3,39.0,16,1.0,0.0,1.0,0.0,1.0,1.0,10,3.0,1.0,1.0,"-464517,214","-1095577,602","-464538,7","-1095560,95","-464538,533","-1095560,887",BohumÌn,BezruËova,,silnice3.t¯Ìdy,4711,3020152.0,,Souhlasn˝sesmÏrem˙seku,Pomal˝,599051.0,190209.0,GN_V0.1UIR-ADR_410,1
70306190072,3,4687.0,2019-01-19,6,1700,5,0,0,2,4,0,100,0,0,0,420,2,1,1,1,4,1,1,1,0,0,0,1,1,0,,3,17.0,00,3.0,0.0,1.0,0.0,1.0,1.0,400,3.0,1.0,5.0,"-451885,751","-1103078,789","-451885,751","-1103078,789","-451888,729","-1103074,085",Karvin·,,,silnice3.t¯Ìdy,4687,757560.0,,OpaËn˝kesmÏru˙seku,Pomal˝,598917.0,,GN_V0.1UIR-ADR_410,1
70306190073,6,,2019-01-19,6,2250,5,0,0,2,4,0,100,0,0,0,50,2,1,1,1,4,1,1,1,0,0,0,1,1,0,,3,39.0,07,1.0,0.0,0.0,0.0,1.0,5.0,50,2.0,1.0,5.0,"-450197,594","-1099152,96","-450197,594","-1099152,96","-450198,641","-1099153,876",Karvin·,Mickiewiczova,,mÌstnÌkomunikace,,1088276.0,,OpaËn˝kesmÏru˙seku,Pomal˝,598917.0,199605.0,GN_V0.1UIR-ADR_410,1
70306190074,1,59.0,2019-01-20,0,1215,3,0,4,1,0,0,100,0,0,1,100,2,1,1,1,1,1,4,1,3,3,5,1,1,0,,3,39.0,97,1.0,0.0,1.0,0.0,1.0,3.0,50,3.0,0.0,1.0,"-453147,798","-1101382,946","-453126,019","-1101371,711","-453126,02","-1101371,703",Karvin·,Ostravsk·,,silnice1.t¯Ìdy,59,1710502.0,,Souhlasn˝sesmÏrem˙seku,Pomal˝,598917.0,199869.0,GN_V0.1UIR-ADR_410,1
70306190075,6,,2019-01-20,0,1034,2,0,0,2,1,0,511,0,0,0,320,2,1,1,1,1,1,1,1,3,4,10,1,2,0,,5,35.0,13,3.0,0.0,0.0,0.0,1.0,5.0,20,2.0,1.0,1.0,"-462660,046","-1106470,954","-462660,046","-1106470,954","-462661,53","-1106470,299",HavÌ¯ov,,,mÌstnÌkomunikace,,1404049.0,,Souhlasn˝sesmÏrem˙seku,Pomal˝,555088.0,,GN_V0.1UIR-ADR_410,1
70306190076,6,,2019-01-19,6,2560,2,0,0,2,1,0,516,0,0,0,150,2,1,1,1,1,1,0,1,0,0,0,1,2,0,,17,,XX,,,,,,,0,,,,"-447307,636","-1114774,021","-447297,431","-1114786,375","-447297,374","-1114786,096",»esk˝TÏöÌn,OkruûnÌ,,mÌstnÌkomunikace,,2735394.0,,OpaËn˝kesmÏru˙seku,Pomal˝,598933.0,,GN_V0.1UIR-ADR_410,1
70306190077,6,,2019-01-21,1,745,3,0,3,2,1,0,516,0,0,0,20,2,2,1,1,1,1,1,1,3,5,0,5,1,10,6.0,17,,XX,,,,,,,0,,,,"-462315,856","-1099715,062","-462315,856","-1099715,062","-462310,871","-1099711,52",Rychvald,Porubsk·,,mÌstnÌkomunikace,,1703810.0,,Souhlasn˝sesmÏrem˙seku,Pomal˝,599107.0,203874.0,GN_V0.1UIR-ADR_410,1
70306190078,2,474.0,2019-01-21,1,1940,3,0,6,2,1,2,516,0,0,0,500,2,1,1,1,6,1,4,8,3,3,0,5,1,19,6.0,3,47.0,08,1.0,0.0,1.0,0.0,1.0,12.0,500,2.0,1.0,1.0,"-456882,21","-1105161,484","-456877,912","-1105135,701","-456878,079","-1105135,687",,,,silnice2.t¯Ìdy,474,1334434.0,,Souhlasn˝sesmÏrem˙seku,Pomal˝,552739.0,,GN_V0.1UIR-ADR_410,2
70306190079,6,,2019-01-21,1,2560,2,0,0,2,1,0,516,0,0,0,100,2,1,1,1,1,1,0,1,0,0,0,1,2,0,,17,,XX,,,,,,,0,,,,"-447083,207","-1113268,855","-447083,207","-1113268,855","-447083,78","-1113269,971",»esk˝TÏöÌn,Sokola-T˘my,,mÌstnÌkomunikace,,504460.0,,Souhlasn˝sesmÏrem˙seku,Pomal˝,598933.0,192996.0,GN_V0.1UIR-ADR_410,1
70306190080,3,47210.0,2019-01-23,3,600,5,0,0,2,4,0,100,0,0,0,255,2,1,1,1,6,1,1,1,3,3,0,1,1,0,,3,17.0,11,1.0,0.0,0.0,0.0,1.0,1.0,235,2.0,1.0,5.0,"-459638,852","-1102929,172","-459638,852","-1102929,172","-459632,619","-1102932,205",Orlov·,Lazeck·,,silnice3.t¯Ìdy,47210,3018070.0,,Souhlasn˝sesmÏrem˙seku,Pomal˝,599069.0,201502.0,GN_V0.1UIR-ADR_410,1
70306190081,3,47212.0,2019-01-23,3,1700,5,0,0,2,4,0,100,0,0,0,520,2,1,1,1,2,1,1,1,0,0,0,1,1,0,,3,44.0,16,7.0,0.0,0.0,0.0,1.0,1.0,500,2.0,1.0,5.0,"-455252,042","-1104116,776","-455252,042","-1104116,776","-455255,872","-1104112,417",,,,silnice3.t¯Ìdy,47212,1282366.0,,OpaËn˝kesmÏru˙seku,Pomal˝,598917.0,,GN_V0.1UIR-ADR_410,2
70306190082,6,,2019-01-23,3,2145,2,0,0,2,1,2,516,0,0,0,100,2,1,1,1,4,1,1,1,0,0,0,1,2,0,,3,2.0,97,9.0,0.0,0.0,0.0,1.0,5.0,50,2.0,1.0,1.0,"-447032,927","-1113925,069","-447032,927","-1113925,069","-447029,752","-1113925,601",»esk˝TÏöÌn,N·draûnÌ,,mÌstnÌkomunikace,,3380042.0,,Souhlasn˝sesmÏrem˙seku,Pomal˝,598933.0,192520.0,GN_V0.1UIR-ADR_410,1
70306190083,6,,2019-01-23,3,2560,2,0,0,2,1,0,516,0,0,0,100,2,1,1,1,1,1,1,1,0,0,0,1,2,0,,17,,XX,,,,,,,0,,,,"-459992,675","-1109645,487","-459974,413","-1109654,618","-459974,368","-1109655,133",HavÌ¯ov,NaFojtstvÌ,,mÌstnÌkomunikace,,3575972.0,,OpaËn˝kesmÏru˙seku,Pomal˝,555088.0,197246.0,GN_V0.1UIR-ADR_410,1
70306190084,6,,2019-01-24,4,1510,1,4,0,2,1,2,504,0,0,0,600,2,1,1,1,1,1,1,1,0,0,0,1,2,0,,3,39.0,05,1.0,0.0,0.0,0.0,1.0,5.0,100,2.0,1.0,1.0,"-459453,702","-1109621,384","-459433,827","-1109613,864","-459433,972","-1109614,011",HavÌ¯ov,EliökyKr·snohorskÈ,,mÌstnÌkomunikace,,493531.0,,Souhlasn˝sesmÏrem˙seku,Pomal˝,555088.0,194506.0,GN_V0.1UIR-ADR_410,1