IDENTIFIKA»NÕ »ÕSLO,DRUH POZEMNÕ KOMUNIKACE,»ÕSLO POZEMNÕ KOMUNIKACE,"den, mÏsÌc, rok",,Ëas ,DRUH NEHODY,DRUH SR¡éKY JEDOUCÕCH VOZIDEL,DRUH PEVN… PÿEK¡éKY,CHARAKTER NEHODY,ZAVINÃNÕ NEHODY,ALKOHOL U VINÕKA NEHODY PÿÕTOMEN,HLAVNÕ PÿÕ»INY NEHODY,usmrceno osob,tÏûce zranÏno osob,lehce zranÏno osob,CELKOV¡ HMOTN¡ äKODA,DRUH POVRCHU VOZOVKY,STAV POVRCHU VOZOVKY V DOBÃ NEHODY,STAV KOMUNIKACE,POVÃTRNOSTNÕ PODMÕNKY V DOBÃ NEHODY,VIDITELNOST,ROZHLEDOV… POMÃRY,DÃLENÕ KOMUNIKACE,SITUOV¡NÕ NEHODY NA KOMUNIKACI,ÿÕZENÕ PROVOZU V DOBÃ NEHODY,MÕSTNÕ ⁄PRAVA PÿEDNOSTI V JÕZDÃ,SPECIFICK¡ MÕSTA A OBJEKTY V MÕSTÃ NEHODY,SMÃROV… POMÃRY,PO»ET Z⁄»ASTNÃN›CH VOZIDEL,MÕSTO DOPRAVNÕ NEHODY,DRUH KÿIéUJÕCÕ KOMUNIKACE,DRUH VOZIDLA,V›ROBNÕ ZNA»KA MOTOROV…HO VOZIDLA,ROK V›ROBY VOZIDLA,CHARAKTERISTIKA VOZIDLA ,SMYK,VOZIDLO PO NEHODÃ,"⁄NIK PROVOZNÕCH, PÿEPRAVOVAN›CH HMOT",ZPŸSOB VYPROäTÃNÕ OSOB Z VOZIDLA,SMÃR JÕZDY NEBO POSTAVENÕ VOZIDLA,äKODA NA VOZIDLE,KATEGORIE ÿIDI»E,STAV ÿIDI»E,VNÃJäÕ OVLIVNÃNÕ ÿIDI»E,nan.1,nan.2,nan.3,nan.4,nan.5,nan.6,nan.7,nan.8,nan.9,nan.10,nan.11,nan.12,nan.13,nan.14,nan.15,nan.16,nan.17,nan.18,LOKALITA NEHODY
70306190085,6,,2019-01-23,3,1800,2,0,0,2,1,0,511,0,0,0,100,2,1,1,1,4,1,1,1,0,0,10,1,2,0,,17,,XX,,,,,,,0,,,,"-460398,149","-1098543,562","-460398,149","-1098543,562","-460410,221","-1098542,936",Orlov·,KeStud·nce,,mÌstnÌkomunikace,,3122125.0,,Souhlasn˝sesmÏrem˙seku,Pomal˝,599069.0,201928.0,GN_V0.1UIR-ADR_410,1
70306190086,3,4748.0,2019-01-25,5,515,5,0,0,2,4,0,100,0,0,0,120,2,6,1,1,4,1,1,1,0,0,0,1,1,0,,3,35.0,01,1.0,0.0,1.0,0.0,1.0,1.0,100,2.0,1.0,5.0,"-455178,739","-1105847,489","-455183,036","-1105843,729","-455182,696","-1105843,985",,,,silnice3.t¯Ìdy,4748,1710065.0,,Souhlasn˝sesmÏrem˙seku,Pomal˝,599140.0,,GN_V0.1UIR-ADR_410,2
70306190087,3,4748.0,2019-01-25,5,515,3,0,1,2,1,2,204,0,0,0,200,2,6,1,1,4,1,1,8,0,0,0,1,1,0,,3,35.0,01,1.0,1.0,1.0,0.0,1.0,1.0,200,2.0,1.0,1.0,"-455180,036","-1105845,708","-455180,036","-1105845,708","-455182,565","-1105843,81",,,,silnice3.t¯Ìdy,4748,1710065.0,,OpaËn˝kesmÏru˙seku,Pomal˝,599140.0,,GN_V0.1UIR-ADR_410,2
70306190088,6,,2019-01-25,5,1310,2,0,0,2,1,0,504,0,0,0,200,2,1,1,1,1,1,1,1,0,0,0,1,2,0,,3,39.0,09,1.0,0.0,1.0,0.0,1.0,5.0,0,9.0,,,"-450635,649","-1100725,93","-450650,152","-1100730,227","-450649,925","-1100730,608",Karvin·,Kpt.Jaroöe,,mÌstnÌkomunikace,,3601423.0,,Souhlasn˝sesmÏrem˙seku,Pomal˝,598917.0,199401.0,GN_V0.1UIR-ADR_410,1
70306190089,6,,2019-01-25,5,2560,2,0,0,2,1,0,516,0,0,0,500,2,6,1,1,2,1,0,0,0,0,10,1,2,0,,17,,XX,,,,,,,0,,,,"-450681,785","-1100748,255","-450681,785","-1100748,255","-450681,196","-1100749,243",Karvin·,Kpt.Jaroöe,,mÌstnÌkomunikace,,3601422.0,,Souhlasn˝sesmÏrem˙seku,Pomal˝,598917.0,199401.0,GN_V0.1UIR-ADR_410,1
70306190090,1,59.0,2019-01-25,5,1930,3,0,2,1,1,0,511,0,2,0,1000,2,1,1,1,4,1,4,8,0,0,0,3,1,0,,3,39.0,06,1.0,1.0,1.0,1.0,1.0,1.0,800,2.0,1.0,1.0,"-464699,255","-1103453,665","-464721,278","-1103474,613","-464721,412","-1103474,431",Pet¯vald,Ostravsk·,,silnice1.t¯Ìdy,59,1741175.0,,Souhlasn˝sesmÏrem˙seku,Pomal˝,599085.0,202886.0,GN_V0.1UIR-ADR_410,1
70306190091,6,,2019-01-26,6,1520,3,0,3,2,1,9,511,0,0,0,20,2,6,1,1,1,1,1,1,0,0,10,1,1,0,,3,32.0,05,1.0,0.0,1.0,0.0,1.0,5.0,10,2.0,5.0,1.0,"-458537,725","-1109064,075","-458537,725","-1109064,075","-458537,435","-1109059,181",HavÌ¯ov,PetraBezruËe,,mÌstnÌkomunikace,,491653.0,,,Pomal˝,555088.0,195880.0,GN_V0.1UIR-ADR_410,1
70306190092,6,,2019-01-26,6,1700,3,0,3,2,1,2,204,0,0,0,120,2,6,1,5,2,1,1,1,3,5,10,3,1,0,,3,2.0,97,1.0,0.0,1.0,0.0,1.0,5.0,100,2.0,1.0,1.0,"-451765,121","-1100311,188","-451779,623","-1100316,022","-451779,188","-1100313,775",Karvin·,JanskÈho,,mÌstnÌkomunikace,,3022182.0,,Souhlasn˝sesmÏrem˙seku,Pomal˝,598917.0,199265.0,GN_V0.1UIR-ADR_410,1
70306190093,2,474.0,2019-01-26,6,1710,3,0,4,2,1,2,204,0,0,0,520,2,6,1,5,7,1,4,1,0,0,0,2,1,0,,3,13.0,18,1.0,1.0,0.0,0.0,1.0,1.0,400,2.0,1.0,1.0,"-457157,714","-1104574,818","-457156,103","-1104597,377","-457155,904","-1104597,264",,,,silnice2.t¯Ìdy,474,716938.0,,Souhlasn˝sesmÏrem˙seku,Pomal˝,598917.0,,GN_V0.1UIR-ADR_410,2
70306190094,3,4747.0,2019-01-26,6,2330,3,0,2,2,1,9,511,0,0,0,200,2,3,1,5,5,1,1,1,3,3,0,4,1,19,6.0,3,39.0,08,1.0,0.0,0.0,0.0,1.0,34.0,100,2.0,5.0,1.0,"-459587,343",-1098017,"-459532,019","-1098027,205","-459531,682","-1098028,239",Orlov·,Masarykovat¯Ìda,,silnice3.t¯Ìdy,4747,3381433.0,,Souhlasn˝sesmÏrem˙seku,Pomal˝,599069.0,202428.0,GN_V0.1UIR-ADR_410,1
70306190095,6,,2019-01-26,6,2560,2,0,0,2,1,0,511,0,0,0,100,2,6,1,5,3,1,1,1,0,0,10,1,2,0,,17,,XX,,,,,,,0,,,,"-450972,083","-1100778,417","-450972,083","-1100778,417","-450971,66","-1100778,187",Karvin·,Tyröova,,mÌstnÌkomunikace,,766664.0,,Souhlasn˝sesmÏrem˙seku,Pomal˝,598917.0,200417.0,GN_V0.1UIR-ADR_410,1
70306190096,2,474.0,2019-01-28,1,804,1,3,0,2,1,2,504,0,0,0,500,2,6,1,5,3,1,1,1,3,3,2,5,2,19,6.0,3,7.0,14,3.0,0.0,1.0,0.0,1.0,12.0,200,4.0,1.0,1.0,"-456506,531","-1107070,853","-456500,085","-1107089,653","-456501,869","-1107089,639",HornÌSuch·,TÏrlick·,,silnice2.t¯Ìdy,474,484065.0,,OpaËn˝kesmÏru˙seku,Pomal˝,552739.0,198366.0,GN_V0.1UIR-ADR_410,1
70306190097,2,474.0,2019-01-28,1,830,1,3,0,2,1,2,204,0,0,0,1200,2,6,1,5,3,1,1,1,3,4,0,3,2,0,,3,39.0,17,1.0,1.0,0.0,0.0,1.0,1.0,200,2.0,1.0,1.0,"-458300,023","-1101308,036","-458300,023","-1101308,036","-458298,231","-1101308,979",Orlov·,HraniËnÌ,,silnice2.t¯Ìdy,474,1705231.0,,OpaËn˝kesmÏru˙seku,Pomal˝,599069.0,201871.0,GN_V0.1UIR-ADR_410,1
70306190098,6,,2019-01-28,1,935,3,0,9,2,1,2,511,0,0,0,210,2,5,1,5,3,1,1,1,0,0,0,3,1,0,,8,99.0,12,4.0,0.0,1.0,0.0,1.0,5.0,200,4.0,1.0,1.0,"-458860,013","-1099026,739","-458860,013","-1099026,739","-458860,998","-1099032,124",Orlov·,NaVyhlÌdce,,mÌstnÌkomunikace,,3016788.0,,OpaËn˝kesmÏru˙seku,Pomal˝,599069.0,202070.0,GN_V0.1UIR-ADR_410,1
70306190099,3,4724.0,2019-01-28,1,835,3,0,9,2,1,2,204,0,0,0,520,2,6,1,5,3,1,1,1,3,3,0,4,1,19,6.0,3,7.0,13,3.0,0.0,0.0,0.0,1.0,12.0,400,2.0,1.0,1.0,"-464372,601","-1100731,307","-464394,624","-1100723,25","-464394,083","-1100723,719",Rychvald,Mich·lkovick·,,silnice3.t¯Ìdy,4724,460084.0,,Souhlasn˝sesmÏrem˙seku,Pomal˝,599107.0,203718.0,GN_V0.1UIR-ADR_410,1
70306190100,2,475.0,2019-01-28,1,805,1,3,0,2,1,2,414,0,0,0,40,2,3,1,1,1,1,1,1,3,3,2,7,2,19,2.0,3,12.0,07,1.0,0.0,1.0,0.0,1.0,13.0,20,2.0,1.0,1.0,,,"-456737,056","-1106585,997","-456736,945","-1106586,566",HornÌSuch·,Stonavsk·,,silnice2.t¯Ìdy,475,481803.0,,Souhlasn˝sesmÏrem˙seku,Pomal˝,552739.0,198340.0,GN_V0.1UIR-ADR_410,1
70306190101,3,4711.0,2019-01-28,1,1100,1,2,0,2,1,2,502,0,0,0,70,2,3,1,3,3,1,1,1,3,3,0,1,2,0,,5,7.0,15,3.0,0.0,0.0,0.0,1.0,1.0,50,4.0,1.0,1.0,"-463987,95","-1096298,981","-463987,95","-1096298,981","-463987,646","-1096298,889",BohumÌn,BezruËova,,silnice3.t¯Ìdy,4711,1703711.0,,Souhlasn˝sesmÏrem˙seku,Pomal˝,599051.0,190209.0,GN_V0.1UIR-ADR_410,1
70306190102,6,,2019-01-28,1,1060,2,0,0,2,1,0,511,0,0,0,100,2,3,1,5,3,1,1,1,0,0,10,1,2,0,,17,,XX,,,,,,,0,,,,"-451755,64","-1100652,577","-451755,64","-1100652,577","-451757,3","-1100644,902",Karvin·,Rusk·,,mÌstnÌkomunikace,,757346.0,,Souhlasn˝sesmÏrem˙seku,Pomal˝,598917.0,200077.0,GN_V0.1UIR-ADR_410,1
70306190103,6,,2019-01-28,1,1543,2,0,0,2,1,2,504,0,0,0,200,2,3,1,1,1,1,0,1,3,5,10,1,2,0,,3,7.0,08,1.0,0.0,1.0,0.0,1.0,5.0,100,2.0,1.0,1.0,"-459181,734","-1097887,911","-459176,9","-1097888,986","-459175,538","-1097893,1",Orlov·,F.S.T˘my,,mÌstnÌkomunikace,,3020705.0,,OpaËn˝kesmÏru˙seku,Pomal˝,599069.0,,GN_V0.1UIR-ADR_410,1
70306190104,2,475.0,2019-01-28,1,2100,3,0,2,1,1,2,204,0,0,1,700,2,9,1,1,4,1,1,1,0,0,0,1,1,0,,3,29.0,07,1.0,1.0,0.0,0.0,1.0,3.0,500,3.0,1.0,1.0,"-454388,507","-1107127,626","-454388,507","-1107127,626","-454392,58","-1107120,672",,,,silnice2.t¯Ìdy,475,484544.0,,Souhlasn˝sesmÏrem˙seku,Pomal˝,599140.0,,GN_V0.1UIR-ADR_410,2
70306190105,1,11.0,2019-01-29,2,1010,1,2,0,2,1,2,405,0,0,0,2300,2,3,1,1,1,1,1,1,2,0,0,4,2,19,6.0,3,39.0,15,1.0,0.0,1.0,0.0,1.0,42.0,1500,2.0,1.0,1.0,"-461275,295","-1107897,685","-461259,18","-1107856,862","-461258,136","-1107855,744",HavÌ¯ov,HlavnÌt¯Ìda,,silnice1.t¯Ìdy,11,3367566.0,,Souhlasn˝sesmÏrem˙seku,Pomal˝,555088.0,194701.0,GN_V0.1UIR-ADR_410,1
70306190106,6,,2019-01-14,1,2560,2,0,0,2,1,0,516,0,0,0,200,2,1,1,1,1,1,1,1,0,0,10,1,2,0,,17,,XX,,,,,,,0,,,,"-460239,794","-1108632,901","-460239,794","-1108632,901","-460232,957","-1108637,162",HavÌ¯ov,Husova,,mÌstnÌkomunikace,,490491.0,,OpaËn˝kesmÏru˙seku,Pomal˝,555088.0,194760.0,GN_V0.1UIR-ADR_410,1
70306190107,3,47210.0,2019-01-29,2,1530,3,0,1,1,1,2,201,0,0,1,200,2,3,1,1,1,1,4,1,0,0,0,2,1,0,,3,39.0,05,1.0,1.0,1.0,0.0,1.0,3.0,200,2.0,1.0,1.0,"-459783,351","-1104125,057","-459783,351","-1104125,057","-459786,9","-1104123,864",,,,silnice3.t¯Ìdy,47210,3294804.0,,OpaËn˝kesmÏru˙seku,Pomal˝,599069.0,201502.0,GN_V0.1UIR-ADR_410,2
70306190108,6,,2019-01-29,2,1600,1,1,0,2,1,2,501,0,0,0,1200,2,3,1,1,1,1,1,1,0,0,0,3,2,0,,3,39.0,06,1.0,0.0,1.0,0.0,1.0,5.0,200,2.0,1.0,1.0,"-461300,833","-1108034,835","-461300,833","-1108034,835","-461299,43","-1108034,71",HavÌ¯ov,NaN·b¯eûÌ,,mÌstnÌkomunikace,,488296.0,,OpaËn˝kesmÏru˙seku,Pomal˝,555088.0,195227.0,GN_V0.1UIR-ADR_410,1
70306190109,6,,2019-01-30,3,1045,2,0,0,2,1,2,516,0,0,0,130,2,6,1,1,1,1,0,1,0,0,0,1,2,0,,3,1.0,14,1.0,0.0,0.0,0.0,1.0,5.0,30,2.0,1.0,1.0,"-458862,611","-1109732,164","-458862,611","-1109732,164","-458864,393","-1109743,965",HavÌ¯ov,,,mÌstnÌkomunikace,,2734560.0,,OpaËn˝kesmÏru˙seku,Pomal˝,555088.0,,GN_V0.1UIR-ADR_410,1
70306190110,1,67.0,2019-01-30,3,1800,5,0,0,2,4,0,100,0,0,0,110,2,3,1,1,4,1,1,1,3,3,0,1,1,0,,3,7.0,18,1.0,0.0,0.0,0.0,1.0,1.0,100,2.0,1.0,5.0,"-461257,679","-1095213,084","-461088,476","-1095223,827","-461088,516","-1095223,409",,,,silnice1.t¯Ìdy,67,3018578.0,,Souhlasn˝sesmÏrem˙seku,Pomal˝,598968.0,193399.0,GN_V0.1UIR-ADR_410,2
70306190111,1,11.0,2019-01-30,3,2145,5,0,0,2,4,0,100,0,0,0,2010,2,3,1,1,6,1,1,1,3,3,0,1,1,0,,3,2.0,15,3.0,0.0,1.0,0.0,1.0,3.0,2000,2.0,1.0,1.0,"-455872,997","-1112549,454","-455838,618","-1112575,237","-455839,566","-1112574,844",,,,silnice1.t¯Ìdy,11,502178.0,,Souhlasn˝sesmÏrem˙seku,Pomal˝,599158.0,1058975.0,GN_V0.1UIR-ADR_410,2
70306190112,1,67.0,2019-01-30,3,2215,5,0,0,2,4,0,100,0,0,0,80,2,3,1,1,4,1,1,1,3,3,7,1,1,0,,3,35.0,01,1.0,0.0,1.0,0.0,1.0,3.0,30,2.0,1.0,5.0,"-454726,642","-1098373,437","-454704,618","-1098389,015","-454704,266","-1098388,677",,,,silnice1.t¯Ìdy,67,3020751.0,,OpaËn˝kesmÏru˙seku,Pomal˝,598917.0,198889.0,GN_V0.1UIR-ADR_410,2
70306190113,6,,2019-01-31,4,750,1,1,0,1,1,2,304,0,0,3,1800,2,3,1,1,1,1,1,1,0,0,0,3,2,0,,3,42.0,06,1.0,0.0,0.0,0.0,1.0,5.0,1000,2.0,1.0,1.0,"-450739,699","-1099309,657","-450738,625","-1099310,731","-450737,878","-1099306,773",Karvin·,»sl.arm·dy,,mÌstnÌkomunikace,,453923.0,,OpaËn˝kesmÏru˙seku,Pomal˝,598917.0,199010.0,GN_V0.1UIR-ADR_410,1
70306190114,2,468.0,2019-01-31,4,1400,1,4,0,2,1,2,503,0,0,0,400,2,1,1,1,1,1,2,1,2,0,2,5,2,19,2.0,3,39.0,07,1.0,0.0,0.0,0.0,1.0,13.0,200,2.0,1.0,1.0,"-447079,302","-1113548,146","-447077,691","-1113536,865","-447077,266","-1113536,751",»esk˝TÏöÌn,Jablunkovsk·,,silnice2.t¯Ìdy,468,1405104.0,,Souhlasn˝sesmÏrem˙seku,Pomal˝,598933.0,191906.0,GN_V0.1UIR-ADR_410,1
70406190001,2,647.0,2019-01-01,2,210,9,0,0,1,1,9,511,0,0,1,300,2,1,1,1,6,1,1,8,3,3,0,5,1,19,2.0,3,47.0,14,1.0,0.0,0.0,0.0,1.0,12.0,300,2.0,5.0,1.0,"-491779,124","-1110223,206","-491779,124","-1110223,206","-491776,216","-1110226,714",,,,silnice2.t¯Ìdy,647,1464882.0,,OpaËn˝kesmÏru˙seku,Pomal˝,546984.0,,GN_V0.1UIR-ADR_410,2
70406190002,6,,2019-01-01,2,215,3,0,9,2,1,9,511,0,0,0,550,2,3,2,1,4,1,1,1,0,0,0,1,1,0,,3,47.0,08,1.0,0.0,0.0,0.0,1.0,5.0,500,2.0,5.0,1.0,"-483919,428","-1128438,948","-483919,428","-1128438,948","-483920,745","-1128440,535",ätramberk,N¡DRAéNÕ,,mÌstnÌkomunikace,,554021.0,,Souhlasn˝sesmÏrem˙seku,Pomal˝,599948.0,,GN_V0.1UIR-ADR_410,1
70406190003,2,480.0,2019-01-01,2,400,3,0,9,1,1,0,205,0,0,1,350,2,3,1,1,4,1,1,8,0,0,0,2,1,0,,3,32.0,99,1.0,1.0,3.0,1.0,1.0,3.0,300,2.0,1.0,1.0,"-486398,979","-1131421,005","-486398,979","-1131421,005","-486401,562","-1131417,955",éenklava,,,silnice2.t¯Ìdy,480,1084575.0,,OpaËn˝kesmÏru˙seku,Pomal˝,568732.0,,GN_V0.1UIR-ADR_410,1
70406190004,6,,2019-01-01,2,2560,2,0,0,2,1,0,504,0,0,0,200,2,3,1,1,1,1,1,1,0,0,10,1,2,0,,17,,XX,,,,,,,0,,,,"-476869,991","-1136204,353","-476869,991","-1136204,353","-476869,46","-1136206,329",Trojanovice,855,,mÌstnÌkomunikace,,3167717.0,,OpaËn˝kesmÏru˙seku,Pomal˝,599999.0,,GN_V0.1UIR-ADR_410,1
70406190005,6,,2019-01-01,2,2560,2,0,0,2,1,0,504,0,0,0,200,2,3,1,4,1,1,1,3,0,0,10,1,2,0,,17,,XX,,,,,,,0,,,,"-492042,557","-1126548,23","-492042,557","-1126548,23","-492042,718","-1126546,971",Nov˝JiËÌn,BEZRU»OVA,,mÌstnÌkomunikace,,547318.0,,Souhlasn˝sesmÏrem˙seku,Pomal˝,599191.0,,GN_V0.1UIR-ADR_410,1
70406190006,1,57.0,2019-01-01,2,1654,1,2,0,1,2,2,405,0,0,1,110,2,3,1,3,6,1,2,1,3,3,0,4,2,19,3.0,13,0.0,,1.0,0.0,1.0,0.0,1.0,23.0,10,8.0,1.0,1.0,"-495311,622","-1115726,922","-495310,084","-1115725,399","-495310,032","-1115725,363",,,,silnice1.t¯Ìdy,57,3225006.0,,Souhlasn˝sesmÏrem˙seku,Pomal˝,569666.0,,GN_V0.1UIR-ADR_410,2
70406190007,2,647.0,2019-01-02,3,720,5,0,0,2,4,0,100,0,0,0,820,2,3,1,1,2,1,1,1,0,0,0,1,1,0,,3,39.0,18,3.0,0.0,1.0,0.0,1.0,3.0,800,2.0,1.0,5.0,"-483653,832","-1108300,447","-483653,832","-1108300,447","-483656,639","-1108297,6",,,,silnice2.t¯Ìdy,647,3236508.0,,OpaËn˝kesmÏru˙seku,Pomal˝,556858.0,,GN_V0.1UIR-ADR_410,2
70406190008,3,4738.0,2019-01-02,3,1240,3,0,1,1,1,2,204,0,0,1,1500,2,6,1,5,3,1,1,1,0,0,0,3,1,0,,3,27.0,08,1.0,0.0,1.0,0.0,1.0,1.0,1500,2.0,1.0,1.0,"-499831,596","-1116816,457","-499831,596","-1116816,457","-499835,445","-1116818,702",,,,silnice3.t¯Ìdy,04738,1620445.0,,Souhlasn˝sesmÏrem˙seku,Pomal˝,599930.0,,GN_V0.1UIR-ADR_410,2
70406190009,3,46211.0,2019-01-03,4,813,3,0,4,2,1,2,204,0,0,0,150,2,6,1,6,1,1,1,3,3,3,0,5,1,19,3.0,8,78.0,18,3.0,1.0,1.0,0.0,1.0,12.0,100,4.0,1.0,1.0,"-501490,171","-1112921,162","-501490,171","-1112921,162","-501492,57","-1112925,006",,,,silnice3.t¯Ìdy,46211,1334792.0,,Souhlasn˝sesmÏrem˙seku,Pomal˝,599701.0,,GN_V0.1UIR-ADR_410,2
70406190010,6,,2019-01-02,3,2560,2,0,0,2,1,0,506,0,0,0,200,2,5,1,1,1,1,1,3,0,0,0,1,2,0,,17,,XX,,,,,,,0,,,,"-494001,798","-1126732,627","-494001,798","-1126732,627","-494001,556","-1126732,592",Nov˝JiËÌn,NaLani,,mÌstnÌkomunikace,,1619248.0,,Souhlasn˝sesmÏrem˙seku,Pomal˝,599191.0,656763.0,GN_V0.1UIR-ADR_410,1
70406190011,3,4804.0,2019-01-03,4,2560,2,0,0,2,1,0,506,0,0,0,350,2,6,1,1,4,1,1,1,0,0,5,1,2,0,,17,,XX,,,,,,,0,,,,"-482479,929","-1109394,928","-482479,929","-1109394,928","-482481,538","-1109394,969",JistebnÌk,,,silnice3.t¯Ìdy,4804,1076678.0,,Souhlasn˝sesmÏrem˙seku,Pomal˝,599506.0,,GN_V0.1UIR-ADR_410,1
70406190012,3,4623.0,2019-01-03,4,1730,5,0,0,2,4,0,100,0,0,0,50,2,8,1,1,4,1,1,1,0,0,0,1,1,0,,3,39.0,17,1.0,0.0,1.0,0.0,1.0,1.0,50,3.0,1.0,5.0,"-504514,079","-1115611,186","-504514,079","-1115611,186","-504518,196","-1115610,662",ODRY-VÕTOVKA,,,silnice3.t¯Ìdy,4623,3185982.0,,OpaËn˝kesmÏru˙seku,Pomal˝,599701.0,,GN_V0.1UIR-ADR_410,1
70406190013,3,4816.0,2019-01-04,5,1145,1,1,0,2,1,2,403,0,0,0,800,2,3,1,1,1,1,1,1,3,3,2,4,2,11,3.0,3,39.0,10,3.0,0.0,0.0,0.0,1.0,31.0,400,2.0,1.0,1.0,"-492398,523","-1126684,912","-492398,523","-1126684,912","-492402,496","-1126679,615",Nov˝JiËÌn,Gen.HlaÔo,,silnice3.t¯Ìdy,04816,547670.0,,OpaËn˝kesmÏru˙seku,Pomal˝,599191.0,311901.0,GN_V0.1UIR-ADR_410,1
70406190014,6,,2019-01-04,5,1140,3,0,3,2,1,2,506,0,0,0,50,2,3,1,1,1,1,1,1,0,0,0,1,1,0,,3,31.0,00,1.0,0.0,0.0,0.0,1.0,5.0,0,3.0,1.0,1.0,"-482558,067","-1122382,837","-482558,067","-1122382,837","-482563,985","-1122382,336",P¯Ìbor,"»S.ARM¡DY,Z¡ME»NICK¡",,mÌstnÌkomunikace,,803079.0,,Souhlasn˝sesmÏrem˙seku,Pomal˝,599808.0,314340.0,GN_V0.1UIR-ADR_410,1
70406190015,3,4835.0,2019-01-04,5,1332,3,0,9,2,1,2,506,0,0,0,70,2,8,1,5,1,2,1,1,3,3,0,4,1,19,6.0,5,43.0,85,11.0,0.0,1.0,0.0,1.0,34.0,20,4.0,1.0,1.0,"-476993,578","-1135210,329","-476993,578","-1135210,329","-476991,869","-1135209,187",Frenöt·tpodRadhoötÏm,Lomn·,,silnice3.t¯Ìdy,4835,3032994.0,,Souhlasn˝sesmÏrem˙seku,Pomal˝,599344.0,308749.0,GN_V0.1UIR-ADR_410,1
70406190016,3,4734.0,2019-01-05,6,1220,9,0,0,1,1,2,205,0,0,1,800,2,6,1,1,1,1,1,1,0,0,0,3,1,0,,3,39.0,15,3.0,1.0,1.0,0.0,1.0,1.0,800,2.0,1.0,1.0,"-495450,79","-1121570,41","-495444,881","-1121563,427","-495445,863","-1121564,05",,,,silnice3.t¯Ìdy,04734,1620462.0,,OpaËn˝kesmÏru˙seku,Pomal˝,568546.0,,GN_V0.1UIR-ADR_410,2
70406190017,1,58.0,2019-01-06,0,640,3,0,9,2,1,2,204,0,0,0,700,2,6,1,6,7,1,1,1,0,0,0,3,1,0,,3,7.0,06,1.0,1.0,0.0,0.0,1.0,3.0,500,3.0,1.0,1.0,"-479194,998","-1135183,007","-479194,998","-1135183,007","-479198,035","-1135179,742",Frenöt·tpodRadhoötÏm,Roûnovsk·,,silnice1.t¯Ìdy,58,3030564.0,,Souhlasn˝sesmÏrem˙seku,Pomal˝,599344.0,309001.0,GN_V0.1UIR-ADR_410,1
70406190018,6,,2019-01-05,6,1430,2,0,0,2,1,0,506,0,0,0,350,2,6,1,1,1,1,1,1,0,0,10,1,2,0,,17,,XX,,,,,,,0,,,,"-479072,229","-1133515,149","-479072,229","-1133515,149","-479070,74","-1133513,367",Frenöt·tpodRadhoötÏm,äkolsk·Ëtvrù,,mÌstnÌkomunikace,,2737379.0,,Souhlasn˝sesmÏrem˙seku,Pomal˝,599344.0,309052.0,GN_V0.1UIR-ADR_410,1
70406190019,2,482.0,2019-01-06,0,1535,1,1,0,2,1,2,403,0,0,0,500,2,3,1,5,3,6,1,1,3,3,0,5,2,13,6.0,3,35.0,10,1.0,0.0,0.0,0.0,1.0,32.0,300,2.0,1.0,1.0,"-483150,834","-1126455,515","-483150,834","-1126455,515","-483146,498","-1126453,05",Kop¯ivnice,Obr·nc˘mÌru,,silnice2.t¯Ìdy,482,2737474.0,,OpaËn˝kesmÏru˙seku,Pomal˝,599565.0,310981.0,GN_V0.1UIR-ADR_410,1
70406190020,3,489.0,2019-01-07,1,1024,1,4,0,1,1,2,204,0,0,2,800,2,5,1,6,1,1,1,1,3,3,0,5,2,19,6.0,3,13.0,08,1.0,0.0,0.0,0.0,1.0,13.0,300,2.0,1.0,1.0,"-496830,907","-1127521,339","-496812,107","-1127514,356","-496812,035","-1127514,288",STAR›JI»ÕN-VL»NOV,,,silnice3.t¯Ìdy,0489,802508.0,,Souhlasn˝sesmÏrem˙seku,Pomal˝,599905.0,,GN_V0.1UIR-ADR_410,1
70406190021,3,4623.0,2019-01-04,5,2130,9,0,0,1,1,0,204,0,0,3,200,2,5,1,1,6,1,1,1,0,0,0,2,1,0,,3,47.0,97,1.0,1.0,3.0,0.0,1.0,1.0,200,3.0,1.0,1.0,"-506436,011","-1109175,07","-506436,011","-1109175,07","-506434,98","-1109175,197",ODRY-KAMENKA,,,silnice3.t¯Ìdy,4623,492524.0,,Souhlasn˝sesmÏrem˙seku,Pomal˝,599701.0,,GN_V0.1UIR-ADR_410,1
70406190022,6,,2019-01-07,1,1315,3,0,9,2,1,2,204,0,0,0,350,2,6,1,1,1,1,1,1,0,0,0,3,1,0,,3,17.0,08,1.0,1.0,0.0,0.0,1.0,5.0,300,2.0,1.0,1.0,"-482238,964","-1120585,659","-482238,964","-1120585,659","-482239,973","-1120588,238",,,,mÌstnÌkomunikace,,2107531.0,,Souhlasn˝sesmÏrem˙seku,Pomal˝,568716.0,,GN_V0.1UIR-ADR_410,2
70406190023,6,,2019-01-07,1,1658,4,0,0,1,1,2,412,0,0,1,20,2,3,1,1,4,1,2,1,3,3,1,1,1,0,,3,7.0,02,1.0,0.0,0.0,0.0,1.0,5.0,20,2.0,1.0,1.0,"-482707,332","-1127097,932","-482707,332","-1127097,932","-482706,984","-1127098,061",Kop¯ivnice,ätef·nikova,,mÌstnÌkomunikace,,1404739.0,,OpaËn˝kesmÏru˙seku,Pomal˝,599565.0,311189.0,GN_V0.1UIR-ADR_410,1