IDENTIFIKA»NÕ »ÕSLO,DRUH POZEMNÕ KOMUNIKACE,»ÕSLO POZEMNÕ KOMUNIKACE,"den, mÏsÌc, rok",,Ëas ,DRUH NEHODY,DRUH SR¡éKY JEDOUCÕCH VOZIDEL,DRUH PEVN… PÿEK¡éKY,CHARAKTER NEHODY,ZAVINÃNÕ NEHODY,ALKOHOL U VINÕKA NEHODY PÿÕTOMEN,HLAVNÕ PÿÕ»INY NEHODY,usmrceno osob,tÏûce zranÏno osob,lehce zranÏno osob,CELKOV¡ HMOTN¡ äKODA,DRUH POVRCHU VOZOVKY,STAV POVRCHU VOZOVKY V DOBÃ NEHODY,STAV KOMUNIKACE,POVÃTRNOSTNÕ PODMÕNKY V DOBÃ NEHODY,VIDITELNOST,ROZHLEDOV… POMÃRY,DÃLENÕ KOMUNIKACE,SITUOV¡NÕ NEHODY NA KOMUNIKACI,ÿÕZENÕ PROVOZU V DOBÃ NEHODY,MÕSTNÕ ⁄PRAVA PÿEDNOSTI V JÕZDÃ,SPECIFICK¡ MÕSTA A OBJEKTY V MÕSTÃ NEHODY,SMÃROV… POMÃRY,PO»ET Z⁄»ASTNÃN›CH VOZIDEL,MÕSTO DOPRAVNÕ NEHODY,DRUH KÿIéUJÕCÕ KOMUNIKACE,DRUH VOZIDLA,V›ROBNÕ ZNA»KA MOTOROV…HO VOZIDLA,ROK V›ROBY VOZIDLA,CHARAKTERISTIKA VOZIDLA ,SMYK,VOZIDLO PO NEHODÃ,"⁄NIK PROVOZNÕCH, PÿEPRAVOVAN›CH HMOT",ZPŸSOB VYPROäTÃNÕ OSOB Z VOZIDLA,SMÃR JÕZDY NEBO POSTAVENÕ VOZIDLA,äKODA NA VOZIDLE,KATEGORIE ÿIDI»E,STAV ÿIDI»E,VNÃJäÕ OVLIVNÃNÕ ÿIDI»E,nan.1,nan.2,nan.3,nan.4,nan.5,nan.6,nan.7,nan.8,nan.9,nan.10,nan.11,nan.12,nan.13,nan.14,nan.15,nan.16,nan.17,nan.18,LOKALITA NEHODY
70406190024,2,464.0,2019-01-07,1,1830,5,0,0,2,4,0,100,0,0,0,520,2,3,1,1,6,1,1,1,0,0,0,1,1,0,,6,40.0,16,3.0,0.0,0.0,0.0,1.0,1.0,500,3.0,1.0,5.0,,,"-490529,04","-1112109,238","-490533,054","-1112111,001",,,,silnice2.t¯Ìdy,464,3032418.0,,OpaËn˝kesmÏru˙seku,Pomal˝,599921.0,,GN_V0.1UIR-ADR_410,2
70406190025,8,,2019-01-07,1,2560,3,0,2,2,1,0,204,0,0,0,500,2,6,1,5,3,1,1,1,0,0,0,2,1,0,,17,,XX,,,,,,,0,,,,"-483873,517","-1117859,118","-483873,517","-1117859,118","-483880,435","-1117861,674",,,,mÌstnÌkomunikace,,3565092.0,,OpaËn˝kesmÏru˙seku,Pomal˝,568686.0,,GN_V0.1UIR-ADR_410,2
70406190026,2,463.0,2019-01-08,2,1043,1,4,0,2,1,2,204,0,0,0,1710,2,5,1,5,3,1,1,1,3,4,0,5,3,19,6.0,4,60.0,96,1.0,0.0,1.0,0.0,1.0,12.0,200,2.0,1.0,1.0,"-492428,922","-1107666,588","-492428,922","-1107666,588","-492427,749","-1107665,318",BÌlovec,,,silnice2.t¯Ìdy,463,486659.0,,Souhlasn˝sesmÏrem˙seku,Pomal˝,599247.0,,GN_V0.1UIR-ADR_410,1
70406190027,2,464.0,2019-01-08,2,1206,0,0,0,2,1,2,511,0,0,0,100,2,3,1,1,1,1,1,1,0,0,0,1,2,0,,7,62.0,14,6.0,0.0,1.0,0.0,1.0,3.0,0,3.0,1.0,1.0,"-489596,124","-1113720,438","-489596,124","-1113720,438","-489598,709","-1113722,82",,,,silnice2.t¯Ìdy,464,3032442.0,,OpaËn˝kesmÏru˙seku,Pomal˝,599921.0,,GN_V0.1UIR-ADR_410,2
70406190028,6,,2019-01-08,2,1000,0,0,0,2,1,2,516,0,0,0,30,2,6,1,5,1,1,1,1,0,0,0,3,1,0,,7,35.0,12,9.0,0.0,1.0,0.0,1.0,5.0,0,3.0,1.0,1.0,"-476286,746","-1134998,232","-476286,746","-1134998,232","-476287,52","-1134996,907",,,,mÌstnÌkomunikace,,1413146.0,,Souhlasn˝sesmÏrem˙seku,Pomal˝,599999.0,,GN_V0.1UIR-ADR_410,2
70406190029,6,,2019-01-08,2,1410,3,0,2,2,1,2,504,0,0,0,50,5,6,1,1,1,1,1,1,0,0,0,3,1,0,,5,62.0,18,3.0,0.0,0.0,0.0,1.0,5.0,0,3.0,1.0,1.0,"-481889,353","-1123040,487","-481889,353","-1123040,487","-481887,842","-1123043,036",,,,mÌstnÌkomunikace,,1514278.0,,OpaËn˝kesmÏru˙seku,Pomal˝,599808.0,,GN_V0.1UIR-ADR_410,2
70406190030,3,4848.0,2019-01-08,2,1430,1,1,0,1,1,2,204,0,0,1,900,2,5,1,5,1,1,1,1,0,0,0,2,2,0,,3,32.0,97,1.0,1.0,1.0,0.0,1.0,3.0,400,2.0,1.0,1.0,"-477028,057","-1130556,824","-477028,057","-1130556,824","-477027,298","-1130560,997",Tich·,,,silnice3.t¯Ìdy,4848,1084193.0,,OpaËn˝kesmÏru˙seku,Pomal˝,599956.0,,GN_V0.1UIR-ADR_410,1
70406190031,6,,2019-01-07,1,2560,2,0,0,2,1,0,506,0,0,0,250,1,8,1,5,4,1,0,0,0,0,10,1,2,0,,17,,XX,,,,,,,0,,,,"-494184,564","-1126799,643","-494184,564","-1126799,643","-494178,486","-1126799,153",NOV›JI»ÕN-LOU»KA,NALANI,,mÌstnÌkomunikace,,1647271.0,,,Pomal˝,599191.0,,GN_V0.1UIR-ADR_410,1
70406190032,6,,2019-01-08,2,2560,2,0,0,2,1,0,204,0,0,0,100,2,6,2,6,6,1,1,1,0,0,0,2,2,0,,17,,XX,,,,,,,0,,,,"-506186,689","-1115698,638","-506186,689","-1115698,638","-506183,511","-1115699,435",ODRY-LOU»KY,,,mÌstnÌkomunikace,,1462626.0,,OpaËn˝kesmÏru˙seku,Pomal˝,599701.0,,GN_V0.1UIR-ADR_410,1
70406190033,1,57.0,2019-01-09,3,659,4,0,0,1,1,2,412,0,0,1,50,2,3,1,3,4,1,1,1,0,0,1,1,1,0,,3,44.0,08,1.0,0.0,1.0,0.0,1.0,1.0,50,2.0,1.0,1.0,"-492236,813","-1126862,052","-492232,516","-1126857,755","-492232,394","-1126857,716",Nov˝JiËÌn,Zborovsk·,,silnice1.t¯Ìdy,57,2108096.0,,Souhlasn˝sesmÏrem˙seku,Pomal˝,599191.0,312797.0,GN_V0.1UIR-ADR_410,1
70406190034,2,647.0,2019-01-09,3,625,5,0,0,2,4,0,100,0,0,0,150,2,3,1,3,6,1,1,1,0,0,0,1,1,0,,3,47.0,16,3.0,0.0,1.0,0.0,1.0,1.0,150,2.0,1.0,5.0,"-484356,209","-1108910,119","-484356,209","-1108910,119","-484355,773","-1108910,62",,,,silnice2.t¯Ìdy,647,3236508.0,,Souhlasn˝sesmÏrem˙seku,Pomal˝,556858.0,,GN_V0.1UIR-ADR_410,2
70406190035,3,46421.0,2019-01-09,3,740,2,0,0,2,1,2,204,0,0,0,610,2,5,1,1,2,3,1,1,0,0,0,2,2,0,,3,47.0,07,1.0,1.0,1.0,0.0,1.0,1.0,500,2.0,1.0,1.0,"-491570,959","-1111428,594","-491570,959","-1111428,594","-491568,175","-1111429,727",BÌlov,,,silnice3.t¯Ìdy,46421,2107553.0,,Souhlasn˝sesmÏrem˙seku,Pomal˝,546984.0,,GN_V0.1UIR-ADR_410,1
70406190036,3,4736.0,2019-01-09,3,1605,5,0,0,2,4,0,100,0,0,0,120,2,3,1,3,3,1,1,1,0,0,0,1,1,0,,3,31.0,08,1.0,0.0,1.0,0.0,1.0,1.0,100,3.0,1.0,5.0,"-496809,127","-1118403,072","-496815,036","-1118395,551","-496813,677","-1118396,503",,,,silnice3.t¯Ìdy,04736,1620450.0,,Souhlasn˝sesmÏrem˙seku,Pomal˝,599930.0,,GN_V0.1UIR-ADR_410,2
70406190037,1,57.0,2019-01-09,3,1830,1,4,0,2,1,2,503,0,0,0,650,2,5,1,6,4,1,1,1,0,0,6,3,2,0,,3,2.0,08,1.0,0.0,1.0,0.0,1.0,3.0,200,3.0,1.0,1.0,"-491990,383","-1130733,006","-491990,383","-1130733,006","-491988,167","-1130733,154",,,,silnice1.t¯Ìdy,57,1730723.0,,Souhlasn˝sesmÏrem˙seku,Pomal˝,599409.0,,GN_V0.1UIR-ADR_410,2
70406190038,6,,2019-01-09,3,2030,3,0,1,2,1,2,204,0,0,0,4000,0,6,2,1,6,1,0,1,0,0,0,3,1,0,,3,58.0,15,1.0,1.0,0.0,0.0,1.0,5.0,4000,3.0,1.0,1.0,"-480841,834","-1134249,123","-480841,834","-1134249,123","-480843,083","-1134247,814",,,,mÌstnÌkomunikace,,3167738.0,,,Pomal˝,599999.0,,GN_V0.1UIR-ADR_410,2
70406190039,3,4822.0,2019-01-09,3,1625,5,0,0,2,4,0,100,0,0,0,320,2,3,1,5,2,1,1,1,0,0,0,1,1,0,,3,4.0,07,1.0,0.0,0.0,0.0,1.0,1.0,300,2.0,1.0,5.0,,,"-485667,394","-1123730,51","-485666,566","-1123730,593",,,,silnice3.t¯Ìdy,4822,1709677.0,,Souhlasn˝sesmÏrem˙seku,Pomal˝,568473.0,,GN_V0.1UIR-ADR_410,2
70406190040,3,4848.0,2019-01-10,4,810,1,1,0,1,1,2,204,0,0,1,1300,2,6,1,5,1,1,1,1,0,0,0,1,2,0,,3,47.0,10,3.0,0.0,1.0,0.0,1.0,1.0,700,2.0,1.0,1.0,"-477586,007","-1130671,837","-477586,007","-1130671,837","-477588,022","-1130671,392",Tich·,,,silnice3.t¯Ìdy,4848,1084262.0,,Souhlasn˝sesmÏrem˙seku,Pomal˝,599956.0,,GN_V0.1UIR-ADR_410,1
70406190041,2,464.0,2019-01-10,4,1050,1,4,0,1,1,0,503,0,0,1,500,2,3,1,1,1,1,1,1,3,4,0,4,2,11,3.0,17,,XX,,,,,,,0,,,,"-487547,916","-1116014,907","-487527,437","-1116032,691","-487527,787","-1116032,951",,,,silnice2.t¯Ìdy,464,3362772.0,,OpaËn˝kesmÏru˙seku,Pomal˝,599921.0,,GN_V0.1UIR-ADR_410,2
70406190042,2,483.0,2019-01-10,4,1210,3,0,9,2,1,2,204,0,0,0,650,2,5,1,1,1,1,1,1,0,0,0,3,1,0,,3,31.0,04,1.0,0.0,1.0,0.0,1.0,3.0,500,3.0,1.0,1.0,"-480187,2","-1132103,908","-480179,116","-1132117,92","-480179,28","-1132118,681",,,,silnice2.t¯Ìdy,483,1710253.0,,Souhlasn˝sesmÏrem˙seku,Pomal˝,599603.0,,GN_V0.1UIR-ADR_410,2
70406190043,6,,2019-01-09,3,540,3,0,6,2,1,0,206,0,0,0,300,2,5,1,1,6,1,1,1,0,0,0,3,1,0,,3,47.0,15,1.0,0.0,1.0,0.0,1.0,5.0,200,2.0,1.0,1.0,"-478863,002","-1127059,305","-478863,002","-1127059,305","-478862,506","-1127061,01",Kop¯ivnice,,,mÌstnÌkomunikace,,549119.0,,OpaËn˝kesmÏru˙seku,Pomal˝,599565.0,,GN_V0.1UIR-ADR_410,1
70406190044,6,,2019-01-10,4,2560,3,0,3,2,1,0,506,0,0,0,25,2,6,1,5,3,3,1,1,0,0,0,3,1,0,,17,,XX,,,,,,,0,,,,"-482716,107","-1127608,929","-482716,107","-1127608,929","-482722,059","-1127616,288",Kop¯ivnice,Wolkerova,,mÌstnÌkomunikace,,551237.0,,Souhlasn˝sesmÏrem˙seku,Pomal˝,599565.0,311227.0,GN_V0.1UIR-ADR_410,1
70406190045,3,4848.0,2019-01-10,4,1845,1,2,0,2,1,0,502,0,0,0,50,2,5,1,3,4,1,1,1,0,0,0,1,2,0,,17,,XX,,,,,,,0,,,,"-478080,025","-1132633,718","-478080,025","-1132633,718","-478083,283","-1132631,903",Frenöt·tpodRadhoötÏm,MÌsteck·,,silnice3.t¯Ìdy,4848,1084999.0,,Souhlasn˝sesmÏrem˙seku,Pomal˝,599344.0,308803.0,GN_V0.1UIR-ADR_410,1
70406190046,6,,2019-01-10,4,1857,3,0,9,2,1,2,204,0,0,0,350,2,6,1,6,5,1,1,1,0,0,0,3,1,0,,3,7.0,04,1.0,1.0,1.0,0.0,1.0,5.0,200,2.0,1.0,1.0,"-487890,119","-1109583,768","-487890,119","-1109583,768","-487889,854","-1109583,841",VelkÈAlbrechtice,,,mÌstnÌkomunikace,,1708321.0,,Souhlasn˝sesmÏrem˙seku,Pomal˝,568422.0,,GN_V0.1UIR-ADR_410,1
70406190047,6,,2019-01-11,5,303,2,0,0,2,1,8,511,0,0,0,100,2,6,1,1,4,1,1,1,0,0,0,3,2,0,,3,9.0,01,1.0,0.0,1.0,0.0,1.0,5.0,50,2.0,5.0,1.0,"-483594,378","-1126320,581","-483594,378","-1126320,581","-483595,091","-1126325,302",Kop¯ivnice,PodZahradami,,mÌstnÌkomunikace,,824602.0,,Souhlasn˝sesmÏrem˙seku,Pomal˝,599565.0,311073.0,GN_V0.1UIR-ADR_410,1
70406190048,6,,2019-01-11,5,1030,2,0,0,2,1,0,502,0,0,0,50,2,3,1,1,1,1,1,1,0,0,10,1,2,0,,17,,XX,,,,,,,0,,,,"-482441,964","-1126275,267","-482441,964","-1126275,267","-482449,229","-1126302,416",Kop¯ivnice,N·draûnÌ,,mÌstnÌkomunikace,,2737485.0,,Souhlasn˝sesmÏrem˙seku,Pomal˝,599565.0,,GN_V0.1UIR-ADR_410,1
70406190049,1,47.0,2019-01-11,5,1830,5,0,0,2,4,0,100,0,0,0,110,2,3,1,5,6,1,1,1,0,0,0,1,1,0,,8,78.0,18,3.0,0.0,1.0,0.0,1.0,3.0,100,4.0,1.0,5.0,"-504721,673","-1119809,182","-504721,673","-1119809,182","-504708,234","-1119807,068",,,,silnice1.t¯Ìdy,47,1335165.0,,OpaËn˝kesmÏru˙seku,Pomal˝,599701.0,,GN_V0.1UIR-ADR_410,2
70406190050,3,46433.0,2019-01-12,6,715,9,0,0,2,1,2,205,0,0,0,900,2,8,2,5,2,1,1,1,0,0,0,3,1,0,,7,26.0,15,9.0,1.0,0.0,1.0,3.0,1.0,500,4.0,1.0,1.0,"-488983,811","-1124964,045","-488983,811","-1124964,045",,,,,,,,,,,,,,GN_V0.1UIR-ADR_410,2
70406190051,6,,2019-01-12,6,730,3,0,2,2,1,2,504,0,0,0,110,2,6,1,1,2,1,1,1,0,0,0,1,1,0,,5,10.0,13,3.0,0.0,0.0,0.0,1.0,5.0,10,4.0,1.0,1.0,"-478498,173","-1133093,552","-478498,173","-1133093,552","-478499,935","-1133095,249",Frenöt·tpodRadhoötÏm,Fr.HoreËky,,mÌstnÌkomunikace,,1742985.0,,,Pomal˝,599344.0,308579.0,GN_V0.1UIR-ADR_410,1
70406190052,8,,2019-01-12,6,1645,0,0,0,2,6,0,100,0,0,0,120,1,3,9,3,2,6,0,1,0,0,10,1,1,0,,3,9.0,04,1.0,0.0,0.0,0.0,1.0,5.0,100,3.0,1.0,1.0,"-504409,433","-1117228,807","-504409,433","-1117228,807","-504409,312","-1117228,946",Odry,N¡DRAéNÕ,,mÌstnÌkomunikace,,2601593.0,,Souhlasn˝sesmÏrem˙seku,Pomal˝,599701.0,,GN_V0.1UIR-ADR_410,1
70406190053,2,464.0,2019-01-13,0,350,3,0,9,2,1,0,501,0,0,0,260,2,5,1,1,4,1,1,3,0,0,0,3,2,0,,17,,XX,,,,,,,0,,,,"-490476,405","-1104645,701","-490476,405","-1104645,701","-490478,814","-1104648,795",TÌsek,,,silnice2.t¯Ìdy,464,1234960.0,,OpaËn˝kesmÏru˙seku,Pomal˝,599964.0,,GN_V0.1UIR-ADR_410,1
70406190054,2,441.0,2019-01-14,1,745,3,0,1,1,1,2,204,0,0,1,800,2,6,1,1,1,1,1,1,0,0,0,1,1,0,,3,35.0,12,1.0,1.0,1.0,0.0,1.0,1.0,800,2.0,1.0,1.0,"-509182,305","-1114050,224","-509182,305","-1114050,224","-509182,473","-1114054,341",,,,silnice2.t¯Ìdy,441,2107755.0,,OpaËn˝kesmÏru˙seku,Pomal˝,599867.0,,GN_V0.1UIR-ADR_410,2
70406190055,3,4866.0,2019-01-14,1,2560,2,0,0,2,1,0,506,0,0,0,400,2,8,1,5,1,1,1,1,0,0,0,1,2,0,,17,,XX,,,,,,,0,,,,"-478727,125","-1136448,898","-478727,125","-1136448,898","-478726,573","-1136451,358",Frenöt·tpodRadhoötÏm,Buzkovice,,silnice3.t¯Ìdy,4866,1404860.0,,Souhlasn˝sesmÏrem˙seku,Pomal˝,599344.0,308498.0,GN_V0.1UIR-ADR_410,1
70406190056,6,,2019-01-14,1,1660,2,0,0,2,1,0,508,0,0,0,300,2,3,1,1,4,1,1,1,0,0,0,1,2,0,,17,,XX,,,,,,,0,,,,"-482474,591","-1126715,739","-482474,591","-1126715,739","-482472,476","-1126716,645",Kop¯ivnice,äTEF¡NIKOVA,,mÌstnÌkomunikace,,3434226.0,,OpaËn˝kesmÏru˙seku,Pomal˝,599565.0,,GN_V0.1UIR-ADR_410,1
70406190057,1,48.0,2019-01-14,1,1807,1,4,0,1,1,2,508,0,0,1,1600,2,3,1,1,4,1,4,1,2,0,0,4,2,19,6.0,3,39.0,18,1.0,0.0,1.0,0.0,1.0,31.0,600,2.0,1.0,1.0,"-492678,704","-1125691,884","-492678,704","-1125691,884","-492678,086","-1125691,642",äenovuNovÈhoJiËÌna,DUKELSK¡,,silnice1.t¯Ìdy,48,544505.0,,Souhlasn˝sesmÏrem˙seku,Pomal˝,554171.0,,GN_V0.1UIR-ADR_410,1
70406190058,1,58.0,2019-01-14,1,1850,1,1,0,1,1,2,204,0,0,1,800,2,5,1,1,6,1,1,1,0,0,0,1,2,0,,3,44.0,99,1.0,1.0,1.0,0.0,1.0,3.0,400,2.0,1.0,1.0,"-481989,526","-1115963,13","-481989,526","-1115963,13","-481989,583","-1115963,003",,,,silnice1.t¯Ìdy,58,1465117.0,,Souhlasn˝sesmÏrem˙seku,Pomal˝,599743.0,,GN_V0.1UIR-ADR_410,2
70406190059,1,57.0,2019-01-14,1,2005,3,0,3,2,1,2,205,0,0,0,450,2,3,1,1,6,1,1,3,0,0,0,2,1,0,,5,19.0,95,6.0,1.0,1.0,0.0,1.0,3.0,400,3.0,1.0,1.0,"-498884,528","-1110366,609","-498884,528","-1110366,609","-498886,233","-1110367,616",,,,silnice1.t¯Ìdy,57,497130.0,,OpaËn˝kesmÏru˙seku,Pomal˝,599352.0,,GN_V0.1UIR-ADR_410,2
70406190060,3,487.0,2019-01-15,2,840,1,2,0,2,1,2,502,0,0,0,820,2,2,1,1,1,1,1,1,0,0,0,3,2,0,,6,48.0,18,9.0,0.0,0.0,0.0,1.0,1.0,0,4.0,1.0,1.0,"-499583,748","-1131753,684","-499583,748","-1131753,684","-499587,482","-1131749,347",,,,silnice3.t¯Ìdy,0487,1620483.0,,OpaËn˝kesmÏru˙seku,Pomal˝,599905.0,,GN_V0.1UIR-ADR_410,2
70406190061,6,,2019-01-15,2,1415,2,0,0,2,1,2,502,0,0,0,500,2,6,1,1,1,1,0,1,0,0,9,3,2,0,,7,26.0,10,9.0,0.0,0.0,0.0,1.0,5.0,0,3.0,1.0,1.0,"-479291,852","-1134466,949","-479291,852","-1134466,949","-479297,393","-1134472,872",,,,mÌstnÌkomunikace,,571879.0,,OpaËn˝kesmÏru˙seku,Pomal˝,599344.0,,GN_V0.1UIR-ADR_410,2
70406190062,6,,2019-01-16,3,1160,2,0,0,2,1,0,504,0,0,0,300,2,3,1,1,1,1,1,1,0,0,10,1,2,0,,17,,XX,,,,,,,0,,,,"-492820,683","-1125733,558","-492820,683","-1125733,558","-492819,612","-1125734,814",äenovuNovÈhoJiËÌna,,,mÌstnÌkomunikace,,3164618.0,,OpaËn˝kesmÏru˙seku,Pomal˝,554171.0,,GN_V0.1UIR-ADR_410,1
70406190063,6,,2019-01-16,3,2560,2,0,0,2,1,0,504,0,0,0,200,2,3,1,1,1,1,1,1,0,0,10,1,2,0,,17,,XX,,,,,,,0,,,,"-490218,268","-1125857,512","-490218,268","-1125857,512","-490218,23","-1125857,937",Nov˝JiËÌn,,,mÌstnÌkomunikace,,3578368.0,,Souhlasn˝sesmÏrem˙seku,Pomal˝,599191.0,,GN_V0.1UIR-ADR_410,1
70406190064,6,,2019-01-16,3,1615,1,1,0,1,1,2,405,0,0,3,1500,2,3,1,1,1,1,1,1,0,0,0,1,3,0,,3,39.0,01,1.0,0.0,1.0,0.0,1.0,5.0,400,2.0,1.0,1.0,"-492892,57","-1125409,676","-492892,57","-1125409,676","-492893,264","-1125409,797",äenovuNovÈhoJiËÌna,Dukelsk·,,mÌstnÌkomunikace,,3594483.0,,OpaËn˝kesmÏru˙seku,Pomal˝,554171.0,314994.0,GN_V0.1UIR-ADR_410,1
70406190065,3,489.0,2019-01-17,4,1035,1,2,0,2,1,0,502,0,0,0,150,2,2,1,1,1,1,1,1,3,3,0,5,2,19,3.0,17,,XX,,,,,,,0,,,,"-498019,348","-1126554,732","-498019,348","-1126554,732","-498023,852","-1126558,321",,,,silnice3.t¯Ìdy,0489,2107665.0,,OpaËn˝kesmÏru˙seku,Pomal˝,599468.0,,GN_V0.1UIR-ADR_410,2
70406190066,2,483.0,2019-01-17,4,1555,2,0,0,2,1,0,511,0,0,0,250,2,3,1,1,1,1,1,3,0,0,0,1,2,0,,3,47.0,03,1.0,0.0,0.0,0.0,1.0,1.0,50,3.0,0.0,1.0,"-478080,475","-1133324,348","-478080,475","-1133324,348","-478077,54","-1133321,439",Frenöt·tpodRadhoötÏm,HornÌ,,silnice2.t¯Ìdy,483,3272157.0,,Souhlasn˝sesmÏrem˙seku,Pomal˝,599344.0,308617.0,GN_V0.1UIR-ADR_410,1
70406190067,3,4818.0,2019-01-17,4,1753,1,2,0,2,1,0,502,0,0,0,100,2,1,1,1,6,1,1,1,0,0,0,1,2,0,,17,,XX,,,,,,,0,,,,"-492839,585","-1128257,936","-492839,585","-1128257,936","-492841,808","-1128255,007",,,,silnice3.t¯Ìdy,04818,2108176.0,,OpaËn˝kesmÏru˙seku,Pomal˝,599191.0,312487.0,GN_V0.1UIR-ADR_410,2
70406190068,6,,2019-01-15,2,2560,2,0,0,2,1,0,504,0,0,0,100,2,3,1,1,1,1,1,1,0,0,0,1,2,0,,17,,XX,,,,,,,0,,,,"-497451,135","-1119864,31","-497451,135","-1119864,31","-497465,852","-1119864,568",SuchdolnadOdrou,KomenskÈho,,mÌstnÌkomunikace,,3070533.0,,Souhlasn˝sesmÏrem˙seku,Pomal˝,599930.0,314811.0,GN_V0.1UIR-ADR_410,1
70406190069,3,43911.0,2019-01-18,5,1315,1,4,0,2,1,2,508,0,0,0,1000,2,1,1,1,1,1,1,1,3,3,0,5,2,22,3.0,3,39.0,12,1.0,0.0,1.0,0.0,1.0,12.0,500,2.0,7.0,1.0,"-501560,607","-1128620,174","-501560,607","-1128620,174","-501564,219","-1128617,666",,,,silnice3.t¯Ìdy,43911,1403868.0,,Souhlasn˝sesmÏrem˙seku,Pomal˝,599905.0,,GN_V0.1UIR-ADR_410,2
70406190070,2,464.0,2019-01-18,5,1455,3,0,3,2,1,2,204,0,0,0,1550,2,6,1,6,1,1,1,3,0,0,0,3,1,0,,5,62.0,09,3.0,0.0,0.0,0.0,3.0,3.0,1500,3.0,1.0,1.0,"-490914,281","-1106227,454","-490914,281","-1106227,454","-490928,694","-1106216,274",,,,silnice2.t¯Ìdy,464,2108952.0,,Souhlasn˝sesmÏrem˙seku,Pomal˝,599247.0,,GN_V0.1UIR-ADR_410,2
70406190071,8,,2019-01-17,4,1705,2,0,0,2,1,0,504,0,0,0,150,1,1,1,1,4,1,1,1,0,0,0,1,2,0,,17,,XX,,,,,,,0,,,,"-493545,84","-1124119,317","-493545,84","-1124119,317","-493546,397","-1124120,149",äenovuNovÈhoJiËÌna,,,mÌstnÌkomunikace,,3578213.0,,,Pomal˝,554171.0,,GN_V0.1UIR-ADR_410,1
70406190072,6,,2019-01-18,5,1730,3,0,9,2,1,2,204,0,0,0,250,2,6,1,1,4,1,1,1,0,0,0,3,1,0,,3,31.0,98,1.0,1.0,0.0,0.0,1.0,5.0,50,2.0,1.0,1.0,"-483086,931","-1128001,786","-483086,931","-1128001,786","-483088,791","-1128001,178",Kop¯ivnice,ätrambersk·,,mÌstnÌkomunikace,,552333.0,,Souhlasn˝sesmÏrem˙seku,Pomal˝,599565.0,311197.0,GN_V0.1UIR-ADR_410,1
70406190073,6,,2019-01-18,5,2344,1,4,0,2,1,9,516,0,0,0,200,6,6,2,1,6,1,1,1,3,5,0,5,2,10,6.0,3,39.0,01,1.0,0.0,0.0,0.0,1.0,5.0,0,3.0,5.0,1.0,"-510292,044","-1109924,775","-510292,044","-1109924,775","-510291,798","-1109923,127",,,,mÌstnÌkomunikace,,1706615.0,,,Pomal˝,599701.0,,GN_V0.1UIR-ADR_410,2
70406190074,3,4835.0,2019-01-19,6,830,3,0,9,2,1,2,204,0,0,0,450,2,5,1,1,1,1,1,1,0,0,0,1,1,0,,5,35.0,06,2.0,1.0,0.0,0.0,1.0,1.0,300,2.0,1.0,1.0,"-476631,093","-1136964,865","-476640,761","-1136965,939","-476640,184","-1136965,62",Trojanovice,,,silnice3.t¯Ìdy,4835,3357363.0,,Souhlasn˝sesmÏrem˙seku,Pomal˝,599999.0,,GN_V0.1UIR-ADR_410,1
70406190075,2,464.0,2019-01-19,6,1000,5,0,0,2,4,0,100,0,0,0,520,2,1,1,1,1,1,1,1,0,0,0,1,1,0,,3,1.0,09,1.0,0.0,0.0,0.0,1.0,1.0,500,2.0,1.0,5.0,"-490676,257","-1111528,346","-490676,257","-1111528,346","-490673,778","-1111528,323",,,,silnice2.t¯Ìdy,464,1516382.0,,Souhlasn˝sesmÏrem˙seku,Pomal˝,546984.0,,GN_V0.1UIR-ADR_410,2
70406190076,3,46421.0,2019-01-18,5,2215,5,0,0,2,4,0,100,0,0,0,420,2,3,1,1,6,1,1,1,0,0,0,1,1,0,,3,39.0,15,1.0,0.0,0.0,0.0,1.0,1.0,400,2.0,1.0,5.0,"-491797,922","-1112646,956","-491855,397","-1112639,973","-491855,417","-1112639,969",,,,silnice3.t¯Ìdy,46421,2107840.0,,OpaËn˝kesmÏru˙seku,Pomal˝,546984.0,,GN_V0.1UIR-ADR_410,2
70406190077,1,57.0,2019-01-19,6,1915,5,0,0,2,4,0,100,0,0,0,120,2,1,1,1,6,1,1,1,0,0,5,1,1,0,,3,39.0,02,1.0,0.0,1.0,0.0,1.0,1.0,100,3.0,1.0,5.0,"-493798,429","-1118989,319","-493798,429","-1118989,319","-493797,063","-1118989,348",,,,silnice1.t¯Ìdy,57,1710553.0,,Souhlasn˝sesmÏrem˙seku,Pomal˝,568546.0,,GN_V0.1UIR-ADR_410,2
70406190078,6,,2019-01-17,4,2560,2,0,0,2,1,0,504,0,0,0,250,2,1,1,1,1,1,1,1,0,0,0,1,2,0,,17,,XX,,,,,,,0,,,,"-493402,698","-1126767,902","-493402,698","-1126767,902","-493407,298","-1126769,435",Nov˝JiËÌn,PALACK…HO,,mÌstnÌkomunikace,,3578674.0,,OpaËn˝kesmÏru˙seku,Pomal˝,599191.0,,GN_V0.1UIR-ADR_410,1