IDENTIFIKA»NÕ »ÕSLO,DRUH POZEMNÕ KOMUNIKACE,»ÕSLO POZEMNÕ KOMUNIKACE,"den, mÏsÌc, rok",,Ëas ,DRUH NEHODY,DRUH SR¡éKY JEDOUCÕCH VOZIDEL,DRUH PEVN… PÿEK¡éKY,CHARAKTER NEHODY,ZAVINÃNÕ NEHODY,ALKOHOL U VINÕKA NEHODY PÿÕTOMEN,HLAVNÕ PÿÕ»INY NEHODY,usmrceno osob,tÏûce zranÏno osob,lehce zranÏno osob,CELKOV¡ HMOTN¡ äKODA,DRUH POVRCHU VOZOVKY,STAV POVRCHU VOZOVKY V DOBÃ NEHODY,STAV KOMUNIKACE,POVÃTRNOSTNÕ PODMÕNKY V DOBÃ NEHODY,VIDITELNOST,ROZHLEDOV… POMÃRY,DÃLENÕ KOMUNIKACE,SITUOV¡NÕ NEHODY NA KOMUNIKACI,ÿÕZENÕ PROVOZU V DOBÃ NEHODY,MÕSTNÕ ⁄PRAVA PÿEDNOSTI V JÕZDÃ,SPECIFICK¡ MÕSTA A OBJEKTY V MÕSTÃ NEHODY,SMÃROV… POMÃRY,PO»ET Z⁄»ASTNÃN›CH VOZIDEL,MÕSTO DOPRAVNÕ NEHODY,DRUH KÿIéUJÕCÕ KOMUNIKACE,DRUH VOZIDLA,V›ROBNÕ ZNA»KA MOTOROV…HO VOZIDLA,ROK V›ROBY VOZIDLA,CHARAKTERISTIKA VOZIDLA ,SMYK,VOZIDLO PO NEHODÃ,"⁄NIK PROVOZNÕCH, PÿEPRAVOVAN›CH HMOT",ZPŸSOB VYPROäTÃNÕ OSOB Z VOZIDLA,SMÃR JÕZDY NEBO POSTAVENÕ VOZIDLA,äKODA NA VOZIDLE,KATEGORIE ÿIDI»E,STAV ÿIDI»E,VNÃJäÕ OVLIVNÃNÕ ÿIDI»E,nan.1,nan.2,nan.3,nan.4,nan.5,nan.6,nan.7,nan.8,nan.9,nan.10,nan.11,nan.12,nan.13,nan.14,nan.15,nan.16,nan.17,nan.18,LOKALITA NEHODY
70406190079,1,58.0,2019-01-20,0,1650,5,0,0,2,4,0,100,0,0,0,270,2,1,1,1,2,1,1,1,0,0,0,1,1,0,,3,26.0,05,1.0,0.0,0.0,0.0,1.0,3.0,250,3.0,1.0,5.0,"-479662,168","-1136244,799","-479662,168","-1136244,799","-479666,451","-1136242,11",,,,silnice1.t¯Ìdy,58,1465406.0,,Souhlasn˝sesmÏrem˙seku,Pomal˝,599999.0,,GN_V0.1UIR-ADR_410,2
70406190080,1,58.0,2019-01-21,1,400,9,0,0,2,1,2,205,0,0,0,1500,2,3,1,1,6,1,1,1,3,3,0,4,1,11,1.0,6,62.0,09,9.0,1.0,1.0,0.0,1.0,12.0,0,3.0,1.0,1.0,"-482408,496","-1121534,173","-482408,496","-1121534,173","-482410,917","-1121534,953",P¯Ìbor,Ostravsk·,,silnice1.t¯Ìdy,58,2602581.0,,Souhlasn˝sesmÏrem˙seku,Pomal˝,599808.0,314013.0,GN_V0.1UIR-ADR_410,1
70406190081,2,483.0,2019-01-16,3,1713,5,0,0,2,4,0,100,0,0,0,220,2,1,1,1,6,1,1,1,0,0,0,1,1,0,,3,13.0,96,1.0,0.0,1.0,0.0,1.0,3.0,200,2.0,1.0,5.0,,,"-481457,691","-1132375,369","-481457,395","-1132386,519",,,,silnice2.t¯Ìdy,483,1084914.0,,Souhlasn˝sesmÏrem˙seku,Pomal˝,599603.0,,GN_V0.1UIR-ADR_410,2
70406190082,3,4631.0,2019-01-21,1,910,1,1,0,2,1,2,501,0,0,0,550,2,6,1,1,1,1,1,1,0,0,0,3,2,0,,3,39.0,09,1.0,0.0,1.0,0.0,1.0,3.0,300,2.0,1.0,1.0,"-496108,605","-1108669,519","-496115,588","-1108630,844","-496114,314","-1108631,071",,,,silnice3.t¯Ìdy,4631,1620399.0,,Souhlasn˝sesmÏrem˙seku,Pomal˝,599352.0,,GN_V0.1UIR-ADR_410,2
70406190083,6,,2019-01-21,1,1340,1,2,0,2,1,0,501,0,0,0,70,2,5,1,1,1,1,1,1,0,0,0,1,2,0,,3,39.0,10,1.0,0.0,1.0,0.0,1.0,5.0,20,9.0,,,"-485907,422","-1128609,105","-485907,422","-1128609,105","-485908,176","-1128609,342",äTRAMBERK,,,mÌstnÌkomunikace,,3030353.0,,OpaËn˝kesmÏru˙seku,Pomal˝,599948.0,315303.0,GN_V0.1UIR-ADR_410,1
70406190084,3,4734.0,2019-01-22,2,410,5,0,0,2,4,0,100,0,0,0,620,2,1,1,1,6,1,1,1,0,0,0,1,1,0,,3,35.0,18,1.0,0.0,1.0,0.0,1.0,3.0,600,2.0,1.0,5.0,"-495270,554","-1121673,399","-495270,554","-1121673,399","-495270,912","-1121674,805",,,,silnice3.t¯Ìdy,04734,1620464.0,,OpaËn˝kesmÏru˙seku,Pomal˝,568546.0,,GN_V0.1UIR-ADR_410,2
70406190085,8,,2019-01-13,0,2560,2,0,0,2,1,0,508,0,0,0,300,2,8,1,5,2,1,1,3,0,0,10,1,2,0,,17,,XX,,,,,,,0,,,,,,"-476276,761","-1137832,912","-476279,437","-1137833,918",Trojanovice,,,silnice3.t¯Ìdy,4835,3167512.0,,OpaËn˝kesmÏru˙seku,Pomal˝,599999.0,,GN_V0.1UIR-ADR_410,1
70406190086,6,,2019-01-22,2,1515,4,0,0,2,1,0,412,0,0,0,1,2,3,1,1,1,1,1,1,0,0,1,1,1,0,,3,39.0,00,1.0,0.0,1.0,0.0,1.0,5.0,0,2.0,1.0,1.0,"-504834,985","-1117542,668","-504834,985","-1117542,668","-504830,685","-1117537,037",Odry,Tÿ.1.m·je,,mÌstnÌkomunikace,,3478383.0,,,Pomal˝,599701.0,,GN_V0.1UIR-ADR_410,1
70406190087,6,,2019-01-23,3,800,3,0,9,2,1,2,502,0,0,0,100,2,6,1,1,1,1,1,1,0,0,5,1,1,0,,7,35.0,16,9.0,0.0,0.0,0.0,1.0,5.0,0,3.0,1.0,1.0,"-477084,571","-1134728,258","-477084,571","-1134728,258","-477084,556","-1134727,629",Frenöt·tpodRadhoötÏm,BEZRU»OVA,,mÌstnÌkomunikace,,1404961.0,,Souhlasn˝sesmÏrem˙seku,Pomal˝,599344.0,,GN_V0.1UIR-ADR_410,1
70406190088,6,,2019-01-23,3,750,2,0,0,2,1,0,504,0,0,0,300,2,1,1,1,1,1,1,1,0,0,9,1,2,0,,17,,XX,,,,,,,0,,,,"-483140,549","-1116449,82","-483140,549","-1116449,82","-483146,484","-1116454,04",,,,mÌstnÌkomunikace,,1373045.0,,Souhlasn˝sesmÏrem˙seku,Pomal˝,568686.0,,GN_V0.1UIR-ADR_410,2
70406190089,6,,2019-01-23,3,2560,2,0,0,2,1,0,506,0,0,0,150,2,1,1,1,1,1,1,1,0,0,10,1,2,0,,17,,XX,,,,,,,0,,,,"-490540,683","-1108480,483","-490540,683","-1108480,483","-490541,466","-1108480,032",BÌlovec,NOV¡CESTA,,mÌstnÌkomunikace,,3031806.0,,Souhlasn˝sesmÏrem˙seku,Pomal˝,599247.0,,GN_V0.1UIR-ADR_410,1
70406190090,3,4865.0,2019-01-23,3,1405,3,0,9,1,1,2,204,0,0,1,550,2,5,1,6,1,1,1,1,3,3,5,5,1,19,6.0,3,39.0,01,1.0,1.0,0.0,1.0,3.0,12.0,300,3.0,1.0,1.0,"-480507,728","-1130196,135","-480507,728","-1130196,135","-480504,57","-1130196,516",Lichnov,,,silnice3.t¯Ìdy,4865,1083993.0,,Souhlasn˝sesmÏrem˙seku,Pomal˝,599603.0,,GN_V0.1UIR-ADR_410,1
70406190091,2,464.0,2019-01-23,3,1730,5,0,0,2,4,0,100,0,0,0,50,2,1,1,1,6,4,1,1,0,0,0,2,1,0,,3,47.0,13,1.0,0.0,1.0,0.0,1.0,1.0,50,2.0,1.0,5.0,"-486232,448","-1117763,74","-486232,448","-1117763,74","-486232,218","-1117762,891",,,,silnice2.t¯Ìdy,464,2601138.0,,OpaËn˝kesmÏru˙seku,Pomal˝,599832.0,,GN_V0.1UIR-ADR_410,2
70406190092,3,46211.0,2019-01-24,4,545,3,0,1,1,1,0,205,0,0,1,1000,2,1,1,1,4,1,1,1,0,0,0,3,1,0,,3,60.0,10,1.0,0.0,1.0,0.0,1.0,1.0,1000,3.0,1.0,1.0,"-502415,4","-1111857,517","-502415,4","-1111857,517","-502413,852","-1111856,389",Fulnek,Vlkovice,,silnice3.t¯Ìdy,46211,3186006.0,,Souhlasn˝sesmÏrem˙seku,Pomal˝,599352.0,,GN_V0.1UIR-ADR_410,1
70406190093,1,58.0,2019-01-24,4,615,1,2,0,2,1,2,501,0,0,0,1000,2,3,1,1,6,1,1,1,0,0,6,3,2,0,,3,39.0,16,1.0,0.0,1.0,0.0,1.0,1.0,500,3.0,1.0,1.0,,,"-479779,955","-1128982,478","-479779,081","-1128982,705",,,,silnice1.t¯Ìdy,58,556627.0,,OpaËn˝kesmÏru˙seku,Pomal˝,599956.0,,GN_V0.1UIR-ADR_410,2
70406190094,6,,2019-01-01,2,2560,3,0,2,2,1,0,504,0,0,0,200,5,1,1,1,1,1,1,1,0,0,0,1,1,0,,17,,XX,,,,,,,0,,,,"-484980,897","-1122392,42","-484980,897","-1122392,42","-484979,901","-1122392,45",,,,mÌstnÌkomunikace,,1514273.0,,,Pomal˝,599808.0,313653.0,GN_V0.1UIR-ADR_410,2
70406190095,3,4806.0,2019-01-24,4,1700,5,0,0,2,4,0,100,0,0,0,800,2,1,1,1,2,1,1,1,0,0,0,1,1,0,,3,4.0,15,3.0,0.0,0.0,0.0,1.0,1.0,800,3.0,1.0,5.0,"-479581,403","-1120818,45","-479581,403","-1120818,45","-479581,117","-1120818,499",,,,silnice3.t¯Ìdy,4806,2107608.0,,OpaËn˝kesmÏru˙seku,Pomal˝,568643.0,,GN_V0.1UIR-ADR_410,2
70406190096,2,482.0,2019-01-24,4,2145,3,0,9,2,1,0,204,0,0,0,350,2,5,1,5,5,1,1,1,0,0,0,3,1,0,,3,39.0,99,1.0,1.0,0.0,0.0,1.0,1.0,100,3.0,1.0,1.0,"-485448,734","-1125248,552","-485444,437","-1125260,369","-485444,276","-1125259,45",Z·viöice,,,silnice2.t¯Ìdy,482,1404555.0,,Souhlasn˝sesmÏrem˙seku,Pomal˝,568473.0,,GN_V0.1UIR-ADR_410,1
70406190097,3,4820.0,2019-01-25,5,1231,1,4,0,2,1,2,503,0,0,0,450,2,3,1,1,1,1,1,1,3,3,0,5,2,11,6.0,3,13.0,98,1.0,0.0,0.0,0.0,1.0,12.0,150,3.0,1.0,1.0,"-492074,692","-1125709,709","-492074,692","-1125709,709","-492074,425","-1125710,363",äENOVUNOV…HOJI»ÕNA,Suvorovova,,silnice3.t¯Ìdy,04820,1619216.0,,Souhlasn˝sesmÏrem˙seku,Pomal˝,599191.0,312541.0,GN_V0.1UIR-ADR_410,1
70406190098,3,487.0,2019-01-25,5,1845,1,3,0,1,1,2,403,0,0,3,3500,2,3,1,1,6,1,1,1,3,4,5,4,2,19,3.0,3,32.0,16,1.0,1.0,1.0,0.0,1.0,13.0,1500,2.0,1.0,1.0,"-499672,375","-1129969,428","-499683,118","-1129970,502","-499682,268","-1129970,467",,,,silnice3.t¯Ìdy,0487,559322.0,,Souhlasn˝sesmÏrem˙seku,Pomal˝,599905.0,,GN_V0.1UIR-ADR_410,2
70406190099,1,57.0,2019-01-25,5,2040,9,0,0,1,1,2,204,0,0,1,800,2,5,1,1,6,1,1,1,0,0,0,3,1,0,,3,39.0,07,1.0,1.0,0.0,0.0,1.0,1.0,800,3.0,1.0,1.0,"-499621,937","-1108790,138","-499621,937","-1108790,138","-499617,925","-1108787,554",Vrchy,,,silnice1.t¯Ìdy,57,2107768.0,,Souhlasn˝sesmÏrem˙seku,Pomal˝,569747.0,,GN_V0.1UIR-ADR_410,1
70406190100,1,48.0,2019-01-26,6,304,3,0,3,1,1,8,205,0,0,1,600,2,3,12,1,6,1,1,1,3,4,0,5,1,19,6.0,3,2.0,98,1.0,1.0,1.0,0.0,1.0,21.0,500,2.0,5.0,1.0,"-481292,627","-1122148,648","-481292,627","-1122148,648","-481284,66","-1122143,746",,,,silnice1.t¯Ìdy,48,1558622.0,,Souhlasn˝sesmÏrem˙seku,Pomal˝,599808.0,,GN_V0.1UIR-ADR_410,2
70406190101,3,48012.0,2019-01-26,6,1305,3,0,3,2,1,2,204,0,0,0,270,2,6,1,1,1,1,1,1,3,4,0,5,1,11,6.0,3,17.0,07,1.0,1.0,1.0,0.0,1.0,11.0,250,2.0,1.0,1.0,"-482762,924","-1122794,926","-482780,113","-1122808,355","-482778,537","-1122808,35",P¯Ìbor,ätrambersk·,,silnice3.t¯Ìdy,48012,535784.0,,Souhlasn˝sesmÏrem˙seku,Pomal˝,599808.0,314196.0,GN_V0.1UIR-ADR_410,1
70406190102,2,647.0,2019-01-26,6,1410,5,0,0,2,4,0,100,0,0,0,520,2,3,1,3,1,1,1,1,0,0,0,1,1,0,,3,39.0,10,1.0,0.0,1.0,0.0,1.0,3.0,500,2.0,1.0,5.0,"-494258,401","-1112066,376","-494258,401","-1112066,376","-494261,486","-1112064,419",,,,silnice2.t¯Ìdy,647,1260451.0,,Souhlasn˝sesmÏrem˙seku,Pomal˝,555312.0,,GN_V0.1UIR-ADR_410,2
70406190103,6,,2019-01-26,6,1400,2,0,0,2,1,0,506,0,0,0,300,2,3,1,1,1,1,1,1,0,0,0,1,3,0,,17,,XX,,,,,,,0,,,,"-483086,3","-1128014,457","-483086,3","-1128014,457","-483092,471","-1128012,44",Kop¯ivnice,ätrambersk·,,mÌstnÌkomunikace,,552333.0,,Souhlasn˝sesmÏrem˙seku,Pomal˝,599565.0,311197.0,GN_V0.1UIR-ADR_410,1
70406190104,6,,2019-01-26,6,1840,9,0,0,1,2,2,508,0,0,1,10,2,3,6,1,4,1,1,1,0,0,0,1,1,0,,13,0.0,,1.0,0.0,1.0,0.0,1.0,5.0,10,8.0,1.0,1.0,"-492848,543","-1126000,277","-492848,543","-1126000,277","-492848,573","-1126000,046",Nov˝JiËÌn,Anensk·,,mÌstnÌkomunikace,,3578101.0,,Souhlasn˝sesmÏrem˙seku,Pomal˝,599191.0,311693.0,GN_V0.1UIR-ADR_410,1
70406190105,6,,2019-01-26,6,2010,3,0,9,2,1,0,204,0,0,0,200,2,5,1,6,4,1,1,1,3,4,0,5,1,10,6.0,3,44.0,06,1.0,1.0,0.0,0.0,1.0,5.0,150,9.0,,,"-482278,404","-1122902,481","-482278,404","-1122902,481","-482279,573","-1122902,508",P¯Ìbor,Naniv·ch,,mÌstnÌkomunikace,,536397.0,,Souhlasn˝sesmÏrem˙seku,Pomal˝,599808.0,313947.0,GN_V0.1UIR-ADR_410,1
70406190106,3,46427.0,2019-01-28,1,635,3,0,9,2,1,2,204,0,0,0,900,2,6,1,5,4,1,1,3,0,0,0,2,2,0,,3,39.0,98,1.0,0.0,0.0,0.0,1.0,1.0,100,2.0,1.0,1.0,"-486907,629","-1113708,726","-486907,629","-1113708,726","-486906,112","-1113709,993",StudÈnka,2.kvÏtna,,silnice3.t¯Ìdy,46427,3027232.0,,OpaËn˝kesmÏru˙seku,Pomal˝,599921.0,314790.0,GN_V0.1UIR-ADR_410,1
70406190107,1,48.0,2019-01-28,1,740,9,0,0,1,1,2,204,0,0,1,500,2,8,1,5,3,1,1,3,0,0,0,3,1,0,,3,32.0,10,1.0,1.0,1.0,0.0,1.0,3.0,500,2.0,1.0,1.0,"-491308,881","-1125225,936","-491284,63","-1125188,212","-491283,531","-1125189,421",äenovuNovÈhoJiËÌna,SUVOROVOVA,,silnice1.t¯Ìdy,48,3300567.0,,Souhlasn˝sesmÏrem˙seku,Pomal˝,554171.0,,GN_V0.1UIR-ADR_410,1
70406190108,3,4804.0,2019-01-28,1,750,3,0,6,2,1,2,204,0,0,0,800,2,6,1,5,3,1,1,1,0,0,0,1,1,0,,3,44.0,99,1.0,1.0,0.0,0.0,1.0,1.0,500,2.0,1.0,1.0,"-482581,303","-1109090,713","-482581,303","-1109090,713","-482579,508","-1109089,602",JistebnÌk,,,silnice3.t¯Ìdy,4804,3027338.0,,OpaËn˝kesmÏru˙seku,Pomal˝,599506.0,,GN_V0.1UIR-ADR_410,1
70406190109,6,,2019-01-28,1,725,2,0,0,2,1,2,204,0,0,0,600,2,6,1,5,3,1,1,1,0,0,0,2,2,0,,3,39.0,16,1.0,1.0,1.0,0.0,1.0,5.0,500,2.0,1.0,1.0,"-483090,801","-1128035,163","-483097,807","-1128031,391","-483098,582","-1128031,137",Kop¯ivnice,ätrambersk·,,mÌstnÌkomunikace,,552333.0,,Souhlasn˝sesmÏrem˙seku,Pomal˝,599565.0,311197.0,GN_V0.1UIR-ADR_410,1
70406190110,3,489.0,2019-01-28,1,800,3,0,7,2,1,2,204,0,0,0,500,2,5,1,5,3,1,1,1,2,0,4,4,1,19,6.0,7,62.0,13,9.0,0.0,3.0,0.0,1.0,13.0,200,3.0,1.0,1.0,"-500151,649","-1123609,097","-500151,649","-1123609,097","-500151,024","-1123607,94",JesenÌknadOdrou,,,silnice3.t¯Ìdy,0489,1081006.0,,OpaËn˝kesmÏru˙seku,Pomal˝,599468.0,,GN_V0.1UIR-ADR_410,1
70406190111,6,,2019-01-28,1,925,1,1,0,2,1,2,204,0,0,0,1000,2,3,1,4,3,1,1,1,0,0,0,2,2,0,,3,39.0,07,2.0,0.0,1.0,0.0,1.0,5.0,500,2.0,1.0,1.0,"-491462,934","-1127306,544","-491462,934","-1127306,544","-491463,479","-1127305,113",Nov˝JiËÌn,Beskydsk·,,mÌstnÌkomunikace,,549877.0,,Souhlasn˝sesmÏrem˙seku,Pomal˝,599191.0,311723.0,GN_V0.1UIR-ADR_410,1
70406190112,6,,2019-01-26,6,2560,2,0,0,2,1,0,506,0,0,0,150,2,3,1,5,1,1,1,1,0,0,0,1,2,0,,3,44.0,07,1.0,0.0,0.0,0.0,1.0,5.0,50,2.0,1.0,1.0,"-483905,905","-1116792,939","-483905,905","-1116792,939","-483910,225","-1116787,706",Moönov,Pr˘myslov·,,mÌstnÌkomunikace,,3171786.0,,OpaËn˝kesmÏru˙seku,Pomal˝,568686.0,783633.0,GN_V0.1UIR-ADR_410,1
70406190113,3,4848.0,2019-01-28,1,1940,3,0,3,1,1,2,205,0,0,1,320,2,5,1,6,6,1,1,1,3,3,0,5,1,19,3.0,3,29.0,01,1.0,0.0,0.0,0.0,1.0,13.0,300,2.0,1.0,1.0,"-477977,207","-1132358,303","-477977,207","-1132358,303","-477985,289","-1132352,935",,,,silnice3.t¯Ìdy,4848,3351094.0,,OpaËn˝kesmÏru˙seku,Pomal˝,599956.0,,GN_V0.1UIR-ADR_410,2
70406190114,3,46432.0,2019-01-29,2,742,1,1,0,1,1,2,204,0,0,1,1000,2,6,1,6,1,1,1,1,0,0,0,2,2,0,,3,38.0,02,1.0,1.0,0.0,1.0,1.0,1.0,500,3.0,1.0,1.0,"-486126,87","-1121568,068","-486126,87","-1121568,068","-486126,526","-1121567,934",Sedlnice,,,silnice3.t¯Ìdy,46432,3356371.0,,OpaËn˝kesmÏru˙seku,Pomal˝,599832.0,,GN_V0.1UIR-ADR_410,1
70406190115,3,487.0,2019-01-28,1,1333,3,0,9,2,1,0,204,0,0,0,150,2,6,1,6,1,1,1,1,3,3,0,3,1,0,,3,39.0,11,1.0,1.0,3.0,0.0,1.0,1.0,50,3.0,1.0,1.0,"-499458,926","-1130842,158","-499458,926","-1130842,158","-499461,35","-1130844,903",STAR›JI»ÕN-PALA»OV,,,silnice3.t¯Ìdy,0487,561997.0,,OpaËn˝kesmÏru˙seku,Pomal˝,599905.0,,GN_V0.1UIR-ADR_410,1
70406190116,3,4419.0,2019-01-28,1,860,3,0,9,2,1,0,204,0,0,0,100,2,8,1,6,1,1,1,1,3,3,0,5,1,19,6.0,17,,XX,,,,,,,0,,,,"-505190,413","-1116421,656","-505190,413","-1116421,656","-505192,947","-1116418,623",,,,silnice3.t¯Ìdy,4419,3186023.0,,Souhlasn˝sesmÏrem˙seku,Pomal˝,599701.0,,GN_V0.1UIR-ADR_410,2
70406190117,3,489.0,2019-01-29,2,1505,3,0,3,2,1,2,204,0,0,0,180,2,6,1,1,1,1,1,1,0,0,0,3,1,0,,3,60.0,08,1.0,0.0,1.0,0.0,1.0,1.0,100,2.0,1.0,1.0,"-498327,846","-1125511,53","-498327,846","-1125511,53","-498327,472","-1125508,966",JESENÕKNADODROU-HŸRKA,,,silnice3.t¯Ìdy,0489,1403829.0,,Souhlasn˝sesmÏrem˙seku,Pomal˝,599468.0,,GN_V0.1UIR-ADR_410,1
70406190118,3,5715.0,2019-01-29,2,1500,3,0,9,2,1,0,501,0,0,0,320,2,6,1,6,1,1,1,1,0,0,0,2,2,0,,17,,XX,,,,,,,0,,,,"-497786,875",-1124845,"-497786,875",-1124845,"-497787,888","-1124844,171",,,,silnice3.t¯Ìdy,05715,3349365.0,,OpaËn˝kesmÏru˙seku,Pomal˝,568481.0,,GN_V0.1UIR-ADR_410,2
70406190119,1,48.0,2019-01-29,2,1740,1,1,0,2,1,2,508,0,0,0,3040,2,3,1,1,6,1,1,1,0,0,0,2,2,0,,5,19.0,05,2.0,0.0,0.0,1.0,1.0,1.0,2500,3.0,1.0,1.0,"-480462,006","-1122181,8","-480462,006","-1122181,8","-480461,095","-1122185,031",,,,silnice1.t¯Ìdy,48,1403814.0,,Souhlasn˝sesmÏrem˙seku,Pomal˝,599808.0,,GN_V0.1UIR-ADR_410,2
70406190120,2,482.0,2019-01-28,1,1010,1,4,0,2,1,0,506,0,0,0,100,2,3,1,1,1,1,1,1,3,3,2,7,2,22,2.0,3,60.0,08,3.0,0.0,0.0,0.0,1.0,12.0,0,9.0,,,"-482904,285","-1126752,779","-482904,285","-1126752,779","-482904,852","-1126753,585",Kop¯ivnice,Obr·nc˘mÌru,,silnice2.t¯Ìdy,482,3027603.0,,Souhlasn˝sesmÏrem˙seku,Pomal˝,599565.0,310981.0,GN_V0.1UIR-ADR_410,1
70406190121,3,4738.0,2019-01-30,3,637,1,2,0,2,1,2,502,0,0,0,250,2,5,1,1,6,1,1,1,0,0,0,2,2,0,,5,7.0,11,2.0,0.0,0.0,0.0,1.0,1.0,100,3.0,1.0,1.0,"-497631,002","-1119386,397","-497631,002","-1119386,397","-497630,36","-1119385,866",SuchdolnadOdrou,KomenskÈho,,silnice3.t¯Ìdy,04738,3049199.0,,Souhlasn˝sesmÏrem˙seku,Pomal˝,599930.0,314811.0,GN_V0.1UIR-ADR_410,1
70406190122,1,48.0,2019-01-31,4,505,1,1,0,2,1,2,501,0,0,0,2400,2,1,1,1,4,1,1,1,0,0,0,3,2,0,,5,35.0,16,9.0,0.0,1.0,0.0,1.0,1.0,1200,2.0,1.0,1.0,"-481260,895","-1122182,905","-481225,444","-1122144,232","-481225,962","-1122145,402",,,,silnice1.t¯Ìdy,48,1412919.0,,Souhlasn˝sesmÏrem˙seku,Pomal˝,599808.0,,GN_V0.1UIR-ADR_410,2
70406190123,3,4822.0,2019-01-31,4,820,5,0,0,2,4,0,100,0,0,0,170,2,3,1,1,1,1,1,1,0,0,0,1,1,0,,3,32.0,04,1.0,0.0,0.0,0.0,1.0,1.0,150,2.0,1.0,5.0,"-485663,926","-1123292,152","-485663,926","-1123292,152","-485672,399","-1123294,076",,,,silnice3.t¯Ìdy,4822,2107626.0,,OpaËn˝kesmÏru˙seku,Pomal˝,599832.0,,GN_V0.1UIR-ADR_410,2
70406190124,3,4738.0,2019-01-31,4,610,1,2,0,2,1,0,508,0,0,0,200,2,6,1,6,5,1,1,1,0,0,0,2,2,0,,17,,XX,,,,,,,0,,,,"-497542,452","-1119810,937","-497531,172","-1119807,177","-497532,444","-1119806,798",SuchdolnadOdrou,KomenskÈho,,silnice3.t¯Ìdy,04738,523874.0,,OpaËn˝kesmÏru˙seku,Pomal˝,599930.0,314811.0,GN_V0.1UIR-ADR_410,1
70406190125,2,441.0,2019-01-31,4,1825,5,0,0,2,4,0,100,0,0,0,210,2,3,1,1,6,1,1,1,0,0,0,1,1,0,,3,17.0,09,1.0,0.0,0.0,0.0,1.0,3.0,200,3.0,1.0,5.0,"-506623,942","-1114804,275","-506623,942","-1114804,275","-506628,123","-1114809,809",,,,silnice2.t¯Ìdy,441,1710449.0,,OpaËn˝kesmÏru˙seku,Pomal˝,599701.0,,GN_V0.1UIR-ADR_410,2
70606190001,2,469.0,2019-01-01,2,120,1,2,0,1,1,8,403,0,0,2,800,2,1,1,1,4,1,1,1,3,3,2,5,2,19,6.0,3,44.0,94,1.0,0.0,1.0,1.0,1.0,21.0,300,2.0,5.0,1.0,,,"-472729,85","-1089175,466","-472731,638","-1089174,222",Haù,KHubertu,,silnice2.t¯Ìdy,469,3263012.0,,Souhlasn˝sesmÏrem˙seku,Pomal˝,568210.0,338737.0,GN_V0.1UIR-ADR_410,1
70606190002,6,,2019-01-01,2,215,2,0,0,2,1,9,508,0,0,0,800,2,1,1,1,4,1,1,1,3,3,0,1,3,0,,3,47.0,11,1.0,0.0,1.0,0.0,1.0,5.0,300,2.0,5.0,1.0,,,"-498048,033","-1088122,278","-498047,573","-1088122,162",Opava,DostojevskÈho,,mÌstnÌkomunikace,,418505.0,,OpaËn˝kesmÏru˙seku,Pomal˝,505927.0,344249.0,GN_V0.1UIR-ADR_410,1
70606190003,1,11.0,2019-01-01,2,850,3,0,9,1,1,2,508,0,0,1,300,2,1,1,1,1,1,1,1,0,0,8,1,1,0,,3,39.0,01,1.0,0.0,1.0,0.0,1.0,1.0,300,2.0,1.0,1.0,"-496562,911","-1087974,556","-501770,557","-1084290,136","-501775,026","-1084296,999",,,,silnice1.t¯Ìdy,11,407815.0,,OpaËn˝kesmÏru˙seku,Pomal˝,505927.0,344036.0,GN_V0.1UIR-ADR_410,2
70606190004,6,,2019-01-01,2,2560,2,0,0,2,1,0,504,0,0,0,200,1,1,1,1,1,1,0,1,3,5,0,1,2,0,,17,,XX,,,,,,,0,,,,"-496908,684","-1087847,224","-496908,684","-1087847,224","-496909,794","-1087849,017",Opava,Popsk·,,mÌstnÌkomunikace,,417632.0,,Souhlasn˝sesmÏrem˙seku,Pomal˝,505927.0,346357.0,GN_V0.1UIR-ADR_410,1
70606190005,3,4603.0,2019-01-02,3,920,9,0,0,2,1,2,204,0,0,0,200,2,5,1,1,1,1,1,1,3,5,0,3,1,0,,3,39.0,04,1.0,0.0,1.0,0.0,1.0,3.0,200,2.0,1.0,1.0,,,"-512916,439","-1079998,059","-512917,949","-1079997,059",,,,silnice3.t¯Ìdy,4603,2109822.0,,OpaËn˝kesmÏru˙seku,Pomal˝,597821.0,,GN_V0.1UIR-ADR_410,2
70606190006,6,,2019-01-02,3,950,1,3,0,2,1,2,502,0,0,0,300,2,3,1,1,1,1,1,1,3,5,0,1,2,0,,3,31.0,05,1.0,0.0,1.0,0.0,1.0,5.0,200,3.0,1.0,1.0,"-498371,355","-1087882,018","-498371,355","-1087882,018","-498369,042","-1087890,052",Opava,Rybova,,mÌstnÌkomunikace,,1739279.0,,Souhlasn˝sesmÏrem˙seku,Pomal˝,505927.0,346616.0,GN_V0.1UIR-ADR_410,1
70606190007,3,4609.0,2019-01-02,3,1530,9,0,0,2,1,2,204,0,0,0,200,2,6,1,1,1,1,1,1,0,0,0,3,1,0,,3,35.0,04,1.0,1.0,1.0,1.0,1.0,1.0,200,2.0,1.0,1.0,"-501242,711","-1086601,489","-501242,711","-1086601,489","-501247,129","-1086639,615",,,,silnice3.t¯Ìdy,4609,3186326.0,,Souhlasn˝sesmÏrem˙seku,Pomal˝,505927.0,,GN_V0.1UIR-ADR_410,2