IDENTIFIKA»NÕ »ÕSLO,DRUH POZEMNÕ KOMUNIKACE,»ÕSLO POZEMNÕ KOMUNIKACE,"den, mÏsÌc, rok",,Ëas ,DRUH NEHODY,DRUH SR¡éKY JEDOUCÕCH VOZIDEL,DRUH PEVN… PÿEK¡éKY,CHARAKTER NEHODY,ZAVINÃNÕ NEHODY,ALKOHOL U VINÕKA NEHODY PÿÕTOMEN,HLAVNÕ PÿÕ»INY NEHODY,usmrceno osob,tÏûce zranÏno osob,lehce zranÏno osob,CELKOV¡ HMOTN¡ äKODA,DRUH POVRCHU VOZOVKY,STAV POVRCHU VOZOVKY V DOBÃ NEHODY,STAV KOMUNIKACE,POVÃTRNOSTNÕ PODMÕNKY V DOBÃ NEHODY,VIDITELNOST,ROZHLEDOV… POMÃRY,DÃLENÕ KOMUNIKACE,SITUOV¡NÕ NEHODY NA KOMUNIKACI,ÿÕZENÕ PROVOZU V DOBÃ NEHODY,MÕSTNÕ ⁄PRAVA PÿEDNOSTI V JÕZDÃ,SPECIFICK¡ MÕSTA A OBJEKTY V MÕSTÃ NEHODY,SMÃROV… POMÃRY,PO»ET Z⁄»ASTNÃN›CH VOZIDEL,MÕSTO DOPRAVNÕ NEHODY,DRUH KÿIéUJÕCÕ KOMUNIKACE,DRUH VOZIDLA,V›ROBNÕ ZNA»KA MOTOROV…HO VOZIDLA,ROK V›ROBY VOZIDLA,CHARAKTERISTIKA VOZIDLA ,SMYK,VOZIDLO PO NEHODÃ,"⁄NIK PROVOZNÕCH, PÿEPRAVOVAN›CH HMOT",ZPŸSOB VYPROäTÃNÕ OSOB Z VOZIDLA,SMÃR JÕZDY NEBO POSTAVENÕ VOZIDLA,äKODA NA VOZIDLE,KATEGORIE ÿIDI»E,STAV ÿIDI»E,VNÃJäÕ OVLIVNÃNÕ ÿIDI»E,nan.1,nan.2,nan.3,nan.4,nan.5,nan.6,nan.7,nan.8,nan.9,nan.10,nan.11,nan.12,nan.13,nan.14,nan.15,nan.16,nan.17,nan.18,LOKALITA NEHODY
70606190008,3,4606.0,2019-01-02,3,1540,3,0,9,2,1,2,204,0,0,0,170,2,6,1,1,1,1,1,1,0,0,0,3,1,0,,3,7.0,06,3.0,1.0,1.0,0.0,1.0,1.0,100,2.0,1.0,1.0,"-501294,366","-1089273,604","-501294,366","-1089273,604","-501281,089","-1089270,596",Slavkov,LudvÌkaSvobody,,silnice3.t¯Ìdy,4606,422457.0,,Souhlasn˝sesmÏrem˙seku,Pomal˝,510289.0,348422.0,GN_V0.1UIR-ADR_410,1
70606190009,3,4611.0,2019-01-02,3,1620,1,4,0,2,1,2,204,0,0,0,450,0,6,1,1,2,1,1,1,0,0,0,3,2,0,,8,19.0,15,5.0,1.0,1.0,0.0,1.0,1.0,300,4.0,1.0,1.0,"-497440,496","-1088336,638","-497440,496","-1088336,638","-497441,163","-1088334,821",Opava,Otick·,,silnice3.t¯Ìdy,4611,2110781.0,,Souhlasn˝sesmÏrem˙seku,Pomal˝,505927.0,346179.0,GN_V0.1UIR-ADR_410,1
70606190010,1,11.0,2019-01-02,3,1600,3,0,6,1,1,2,508,0,0,1,800,2,6,1,5,2,1,1,1,0,0,0,1,1,0,,3,35.0,12,1.0,0.0,1.0,1.0,1.0,1.0,800,2.0,1.0,1.0,"-509583,08","-1082062,621","-509583,08","-1082062,621","-509585,642","-1082068,511",VelkÈHeraltice,Opavsk·,,silnice1.t¯Ìdy,11,1465051.0,,OpaËn˝kesmÏru˙seku,Pomal˝,510891.0,350028.0,GN_V0.1UIR-ADR_410,1
70606190011,3,1130.0,2019-01-02,3,1715,3,0,3,2,1,2,204,0,0,0,350,2,6,1,5,7,1,1,1,0,0,2,3,1,0,,3,44.0,99,1.0,0.0,1.0,0.0,1.0,1.0,300,2.0,1.0,1.0,,,"-496874,576","-1086176,197","-496874,647","-1086176,294",Opava,UJezera,,silnice3.t¯Ìdy,01130,3039637.0,,Souhlasn˝sesmÏrem˙seku,Pomal˝,505927.0,346527.0,GN_V0.1UIR-ADR_410,1
70606190012,2,464.0,2019-01-02,3,1720,1,4,0,1,1,2,204,0,0,1,350,2,6,1,5,5,1,1,1,3,3,0,5,2,19,6.0,3,47.0,16,1.0,0.0,0.0,0.0,1.0,32.0,200,2.0,1.0,1.0,,,"-496002,245","-1090556,694","-496009,68","-1090563,194",Opava,BÌloveck·,,silnice2.t¯Ìdy,464,426421.0,,OpaËn˝kesmÏru˙seku,Pomal˝,505927.0,343986.0,GN_V0.1UIR-ADR_410,1
70606190013,6,,2019-01-03,4,715,5,0,0,2,4,0,100,0,0,0,150,2,3,1,1,2,1,1,1,0,0,0,2,1,0,,3,16.0,98,1.0,0.0,1.0,0.0,1.0,5.0,100,3.0,1.0,5.0,,,"-482658,066","-1094400,759","-482661,296","-1094399,926",,,,mÌstnÌkomunikace,,3039364.0,,,Pomal˝,506753.0,,GN_V0.1UIR-ADR_410,2
70606190014,6,,2019-01-03,4,1135,1,2,0,2,1,2,403,0,0,0,1000,2,3,1,1,1,1,1,1,3,3,2,4,2,10,6.0,3,39.0,18,3.0,0.0,1.0,0.0,1.0,5.0,500,2.0,1.0,1.0,,,"-497341,617","-1088302,333","-497341,729","-1088302,401",Opava,HobzÌkova,,mÌstnÌkomunikace,,757088.0,,OpaËn˝kesmÏru˙seku,Pomal˝,505927.0,344559.0,GN_V0.1UIR-ADR_410,1
70606190015,6,,2019-01-03,4,1260,2,0,0,2,1,0,506,0,0,0,500,2,3,12,1,1,1,0,1,0,0,10,1,2,0,,17,,XX,,,,,,,0,,,,"-495745,646","-1088437,323","-495745,646","-1088437,323","-495747,721","-1088440,821",Opava,,,mÌstnÌkomunikace,,2110775.0,,,Pomal˝,505927.0,,GN_V0.1UIR-ADR_410,1
70606190016,2,469.0,2019-01-03,4,1610,9,0,0,2,1,0,304,0,0,0,500,2,6,12,1,2,1,1,1,0,0,0,1,2,0,,17,,XX,,,,,,,0,,,,"-495746,356","-1088440,386","-474511,908","-1091516,871","-474508,576","-1091527,013",,,,silnice2.t¯Ìdy,469,429295.0,,OpaËn˝kesmÏru˙seku,Pomal˝,507016.0,,GN_V0.1UIR-ADR_410,2
70606190017,6,,2019-01-03,4,2560,2,0,0,2,1,0,516,0,0,0,100,2,3,1,5,4,1,1,3,0,0,0,1,2,0,,17,,XX,,,,,,,0,,,,"-498136,073","-1088370,733","-498136,073","-1088370,733","-498139,547","-1088364,725",Opava,Engliöova,,mÌstnÌkomunikace,,419020.0,,Souhlasn˝sesmÏrem˙seku,Pomal˝,505927.0,344320.0,GN_V0.1UIR-ADR_410,1
70606190018,3,4641.0,2019-01-03,4,1915,2,0,0,2,1,0,506,0,0,0,200,2,6,1,5,5,1,1,1,0,0,0,1,2,0,,17,,XX,,,,,,,0,,,,"-496802,198","-1087408,16","-496802,198","-1087408,16","-496801,154","-1087397,267",Opava,N·kladnÌ,,silnice3.t¯Ìdy,4641,3580845.0,,Souhlasn˝sesmÏrem˙seku,Pomal˝,505927.0,345687.0,GN_V0.1UIR-ADR_410,1
70606190019,6,,2019-01-05,6,1155,2,0,0,2,1,0,504,0,0,0,50,2,5,1,1,1,1,0,1,3,3,0,1,2,0,,3,39.0,17,3.0,0.0,1.0,0.0,1.0,5.0,0,2.0,1.0,1.0,"-497367,292","-1087958,102","-497367,292","-1087958,102","-497363,57","-1087961,075",Opava,NaRybnÌËku,,mÌstnÌkomunikace,,716208.0,,Souhlasn˝sesmÏrem˙seku,Pomal˝,505927.0,345903.0,GN_V0.1UIR-ADR_410,1
70606190020,1,57.0,2019-01-07,1,650,1,3,0,2,1,2,308,0,0,0,500,2,3,1,1,4,1,1,1,3,3,0,4,2,19,3.0,3,16.0,05,1.0,0.0,1.0,0.0,1.0,42.0,500,2.0,1.0,1.0,,,"-501167,061","-1103731,792","-501167,176","-1103731,765",,,,silnice1.t¯Ìdy,57,2735940.0,,OpaËn˝kesmÏru˙seku,Pomal˝,506451.0,,GN_V0.1UIR-ADR_410,2
70606190021,6,,2019-01-03,4,1545,2,0,0,2,1,0,505,0,0,0,110,2,8,1,1,1,1,1,2,0,0,0,1,2,0,,3,8.0,08,1.0,0.0,1.0,0.0,1.0,5.0,10,2.0,1.0,1.0,,,"-496814,406","-1087513,288","-496814,412","-1087514,013",Opava,NaValech,,mÌstnÌkomunikace,,416599.0,,OpaËn˝kesmÏru˙seku,Pomal˝,505927.0,345954.0,GN_V0.1UIR-ADR_410,1
70606190022,3,4679.0,2019-01-08,2,1015,1,2,0,2,1,2,502,0,0,0,450,2,8,1,5,1,1,1,1,0,0,0,3,2,0,,3,32.0,12,1.0,0.0,1.0,0.0,1.0,1.0,400,2.0,1.0,1.0,"-491445,098","-1095451,805","-491445,098","-1095451,805","-491468,392","-1095462,828",,,,silnice3.t¯Ìdy,4679,3037457.0,,OpaËn˝kesmÏru˙seku,Pomal˝,505927.0,,GN_V0.1UIR-ADR_410,2
70606190023,6,,2019-01-08,2,1200,3,0,2,1,1,2,204,0,0,1,500,2,6,1,5,3,1,1,8,3,3,0,4,1,10,6.0,3,35.0,12,1.0,1.0,1.0,0.0,1.0,5.0,300,2.0,1.0,1.0,"-486457,817","-1086616,464","-486468,023","-1086621,298","-486468,445","-1086620,79",ätÏp·nkovice,RybniËnÌ,,mÌstnÌkomunikace,,413670.0,,Souhlasn˝sesmÏrem˙seku,Pomal˝,510483.0,349305.0,GN_V0.1UIR-ADR_410,1
70606190024,3,4642.0,2019-01-08,2,1425,1,4,0,2,1,2,503,0,0,0,2100,2,3,1,1,1,1,1,1,0,0,1,1,2,0,,7,40.0,14,3.0,0.0,1.0,0.0,1.0,1.0,100,4.0,1.0,1.0,,,"-495457,095","-1088603,5","-495456,562","-1088602,596",Opava,TÏöÌnsk·,,silnice3.t¯Ìdy,4642,2110731.0,,Souhlasn˝sesmÏrem˙seku,Pomal˝,505927.0,346969.0,GN_V0.1UIR-ADR_410,1
70606190025,6,,2019-01-08,2,2560,2,0,0,2,1,0,504,0,0,0,100,2,3,1,1,1,1,1,8,0,0,10,1,2,0,,17,,XX,,,,,,,0,,,,"-488959,172","-1089090,658","-488959,709","-1089089,047","-488959,821","-1089092,157",Krava¯e,Opavsk·,,mÌstnÌkomunikace,,2736378.0,,Souhlasn˝sesmÏrem˙seku,Pomal˝,507580.0,342157.0,GN_V0.1UIR-ADR_410,1
70606190026,6,,2019-01-08,2,2560,3,0,9,2,1,0,204,0,0,0,150,2,6,1,5,1,1,1,8,3,3,0,5,1,10,6.0,17,,XX,,,,,,,0,,,,"-483657,621","-1087508,586","-483657,621","-1087508,586","-483662,498","-1087511,313",Bolatice,Svobody,,mÌstnÌkomunikace,,416535.0,,Souhlasn˝sesmÏrem˙seku,Pomal˝,506214.0,336092.0,GN_V0.1UIR-ADR_410,1
70606190027,1,57.0,2019-01-09,3,1700,5,0,0,2,4,0,100,0,0,0,900,2,5,1,5,6,1,1,1,0,0,0,1,1,0,,3,4.0,10,1.0,0.0,1.0,0.0,1.0,3.0,900,2.0,1.0,5.0,"-483658,366","-1087525,157","-498984,392","-1099060,175","-498981,901","-1099058,393",,,,silnice1.t¯Ìdy,57,1260954.0,,Souhlasn˝sesmÏrem˙seku,Pomal˝,506451.0,,GN_V0.1UIR-ADR_410,2
70606190028,1,46.0,2019-01-09,3,1718,5,0,0,2,4,0,100,0,0,0,130,2,3,1,5,7,1,1,1,0,0,0,3,1,0,,3,35.0,02,1.0,0.0,1.0,0.0,1.0,1.0,100,2.0,1.0,5.0,"-486605,804","-1082135,686","-486598,284","-1082148,578","-486598,707","-1082149,139",,,,silnice1.t¯Ìdy,46,400942.0,,Souhlasn˝sesmÏrem˙seku,Pomal˝,507504.0,,GN_V0.1UIR-ADR_410,2
70606190029,1,57.0,2019-01-10,4,425,1,1,0,2,1,2,403,0,0,0,30,2,3,1,1,6,1,1,1,3,3,0,4,2,19,6.0,5,12.0,18,3.0,0.0,1.0,0.0,1.0,24.0,0,3.0,1.0,1.0,"-496987,727","-1088414,979","-497021,567","-1088402,624","-497021,035","-1088402,883",Opava,Hradeck·,,silnice1.t¯Ìdy,57,419563.0,,OpaËn˝kesmÏru˙seku,Pomal˝,505927.0,344672.0,GN_V0.1UIR-ADR_410,1
70606190030,6,,2019-01-10,4,1450,2,0,0,2,1,2,504,0,0,0,400,2,3,1,1,1,1,0,0,0,0,10,1,2,0,,3,39.0,14,1.0,0.0,1.0,0.0,1.0,5.0,100,2.0,1.0,1.0,"-497686,669","-1087654,874","-497686,669","-1087654,874","-497697,96","-1087632,255",Opava,Alöova,,mÌstnÌkomunikace,,716197.0,,Souhlasn˝sesmÏrem˙seku,Pomal˝,505927.0,343901.0,GN_V0.1UIR-ADR_410,1
70606190031,2,464.0,2019-01-10,4,1530,9,0,0,1,1,2,204,0,0,1,50,2,6,1,5,3,1,1,1,0,0,0,3,1,0,,3,32.0,97,1.0,0.0,1.0,0.0,1.0,3.0,50,2.0,1.0,1.0,"-495569,018","-1091444,066","-495569,018","-1091444,066","-495568,295","-1091443,319",,,,silnice2.t¯Ìdy,464,1739286.0,,Souhlasn˝sesmÏrem˙seku,Pomal˝,505927.0,,GN_V0.1UIR-ADR_410,2
70606190032,3,4696.0,2019-01-10,4,1935,5,0,0,2,4,0,100,0,0,0,250,2,6,1,5,7,1,1,1,0,0,0,1,1,0,,3,39.0,06,1.0,0.0,1.0,0.0,1.0,1.0,200,2.0,1.0,5.0,"-494612,898","-1093034,925","-473111,776","-1091772,68","-473113,465","-1091774,811",,,,silnice3.t¯Ìdy,4696,3039098.0,,OpaËn˝kesmÏru˙seku,Pomal˝,508128.0,,GN_V0.1UIR-ADR_410,2
70606190033,2,442.0,2019-01-11,5,620,3,0,1,2,1,2,510,0,0,0,100,2,6,1,6,7,1,1,3,0,0,0,1,1,0,,3,55.0,99,1.0,0.0,1.0,0.0,1.0,1.0,100,3.0,1.0,1.0,"-515611,984","-1093314,875","-515611,984","-1093314,875","-515606,765","-1093316,911",,,,silnice2.t¯Ìdy,442,2110092.0,,Souhlasn˝sesmÏrem˙seku,Pomal˝,507377.0,,GN_V0.1UIR-ADR_410,2
70606190034,3,46018.0,2019-01-10,4,2560,3,0,9,2,1,0,204,0,0,0,200,2,5,1,1,1,1,1,1,0,0,0,1,1,0,,17,,XX,,,,,,,0,,,,"-511914,854","-1084289,509","-511914,854","-1084289,509","-511915,242","-1084288,401",VelkÈHeraltice,,,silnice3.t¯Ìdy,46018,1620108.0,,OpaËn˝kesmÏru˙seku,Pomal˝,510891.0,,GN_V0.1UIR-ADR_410,1
70606190035,6,,2019-01-11,5,1110,3,0,9,2,1,2,509,0,0,0,650,2,3,1,1,1,1,1,1,0,0,0,1,1,0,,3,60.0,18,3.0,0.0,1.0,0.0,1.0,5.0,300,2.0,1.0,1.0,"-496846,244","-1089204,57","-496846,244","-1089204,57","-496838,409","-1089203,638",Opava,Palisova,,mÌstnÌkomunikace,,422222.0,,Souhlasn˝sesmÏrem˙seku,Pomal˝,505927.0,698881.0,GN_V0.1UIR-ADR_410,1
70606190036,6,,2019-01-11,5,1300,3,0,9,2,1,2,204,0,0,0,400,2,6,1,1,1,1,1,1,0,0,0,1,1,0,,3,39.0,07,1.0,1.0,1.0,0.0,1.0,5.0,300,2.0,1.0,1.0,"-495668,198","-1087822,065","-495655,307","-1087818,305","-495654,677","-1087817,347",Opava,Holasick·,,mÌstnÌkomunikace,,3581413.0,,Souhlasn˝sesmÏrem˙seku,Pomal˝,505927.0,344575.0,GN_V0.1UIR-ADR_410,1
70606190037,1,46.0,2019-01-11,5,1735,5,0,0,2,4,0,100,0,0,0,100,2,6,1,5,7,1,2,1,0,0,0,1,1,0,,3,8.0,18,3.0,0.0,1.0,0.0,1.0,3.0,100,3.0,1.0,5.0,"-511910,375","-1091050,716","-511910,375","-1091050,716","-511911,733","-1091056,948",,,,silnice1.t¯Ìdy,46,2113287.0,,OpaËn˝kesmÏru˙seku,Pomal˝,507377.0,,GN_V0.1UIR-ADR_410,2
70606190038,1,11.0,2019-01-11,5,2040,2,0,0,2,1,2,204,0,0,0,1510,2,8,1,5,5,1,1,1,0,0,10,3,2,0,,3,39.0,02,1.0,1.0,1.0,0.0,1.0,3.0,500,2.0,1.0,1.0,"-508631,109","-1082679,02","-508631,109","-1082679,02","-508636,219","-1082671,32",VelkÈHeraltice,Opavsk·,,silnice1.t¯Ìdy,11,801495.0,,Souhlasn˝sesmÏrem˙seku,Pomal˝,510891.0,350028.0,GN_V0.1UIR-ADR_410,1
70606190039,1,46.0,2019-01-12,6,425,3,0,1,2,1,2,204,0,0,0,1000,2,6,1,5,7,1,1,1,0,0,0,1,1,0,,3,44.0,11,1.0,1.0,1.0,0.0,1.0,3.0,1000,2.0,1.0,1.0,"-487388,005","-1081433,059","-487388,005","-1081433,059","-487390,254","-1081434,394",,,,silnice1.t¯Ìdy,46,1333372.0,,Souhlasn˝sesmÏrem˙seku,Pomal˝,507105.0,,GN_V0.1UIR-ADR_410,2
70606190040,3,4644.0,2019-01-12,6,845,1,3,0,2,1,0,502,0,0,0,10,2,3,12,1,1,1,1,1,0,0,0,1,2,0,,17,,XX,,,,,,,0,,,,"-497522,899","-1093475,858","-497522,899","-1093475,858","-497523,114","-1093484,781",,,,silnice3.t¯Ìdy,4644,1620292.0,,OpaËn˝kesmÏru˙seku,Pomal˝,569909.0,,GN_V0.1UIR-ADR_410,2
70606190041,2,464.0,2019-01-12,6,1800,3,0,3,2,1,9,505,0,0,0,320,2,3,1,1,4,1,1,1,0,0,0,3,1,0,,3,31.0,14,3.0,0.0,1.0,0.0,1.0,1.0,300,2.0,5.0,0.0,"-496370,924","-1089923,82","-496372,535","-1089931,877","-496372,643","-1089931,809",Opava,BÌloveck·,,silnice2.t¯Ìdy,464,424814.0,,Souhlasn˝sesmÏrem˙seku,Pomal˝,505927.0,343986.0,GN_V0.1UIR-ADR_410,1
70606190042,1,57.0,2019-01-12,6,1900,5,0,0,2,4,0,100,0,0,0,250,2,3,1,1,6,1,1,1,0,0,0,1,1,0,,3,39.0,07,1.0,0.0,1.0,0.0,1.0,1.0,200,2.0,1.0,5.0,"-500761,55","-1082776,648","-500761,55","-1082776,648","-500754,056","-1082768,604",,,,silnice1.t¯Ìdy,57,1465223.0,,Souhlasn˝sesmÏrem˙seku,Pomal˝,505927.0,,GN_V0.1UIR-ADR_410,2
70606190043,3,1130.0,2019-01-13,0,1635,4,0,0,1,1,2,504,0,0,1,0,2,1,1,1,2,1,1,6,0,0,0,1,1,0,,3,47.0,00,1.0,0.0,1.0,0.0,1.0,1.0,0,2.0,1.0,1.0,"-495762,306","-1087012,124","-495762,306","-1087012,124","-495764,494","-1087018,832",Opava,VrchnÌ,,silnice3.t¯Ìdy,01130,415003.0,,Souhlasn˝sesmÏrem˙seku,Pomal˝,505927.0,347582.0,GN_V0.1UIR-ADR_410,1
70606190044,6,,2019-01-13,0,2560,0,0,0,2,1,0,502,0,0,0,300,2,3,1,1,1,1,1,2,0,0,0,1,2,0,,17,,XX,,,,,,,0,,,,"-498391,776","-1087979,556","-498391,776","-1087979,556","-498393,851","-1087980,555",Opava,,,mÌstnÌkomunikace,,1515702.0,,OpaËn˝kesmÏru˙seku,Pomal˝,505927.0,,GN_V0.1UIR-ADR_410,1
70606190045,6,,2019-01-13,0,2560,2,0,0,2,1,0,504,0,0,0,100,2,3,1,1,4,1,1,0,0,0,0,1,2,0,,17,,XX,,,,,,,0,,,,"-476450,991","-1094781,27","-476450,991","-1094781,27","-476445,085","-1094787,333",HluËÌn,28.¯Ìjna,,mÌstnÌkomunikace,,438217.0,,OpaËn˝kesmÏru˙seku,Pomal˝,507016.0,339008.0,GN_V0.1UIR-ADR_410,1
70606190046,3,4609.0,2019-01-14,1,657,9,0,0,1,2,3,511,0,0,1,0,2,6,1,6,6,1,1,1,0,0,0,1,1,0,,13,0.0,,1.0,0.0,1.0,0.0,1.0,1.0,0,8.0,4.0,1.0,"-507941,39","-1087960,101","-507941,39","-1087960,101","-507941,373","-1087959,228",,,,silnice3.t¯Ìdy,4609,2109848.0,,Souhlasn˝sesmÏrem˙seku,Pomal˝,553093.0,,GN_V0.1UIR-ADR_410,2
70606190047,3,1137.0,2019-01-14,1,1350,3,0,1,2,1,2,516,0,0,0,100,2,3,1,1,1,1,1,1,0,0,0,1,1,0,,8,99.0,18,4.0,0.0,1.0,0.0,1.0,1.0,100,4.0,1.0,1.0,"-475631,392","-1095831,808","-475631,392","-1095831,808","-475626,936","-1095827,471",,,,silnice3.t¯Ìdy,01137,3457935.0,,Souhlasn˝sesmÏrem˙seku,Pomal˝,507016.0,,GN_V0.1UIR-ADR_410,2
70606190048,1,57.0,2019-01-14,1,1415,4,0,0,1,1,0,412,0,0,1,0,2,1,1,1,1,1,1,1,0,0,1,1,1,0,,5,10.0,00,3.0,0.0,1.0,0.0,1.0,1.0,0,3.0,1.0,1.0,"-499247,148","-1094366,052","-499247,148","-1094366,052","-499254,041","-1094365,182",HradecnadMoravicÌ,Opavsk·,,silnice1.t¯Ìdy,57,436540.0,,OpaËn˝kesmÏru˙seku,Pomal˝,507270.0,340669.0,GN_V0.1UIR-ADR_410,1
70606190049,3,46819.0,2019-01-13,0,615,5,0,0,2,4,0,100,0,0,0,100,2,8,1,5,7,1,1,1,0,0,0,1,1,0,,5,27.0,06,1.0,0.0,1.0,0.0,1.0,1.0,100,2.0,1.0,5.0,"-478837,61","-1088564,465","-478837,61","-1088564,465","-478837,694","-1088562,525",,,,silnice3.t¯Ìdy,46819,3038875.0,,Souhlasn˝sesmÏrem˙seku,Pomal˝,506192.0,335720.0,GN_V0.1UIR-ADR_410,2
70606190050,6,,2019-01-15,2,2560,3,0,9,2,1,0,506,0,0,0,50,2,6,12,1,1,2,0,1,0,0,0,3,1,0,,17,,XX,,,,,,,0,,,,,,"-476862,552","-1094263,066","-476862,516","-1094263,115",HluËÌn,FarnÌ,,mÌstnÌkomunikace,,3324290.0,,Souhlasn˝sesmÏrem˙seku,Pomal˝,507016.0,339156.0,GN_V0.1UIR-ADR_410,1
70606190051,6,,2019-01-15,2,1150,2,0,0,2,1,0,506,0,0,0,250,2,1,1,1,1,1,1,0,0,0,10,1,2,0,,3,39.0,15,3.0,0.0,1.0,0.0,1.0,5.0,50,9.0,,,,,"-496815,805","-1087421,144","-496815,328","-1087421,2",Opava,,,mÌstnÌkomunikace,,3375005.0,,Souhlasn˝sesmÏrem˙seku,Pomal˝,505927.0,,GN_V0.1UIR-ADR_410,1
70606190052,3,1137.0,2019-01-16,3,1335,3,0,1,1,1,2,201,0,0,1,800,2,3,1,1,1,1,1,1,0,0,0,2,1,0,,3,47.0,01,1.0,0.0,1.0,0.0,1.0,1.0,800,2.0,1.0,1.0,"-475944,659","-1095596,172","-475944,659","-1095596,172","-475944,857","-1095596,387",,,,silnice3.t¯Ìdy,01137,3563601.0,,OpaËn˝kesmÏru˙seku,Pomal˝,507016.0,339270.0,GN_V0.1UIR-ADR_410,2
70606190053,3,4676.0,2019-01-16,3,1730,1,2,0,2,1,0,506,0,0,0,50,2,1,1,1,6,1,1,1,0,0,0,1,2,0,,17,,XX,,,,,,,0,,,,"-483354,107","-1092383,793","-483354,107","-1092383,793","-483357,703","-1092379,925",,,,silnice3.t¯Ìdy,4676,1705849.0,,Souhlasn˝sesmÏrem˙seku,Pomal˝,506702.0,,GN_V0.1UIR-ADR_410,2
70606190054,6,,2019-01-16,3,2560,2,0,0,2,1,0,506,0,0,0,100,2,3,12,1,4,1,0,0,0,0,10,1,2,0,,17,,XX,,,,,,,0,,,,"-491982,587","-1086040,337","-491982,587","-1086040,337","-491979,262","-1086030,166",ChlebiËov,äkolnÌ,,mÌstnÌkomunikace,,412274.0,,Souhlasn˝sesmÏrem˙seku,Pomal˝,512923.0,340936.0,GN_V0.1UIR-ADR_410,1
70606190055,1,57.0,2019-01-15,2,1715,3,0,1,1,1,0,204,0,0,1,1010,2,6,12,1,6,1,1,1,0,0,0,1,1,0,,3,4.0,08,1.0,0.0,1.0,0.0,1.0,3.0,1000,3.0,1.0,1.0,,,"-501259,983","-1105523,849","-501271,092","-1105524,217",,,,silnice1.t¯Ìdy,57,2110184.0,,OpaËn˝kesmÏru˙seku,Pomal˝,506451.0,,GN_V0.1UIR-ADR_410,2
70606190056,1,57.0,2019-01-17,4,720,5,0,0,2,4,0,100,0,0,0,350,2,1,1,1,2,1,1,1,0,0,0,1,1,0,,5,12.0,14,3.0,0.0,1.0,0.0,1.0,1.0,300,3.0,1.0,5.0,"-501287,138","-1105351,561","-501287,138","-1105351,561","-501283,61","-1105351,263",,,,silnice1.t¯Ìdy,57,2110185.0,,Souhlasn˝sesmÏrem˙seku,Pomal˝,506451.0,,GN_V0.1UIR-ADR_410,2
70606190057,1,56.0,2019-01-18,5,705,5,0,0,2,1,6,516,0,0,0,350,2,1,1,1,2,1,1,1,3,5,0,1,1,0,,3,39.0,10,1.0,0.0,1.0,0.0,1.0,1.0,300,2.0,4.0,0.0,,,"-486234,561","-1090238,561","-486235,994","-1090241,575",,,,silnice1.t¯Ìdy,56,3037820.0,,OpaËn˝kesmÏru˙seku,Pomal˝,507580.0,,GN_V0.1UIR-ADR_410,2
70606190058,1,56.0,2019-01-18,5,935,3,0,3,2,1,2,209,0,0,0,30,2,1,1,1,1,1,1,0,3,5,2,1,1,0,,5,3.0,92,3.0,0.0,1.0,0.0,1.0,3.0,10,3.0,1.0,1.0,,,"-495033,19","-1087250,383","-495033,712","-1087251,489",Opava,HluËÌnsk·,,silnice1.t¯Ìdy,56,757074.0,,OpaËn˝kesmÏru˙seku,Pomal˝,505927.0,344541.0,GN_V0.1UIR-ADR_410,1
70606190059,6,,2019-01-17,4,2560,2,0,0,2,1,0,516,0,0,0,10,2,1,1,1,4,1,1,1,3,5,0,1,2,0,,17,,XX,,,,,,,0,,,,,,"-496421,303","-1088176,319","-496420,947","-1088175,908",Opava,SkladiötnÌ,,mÌstnÌkomunikace,,1773271.0,,,Pomal˝,505927.0,346659.0,GN_V0.1UIR-ADR_410,1
70606190060,6,,2019-01-18,5,1055,1,4,0,2,1,2,508,0,0,0,200,2,2,1,1,1,1,1,1,3,5,0,1,2,0,,5,43.0,90,3.0,0.0,1.0,0.0,1.0,5.0,150,3.0,1.0,1.0,,,"-499050,497","-1084528,821","-499041,506","-1084523,906",Opava,V·vrovick·,,mÌstnÌkomunikace,,1620234.0,,Souhlasn˝sesmÏrem˙seku,Pomal˝,505927.0,347469.0,GN_V0.1UIR-ADR_410,1
70606190061,6,,2019-01-19,6,160,2,0,0,2,1,0,516,0,0,0,100,1,1,1,1,6,1,0,0,0,0,10,1,2,0,,17,,XX,,,,,,,0,,,,,,"-497093,613","-1087308,87","-497093,85","-1087309,06",Opava,,,mÌstnÌkomunikace,,1388111.0,,Souhlasn˝sesmÏrem˙seku,Pomal˝,505927.0,,GN_V0.1UIR-ADR_410,1
70606190062,6,,2019-01-19,6,645,2,0,0,2,1,2,502,0,0,0,500,2,1,1,1,4,1,1,1,0,0,0,1,2,0,,5,32.0,15,3.0,0.0,1.0,0.0,1.0,5.0,100,4.0,1.0,1.0,,,"-489634,06","-1089379,023","-489634,119","-1089379,361",Krava¯e,N·b¯eûnÌ,,mÌstnÌkomunikace,,422631.0,,OpaËn˝kesmÏru˙seku,Pomal˝,507580.0,342076.0,GN_V0.1UIR-ADR_410,1