IDENTIFIKA»NÕ »ÕSLO,DRUH POZEMNÕ KOMUNIKACE,»ÕSLO POZEMNÕ KOMUNIKACE,"den, mÏsÌc, rok",,Ëas ,DRUH NEHODY,DRUH SR¡éKY JEDOUCÕCH VOZIDEL,DRUH PEVN… PÿEK¡éKY,CHARAKTER NEHODY,ZAVINÃNÕ NEHODY,ALKOHOL U VINÕKA NEHODY PÿÕTOMEN,HLAVNÕ PÿÕ»INY NEHODY,usmrceno osob,tÏûce zranÏno osob,lehce zranÏno osob,CELKOV¡ HMOTN¡ äKODA,DRUH POVRCHU VOZOVKY,STAV POVRCHU VOZOVKY V DOBÃ NEHODY,STAV KOMUNIKACE,POVÃTRNOSTNÕ PODMÕNKY V DOBÃ NEHODY,VIDITELNOST,ROZHLEDOV… POMÃRY,DÃLENÕ KOMUNIKACE,SITUOV¡NÕ NEHODY NA KOMUNIKACI,ÿÕZENÕ PROVOZU V DOBÃ NEHODY,MÕSTNÕ ⁄PRAVA PÿEDNOSTI V JÕZDÃ,SPECIFICK¡ MÕSTA A OBJEKTY V MÕSTÃ NEHODY,SMÃROV… POMÃRY,PO»ET Z⁄»ASTNÃN›CH VOZIDEL,MÕSTO DOPRAVNÕ NEHODY,DRUH KÿIéUJÕCÕ KOMUNIKACE,DRUH VOZIDLA,V›ROBNÕ ZNA»KA MOTOROV…HO VOZIDLA,ROK V›ROBY VOZIDLA,CHARAKTERISTIKA VOZIDLA ,SMYK,VOZIDLO PO NEHODÃ,"⁄NIK PROVOZNÕCH, PÿEPRAVOVAN›CH HMOT",ZPŸSOB VYPROäTÃNÕ OSOB Z VOZIDLA,SMÃR JÕZDY NEBO POSTAVENÕ VOZIDLA,äKODA NA VOZIDLE,KATEGORIE ÿIDI»E,STAV ÿIDI»E,VNÃJäÕ OVLIVNÃNÕ ÿIDI»E,nan.1,nan.2,nan.3,nan.4,nan.5,nan.6,nan.7,nan.8,nan.9,nan.10,nan.11,nan.12,nan.13,nan.14,nan.15,nan.16,nan.17,nan.18,LOKALITA NEHODY
70606190063,3,4673.0,2019-01-18,5,2560,3,0,1,2,1,9,203,0,0,0,500,2,1,1,1,1,1,1,8,0,0,0,3,1,0,,3,60.0,02,1.0,1.0,1.0,0.0,1.0,3.0,400,2.0,5.0,1.0,"-480049,823","-1096668,386","-480049,823","-1096668,386","-480047,739","-1096662,52",,,,silnice3.t¯Ìdy,4673,1703982.0,,Souhlasn˝sesmÏrem˙seku,Pomal˝,569895.0,,GN_V0.1UIR-ADR_410,2
70606190064,6,,2019-01-19,6,1118,2,0,0,2,1,2,502,0,0,0,150,2,1,1,1,1,1,1,1,3,3,2,4,2,10,6.0,7,10.0,17,3.0,0.0,1.0,0.0,1.0,5.0,0,4.0,1.0,1.0,,,"-497620,386","-1088105,261","-497614,293","-1088122,047",Opava,Engliöova,,mÌstnÌkomunikace,,716215.0,,Souhlasn˝sesmÏrem˙seku,Pomal˝,505927.0,344320.0,GN_V0.1UIR-ADR_410,1
70606190065,6,,2019-01-19,6,2560,2,0,0,2,1,0,504,0,0,0,200,2,1,1,1,1,1,1,8,0,0,10,1,2,0,,17,,XX,,,,,,,0,,,,"-494130,37","-1089152,997","-494130,37","-1089152,997","-494127,223","-1089144,366",Opava,TÏöÌnsk·,,mÌstnÌkomunikace,,3040048.0,,Souhlasn˝sesmÏrem˙seku,Pomal˝,505927.0,346969.0,GN_V0.1UIR-ADR_410,1
70606190066,6,,2019-01-20,0,1517,3,0,7,2,1,2,414,0,0,0,300,2,1,1,1,1,1,1,1,0,0,4,1,1,0,,9,0.0,18,3.0,0.0,1.0,0.0,1.0,5.0,0,3.0,1.0,1.0,"-504502,984","-1078739,226","-504502,984","-1078739,226","-504505,823","-1078736,345",Brumovice,HraniËnÌ,,mÌstnÌkomunikace,,390745.0,,Souhlasn˝sesmÏrem˙seku,Pomal˝,506320.0,336254.0,GN_V0.1UIR-ADR_410,1
70606190067,1,11.0,2019-01-20,0,1645,5,0,0,2,4,0,100,0,0,0,200,2,1,1,1,2,1,1,1,0,0,0,1,1,0,,3,13.0,02,3.0,0.0,1.0,0.0,1.0,3.0,200,2.0,1.0,5.0,"-512329,874","-1081466,9","-512329,874","-1081466,9","-512332,247","-1081457,11",VelkÈHeraltice,,,silnice1.t¯Ìdy,11,1465049.0,,Souhlasn˝sesmÏrem˙seku,Pomal˝,510891.0,,GN_V0.1UIR-ADR_410,1
70606190068,3,4426.0,2019-01-20,0,2135,3,0,1,2,1,2,508,0,0,0,400,2,1,1,1,6,1,1,1,3,5,0,1,1,0,,5,32.0,15,1.0,0.0,1.0,1.0,1.0,1.0,400,2.0,1.0,1.0,"-512345,734","-1103279,965","-512297,813","-1103307,169","-512296,862","-1103308,02",,,,silnice3.t¯Ìdy,4426,3034511.0,,Souhlasn˝sesmÏrem˙seku,Pomal˝,569950.0,,GN_V0.1UIR-ADR_410,2
70606190069,6,,2019-01-22,2,550,2,0,0,2,1,2,508,0,0,0,950,2,1,1,1,4,1,1,1,0,0,0,1,3,0,,3,39.0,00,1.0,0.0,1.0,0.0,1.0,5.0,50,2.0,1.0,1.0,"-489486,26","-1089301,823","-484026,382","-1090628,523",-484030,"-1090626,435",DolnÌBeneöov,N·draûnÌ,,mÌstnÌkomunikace,,426669.0,,Souhlasn˝sesmÏrem˙seku,Pomal˝,506702.0,337404.0,GN_V0.1UIR-ADR_410,1
70606190070,2,443.0,2019-01-22,2,715,5,0,0,2,4,0,100,0,0,0,200,2,1,1,1,2,1,1,1,0,0,0,1,1,0,,3,39.0,01,1.0,0.0,1.0,0.0,1.0,1.0,200,2.0,1.0,5.0,,,"-505609,942","-1094144,236","-505609,463","-1094145,389",,,,silnice2.t¯Ìdy,443,2110100.0,,Souhlasn˝sesmÏrem˙seku,Pomal˝,568279.0,,GN_V0.1UIR-ADR_410,2
70606190071,1,57.0,2019-01-22,2,1653,1,4,0,2,1,2,503,0,0,0,1200,2,1,1,1,2,1,1,1,3,3,0,5,2,19,3.0,3,7.0,17,3.0,0.0,1.0,1.0,1.0,13.0,1000,2.0,1.0,1.0,"-501034,122","-1082502,594","-501064,74","-1082475,736","-501064,125","-1082475,094",,,,silnice1.t¯Ìdy,57,2736211.0,,Souhlasn˝sesmÏrem˙seku,Pomal˝,505927.0,,GN_V0.1UIR-ADR_410,2
70606190072,3,4641.0,2019-01-22,2,1725,4,0,0,2,3,0,100,0,0,0,150,2,1,1,1,4,1,1,1,0,0,2,2,1,0,,3,47.0,13,1.0,0.0,1.0,0.0,1.0,1.0,150,2.0,1.0,1.0,"-496377,95","-1087622,797","-496377,95","-1087622,797","-496384,106","-1087624,649",Opava,N·kladnÌ,,silnice3.t¯Ìdy,4641,752240.0,,Souhlasn˝sesmÏrem˙seku,Pomal˝,505927.0,345687.0,GN_V0.1UIR-ADR_410,1
70606190073,2,442.0,2019-01-23,3,1250,0,0,0,2,1,2,516,0,0,0,200,2,1,1,1,1,1,1,1,0,0,0,1,2,0,,5,3.0,92,3.0,0.0,1.0,0.0,1.0,1.0,0,3.0,1.0,1.0,"-513923,002","-1102580,429","-513923,002","-1102580,429","-513921,861","-1102578,436",,,,silnice2.t¯Ìdy,442,3070607.0,,Souhlasn˝sesmÏrem˙seku,Pomal˝,547131.0,,GN_V0.1UIR-ADR_410,2
70606190074,3,44344.0,2019-01-18,5,1510,1,4,0,1,1,0,502,0,0,1,0,2,1,1,1,1,1,1,1,1,0,0,1,2,0,,17,,XX,,,,,,,0,,,,"-513954,955","-1102561,013","-504961,342","-1091045,653","-504956,255","-1091050,203",,,,silnice3.t¯Ìdy,44344,3186225.0,,Souhlasn˝sesmÏrem˙seku,Pomal˝,553051.0,,GN_V0.1UIR-ADR_410,2
70606190075,6,,2019-01-23,3,2560,2,0,0,2,1,0,504,0,0,0,50,3,1,1,1,2,1,1,1,3,3,10,1,2,0,,17,,XX,,,,,,,0,,,,"-497030,423","-1087482,915","-497030,423","-1087482,915","-497028,651","-1087483,737",Opava,Pivovarsk·,,mÌstnÌkomunikace,,416508.0,,Souhlasn˝sesmÏrem˙seku,Pomal˝,505927.0,346276.0,GN_V0.1UIR-ADR_410,1
70606190076,1,56.0,2019-01-24,4,510,5,0,0,2,4,0,100,0,0,0,350,2,1,1,1,6,1,1,1,0,0,0,3,1,0,,5,62.0,18,3.0,0.0,1.0,0.0,1.0,1.0,300,3.0,1.0,5.0,"-485893,754","-1090378,92","-485893,754","-1090378,92","-485893,786","-1090379,101",,,,silnice1.t¯Ìdy,56,1710464.0,,OpaËn˝kesmÏru˙seku,Pomal˝,507580.0,,GN_V0.1UIR-ADR_410,2
70606190077,3,4605.0,2019-01-24,4,1235,2,0,0,2,1,2,204,0,0,0,800,2,6,1,1,1,1,1,1,0,0,0,3,3,0,,5,43.0,86,3.0,1.0,1.0,0.0,1.0,1.0,100,3.0,1.0,1.0,"-506342,284","-1078123,851","-506342,284","-1078123,851","-506340,85","-1078125,431",Brumovice,HlavnÌ,,silnice3.t¯Ìdy,4605,388851.0,,Souhlasn˝sesmÏrem˙seku,Pomal˝,506320.0,336289.0,GN_V0.1UIR-ADR_410,1
70606190078,3,4671.0,2019-01-24,4,1704,1,3,0,1,1,2,402,0,0,1,105,2,1,1,1,2,1,1,1,3,3,0,4,2,19,6.0,3,16.0,14,3.0,0.0,1.0,0.0,1.0,24.0,100,2.0,1.0,1.0,"-485487,385","-1083665,891","-485487,385","-1083665,891","-485481,631","-1083658,015",Kobe¯ice,HluËÌnsk·,,silnice3.t¯Ìdy,4671,405478.0,,OpaËn˝kesmÏru˙seku,Pomal˝,507504.0,341266.0,GN_V0.1UIR-ADR_410,1
70606190079,6,,2019-01-25,5,815,1,3,0,2,1,2,506,0,0,0,1050,2,3,1,1,1,1,1,1,0,0,0,1,2,0,,3,31.0,06,18.0,0.0,1.0,0.0,1.0,5.0,50,7.0,1.0,1.0,,,"-496777,471","-1087611,371","-496778,127","-1087611,161",Opava,Peka¯sk·,,mÌstnÌkomunikace,,417040.0,,Souhlasn˝sesmÏrem˙seku,Pomal˝,505927.0,346233.0,GN_V0.1UIR-ADR_410,1
70606190080,1,46.0,2019-01-25,5,1345,1,3,0,2,1,2,305,0,0,0,700,2,3,1,1,1,1,1,1,3,5,1,5,2,19,3.0,3,39.0,06,1.0,0.0,1.0,0.0,1.0,13.0,300,7.0,0.0,0.0,"-508527,573","-1090628,234","-508525,424","-1090615,877","-508524,757","-1090617,585",Litultovice,,,silnice1.t¯Ìdy,46,1260368.0,,OpaËn˝kesmÏru˙seku,Pomal˝,507920.0,,GN_V0.1UIR-ADR_410,1
70606190081,6,,2019-01-25,5,1945,2,0,0,2,1,9,504,0,0,0,550,2,1,1,1,4,1,1,8,0,0,0,1,2,0,,3,35.0,02,1.0,0.0,0.0,0.0,1.0,5.0,50,3.0,5.0,1.0,"-495776,098","-1087226,304","-495776,098","-1087226,304","-495771,823","-1087216,978",Opava,EdvardaBeneöe,,mÌstnÌkomunikace,,415834.0,,Souhlasn˝sesmÏrem˙seku,Pomal˝,505927.0,344303.0,GN_V0.1UIR-ADR_410,1
70606190082,1,56.0,2019-01-25,5,2300,1,1,0,2,1,2,205,0,0,0,600,2,1,1,1,4,1,1,1,0,0,0,3,2,0,,3,9.0,00,1.0,1.0,1.0,1.0,1.0,3.0,300,2.0,1.0,1.0,,,"-494584,034","-1087483,697","-494583,094","-1087483,165",,,,silnice1.t¯Ìdy,56,1656249.0,,Souhlasn˝sesmÏrem˙seku,Pomal˝,505927.0,344541.0,GN_V0.1UIR-ADR_410,2
70606190083,2,442.0,2019-01-26,6,1330,3,0,9,2,1,0,204,0,0,0,200,2,5,1,6,1,1,1,1,3,3,0,1,1,0,,17,,XX,,,,,,,0,,,,,,"-515823,922","-1092649,329","-515823,462","-1092648,482",Jakartovice,,,silnice2.t¯Ìdy,442,3247247.0,,Souhlasn˝sesmÏrem˙seku,Pomal˝,507377.0,,GN_V0.1UIR-ADR_410,1
70606190084,6,,2019-01-21,1,2560,2,0,0,2,1,0,504,0,0,0,200,2,3,1,1,1,1,0,1,3,3,0,1,2,0,,17,,XX,,,,,,,0,,,,"-496614,915","-1087952,636","-496614,915","-1087952,636","-496619,917","-1087958,908",Opava,HrnËÌ¯sk·,,mÌstnÌkomunikace,,716207.0,,Souhlasn˝sesmÏrem˙seku,Pomal˝,505927.0,344699.0,GN_V0.1UIR-ADR_410,1
70606190085,1,11.0,2019-01-28,1,820,3,0,4,2,1,2,204,0,0,0,200,2,5,1,5,3,1,1,1,0,0,0,2,1,0,,3,39.0,15,2.0,0.0,1.0,0.0,1.0,1.0,200,2.0,1.0,1.0,,,"-484519,32","-1095926,535","-484518,367","-1095908,765",,,,silnice1.t¯Ìdy,11,3321152.0,,Souhlasn˝sesmÏrem˙seku,Pomal˝,507261.0,,GN_V0.1UIR-ADR_410,2
70606190086,1,11.0,2019-01-28,1,850,3,0,4,2,1,2,204,0,0,0,550,2,6,1,5,3,1,1,1,0,0,0,3,1,0,,3,47.0,11,3.0,0.0,1.0,0.0,1.0,3.0,500,2.0,1.0,1.0,,,"-485447,926","-1094984,056","-485449,472","-1094984,603",,,,silnice1.t¯Ìdy,11,3321163.0,,Souhlasn˝sesmÏrem˙seku,Pomal˝,507261.0,,GN_V0.1UIR-ADR_410,2
70606190087,1,46.0,2019-01-28,1,825,9,0,0,1,1,2,204,0,0,1,200,2,5,1,5,3,1,1,1,0,0,0,1,1,0,,3,44.0,99,1.0,0.0,1.0,0.0,1.0,1.0,200,2.0,1.0,1.0,,,"-500011,906","-1088865,566","-500004,93","-1088883,852",,,,silnice1.t¯Ìdy,46,1465228.0,,Souhlasn˝sesmÏrem˙seku,Pomal˝,510289.0,348465.0,GN_V0.1UIR-ADR_410,2
70606190088,6,,2019-01-28,1,1015,3,0,9,2,1,2,204,0,0,0,1050,2,8,1,5,3,1,1,1,0,0,0,2,1,0,,3,2.0,16,3.0,1.0,1.0,0.0,1.0,5.0,1000,2.0,1.0,1.0,,,"-487266,811","-1087134,585","-487266,84","-1087134,579",ätÏp·nkovice,HlavnÌ,,silnice2.t¯Ìdy,467,415493.0,,OpaËn˝kesmÏru˙seku,Pomal˝,510483.0,349119.0,GN_V0.1UIR-ADR_410,1
70606190089,6,,2019-01-28,1,935,1,1,0,1,1,2,405,0,0,1,1300,2,8,12,5,3,1,1,1,3,4,0,5,2,10,7.0,8,78.0,09,3.0,0.0,1.0,0.0,1.0,5.0,300,4.0,1.0,1.0,,,"-496013,371","-1088689,431","-496012,899","-1088688,618",Opava,Jansk·,,mÌstnÌkomunikace,,2601865.0,,OpaËn˝kesmÏru˙seku,Pomal˝,505927.0,344796.0,GN_V0.1UIR-ADR_410,1
70606190090,1,46.0,2019-01-28,1,850,9,0,0,1,1,2,204,0,0,1,300,2,8,12,5,3,1,1,8,0,0,0,2,1,0,,3,7.0,10,1.0,1.0,0.0,0.0,1.0,3.0,300,2.0,1.0,1.0,,,"-504513,354","-1090431,181","-504512,85","-1090432,647",,,,silnice1.t¯Ìdy,46,426091.0,,OpaËn˝kesmÏru˙seku,Pomal˝,553051.0,,GN_V0.1UIR-ADR_410,2
70606190091,1,57.0,2019-01-28,1,1445,1,2,0,1,1,2,501,0,0,1,5500,2,3,1,5,1,1,1,1,0,0,0,1,2,0,,3,17.0,17,3.0,0.0,1.0,0.0,1.0,1.0,3500,2.0,1.0,1.0,"-496611,47","-1087955,183","-499075,357","-1098927,113","-499074,7","-1098926,665",,,,silnice1.t¯Ìdy,57,1260954.0,,Souhlasn˝sesmÏrem˙seku,Pomal˝,506451.0,,GN_V0.1UIR-ADR_410,2
70606190092,3,4673.0,2019-01-29,2,1300,1,3,0,2,1,2,403,0,0,0,860,2,1,1,1,1,1,1,1,3,3,0,4,2,19,6.0,5,13.0,04,1.0,0.0,1.0,0.0,1.0,21.0,150,2.0,1.0,1.0,"-483835,508","-1093211,867","-483835,508","-1093211,867","-483836,676","-1093214,632",H·jveSlezsku,AntonÌnaVaöka,,silnice3.t¯Ìdy,4673,3573850.0,,OpaËn˝kesmÏru˙seku,Pomal˝,506753.0,338109.0,GN_V0.1UIR-ADR_410,1
70606190093,6,,2019-01-29,2,1415,3,0,9,2,1,9,504,0,0,0,40,2,6,1,1,1,1,1,1,0,0,0,1,1,0,,3,60.0,05,1.0,0.0,1.0,0.0,1.0,5.0,10,2.0,5.0,1.0,"-488332,267","-1081012,639","-488332,267","-1081012,639","-488330,787","-1081015,707",HnÏvoöice,CihelnÌ,,mÌstnÌkomunikace,,397464.0,,OpaËn˝kesmÏru˙seku,Pomal˝,507105.0,340260.0,GN_V0.1UIR-ADR_410,1
70606190094,6,,2019-01-28,1,2560,2,0,0,2,1,0,504,0,0,0,100,2,1,1,1,1,1,1,0,0,0,10,1,2,0,,17,,XX,,,,,,,0,,,,"-476245,806","-1094589,89","-476245,806","-1094589,89","-476258,038","-1094590,459",HluËÌn,Dukelsk·,,mÌstnÌkomunikace,,1740983.0,,Souhlasn˝sesmÏrem˙seku,Pomal˝,507016.0,339148.0,GN_V0.1UIR-ADR_410,1
70606190095,3,4609.0,2019-01-30,3,1500,3,0,9,2,1,0,204,0,0,0,450,2,5,1,6,1,1,1,1,3,3,0,5,1,19,3.0,3,4.0,95,1.0,1.0,0.0,0.0,1.0,43.0,300,2.0,1.0,1.0,"-509668,165","-1087922,439","-509664,942","-1087907,937","-509665,081","-1087908,389",Hlavnice,,,silnice3.t¯Ìdy,4609,3186410.0,,OpaËn˝kesmÏru˙seku,Pomal˝,553093.0,,GN_V0.1UIR-ADR_410,1
70606190096,1,56.0,2019-01-31,4,1430,1,2,0,2,1,0,305,0,0,0,200,1,1,1,1,1,1,1,1,0,0,0,1,2,0,,3,35.0,04,1.0,0.0,1.0,0.0,1.0,1.0,50,2.0,1.0,1.0,"-490251,358","-1088931,044","-490251,358","-1088931,044","-490249,696","-1088926,525",,,,silnice1.t¯Ìdy,56,1621182.0,,Souhlasn˝sesmÏrem˙seku,Pomal˝,510939.0,,GN_V0.1UIR-ADR_410,2
70606190097,6,,2019-01-31,4,1405,3,0,9,1,1,0,516,1,0,0,300,2,0,1,1,1,1,0,8,0,0,10,1,1,0,,3,39.0,14,1.0,0.0,1.0,0.0,1.0,5.0,300,3.0,1.0,1.0,,,"-481052,122","-1089594,947","-481051,61","-1089594,712",Bohuslavice,Opavsk·,,mÌstnÌkomunikace,,423314.0,,OpaËn˝kesmÏru˙seku,Pomal˝,506192.0,,GN_V0.1UIR-ADR_410,1
70606190098,6,,2019-01-31,4,1420,3,0,2,2,1,2,516,0,0,0,100,2,5,1,1,1,1,1,1,3,3,0,1,1,0,,9,0.0,18,3.0,0.0,1.0,0.0,1.0,5.0,0,3.0,1.0,1.0,,,"-518428,761","-1101864,674","-518428,932","-1101864,819",BudiöovnadBudiöovkou,»eskoslovenskÈarm·dy,,mÌstnÌkomunikace,,465268.0,,Souhlasn˝sesmÏrem˙seku,Pomal˝,506460.0,336491.0,GN_V0.1UIR-ADR_410,1
70706190001,5,,2019-01-01,2,345,6,0,0,2,4,0,100,0,0,0,250,2,1,1,1,4,1,1,1,3,4,0,1,1,0,,3,13.0,01,1.0,0.0,1.0,0.0,1.0,1.0,200,3.0,1.0,5.0,"-471719,953","-1105650,023","-471719,953","-1105650,023","-471725,295","-1105649,672",OSTRAVA-JIH-HRABŸVKA,MÌsteck·,,silnice1.t¯Ìdy,56,3305343.0,,Souhlasn˝sesmÏrem˙seku,Pomal˝,554821.0,358738.0,GN_V0.1UIR-ADR_410,1
70706190002,5,,2019-01-01,2,435,3,0,4,1,1,9,203,0,0,1,1700,2,1,1,1,4,1,3,1,0,0,0,1,1,0,,3,4.0,01,1.0,0.0,1.0,0.0,1.0,1.0,800,7.0,5.0,1.0,,,"-474061,588","-1101756,051","-474060,872","-1101756,517",MARI¡NSK…HORYAHULV¡KY,Mari·nskohorsk·,,silnice2.t¯Ìdy,647,3571776.0,,Souhlasn˝sesmÏrem˙seku,Pomal˝,554821.0,358215.0,GN_V0.1UIR-ADR_410,1
70706190003,5,,2019-01-01,2,2560,3,0,1,2,1,0,203,0,0,0,200,2,1,1,1,1,1,1,8,0,0,0,3,1,0,,5,13.0,16,3.0,0.0,1.0,0.0,1.0,1.0,200,9.0,,,"-472392,516","-1111399,147","-472378,014","-1111417,946","-472377,99","-1111417,466",NOV¡BÃL¡,Mitrovick·,,silnice3.t¯Ìdy,47811,498433.0,,Souhlasn˝sesmÏrem˙seku,Pomal˝,554821.0,358754.0,GN_V0.1UIR-ADR_410,1
70706190004,6,,2019-01-01,2,1650,2,0,0,2,1,2,508,0,0,0,40,2,3,1,1,4,1,1,1,0,0,0,3,2,0,,3,39.0,07,1.0,0.0,1.0,0.0,1.0,5.0,20,4.0,1.0,1.0,,,"-473455,707","-1108116,96","-473455,711","-1108117,059",OSTRAVA-JIH-DUBINA,V·clavaJi¯ikovskÈho,,mÌstnÌkomunikace,,3044676.0,,OpaËn˝kesmÏru˙seku,Pomal˝,554821.0,366960.0,GN_V0.1UIR-ADR_410,1
70706190005,6,,2019-01-01,2,2560,2,0,0,2,1,0,516,0,0,0,600,2,3,1,1,4,1,1,1,0,0,10,1,2,0,,3,4.0,05,1.0,0.0,1.0,0.0,1.0,5.0,100,2.0,1.0,1.0,,,"-477815,551","-1100855,179","-477815,651","-1100855,64",PORUBA,Sokolovsk·,,mÌstnÌkomunikace,,716462.0,,Souhlasn˝sesmÏrem˙seku,Pomal˝,554821.0,364185.0,GN_V0.1UIR-ADR_410,1
70706190006,6,,2019-01-02,3,1115,1,4,0,2,1,2,503,0,0,0,200,2,1,1,1,1,1,1,1,0,0,1,1,2,0,,3,47.0,04,1.0,0.0,1.0,0.0,1.0,5.0,100,2.0,1.0,1.0,,,"-478309,918","-1101219,179","-478312,086","-1101223,604",PORUBA,Opavsk·,,silnice2.t¯Ìdy,479,3357356.0,,Souhlasn˝sesmÏrem˙seku,Pomal˝,554821.0,361143.0,GN_V0.1UIR-ADR_410,1
70706190007,6,,2019-01-01,2,2560,3,0,2,2,1,0,506,0,0,0,90,2,3,1,5,1,1,1,8,0,0,0,3,1,0,,17,,XX,,,,,,,0,,,,,,"-482248,56","-1106194,017","-482248,439","-1106194,224",Klimkovice,Ubarevny,,mÌstnÌkomunikace,,1740566.0,,OpaËn˝kesmÏru˙seku,Pomal˝,599549.0,310450.0,GN_V0.1UIR-ADR_410,1
70706190008,6,,2019-01-02,3,1245,2,0,0,2,1,2,509,0,0,0,1100,1,3,1,1,1,1,1,1,0,0,0,1,3,0,,3,47.0,03,1.0,0.0,1.0,0.0,1.0,5.0,300,2.0,1.0,1.0,,,"-481847,849","-1106067,192","-481851,085","-1106065,664",Klimkovice,N·mÏstÌ,,mÌstnÌkomunikace,,3574305.0,,OpaËn˝kesmÏru˙seku,Pomal˝,599549.0,,GN_V0.1UIR-ADR_410,1
70706190009,6,,2019-01-02,3,1000,3,0,3,2,1,2,516,0,0,0,70,2,3,1,1,1,1,1,1,0,0,0,1,1,0,,3,60.0,13,1.0,0.0,1.0,0.0,1.0,5.0,50,2.0,1.0,1.0,,,"-469412,637","-1105747,262","-469411,209","-1105747,374",SLEZSK¡OSTRAVA-KUN»ICE,Vratimovsk·,,mÌstnÌkomunikace,,477928.0,,OpaËn˝kesmÏru˙seku,Pomal˝,554821.0,367559.0,GN_V0.1UIR-ADR_410,1
70706190010,6,,2019-01-02,3,1624,5,0,0,2,4,0,100,0,0,0,250,2,3,1,5,2,1,1,1,0,0,0,2,1,0,,3,39.0,18,3.0,0.0,1.0,0.0,1.0,5.0,200,2.0,1.0,5.0,,,"-469848,228","-1097698,737","-469847,152","-1097700,591",SLEZSK¡OSTRAVA-KOBLOV,BohumÌnsk·,,silnice2.t¯Ìdy,647,1650311.0,,Souhlasn˝sesmÏrem˙seku,Pomal˝,554821.0,351938.0,GN_V0.1UIR-ADR_410,1
70706190011,6,,2019-01-02,3,1725,1,4,0,2,1,2,508,0,0,0,1400,2,3,1,1,4,1,1,1,3,3,0,5,2,10,,3,2.0,11,1.0,0.0,1.0,1.0,1.0,5.0,600,2.0,1.0,1.0,,,"-472126,137","-1103230,758","-472120,575","-1103228,8",VÕTKOVICE,1.m·je,,mÌstnÌkomunikace,,3123446.0,,Souhlasn˝sesmÏrem˙seku,Pomal˝,554821.0,362689.0,GN_V0.1UIR-ADR_410,1
70706190012,6,,2019-01-02,3,1815,1,1,0,2,1,2,204,0,0,0,1200,2,8,1,6,4,1,1,1,0,0,0,3,2,0,,3,47.0,99,1.0,1.0,0.0,0.0,1.0,5.0,600,2.0,1.0,1.0,,,"-464047,699","-1110322,006","-464047,432","-1110321,934",äenov,Fr˝deck·,,silnice2.t¯Ìdy,473,3043490.0,,Souhlasn˝sesmÏrem˙seku,Pomal˝,598798.0,107077.0,GN_V0.1UIR-ADR_410,1
70706190013,6,,2019-01-02,3,1760,2,0,0,2,1,0,516,0,0,0,150,2,1,1,1,2,1,0,0,0,0,10,1,2,0,,17,,XX,,,,,,,0,,,,,,"-470530,139","-1102020,612","-470530,26","-1102016,219",Ostrava,TÏûa¯sk·,,mÌstnÌkomunikace,,3224841.0,,Souhlasn˝sesmÏrem˙seku,Pomal˝,554821.0,848824.0,GN_V0.1UIR-ADR_410,1
70706190014,6,,2019-01-02,3,1910,3,0,3,2,1,0,204,0,0,0,30,2,6,1,1,4,1,1,1,3,4,0,5,1,10,,3,39.0,17,1.0,0.0,0.0,0.0,1.0,5.0,0,9.0,,,,,"-471828,563","-1104370,165","-471828,051","-1104371,628",VÕTKOVICE,Obr·nc˘mÌru,,mÌstnÌkomunikace,,473280.0,,Souhlasn˝sesmÏrem˙seku,Pomal˝,554821.0,360961.0,GN_V0.1UIR-ADR_410,1
70706190015,6,,2019-01-02,3,2030,2,0,0,2,1,0,511,0,0,0,100,2,6,1,6,5,1,0,1,0,0,0,2,2,0,,17,,XX,,,,,,,0,,,,,,"-473719,321","-1107579,898","-473721,02","-1107579,397",OSTRAVA-JIH-BÃLSK›LES,VaÚkova,,mÌstnÌkomunikace,,3044592.0,,Souhlasn˝sesmÏrem˙seku,Pomal˝,554821.0,367061.0,GN_V0.1UIR-ADR_410,1
70706190016,6,,2019-01-03,4,345,0,0,0,2,0,0,100,0,0,0,801,2,5,1,1,4,1,1,1,0,0,0,1,1,0,,5,35.0,18,3.0,0.0,0.0,0.0,1.0,5.0,800,2.0,1.0,1.0,,,"-466210,004","-1102721,462","-466211,256","-1102722,933",SLEZSK¡OSTRAVA,Pikartsk·,,mÌstnÌkomunikace,,1704378.0,,OpaËn˝kesmÏru˙seku,Pomal˝,554821.0,361721.0,GN_V0.1UIR-ADR_410,1
70706190017,6,,2019-01-03,4,547,1,1,0,2,1,0,204,0,0,0,200,2,6,1,1,4,1,1,1,0,0,0,3,2,0,,17,,XX,,,,,,,0,,,,,,"-471971,048","-1106809,01","-471971,156","-1106808,888",OSTRAVA-JIH-HRABŸVKA,Dr.MartÌnka,,mÌstnÌkomunikace,,3295058.0,,Souhlasn˝sesmÏrem˙seku,Pomal˝,554821.0,365963.0,GN_V0.1UIR-ADR_410,1
70706190018,6,,2019-01-03,4,740,3,0,3,2,1,2,204,0,0,0,150,2,5,1,1,2,1,1,1,0,0,0,1,1,0,,3,32.0,06,1.0,0.0,1.0,0.0,1.0,5.0,100,3.0,1.0,1.0,,,"-472021,381","-1105411,729","-472021,362","-1105411,66",VÕTKOVICE,NaObvodu,,mÌstnÌkomunikace,,3042316.0,,OpaËn˝kesmÏru˙seku,Pomal˝,554821.0,362697.0,GN_V0.1UIR-ADR_410,1
70706190019,5,,2019-01-01,2,2560,1,2,0,2,1,2,402,0,0,0,150,2,1,1,1,1,1,4,1,3,3,0,5,2,10,,3,35.0,01,1.0,0.0,1.0,0.0,1.0,1.0,50,3.0,1.0,1.0,,,,,,,VRATIMOV,Rudn·,,,,,,,,,,,1