IDENTIFIKA»NÕ »ÕSLO,DRUH POZEMNÕ KOMUNIKACE,»ÕSLO POZEMNÕ KOMUNIKACE,"den, mÏsÌc, rok",,Ëas ,DRUH NEHODY,DRUH SR¡éKY JEDOUCÕCH VOZIDEL,DRUH PEVN… PÿEK¡éKY,CHARAKTER NEHODY,ZAVINÃNÕ NEHODY,ALKOHOL U VINÕKA NEHODY PÿÕTOMEN,HLAVNÕ PÿÕ»INY NEHODY,usmrceno osob,tÏûce zranÏno osob,lehce zranÏno osob,CELKOV¡ HMOTN¡ äKODA,DRUH POVRCHU VOZOVKY,STAV POVRCHU VOZOVKY V DOBÃ NEHODY,STAV KOMUNIKACE,POVÃTRNOSTNÕ PODMÕNKY V DOBÃ NEHODY,VIDITELNOST,ROZHLEDOV… POMÃRY,DÃLENÕ KOMUNIKACE,SITUOV¡NÕ NEHODY NA KOMUNIKACI,ÿÕZENÕ PROVOZU V DOBÃ NEHODY,MÕSTNÕ ⁄PRAVA PÿEDNOSTI V JÕZDÃ,SPECIFICK¡ MÕSTA A OBJEKTY V MÕSTÃ NEHODY,SMÃROV… POMÃRY,PO»ET Z⁄»ASTNÃN›CH VOZIDEL,MÕSTO DOPRAVNÕ NEHODY,DRUH KÿIéUJÕCÕ KOMUNIKACE,DRUH VOZIDLA,V›ROBNÕ ZNA»KA MOTOROV…HO VOZIDLA,ROK V›ROBY VOZIDLA,CHARAKTERISTIKA VOZIDLA ,SMYK,VOZIDLO PO NEHODÃ,"⁄NIK PROVOZNÕCH, PÿEPRAVOVAN›CH HMOT",ZPŸSOB VYPROäTÃNÕ OSOB Z VOZIDLA,SMÃR JÕZDY NEBO POSTAVENÕ VOZIDLA,äKODA NA VOZIDLE,KATEGORIE ÿIDI»E,STAV ÿIDI»E,VNÃJäÕ OVLIVNÃNÕ ÿIDI»E,nan.1,nan.2,nan.3,nan.4,nan.5,nan.6,nan.7,nan.8,nan.9,nan.10,nan.11,nan.12,nan.13,nan.14,nan.15,nan.16,nan.17,nan.18,LOKALITA NEHODY
70706190020,6,,2019-01-03,4,845,3,0,9,2,1,2,204,0,0,0,400,2,6,1,1,1,1,1,1,3,3,10,5,1,10,,3,39.0,07,1.0,1.0,1.0,0.0,1.0,5.0,100,2.0,1.0,1.0,,,"-472994,467","-1102199,388","-472994,303","-1102199,362",MARI¡NSK…HORYAHULV¡KY,VZ·tiöÌ,,mÌstnÌkomunikace,,3570461.0,,OpaËn˝kesmÏru˙seku,Pomal˝,554821.0,366943.0,GN_V0.1UIR-ADR_410,1
70706190021,6,,2019-01-03,4,845,3,0,9,2,1,2,204,0,0,0,400,2,6,1,1,1,1,1,1,3,3,0,5,1,10,,3,47.0,07,1.0,1.0,1.0,0.0,1.0,5.0,100,2.0,1.0,1.0,,,"-472993,027","-1102200,309","-472994,125","-1102200,483",MARI¡NSK…HORYAHULV¡KY,VZ·tiöÌ,,mÌstnÌkomunikace,,3570461.0,,Souhlasn˝sesmÏrem˙seku,Pomal˝,554821.0,366943.0,GN_V0.1UIR-ADR_410,1
70706190022,6,,2019-01-03,4,1125,2,0,0,2,1,2,204,0,0,0,400,2,6,1,6,1,1,0,1,3,5,0,5,3,10,,3,47.0,07,3.0,1.0,0.0,0.0,1.0,5.0,150,2.0,1.0,1.0,,,"-472439,234","-1102499,286","-472440,544","-1102495,174",MARI¡NSK…HORYAHULV¡KY,BÌl·,,mÌstnÌkomunikace,,467535.0,,Souhlasn˝sesmÏrem˙seku,Pomal˝,554821.0,351792.0,GN_V0.1UIR-ADR_410,1
70706190023,6,,2019-01-03,4,1300,2,0,0,2,1,0,502,0,0,0,620,2,3,1,1,1,1,1,1,0,0,0,1,4,0,,3,7.0,08,1.0,0.0,3.0,0.0,1.0,5.0,200,7.0,0.0,1.0,,,"-472708,777","-1101778,818","-472707,816","-1101777,199",MARI¡NSK…HORYAHULV¡KY,KorunnÌ,,mÌstnÌkomunikace,,464422.0,,OpaËn˝kesmÏru˙seku,Pomal˝,554821.0,356794.0,GN_V0.1UIR-ADR_410,1
70706190024,5,,2019-01-03,4,1546,3,0,2,2,1,2,204,0,0,0,770,2,6,1,5,3,1,1,1,3,3,0,3,1,0,,3,47.0,07,1.0,1.0,0.0,0.0,1.0,5.0,600,2.0,1.0,1.0,,,"-469124,383","-1102110,8","-469124,215","-1102111,249",SLEZSK¡OSTRAVA,TÏöÌnsk·,,mÌstnÌkomunikace,,1740104.0,,,Pomal˝,554821.0,368768.0,GN_V0.1UIR-ADR_410,1
70706190025,6,,2019-01-03,4,1930,1,1,0,2,1,2,405,0,0,0,400,2,6,1,6,4,1,1,1,3,3,0,4,2,10,,3,13.0,04,1.0,0.0,0.0,0.0,1.0,5.0,50,2.0,1.0,1.0,,,"-472547,322","-1102106,463","-472548,75","-1102107,406",MARI¡NSK…HORYAHULV¡KY-MARI¡NSK…HORY,P¯emyslovc˘,,mÌstnÌkomunikace,,465961.0,,Souhlasn˝sesmÏrem˙seku,Pomal˝,554821.0,362778.0,GN_V0.1UIR-ADR_410,1
70706190026,6,,2019-01-04,5,825,3,0,4,2,1,2,204,0,0,0,1600,2,6,1,6,1,1,1,1,0,0,0,1,1,0,,3,4.0,17,1.0,0.0,1.0,0.0,1.0,5.0,1500,2.0,1.0,1.0,,,"-471128,003","-1100911,459","-471124,681","-1100910,107",MARI¡NSK…HORYAHULV¡KY,CihelnÌ,,silnice1.t¯Ìdy,56,3042369.0,,Souhlasn˝sesmÏrem˙seku,Pomal˝,554821.0,352322.0,GN_V0.1UIR-ADR_410,1
70706190027,5,,2019-01-03,4,1622,4,0,0,1,1,0,516,0,0,1,0,2,3,1,1,2,1,1,1,3,4,1,1,1,0,,3,26.0,08,1.0,0.0,1.0,0.0,1.0,5.0,0,2.0,1.0,1.0,,,"-470272,889","-1101887,601","-470272,357","-1101891,778",MORAVSK¡OSTRAVA,28.¯Ìjna,,silnice3.t¯Ìdy,4793,1740069.0,,Souhlasn˝sesmÏrem˙seku,Pomal˝,554821.0,353710.0,GN_V0.1UIR-ADR_410,1
70706190028,6,,2019-01-04,5,1330,3,0,3,2,1,2,508,0,0,0,150,2,3,1,1,1,1,1,1,3,3,1,7,1,10,,3,13.0,10,1.0,0.0,1.0,0.0,1.0,5.0,100,2.0,1.0,1.0,,,"-473159,975","-1101295,292","-473160,256","-1101294,819",MARI¡NSK…HORYAHULV¡KY,Grmelova,,silnice2.t¯Ìdy,647,748446.0,,Souhlasn˝sesmÏrem˙seku,Pomal˝,554821.0,358509.0,GN_V0.1UIR-ADR_410,1
70706190029,6,,2019-01-04,5,1410,1,2,0,2,1,2,501,0,0,0,60,2,3,1,1,1,1,1,1,0,0,0,3,2,0,,8,99.0,13,5.0,0.0,1.0,0.0,1.0,5.0,30,4.0,1.0,1.0,,,"-474652,123","-1103934,096","-474652,943","-1103934,457",OSTRAVA-JIH-Z¡BÿEH,UHr˘bk˘,,mÌstnÌkomunikace,,472093.0,,OpaËn˝kesmÏru˙seku,Pomal˝,554821.0,365971.0,GN_V0.1UIR-ADR_410,1
70706190030,6,,2019-01-04,5,1633,9,0,0,2,1,2,204,0,0,0,900,2,8,1,5,2,1,1,1,0,0,0,1,1,0,,3,12.0,08,1.0,1.0,1.0,0.0,1.0,5.0,800,2.0,1.0,1.0,,,"-484293,302","-1100248,858","-484293,942","-1100250,862",DolnÌLhota,Kyjovick·,,silnice3.t¯Ìdy,4692,457937.0,,OpaËn˝kesmÏru˙seku,Pomal˝,506711.0,337692.0,GN_V0.1UIR-ADR_410,1
70706190031,6,,2019-01-04,5,1720,3,0,3,2,1,2,508,0,0,0,55,2,6,1,5,5,1,1,1,3,3,0,1,1,0,,3,6.0,02,1.0,0.0,1.0,0.0,1.0,5.0,5,3.0,1.0,1.0,,,"-472247,543","-1104712,533","-472245,837","-1104715,523",VÕTKOVICE,Zengrova,,mÌstnÌkomunikace,,474373.0,,Souhlasn˝sesmÏrem˙seku,Pomal˝,554821.0,368326.0,GN_V0.1UIR-ADR_410,1
70706190032,6,,2019-01-04,5,1900,3,0,3,2,1,2,204,0,0,0,200,2,6,1,5,4,1,1,1,0,0,1,2,1,0,,3,4.0,10,3.0,1.0,0.0,0.0,1.0,5.0,150,2.0,1.0,1.0,,,"-483924,69","-1096917,879","-483924,939","-1096918,241",Velk·Polom,Osvoboditel˘,,silnice3.t¯Ìdy,46610,444865.0,,Souhlasn˝sesmÏrem˙seku,Pomal˝,510882.0,349721.0,GN_V0.1UIR-ADR_410,1
70706190033,6,,2019-01-04,5,2055,9,0,0,1,1,2,204,0,0,1,0,2,5,1,5,7,1,3,1,0,0,0,1,1,0,,3,26.0,02,1.0,1.0,0.0,0.0,1.0,5.0,0,2.0,0.0,1.0,,,"-463940,323","-1107941,281","-463940,337","-1107941,232",,,,silnice1.t¯Ìdy,11,3295107.0,,Souhlasn˝sesmÏrem˙seku,Pomal˝,598798.0,,GN_V0.1UIR-ADR_410,1
70706190034,6,,2019-01-04,5,2120,3,0,9,2,1,2,516,0,0,0,53,2,6,1,1,4,1,1,1,3,3,2,1,1,0,,7,10.0,08,9.0,0.0,0.0,0.0,1.0,5.0,3,3.0,1.0,1.0,,,"-469422,879","-1105967,463","-469423,233","-1105967,446",SLEZSK¡OSTRAVA-KUN»ICE,Vratimovsk·,,mÌstnÌkomunikace,,3047569.0,,OpaËn˝kesmÏru˙seku,Pomal˝,554821.0,367559.0,GN_V0.1UIR-ADR_410,1
70706190035,6,,2019-01-04,5,2100,3,0,4,2,1,2,204,0,0,0,400,2,6,1,5,5,1,3,1,0,0,0,1,1,0,,3,4.0,11,1.0,1.0,0.0,0.0,1.0,5.0,300,2.0,1.0,1.0,,,"-471937,172","-1108813,217","-471935,868","-1108813,203",,,,silnice1.t¯Ìdy,D56,3513747.0,,Souhlasn˝sesmÏrem˙seku,Pomal˝,554821.0,358738.0,GN_V0.1UIR-ADR_410,1
70706190036,6,,2019-01-04,5,2130,3,0,9,2,1,2,204,0,0,0,500,2,6,1,1,4,1,1,1,0,0,0,1,1,0,,3,25.0,08,1.0,1.0,0.0,0.0,1.0,5.0,300,2.0,1.0,1.0,,,"-466361,792","-1100386,274","-466358,699","-1100382,799",SLEZSK¡OSTRAVA-HEÿMANICE,Vrbick·,,mÌstnÌkomunikace,,458426.0,,OpaËn˝kesmÏru˙seku,Pomal˝,554821.0,367575.0,GN_V0.1UIR-ADR_410,1
70706190037,5,,2019-01-05,6,157,3,0,9,2,1,0,204,0,0,0,650,2,5,1,5,5,1,1,1,3,5,0,1,1,0,,3,39.0,00,1.0,1.0,0.0,0.0,1.0,1.0,400,9.0,,,,,"-471650,507","-1098708,195","-471651,228","-1098709,315",PÿÕVOZ,HluËÌnsk·,,silnice1.t¯Ìdy,56,451401.0,,Souhlasn˝sesmÏrem˙seku,Pomal˝,554821.0,354198.0,GN_V0.1UIR-ADR_410,1
70706190038,4,,2019-01-05,6,1035,1,3,0,2,1,2,404,0,0,0,650,2,3,1,5,1,1,2,1,3,3,2,4,2,19,,3,4.0,01,1.0,0.0,1.0,0.0,1.0,73.0,300,3.0,1.0,1.0,"-477587,044","-1101764,507","-477587,044","-1101764,507","-477581,396","-1101767,28",PORUBA,Francouzsk·,,mÌstnÌkomunikace,,1739824.0,,Souhlasn˝sesmÏrem˙seku,Pomal˝,554821.0,368148.0,GN_V0.1UIR-ADR_410,1
70706190039,6,,2019-01-05,6,1210,3,0,3,2,1,2,204,0,0,0,320,2,8,1,3,1,1,1,1,0,0,0,1,1,0,,3,16.0,08,1.0,0.0,1.0,0.0,1.0,5.0,300,3.0,1.0,1.0,"-469355,337","-1111482,688","-469355,337","-1111482,688","-469357,98","-1111482,748",,,,silnice2.t¯Ìdy,477,3196222.0,,OpaËn˝kesmÏru˙seku,Pomal˝,598879.0,109720.0,GN_V0.1UIR-ADR_410,1
70706190040,8,,2019-01-05,6,1460,0,0,0,2,1,0,502,0,0,0,100,1,3,1,1,1,1,0,0,0,0,10,1,1,0,,3,12.0,09,1.0,0.0,1.0,0.0,1.0,5.0,100,2.0,1.0,1.0,"-472042,253","-1101584,781","-472042,253","-1101584,781","-472048,424","-1101584,94",MORAVSK¡OSTRAVA,USTADIONU,,mÌstnÌkomunikace,,1370388.0,,OpaËn˝kesmÏru˙seku,Pomal˝,554821.0,351075.0,GN_V0.1UIR-ADR_410,1
70706190041,6,,2019-01-06,0,145,5,0,0,2,4,0,100,0,0,0,150,2,3,1,1,6,1,1,1,0,0,0,1,1,0,,3,47.0,11,1.0,0.0,1.0,0.0,1.0,5.0,100,2.0,1.0,5.0,,,"-470709,361","-1110811,432","-470707,092",-1110813,,,,silnice3.t¯Ìdy,4705,497501.0,,Souhlasn˝sesmÏrem˙seku,Pomal˝,554821.0,,GN_V0.1UIR-ADR_410,1
70706190042,6,,2019-01-06,0,1020,3,0,9,2,1,2,203,0,0,0,300,2,5,1,1,1,1,1,1,0,0,0,1,1,0,,3,35.0,97,1.0,1.0,1.0,0.0,1.0,5.0,100,2.0,1.0,1.0,"-481689,901","-1102019,804","-481695,272","-1102025,176","-481695,63","-1102025,869",V¯esina,Meönick·,,silnice3.t¯Ìdy,4692,465525.0,,OpaËn˝kesmÏru˙seku,Pomal˝,500291.0,315559.0,GN_V0.1UIR-ADR_410,1
70706190043,8,,2019-01-04,5,2560,2,0,0,2,1,0,511,0,0,0,100,2,6,1,5,2,1,0,1,0,0,0,1,2,0,,17,,XX,,,,,,,0,,,,"-475349,954","-1107347,132","-475349,954","-1107347,132","-475344,144","-1107353,372",OSTRAVA-JIH-V›äKOVICE,V˝ökovick·,,mÌstnÌkomunikace,,3044391.0,,Souhlasn˝sesmÏrem˙seku,Pomal˝,554821.0,368652.0,GN_V0.1UIR-ADR_410,1
70706190044,6,,2019-01-06,0,1600,3,0,9,2,1,2,508,0,0,0,600,2,3,1,1,1,1,1,1,0,0,9,1,1,0,,3,13.0,07,3.0,0.0,1.0,0.0,1.0,5.0,100,2.0,1.0,1.0,"-476653,144","-1102093,915","-476648,31","-1102072,967","-476647,924","-1102073,493",PORUBA,Opavsk·,,mÌstnÌkomunikace,,3250345.0,,Souhlasn˝sesmÏrem˙seku,Pomal˝,554821.0,361143.0,GN_V0.1UIR-ADR_410,1
70706190045,6,,2019-01-06,0,1860,2,0,0,2,1,0,511,0,0,0,150,2,6,1,1,4,1,1,1,3,3,0,5,2,10,,3,99.0,,0.0,1.0,0.0,0.0,1.0,5.0,0,9.0,,,,,"-472859,233","-1102409,173","-472858,975","-1102409,651",MARI¡NSK…HORYAHULV¡KY,Tov·rnÌ,,mÌstnÌkomunikace,,467265.0,,Souhlasn˝sesmÏrem˙seku,Pomal˝,554821.0,365629.0,GN_V0.1UIR-ADR_410,1
70706190046,5,,2019-01-07,1,655,1,4,0,2,1,2,503,0,0,0,2500,2,1,1,1,4,1,3,1,0,0,0,1,3,0,,3,7.0,07,1.0,0.0,1.0,0.0,1.0,1.0,800,2.0,1.0,1.0,,,"-473768,223","-1101477,314","-473767,695","-1101478,105",MARI¡NSK…HORYAHULV¡KY,Mari·nskohorsk·,,silnice2.t¯Ìdy,647,3125397.0,,Souhlasn˝sesmÏrem˙seku,Pomal˝,554821.0,358215.0,GN_V0.1UIR-ADR_410,1
70706190047,6,,2019-01-07,1,1110,1,2,0,2,1,2,502,0,0,0,400,2,1,1,1,1,1,1,1,0,0,0,3,2,0,,5,19.0,08,3.0,0.0,1.0,0.0,1.0,5.0,100,3.0,1.0,1.0,,,"-477810,926","-1106439,638","-477812,514","-1106439,219",SVINOV,Polaneck·,,silnice3.t¯Ìdy,4785,3043116.0,,OpaËn˝kesmÏru˙seku,Pomal˝,554821.0,362263.0,GN_V0.1UIR-ADR_410,1
70706190048,8,,2019-01-07,1,1155,2,0,0,2,1,0,508,0,0,0,20,2,5,1,6,1,1,1,1,0,0,10,1,2,0,,3,44.0,10,3.0,0.0,0.0,0.0,1.0,5.0,0,9.0,,,,,"-479587,8","-1100037,2","-479587,498","-1100038,579",PORUBA,Frantiöka»echury,,mÌstnÌkomunikace,,1739752.0,,Souhlasn˝sesmÏrem˙seku,Pomal˝,554821.0,353442.0,GN_V0.1UIR-ADR_410,1
70706190049,6,,2019-01-07,1,2560,3,0,9,2,1,0,516,0,0,0,100,2,1,1,1,1,1,1,1,0,0,0,1,1,0,,17,,XX,,,,,,,0,,,,,,"-465508,69","-1106411,674","-465507,444","-1106412,623",RADVANICEABARTOVICE-BARTOVICE,Radova,,mÌstnÌkomunikace,,481006.0,,Souhlasn˝sesmÏrem˙seku,Pomal˝,554821.0,362999.0,GN_V0.1UIR-ADR_410,1
70706190050,6,,2019-01-08,2,1015,3,0,3,2,1,2,204,0,0,0,150,2,5,1,5,1,1,3,1,3,3,0,5,1,10,,3,99.0,11,3.0,1.0,1.0,0.0,1.0,5.0,100,2.0,1.0,1.0,,,"-477680,446","-1100290,313","-477682,87","-1100291,149",PORUBA,Martinovsk·,,silnice3.t¯Ìdy,46620,3047234.0,,Souhlasn˝sesmÏrem˙seku,Pomal˝,554821.0,358291.0,GN_V0.1UIR-ADR_410,1
70706190051,5,,2019-01-08,2,1050,3,0,4,2,1,2,204,0,0,0,400,2,6,1,5,3,1,1,1,0,0,0,3,1,0,,3,39.0,11,3.0,1.0,0.0,0.0,1.0,1.0,400,2.0,1.0,1.0,,,"-473950,603","-1101613,356","-473950,363","-1101613,583",MARI¡NSK…HORYAHULV¡KY,Mari·nskohorsk·,,silnice2.t¯Ìdy,647,3567627.0,,Souhlasn˝sesmÏrem˙seku,Pomal˝,554821.0,358215.0,GN_V0.1UIR-ADR_410,1
70706190052,5,,2019-01-08,2,1130,1,3,0,1,1,2,204,0,0,1,1600,2,6,1,5,3,1,3,1,0,0,0,1,2,0,,3,35.0,06,1.0,1.0,0.0,0.0,1.0,1.0,800,2.0,1.0,1.0,,,"-472923,484","-1101153,117","-472923,325","-1101153,563",MARI¡NSK…HORYAHULV¡KY,Mari·nskohorsk·,,silnice2.t¯Ìdy,647,3046132.0,,Souhlasn˝sesmÏrem˙seku,Pomal˝,554821.0,358215.0,GN_V0.1UIR-ADR_410,1
70706190053,8,,2019-01-08,2,1438,2,0,0,2,1,0,516,0,0,0,150,2,3,1,1,1,1,1,1,0,0,0,1,2,0,,3,39.0,02,1.0,0.0,1.0,0.0,1.0,5.0,50,9.0,,,,,"-473120,732","-1107582,086","-473120,677","-1107582,022",OSTRAVA-JIH-DUBINA,JaromÌraMatuöky,,mÌstnÌkomunikace,,1389566.0,,Souhlasn˝sesmÏrem˙seku,Pomal˝,554821.0,351091.0,GN_V0.1UIR-ADR_410,1
70706190054,6,,2019-01-08,2,1530,2,0,0,2,1,2,508,0,0,0,300,1,8,1,6,1,1,0,0,3,3,0,1,2,0,,3,12.0,18,3.0,0.0,1.0,0.0,1.0,5.0,200,2.0,1.0,1.0,,,"-472548,562","-1107044,018","-472541,539","-1107041,97",OSTRAVA-JIH-HRABŸVKA,Dr.MartÌnka,,mÌstnÌkomunikace,,3045115.0,,Souhlasn˝sesmÏrem˙seku,Pomal˝,554821.0,353469.0,GN_V0.1UIR-ADR_410,1
70706190055,6,,2019-01-08,2,1315,3,0,9,2,1,2,516,0,0,0,400,2,8,1,5,1,1,1,1,0,0,0,1,1,0,,8,99.0,07,5.0,0.0,0.0,0.0,1.0,5.0,200,4.0,1.0,1.0,,,"-467622,777","-1106062,633","-467615,932","-1106061,701",SLEZSK¡OSTRAVA,äenovsk·,,silnice3.t¯Ìdy,4703,3046498.0,,Souhlasn˝sesmÏrem˙seku,Pomal˝,554821.0,365009.0,GN_V0.1UIR-ADR_410,1
70706190056,6,,2019-01-08,2,1650,1,2,0,2,1,0,516,0,0,0,10,2,5,1,1,4,1,1,1,0,0,0,1,2,0,,17,,XX,,,,,,,0,,,,,,"-474748,008","-1106128,222","-474748,548","-1106128,918",OSTRAVA-JIH-Z¡BÿEH,»ujkovova,,mÌstnÌkomunikace,,1618222.0,,OpaËn˝kesmÏru˙seku,Pomal˝,554821.0,352535.0,GN_V0.1UIR-ADR_410,1
70706190057,6,,2019-01-08,2,1710,3,0,3,2,1,2,209,0,0,0,310,2,5,1,1,4,1,1,1,0,0,0,1,1,0,,3,17.0,17,3.0,0.0,1.0,0.0,1.0,5.0,300,3.0,1.0,1.0,,,"-477664,01","-1100390,277","-477664,228","-1100389,768",PORUBA,Martinovsk·,,mÌstnÌkomunikace,,1616763.0,,OpaËn˝kesmÏru˙seku,Pomal˝,554821.0,362948.0,GN_V0.1UIR-ADR_410,1
70706190058,6,,2019-01-08,2,1830,1,1,0,1,1,2,501,0,0,4,1350,2,3,1,1,4,1,1,1,0,0,2,1,2,0,,3,35.0,02,1.0,0.0,1.0,0.0,1.0,5.0,700,2.0,1.0,1.0,,,"-470642,702","-1101814,321","-470642,027","-1101814,035",MORAVSK¡OSTRAVA,Por·ûkov·,,mÌstnÌkomunikace,,3125494.0,,OpaËn˝kesmÏru˙seku,Pomal˝,554821.0,362344.0,GN_V0.1UIR-ADR_410,1
70706190059,6,,2019-01-08,2,1400,3,0,9,2,1,2,209,0,0,0,450,2,5,1,1,1,1,1,1,0,0,0,3,1,0,,3,13.0,10,3.0,0.0,1.0,0.0,1.0,5.0,400,2.0,1.0,1.0,,,"-472930,031","-1097414,148","-472927,167","-1097418,592",PETÿKOVICE,BalbÌnova,,mÌstnÌkomunikace,,1334054.0,,Souhlasn˝sesmÏrem˙seku,Pomal˝,554821.0,351423.0,GN_V0.1UIR-ADR_410,1
70706190060,6,,2019-01-08,2,1730,2,0,0,2,1,0,516,0,0,0,100,2,5,1,5,4,1,1,8,0,0,10,1,2,0,,17,,XX,,,,,,,0,,,,,,"-479125,991","-1100564,813","-479124,895","-1100566,66",PORUBA,VincenceMakovskÈho,,mÌstnÌkomunikace,,458923.0,,Souhlasn˝sesmÏrem˙seku,Pomal˝,554821.0,367397.0,GN_V0.1UIR-ADR_410,1
70706190061,6,,2019-01-08,2,2130,3,0,9,2,1,2,209,0,0,0,550,2,5,1,1,4,1,1,1,0,0,0,3,1,0,,3,39.0,14,1.0,0.0,1.0,0.0,1.0,5.0,500,2.0,1.0,1.0,,,"-469877,876","-1099034,081","-469878,444","-1099034,313",SLEZSK¡OSTRAVA-MUGLINOV,Keramick·,,mÌstnÌkomunikace,,3331238.0,,Souhlasn˝sesmÏrem˙seku,Pomal˝,554821.0,356280.0,GN_V0.1UIR-ADR_410,1
70706190062,6,,2019-01-08,2,2208,3,0,3,2,1,0,516,0,0,0,50,2,1,1,1,4,1,1,8,0,0,10,1,1,0,,3,47.0,18,1.0,0.0,1.0,0.0,1.0,5.0,20,2.0,1.0,1.0,,,"-470523,828","-1101993,166","-470524,278","-1101992,134",MORAVSK¡OSTRAVA,TÏû·¯sk·,,mÌstnÌkomunikace,,2385020.0,,Souhlasn˝sesmÏrem˙seku,Pomal˝,554821.0,352101.0,GN_V0.1UIR-ADR_410,1
70706190063,8,,2019-01-09,3,510,2,0,0,2,1,2,516,0,0,0,350,1,5,1,1,4,1,1,1,0,0,0,1,2,0,,5,62.0,17,3.0,0.0,1.0,0.0,1.0,5.0,50,3.0,1.0,1.0,,,"-476785,452","-1101893,853","-476788,015","-1101899,62",PORUBA,SjÌzdn·,,mÌstnÌkomunikace,,3046837.0,,OpaËn˝kesmÏru˙seku,Pomal˝,554821.0,729345.0,GN_V0.1UIR-ADR_410,1
70706190064,6,,2019-01-09,3,555,3,0,2,2,1,2,504,0,0,0,50,2,3,1,6,4,1,0,8,0,0,10,1,1,0,,5,26.0,11,8.0,0.0,1.0,0.0,1.0,5.0,50,3.0,1.0,1.0,,,"-476807,382","-1101904,792","-476808,897","-1101905,565",PORUBA,ServisnÌ,,mÌstnÌkomunikace,,748302.0,,OpaËn˝kesmÏru˙seku,Pomal˝,554821.0,362051.0,GN_V0.1UIR-ADR_410,1
70706190065,5,,2019-01-09,3,530,3,0,2,2,1,2,508,0,0,0,2700,2,3,1,1,4,1,4,8,0,0,0,3,1,0,,3,39.0,16,12.0,0.0,1.0,1.0,1.0,3.0,2500,3.0,2.0,1.0,,,"-470492,49","-1099689,367","-470491,69","-1099690,572",SLEZSK¡OSTRAVA,Muglinovsk·,,silnice2.t¯Ìdy,647,1621493.0,,Souhlasn˝sesmÏrem˙seku,Pomal˝,554821.0,359009.0,GN_V0.1UIR-ADR_410,1
70706190066,5,,2019-01-09,3,645,1,4,0,2,1,2,503,0,0,0,1300,2,3,1,1,4,1,3,1,0,0,0,1,2,0,,3,39.0,18,1.0,0.0,1.0,0.0,1.0,3.0,1000,2.0,1.0,1.0,,,"-471483,567","-1104936,801","-471483,11","-1104936,998",VÕTKOVICE,MÌsteck·,,silnice1.t¯Ìdy,56,1412958.0,,Souhlasn˝sesmÏrem˙seku,Pomal˝,554821.0,358738.0,GN_V0.1UIR-ADR_410,1
70706190067,6,,2019-01-09,3,700,5,0,0,2,4,0,100,0,0,0,400,2,6,1,1,6,1,1,1,0,0,0,1,1,0,,3,39.0,15,1.0,0.0,1.0,0.0,1.0,5.0,400,4.0,1.0,5.0,,,"-485301,599","-1102031,445","-485304,563","-1102028,453",,,,silnice3.t¯Ìdy,46612,1704092.0,,OpaËn˝kesmÏru˙seku,Pomal˝,568449.0,,GN_V0.1UIR-ADR_410,1
70706190068,6,,2019-01-08,2,2560,2,0,0,2,1,0,516,0,0,0,100,2,6,1,1,1,1,1,1,0,0,0,1,2,0,,17,,XX,,,,,,,0,,,,,,"-474432,908","-1104548,689","-474432,742","-1104548,805",OSTRAVA-JIH-Z¡BÿEH,Rezkova,,mÌstnÌkomunikace,,473910.0,,OpaËn˝kesmÏru˙seku,Pomal˝,554821.0,363138.0,GN_V0.1UIR-ADR_410,1
70706190069,6,,2019-01-09,3,1005,1,2,0,2,1,2,414,0,0,0,4050,2,3,1,1,1,1,1,1,3,3,0,7,2,10,,3,2.0,07,3.0,0.0,1.0,0.0,1.0,5.0,1500,3.0,1.0,1.0,,,"-471687,529","-1103064,732","-471686,306","-1103071,171",VÕTKOVICE,V˝stavnÌ,,mÌstnÌkomunikace,,3465553.0,,Souhlasn˝sesmÏrem˙seku,Pomal˝,554821.0,367761.0,GN_V0.1UIR-ADR_410,1
70706190070,6,,2019-01-07,1,2560,2,0,0,2,1,0,516,0,0,0,150,2,3,1,1,1,1,0,0,0,0,10,1,2,0,,17,,XX,,,,,,,0,,,,,,"-473041,265","-1101349,56","-473042,176","-1101349,998",MARI¡NSK…HORYAHULV¡KY,Grmelova,,mÌstnÌkomunikace,,1773963.0,,OpaËn˝kesmÏru˙seku,Pomal˝,554821.0,358509.0,GN_V0.1UIR-ADR_410,1
70706190071,6,,2019-01-09,3,1015,1,3,0,2,1,2,403,0,0,0,350,2,3,1,1,1,1,1,1,3,3,0,5,2,10,,3,47.0,03,1.0,0.0,1.0,0.0,1.0,5.0,150,3.0,1.0,1.0,,,"-470454,639","-1102010,882","-470454,61","-1102011,301",MORAVSK¡OSTRAVA,TÏûa¯sk·,,mÌstnÌkomunikace,,3224841.0,,OpaËn˝kesmÏru˙seku,Pomal˝,554821.0,848824.0,GN_V0.1UIR-ADR_410,1
70706190072,6,,2019-01-09,3,1360,2,0,0,2,1,0,502,0,0,0,200,2,3,1,1,1,1,1,1,0,0,10,1,2,0,,17,,XX,,,,,,,0,,,,,,"-474578,045","-1105201,689","-474578,277","-1105203,967",OSTRAVA-JIH-Z¡BÿEH,V˝ökovick·,,mÌstnÌkomunikace,,1774369.0,,OpaËn˝kesmÏru˙seku,Pomal˝,554821.0,,GN_V0.1UIR-ADR_410,1
70706190073,6,,2019-01-09,3,2560,2,0,0,2,1,0,511,0,0,0,100,2,3,1,1,1,1,1,1,0,0,0,1,2,0,,17,,XX,,,,,,,0,,,,,,"-470908,574","-1101655,666","-470908,11","-1101655,475",MORAVSK¡OSTRAVA,Kafkova,,mÌstnÌkomunikace,,707416.0,,OpaËn˝kesmÏru˙seku,Pomal˝,554821.0,355933.0,GN_V0.1UIR-ADR_410,1
70706190074,6,,2019-01-08,2,2560,2,0,0,2,1,0,502,0,0,0,50,2,3,1,1,1,1,1,1,0,0,10,1,2,0,,17,,XX,,,,,,,0,,,,,,"-478591,093","-1101853,199","-478592,308","-1101853,159",PORUBA,Porubsk·,,mÌstnÌkomunikace,,3376171.0,,OpaËn˝kesmÏru˙seku,Pomal˝,554821.0,353540.0,GN_V0.1UIR-ADR_410,1