IDENTIFIKA»NÕ »ÕSLO,DRUH POZEMNÕ KOMUNIKACE,»ÕSLO POZEMNÕ KOMUNIKACE,"den, mÏsÌc, rok",,Ëas ,DRUH NEHODY,DRUH SR¡éKY JEDOUCÕCH VOZIDEL,DRUH PEVN… PÿEK¡éKY,CHARAKTER NEHODY,ZAVINÃNÕ NEHODY,ALKOHOL U VINÕKA NEHODY PÿÕTOMEN,HLAVNÕ PÿÕ»INY NEHODY,usmrceno osob,tÏûce zranÏno osob,lehce zranÏno osob,CELKOV¡ HMOTN¡ äKODA,DRUH POVRCHU VOZOVKY,STAV POVRCHU VOZOVKY V DOBÃ NEHODY,STAV KOMUNIKACE,POVÃTRNOSTNÕ PODMÕNKY V DOBÃ NEHODY,VIDITELNOST,ROZHLEDOV… POMÃRY,DÃLENÕ KOMUNIKACE,SITUOV¡NÕ NEHODY NA KOMUNIKACI,ÿÕZENÕ PROVOZU V DOBÃ NEHODY,MÕSTNÕ ⁄PRAVA PÿEDNOSTI V JÕZDÃ,SPECIFICK¡ MÕSTA A OBJEKTY V MÕSTÃ NEHODY,SMÃROV… POMÃRY,PO»ET Z⁄»ASTNÃN›CH VOZIDEL,MÕSTO DOPRAVNÕ NEHODY,DRUH KÿIéUJÕCÕ KOMUNIKACE,DRUH VOZIDLA,V›ROBNÕ ZNA»KA MOTOROV…HO VOZIDLA,ROK V›ROBY VOZIDLA,CHARAKTERISTIKA VOZIDLA ,SMYK,VOZIDLO PO NEHODÃ,"⁄NIK PROVOZNÕCH, PÿEPRAVOVAN›CH HMOT",ZPŸSOB VYPROäTÃNÕ OSOB Z VOZIDLA,SMÃR JÕZDY NEBO POSTAVENÕ VOZIDLA,äKODA NA VOZIDLE,KATEGORIE ÿIDI»E,STAV ÿIDI»E,VNÃJäÕ OVLIVNÃNÕ ÿIDI»E,nan.1,nan.2,nan.3,nan.4,nan.5,nan.6,nan.7,nan.8,nan.9,nan.10,nan.11,nan.12,nan.13,nan.14,nan.15,nan.16,nan.17,nan.18,LOKALITA NEHODY
70706190075,6,,2019-01-09,3,1704,0,0,0,1,3,2,100,0,0,1,0,3,3,1,1,4,1,1,7,0,0,2,1,1,0,,10,0.0,,5.0,0.0,0.0,0.0,1.0,5.0,0,8.0,1.0,1.0,,,"-470467,838","-1101091,707","-470467,501","-1101091,583",PÿÕVOZ,N·draûnÌ,,mÌstnÌkomunikace,,1617608.0,,OpaËn˝kesmÏru˙seku,Pomal˝,554821.0,352713.0,GN_V0.1UIR-ADR_410,1
70706190076,6,,2019-01-10,4,920,3,0,2,2,1,2,204,0,0,0,500,2,5,1,5,3,1,1,1,0,0,0,3,1,0,,3,32.0,04,1.0,0.0,1.0,0.0,1.0,5.0,400,2.0,1.0,1.0,,,"-470969,305","-1102942,668","-470969,207","-1102944,882",MORAVSK¡OSTRAVAAPÿÕVOZ,VÌtkovick·,,mÌstnÌkomunikace,,3322714.0,,Souhlasn˝sesmÏrem˙seku,Pomal˝,554821.0,367451.0,GN_V0.1UIR-ADR_410,1
70706190077,5,,2019-01-10,4,1305,8,3,0,2,1,2,502,0,0,0,550,2,3,1,5,1,1,1,7,0,0,0,1,3,0,,3,39.0,02,1.0,0.0,0.0,0.0,1.0,1.0,300,2.0,1.0,1.0,,,"-479408,9","-1101902,576","-479408,162","-1101902,935",PORUBA,17.listopadu,,silnice1.t¯Ìdy,11,1645658.0,,Souhlasn˝sesmÏrem˙seku,Pomal˝,554821.0,367443.0,GN_V0.1UIR-ADR_410,1
70706190078,5,,2019-01-10,4,1500,8,2,0,2,1,2,405,0,0,0,1000,2,3,1,1,1,1,1,1,0,0,0,1,2,0,,3,35.0,13,1.0,0.0,1.0,0.0,1.0,5.0,500,2.0,1.0,1.0,,,"-471170,215","-1102043,514","-471170,243","-1102043,316",MORAVSK¡OSTRAVA,28.¯Ìjna,,silnice2.t¯Ìdy,479,3184458.0,,Souhlasn˝sesmÏrem˙seku,Pomal˝,554821.0,353710.0,GN_V0.1UIR-ADR_410,1
70706190079,6,,2019-01-10,4,816,2,0,0,2,1,0,502,0,0,0,50,2,5,1,1,1,1,0,0,0,0,10,1,2,0,,3,31.0,11,3.0,0.0,1.0,0.0,1.0,5.0,0,9.0,,,"-469701,89","-1101298,285","-469701,89","-1101298,285","-469703,395","-1101298,91",MORAVSK¡OSTRAVA,HavlÌËkovon·b¯eûÌ,,mÌstnÌkomunikace,,3347990.0,,Souhlasn˝sesmÏrem˙seku,Pomal˝,554821.0,353965.0,GN_V0.1UIR-ADR_410,1
70706190080,5,,2019-01-10,4,1645,1,4,0,2,1,2,204,0,0,0,1100,2,6,1,6,4,1,3,1,0,0,0,1,3,0,,3,39.0,01,1.0,1.0,1.0,0.0,1.0,1.0,300,2.0,1.0,1.0,"-473588,812","-1104710,68","-473576,51","-1104768,735","-473576,467","-1104768,727",OSTRAVA-JIH-Z¡BÿEH,PlzeÚsk·,,silnice2.t¯Ìdy,647,3122321.0,,Souhlasn˝sesmÏrem˙seku,Pomal˝,554821.0,361852.0,GN_V0.1UIR-ADR_410,1
70706190081,0,1.0,2019-01-10,4,1655,1,4,0,2,1,2,511,0,0,0,1950,2,3,1,4,6,1,3,1,0,0,0,1,2,0,,3,39.0,03,1.0,1.0,1.0,0.0,1.0,1.0,450,3.0,1.0,1.0,"-484575,986","-1107240,291","-484575,986","-1107240,291","-484567,356","-1107242,103",,,,d·lnice,D1,3512646.0,,Souhlasn˝sesmÏrem˙seku,Pomal˝,556858.0,,GN_V0.1UIR-ADR_410,2
70706190082,5,,2019-01-10,4,700,1,4,0,2,1,0,504,0,0,0,50,2,3,1,1,4,1,3,1,0,0,0,1,2,0,,17,,XX,,,,,,,0,,,,"-476685,343","-1101973,224","-476692,465","-1102009,268","-476692,371","-1102009,084",PORUBA,Opavsk·,,silnice2.t¯Ìdy,479,1740256.0,,Souhlasn˝sesmÏrem˙seku,Pomal˝,554821.0,361143.0,GN_V0.1UIR-ADR_410,1
70706190083,6,,2019-01-10,4,2100,1,3,0,1,1,2,204,0,0,1,1200,2,6,1,6,4,1,1,1,3,3,0,4,2,10,,3,39.0,03,1.0,1.0,1.0,0.0,1.0,5.0,200,2.0,1.0,1.0,"-469948,328","-1106760,855","-469941,639","-1106784,806","-469941,362","-1106784,834",SLEZSK¡OSTRAVA-KUN»ICE,Vratimovsk·,,mÌstnÌkomunikace,,1774698.0,,,Pomal˝,554821.0,,GN_V0.1UIR-ADR_410,1
70706190084,6,,2019-01-10,4,2020,3,0,3,2,1,0,504,0,0,0,100,1,3,1,1,4,1,0,6,0,0,0,1,1,0,,17,,XX,,,,,,,0,,,,"-469977,95","-1100964,978","-469977,95","-1100964,978","-469979,022","-1100965,303",MORAVSK¡OSTRAVAAPÿÕVOZ,Prokeöovon·mÏstÌ,,mÌstnÌkomunikace,,460845.0,,,Pomal˝,554821.0,360538.0,GN_V0.1UIR-ADR_410,1
70706190085,6,,2019-01-11,5,540,3,0,6,2,1,2,204,0,0,0,500,2,6,1,1,4,1,1,1,3,5,0,5,1,10,,3,39.0,16,12.0,1.0,0.0,0.0,1.0,5.0,400,3.0,1.0,1.0,,,"-469990,461","-1098832,005","-469991,241","-1098831,496",SLEZSK¡OSTRAVA-HRUäOV,KeKameninÏ,,mÌstnÌkomunikace,,3149821.0,,OpaËn˝kesmÏru˙seku,Pomal˝,554821.0,356247.0,GN_V0.1UIR-ADR_410,1
70706190086,4,,2019-01-11,5,655,1,3,0,1,1,2,401,0,0,1,1200,2,3,1,1,4,1,1,1,2,0,2,5,2,19,,3,39.0,12,1.0,0.0,1.0,0.0,1.0,15.0,600,2.0,1.0,1.0,,,"-471267,239","-1104702,193","-471267,555","-1104702,988",VÕTKOVICE,Rudn·,,silnice1.t¯Ìdy,11,1617945.0,,Souhlasn˝sesmÏrem˙seku,Pomal˝,554821.0,363316.0,GN_V0.1UIR-ADR_410,1
70706190087,6,,2019-01-11,5,955,2,0,0,2,1,0,508,0,0,0,300,2,3,1,1,1,1,1,0,3,3,0,1,2,0,,7,48.0,13,3.0,0.0,1.0,0.0,1.0,5.0,0,3.0,1.0,1.0,,,"-479336,481","-1101759,865","-479334,688","-1101760,813",PORUBA,17.listopadu,,silnice1.t¯Ìdy,11,3072051.0,,Souhlasn˝sesmÏrem˙seku,Pomal˝,554821.0,367443.0,GN_V0.1UIR-ADR_410,1
70706190088,5,,2019-01-11,5,1510,1,4,0,2,1,2,516,0,0,0,300,2,3,1,1,1,1,1,1,2,0,2,1,2,0,,3,7.0,15,1.0,0.0,0.0,0.0,1.0,1.0,200,2.0,1.0,1.0,,,"-476953,625","-1101894,691","-476955,727","-1101899,011",PORUBA,Opavsk·,,silnice2.t¯Ìdy,479,3072326.0,,Souhlasn˝sesmÏrem˙seku,Pomal˝,554821.0,361143.0,GN_V0.1UIR-ADR_410,1
70706190089,4,,2019-01-11,5,1605,1,3,0,1,1,2,403,0,0,1,800,2,3,1,1,1,1,1,1,3,3,0,4,2,19,,3,39.0,15,1.0,0.0,1.0,0.0,1.0,37.0,500,2.0,1.0,1.0,,,"-471933,21","-1102466,753","-471933,387","-1102466,296",MARI¡NSK…HORYAHULV¡KY,V˝stavnÌ,,mÌstnÌkomunikace,,467359.0,,OpaËn˝kesmÏru˙seku,Pomal˝,554821.0,368288.0,GN_V0.1UIR-ADR_410,1
70706190090,5,,2019-01-11,5,1945,3,0,4,2,1,2,201,0,0,0,2800,2,8,1,1,4,1,3,1,0,0,0,1,2,0,,3,39.0,98,1.0,1.0,1.0,0.0,1.0,5.0,1000,2.0,1.0,1.0,"-471362,853","-1104348,601","-471362,853","-1104348,601","-471367,615","-1104349,098",VÕTKOVICE,MÌsteck·,,silnice1.t¯Ìdy,56,716926.0,,Souhlasn˝sesmÏrem˙seku,Pomal˝,554821.0,358738.0,GN_V0.1UIR-ADR_410,1
70706190091,6,,2019-01-12,6,826,3,0,3,2,1,2,504,0,0,0,21,2,5,1,1,1,1,0,1,0,0,0,2,1,0,,8,99.0,15,5.0,0.0,1.0,0.0,1.0,5.0,1,4.0,1.0,1.0,,,"-475149,109","-1105226,594","-475149,065","-1105226,352",OSTRAVA-JIH-Z¡BÿEH,Rudn·,,mÌstnÌkomunikace,,1944115.0,,Souhlasn˝sesmÏrem˙seku,Pomal˝,554821.0,,GN_V0.1UIR-ADR_410,1
70706190092,4,,2019-01-12,6,1320,1,1,0,2,1,2,403,0,0,0,400,2,3,1,1,1,1,1,1,3,3,2,5,2,19,,3,39.0,08,1.0,0.0,0.0,0.0,1.0,14.0,300,2.0,1.0,1.0,,,"-473607,127","-1102418,315","-473607,348","-1102417,102",MARI¡NSK…HORYAHULV¡KY-HULV¡KY,28.¯Ìjna,,silnice2.t¯Ìdy,479,3267701.0,,OpaËn˝kesmÏru˙seku,Pomal˝,554821.0,353710.0,GN_V0.1UIR-ADR_410,1
70706190093,5,,2019-01-12,6,1635,3,0,9,2,1,2,508,0,0,0,120,2,3,1,1,2,1,1,1,0,0,0,1,1,0,,3,13.0,05,1.0,0.0,1.0,0.0,1.0,1.0,100,2.0,1.0,1.0,,,"-472120,596","-1101296,78","-472120,847","-1101296,797",MORAVSK¡OSTRAVA,Novin·¯sk·,,mÌstnÌkomunikace,,1621443.0,,OpaËn˝kesmÏru˙seku,Pomal˝,554821.0,360872.0,GN_V0.1UIR-ADR_410,1
70706190094,8,,2019-01-12,6,1830,2,0,0,2,1,0,516,0,0,0,200,2,3,1,1,4,1,0,1,3,5,10,1,2,0,,3,35.0,99,1.0,0.0,1.0,0.0,1.0,5.0,0,9.0,,,,,"-468858,084","-1100782,387","-468862,392","-1100781,465",SLEZSK¡OSTRAVA,Mich·lkovick·,,mÌstnÌkomunikace,,3046317.0,,Souhlasn˝sesmÏrem˙seku,Pomal˝,554821.0,358631.0,GN_V0.1UIR-ADR_410,1
70706190095,6,,2019-01-13,0,520,2,0,0,2,1,2,516,0,0,0,110,2,3,1,1,4,1,1,1,3,4,7,1,2,0,,8,99.0,15,5.0,0.0,1.0,0.0,1.0,5.0,100,4.0,1.0,1.0,,,"-478548,942","-1101748,383","-478546,765","-1101749,418",PORUBA,Porubsk·,,mÌstnÌkomunikace,,3376175.0,,Souhlasn˝sesmÏrem˙seku,Pomal˝,554821.0,353540.0,GN_V0.1UIR-ADR_410,1
70706190096,6,,2019-01-13,0,1240,2,0,0,2,1,2,508,0,0,0,200,2,5,1,1,1,1,1,1,0,0,0,1,2,0,,3,44.0,16,1.0,0.0,1.0,0.0,1.0,5.0,150,2.0,1.0,1.0,,,"-473013,581","-1108060,338","-473012,557","-1108058,953",OSTRAVA-JIH-DUBINA,V·clavaKoöa¯e,,mÌstnÌkomunikace,,488420.0,,Souhlasn˝sesmÏrem˙seku,Pomal˝,554821.0,366978.0,GN_V0.1UIR-ADR_410,1
70706190097,6,,2019-01-13,0,1710,5,0,0,2,4,0,100,0,0,0,350,2,3,1,1,4,1,1,1,0,0,0,1,1,0,,3,39.0,09,1.0,0.0,1.0,0.0,1.0,5.0,300,2.0,1.0,5.0,,,"-465284,483","-1106614,853","-465283,866","-1106614,351",äenov,Bartovick·,,mÌstnÌkomunikace,,3323458.0,,Souhlasn˝sesmÏrem˙seku,Pomal˝,598798.0,106950.0,GN_V0.1UIR-ADR_410,1
70706190098,5,,2019-01-13,0,1940,1,3,0,2,1,2,516,0,0,0,300,2,3,1,1,4,1,1,1,0,0,0,1,2,0,,3,39.0,16,12.0,0.0,1.0,0.0,1.0,3.0,200,2.0,1.0,1.0,,,"-472220,519","-1104848,384","-472220,319","-1104848,731",VÕTKOVICE,Rudn·,,silnice1.t¯Ìdy,11,1283393.0,,Souhlasn˝sesmÏrem˙seku,Pomal˝,554821.0,363316.0,GN_V0.1UIR-ADR_410,1
70706190099,5,,2019-01-13,0,2340,4,0,0,1,1,2,209,1,0,0,500,2,3,1,3,7,1,1,1,0,0,0,1,1,0,,3,13.0,12,1.0,0.0,1.0,0.0,1.0,3.0,500,2.0,1.0,1.0,,,"-479962,379","-1099840,856","-479960,28","-1099839,044",PORUBA,Opavsk·,,silnice1.t¯Ìdy,11,1616531.0,,OpaËn˝kesmÏru˙seku,Pomal˝,554821.0,361143.0,GN_V0.1UIR-ADR_410,1
70706190100,6,,2019-01-13,0,2345,5,0,0,2,4,0,100,0,0,0,100,2,3,1,1,4,1,1,1,0,0,0,1,1,0,,8,99.0,15,5.0,0.0,1.0,0.0,1.0,5.0,100,4.0,1.0,5.0,,,"-467220,743","-1107736,865","-467224,113","-1107739,618",SLEZSK¡OSTRAVA,äenovsk·,,silnice3.t¯Ìdy,4703,487737.0,,OpaËn˝kesmÏru˙seku,Pomal˝,554821.0,365009.0,GN_V0.1UIR-ADR_410,1
70706190101,5,,2019-01-14,1,332,3,0,4,1,1,2,209,0,0,1,750,2,3,1,1,6,1,1,1,0,0,0,1,1,0,,3,2.0,03,1.0,0.0,1.0,0.0,1.0,3.0,600,3.0,1.0,1.0,,,"-467512,001","-1105169,185","-467511,373","-1105166,603",RADVANICEABARTOVICE,Rudn·,,silnice1.t¯Ìdy,11,1283263.0,,Souhlasn˝sesmÏrem˙seku,Pomal˝,554821.0,363316.0,GN_V0.1UIR-ADR_410,1
70706190102,5,,2019-01-14,1,333,4,0,0,1,1,2,209,0,0,1,1050,2,3,1,1,6,1,1,1,0,0,0,1,2,0,,3,39.0,10,9.0,0.0,1.0,0.0,1.0,3.0,1000,3.0,1.0,1.0,,,"-467532,589","-1105171,473","-467533,307","-1105175,204",RADVANICEABARTOVICE,Rudn·,,silnice1.t¯Ìdy,11,1283261.0,,Souhlasn˝sesmÏrem˙seku,Pomal˝,554821.0,363316.0,GN_V0.1UIR-ADR_410,1
70706190103,6,,2019-01-14,1,800,3,0,3,2,1,2,504,0,0,0,50,2,3,1,1,1,1,0,1,0,0,0,1,1,0,,5,26.0,18,3.0,0.0,0.0,0.0,1.0,5.0,0,3.0,1.0,1.0,,,"-470288,326","-1101738,18","-470288,573","-1101738,261",MORAVSK¡OSTRAVA,JureËkova,,mÌstnÌkomunikace,,824162.0,,Souhlasn˝sesmÏrem˙seku,Pomal˝,554821.0,355691.0,GN_V0.1UIR-ADR_410,1
70706190104,6,,2019-01-14,1,858,3,0,9,2,1,2,504,0,0,0,350,2,6,1,1,1,1,0,8,0,0,10,1,1,0,,3,39.0,15,1.0,0.0,1.0,0.0,1.0,5.0,300,2.0,1.0,1.0,,,"-480102,073","-1099241,686","-480102,222","-1099241,811",VRATIMOV-HORNÕDATYNÃ,SpojovacÌ,,mÌstnÌkomunikace,,3125164.0,,Souhlasn˝sesmÏrem˙seku,Pomal˝,554821.0,869015.0,GN_V0.1UIR-ADR_410,1
70706190105,5,,2019-01-14,1,738,1,4,0,2,1,0,504,0,0,0,2,2,1,1,1,2,1,3,1,0,0,7,1,2,0,,5,12.0,15,3.0,0.0,0.0,0.0,1.0,1.0,0,2.0,1.0,1.0,,,"-474169,49","-1102496,287","-474169,054","-1102496,211",NOV¡VES,Mari·nskohorsk·,,silnice2.t¯Ìdy,647,1621442.0,,Souhlasn˝sesmÏrem˙seku,Pomal˝,554821.0,358215.0,GN_V0.1UIR-ADR_410,1
70706190106,6,,2019-01-14,1,1415,4,0,0,1,1,2,516,0,0,1,100,2,3,1,1,1,1,1,1,0,0,1,1,1,0,,3,7.0,16,1.0,0.0,1.0,0.0,1.0,5.0,100,2.0,1.0,1.0,,,"-476634,377","-1108722,977","-476634,687","-1108723,245",PROSKOVICE,Proskovick·,,mÌstnÌkomunikace,,742642.0,,Souhlasn˝sesmÏrem˙seku,Pomal˝,554821.0,355861.0,GN_V0.1UIR-ADR_410,1
70706190107,6,,2019-01-14,1,2560,2,0,0,2,1,0,516,0,0,0,100,2,3,1,1,1,1,1,8,0,0,10,1,2,0,,17,,XX,,,,,,,0,,,,,,"-480137,241","-1099440,597","-480137,047","-1099440,428",PORUBA,Opavsk·,,mÌstnÌkomunikace,,1739611.0,,OpaËn˝kesmÏru˙seku,Pomal˝,554821.0,,GN_V0.1UIR-ADR_410,1
70706190108,6,,2019-01-14,1,1430,3,0,4,2,1,2,505,0,0,0,110,2,3,1,1,1,1,1,1,0,0,0,1,1,0,,9,0.0,18,3.0,0.0,0.0,0.0,1.0,5.0,10,2.0,1.0,1.0,,,"-481647,142","-1105682,631","-481650,406","-1105679,663",Klimkovice,»s.arm·dy,,silnice2.t¯Ìdy,647,477692.0,,OpaËn˝kesmÏru˙seku,Pomal˝,599549.0,309915.0,GN_V0.1UIR-ADR_410,1
70706190109,6,,2019-01-14,1,1615,1,2,0,2,1,2,516,0,0,0,700,2,1,1,1,2,1,1,1,0,0,0,1,2,0,,3,39.0,01,1.0,0.0,1.0,0.0,1.0,5.0,200,2.0,1.0,1.0,,,"-472259,306","-1106963,478","-472259,231","-1106963,804",OSTRAVA-JIH-HRABŸVKA,Dr.MartÌnka,,mÌstnÌkomunikace,,1621457.0,,OpaËn˝kesmÏru˙seku,Pomal˝,554821.0,352918.0,GN_V0.1UIR-ADR_410,1
70706190110,6,,2019-01-14,1,1535,3,0,3,2,1,2,205,0,0,0,150,2,3,1,1,1,1,1,8,0,0,0,3,1,0,,3,39.0,15,3.0,0.0,0.0,0.0,1.0,5.0,100,2.0,1.0,1.0,,,"-471657,363","-1103058,44","-471657,645","-1103056,556",VÕTKOVICE,éelez·rensk·,,mÌstnÌkomunikace,,3490298.0,,OpaËn˝kesmÏru˙seku,Pomal˝,554821.0,368491.0,GN_V0.1UIR-ADR_410,1
70706190111,6,,2019-01-14,1,2030,9,0,0,2,1,2,203,0,0,0,300,2,5,1,1,4,1,3,8,0,0,0,1,1,0,,3,39.0,00,1.0,1.0,1.0,0.0,1.0,5.0,300,2.0,1.0,1.0,"-463079,329","-1107670,653","-463084,522","-1107647,009","-463084,523","-1107647,005",,,,silnice1.t¯Ìdy,11,3295107.0,,Souhlasn˝sesmÏrem˙seku,Pomal˝,598798.0,,GN_V0.1UIR-ADR_410,1
70706190112,4,,2019-01-14,1,2345,9,0,0,2,1,0,506,0,0,0,500,2,3,1,1,6,1,1,1,3,3,0,5,1,17,,3,13.0,94,1.0,0.0,1.0,0.0,1.0,17.0,500,9.0,,,"-470082,616","-1108723,501","-470082,616","-1108723,501","-470085,697","-1108715,051",SLEZSK¡OSTRAVA-KUN»ICE,MostnÌ,,silnice2.t¯Ìdy,477,490624.0,,OpaËn˝kesmÏru˙seku,Pomal˝,554821.0,358932.0,GN_V0.1UIR-ADR_410,1
70706190113,6,,2019-01-15,2,110,2,0,0,2,1,0,204,0,0,0,400,2,6,1,1,4,1,0,1,0,0,10,3,2,0,,3,47.0,17,1.0,1.0,1.0,0.0,1.0,5.0,200,9.0,,,"-471728,833","-1107581,371","-471726,028","-1107587,629","-471725,891","-1107588,599",HRABOV¡,P¯Ìborsk·,,mÌstnÌkomunikace,,486441.0,,Souhlasn˝sesmÏrem˙seku,Pomal˝,554821.0,362794.0,GN_V0.1UIR-ADR_410,1
70706190114,4,,2019-01-15,2,450,1,2,0,1,1,2,403,0,0,1,1800,2,3,1,1,4,1,4,1,3,3,0,4,2,11,,3,39.0,14,1.0,0.0,1.0,0.0,1.0,37.0,800,3.0,1.0,1.0,"-478288,876","-1101201,516","-478288,876","-1101201,516","-478277,418","-1101207,324",PORUBA,Sokolovsk·,,mÌstnÌkomunikace,,3046983.0,,OpaËn˝kesmÏru˙seku,Pomal˝,554821.0,364185.0,GN_V0.1UIR-ADR_410,1
70706190115,6,,2019-01-14,1,2560,2,0,0,2,1,0,508,0,0,0,200,2,5,1,1,4,1,1,1,0,0,10,1,2,0,,17,,XX,,,,,,,0,,,,"-474423,647","-1105882,877","-474428,179","-1105876,186","-474428,226","-1105875,793",OSTRAVA-JIH-Z¡BÿEH,Glazkovova,,mÌstnÌkomunikace,,478457.0,,Souhlasn˝sesmÏrem˙seku,Pomal˝,554821.0,353647.0,GN_V0.1UIR-ADR_410,1
70706190116,6,,2019-01-15,2,620,5,0,0,2,4,0,100,0,0,0,300,2,3,1,1,6,1,1,1,0,0,0,1,1,0,,3,39.0,12,1.0,0.0,1.0,0.0,1.0,5.0,300,4.0,1.0,5.0,,,"-474081,237","-1098904,221","-474079,744","-1098910,834",PETÿKOVICE,Pet¯kovick·,,silnice3.t¯Ìdy,01137,452089.0,,OpaËn˝kesmÏru˙seku,Pomal˝,554821.0,361691.0,GN_V0.1UIR-ADR_410,1
70706190117,6,,2019-01-14,1,2560,2,0,0,2,1,0,516,0,0,0,400,2,5,1,1,1,1,0,0,0,0,0,1,2,0,,17,,XX,,,,,,,0,,,,,,"-477825,49","-1102359,132","-477825,001","-1102358,179",PORUBA,Francouzsk·,,mÌstnÌkomunikace,,3044052.0,,Souhlasn˝sesmÏrem˙seku,Pomal˝,554821.0,368148.0,GN_V0.1UIR-ADR_410,1
70706190118,6,,2019-01-15,2,910,1,4,0,2,1,2,503,0,0,0,1450,2,3,1,1,1,1,1,1,0,0,0,1,3,0,,3,47.0,09,3.0,0.0,0.0,0.0,1.0,5.0,500,2.0,1.0,1.0,,,"-471384,081","-1107747,406","-471384,454","-1107752,267",HRABOV¡,Paskovsk·,,silnice2.t¯Ìdy,478,487105.0,,OpaËn˝kesmÏru˙seku,Pomal˝,554821.0,361445.0,GN_V0.1UIR-ADR_410,1
70706190119,6,,2019-01-13,0,2560,0,0,0,2,1,0,502,0,0,0,50,2,3,1,1,1,1,1,0,0,0,0,1,2,0,,17,,XX,,,,,,,0,,,,,,"-479804,158","-1106139,246","-479803,612","-1106139,551",POLANKANADODROU,JanaKrejËÌho,,mÌstnÌkomunikace,,3125766.0,,OpaËn˝kesmÏru˙seku,Pomal˝,554821.0,355003.0,GN_V0.1UIR-ADR_410,1
70706190120,6,,2019-01-15,2,1105,9,0,0,1,1,2,204,0,0,1,700,2,8,1,1,1,1,1,1,0,0,0,2,1,0,,3,39.0,05,1.0,1.0,1.0,0.0,1.0,5.0,700,2.0,1.0,1.0,"-466954,777","-1098480,615","-466956,126","-1098475,509","-466956,117","-1098475,789",SLEZSK¡OSTRAVA,Orlovsk·,,silnice2.t¯Ìdy,470,3232611.0,,OpaËn˝kesmÏru˙seku,Pomal˝,554821.0,361186.0,GN_V0.1UIR-ADR_410,1
70706190121,6,,2019-01-15,2,1145,2,0,0,2,1,2,204,0,0,0,250,2,6,1,5,1,1,1,1,0,0,8,1,2,0,,5,47.0,16,3.0,1.0,1.0,0.0,1.0,5.0,50,2.0,1.0,1.0,"-471087,437","-1101232,497","-471087,437","-1101232,497","-471088,735","-1101228,787",MORAVSK¡OSTRAVA,Sl·dkova,,mÌstnÌkomunikace,,462266.0,,OpaËn˝kesmÏru˙seku,Pomal˝,554821.0,363910.0,GN_V0.1UIR-ADR_410,1
70706190122,6,,2019-01-15,2,2560,2,0,0,2,1,0,502,0,0,0,500,2,5,1,5,1,1,1,0,0,0,10,1,2,0,,17,,XX,,,,,,,0,,,,"-471780,583","-1103808,355","-471780,583","-1103808,355","-471787,64","-1103788,981",VÕTKOVICE,Z·luûanskÈho,,mÌstnÌkomunikace,,471252.0,,Souhlasn˝sesmÏrem˙seku,Pomal˝,554821.0,367346.0,GN_V0.1UIR-ADR_410,1
70706190123,6,,2019-01-11,5,2560,0,0,0,2,1,0,516,0,0,0,200,2,3,1,1,1,1,1,0,0,0,10,1,2,0,,17,,XX,,,,,,,0,,,,"-478922,969","-1102060,222","-478922,969","-1102060,222","-478920,287","-1102054,877",PORUBA,Budovatelsk·,,mÌstnÌkomunikace,,3481619.0,,OpaËn˝kesmÏru˙seku,Pomal˝,554821.0,352250.0,GN_V0.1UIR-ADR_410,1
70706190124,6,,2019-01-15,2,1420,8,3,0,2,1,2,405,0,0,0,2100,2,3,1,1,1,1,1,1,0,0,0,1,2,0,,3,17.0,17,1.0,0.0,0.0,0.0,1.0,5.0,2000,2.0,1.0,1.0,,,"-479258,792","-1101605,757","-479256,611","-1101606,857",PORUBA,17.listopadu,,silnice1.t¯Ìdy,11,1645656.0,,Souhlasn˝sesmÏrem˙seku,Pomal˝,554821.0,367443.0,GN_V0.1UIR-ADR_410,1
70706190125,6,,2019-01-15,2,1545,3,0,9,2,1,0,204,0,0,0,200,2,6,1,1,1,1,1,1,0,0,0,1,1,0,,17,,XX,,,,,,,0,,,,"-469126,163","-1099791,661","-469126,163","-1099791,661","-469117,169","-1099791,814",SLEZSK¡OSTRAVA-MUGLINOV,PÏöÌ,,mÌstnÌkomunikace,,455962.0,,OpaËn˝kesmÏru˙seku,Pomal˝,554821.0,361615.0,GN_V0.1UIR-ADR_410,1
70706190126,6,,2019-01-15,2,1560,2,0,0,2,1,0,516,0,0,0,200,2,3,1,1,1,1,0,1,3,3,0,5,2,10,,17,,XX,,,,,,,0,,,,,,"-478411,013","-1101494,989","-478411,83","-1101496,66",PORUBA,»kalovova,,mÌstnÌkomunikace,,1739813.0,,Souhlasn˝sesmÏrem˙seku,Pomal˝,554821.0,352519.0,GN_V0.1UIR-ADR_410,1
70706190127,5,,2019-01-15,2,1921,4,0,0,1,3,9,100,0,0,1,0,3,3,1,1,4,1,1,7,0,0,6,1,1,0,,10,0.0,,5.0,0.0,1.0,0.0,1.0,1.0,0,8.0,1.0,1.0,"-472422,529","-1102346,433","-472422,529","-1102346,433","-472425,671","-1102347,417",MARI¡NSK…HORYAHULV¡KY-MARI¡NSK…HORY,1.m·je,,mÌstnÌkomunikace,,3122394.0,,OpaËn˝kesmÏru˙seku,Pomal˝,554821.0,362689.0,GN_V0.1UIR-ADR_410,1
70706190128,6,,2019-01-15,2,2560,3,0,9,2,1,0,511,0,0,0,200,2,3,1,1,1,1,1,1,0,0,0,1,1,0,,17,,XX,,,,,,,0,,,,,,"-466629,567","-1108639,218","-466630,305","-1108639,235",RADVANICEABARTOVICE-BARTOVICE,NaPasek·ch,,mÌstnÌkomunikace,,3047661.0,,OpaËn˝kesmÏru˙seku,Pomal˝,554821.0,359637.0,GN_V0.1UIR-ADR_410,1
70706190129,6,,2019-01-16,3,1150,3,0,9,2,1,2,508,0,0,0,100,2,3,1,1,1,1,1,1,0,0,0,1,1,0,,5,48.0,08,9.0,0.0,1.0,0.0,1.0,5.0,0,3.0,1.0,1.0,,,"-469847,597","-1106595,22","-469851,694","-1106594,522",SLEZSK¡OSTRAVA-KUN»ICE,Vratimovsk·,,mÌstnÌkomunikace,,1740761.0,,,Pomal˝,554821.0,367559.0,GN_V0.1UIR-ADR_410,1