IDENTIFIKA»NÕ »ÕSLO,DRUH POZEMNÕ KOMUNIKACE,»ÕSLO POZEMNÕ KOMUNIKACE,"den, mÏsÌc, rok",,Ëas ,DRUH NEHODY,DRUH SR¡éKY JEDOUCÕCH VOZIDEL,DRUH PEVN… PÿEK¡éKY,CHARAKTER NEHODY,ZAVINÃNÕ NEHODY,ALKOHOL U VINÕKA NEHODY PÿÕTOMEN,HLAVNÕ PÿÕ»INY NEHODY,usmrceno osob,tÏûce zranÏno osob,lehce zranÏno osob,CELKOV¡ HMOTN¡ äKODA,DRUH POVRCHU VOZOVKY,STAV POVRCHU VOZOVKY V DOBÃ NEHODY,STAV KOMUNIKACE,POVÃTRNOSTNÕ PODMÕNKY V DOBÃ NEHODY,VIDITELNOST,ROZHLEDOV… POMÃRY,DÃLENÕ KOMUNIKACE,SITUOV¡NÕ NEHODY NA KOMUNIKACI,ÿÕZENÕ PROVOZU V DOBÃ NEHODY,MÕSTNÕ ⁄PRAVA PÿEDNOSTI V JÕZDÃ,SPECIFICK¡ MÕSTA A OBJEKTY V MÕSTÃ NEHODY,SMÃROV… POMÃRY,PO»ET Z⁄»ASTNÃN›CH VOZIDEL,MÕSTO DOPRAVNÕ NEHODY,DRUH KÿIéUJÕCÕ KOMUNIKACE,DRUH VOZIDLA,V›ROBNÕ ZNA»KA MOTOROV…HO VOZIDLA,ROK V›ROBY VOZIDLA,CHARAKTERISTIKA VOZIDLA ,SMYK,VOZIDLO PO NEHODÃ,"⁄NIK PROVOZNÕCH, PÿEPRAVOVAN›CH HMOT",ZPŸSOB VYPROäTÃNÕ OSOB Z VOZIDLA,SMÃR JÕZDY NEBO POSTAVENÕ VOZIDLA,äKODA NA VOZIDLE,KATEGORIE ÿIDI»E,STAV ÿIDI»E,VNÃJäÕ OVLIVNÃNÕ ÿIDI»E,nan.1,nan.2,nan.3,nan.4,nan.5,nan.6,nan.7,nan.8,nan.9,nan.10,nan.11,nan.12,nan.13,nan.14,nan.15,nan.16,nan.17,nan.18,LOKALITA NEHODY
70706190130,5,,2019-01-16,3,1355,1,2,0,2,1,2,411,0,0,0,350,2,3,1,1,1,1,3,1,0,0,0,1,2,0,,3,7.0,96,1.0,0.0,1.0,0.0,1.0,1.0,200,2.0,1.0,1.0,,,"-473590,071","-1101394,008","-473590,932","-1101391,88",MARI¡NSK…HORYAHULV¡KY,Mari·nskohorsk·,,silnice2.t¯Ìdy,647,3232522.0,,Souhlasn˝sesmÏrem˙seku,Pomal˝,554821.0,358215.0,GN_V0.1UIR-ADR_410,1
70706190131,4,,2019-01-16,3,1700,1,3,0,2,1,2,414,0,0,0,1300,2,1,1,1,4,1,4,1,2,0,2,4,2,19,,3,47.0,00,1.0,0.0,1.0,1.0,1.0,14.0,500,3.0,1.0,1.0,,,"-469578,582","-1098915,714","-469578,495","-1098915,712",SLEZSK¡OSTRAVA-MUGLINOV,BohumÌnsk·,,silnice2.t¯Ìdy,647,800018.0,,Souhlasn˝sesmÏrem˙seku,Pomal˝,554821.0,351938.0,GN_V0.1UIR-ADR_410,1
70706190132,5,,2019-01-16,3,1725,5,0,0,2,4,0,100,0,0,0,450,2,1,1,1,6,1,4,1,0,0,0,1,1,0,,3,39.0,16,0.0,0.0,0.0,0.0,1.0,1.0,400,2.0,1.0,5.0,,,"-469236,192","-1105100,203","-469236,12","-1105101,064",SLEZSK¡OSTRAVA-KUN»ICE,Rudn·,,silnice1.t¯Ìdy,11,2738020.0,,Souhlasn˝sesmÏrem˙seku,Pomal˝,554821.0,363316.0,GN_V0.1UIR-ADR_410,1
70706190133,5,,2019-01-16,3,1715,5,0,0,2,4,0,100,0,0,0,500,2,1,1,1,6,1,4,0,0,0,0,1,1,0,,3,47.0,17,3.0,0.0,0.0,0.0,1.0,1.0,450,2.0,1.0,5.0,,,"-468716,386","-1105093,017","-468716,529","-1105095,679",SLEZSK¡OSTRAVA-KUN»ICE,Rudn·,,silnice1.t¯Ìdy,11,3046464.0,,Souhlasn˝sesmÏrem˙seku,Pomal˝,554821.0,363316.0,GN_V0.1UIR-ADR_410,1
70706190134,5,,2019-01-16,3,1940,3,0,9,2,1,2,516,0,0,0,30,2,1,1,1,6,1,4,1,0,0,0,1,1,0,,5,44.0,15,3.0,0.0,0.0,0.0,1.0,3.0,0,2.0,1.0,1.0,,,"-469432,44","-1105116,68","-469432,931","-1105112,558",SLEZSK¡OSTRAVA-KUN»ICE,Rudn·,,silnice1.t¯Ìdy,11,742843.0,,Souhlasn˝sesmÏrem˙seku,Pomal˝,554821.0,363316.0,GN_V0.1UIR-ADR_410,1
70706190135,5,,2019-01-16,3,1755,3,0,4,2,1,0,508,0,0,0,800,2,1,1,1,4,1,3,8,0,0,0,1,2,0,,17,,XX,,,,,,,0,,,,,,"-475015,522","-1105373,184","-475016,569","-1105375,17",OSTRAVA-JIH-Z¡BÿEH,Rudn·,,silnice1.t¯Ìdy,11,742629.0,,Souhlasn˝sesmÏrem˙seku,Pomal˝,554821.0,363316.0,GN_V0.1UIR-ADR_410,1
70706190136,8,,2019-01-16,3,2560,2,0,0,2,1,0,506,0,0,0,100,2,1,1,1,4,1,0,0,0,0,10,1,2,0,,17,,XX,,,,,,,0,,,,,,"-474554,114","-1104631,48","-474580,248","-1104602,867",OSTRAVA-JIH-Z¡BÿEH,Markova,,mÌstnÌkomunikace,,2385343.0,,OpaËn˝kesmÏru˙seku,Pomal˝,554821.0,352811.0,GN_V0.1UIR-ADR_410,1
70706190137,6,,2019-01-17,4,750,9,0,0,2,1,2,502,0,0,0,200,2,1,1,1,1,1,1,1,0,0,0,1,2,0,,17,,XX,,,,,,,0,,,,,,"-468247,656","-1103285,864","-468247,476","-1103286,296",SLEZSK¡OSTRAVA,PoË·teËnÌ,,silnice3.t¯Ìdy,4703,469794.0,,OpaËn˝kesmÏru˙seku,Pomal˝,554821.0,361887.0,GN_V0.1UIR-ADR_410,1
70706190138,6,,2019-01-15,2,1412,3,0,9,2,1,0,504,0,0,0,100,2,1,1,1,1,1,0,0,0,0,0,1,1,0,,5,26.0,97,1.0,0.0,1.0,0.0,1.0,5.0,0,9.0,,,,,"-469647,374","-1104410,14","-469647,043","-1104410,276",SLEZSK¡OSTRAVA-KUN»I»KY,Holvekova,,mÌstnÌkomunikace,,3324446.0,,Souhlasn˝sesmÏrem˙seku,Pomal˝,554821.0,354279.0,GN_V0.1UIR-ADR_410,1
70706190139,6,,2019-01-15,2,2560,2,0,0,2,1,0,506,0,0,0,100,2,1,1,1,1,1,0,1,0,0,0,1,2,0,,17,,XX,,,,,,,0,,,,,,"-473580,44","-1107670,931","-473579,968","-1107670,258",OSTRAVA-JIH-BÃLSK›LES,LadislavaHos·ka,,mÌstnÌkomunikace,,3044579.0,,Souhlasn˝sesmÏrem˙seku,Pomal˝,554821.0,357545.0,GN_V0.1UIR-ADR_410,1
70706190140,6,,2019-01-17,4,1705,1,3,0,2,1,2,403,0,0,0,600,2,1,1,1,4,1,1,1,3,3,1,5,2,10,,3,47.0,09,1.0,0.0,1.0,0.0,1.0,5.0,300,2.0,1.0,1.0,,,"-471456,727","-1099707,514","-471457,353","-1099708,628",PÿÕVOZ,Wattova,,mÌstnÌkomunikace,,2600833.0,,Souhlasn˝sesmÏrem˙seku,Pomal˝,554821.0,367818.0,GN_V0.1UIR-ADR_410,1
70706190141,6,,2019-01-17,4,1900,3,0,2,1,1,2,508,0,0,2,800,2,1,1,1,4,1,1,1,0,0,0,1,1,0,,3,39.0,04,1.0,0.0,1.0,0.0,1.0,5.0,600,2.0,1.0,1.0,,,"-466940,223","-1102588,397","-466934,499","-1102589,363",RADVANICEABARTOVICE-RADVANICE,Trnkoveck·,,mÌstnÌkomunikace,,3122395.0,,OpaËn˝kesmÏru˙seku,Pomal˝,554821.0,365645.0,GN_V0.1UIR-ADR_410,1
70706190142,6,,2019-01-17,4,1840,3,0,2,2,1,2,508,0,0,0,10,1,1,1,1,4,1,1,1,0,0,10,1,1,0,,3,26.0,16,13.0,0.0,0.0,0.0,1.0,5.0,10,2.0,1.0,1.0,,,"-472048,46","-1101586,02","-472048,396","-1101586,018",MORAVSK¡OSTRAVA,UStadiÛnu,,mÌstnÌkomunikace,,1370388.0,,Souhlasn˝sesmÏrem˙seku,Pomal˝,554821.0,366366.0,GN_V0.1UIR-ADR_410,1
70706190143,6,,2019-01-17,4,1930,3,0,6,2,1,2,508,0,0,0,500,2,3,1,1,4,1,1,1,0,0,0,1,1,0,,3,47.0,02,1.0,0.0,1.0,0.0,1.0,5.0,0,2.0,1.0,1.0,,,"-469313,505","-1102297,875","-469309,888","-1102299,627",SLEZSK¡OSTRAVA-KUN»I»KY,Podz·mËÌ,,mÌstnÌkomunikace,,3530174.0,,Souhlasn˝sesmÏrem˙seku,Pomal˝,554821.0,689831.0,GN_V0.1UIR-ADR_410,1
70706190144,6,,2019-01-17,4,2300,5,0,0,2,4,0,100,0,0,0,350,2,1,1,1,4,1,1,1,0,0,0,1,2,0,,3,35.0,04,1.0,0.0,1.0,0.0,1.0,5.0,150,4.0,1.0,5.0,,,"-467622,777","-1105951,94","-467630,739","-1105953,025",SLEZSK¡OSTRAVA-KUN»I»KY,äenovsk·,,silnice3.t¯Ìdy,4703,3046498.0,,OpaËn˝kesmÏru˙seku,Pomal˝,554821.0,365009.0,GN_V0.1UIR-ADR_410,1
70706190145,6,,2019-01-18,5,620,4,0,0,1,1,0,412,0,0,1,60,2,1,1,1,4,1,4,1,2,0,1,4,1,10,,17,,XX,,,,,,,0,,,,,,"-471483,661","-1104623,95","-471483,264","-1104622,399",VÕTKOVICE,Rudn·,,silnice1.t¯Ìdy,11,3224853.0,,Souhlasn˝sesmÏrem˙seku,Pomal˝,554821.0,363316.0,GN_V0.1UIR-ADR_410,1
70706190146,6,,2019-01-01,2,2560,1,4,0,2,1,0,503,0,0,0,400,2,1,1,1,1,1,1,1,0,0,0,1,2,0,,3,6.0,02,3.0,0.0,0.0,0.0,1.0,5.0,0,9.0,,,,,"-474463,313","-1105036,775","-474462,985","-1105036,805",OSTRAVA-JIH-Z¡BÿEH,V˝ökovick·,,silnice3.t¯Ìdy,4787,1740457.0,,Souhlasn˝sesmÏrem˙seku,Pomal˝,554821.0,368652.0,GN_V0.1UIR-ADR_410,1
70706190147,6,,2019-01-08,2,930,2,0,0,2,1,0,516,0,0,0,100,2,1,1,1,1,1,1,1,0,0,6,1,2,0,,17,,XX,,,,,,,0,,,,,,"-473022,68","-1102328,174","-473022,53","-1102329,083",MARI¡NSK…HORYAHULV¡KY,28.¯Ìjna,,silnice2.t¯Ìdy,479,466779.0,,Souhlasn˝sesmÏrem˙seku,Pomal˝,554821.0,353710.0,GN_V0.1UIR-ADR_410,1
70706190148,6,,2019-01-18,5,1458,3,0,2,1,1,2,402,0,1,0,1500,2,1,1,1,1,1,3,1,3,4,0,5,2,10,,3,13.0,08,1.0,0.0,1.0,0.0,1.0,5.0,0,2.0,1.0,1.0,,,"-465525,566","-1104199,727","-465529,243","-1104195,51",,,,silnice1.t¯Ìdy,59,716909.0,,Souhlasn˝sesmÏrem˙seku,Pomal˝,554821.0,353531.0,GN_V0.1UIR-ADR_410,1
70706190149,6,,2019-01-16,3,2560,2,0,0,2,1,0,516,0,0,0,250,2,1,1,1,4,1,1,1,0,0,0,1,2,0,,17,,XX,,,,,,,0,,,,,,"-476044,981","-1102617,167","-476041,639","-1102618,606",SVINOV,Peterkova,,mÌstnÌkomunikace,,3122511.0,,Souhlasn˝sesmÏrem˙seku,Pomal˝,554821.0,361623.0,GN_V0.1UIR-ADR_410,1
70706190150,6,,2019-01-18,5,1635,3,0,2,2,1,2,502,0,0,0,350,2,1,1,1,2,1,1,1,0,0,0,1,1,0,,3,39.0,11,1.0,0.0,1.0,0.0,1.0,5.0,300,2.0,1.0,1.0,"-473134,703","-1104976,462","-473083,563","-1104968,047","-473083,671","-1104968,103",VÕTKOVICE,Zkr·cen·,,mÌstnÌkomunikace,,3579629.0,,OpaËn˝kesmÏru˙seku,Pomal˝,554821.0,368369.0,GN_V0.1UIR-ADR_410,1
70706190151,6,,2019-01-18,5,1708,1,4,0,2,1,2,503,0,0,0,5,2,1,1,1,4,1,1,0,0,0,0,1,2,0,,3,4.0,11,3.0,0.0,1.0,0.0,1.0,5.0,0,3.0,1.0,1.0,"-474781,37","-1106098,22","-474781,37","-1106098,22","-474783,889","-1106101,448",OSTRAVA-JIH-Z¡BÿEH,»ujkovova,,mÌstnÌkomunikace,,479510.0,,OpaËn˝kesmÏru˙seku,Pomal˝,554821.0,352535.0,GN_V0.1UIR-ADR_410,1
70706190152,4,,2019-01-18,5,1843,1,1,0,1,1,2,403,0,0,2,2000,2,1,1,1,4,1,1,1,3,3,0,4,2,19,,3,31.0,97,1.0,0.0,1.0,1.0,1.0,15.0,500,2.0,1.0,1.0,"-478082,337","-1100854,448","-478082,337","-1100854,448","-478082,438","-1100854,033",PORUBA,Sokolovsk·,,mÌstnÌkomunikace,,460405.0,,Souhlasn˝sesmÏrem˙seku,Pomal˝,554821.0,364185.0,GN_V0.1UIR-ADR_410,1
70706190153,6,,2019-01-18,5,1950,2,0,0,2,1,0,516,0,0,0,200,2,1,1,1,4,1,1,0,0,0,0,1,2,0,,17,,XX,,,,,,,0,,,,"-474563,219","-1106092,076","-474554,625","-1106054,475","-474554,588","-1106055,115",OSTRAVA-JIH-Z¡BÿEH,Zajcevova,,mÌstnÌkomunikace,,3045401.0,,Souhlasn˝sesmÏrem˙seku,Pomal˝,554821.0,368016.0,GN_V0.1UIR-ADR_410,1
70706190154,6,,2019-01-18,5,2340,0,0,0,2,6,0,100,0,0,0,20,2,1,6,1,4,1,1,1,0,0,0,3,1,0,,3,47.0,13,1.0,0.0,1.0,0.0,1.0,5.0,20,2.0,1.0,1.0,"-464452,911","-1111424,915","-464452,911","-1111424,915","-464460,778","-1111420,19",V·clavovice,Fr˝deck·,,silnice2.t¯Ìdy,473,3043540.0,,OpaËn˝kesmÏru˙seku,Pomal˝,598836.0,109240.0,GN_V0.1UIR-ADR_410,1
70706190155,6,,2019-01-18,5,2300,3,0,2,2,1,0,516,0,0,0,50,3,1,1,1,4,1,0,0,0,0,10,1,1,0,,3,17.0,18,3.0,0.0,0.0,0.0,1.0,5.0,0,2.0,1.0,1.0,,,"-472007,999","-1101745,695","-472021,441","-1101746,499",MORAVSK¡OSTRAVA,Novin·¯sk·,,mÌstnÌkomunikace,,1740000.0,,Souhlasn˝sesmÏrem˙seku,Pomal˝,554821.0,360872.0,GN_V0.1UIR-ADR_410,1
70706190156,6,,2019-01-19,6,1130,2,0,0,2,1,0,502,0,0,0,10,2,1,1,1,1,1,1,1,0,0,0,1,2,0,,17,,XX,,,,,,,0,,,,,,"-477509,947","-1100790,277","-477517,24","-1100798,466",PORUBA,KarlaPokornÈho,,mÌstnÌkomunikace,,3047168.0,,Souhlasn˝sesmÏrem˙seku,Pomal˝,554821.0,356115.0,GN_V0.1UIR-ADR_410,1
70706190157,8,,2019-01-19,6,1160,2,0,0,2,1,0,516,0,0,0,50,2,1,5,1,1,1,0,0,0,0,10,1,2,0,,17,,XX,,,,,,,0,,,,,,"-471227,227","-1102922,814","-471229,761","-1102923,384",VÕTKOVICE,NaJÌzd·rnÏ,,mÌstnÌkomunikace,,3324399.0,,OpaËn˝kesmÏru˙seku,Pomal˝,554821.0,359335.0,GN_V0.1UIR-ADR_410,1
70706190158,6,,2019-01-19,6,1560,2,0,0,2,1,0,506,0,0,0,300,1,1,1,1,4,1,1,1,0,0,0,1,2,0,,17,,XX,,,,,,,0,,,,,,"-476441,359","-1102022,514","-476438,828","-1102028,371",TÿEBOVICE,SjÌzdn·,,mÌstnÌkomunikace,,3163636.0,,OpaËn˝kesmÏru˙seku,Pomal˝,554821.0,362051.0,GN_V0.1UIR-ADR_410,1
70706190159,4,,2019-01-19,6,1835,1,2,0,1,1,2,403,0,0,1,1500,2,1,1,1,4,1,1,1,3,3,1,4,2,19,,3,39.0,02,1.0,0.0,1.0,0.0,1.0,73.0,700,2.0,1.0,1.0,,,"-470584,315","-1101311,459","-470583,552","-1101311,202",MORAVSK¡OSTRAVA,»esobratrsk·,,mÌstnÌkomunikace,,3049245.0,,OpaËn˝kesmÏru˙seku,Pomal˝,554821.0,362093.0,GN_V0.1UIR-ADR_410,1
70706190160,6,,2019-01-20,0,1757,3,0,9,2,1,0,505,0,0,0,50,2,1,1,1,4,1,1,1,0,0,0,1,1,0,,3,39.0,18,1.0,0.0,1.0,0.0,1.0,5.0,0,9.0,,,,,"-470542,572","-1102006,116","-470542,61","-1102006,078",MORAVSK¡OSTRAVA,Jantarova,,mÌstnÌkomunikace,,2385020.0,,Souhlasn˝sesmÏrem˙seku,Pomal˝,554821.0,352101.0,GN_V0.1UIR-ADR_410,1
70706190161,6,,2019-01-21,1,200,3,0,9,2,1,2,504,0,0,0,50,2,1,1,1,4,1,1,8,0,0,0,1,1,0,,3,39.0,16,13.0,0.0,1.0,0.0,1.0,5.0,50,2.0,1.0,1.0,,,"-470327,986","-1100987,484","-470327,814","-1100988,015",MORAVSK¡OSTRAVA,NaDes·tÈm,,mÌstnÌkomunikace,,3179974.0,,,Pomal˝,554821.0,354619.0,GN_V0.1UIR-ADR_410,1
70706190162,6,,2019-01-21,1,630,1,4,0,2,1,2,508,0,0,0,150,2,1,1,1,4,1,1,1,2,0,0,5,2,10,,3,7.0,07,1.0,0.0,1.0,0.0,1.0,5.0,100,2.0,1.0,1.0,"-470898,629","-1101509,257","-470898,629","-1101509,257","-470907,683","-1101512,444",MORAVSK¡OSTRAVA,Cingrova,,silnice1.t¯Ìdy,56,742756.0,,Souhlasn˝sesmÏrem˙seku,Pomal˝,554821.0,352331.0,GN_V0.1UIR-ADR_410,1
70706190163,6,,2019-01-21,1,2560,3,0,9,2,1,0,508,0,0,0,100,2,1,1,1,1,1,1,1,0,0,0,1,1,0,,17,,XX,,,,,,,0,,,,,,"-477138,761","-1109591,988","-477138,087","-1109592,242",PROSKOVICE,Starovesk·,,silnice3.t¯Ìdy,4787,493628.0,,Souhlasn˝sesmÏrem˙seku,Pomal˝,554821.0,364533.0,GN_V0.1UIR-ADR_410,1
70706190164,6,,2019-01-21,1,1045,2,0,0,2,1,2,516,0,0,0,100,2,1,1,1,1,1,1,1,3,3,0,1,2,0,,3,47.0,10,1.0,0.0,1.0,0.0,1.0,5.0,50,2.0,1.0,1.0,,,"-472768,457","-1102074,863","-472767,754","-1102076,551",MARI¡NSK…HORYAHULV¡KY,MojmÌrovc˘,,mÌstnÌkomunikace,,465712.0,,Souhlasn˝sesmÏrem˙seku,Pomal˝,554821.0,358851.0,GN_V0.1UIR-ADR_410,1
70706190165,4,,2019-01-21,1,835,1,2,0,2,1,0,411,0,0,0,300,2,1,1,1,1,1,5,1,3,3,2,7,2,19,,3,32.0,04,1.0,0.0,1.0,0.0,1.0,11.0,0,2.0,1.0,1.0,,,"-478529,901","-1101678,419","-478531,708","-1101679,388",PORUBA,HlavnÌt¯Ìda,,mÌstnÌkomunikace,,464004.0,,Souhlasn˝sesmÏrem˙seku,Pomal˝,554821.0,357715.0,GN_V0.1UIR-ADR_410,1
70706190166,8,,2019-01-21,1,1240,3,0,2,2,1,2,508,0,0,0,350,2,1,1,1,1,1,1,1,0,0,0,1,1,0,,8,99.0,12,5.0,0.0,0.0,0.0,1.0,5.0,300,4.0,1.0,1.0,,,"-474729,858","-1103928,997",,,OSTRAVA-JIH-Z¡BÿEH,UHr˘bk˘,,,,,,,,,,GN_V0.1UIR-ADR_410,1
70706190167,6,,2019-01-14,1,2560,3,0,6,2,1,0,508,0,0,0,10,2,1,1,1,1,1,0,0,0,0,10,1,1,0,,17,,XX,,,,,,,0,,,,,,"-471163,769","-1101991,409","-471163,132","-1101991,312",MORAVSK¡OSTRAVA,JanovskÈho,,mÌstnÌkomunikace,,465429.0,,OpaËn˝kesmÏru˙seku,Pomal˝,554821.0,355127.0,GN_V0.1UIR-ADR_410,1
70706190168,6,,2019-01-21,1,1500,1,2,0,2,1,2,403,0,0,0,2000,2,1,1,1,1,1,1,1,3,4,0,5,2,10,,3,39.0,18,3.0,0.0,1.0,0.0,1.0,5.0,1500,2.0,1.0,1.0,,,"-471681,533","-1101822,012","-471681,726","-1101821,67",MARI¡NSK…HORYAHULV¡KY,Varensk·,,mÌstnÌkomunikace,,1626381.0,,OpaËn˝kesmÏru˙seku,Pomal˝,554821.0,367087.0,GN_V0.1UIR-ADR_410,1
70706190169,6,,2019-01-22,2,630,3,0,4,2,1,2,508,0,0,0,300,2,6,1,1,4,1,1,1,0,0,0,3,1,0,,3,31.0,14,1.0,1.0,0.0,0.0,1.0,5.0,300,2.0,1.0,1.0,,,"-471722,647","-1100530,313","-471724,552","-1100531,479",MORAVSK¡OSTRAVAAPÿÕVOZ,MÌsteck·,,silnice1.t¯Ìdy,56,2385551.0,,Souhlasn˝sesmÏrem˙seku,Pomal˝,554821.0,365602.0,GN_V0.1UIR-ADR_410,1
70706190170,5,,2019-01-22,2,715,3,0,4,2,1,2,203,0,0,0,600,2,6,1,1,2,1,3,1,0,0,0,2,1,0,,3,39.0,03,1.0,0.0,0.0,0.0,1.0,3.0,500,2.0,1.0,1.0,,,"-471401,571","-1100702,33","-471402,093","-1100704,084",Ostrava,I/56prodlouûen·MÌsteck·,,silnice1.t¯Ìdy,56,2736628.0,,Souhlasn˝sesmÏrem˙seku,Pomal˝,554821.0,365602.0,GN_V0.1UIR-ADR_410,1
70706190171,6,,2019-01-22,2,715,4,0,0,1,1,0,508,0,0,1,0,2,1,1,1,2,1,1,1,0,0,0,1,1,0,,17,,XX,,,,,,,0,,,,,,"-473931,675","-1105204,479","-473931,671","-1105204,901",OSTRAVA-JIH-Z¡BÿEH,Jugosl·vsk·,,mÌstnÌkomunikace,,3045526.0,,OpaËn˝kesmÏru˙seku,Pomal˝,554821.0,355658.0,GN_V0.1UIR-ADR_410,1
70706190172,6,,2019-01-22,2,1335,1,4,0,1,1,2,503,0,0,1,950,2,1,1,1,1,1,1,1,0,0,7,1,3,0,,5,62.0,13,3.0,0.0,0.0,0.0,1.0,5.0,300,3.0,1.0,1.0,,,"-472703,747","-1107049,556","-472703,316","-1107051,458",OSTRAVA-JIH-HRABŸVKA,Dr.MartÌnka,,mÌstnÌkomunikace,,1389551.0,,Souhlasn˝sesmÏrem˙seku,Pomal˝,554821.0,352918.0,GN_V0.1UIR-ADR_410,1
70706190173,6,,2019-01-22,2,1108,3,0,9,2,1,0,508,0,0,0,50,2,1,1,1,1,1,1,1,0,0,10,1,1,0,,3,17.0,12,1.0,0.0,0.0,0.0,1.0,5.0,0,3.0,1.0,1.0,,,"-475937,995","-1102214,229","-475937,389","-1102215,156",SVINOV,BÌloveck·,,mÌstnÌkomunikace,,3049408.0,,Souhlasn˝sesmÏrem˙seku,Pomal˝,554821.0,361623.0,GN_V0.1UIR-ADR_410,1
70706190174,6,,2019-01-15,2,2560,0,0,0,2,1,0,505,0,0,0,200,2,1,1,1,1,1,1,1,0,0,0,1,2,0,,17,,XX,,,,,,,0,,,,,,"-472085,872","-1103484,635","-472042,479","-1103470,232",VÕTKOVICE,1.m·je,,mÌstnÌkomunikace,,470572.0,,Souhlasn˝sesmÏrem˙seku,Pomal˝,554821.0,362689.0,GN_V0.1UIR-ADR_410,1
70706190175,6,,2019-01-22,2,2260,2,0,0,2,1,0,504,0,0,0,100,2,8,1,5,4,1,1,1,0,0,0,1,2,0,,17,,XX,,,,,,,0,,,,,,"-474617,125","-1104441,001","-474615,765","-1104439,705",OSTRAVA-JIH-Z¡BÿEH,HorymÌrova,,mÌstnÌkomunikace,,473572.0,,OpaËn˝kesmÏru˙seku,Pomal˝,554821.0,354368.0,GN_V0.1UIR-ADR_410,1
70706190176,6,,2019-01-23,3,750,3,0,6,2,1,2,504,0,0,0,5,2,1,1,1,1,1,1,1,0,0,10,3,1,0,,3,39.0,16,12.0,0.0,1.0,0.0,1.0,5.0,5,2.0,1.0,1.0,,,"-469750,726","-1101381,009","-469750,731","-1101381,011",MORAVSK¡OSTRAVA,NaHradb·ch,,mÌstnÌkomunikace,,462863.0,,Souhlasn˝sesmÏrem˙seku,Pomal˝,554821.0,359271.0,GN_V0.1UIR-ADR_410,1
70706190177,6,,2019-01-23,3,1340,2,0,0,2,1,0,504,0,0,0,110,2,1,1,1,1,1,1,1,0,0,0,3,2,0,,3,22.0,01,1.0,0.0,1.0,0.0,1.0,5.0,10,2.0,1.0,1.0,,,"-473004,671","-1101849,66","-473004,704","-1101849,537",MARI¡NSK…HORYAHULV¡KY,V·clavsk·,,mÌstnÌkomunikace,,464629.0,,OpaËn˝kesmÏru˙seku,Pomal˝,554821.0,367001.0,GN_V0.1UIR-ADR_410,1
70706190178,6,,2019-01-23,3,1345,3,0,9,2,1,2,508,0,0,0,600,1,1,1,1,1,1,0,0,0,0,2,1,1,0,,3,4.0,11,1.0,0.0,0.0,0.0,1.0,5.0,400,2.0,1.0,1.0,,,"-470468,768","-1099675,363","-470468,772","-1099675,357",MORAVSK¡OSTRAVAAPÿÕVOZ,Muglinovsk·,,silnice2.t¯Ìdy,647,1621493.0,,Souhlasn˝sesmÏrem˙seku,Pomal˝,554821.0,359009.0,GN_V0.1UIR-ADR_410,1
70706190179,6,,2019-01-23,3,1505,1,3,0,2,1,2,516,0,0,0,1510,2,1,1,1,1,1,1,1,0,0,0,1,2,0,,3,39.0,16,12.0,0.0,1.0,0.0,1.0,5.0,1000,2.0,1.0,1.0,,,"-471293,053","-1100416,444","-471293,054","-1100416,444",PÿÕVOZ,CihelnÌ,,mÌstnÌkomunikace,,458337.0,,,Pomal˝,554821.0,352322.0,GN_V0.1UIR-ADR_410,1
70706190180,6,,2019-01-23,3,2560,2,0,0,2,1,0,516,0,0,0,100,2,1,1,1,1,1,1,0,0,0,0,1,2,0,,17,,XX,,,,,,,0,,,,,,"-479360,339","-1101385,364","-479361,059","-1101386,786",PORUBA,Dr.Slabihoudka,,mÌstnÌkomunikace,,462904.0,,OpaËn˝kesmÏru˙seku,Pomal˝,554821.0,352934.0,GN_V0.1UIR-ADR_410,1
70706190181,6,,2019-01-22,2,2560,2,0,0,2,1,0,516,0,0,0,50,1,1,1,1,4,1,0,0,0,0,10,1,2,0,,17,,XX,,,,,,,0,,,,,,"-470408,079","-1101532,456","-470405,504","-1101540,088",MORAVSK¡OSTRAVA,StodolnÌ,,mÌstnÌkomunikace,,463454.0,,,Pomal˝,554821.0,364606.0,GN_V0.1UIR-ADR_410,1
70706190182,4,,2019-01-23,3,1640,8,3,0,1,1,2,405,0,0,1,900,2,1,1,1,4,1,1,7,3,3,0,5,2,19,,3,48.0,06,1.0,0.0,1.0,0.0,1.0,17.0,500,3.0,1.0,1.0,,,"-479126,802","-1101336,25","-479126,944","-1101336,178",PORUBA,17.listopadu,,silnice1.t¯Ìdy,11,1645648.0,,Souhlasn˝sesmÏrem˙seku,Pomal˝,554821.0,367443.0,GN_V0.1UIR-ADR_410,1
70706190183,6,,2019-01-24,4,545,3,0,4,2,1,2,204,0,0,0,600,2,9,1,1,4,1,1,8,3,3,0,7,1,10,,3,39.0,08,1.0,1.0,0.0,0.0,1.0,5.0,500,4.0,1.0,1.0,,,"-471902,389","-1100538,795","-471902,998","-1100540,085",PÿÕVOZ,MÌsteck·,,silnice1.t¯Ìdy,56,1729163.0,,Souhlasn˝sesmÏrem˙seku,Pomal˝,554821.0,358738.0,GN_V0.1UIR-ADR_410,1
70706190184,5,,2019-01-24,4,1415,1,4,0,1,1,2,503,0,0,2,200,2,1,1,1,1,1,3,1,0,0,0,3,2,0,,3,47.0,03,1.0,0.0,0.0,0.0,1.0,1.0,100,2.0,1.0,1.0,,,"-474518,431","-1102579,332","-474518,381","-1102578,987",NOV¡VES,28.¯Ìjna,,silnice2.t¯Ìdy,479,467803.0,,Souhlasn˝sesmÏrem˙seku,Pomal˝,554821.0,353710.0,GN_V0.1UIR-ADR_410,1
70706190185,5,,2019-01-24,4,1550,9,0,0,2,1,2,205,0,0,0,1120,2,1,1,1,1,1,1,1,0,0,0,2,1,0,,3,7.0,14,1.0,0.0,1.0,0.0,1.0,1.0,1100,2.0,1.0,1.0,,,"-478231,24","-1107206,56","-478232,38","-1107213,693",POLANKANADODROU,1.kvÏtna,,silnice2.t¯Ìdy,478,1704197.0,,OpaËn˝kesmÏru˙seku,Pomal˝,554821.0,362671.0,GN_V0.1UIR-ADR_410,1