IDENTIFIKA»NÕ »ÕSLO,DRUH POZEMNÕ KOMUNIKACE,»ÕSLO POZEMNÕ KOMUNIKACE,"den, mÏsÌc, rok",,Ëas ,DRUH NEHODY,DRUH SR¡éKY JEDOUCÕCH VOZIDEL,DRUH PEVN… PÿEK¡éKY,CHARAKTER NEHODY,ZAVINÃNÕ NEHODY,ALKOHOL U VINÕKA NEHODY PÿÕTOMEN,HLAVNÕ PÿÕ»INY NEHODY,usmrceno osob,tÏûce zranÏno osob,lehce zranÏno osob,CELKOV¡ HMOTN¡ äKODA,DRUH POVRCHU VOZOVKY,STAV POVRCHU VOZOVKY V DOBÃ NEHODY,STAV KOMUNIKACE,POVÃTRNOSTNÕ PODMÕNKY V DOBÃ NEHODY,VIDITELNOST,ROZHLEDOV… POMÃRY,DÃLENÕ KOMUNIKACE,SITUOV¡NÕ NEHODY NA KOMUNIKACI,ÿÕZENÕ PROVOZU V DOBÃ NEHODY,MÕSTNÕ ⁄PRAVA PÿEDNOSTI V JÕZDÃ,SPECIFICK¡ MÕSTA A OBJEKTY V MÕSTÃ NEHODY,SMÃROV… POMÃRY,PO»ET Z⁄»ASTNÃN›CH VOZIDEL,MÕSTO DOPRAVNÕ NEHODY,DRUH KÿIéUJÕCÕ KOMUNIKACE,DRUH VOZIDLA,V›ROBNÕ ZNA»KA MOTOROV…HO VOZIDLA,ROK V›ROBY VOZIDLA,CHARAKTERISTIKA VOZIDLA ,SMYK,VOZIDLO PO NEHODÃ,"⁄NIK PROVOZNÕCH, PÿEPRAVOVAN›CH HMOT",ZPŸSOB VYPROäTÃNÕ OSOB Z VOZIDLA,SMÃR JÕZDY NEBO POSTAVENÕ VOZIDLA,äKODA NA VOZIDLE,KATEGORIE ÿIDI»E,STAV ÿIDI»E,VNÃJäÕ OVLIVNÃNÕ ÿIDI»E,nan.1,nan.2,nan.3,nan.4,nan.5,nan.6,nan.7,nan.8,nan.9,nan.10,nan.11,nan.12,nan.13,nan.14,nan.15,nan.16,nan.17,nan.18,LOKALITA NEHODY
70706190186,6,,2019-01-21,1,1005,2,0,0,2,1,0,516,0,0,0,120,2,1,1,1,1,1,1,1,0,0,10,1,2,0,,3,12.0,18,1.0,0.0,1.0,0.0,1.0,5.0,20,2.0,1.0,1.0,,,"-478304,996","-1101656,146","-478305,975","-1101655,652",PORUBA,Spoj˘,,mÌstnÌkomunikace,,1739812.0,,Souhlasn˝sesmÏrem˙seku,Pomal˝,554821.0,364347.0,GN_V0.1UIR-ADR_410,1
70706190187,4,,2019-01-24,4,1700,1,2,0,2,1,2,405,0,0,0,2500,2,1,1,1,2,1,2,1,3,3,0,5,2,19,,3,2.0,15,3.0,0.0,1.0,1.0,1.0,17.0,1500,2.0,1.0,1.0,,,"-470328,683","-1105208,323","-470328,151","-1105208,452",SLEZSK¡OSTRAVA-KUN»I»KY,Fr˝deck·,,silnice2.t¯Ìdy,477,1617754.0,,Souhlasn˝sesmÏrem˙seku,Pomal˝,554821.0,353515.0,GN_V0.1UIR-ADR_410,1
70706190188,6,,2019-01-24,4,1740,2,0,0,2,1,2,504,0,0,0,70,2,1,1,1,4,1,1,1,0,0,0,1,2,0,,3,32.0,11,1.0,0.0,1.0,0.0,1.0,5.0,20,2.0,1.0,1.0,,,"-473675,861","-1105087,853","-473675,862","-1105088,413",OSTRAVA-JIH-Z¡BÿEH,Rottrova,,mÌstnÌkomunikace,,3376342.0,,Souhlasn˝sesmÏrem˙seku,Pomal˝,554821.0,363235.0,GN_V0.1UIR-ADR_410,1
70706190189,5,,2019-01-24,4,1945,3,0,3,2,1,0,508,0,0,0,120,2,1,1,1,4,1,1,1,0,0,2,1,2,0,,17,,XX,,,,,,,0,,,,,,"-477798,52","-1102205,831","-477800,121","-1102205,04",PORUBA,Francouzsk·,,mÌstnÌkomunikace,,1618456.0,,OpaËn˝kesmÏru˙seku,Pomal˝,554821.0,368148.0,GN_V0.1UIR-ADR_410,1
70706190190,6,,2019-01-24,4,2215,3,0,4,2,1,2,204,0,0,0,850,2,9,1,6,4,1,3,1,0,0,0,3,1,0,,3,42.0,12,1.0,1.0,1.0,0.0,1.0,5.0,800,2.0,1.0,1.0,,,"-471984,183","-1100257,143","-471985,353","-1100257,985",PÿÕVOZ,nepojmenovan·,,silnice1.t¯Ìdy,56,1890054.0,,Souhlasn˝sesmÏrem˙seku,Pomal˝,554821.0,360341.0,GN_V0.1UIR-ADR_410,1
70706190191,6,,2019-01-24,4,2560,2,0,0,2,1,0,504,0,0,0,200,1,8,1,1,1,1,1,1,0,0,0,1,2,0,,17,,XX,,,,,,,0,,,,,,"-471842,808","-1104037,673","-471843,176","-1104037,798",VÕTKOVICE,TrûnÌ,,mÌstnÌkomunikace,,3376291.0,,OpaËn˝kesmÏru˙seku,Pomal˝,554821.0,355305.0,GN_V0.1UIR-ADR_410,1
70706190192,6,,2019-01-25,5,800,5,0,0,2,4,0,100,0,0,0,350,2,3,1,1,1,1,1,1,3,5,0,1,1,0,,3,47.0,15,1.0,0.0,1.0,0.0,1.0,5.0,300,2.0,1.0,5.0,,,"-478940,692","-1098003,442","-478940,301","-1098003,436",PORUBA,Porubsk·,,silnice2.t¯Ìdy,469,3173419.0,,Souhlasn˝sesmÏrem˙seku,Pomal˝,554821.0,353540.0,GN_V0.1UIR-ADR_410,1
70706190193,6,,2019-01-24,4,2560,2,0,0,2,1,0,508,0,0,0,100,2,1,1,1,1,1,1,1,0,0,0,1,2,0,,17,,XX,,,,,,,0,,,,,,"-473220,568","-1102337,809","-473221,32","-1102337,748",MARI¡NSK…HORYAHULV¡KY,Josefaäavla,,mÌstnÌkomunikace,,466887.0,,Souhlasn˝sesmÏrem˙seku,Pomal˝,554821.0,355607.0,GN_V0.1UIR-ADR_410,1
70706190194,6,,2019-01-25,5,2560,2,0,0,2,1,0,504,0,0,0,100,2,3,1,1,1,1,1,1,0,0,10,1,2,0,,17,,XX,,,,,,,0,,,,,,"-473301,449","-1106217,193","-473301,549","-1106217,084",OSTRAVA-JIH-HRABŸVKA,S·mova,,mÌstnÌkomunikace,,480252.0,,OpaËn˝kesmÏru˙seku,Pomal˝,554821.0,363693.0,GN_V0.1UIR-ADR_410,1
70706190195,5,,2019-01-25,5,1355,3,0,4,2,1,2,204,0,0,0,150,2,3,1,1,1,1,3,1,0,0,0,2,1,0,,3,31.0,08,1.0,1.0,1.0,0.0,1.0,1.0,50,2.0,1.0,1.0,,,"-469706,145","-1102441,158","-469705,672","-1102440,573",MORAVSK¡OSTRAVA,NaKarolÌnÏ,,silnice3.t¯Ìdy,4793,1626198.0,,Souhlasn˝sesmÏrem˙seku,Pomal˝,554821.0,369055.0,GN_V0.1UIR-ADR_410,1
70706190196,6,,2019-01-25,5,2560,2,0,0,2,1,0,502,0,0,0,200,2,1,1,1,1,1,0,1,0,0,10,1,2,0,,17,,XX,,,,,,,0,,,,,,"-469535,228","-1101174,733","-469535,504","-1101174,765",SLEZSK¡OSTRAVA,n·mÏstÌJurijeGagarina,,mÌstnÌkomunikace,,461986.0,,,Pomal˝,554821.0,360465.0,GN_V0.1UIR-ADR_410,1
70706190197,5,,2019-01-25,5,1545,1,4,0,2,1,2,508,0,0,0,900,2,1,1,1,1,1,1,1,0,0,0,1,3,0,,3,39.0,08,1.0,0.0,1.0,0.0,1.0,1.0,300,3.0,1.0,1.0,,,"-479240,485","-1100629,233","-479240,858","-1100629,574",PORUBA,Opavsk·,,silnice1.t¯Ìdy,11,1616539.0,,Souhlasn˝sesmÏrem˙seku,Pomal˝,554821.0,361143.0,GN_V0.1UIR-ADR_410,1
70706190198,4,,2019-01-25,5,2100,1,1,0,2,1,2,203,0,0,0,1000,2,1,1,1,4,1,1,1,3,3,0,4,2,19,,3,2.0,99,1.0,0.0,1.0,0.0,1.0,56.0,500,2.0,1.0,1.0,"-474767,255","-1102611,006","-474767,255","-1102611,006","-474767,721","-1102610,789",NOV¡VES,28.¯Ìjna,,mÌstnÌkomunikace,,1742560.0,,OpaËn˝kesmÏru˙seku,Pomal˝,554821.0,365858.0,GN_V0.1UIR-ADR_410,1
70706190199,5,,2019-01-25,5,2145,3,0,4,2,1,2,511,0,0,0,900,2,1,1,1,4,1,4,1,0,0,0,1,1,0,,3,39.0,05,1.0,0.0,1.0,0.0,1.0,3.0,800,3.0,1.0,1.0,,,"-469982,896","-1105159,412","-469982,934","-1105160,756",SLEZSK¡OSTRAVA-KUN»I»KY,Rudn·,,silnice1.t¯Ìdy,11,475876.0,,Souhlasn˝sesmÏrem˙seku,Pomal˝,554821.0,363316.0,GN_V0.1UIR-ADR_410,1
70706190200,5,,2019-01-26,6,230,3,0,4,2,1,2,205,0,0,0,700,2,1,1,1,4,1,3,8,0,0,0,3,1,0,,3,47.0,97,2.0,1.0,0.0,0.0,1.0,1.0,500,2.0,1.0,1.0,,,"-471695,309","-1100573,86","-471695,163","-1100573,623",MORAVSK¡OSTRAVAAPÿÕVOZ,,,silnice1.t¯Ìdy,56,2385549.0,,Souhlasn˝sesmÏrem˙seku,Pomal˝,554821.0,,GN_V0.1UIR-ADR_410,1
70706190201,6,,2019-01-26,6,625,3,0,4,2,1,2,204,0,0,0,450,2,6,1,6,4,1,1,1,0,0,0,2,1,0,,3,13.0,07,1.0,0.0,1.0,0.0,1.0,5.0,400,2.0,1.0,1.0,,,"-477203,649","-1103574,393","-477204,411","-1103578,7",,,,silnice1.t¯Ìdy,11,470576.0,,Souhlasn˝sesmÏrem˙seku,Pomal˝,554821.0,363316.0,GN_V0.1UIR-ADR_410,1
70706190202,6,,2019-01-26,6,810,3,0,4,2,1,2,204,0,0,0,300,2,5,1,6,1,1,3,1,0,0,0,2,1,0,,3,39.0,05,1.0,0.0,1.0,0.0,1.0,5.0,200,2.0,1.0,1.0,,,"-471905,301","-1100499,539","-471906,974","-1100498,358",MORAVSK¡OSTRAVAAPÿÕVOZ,Mari·nskohorsk·,,silnice2.t¯Ìdy,647,3265949.0,,Souhlasn˝sesmÏrem˙seku,Pomal˝,554821.0,358215.0,GN_V0.1UIR-ADR_410,1
70706190203,6,,2019-01-26,6,1200,1,2,0,1,1,2,402,0,0,1,1600,2,3,1,5,1,1,1,1,3,3,0,5,2,10,,3,39.0,10,1.0,0.0,0.0,0.0,1.0,5.0,800,2.0,1.0,1.0,,,"-472384,066","-1105800,981","-472390,63","-1105805,947",VÕTKOVICE,Z·vodnÌ,,mÌstnÌkomunikace,,3122412.0,,Souhlasn˝sesmÏrem˙seku,Pomal˝,554821.0,368199.0,GN_V0.1UIR-ADR_410,1
70706190204,6,,2019-01-27,0,945,1,1,0,1,1,2,403,0,0,2,1500,2,3,1,1,1,1,1,1,3,3,1,4,3,10,,3,39.0,02,1.0,0.0,1.0,0.0,1.0,5.0,300,2.0,1.0,1.0,,,"-472194,535","-1101123,312","-472195,301","-1101123,854",MARI¡NSK…HORYAHULV¡KY,Novin·¯sk·,,mÌstnÌkomunikace,,1657089.0,,OpaËn˝kesmÏru˙seku,Pomal˝,554821.0,360872.0,GN_V0.1UIR-ADR_410,1
70706190205,6,,2019-01-27,0,1100,1,4,0,2,1,2,508,0,0,0,150,2,3,1,1,1,1,1,1,3,3,0,4,2,10,,3,26.0,16,1.0,0.0,1.0,0.0,1.0,5.0,100,2.0,1.0,1.0,,,"-469932,724","-1101097,199","-469932,968","-1101096,542",MORAVSK¡OSTRAVA,»eskobratrsk·,,silnice2.t¯Ìdy,479,461514.0,,OpaËn˝kesmÏru˙seku,Pomal˝,554821.0,363111.0,GN_V0.1UIR-ADR_410,1
70706190206,6,,2019-01-27,0,1605,1,2,0,2,1,2,404,0,0,0,500,2,1,1,1,1,1,1,1,3,5,10,4,3,10,,3,13.0,03,1.0,0.0,1.0,0.0,1.0,5.0,200,2.0,1.0,1.0,,,"-470510,688","-1102015,538","-470510,712","-1102015,185",MORAVSK¡OSTRAVA,TÏûa¯sk·,,mÌstnÌkomunikace,,3224841.0,,Souhlasn˝sesmÏrem˙seku,Pomal˝,554821.0,848824.0,GN_V0.1UIR-ADR_410,1
70706190207,6,,2019-01-27,0,1815,6,0,0,2,4,0,100,0,0,0,130,2,3,1,1,4,1,1,1,0,0,0,1,1,0,,3,48.0,00,1.0,0.0,1.0,0.0,1.0,5.0,100,2.0,1.0,5.0,,,"-469309,77","-1098912,661","-469309,754","-1098917,481",SLEZSK¡OSTRAVA-HEÿMANICE,Orlovsk·,,silnice2.t¯Ìdy,470,1739458.0,,OpaËn˝kesmÏru˙seku,Pomal˝,554821.0,361186.0,GN_V0.1UIR-ADR_410,1
70706190208,6,,2019-01-26,6,2560,2,0,0,2,1,0,504,0,0,0,80,2,1,1,1,1,1,1,1,0,0,0,1,2,0,,17,,XX,,,,,,,0,,,,,,"-473175,715","-1107211,365","-473175,543","-1107211,125",OSTRAVA-JIH-HRABŸVKA,ZdeÚkaVav¯Ìka,,mÌstnÌkomunikace,,3044952.0,,,Pomal˝,554821.0,355470.0,GN_V0.1UIR-ADR_410,1
70706190209,5,,2019-01-28,1,650,1,2,0,2,1,2,205,0,0,0,900,2,6,1,5,4,1,1,1,0,0,0,3,2,0,,3,42.0,07,1.0,1.0,1.0,0.0,1.0,5.0,400,2.0,1.0,1.0,,,"-471857,832","-1108108,138","-471857,832","-1108108,479",HRABOV¡,KrmelÌnsk·,,silnice1.t¯Ìdy,56,1731309.0,,Souhlasn˝sesmÏrem˙seku,Pomal˝,554821.0,357235.0,GN_V0.1UIR-ADR_410,1
70706190210,5,,2019-01-28,1,720,1,4,0,2,1,2,204,0,0,0,1000,2,6,1,5,2,1,4,1,0,0,0,1,3,0,,3,12.0,01,1.0,0.0,1.0,0.0,1.0,1.0,400,2.0,1.0,1.0,,,"-471489,059","-1104629,896","-471489,383","-1104631,351",VÕTKOVICE,Rudn·,,silnice1.t¯Ìdy,11,748532.0,,Souhlasn˝sesmÏrem˙seku,Pomal˝,554821.0,363316.0,GN_V0.1UIR-ADR_410,1
70706190211,6,,2019-01-28,1,815,1,2,0,2,1,2,204,0,0,0,900,2,5,1,5,3,1,1,1,3,3,0,5,4,10,,3,39.0,04,1.0,1.0,1.0,0.0,1.0,5.0,300,2.0,1.0,1.0,,,"-473092,631","-1106640,073","-473092,593","-1106640,174",OSTRAVA-JIH-BÃLSK›LES,Provaznick·,,mÌstnÌkomunikace,,482070.0,,Souhlasn˝sesmÏrem˙seku,Pomal˝,554821.0,362581.0,GN_V0.1UIR-ADR_410,1
70706190212,6,,2019-01-28,1,815,3,0,4,1,1,0,204,0,0,1,1500,2,8,1,5,1,1,1,1,0,0,0,3,1,0,,3,13.0,17,3.0,1.0,1.0,0.0,1.0,5.0,1500,2.0,1.0,1.0,,,"-467392,241","-1106836,744","-467384,025","-1106833,952",,,,silnice1.t¯Ìdy,11,486695.0,,Souhlasn˝sesmÏrem˙seku,Pomal˝,554821.0,363316.0,GN_V0.1UIR-ADR_410,1
70706190213,8,,2019-01-28,1,845,2,0,0,2,1,0,516,0,0,0,50,2,1,1,1,1,1,1,1,0,0,0,1,2,0,,5,7.0,12,1.0,0.0,1.0,0.0,1.0,5.0,0,2.0,1.0,1.0,,,"-473285,191","-1106021,279","-473284,598","-1106024,186",OSTRAVA-JIH-HRABŸVKA,HOrnÌ,,mÌstnÌkomunikace,,3142154.0,,Souhlasn˝sesmÏrem˙seku,Pomal˝,554821.0,353191.0,GN_V0.1UIR-ADR_410,1
70706190214,6,,2019-01-28,1,1355,2,0,0,2,1,0,504,0,0,0,50,2,3,1,5,1,1,1,1,0,0,0,1,2,0,,17,,XX,,,,,,,0,,,,,,"-477704,654","-1101172,066","-477704,599","-1101171,904",PORUBA,Gen.Sochora,,mÌstnÌkomunikace,,3047199.0,,Souhlasn˝sesmÏrem˙seku,Pomal˝,554821.0,353621.0,GN_V0.1UIR-ADR_410,1
70706190215,6,,2019-01-28,1,1700,3,0,6,2,1,2,204,0,0,0,350,2,3,1,3,2,1,1,1,0,0,0,3,1,0,,3,47.0,01,1.0,0.0,1.0,0.0,1.0,5.0,300,2.0,1.0,1.0,,,"-465640,438","-1101104,827","-465639,283","-1101111,257",MICH¡LKOVICE,Briket·¯sk·,,mÌstnÌkomunikace,,461605.0,,OpaËn˝kesmÏru˙seku,Pomal˝,554821.0,352152.0,GN_V0.1UIR-ADR_410,1
70706190216,6,,2019-01-28,1,1846,8,4,0,2,1,2,508,0,0,0,1200,0,3,1,1,4,1,0,7,3,3,0,1,2,0,,10,0.0,,5.0,0.0,1.0,0.0,1.0,5.0,600,8.0,1.0,1.0,,,"-470472,197","-1101936,516","-470471,334","-1101938,949",MORAVSK¡OSTRAVA,28.¯Ìjna,,silnice3.t¯Ìdy,4793,2385015.0,,Souhlasn˝sesmÏrem˙seku,Pomal˝,554821.0,353710.0,GN_V0.1UIR-ADR_410,1
70706190217,6,,2019-01-28,1,2138,3,0,2,2,1,2,204,0,0,0,1500,2,6,1,1,4,1,1,8,0,0,2,1,1,0,,3,39.0,16,12.0,1.0,1.0,0.0,1.0,5.0,1500,2.0,1.0,1.0,,,"-472432,99","-1102246,109","-472433,228","-1102244,803",MARI¡NSK…HORYAHULV¡KY,28.¯Ìjna,,silnice2.t¯Ìdy,479,3184470.0,,Souhlasn˝sesmÏrem˙seku,Pomal˝,554821.0,353710.0,GN_V0.1UIR-ADR_410,1
70706190218,6,,2019-01-28,1,2155,3,0,3,2,1,2,511,0,0,0,10,2,5,1,1,4,1,1,1,3,3,0,5,1,10,,3,39.0,16,12.0,0.0,1.0,0.0,1.0,5.0,10,2.0,1.0,1.0,,,"-472750,064","-1101752,483","-472750,242","-1101752,3",MARI¡NSK…HORYAHULV¡KY,KorunnÌ,,mÌstnÌkomunikace,,464314.0,,Souhlasn˝sesmÏrem˙seku,Pomal˝,554821.0,362778.0,GN_V0.1UIR-ADR_410,1
70706190219,6,,2019-01-28,1,2156,3,0,3,2,1,4,506,0,0,0,150,3,6,1,1,4,1,0,8,3,3,0,5,1,10,,3,16.0,04,1.0,0.0,1.0,0.0,1.0,5.0,100,2.0,3.0,1.0,,,"-472797,9","-1101719,545","-472797,287","-1101722,362",MARI¡NSK…HORYAHULV¡KY,UDvoru,,mÌstnÌkomunikace,,464137.0,,Souhlasn˝sesmÏrem˙seku,Pomal˝,554821.0,365947.0,GN_V0.1UIR-ADR_410,1
70706190220,6,,2019-01-28,1,2315,3,0,3,1,1,2,511,0,0,2,700,2,3,1,1,4,1,1,8,3,3,0,1,1,0,,3,32.0,02,1.0,0.0,1.0,0.0,1.0,5.0,400,7.0,1.0,1.0,,,"-472223,371","-1097889,169","-472223,111","-1097889,081",PETÿKOVICE,HluËÌnsk·,,silnice3.t¯Ìdy,46611,1739373.0,,Souhlasn˝sesmÏrem˙seku,Pomal˝,554821.0,354198.0,GN_V0.1UIR-ADR_410,1
70706190221,7,,2019-01-29,2,845,3,0,2,2,1,2,511,0,0,0,1,2,3,1,1,1,1,1,1,0,0,0,1,1,0,,7,10.0,12,9.0,0.0,1.0,0.0,1.0,5.0,0,3.0,1.0,1.0,"-469852,007","-1106549,079","-469852,007","-1106549,079","-469851,576","-1106542,97",SLEZSK¡OSTRAVA-KUN»ICE,Vratimovsk·,,mÌstnÌkomunikace,,481562.0,,Souhlasn˝sesmÏrem˙seku,Pomal˝,554821.0,357758.0,GN_V0.1UIR-ADR_410,1
70706190222,6,,2019-01-27,0,1745,5,0,0,2,4,0,100,0,0,0,150,2,3,1,1,4,1,1,1,0,0,0,1,1,0,,3,60.0,14,1.0,0.0,0.0,0.0,1.0,5.0,100,2.0,1.0,5.0,,,"-464699,375","-1112026,251","-464699,94","-1112025,811",,,,silnice2.t¯Ìdy,473,1704250.0,,Souhlasn˝sesmÏrem˙seku,Pomal˝,598836.0,109240.0,GN_V0.1UIR-ADR_410,1
70706190223,5,,2019-01-29,2,1240,1,4,0,2,1,6,503,0,0,0,500,2,1,1,1,1,1,1,1,0,0,1,1,2,0,,4,39.0,14,1.0,0.0,1.0,0.0,1.0,1.0,200,2.0,4.0,1.0,,,"-472966,97","-1102320,821","-472967,07","-1102320,102",MARI¡NSK…HORYAHULV¡KY,28.¯Ìjna,,silnice2.t¯Ìdy,479,466727.0,,OpaËn˝kesmÏru˙seku,Pomal˝,554821.0,353710.0,GN_V0.1UIR-ADR_410,1
70706190224,6,,2019-01-30,3,726,8,4,0,2,1,2,503,0,0,0,4000,0,1,1,1,1,1,0,0,0,0,0,1,2,0,,10,0.0,,5.0,0.0,1.0,0.0,1.0,5.0,2000,2.0,1.0,1.0,,,"-473028,946","-1107179,567","-473040,541","-1107173,959",OSTRAVA-JIH-HRABŸVKA,HornÌ,,mÌstnÌkomunikace,,3044944.0,,Souhlasn˝sesmÏrem˙seku,Pomal˝,554821.0,354317.0,GN_V0.1UIR-ADR_410,1
70706190225,6,,2019-01-30,3,810,3,0,3,2,1,2,504,0,0,0,100,3,1,1,1,1,1,1,1,0,0,10,1,1,0,,3,2.0,04,12.0,0.0,1.0,0.0,1.0,5.0,100,4.0,1.0,1.0,"-469623,79","-1101807,975","-469623,79","-1101807,975","-469622,527","-1101811,252",MORAVSK¡OSTRAVA,HavlÌËkovon·b¯eûÌ,,mÌstnÌkomunikace,,1889995.0,,,Pomal˝,554821.0,729329.0,GN_V0.1UIR-ADR_410,1
70706190226,5,,2019-01-30,3,900,1,4,0,2,1,3,503,0,0,0,1100,2,3,1,1,1,1,5,1,0,0,0,1,4,0,,5,12.0,16,3.0,0.0,1.0,1.0,1.0,3.0,500,2.0,4.0,1.0,"-477299,095","-1101700,703","-477299,095","-1101700,703","-477297,015","-1101696,55",PORUBA,Opavsk·,,mÌstnÌkomunikace,,3435347.0,,,Pomal˝,554821.0,366633.0,GN_V0.1UIR-ADR_410,1
70706190227,6,,2019-01-15,2,2560,2,0,0,2,1,0,508,0,0,0,100,2,3,1,1,1,1,1,0,0,0,10,1,2,0,,17,,XX,,,,,,,0,,,,"-473679,381","-1107704,047","-473673,123","-1107708,579","-473672,137","-1107709,255",OSTRAVA-JIH-BÃLSK›LES,ZdeÚkaChalabaly,,mÌstnÌkomunikace,,3223970.0,,,Pomal˝,554821.0,354317.0,GN_V0.1UIR-ADR_410,1
70706190228,6,,2019-01-30,3,1015,2,0,0,2,1,0,504,0,0,0,10,2,3,1,1,1,1,1,0,0,0,10,1,2,0,,17,,XX,,,,,,,0,,,,"-469031,788","-1100740,879","-468989,353","-1100799,967","-468989,449","-1100799,936",SLEZSK¡OSTRAVA,Chittussiho,,mÌstnÌkomunikace,,460288.0,,,Pomal˝,554821.0,354783.0,GN_V0.1UIR-ADR_410,1
70706190229,6,,2019-01-30,3,1100,3,0,3,2,1,2,504,0,0,0,50,2,3,1,1,1,1,1,8,0,0,0,1,1,0,,5,32.0,17,8.0,0.0,1.0,0.0,1.0,5.0,0,2.0,1.0,1.0,,,"-475484,519","-1106944,64","-475485,362","-1106944,343",OSTRAVA-JIH-V›äKOVICE,B¯ustkova,,mÌstnÌkomunikace,,3044505.0,,OpaËn˝kesmÏru˙seku,Pomal˝,554821.0,352225.0,GN_V0.1UIR-ADR_410,1
70706190230,5,,2019-01-30,3,1210,1,4,0,1,1,2,503,0,0,1,1950,2,1,1,1,1,1,1,1,0,0,2,1,4,0,,3,44.0,12,3.0,0.0,1.0,0.0,1.0,3.0,1000,2.0,1.0,1.0,"-479595,208","-1100214,031","-479595,208","-1100214,031","-479605,413","-1100215,709",PORUBA,Opavak·,,mÌstnÌkomunikace,,1773864.0,,,Pomal˝,554821.0,361283.0,GN_V0.1UIR-ADR_410,1
70706190231,6,,2019-01-30,3,1224,1,2,0,2,1,2,501,0,0,0,150,2,1,1,1,1,1,1,1,0,0,0,3,2,0,,5,3.0,13,3.0,0.0,1.0,0.0,1.0,5.0,50,3.0,1.0,1.0,"-467744,864","-1104636,349","-467741,628","-1104636,133","-467742,294","-1104636,05",SLEZSK¡OSTRAVA-KUN»I»KY,äenovsk·,,silnice3.t¯Ìdy,4703,3579845.0,,OpaËn˝kesmÏru˙seku,Pomal˝,554821.0,365009.0,GN_V0.1UIR-ADR_410,1
70706190232,6,,2019-01-29,2,1810,2,0,0,2,1,0,516,0,0,0,50,2,3,1,1,1,1,1,0,0,0,10,1,2,0,,3,39.0,09,1.0,0.0,1.0,0.0,1.0,5.0,0,2.0,1.0,1.0,"-477438,199","-1102463,395","-477438,199","-1102463,395","-477446,834","-1102485,203",PORUBA,AlûÌrsk·,,mÌstnÌkomunikace,,824222.0,,OpaËn˝kesmÏru˙seku,Pomal˝,554821.0,351202.0,GN_V0.1UIR-ADR_410,1
70706190233,6,,2019-01-30,3,1320,3,0,9,2,1,2,511,0,0,0,600,6,3,1,1,1,1,1,8,0,0,0,1,1,0,,3,39.0,10,1.0,0.0,1.0,0.0,1.0,5.0,500,2.0,1.0,1.0,"-480516,145","-1106214,379","-480516,145","-1106214,379","-480513,564","-1106213,326",POLANKANADODROU,URybnÌËku,,mÌstnÌkomunikace,,480189.0,,OpaËn˝kesmÏru˙seku,Pomal˝,554821.0,366285.0,GN_V0.1UIR-ADR_410,1
70706190234,6,,2019-01-30,3,1345,2,0,0,2,1,2,502,0,0,0,900,2,3,1,1,1,1,1,1,0,0,0,3,3,0,,3,39.0,12,1.0,0.0,1.0,0.0,1.0,5.0,500,2.0,1.0,1.0,"-474433,351","-1104031,444","-474433,351","-1104031,444","-474426,9","-1104029,09",OSTRAVA-JIH-Z¡BÿEH,Zimmlerova,,mÌstnÌkomunikace,,472221.0,,OpaËn˝kesmÏru˙seku,Pomal˝,554821.0,368342.0,GN_V0.1UIR-ADR_410,1
70706190235,6,,2019-01-30,3,1410,3,0,2,2,1,2,516,0,0,0,1,2,3,1,1,1,1,1,0,0,0,0,1,1,0,,7,40.0,07,9.0,0.0,1.0,0.0,1.0,5.0,0,3.0,1.0,1.0,"-469807,621","-1106488,133","-469807,621","-1106488,133","-469830,822","-1106483,553",SLEZSK¡OSTRAVA-KUN»I»KY,Vratimovsk·,,mÌstnÌkomunikace,,481539.0,,OpaËn˝kesmÏru˙seku,Pomal˝,554821.0,367559.0,GN_V0.1UIR-ADR_410,1
70706190236,6,,2019-01-30,3,1400,3,0,3,2,1,2,508,0,0,0,100,2,6,1,6,3,1,1,0,0,0,10,1,1,0,,3,35.0,00,1.0,0.0,1.0,0.0,1.0,5.0,30,3.0,1.0,1.0,"-473073,991","-1101683,449","-473071,617","-1101686,686","-473070,314","-1101688,242",MARI¡NSK…HORYAHULV¡KY,Novovesk·,,mÌstnÌkomunikace,,3045843.0,,OpaËn˝kesmÏru˙seku,Pomal˝,554821.0,360881.0,GN_V0.1UIR-ADR_410,1
70706190237,6,,2019-01-30,3,1507,3,0,9,1,1,2,201,0,1,1,2000,2,5,1,1,1,1,1,1,0,0,0,1,1,0,,3,29.0,06,1.0,0.0,1.0,0.0,1.0,5.0,1500,3.0,1.0,1.0,"-483384,389","-1106011,224","-483384,389","-1106011,224","-483384,44","-1106010,986",Olbramice,Ufarmy,,silnice3.t¯Ìdy,4654,802988.0,,Souhlasn˝sesmÏrem˙seku,Pomal˝,554049.0,725668.0,GN_V0.1UIR-ADR_410,1
70706190238,5,,2019-01-30,3,1445,5,0,0,2,4,0,100,0,0,0,550,2,1,1,1,1,1,1,1,0,0,0,1,1,0,,3,44.0,17,1.0,0.0,1.0,0.0,1.0,1.0,500,2.0,1.0,5.0,"-465970,761","-1098516,996","-465970,761","-1098516,996","-465970,108","-1098514,808",SLEZSK¡OSTRAVA-HEÿMANICE,Orlovsk·,,silnice2.t¯Ìdy,470,450387.0,,Souhlasn˝sesmÏrem˙seku,Pomal˝,554821.0,361186.0,GN_V0.1UIR-ADR_410,1
70706190239,6,,2019-01-30,3,1525,2,0,0,2,1,0,502,0,0,0,50,2,3,1,1,1,1,0,0,0,0,10,1,2,0,,17,,XX,,,,,,,0,,,,"-470597,238","-1101072,408","-470564,473","-1101129,88","-470564,081","-1101131,148",MORAVSK¡OSTRAVA,30.dubna,,mÌstnÌkomunikace,,3045968.0,,OpaËn˝kesmÏru˙seku,Pomal˝,554821.0,365769.0,GN_V0.1UIR-ADR_410,1
70706190240,5,,2019-01-30,3,1300,1,1,0,2,1,0,504,0,0,0,200,2,1,1,1,1,1,1,1,3,4,0,4,2,10,,3,39.0,08,1.0,0.0,1.0,0.0,1.0,1.0,0,2.0,1.0,1.0,,,"-472455,023","-1102247,58","-472454,812","-1102248,738",MARI¡NSK…HORYAHULV¡KY,28.¯Ìjna,,silnice2.t¯Ìdy,479,3184470.0,,Souhlasn˝sesmÏrem˙seku,Pomal˝,554821.0,353710.0,GN_V0.1UIR-ADR_410,1