IDENTIFIKA»NÕ »ÕSLO,DRUH POZEMNÕ KOMUNIKACE,»ÕSLO POZEMNÕ KOMUNIKACE,"den, mÏsÌc, rok",,Ëas ,DRUH NEHODY,DRUH SR¡éKY JEDOUCÕCH VOZIDEL,DRUH PEVN… PÿEK¡éKY,CHARAKTER NEHODY,ZAVINÃNÕ NEHODY,ALKOHOL U VINÕKA NEHODY PÿÕTOMEN,HLAVNÕ PÿÕ»INY NEHODY,usmrceno osob,tÏûce zranÏno osob,lehce zranÏno osob,CELKOV¡ HMOTN¡ äKODA,DRUH POVRCHU VOZOVKY,STAV POVRCHU VOZOVKY V DOBÃ NEHODY,STAV KOMUNIKACE,POVÃTRNOSTNÕ PODMÕNKY V DOBÃ NEHODY,VIDITELNOST,ROZHLEDOV… POMÃRY,DÃLENÕ KOMUNIKACE,SITUOV¡NÕ NEHODY NA KOMUNIKACI,ÿÕZENÕ PROVOZU V DOBÃ NEHODY,MÕSTNÕ ⁄PRAVA PÿEDNOSTI V JÕZDÃ,SPECIFICK¡ MÕSTA A OBJEKTY V MÕSTÃ NEHODY,SMÃROV… POMÃRY,PO»ET Z⁄»ASTNÃN›CH VOZIDEL,MÕSTO DOPRAVNÕ NEHODY,DRUH KÿIéUJÕCÕ KOMUNIKACE,DRUH VOZIDLA,V›ROBNÕ ZNA»KA MOTOROV…HO VOZIDLA,ROK V›ROBY VOZIDLA,CHARAKTERISTIKA VOZIDLA ,SMYK,VOZIDLO PO NEHODÃ,"⁄NIK PROVOZNÕCH, PÿEPRAVOVAN›CH HMOT",ZPŸSOB VYPROäTÃNÕ OSOB Z VOZIDLA,SMÃR JÕZDY NEBO POSTAVENÕ VOZIDLA,äKODA NA VOZIDLE,KATEGORIE ÿIDI»E,STAV ÿIDI»E,VNÃJäÕ OVLIVNÃNÕ ÿIDI»E,nan.1,nan.2,nan.3,nan.4,nan.5,nan.6,nan.7,nan.8,nan.9,nan.10,nan.11,nan.12,nan.13,nan.14,nan.15,nan.16,nan.17,nan.18,LOKALITA NEHODY
70706190241,5,,2019-01-30,3,1645,1,4,0,2,1,2,503,0,0,0,500,2,3,1,1,2,1,1,1,0,0,2,1,2,0,,3,39.0,02,7.0,0.0,1.0,0.0,1.0,1.0,300,3.0,1.0,1.0,"-467219,559","-1103946,709","-467126,989","-1103887,369","-467126,438","-1103886,989",RADVANICEABARTOVICE-RADVANICE,TÏöÌnsk·,,silnice2.t¯Ìdy,479,1889958.0,,Souhlasn˝sesmÏrem˙seku,Pomal˝,554821.0,365505.0,GN_V0.1UIR-ADR_410,1
70706190242,5,,2019-01-30,3,1855,1,4,0,2,1,2,503,0,0,0,150,2,1,1,1,4,1,1,1,2,0,0,1,2,0,,3,39.0,01,1.0,0.0,0.0,0.0,1.0,3.0,50,2.0,1.0,1.0,,,"-476759,555","-1101997,403","-476760,419","-1101999,126",PORUBA,Opavsk·,,silnice2.t¯Ìdy,479,1625733.0,,Souhlasn˝sesmÏrem˙seku,Pomal˝,554821.0,361143.0,GN_V0.1UIR-ADR_410,1
70706190243,6,,2019-01-30,3,1235,1,3,0,2,1,0,404,0,0,0,100,2,5,1,1,1,1,1,1,3,5,0,5,2,10,,5,7.0,13,3.0,0.0,0.0,0.0,1.0,5.0,0,2.0,1.0,1.0,,,"-467200,316","-1109514,756","-467200,387","-1109514,588",Vratimov,KH·jence,,mÌstnÌkomunikace,,3047676.0,,Souhlasn˝sesmÏrem˙seku,Pomal˝,598879.0,109771.0,GN_V0.1UIR-ADR_410,1
70706190244,6,,2019-01-31,4,1400,3,0,3,2,1,2,504,0,0,0,70,2,1,1,1,1,1,1,1,0,0,0,1,1,0,,5,35.0,16,3.0,0.0,1.0,0.0,1.0,5.0,20,2.0,1.0,1.0,,,"-478002,107","-1101149,431","-478001,891","-1101148,996",PORUBA,USportoviötÏ,,mÌstnÌkomunikace,,3046962.0,,Souhlasn˝sesmÏrem˙seku,Pomal˝,554821.0,366358.0,GN_V0.1UIR-ADR_410,1
70706190245,6,,2019-01-31,4,1515,1,3,0,2,1,2,404,0,0,0,2510,2,1,1,1,1,1,1,1,3,5,0,5,2,10,,3,41.0,06,1.0,0.0,1.0,0.0,1.0,5.0,500,2.0,1.0,1.0,,,"-474509,571","-1105400,198","-474502,137","-1105401,024",OSTRAVA-JIH-Z¡BÿEH,V˝ökovick·,,silnice3.t¯Ìdy,4787,717002.0,,Souhlasn˝sesmÏrem˙seku,Pomal˝,554821.0,368652.0,GN_V0.1UIR-ADR_410,1
70706190246,6,,2019-01-31,4,1945,2,0,0,2,1,0,504,0,0,0,300,2,1,1,1,4,1,1,1,0,0,0,1,2,0,,3,39.0,12,3.0,0.0,1.0,0.0,1.0,5.0,0,9.0,,,,,"-478565,625","-1101306,392","-478564,893","-1101306,764",PORUBA,BohuslavaMartin˘,,mÌstnÌkomunikace,,1616622.0,,Souhlasn˝sesmÏrem˙seku,Pomal˝,554821.0,351962.0,GN_V0.1UIR-ADR_410,1
60044194005,0,1.0,2019-01-09,3,1345,3,0,4,2,1,2,204,0,0,0,550,3,8,1,5,1,1,3,1,1,0,0,1,1,0,,3,13.0,14,3.0,1.0,1.0,0.0,1.0,1.0,500,2.0,1.0,1.0,"-556029,223","-1151397,66","-556029,223","-1151397,66","-556029,069","-1151398,97",,,,d·lnice,D1,3072969.0,,Souhlasn˝sesmÏrem˙seku,Pomal˝,589764.0,,GN_V0.1UIR-ADR_410,2
60044194009,0,1.0,2019-01-19,6,1605,1,4,0,1,1,2,508,0,0,3,1200,3,1,1,1,1,1,3,1,0,0,0,1,2,0,,3,47.0,04,1.0,0.0,1.0,0.0,1.0,1.0,400,2.0,2.0,1.0,"-546248,139","-1151871,547","-546244,916","-1151861,342","-546244,875","-1151861,117",,,,d·lnice,D1,3512726.0,,Souhlasn˝sesmÏrem˙seku,Pomal˝,514055.0,,GN_V0.1UIR-ADR_410,2
60044194012,0,1.0,2019-01-31,4,2560,3,0,3,2,1,0,508,0,0,0,140,3,1,1,1,1,1,3,8,0,0,0,1,1,0,,17,,XX,,,,,,,0,,,,"-534005,376","-1146390,726","-534005,376","-1146390,726","-534015,014","-1146392,642",,,,d·lnice,D1,2727002.0,,Souhlasn˝sesmÏrem˙seku,Pomal˝,517887.0,,GN_V0.1UIR-ADR_410,2
70042192002,0,1.0,2019-01-04,5,820,9,0,0,2,1,0,510,0,0,0,700,3,3,1,1,1,1,6,3,0,0,0,1,1,0,,17,,XX,,,,,,,0,,,,"-509731,3","-1125656,58","-509731,3","-1125656,58","-509732,029","-1125653,793",,,,d·lnice,D1,1408090.0,,Souhlasn˝sesmÏrem˙seku,Pomal˝,512231.0,,GN_V0.1UIR-ADR_410,2
70042192004,0,1.0,2019-01-08,2,908,3,0,4,2,1,2,204,0,0,0,1100,3,8,1,5,3,1,3,3,0,0,0,1,1,0,,3,42.0,14,1.0,1.0,0.0,0.0,1.0,3.0,900,2.0,1.0,1.0,"-506574,666","-1122709,848","-506574,666","-1122709,848","-506569,81","-1122715,077",,,,d·lnice,D1,3072942.0,,Souhlasn˝sesmÏrem˙seku,Pomal˝,512231.0,,GN_V0.1UIR-ADR_410,2
70042192006,0,1.0,2019-01-17,4,1735,0,0,0,2,0,0,100,0,0,0,2250,2,3,1,4,7,1,3,1,0,0,0,1,8,0,,7,35.0,16,3.0,0.0,1.0,0.0,1.0,3.0,0,3.0,1.0,1.0,,,"-507348,915","-1123622,243","-507343,188","-1123626,119",,,,d·lnice,D1,3072940.0,,Souhlasn˝sesmÏrem˙seku,Pomal˝,512231.0,,GN_V0.1UIR-ADR_410,2
140040190001,0,35.0,2019-01-02,3,1910,3,0,9,2,1,2,204,0,0,0,1050,3,6,1,5,7,1,3,1,0,0,0,2,1,0,,3,16.0,15,1.0,1.0,1.0,0.0,1.0,3.0,1000,2.0,1.0,1.0,"-532516,361","-1124193,818","-532516,361","-1124193,818","-532519,065","-1124200,009",,,,mÌstnÌkomunikace,R35,3072996.0,,OpaËn˝kesmÏru˙seku,Pomal˝,552445.0,,GN_V0.1UIR-ADR_410,2
140040190002,0,35.0,2019-01-02,3,1920,3,0,4,2,1,2,204,0,0,0,1260,2,6,1,5,7,1,6,1,0,0,0,1,1,0,,3,35.0,06,9.0,1.0,0.0,0.0,1.0,3.0,1000,1.0,1.0,1.0,"-532516,361","-1124193,818","-532516,361","-1124193,818","-532519,065","-1124200,009",,,,mÌstnÌkomunikace,R35,3072996.0,,Souhlasn˝sesmÏrem˙seku,Pomal˝,552445.0,,GN_V0.1UIR-ADR_410,2
140040190003,0,35.0,2019-01-03,4,1026,3,0,3,2,1,2,204,0,0,0,330,2,6,1,5,3,1,0,4,0,0,0,3,1,0,,3,17.0,15,3.0,1.0,1.0,0.0,1.0,3.0,300,2.0,1.0,1.0,"-535565,285","-1123517,623","-535565,285","-1123517,623","-535570,733","-1123519,493",,,,silnice1.t¯Ìdy,35,1412679.0,,Souhlasn˝sesmÏrem˙seku,Pomal˝,552411.0,,GN_V0.1UIR-ADR_410,2
140040190004,0,35.0,2019-01-04,5,645,0,0,0,2,1,2,201,0,0,0,1800,2,3,1,5,6,1,6,4,0,0,0,1,2,0,,3,31.0,04,1.0,0.0,1.0,0.0,1.0,3.0,800,2.0,1.0,1.0,"-537542,63","-1124167,85","-537542,63","-1124167,85","-537542,123","-1124170,887",,,,mÌstnÌkomunikace,R35,1338553.0,,Souhlasn˝sesmÏrem˙seku,Pomal˝,552429.0,,GN_V0.1UIR-ADR_410,2
140040190005,0,35.0,2019-01-04,5,2120,1,2,0,2,1,2,204,0,0,0,700,3,8,1,5,6,1,6,1,0,0,0,1,2,0,,3,17.0,15,1.0,0.0,0.0,0.0,1.0,3.0,500,2.0,1.0,1.0,"-539558,353","-1124337,161","-539558,353","-1124337,161","-539557,105","-1124343,183",,,,mÌstnÌkomunikace,R35,1340108.0,,Souhlasn˝sesmÏrem˙seku,Pomal˝,505609.0,,GN_V0.1UIR-ADR_410,2
140040190006,0,35.0,2019-01-05,6,840,3,0,4,2,1,2,204,0,0,0,500,2,8,1,5,3,1,6,1,0,0,0,1,1,0,,3,60.0,15,3.0,1.0,0.0,0.0,1.0,3.0,400,2.0,1.0,1.0,"-524294,4","-1128852,499","-524297,614","-1128864,281","-524297,583","-1128864,063",,,,mÌstnÌkomunikace,R35,1340375.0,,Souhlasn˝sesmÏrem˙seku,Pomal˝,514705.0,,GN_V0.1UIR-ADR_410,2
140040190007,0,1.0,2019-01-05,6,855,3,0,4,2,1,2,203,0,0,0,2150,3,3,1,1,1,1,2,2,0,0,0,1,1,0,,3,20.0,16,2.0,1.0,1.0,0.0,1.0,3.0,2000,2.0,1.0,1.0,"-511833,946","-1126567,823","-511833,946","-1126567,823","-511832,341","-1126570,361",,,,d·lnice,D1,2602113.0,,Souhlasn˝sesmÏrem˙seku,Pomal˝,513750.0,,GN_V0.1UIR-ADR_410,2
140040190008,1,46.0,2019-01-08,2,825,1,2,0,2,1,2,204,0,0,0,5500,2,5,1,5,3,1,6,1,0,0,0,1,2,0,,3,47.0,01,2.0,1.0,1.0,0.0,1.0,3.0,500,2.0,1.0,1.0,"-550360,593","-1124002,924","-550360,593","-1124002,924","-550360,785","-1124002,638",,,,mÌstnÌkomunikace,R46,717971.0,,Souhlasn˝sesmÏrem˙seku,Pomal˝,500496.0,,GN_V0.1UIR-ADR_410,2
140040190009,0,35.0,2019-01-08,2,905,1,2,0,2,1,0,502,0,0,0,800,2,5,1,5,3,1,1,1,0,0,0,1,2,0,,17,,XX,,,,,,,0,,,,"-538115,806","-1124236,409","-538115,806","-1124236,409","-538115,766","-1124237,489",,,,mÌstnÌkomunikace,R35,717967.0,,Souhlasn˝sesmÏrem˙seku,Rychl˝,552411.0,,GN_V0.1UIR-ADR_410,2
140040190010,0,1.0,2019-01-08,2,1000,1,2,0,2,1,2,204,0,0,0,2300,3,6,1,5,3,1,2,1,0,0,0,1,2,0,,7,62.0,08,9.0,1.0,1.0,0.0,1.0,3.0,500,3.0,1.0,1.0,"-519965,22","-1127410,899","-519965,22","-1127410,899","-519964,965","-1127411,525",,,,d·lnice,D1,3072948.0,,OpaËn˝kesmÏru˙seku,Pomal˝,514705.0,,GN_V0.1UIR-ADR_410,2
140040190011,0,1.0,2019-01-08,2,1001,1,1,0,2,1,2,204,0,0,0,8400,3,5,1,5,3,1,2,1,0,0,0,1,2,0,,7,48.0,12,2.0,0.0,1.0,0.0,1.0,3.0,5000,3.0,1.0,1.0,"-519965,22","-1127410,899","-519965,22","-1127410,899","-519964,965","-1127411,525",,,,d·lnice,D1,3072948.0,,OpaËn˝kesmÏru˙seku,Pomal˝,514705.0,,GN_V0.1UIR-ADR_410,2
140040190012,0,1.0,2019-01-08,2,1455,3,0,4,2,1,2,204,0,0,0,800,3,5,1,5,3,1,2,1,0,0,0,1,1,0,,3,5.0,09,1.0,1.0,1.0,0.0,1.0,3.0,500,2.0,1.0,1.0,"-512294,003","-1126744,517","-512294,003","-1126744,517","-512292,946","-1126750,094",,,,d·lnice,D1,2602111.0,,OpaËn˝kesmÏru˙seku,Pomal˝,513750.0,,GN_V0.1UIR-ADR_410,2
140040190013,0,1.0,2019-01-11,5,1520,0,0,0,2,1,0,516,0,0,0,10,3,1,1,1,1,1,5,1,0,0,0,1,2,0,,7,99.0,,0.0,0.0,0.0,0.0,1.0,3.0,0,9.0,,,"-516087,246","-1126857,861","-516087,246","-1126857,861","-516088,858","-1126866,307",,,,d·lnice,D1,2601240.0,,Souhlasn˝sesmÏrem˙seku,Pomal˝,513636.0,,GN_V0.1UIR-ADR_410,2
140040190014,0,1.0,2019-01-13,0,1345,3,0,3,2,1,2,201,0,0,0,650,2,3,1,1,1,1,2,1,3,5,0,1,1,0,,3,32.0,06,3.0,1.0,1.0,0.0,2.0,3.0,500,2.0,1.0,1.0,"-522041,295","-1128643,36","-522041,295","-1128643,36","-522037,727","-1128648,53",,,,d·lnice,D1,1467734.0,,OpaËn˝kesmÏru˙seku,Pomal˝,514705.0,,GN_V0.1UIR-ADR_410,2
140040190015,0,35.0,2019-01-14,1,525,3,0,5,2,1,2,202,0,0,0,1010,3,3,1,3,6,1,6,1,0,0,0,1,4,0,,3,47.0,10,3.0,0.0,0.0,0.0,1.0,3.0,10,3.0,1.0,1.0,-528603,"-1127056,69",-528603,"-1127056,69","-528607,002","-1127061,842",,,,mÌstnÌkomunikace,R35,1977125.0,,Souhlasn˝sesmÏrem˙seku,Pomal˝,503941.0,,GN_V0.1UIR-ADR_410,2
140040190016,6,,2019-01-11,5,2560,2,0,0,2,0,0,100,0,0,0,100,2,0,1,1,1,1,0,0,3,5,10,1,2,0,,17,,XX,,,,,,,0,,,,"-545887,808","-1122097,451","-545887,808","-1122097,451","-545879,51","-1122119,607",Olomouc,t¯.Kosmonaut˘,,mÌstnÌkomunikace,,768006.0,,,Pomal˝,500496.0,331317.0,GN_V0.1UIR-ADR_410,1
140040190017,0,35.0,2019-01-14,1,1910,3,0,4,2,1,2,204,0,0,0,650,2,6,1,5,7,1,6,1,0,0,0,1,1,0,,7,40.0,05,3.0,1.0,1.0,0.0,1.0,3.0,150,3.0,1.0,1.0,"-525892,857","-1128655,182","-525892,857","-1128655,182","-525892,362","-1128654,201",,,,mÌstnÌkomunikace,R35,3073004.0,,OpaËn˝kesmÏru˙seku,Rychl˝,513199.0,,GN_V0.1UIR-ADR_410,2
140040190018,0,1.0,2019-01-15,2,110,3,0,4,2,1,2,204,0,0,0,1800,3,6,1,6,7,1,2,1,0,0,0,1,1,0,,7,48.0,06,6.0,1.0,1.0,0.0,1.0,1.0,500,4.0,1.0,1.0,"-522582,174","-1128920,497","-522582,174","-1128920,497","-522582,003","-1128921,091",,,,d·lnice,D1,1467733.0,,Souhlasn˝sesmÏrem˙seku,Pomal˝,514705.0,,GN_V0.1UIR-ADR_410,2
140040190019,0,35.0,2019-01-15,2,220,3,0,4,2,1,2,204,0,0,0,1250,2,6,1,6,6,1,6,1,0,0,0,1,1,0,,5,26.0,18,3.0,1.0,0.0,0.0,1.0,1.0,1000,2.0,1.0,1.0,"-537355,82","-1124143,302","-537355,82","-1124143,302","-537356,956","-1124137,36",,,,mÌstnÌkomunikace,R35,717953.0,,Souhlasn˝sesmÏrem˙seku,Pomal˝,552429.0,,GN_V0.1UIR-ADR_410,2
140040190020,0,35.0,2019-01-17,4,1040,0,0,0,2,1,2,201,0,0,0,1800,3,1,1,1,1,1,6,1,0,0,0,1,2,0,,3,39.0,11,1.0,0.0,0.0,0.0,1.0,1.0,1500,2.0,1.0,1.0,"-533467,361","-1123977,444","-533467,361","-1123977,444","-533468,965","-1123989,714",,,,mÌstnÌkomunikace,R35,3072996.0,,Souhlasn˝sesmÏrem˙seku,Pomal˝,552445.0,,GN_V0.1UIR-ADR_410,2
140040190021,0,1.0,2019-01-17,4,2345,1,4,0,2,1,2,502,0,0,0,3300,3,1,1,1,6,1,2,1,0,0,0,1,2,0,,5,10.0,17,3.0,0.0,1.0,0.0,1.0,3.0,300,3.0,1.0,1.0,"-515581,193","-1126883,934","-515581,193","-1126883,934","-515581,103","-1126884,743",,,,d·lnice,D1,2601240.0,,Souhlasn˝sesmÏrem˙seku,Pomal˝,513636.0,,GN_V0.1UIR-ADR_410,2
140040190022,0,1.0,2019-01-21,1,805,0,0,0,2,1,2,204,0,0,0,710,3,3,1,6,3,1,2,4,0,0,0,3,1,0,,3,39.0,08,1.0,1.0,0.0,0.0,1.0,3.0,700,2.0,1.0,1.0,"-510646,712","-1125823,167","-510646,712","-1125823,167","-510645,154","-1125826,622",,,,d·lnice,D1,1557613.0,,OpaËn˝kesmÏru˙seku,Pomal˝,512231.0,,GN_V0.1UIR-ADR_410,2
140040190023,0,1.0,2019-01-26,6,550,5,0,0,2,4,0,100,0,0,0,450,3,3,1,1,6,1,2,1,0,0,0,1,1,0,,3,39.0,19,3.0,0.0,1.0,0.0,1.0,3.0,400,4.0,1.0,5.0,"-521363,812","-1128044,201","-521363,812","-1128044,201","-521358,207","-1128050,324",,,,d·lnice,D1,2152289.0,,OpaËn˝kesmÏru˙seku,Pomal˝,514705.0,,GN_V0.1UIR-ADR_410,2
140040190024,0,35.0,2019-01-28,1,1000,9,0,0,2,1,2,204,0,0,0,350,2,5,1,5,1,1,6,1,0,5,0,3,1,0,,3,39.0,05,1.0,1.0,1.0,0.0,1.0,3.0,300,2.0,1.0,1.0,"-543005,025","-1125564,354","-543004,489","-1125567,567","-543004,567","-1125567,394",,,,mÌstnÌkomunikace,R35,1412646.0,,OpaËn˝kesmÏru˙seku,Pomal˝,505650.0,,GN_V0.1UIR-ADR_410,2
140040190025,0,1.0,2019-01-28,1,1530,3,0,4,2,1,2,204,0,0,0,700,3,8,1,5,3,1,2,2,0,0,0,1,1,0,,3,39.0,15,3.0,1.0,1.0,1.0,1.0,1.0,500,2.0,1.0,1.0,"-517671,36","-1126522,83","-517671,36","-1126522,83","-517671,069","-1126516,651",,,,d·lnice,D1,3072945.0,,Souhlasn˝sesmÏrem˙seku,Pomal˝,515418.0,,GN_V0.1UIR-ADR_410,2
140506190001,6,,2019-01-01,2,445,3,0,6,2,1,0,516,0,0,0,110,2,1,1,1,6,1,1,1,0,0,0,1,1,0,,3,31.0,05,0.0,0.0,0.0,0.0,1.0,5.0,100,9.0,,,"-542346,451","-1106693,825","-542346,451","-1106693,825","-542348,413","-1106693,914",äternberk,»SA,,mÌstnÌkomunikace,,482459.0,,OpaËn˝kesmÏru˙seku,Pomal˝,505188.0,333204.0,GN_V0.1UIR-ADR_410,1
140506190002,6,,2019-01-01,2,530,3,0,3,2,1,9,205,0,0,0,330,2,1,1,1,4,1,3,6,2,0,1,4,1,10,6.0,3,39.0,01,1.0,0.0,1.0,0.0,1.0,5.0,300,2.0,5.0,1.0,,,"-547421,526","-1122793,624","-547421,759","-1122793,538",Olomouc,Schweitzerova,,mÌstnÌkomunikace,,1407228.0,,Souhlasn˝sesmÏrem˙seku,Pomal˝,500496.0,330841.0,GN_V0.1UIR-ADR_410,1
140506190003,6,,2019-01-01,2,2560,2,0,0,2,2,0,504,0,0,0,200,1,3,1,1,1,1,1,3,0,0,10,1,2,0,,17,,XX,,,,,,,0,,,,,,"-558537,185","-1107556,989","-558544,535","-1107555,133",Litovel,KarlaSedl·ka,,mÌstnÌkomunikace,,2995797.0,,Souhlasn˝sesmÏrem˙seku,Pomal˝,503444.0,325091.0,GN_V0.1UIR-ADR_410,1
140506190004,6,,2019-01-01,2,2560,2,0,0,2,1,0,516,0,0,0,700,2,1,1,1,4,1,1,1,0,0,0,1,2,0,,3,13.0,07,3.0,0.0,0.0,0.0,1.0,5.0,300,9.0,,,"-548666,613","-1120769,947","-548666,613","-1120769,947","-548667,04","-1120768,126",Olomouc,Norsk·,,mÌstnÌkomunikace,,2995433.0,,,Pomal˝,500496.0,330019.0,GN_V0.1UIR-ADR_410,1
140506190005,2,435.0,2019-01-01,2,1645,1,3,0,1,1,2,403,0,0,2,3200,2,3,1,1,6,1,1,1,3,3,0,4,2,24,6.0,3,39.0,16,1.0,0.0,1.0,0.0,1.0,14.0,1500,2.0,1.0,1.0,"-546861,981","-1126665,739","-546861,981","-1126665,739","-546864,791","-1126664,657",,,,silnice2.t¯Ìdy,435,1286447.0,,OpaËn˝kesmÏru˙seku,Pomal˝,500496.0,,GN_V0.1UIR-ADR_410,2
140506190006,2,445.0,2019-01-01,2,1740,1,2,0,2,1,2,305,0,0,0,300,2,3,1,3,4,3,1,1,3,3,0,5,2,19,6.0,3,8.0,17,1.0,0.0,3.0,0.0,1.0,12.0,250,3.0,1.0,1.0,,,"-542372,428","-1104156,507","-542372,429","-1104156,505",Hl·snice,,,silnice2.t¯Ìdy,445,1097102.0,,,Pomal˝,552330.0,,GN_V0.1UIR-ADR_410,1
140506190007,0,35.0,2019-01-01,2,2230,3,0,1,2,1,2,209,0,0,0,600,2,3,1,1,6,1,3,1,0,0,0,1,1,0,,7,40.0,18,3.0,0.0,0.0,0.0,1.0,1.0,600,3.0,1.0,1.0,"-561727,449","-1107485,871","-561727,449","-1107485,871","-561729,412","-1107487,605",,,,silnice1.t¯Ìdy,35,486462.0,,Souhlasn˝sesmÏrem˙seku,Pomal˝,504246.0,,GN_V0.1UIR-ADR_410,2
140506190008,2,447.0,2019-01-01,2,2560,3,0,4,2,1,0,204,0,0,0,420,2,3,1,1,6,1,1,3,0,0,0,1,1,0,,3,2.0,00,1.0,0.0,4.0,0.0,1.0,3.0,400,9.0,,,"-553530,824","-1107213,107","-553530,824","-1107213,107","-553531,38","-1107207,033",,,,silnice2.t¯Ìdy,447,1973668.0,,Souhlasn˝sesmÏrem˙seku,Pomal˝,552160.0,,GN_V0.1UIR-ADR_410,2
140506190009,6,,2019-01-02,3,31,3,0,9,1,2,2,516,0,0,1,0,1,3,1,1,4,1,1,1,0,0,0,1,1,0,,13,0.0,,1.0,0.0,0.0,0.0,1.0,5.0,0,8.0,1.0,1.0,"-547126,964","-1121783,403","-547126,964","-1121783,403","-547133,881","-1121778,791",Olomouc,Lafayettova,,mÌstnÌkomunikace,,531593.0,,,Pomal˝,500496.0,329169.0,GN_V0.1UIR-ADR_410,1
140506190010,2,373.0,2019-01-02,3,650,2,0,0,2,1,0,501,0,0,0,400,2,3,1,5,7,1,1,1,0,0,0,2,2,0,,17,,XX,,,,,,,0,,,,,,"-565652,652","-1110159,317","-565652,528","-1110160,708",,,,silnice2.t¯Ìdy,373,2992018.0,,Souhlasn˝sesmÏrem˙seku,Pomal˝,503444.0,,GN_V0.1UIR-ADR_410,2
140506190011,6,,2019-01-01,2,2560,2,0,0,2,1,0,504,0,0,0,100,2,3,1,1,1,1,1,1,0,0,10,1,2,0,,17,,XX,,,,,,,0,,,,"-548977,033","-1121691,083","-548985,606","-1121657,327","-548985,503","-1121657,339",Olomouc,Stiborova,,mÌstnÌkomunikace,,1744222.0,,,Pomal˝,500496.0,331058.0,GN_V0.1UIR-ADR_410,1
140506190012,3,4451.0,2019-01-02,3,1010,3,0,4,2,1,2,204,0,0,0,550,2,3,1,5,1,1,1,1,3,3,0,3,1,0,,3,13.0,12,1.0,0.0,0.0,0.0,1.0,5.0,500,2.0,1.0,1.0,,,"-546893,439","-1097452,497","-546893,395","-1097454,059",,,,silnice3.t¯Ìdy,4451,1973395.0,,OpaËn˝kesmÏru˙seku,Pomal˝,504785.0,,GN_V0.1UIR-ADR_410,2
140506190013,3,4353.0,2019-01-02,3,1210,5,0,0,2,4,0,100,0,0,0,300,2,3,1,5,3,1,1,1,0,0,0,1,1,0,,3,39.0,15,3.0,0.0,1.0,0.0,1.0,1.0,300,2.0,1.0,5.0,,,"-545926,937","-1128629,85","-545929,043","-1128627,495",,,,silnice3.t¯Ìdy,4353,870925.0,,Souhlasn˝sesmÏrem˙seku,Pomal˝,501841.0,,GN_V0.1UIR-ADR_410,2
140506190014,3,44912.0,2019-01-02,3,1440,7,3,0,2,1,2,516,0,0,0,600,2,3,1,1,1,1,1,1,0,0,3,1,2,0,,3,12.0,06,1.0,0.0,1.0,0.0,3.0,1.0,300,4.0,1.0,1.0,"-559479,311","-1114649,579","-559479,311","-1114649,579","-559480,841","-1114647,43",,,,silnice3.t¯Ìdy,44912,509721.0,,OpaËn˝kesmÏru˙seku,Pomal˝,505081.0,,GN_V0.1UIR-ADR_410,2
140506190015,2,448.0,2019-01-02,3,1700,1,2,0,2,1,2,413,0,0,0,350,2,3,1,5,4,1,1,1,3,3,0,5,2,19,6.0,3,13.0,11,1.0,0.0,1.0,0.0,1.0,12.0,200,4.0,1.0,1.0,,,"-548986,767","-1121022,917","-548986,71","-1121023,467",Olomouc,t¯.MÌru,,silnice2.t¯Ìdy,448,1972308.0,,Souhlasn˝sesmÏrem˙seku,Pomal˝,500496.0,331325.0,GN_V0.1UIR-ADR_410,1
140506190016,6,,2019-01-02,3,2560,2,0,0,2,1,0,511,0,0,0,100,2,3,1,5,3,1,0,1,0,0,0,1,2,0,,17,,XX,,,,,,,0,,,,"-544945,292","-1121934,231","-544945,292","-1121934,231","-544946,829","-1121937,153",Olomouc,Trocnovsk·,,mÌstnÌkomunikace,,532395.0,,OpaËn˝kesmÏru˙seku,Pomal˝,500496.0,331252.0,GN_V0.1UIR-ADR_410,1
140506190017,1,46.0,2019-01-02,3,1840,1,3,0,2,1,2,516,0,0,0,400,2,6,1,5,7,1,1,1,0,0,0,1,2,0,,3,47.0,00,1.0,0.0,1.0,0.0,1.0,1.0,100,2.0,1.0,1.0,"-536903,47","-1103021,07","-536903,47","-1103021,07","-536903,643","-1103020,556",,,,silnice1.t¯Ìdy,46,1974082.0,,Souhlasn˝sesmÏrem˙seku,Pomal˝,569798.0,,GN_V0.1UIR-ADR_410,2
140506190018,1,46.0,2019-01-02,3,1850,2,0,0,1,1,2,204,0,0,1,300,2,6,2,5,7,3,1,1,0,0,0,1,2,0,,3,39.0,05,1.0,1.0,1.0,0.0,1.0,1.0,300,2.0,1.0,0.0,"-536903,47","-1103021,07","-536903,47","-1103021,07","-536903,643","-1103020,556",,,,silnice1.t¯Ìdy,46,1974082.0,,Souhlasn˝sesmÏrem˙seku,Pomal˝,569798.0,,GN_V0.1UIR-ADR_410,2