IDENTIFIKA»NÕ »ÕSLO,DRUH POZEMNÕ KOMUNIKACE,»ÕSLO POZEMNÕ KOMUNIKACE,"den, mÏsÌc, rok",,Ëas ,DRUH NEHODY,DRUH SR¡éKY JEDOUCÕCH VOZIDEL,DRUH PEVN… PÿEK¡éKY,CHARAKTER NEHODY,ZAVINÃNÕ NEHODY,ALKOHOL U VINÕKA NEHODY PÿÕTOMEN,HLAVNÕ PÿÕ»INY NEHODY,usmrceno osob,tÏûce zranÏno osob,lehce zranÏno osob,CELKOV¡ HMOTN¡ äKODA,DRUH POVRCHU VOZOVKY,STAV POVRCHU VOZOVKY V DOBÃ NEHODY,STAV KOMUNIKACE,POVÃTRNOSTNÕ PODMÕNKY V DOBÃ NEHODY,VIDITELNOST,ROZHLEDOV… POMÃRY,DÃLENÕ KOMUNIKACE,SITUOV¡NÕ NEHODY NA KOMUNIKACI,ÿÕZENÕ PROVOZU V DOBÃ NEHODY,MÕSTNÕ ⁄PRAVA PÿEDNOSTI V JÕZDÃ,SPECIFICK¡ MÕSTA A OBJEKTY V MÕSTÃ NEHODY,SMÃROV… POMÃRY,PO»ET Z⁄»ASTNÃN›CH VOZIDEL,MÕSTO DOPRAVNÕ NEHODY,DRUH KÿIéUJÕCÕ KOMUNIKACE,DRUH VOZIDLA,V›ROBNÕ ZNA»KA MOTOROV…HO VOZIDLA,ROK V›ROBY VOZIDLA,CHARAKTERISTIKA VOZIDLA ,SMYK,VOZIDLO PO NEHODÃ,"⁄NIK PROVOZNÕCH, PÿEPRAVOVAN›CH HMOT",ZPŸSOB VYPROäTÃNÕ OSOB Z VOZIDLA,SMÃR JÕZDY NEBO POSTAVENÕ VOZIDLA,äKODA NA VOZIDLE,KATEGORIE ÿIDI»E,STAV ÿIDI»E,VNÃJäÕ OVLIVNÃNÕ ÿIDI»E,nan.1,nan.2,nan.3,nan.4,nan.5,nan.6,nan.7,nan.8,nan.9,nan.10,nan.11,nan.12,nan.13,nan.14,nan.15,nan.16,nan.17,nan.18,LOKALITA NEHODY
140506190019,6,,2019-01-03,4,1045,3,0,3,2,1,2,506,0,0,0,60,2,8,1,5,1,1,1,0,3,3,10,1,1,0,,3,47.0,10,1.0,0.0,1.0,0.0,1.0,5.0,50,2.0,1.0,1.0,"-547494,213","-1121466,547","-547494,213","-1121466,547","-547494,43","-1121456,126",Olomouc,BezruËova,,mÌstnÌkomunikace,,717667.0,,Souhlasn˝sesmÏrem˙seku,Pomal˝,500496.0,327263.0,GN_V0.1UIR-ADR_410,1
140506190020,6,,2019-01-03,4,1425,2,0,0,2,1,2,516,0,0,0,20,2,1,1,1,1,1,1,1,0,0,0,1,2,0,,9,0.0,18,0.0,0.0,0.0,0.0,1.0,5.0,10,2.0,1.0,1.0,,,"-549217,896","-1123257,158","-549215,444","-1123260,991",Olomouc,I.P.Pavlova,,mÌstnÌkomunikace,,537656.0,,OpaËn˝kesmÏru˙seku,Pomal˝,500496.0,326518.0,GN_V0.1UIR-ADR_410,1
140506190021,6,,2019-01-03,4,1430,1,2,0,1,1,2,409,0,0,1,55,1,6,1,1,1,1,1,1,3,5,0,1,2,0,,3,47.0,16,1.0,0.0,1.0,0.0,1.0,5.0,50,2.0,1.0,1.0,"-547560,639","-1121175,72","-547560,639","-1121175,72","-547557,483","-1121175,238",Olomouc,Pˆttingova,,mÌstnÌkomunikace,,1407128.0,,Souhlasn˝sesmÏrem˙seku,Pomal˝,500496.0,326704.0,GN_V0.1UIR-ADR_410,1
140506190022,6,,2019-01-03,4,1620,1,4,0,2,1,2,504,0,0,0,300,3,3,1,1,2,1,1,1,0,0,10,1,2,0,,3,26.0,06,1.0,0.0,1.0,0.0,1.0,5.0,100,2.0,1.0,1.0,,,"-546875,377","-1122142,726","-546875,541","-1122142,652",Olomouc,Polsk·,,mÌstnÌkomunikace,,1744167.0,,Souhlasn˝sesmÏrem˙seku,Pomal˝,500496.0,330434.0,GN_V0.1UIR-ADR_410,1
140506190023,6,,2019-01-03,4,1755,2,0,0,2,1,2,506,0,0,0,50,2,3,1,1,4,1,1,1,3,3,0,1,2,0,,3,32.0,05,1.0,0.0,0.0,0.0,1.0,5.0,0,2.0,1.0,1.0,"-545794,025","-1122148,111","-545753,204","-1122175,504","-545753,265","-1122176,32",Olomouc,ätursova,,mÌstnÌkomunikace,,533284.0,,OpaËn˝kesmÏru˙seku,Pomal˝,500496.0,326976.0,GN_V0.1UIR-ADR_410,1
140506190024,1,46.0,2019-01-04,5,450,3,0,1,2,1,0,506,0,0,0,500,2,3,1,1,6,1,1,3,3,5,0,1,1,0,,3,35.0,03,1.0,0.0,0.0,0.0,1.0,3.0,450,9.0,,,"-542965,781","-1109486,614","-542965,781","-1109486,614","-542969,411","-1109486,809",,,,silnice1.t¯Ìdy,46,494110.0,,OpaËn˝kesmÏru˙seku,Pomal˝,505188.0,,GN_V0.1UIR-ADR_410,2
140506190025,1,35.0,2019-01-04,5,530,3,0,3,1,1,2,204,0,0,1,3300,2,5,1,6,7,1,4,3,3,3,0,2,1,0,,6,40.0,15,3.0,1.0,1.0,1.0,1.0,1.0,2000,3.0,1.0,1.0,,,"-538074,051","-1123913,792","-538072,122","-1123912,737",,,,silnice1.t¯Ìdy,35,1467891.0,,Souhlasn˝sesmÏrem˙seku,Pomal˝,552411.0,,GN_V0.1UIR-ADR_410,2
140506190026,6,,2019-01-03,4,2560,3,0,3,2,1,0,511,0,0,0,550,2,5,1,1,1,1,1,1,0,0,0,1,1,0,,17,,XX,,,,,,,0,,,,,,"-557067,517","-1106740,726","-557065,761","-1106733,52",»ervenka,,,mÌstnÌkomunikace,,1337963.0,,Souhlasn˝sesmÏrem˙seku,Pomal˝,552186.0,,GN_V0.1UIR-ADR_410,1
140506190027,6,,2019-01-04,5,945,2,0,0,2,1,2,504,0,0,0,70,2,3,1,1,1,1,1,1,0,0,0,1,2,0,,3,23.0,17,3.0,0.0,1.0,0.0,1.0,5.0,50,3.0,1.0,1.0,,,"-547860,46","-1123078,533","-547860,482","-1123078,48",Olomouc,JanskÈho,,mÌstnÌkomunikace,,536756.0,,OpaËn˝kesmÏru˙seku,Pomal˝,500496.0,328529.0,GN_V0.1UIR-ADR_410,1
140506190028,2,449.0,2019-01-03,4,2560,3,0,6,2,1,0,516,0,0,0,100,2,8,1,6,1,1,1,3,3,3,0,1,1,0,,17,,XX,,,,,,,0,,,,"-548288,424","-1096005,407","-548288,424","-1096005,407","-548288,411","-1096005,459",Dlouh·LouËka,R˝ma¯ovsk·,,silnice2.t¯Ìdy,449,441918.0,,Souhlasn˝sesmÏrem˙seku,Pomal˝,501476.0,323462.0,GN_V0.1UIR-ADR_410,1
140506190029,6,,2019-01-04,5,1505,1,4,0,1,1,2,204,0,0,2,1300,2,6,1,1,1,1,1,1,0,0,0,1,3,0,,3,4.0,16,1.0,0.0,1.0,0.0,1.0,5.0,150,2.0,1.0,1.0,,,"-545407,36","-1124817,158","-545406,942","-1124817,161",Olomouc,älechtitel˘,,mÌstnÌkomunikace,,1972675.0,,Souhlasn˝sesmÏrem˙seku,Pomal˝,500496.0,326879.0,GN_V0.1UIR-ADR_410,1
140506190030,3,43619.0,2019-01-03,4,2010,3,0,1,1,1,0,204,0,0,1,500,2,5,1,5,7,1,1,1,0,0,0,3,1,0,,8,99.0,,4.0,1.0,1.0,0.0,1.0,3.0,500,4.0,1.0,1.0,,,"-536434,968","-1128184,59","-536435,713","-1128187,819",,,,silnice3.t¯Ìdy,43619,1613948.0,,OpaËn˝kesmÏru˙seku,Pomal˝,505366.0,,GN_V0.1UIR-ADR_410,2
140506190031,1,55.0,2019-01-04,5,1620,1,2,0,2,1,0,501,0,0,0,50,2,8,1,5,2,1,1,1,0,0,0,1,2,0,,17,,XX,,,,,,,0,,,,,,"-541511,862","-1129431,024","-541511,076","-1129430,782",,,,silnice1.t¯Ìdy,55,1466081.0,,Souhlasn˝sesmÏrem˙seku,Pomal˝,552437.0,,GN_V0.1UIR-ADR_410,2
140506190032,2,570.0,2019-01-04,5,1650,5,0,0,2,4,0,100,0,0,0,150,2,6,1,5,5,1,1,1,0,0,0,1,1,0,,3,39.0,07,1.0,0.0,1.0,0.0,1.0,1.0,100,2.0,1.0,5.0,,,"-551554,511","-1123873,692","-551556,111","-1123877,397",,,,silnice2.t¯Ìdy,570,1285554.0,,OpaËn˝kesmÏru˙seku,Pomal˝,502235.0,,GN_V0.1UIR-ADR_410,2
140506190033,6,,2019-01-04,5,1600,3,0,9,2,1,2,506,0,0,0,160,2,8,1,5,1,1,1,1,3,5,0,1,1,0,,3,99.0,04,1.0,0.0,1.0,0.0,1.0,5.0,10,2.0,1.0,1.0,"-542591,754","-1107999,697","-542591,754","-1107999,697","-542591,991","-1108004,399",äternberk,Lidick·,,mÌstnÌkomunikace,,1411554.0,,OpaËn˝kesmÏru˙seku,Pomal˝,505188.0,333735.0,GN_V0.1UIR-ADR_410,1
140506190034,6,,2019-01-04,5,2560,2,0,0,2,1,0,505,0,0,0,100,2,8,1,1,1,1,0,8,0,0,10,1,2,0,,17,,XX,,,,,,,0,,,,,,"-547500,125","-1123593,203","-547500,816","-1123593,203",Olomouc,DruûebnÌ,,mÌstnÌkomunikace,,2995217.0,,OpaËn˝kesmÏru˙seku,Pomal˝,500496.0,327697.0,GN_V0.1UIR-ADR_410,1
140506190035,2,436.0,2019-01-05,6,1150,1,2,0,2,1,2,502,0,0,0,60,2,3,1,1,1,1,1,1,0,0,0,3,2,0,,3,7.0,16,1.0,0.0,1.0,0.0,1.0,1.0,30,2.0,1.0,1.0,"-535532,745","-1124787,343","-535501,693","-1124761,11","-535501,631","-1124761,174",,,,silnice2.t¯Ìdy,436,1977205.0,,Souhlasn˝sesmÏrem˙seku,Pomal˝,568392.0,,GN_V0.1UIR-ADR_410,2
140506190036,6,,2019-01-05,6,1210,3,0,3,2,1,2,505,0,0,0,20,2,3,1,1,1,1,1,1,0,0,0,1,1,0,,3,39.0,11,12.0,0.0,1.0,0.0,1.0,5.0,20,2.0,1.0,1.0,,,"-538703,964","-1117614,937","-538703,973","-1117614,875",Olomouc,MalinovskÈho,,mÌstnÌkomunikace,,516508.0,,Souhlasn˝sesmÏrem˙seku,Pomal˝,500496.0,329371.0,GN_V0.1UIR-ADR_410,1
140506190037,1,46.0,2019-01-05,6,1530,3,0,3,2,1,2,505,0,0,0,25,2,3,1,1,1,1,1,1,3,3,1,5,1,19,1.0,3,39.0,11,3.0,0.0,1.0,0.0,1.0,12.0,20,3.0,1.0,1.0,,,"-544446,719","-1119741,406","-544440,787","-1119745,891",Olomouc,Chv·lkovick·,,silnice1.t¯Ìdy,46,1744371.0,,Souhlasn˝sesmÏrem˙seku,Pomal˝,500496.0,328448.0,GN_V0.1UIR-ADR_410,1
140506190038,6,,2019-01-04,5,2351,3,0,3,2,1,0,204,0,0,0,100,2,3,1,6,4,1,1,8,3,3,6,1,1,0,,17,,XX,,,,,,,0,,,,"-547617,587","-1121899,968","-547617,587","-1121899,968","-547608,352","-1121912,077",Olomouc,Wolkerova,,mÌstnÌkomunikace,,532133.0,,Souhlasn˝sesmÏrem˙seku,Pomal˝,500496.0,332038.0,GN_V0.1UIR-ADR_410,1
140506190039,6,,2019-01-06,0,755,4,0,0,1,1,2,203,0,0,1,200,1,1,1,1,1,1,1,1,0,0,0,1,1,0,,3,35.0,05,1.0,0.0,1.0,0.0,1.0,5.0,200,2.0,1.0,1.0,"-546875,065","-1121307,103","-546875,065","-1121307,103","-546876,949","-1121302,155",Olomouc,Denisova,,mÌstnÌkomunikace,,1412232.0,,,Pomal˝,500496.0,327581.0,GN_V0.1UIR-ADR_410,1
140506190040,2,437.0,2019-01-07,1,700,0,0,0,2,0,0,100,0,0,0,100,2,1,1,1,6,1,1,1,0,0,5,1,1,0,,3,32.0,10,1.0,0.0,1.0,0.0,1.0,1.0,100,2.0,1.0,1.0,,,"-531877,866","-1124666,007","-531877,447","-1124661,909",,,,silnice2.t¯Ìdy,437,845536.0,,Souhlasn˝sesmÏrem˙seku,Pomal˝,505668.0,,GN_V0.1UIR-ADR_410,2
140506190041,0,35.0,2019-01-07,1,940,3,0,5,2,1,0,516,0,0,0,100,2,1,1,1,1,1,3,1,0,0,0,1,2,0,,17,,XX,,,,,,,0,,,,,,"-565484,335","-1104466,862","-565483,971","-1104466,128",,,,silnice1.t¯Ìdy,35,1729757.0,,Souhlasn˝sesmÏrem˙seku,Pomal˝,540595.0,,GN_V0.1UIR-ADR_410,2
140506190042,6,,2019-01-07,1,1060,2,0,0,2,1,0,505,0,0,0,200,2,1,1,1,1,1,1,1,0,0,0,1,2,0,,17,,XX,,,,,,,0,,,,"-547637,603","-1121108,931","-547640,817","-1121205,344","-547640,424","-1121206,863",Olomouc,PalackÈho,,mÌstnÌkomunikace,,1407132.0,,Souhlasn˝sesmÏrem˙seku,Pomal˝,500496.0,330191.0,GN_V0.1UIR-ADR_410,1
140506190043,6,,2019-01-07,1,2560,2,0,0,2,1,0,502,0,0,0,100,2,1,1,1,1,1,1,0,0,0,10,1,2,0,,17,,XX,,,,,,,0,,,,,,"-547091,659","-1123979,099","-547090,64","-1123979,11",Olomouc,Fischerova,,mÌstnÌkomunikace,,1644115.0,,OpaËn˝kesmÏru˙seku,Pomal˝,500496.0,327875.0,GN_V0.1UIR-ADR_410,1
140506190044,6,,2019-01-08,2,703,3,0,9,2,1,0,516,0,0,0,200,2,6,1,5,5,1,1,1,0,0,0,1,1,0,,3,12.0,09,0.0,0.0,0.0,0.0,1.0,5.0,100,9.0,,,,,"-548086,346","-1112181,075","-548082,556","-1112184,865",ätÏp·nov,N·draûnÌ,,mÌstnÌkomunikace,,500457.0,,Souhlasn˝sesmÏrem˙seku,Pomal˝,505161.0,333077.0,GN_V0.1UIR-ADR_410,1
140506190045,6,,2019-01-07,1,2560,2,0,0,2,1,0,516,0,0,0,200,2,6,1,5,1,1,1,0,0,0,0,1,2,0,,17,,XX,,,,,,,0,,,,,,"-555037,954","-1100422,002","-555045,398","-1100421,452",UniËov,Gen.Svobody,,mÌstnÌkomunikace,,802078.0,,OpaËn˝kesmÏru˙seku,Pomal˝,505587.0,334596.0,GN_V0.1UIR-ADR_410,1
140506190046,6,,2019-01-08,2,635,3,0,9,2,1,2,504,0,0,0,60,2,6,1,1,4,1,1,1,0,0,0,1,1,0,,5,64.0,17,3.0,0.0,1.0,0.0,1.0,5.0,10,2.0,1.0,1.0,,,"-541844,547","-1106346,762","-541844,451","-1106346,796",äternberk,Navalech,,mÌstnÌkomunikace,,480805.0,,OpaËn˝kesmÏru˙seku,Pomal˝,505188.0,333832.0,GN_V0.1UIR-ADR_410,1
140506190047,3,4475.0,2019-01-08,2,756,1,2,0,2,1,0,516,0,0,0,200,2,6,1,5,1,1,1,1,0,0,0,1,2,0,,17,,XX,,,,,,,0,,,,,,"-547941,091","-1107436,182","-547931,549","-1107431,712",Hnojice,,,silnice3.t¯Ìdy,4475,1097646.0,,OpaËn˝kesmÏru˙seku,Pomal˝,502405.0,,GN_V0.1UIR-ADR_410,1
140506190048,3,44310.0,2019-01-08,2,1200,9,0,0,1,1,2,204,0,0,1,500,2,6,1,5,1,1,1,1,0,0,0,1,1,0,,3,29.0,06,0.0,0.0,0.0,0.0,1.0,5.0,500,2.0,1.0,1.0,,,"-542266,492","-1116992,586","-542268,338","-1116988,599",,,,silnice3.t¯Ìdy,44310,1340041.0,,Souhlasn˝sesmÏrem˙seku,Pomal˝,552089.0,,GN_V0.1UIR-ADR_410,2
140506190049,2,635.0,2019-01-08,2,1720,3,0,9,1,1,2,204,0,0,1,350,2,8,2,4,6,1,1,8,0,0,5,2,1,0,,3,21.0,94,1.0,1.0,1.0,0.0,1.0,1.0,300,3.0,1.0,1.0,,,"-564377,656","-1106718,161","-564378,351","-1106716,945",,,,mÌstnÌkomunikace,,2438832.0,,,Pomal˝,500623.0,,GN_V0.1UIR-ADR_410,2
140506190050,3,4353.0,2019-01-08,2,2127,3,0,6,2,1,2,204,0,0,0,800,2,3,1,1,6,1,1,8,3,3,0,2,1,0,,3,26.0,10,1.0,0.0,1.0,0.0,1.0,5.0,700,2.0,1.0,1.0,,,"-545385,348","-1128134,073","-545381,917","-1128137,982",,,,silnice3.t¯Ìdy,4353,870926.0,,OpaËn˝kesmÏru˙seku,Pomal˝,501841.0,,GN_V0.1UIR-ADR_410,2
140506190051,6,,2019-01-09,3,605,3,0,6,2,1,2,511,0,0,0,700,2,3,1,1,4,1,0,0,0,0,0,1,1,0,,7,10.0,17,3.0,0.0,1.0,0.0,1.0,5.0,0,4.0,1.0,1.0,"-549088,516","-1123274,167","-549088,516","-1123274,167","-549129,109","-1123297,29",Olomouc,Kafkova,,mÌstnÌkomunikace,,1611995.0,,OpaËn˝kesmÏru˙seku,Pomal˝,500496.0,719749.0,GN_V0.1UIR-ADR_410,1
140506190052,6,,2019-01-09,3,1055,1,3,0,1,1,2,413,0,0,1,20,2,3,1,1,1,1,1,1,2,0,1,4,2,10,6.0,5,26.0,12,3.0,0.0,1.0,0.0,1.0,5.0,0,2.0,1.0,1.0,,,"-545533,544","-1121914,94","-545533,33","-1121914,889",Olomouc,H·lkova,,mÌstnÌkomunikace,,1612245.0,,Souhlasn˝sesmÏrem˙seku,Pomal˝,500496.0,328405.0,GN_V0.1UIR-ADR_410,1
140506190053,6,,2019-01-09,3,1000,2,0,0,2,1,2,504,0,0,0,100,1,3,1,1,1,1,1,1,3,3,0,5,2,10,6.0,3,39.0,04,1.0,0.0,1.0,0.0,1.0,5.0,0,2.0,1.0,1.0,"-558546,572","-1108307,829","-558546,572","-1108307,829","-558561,176","-1108302,009",Litovel,N·m.P¯.Otakara,,mÌstnÌkomunikace,,489364.0,,OpaËn˝kesmÏru˙seku,Pomal˝,503444.0,325317.0,GN_V0.1UIR-ADR_410,1
140506190054,2,446.0,2019-01-10,4,600,5,0,0,2,4,0,100,0,0,0,150,2,3,1,1,6,1,1,1,3,3,0,3,1,0,,3,17.0,10,1.0,0.0,0.0,0.0,1.0,3.0,100,2.0,1.0,5.0,"-548056,747","-1115133,59","-548056,747","-1115133,59","-548052,203","-1115132,434",,,,silnice2.t¯Ìdy,446,509154.0,,Souhlasn˝sesmÏrem˙seku,Pomal˝,500496.0,,GN_V0.1UIR-ADR_410,2
140506190055,2,448.0,2019-01-10,4,704,1,2,0,2,1,2,501,0,0,0,150,2,1,1,1,6,1,1,1,0,0,0,1,2,0,,8,19.0,17,4.0,0.0,0.0,0.0,1.0,1.0,50,4.0,1.0,1.0,,,"-551684,287","-1121454,72","-551683,657","-1121463,712",,,,silnice2.t¯Ìdy,448,530395.0,,OpaËn˝kesmÏru˙seku,Pomal˝,500496.0,,GN_V0.1UIR-ADR_410,2
140506190056,6,,2019-01-10,4,614,2,0,0,2,1,0,504,0,0,0,150,2,3,1,1,6,1,1,1,0,0,10,1,2,0,,5,7.0,14,2.0,0.0,1.0,0.0,1.0,5.0,50,3.0,1.0,1.0,,,"-546790,086","-1119806,65","-546789,422","-1119806,995",Olomouc,VahalÌkova,,mÌstnÌkomunikace,,1612221.0,,OpaËn˝kesmÏru˙seku,Pomal˝,500496.0,331805.0,GN_V0.1UIR-ADR_410,1
140506190057,3,44443.0,2019-01-10,4,940,1,2,0,2,1,0,204,0,0,0,450,2,5,1,1,1,1,1,1,3,5,0,3,2,0,,3,9.0,00,1.0,0.0,0.0,0.0,1.0,3.0,150,9.0,,,"-532234,379","-1106695,048","-532234,379","-1106695,048","-532237,01","-1106696,723",,,,silnice3.t¯Ìdy,44443,1613421.0,,Souhlasn˝sesmÏrem˙seku,Pomal˝,545279.0,,GN_V0.1UIR-ADR_410,2
140506190058,6,,2019-01-10,4,1700,3,0,6,2,1,2,502,0,0,0,250,2,1,1,1,4,1,1,6,0,0,0,1,1,0,,5,35.0,18,3.0,0.0,1.0,0.0,1.0,5.0,200,2.0,1.0,1.0,"-547130,539","-1122442,215","-547130,539","-1122442,215","-547130,182","-1122459,433",Olomouc,Myslbekova,,mÌstnÌkomunikace,,534396.0,,OpaËn˝kesmÏru˙seku,Pomal˝,500496.0,329584.0,GN_V0.1UIR-ADR_410,1
140506190059,6,,2019-01-11,5,805,3,0,9,2,0,0,100,0,0,0,300,1,8,1,5,1,1,1,1,0,0,0,2,1,0,,3,29.0,08,1.0,0.0,0.0,0.0,1.0,5.0,300,2.0,1.0,1.0,"-546187,535","-1121310,739","-546185,393","-1121309,133","-546185,021","-1121308,488",Olomouc,Ji¯ÌhozPodÏbrad,,mÌstnÌkomunikace,,1777689.0,,,Pomal˝,500496.0,328685.0,GN_V0.1UIR-ADR_410,1
140506190060,0,35.0,2019-01-11,5,835,3,0,4,2,1,2,204,0,0,0,560,2,6,1,6,1,1,3,1,0,0,0,3,1,0,,3,39.0,05,1.0,1.0,1.0,0.0,1.0,1.0,500,2.0,1.0,1.0,,,"-554411,25","-1115774,558","-554412,208","-1115775,612",,,,silnice1.t¯Ìdy,35,717391.0,,Souhlasn˝sesmÏrem˙seku,Pomal˝,505013.0,,GN_V0.1UIR-ADR_410,2
140506190061,3,4474.0,2019-01-11,5,945,1,4,0,2,1,2,508,0,0,0,1200,2,6,1,1,1,1,1,1,0,0,0,1,3,0,,3,39.0,11,3.0,0.0,0.0,0.0,1.0,1.0,400,2.0,1.0,1.0,"-547577,386","-1107531,486","-547577,386","-1107531,486","-547576,42","-1107532,682",Hnojice,,,silnice3.t¯Ìdy,4474,1097658.0,,Souhlasn˝sesmÏrem˙seku,Pomal˝,502405.0,,GN_V0.1UIR-ADR_410,1
140506190062,6,,2019-01-11,5,2560,2,0,0,2,1,0,508,0,0,0,100,2,6,1,1,4,1,1,2,0,0,10,2,2,0,,17,,XX,,,,,,,0,,,,"-546345,407","-1121506,056","-546345,407","-1121506,056","-546353,312","-1121503,428",Olomouc,Ji¯ÌhozPodÏbrad,,mÌstnÌkomunikace,,2994938.0,,,Pomal˝,500496.0,328685.0,GN_V0.1UIR-ADR_410,1
140506190063,3,44311.0,2019-01-11,5,1645,5,0,0,2,4,0,100,0,0,0,350,2,3,1,6,2,1,1,1,0,0,0,1,1,0,,3,39.0,13,1.0,0.0,1.0,0.0,1.0,1.0,300,2.0,1.0,5.0,,,"-536692,695","-1111537,964","-536684,912","-1111540,932",,,,silnice3.t¯Ìdy,44311,1977427.0,,Souhlasn˝sesmÏrem˙seku,Pomal˝,501646.0,,GN_V0.1UIR-ADR_410,2
140506190064,3,44317.0,2019-01-11,5,1800,2,0,0,2,1,2,506,0,0,0,150,1,5,1,1,2,1,1,1,3,3,0,1,2,0,,3,29.0,08,1.0,0.0,0.0,0.0,1.0,1.0,50,2.0,1.0,1.0,"-539444,156","-1122311,343","-539444,156","-1122311,343","-539445,268","-1122305,077",Velk·Byst¯ice,Z·meckÈn·mÏstÌ,,silnice3.t¯Ìdy,44317,533802.0,,OpaËn˝kesmÏru˙seku,Pomal˝,505609.0,335509.0,GN_V0.1UIR-ADR_410,1
140506190065,3,44412.0,2019-01-11,5,2140,5,0,0,2,4,0,100,0,0,0,300,2,6,1,5,7,1,1,1,3,3,0,1,1,0,,3,17.0,16,1.0,0.0,0.0,0.0,1.0,1.0,300,2.0,1.0,5.0,"-555856,511","-1094287,328","-555856,511","-1094287,328","-555860,494","-1094284,517",,,,silnice3.t¯Ìdy,44412,1095797.0,,Souhlasn˝sesmÏrem˙seku,Pomal˝,505293.0,,GN_V0.1UIR-ADR_410,2
140506190066,3,4353.0,2019-01-11,5,2560,2,0,0,2,1,0,506,0,0,0,50,2,3,1,1,4,1,1,1,3,3,0,1,2,0,,17,,XX,,,,,,,0,,,,"-543784,216","-1128038,283","-543784,216","-1128038,283","-543781,378","-1128046,519",Grygov,Valentova,,silnice3.t¯Ìdy,4353,552520.0,,OpaËn˝kesmÏru˙seku,Pomal˝,501841.0,729108.0,GN_V0.1UIR-ADR_410,1
140506190067,6,,2019-01-10,4,1145,1,3,0,2,1,2,504,0,0,0,11,1,3,1,1,1,1,1,1,3,3,0,4,2,10,6.0,3,60.0,06,1.0,0.0,1.0,0.0,1.0,5.0,0,2.0,1.0,1.0,"-558438,753","-1108325,628","-558438,753","-1108325,628","-558438,805","-1108326,051",Litovel,Husova,,mÌstnÌkomunikace,,801844.0,,Souhlasn˝sesmÏrem˙seku,Pomal˝,503444.0,325031.0,GN_V0.1UIR-ADR_410,1
140506190068,6,,2019-01-13,0,2130,3,0,2,2,1,2,504,0,0,0,60,2,3,1,3,5,1,1,1,0,0,0,1,1,0,,5,40.0,17,8.0,0.0,0.0,0.0,1.0,5.0,10,3.0,1.0,1.0,"-558440,502","-1108325,003","-558440,502","-1108325,003","-558442,994","-1108324,324",äTERNBERK,LabutÌ,,mÌstnÌkomunikace,,801845.0,,Souhlasn˝sesmÏrem˙seku,Pomal˝,503444.0,325082.0,GN_V0.1UIR-ADR_410,1
140506190069,1,55.0,2019-01-13,0,2205,5,0,0,2,4,0,100,0,0,0,550,2,3,1,1,6,1,1,1,0,0,0,1,1,0,,3,39.0,18,1.0,0.0,1.0,0.0,1.0,3.0,500,4.0,1.0,5.0,"-540898,196","-1131206,563","-540898,196","-1131206,563","-540895,525","-1131204,574",,,,silnice1.t¯Ìdy,55,1338971.0,,Souhlasn˝sesmÏrem˙seku,Pomal˝,503738.0,,GN_V0.1UIR-ADR_410,2
140506190070,6,,2019-01-14,1,500,3,0,9,2,1,2,504,0,0,0,1050,2,3,1,3,5,1,1,1,0,0,0,1,1,0,,7,26.0,13,3.0,0.0,0.0,0.0,1.0,5.0,0,3.0,1.0,1.0,"-544597,927","-1123295,749","-544597,927","-1123295,749","-544608,993","-1123303,421",Olomouc,Usoln˝chml˝n˘,,mÌstnÌkomunikace,,537767.0,,OpaËn˝kesmÏru˙seku,Pomal˝,500496.0,331635.0,GN_V0.1UIR-ADR_410,1
140506190071,2,447.0,2019-01-14,1,630,5,0,0,2,4,0,100,0,0,0,450,2,3,1,4,4,1,1,3,0,0,5,2,1,0,,3,31.0,17,3.0,0.0,1.0,1.0,1.0,1.0,400,2.0,1.0,5.0,"-553425,967","-1107192,504","-553425,967","-1107192,504","-553425,509","-1107198,251",,,,silnice2.t¯Ìdy,447,1097614.0,,OpaËn˝kesmÏru˙seku,Pomal˝,552160.0,,GN_V0.1UIR-ADR_410,2
140506190072,3,4432.0,2019-01-13,0,2100,5,0,0,2,4,0,100,0,0,0,200,2,3,1,1,6,1,1,1,0,0,0,1,1,0,,3,4.0,17,3.0,0.0,1.0,0.0,1.0,3.0,200,2.0,1.0,5.0,,,"-539435,881","-1118062,188","-539435,214","-1118064,35",,,,silnice3.t¯Ìdy,4432,3188264.0,,Souhlasn˝sesmÏrem˙seku,Pomal˝,500496.0,330621.0,GN_V0.1UIR-ADR_410,2
140506190073,6,,2019-01-14,1,2560,2,0,0,2,1,0,504,0,0,0,100,1,3,1,1,1,1,5,1,0,0,10,1,2,0,,17,,XX,,,,,,,0,,,,,,"-547407,873","-1121174,336","-547407,5","-1121174,306",Olomouc,Legion·¯sk·,,mÌstnÌkomunikace,,1412148.0,,Souhlasn˝sesmÏrem˙seku,Pomal˝,500496.0,329193.0,GN_V0.1UIR-ADR_410,1
140506190074,6,,2019-01-14,1,1100,2,0,0,2,1,2,504,0,0,0,200,2,1,1,1,1,1,1,1,3,3,0,1,2,0,,5,35.0,16,3.0,0.0,1.0,0.0,1.0,5.0,0,3.0,1.0,1.0,,,"-544108,879","-1120965,179","-544108,64","-1120964,346",Olomouc,Upanel·rny,,mÌstnÌkomunikace,,1972390.0,,Souhlasn˝sesmÏrem˙seku,Pomal˝,500496.0,331520.0,GN_V0.1UIR-ADR_410,1