IDENTIFIKA»NÕ »ÕSLO,DRUH POZEMNÕ KOMUNIKACE,»ÕSLO POZEMNÕ KOMUNIKACE,"den, mÏsÌc, rok",,Ëas ,DRUH NEHODY,DRUH SR¡éKY JEDOUCÕCH VOZIDEL,DRUH PEVN… PÿEK¡éKY,CHARAKTER NEHODY,ZAVINÃNÕ NEHODY,ALKOHOL U VINÕKA NEHODY PÿÕTOMEN,HLAVNÕ PÿÕ»INY NEHODY,usmrceno osob,tÏûce zranÏno osob,lehce zranÏno osob,CELKOV¡ HMOTN¡ äKODA,DRUH POVRCHU VOZOVKY,STAV POVRCHU VOZOVKY V DOBÃ NEHODY,STAV KOMUNIKACE,POVÃTRNOSTNÕ PODMÕNKY V DOBÃ NEHODY,VIDITELNOST,ROZHLEDOV… POMÃRY,DÃLENÕ KOMUNIKACE,SITUOV¡NÕ NEHODY NA KOMUNIKACI,ÿÕZENÕ PROVOZU V DOBÃ NEHODY,MÕSTNÕ ⁄PRAVA PÿEDNOSTI V JÕZDÃ,SPECIFICK¡ MÕSTA A OBJEKTY V MÕSTÃ NEHODY,SMÃROV… POMÃRY,PO»ET Z⁄»ASTNÃN›CH VOZIDEL,MÕSTO DOPRAVNÕ NEHODY,DRUH KÿIéUJÕCÕ KOMUNIKACE,DRUH VOZIDLA,V›ROBNÕ ZNA»KA MOTOROV…HO VOZIDLA,ROK V›ROBY VOZIDLA,CHARAKTERISTIKA VOZIDLA ,SMYK,VOZIDLO PO NEHODÃ,"⁄NIK PROVOZNÕCH, PÿEPRAVOVAN›CH HMOT",ZPŸSOB VYPROäTÃNÕ OSOB Z VOZIDLA,SMÃR JÕZDY NEBO POSTAVENÕ VOZIDLA,äKODA NA VOZIDLE,KATEGORIE ÿIDI»E,STAV ÿIDI»E,VNÃJäÕ OVLIVNÃNÕ ÿIDI»E,nan.1,nan.2,nan.3,nan.4,nan.5,nan.6,nan.7,nan.8,nan.9,nan.10,nan.11,nan.12,nan.13,nan.14,nan.15,nan.16,nan.17,nan.18,LOKALITA NEHODY
140506190075,3,44814.0,2019-01-14,1,1300,3,0,1,1,1,2,508,0,0,1,720,2,3,1,1,1,1,1,8,0,0,5,2,1,0,,3,35.0,05,1.0,0.0,1.0,1.0,1.0,3.0,700,4.0,1.0,1.0,"-555649,084","-1124231,243","-555649,084","-1124231,243","-555652,041","-1124232,547",LutÌn,,,silnice3.t¯Ìdy,44814,3188048.0,,OpaËn˝kesmÏru˙seku,Pomal˝,503657.0,,GN_V0.1UIR-ADR_410,1
140506190076,6,,2019-01-14,1,1315,9,0,0,2,1,0,204,0,0,0,100,2,6,1,1,1,1,0,9,0,0,0,1,1,0,,3,35.0,02,1.0,1.0,1.0,0.0,1.0,5.0,100,9.0,,,,,"-535295,458","-1126393,74","-535293,666","-1126396,659",,,,mÌstnÌkomunikace,,1338693.0,,Souhlasn˝sesmÏrem˙seku,Pomal˝,505366.0,,GN_V0.1UIR-ADR_410,2
140506190077,6,,2019-01-14,1,1600,2,0,0,2,1,0,504,0,0,0,100,2,1,1,1,1,1,1,1,3,3,0,1,2,0,,3,38.0,04,1.0,0.0,1.0,0.0,1.0,5.0,50,2.0,1.0,1.0,,,"-545823,109","-1122089,715","-545821,884","-1122089,644",Olomouc,VejdovskÈho,,mÌstnÌkomunikace,,768008.0,,,Pomal˝,500496.0,331856.0,GN_V0.1UIR-ADR_410,1
140506190078,3,44317.0,2019-01-14,1,1625,3,0,2,2,1,0,204,0,0,0,250,2,6,1,6,2,3,1,8,0,0,5,2,2,0,,17,,XX,,,,,,,0,,,,"-535042,963","-1115055,179","-535042,963","-1115055,179","-535047,215","-1115038,574",HluboËky,,,silnice3.t¯Ìdy,44317,1286566.0,,OpaËn˝kesmÏru˙seku,Pomal˝,502146.0,,GN_V0.1UIR-ADR_410,1
140506190079,2,444.0,2019-01-14,1,1835,1,3,0,2,1,0,508,0,0,0,50,2,2,1,1,6,1,1,1,3,5,0,1,2,0,,17,,XX,,,,,,,0,,,,,,"-546241,085","-1104302,903","-546251,6","-1104315,81",,,,silnice2.t¯Ìdy,444,1097147.0,,OpaËn˝kesmÏru˙seku,Pomal˝,552348.0,,GN_V0.1UIR-ADR_410,2
140506190080,1,46.0,2019-01-14,1,1909,3,0,3,2,1,2,204,0,0,0,10,1,6,1,1,4,1,1,1,0,0,0,3,1,0,,3,29.0,04,1.0,1.0,1.0,0.0,1.0,1.0,0,3.0,1.0,1.0,"-545134,318","-1120872,46","-545252,494","-1120979,892","-545252,647","-1120979,888",Olomouc,Pavlovick·,,silnice1.t¯Ìdy,46,529483.0,,OpaËn˝kesmÏru˙seku,Pomal˝,500496.0,330264.0,GN_V0.1UIR-ADR_410,1
140506190081,1,35.0,2019-01-14,1,1932,1,4,0,2,1,9,204,0,0,0,200,2,6,1,1,4,1,1,1,0,0,0,1,2,0,,3,60.0,06,1.0,0.0,1.0,0.0,1.0,1.0,100,2.0,5.0,1.0,,,"-545179,789","-1122352,296","-545179,568","-1122353,774",Olomouc,Tov·rnÌ,,silnice1.t¯Ìdy,35,717760.0,,Souhlasn˝sesmÏrem˙seku,Pomal˝,500496.0,331236.0,GN_V0.1UIR-ADR_410,1
140506190082,6,,2019-01-14,1,1940,2,0,0,2,1,0,508,0,0,0,500,2,6,1,6,5,1,1,1,3,3,1,1,2,0,,17,,XX,,,,,,,0,,,,,,"-545493,06","-1121660,603","-545493,539","-1121661,465",Olomouc,Masarykovat¯Ìda,,mÌstnÌkomunikace,,531029.0,,OpaËn˝kesmÏru˙seku,Pomal˝,500496.0,329428.0,GN_V0.1UIR-ADR_410,1
140506190083,6,,2019-01-14,1,2112,3,0,3,2,1,2,204,0,0,0,150,2,3,1,1,4,1,1,1,0,0,0,1,1,0,,3,39.0,17,3.0,0.0,1.0,0.0,1.0,5.0,100,2.0,1.0,1.0,,,"-546517,866","-1122377,318","-546516,528","-1122377,612",Olomouc,Wittgensteinova,,mÌstnÌkomunikace,,1285754.0,,Souhlasn˝sesmÏrem˙seku,Pomal˝,500496.0,326852.0,GN_V0.1UIR-ADR_410,1
140506190084,6,,2019-01-14,1,2145,3,0,2,2,1,2,204,0,0,0,110,2,5,1,1,4,1,2,1,3,3,1,1,1,0,,3,35.0,09,1.0,0.0,1.0,0.0,1.0,5.0,100,3.0,1.0,1.0,"-548880,658","-1122982,199","-548880,658","-1122982,199","-548886,924","-1122986,81",Olomouc,OkruûnÌ,,mÌstnÌkomunikace,,1612037.0,,Souhlasn˝sesmÏrem˙seku,Pomal˝,500496.0,326666.0,GN_V0.1UIR-ADR_410,1
140506190085,6,,2019-01-14,1,2560,3,0,2,2,1,9,504,0,0,0,200,2,5,1,5,5,1,1,1,0,0,0,1,1,0,,5,26.0,09,3.0,1.0,0.0,0.0,1.0,5.0,200,3.0,5.0,1.0,,,"-545949,473","-1122055,963","-545949,291","-1122056,608",Olomouc,t¯.Kosmonaut˘,,mÌstnÌkomunikace,,1612250.0,,OpaËn˝kesmÏru˙seku,Pomal˝,500496.0,331317.0,GN_V0.1UIR-ADR_410,1
140506190086,6,,2019-01-11,5,1430,2,0,0,2,1,2,504,0,0,0,150,2,6,1,1,1,1,1,1,0,0,0,1,2,0,,3,39.0,16,1.0,0.0,1.0,0.0,1.0,5.0,50,2.0,1.0,1.0,,,"-545895,441","-1120291,128","-545895,58","-1120292,046",Olomouc,Suöilovon·m.,,mÌstnÌkomunikace,,525703.0,,OpaËn˝kesmÏru˙seku,Pomal˝,500496.0,331112.0,GN_V0.1UIR-ADR_410,1
140506190087,6,,2019-01-14,1,1850,3,0,2,2,1,0,501,0,0,0,50,2,5,1,5,5,1,1,3,0,0,0,2,1,0,,17,,XX,,,,,,,0,,,,"-558071,353","-1107672,292","-558071,353","-1107672,292","-558070,748","-1107662,532",Litovel,éerotÌnova,,mÌstnÌkomunikace,,1411862.0,,Souhlasn˝sesmÏrem˙seku,Pomal˝,503444.0,324841.0,GN_V0.1UIR-ADR_410,1
140506190088,6,,2019-01-15,2,930,1,3,0,2,1,2,404,0,0,0,1400,1,3,1,5,3,2,1,1,3,5,0,4,3,10,6.0,5,12.0,16,3.0,0.0,1.0,0.0,1.0,5.0,800,2.0,1.0,1.0,"-545780,701","-1121445,912","-545787,683","-1121424,964","-545788,08","-1121425,694",Olomouc,Praskova,,mÌstnÌkomunikace,,530081.0,,OpaËn˝kesmÏru˙seku,Pomal˝,500496.0,330485.0,GN_V0.1UIR-ADR_410,1
140506190089,6,,2019-01-01,2,2560,3,0,2,2,1,0,504,0,0,0,20,5,3,1,1,1,1,1,3,0,0,10,1,1,0,,17,,XX,,,,,,,0,,,,"-545639,16","-1121143,348","-545639,16","-1121143,348","-545619,8","-1121137,671",Olomouc,Kaötanov·,,mÌstnÌkomunikace,,1612238.0,,Souhlasn˝sesmÏrem˙seku,Pomal˝,500496.0,328774.0,GN_V0.1UIR-ADR_410,1
140506190090,3,44317.0,2019-01-14,1,1930,1,4,0,2,1,0,503,0,0,0,50,2,6,1,5,5,1,1,1,0,0,0,1,2,0,,17,,XX,,,,,,,0,,,,"-540344,833","-1122684,553","-540344,833","-1122684,553","-540341,814","-1122695,121",Velk·Byst¯ice,»SA,,silnice3.t¯Ìdy,44317,535363.0,,Souhlasn˝sesmÏrem˙seku,Pomal˝,505609.0,335100.0,GN_V0.1UIR-ADR_410,1
140506190091,1,46.0,2019-01-15,2,1330,3,0,3,2,1,2,508,0,0,0,700,2,3,1,1,1,1,1,8,0,0,0,1,1,0,,5,13.0,12,3.0,0.0,1.0,0.0,1.0,3.0,600,2.0,1.0,1.0,,,"-542976,985","-1117603,204","-542975,306","-1117604,235",,,,silnice1.t¯Ìdy,46,1467943.0,,OpaËn˝kesmÏru˙seku,Pomal˝,500496.0,326950.0,GN_V0.1UIR-ADR_410,2
140506190092,2,448.0,2019-01-15,2,750,2,0,0,2,1,0,502,0,0,0,50,2,1,1,1,1,1,1,1,3,3,1,4,2,19,6.0,5,35.0,05,1.0,0.0,1.0,0.0,1.0,12.0,20,2.0,1.0,1.0,,,"-546131,982","-1121186,409","-546131,979","-1121186,479",Olomouc,KomenskÈho,,silnice2.t¯Ìdy,448,529072.0,,OpaËn˝kesmÏru˙seku,Pomal˝,500496.0,328952.0,GN_V0.1UIR-ADR_410,1
140506190093,2,435.0,2019-01-15,2,1750,1,3,0,2,1,2,403,0,0,0,400,2,1,1,1,6,1,1,1,3,3,6,5,2,19,6.0,3,39.0,01,1.0,0.0,1.0,0.0,1.0,12.0,100,2.0,1.0,1.0,"-546763,074","-1137550,46","-546763,074","-1137550,46","-546763,98","-1137550,468",,,,silnice2.t¯Ìdy,435,1102990.0,,Souhlasn˝sesmÏrem˙seku,Pomal˝,552119.0,,GN_V0.1UIR-ADR_410,2
140506190094,3,4353.0,2019-01-16,3,640,1,3,0,1,1,2,403,0,0,1,21,2,3,1,1,4,1,1,1,3,3,0,5,2,19,6.0,3,31.0,00,1.0,0.0,0.0,0.0,1.0,31.0,20,3.0,1.0,1.0,"-541656,821","-1126993,636","-541668,601","-1126981,856","-541668,516","-1126981,903",Velk˝T˝nec,Nak¯ÌbÏ,,silnice3.t¯Ìdy,4353,548940.0,,OpaËn˝kesmÏru˙seku,Pomal˝,505650.0,662925.0,GN_V0.1UIR-ADR_410,1
140506190095,6,,2019-01-16,3,2560,2,0,0,2,1,0,516,0,0,0,200,2,1,1,1,1,1,1,1,3,3,0,1,2,0,,17,,XX,,,,,,,0,,,,"-545850,594","-1121511,84","-545850,594","-1121511,84","-545838,934","-1121518,217",Olomouc,Dukelsk·,,mÌstnÌkomunikace,,530553.0,,Souhlasn˝sesmÏrem˙seku,Pomal˝,500496.0,327719.0,GN_V0.1UIR-ADR_410,1
140506190096,6,,2019-01-16,3,1205,1,3,0,2,1,2,414,0,0,0,550,2,1,1,1,1,1,1,1,3,3,0,1,2,0,,6,26.0,15,3.0,0.0,1.0,0.0,1.0,5.0,0,3.0,1.0,1.0,"-543787,901","-1124455,664","-543787,901","-1124455,664","-543788,122","-1124455,773",Olomouc,T˝neck·,,mÌstnÌkomunikace,4359h,1407307.0,,OpaËn˝kesmÏru˙seku,Pomal˝,500496.0,,GN_V0.1UIR-ADR_410,1
140506190097,6,,2019-01-15,2,2560,2,0,0,2,1,0,508,0,0,0,200,1,1,1,1,1,1,1,2,0,0,10,1,2,0,,17,,XX,,,,,,,0,,,,"-545803,232","-1121224,293","-545803,232","-1121224,293","-545801,923","-1121222,002",Olomouc,Gorazdovon·m.,,mÌstnÌkomunikace,,845596.0,,Souhlasn˝sesmÏrem˙seku,Pomal˝,500496.0,327972.0,GN_V0.1UIR-ADR_410,1
140506190098,1,46.0,2019-01-17,4,500,1,3,0,2,1,2,516,0,0,0,100,2,1,1,1,4,1,1,1,0,0,0,1,2,0,,17,,XX,,,,,,,0,,,,"-544864,564","-1120368,466","-544864,564","-1120368,466","-544871,927","-1120363,267",Olomouc,Chv·lkovick·,,silnice1.t¯Ìdy,46,526052.0,,OpaËn˝kesmÏru˙seku,Pomal˝,500496.0,328448.0,GN_V0.1UIR-ADR_410,1
140506190099,3,44812.0,2019-01-17,4,645,5,0,0,2,4,0,100,0,0,0,300,2,1,1,1,6,1,1,1,0,0,0,1,1,0,,3,42.0,06,1.0,0.0,1.0,0.0,1.0,5.0,200,2.0,1.0,5.0,"-560574,86","-1122793,787","-560574,86","-1122793,787","-560574,736","-1122793,891",,,,silnice3.t¯Ìdy,44812,1100493.0,,Souhlasn˝sesmÏrem˙seku,Pomal˝,501751.0,,GN_V0.1UIR-ADR_410,2
140506190100,3,37317.0,2019-01-17,4,710,5,0,0,2,4,0,100,0,0,0,150,2,1,1,1,2,1,1,1,0,0,0,1,1,0,,3,47.0,08,3.0,0.0,1.0,0.0,1.0,5.0,100,3.0,1.0,5.0,"-568747,005","-1107809,659","-568747,005","-1107809,659","-568738,062","-1107813,967",Bouzov,,,silnice3.t¯Ìdy,37317,1973478.0,,Souhlasn˝sesmÏrem˙seku,Pomal˝,500861.0,,GN_V0.1UIR-ADR_410,1
140506190101,3,44317.0,2019-01-17,4,810,3,0,2,2,1,2,204,0,0,0,1500,2,6,1,1,1,1,1,8,0,0,0,1,1,0,,3,4.0,08,1.0,0.0,1.0,0.0,1.0,1.0,500,2.0,1.0,1.0,"-536751,419","-1120065,645","-536751,419","-1120065,645","-536751,702","-1120065,455",HluboËky,Olomouck·,,silnice3.t¯Ìdy,44317,1613558.0,,OpaËn˝kesmÏru˙seku,Pomal˝,502146.0,324167.0,GN_V0.1UIR-ADR_410,1
140506190102,6,,2019-01-17,4,1212,2,0,0,2,1,0,504,0,0,0,10,1,1,1,1,1,1,1,1,0,0,0,1,2,0,,17,,XX,,,,,,,0,,,,"-547041,949","-1121236,408","-547074,865","-1121232,394","-547074,424","-1121232,421",Olomouc,Z·meËnick·,,mÌstnÌkomunikace,,529486.0,,Souhlasn˝sesmÏrem˙seku,Pomal˝,500496.0,332224.0,GN_V0.1UIR-ADR_410,1
140506190103,3,5709.0,2019-01-17,4,1640,4,0,0,1,1,0,516,0,0,1,0,2,1,1,1,2,1,1,1,0,0,0,1,1,0,,17,,XX,,,,,,,0,,,,"-552306,919","-1121626,603","-552306,919","-1121626,603","-552313,589","-1121626,841",Olomouc,BÌlkova,,silnice3.t¯Ìdy,5709,1285571.0,,OpaËn˝kesmÏru˙seku,Pomal˝,500496.0,327158.0,GN_V0.1UIR-ADR_410,1
140506190104,6,,2019-01-18,5,1660,2,0,0,2,1,0,504,0,0,0,50,2,1,1,1,4,1,0,0,0,0,0,1,2,0,,17,,XX,,,,,,,0,,,,"-547019,583","-1120545,154","-547019,583","-1120545,154","-547022,085","-1120552,545",Olomouc,Lazeck·,,mÌstnÌkomunikace,,3122818.0,,Souhlasn˝sesmÏrem˙seku,Pomal˝,500496.0,329185.0,GN_V0.1UIR-ADR_410,1
140506190105,2,448.0,2019-01-18,5,2560,2,0,0,2,1,0,504,0,0,0,100,2,1,1,1,1,1,1,1,0,0,0,1,2,0,,17,,XX,,,,,,,0,,,,"-545748,964","-1121116,692","-545748,964","-1121116,692","-545747,809","-1121120,082",Olomouc,Pasteurova,,silnice2.t¯Ìdy,448,528848.0,,Souhlasn˝sesmÏrem˙seku,Pomal˝,500496.0,330230.0,GN_V0.1UIR-ADR_410,1
140506190106,2,447.0,2019-01-18,5,1935,5,0,0,2,4,0,100,0,0,0,250,2,1,1,1,6,1,1,1,3,5,0,1,1,0,,3,13.0,14,1.0,0.0,1.0,0.0,1.0,1.0,150,2.0,1.0,5.0,"-554400,211","-1107300,993","-554400,211","-1107300,993","-554401,446","-1107287,024",,,,silnice2.t¯Ìdy,447,1254505.0,,Souhlasn˝sesmÏrem˙seku,Pomal˝,552160.0,,GN_V0.1UIR-ADR_410,2
140506190107,6,,2019-01-19,6,1410,3,0,3,2,1,2,504,0,0,0,120,2,1,1,1,1,1,1,1,3,3,0,3,1,0,,3,39.0,08,9.0,0.0,1.0,0.0,1.0,5.0,100,2.0,1.0,1.0,"-545748,964","-1121116,692","-545748,964","-1121116,692","-545747,809","-1121120,082",Olomouc,DolnÌn·mÏstÌ,,silnice2.t¯Ìdy,448,528848.0,,Souhlasn˝sesmÏrem˙seku,Pomal˝,500496.0,330230.0,GN_V0.1UIR-ADR_410,1
140506190108,3,4465.0,2019-01-19,6,1655,5,0,0,2,4,0,100,0,0,0,150,2,1,1,1,2,1,1,1,3,5,0,1,1,0,,3,47.0,95,1.0,0.0,0.0,0.0,1.0,1.0,100,2.0,1.0,5.0,"-550171,017","-1117668,121","-550171,017","-1117668,121","-550174,887","-1117665,822",,,,silnice3.t¯Ìdy,4465,1407065.0,,OpaËn˝kesmÏru˙seku,Pomal˝,502545.0,,GN_V0.1UIR-ADR_410,2
140506190109,1,46.0,2019-01-19,6,2150,3,0,2,2,1,2,204,0,0,0,530,2,3,1,1,4,1,3,1,3,3,5,1,1,0,,3,4.0,15,1.0,1.0,1.0,0.0,1.0,1.0,500,2.0,1.0,1.0,,,"-547977,929","-1122604,743","-547976,894","-1122605,233",Olomouc,BrnÏnsk·,,silnice1.t¯Ìdy,46,1440751.0,,Souhlasn˝sesmÏrem˙seku,Pomal˝,500496.0,327425.0,GN_V0.1UIR-ADR_410,1
140506190110,1,35.0,2019-01-20,0,330,1,3,0,1,1,2,402,0,0,2,1030,2,3,1,1,4,1,3,1,3,3,1,4,2,19,6.0,3,39.0,05,7.0,0.0,1.0,0.0,1.0,13.0,500,2.0,1.0,1.0,"-547413,399","-1122807,018","-547413,399","-1122807,018","-547411,71","-1122806,472",Olomouc,Velkomoravsk·,,mÌstnÌkomunikace,,747836.0,,Souhlasn˝sesmÏrem˙seku,Pomal˝,500496.0,330841.0,GN_V0.1UIR-ADR_410,1
140506190111,6,,2019-01-20,0,1760,2,0,0,2,1,2,516,0,0,0,30,2,1,1,1,1,1,1,1,0,0,10,1,2,0,,3,35.0,97,7.0,0.0,1.0,0.0,1.0,5.0,0,3.0,1.0,1.0,"-545642,13","-1122260,415","-545642,13","-1122260,415","-545642,676","-1122266,315",Olomouc,ätursova,,mÌstnÌkomunikace,,747873.0,,OpaËn˝kesmÏru˙seku,Pomal˝,500496.0,326976.0,GN_V0.1UIR-ADR_410,1
140506190112,3,37314.0,2019-01-21,1,320,3,0,6,1,1,2,516,0,0,1,900,2,1,1,1,6,1,1,1,3,3,0,2,1,0,,5,19.0,12,3.0,0.0,0.0,0.0,1.0,5.0,800,2.0,1.0,1.0,"-561575,51","-1115806,463","-561575,51","-1115806,463","-561575,553","-1115808,987",,,,silnice3.t¯Ìdy,37314,1340031.0,,OpaËn˝kesmÏru˙seku,Pomal˝,552267.0,,GN_V0.1UIR-ADR_410,2
140506190113,3,44317.0,2019-01-21,1,620,4,0,0,1,1,2,203,0,1,0,155,2,1,1,1,4,1,1,1,0,0,0,1,1,0,,3,13.0,05,1.0,0.0,1.0,0.0,1.0,1.0,150,2.0,1.0,1.0,,,"-535342,368","-1117561,237","-535339,949","-1117562,305",HluboËky,Dukelsk˝chhrdin˘,,silnice3.t¯Ìdy,44317,2724219.0,,Souhlasn˝sesmÏrem˙seku,Pomal˝,502146.0,323977.0,GN_V0.1UIR-ADR_410,1
140506190114,6,,2019-01-21,1,730,4,0,0,1,1,2,412,0,0,1,0,2,1,1,1,2,1,1,1,3,3,1,1,1,0,,3,39.0,16,1.0,0.0,0.0,0.0,1.0,5.0,0,2.0,1.0,1.0,"-546936,917","-1120442,177","-546936,917","-1120442,177","-546939,788","-1120445,395",Olomouc,Dlouh·,,mÌstnÌkomunikace,,526453.0,,Souhlasn˝sesmÏrem˙seku,Pomal˝,500496.0,327603.0,GN_V0.1UIR-ADR_410,1
140506190115,0,35.0,2019-01-18,5,1030,0,0,0,2,1,0,516,0,0,0,600,2,1,1,1,1,1,6,1,0,0,0,1,2,0,,17,,XX,,,,,,,0,,,,,,"-563297,965","-1106168,67","-563299,79","-1106171,144",,,,mÌstnÌkomunikace,R35,482313.0,,Souhlasn˝sesmÏrem˙seku,Pomal˝,504246.0,,GN_V0.1UIR-ADR_410,2
140506190116,6,,2019-01-21,1,1710,2,0,0,2,1,0,504,0,0,0,100,2,1,1,1,4,1,1,1,3,3,0,1,2,0,,3,31.0,12,1.0,0.0,1.0,0.0,1.0,5.0,50,9.0,,,,,"-542349,896","-1106765,024","-542349,223","-1106765,083",äternberk,»SA,,mÌstnÌkomunikace,,871085.0,,Souhlasn˝sesmÏrem˙seku,Pomal˝,505188.0,333204.0,GN_V0.1UIR-ADR_410,1
140506190117,2,635.0,2019-01-22,2,640,4,0,0,1,1,2,412,0,1,0,100,2,1,1,1,4,1,1,1,3,3,1,4,1,19,6.0,3,39.0,16,1.0,1.0,0.0,0.0,1.0,1.0,100,2.0,1.0,1.0,,,"-548103,462","-1120446,284","-548103,424","-1120446,258",Olomouc,Natrati,,silnice2.t¯Ìdy,635,526400.0,,OpaËn˝kesmÏru˙seku,Pomal˝,500496.0,329835.0,GN_V0.1UIR-ADR_410,1
140506190118,6,,2019-01-21,1,830,2,0,0,2,1,0,502,0,0,0,200,2,5,1,2,3,1,1,1,3,5,0,3,2,0,,5,7.0,01,1.0,0.0,0.0,0.0,1.0,5.0,0,2.0,1.0,1.0,,,"-545762,316","-1120828,523","-545762,449","-1120828,7",Olomouc,»ern·cesta,,mÌstnÌkomunikace,,527666.0,,OpaËn˝kesmÏru˙seku,Pomal˝,500496.0,326402.0,GN_V0.1UIR-ADR_410,1
140506190119,6,,2019-01-23,3,550,1,3,0,2,1,9,501,0,0,0,200,2,3,1,1,4,1,1,1,0,0,0,1,2,0,,3,26.0,02,3.0,0.0,1.0,0.0,1.0,5.0,100,2.0,5.0,1.0,,,"-547309,531","-1122663,282","-547309,561","-1122664,01",Olomouc,Ibsenova,,mÌstnÌkomunikace,,535187.0,,OpaËn˝kesmÏru˙seku,Pomal˝,500496.0,328456.0,GN_V0.1UIR-ADR_410,1
140506190120,6,,2019-01-22,2,2560,2,0,0,2,1,0,511,0,0,0,200,2,1,1,1,1,1,1,1,0,0,10,1,2,0,,17,,XX,,,,,,,0,,,,,,"-547450,874","-1123703,935","-547450,873","-1123704,32",Olomouc,Voskovcova,,mÌstnÌkomunikace,,539112.0,,OpaËn˝kesmÏru˙seku,Pomal˝,500496.0,331937.0,GN_V0.1UIR-ADR_410,1
140506190121,2,570.0,2019-01-23,3,860,1,4,0,2,2,0,516,0,0,0,100,2,1,1,1,1,1,1,1,3,3,0,5,2,19,6.0,17,,XX,,,,,,,0,,,,"-544264,076","-1124486,914","-544264,076","-1124486,914","-544265,056","-1124484,885",Olomouc,Keplerova,,silnice2.t¯Ìdy,570,3232810.0,,OpaËn˝kesmÏru˙seku,Pomal˝,500496.0,328855.0,GN_V0.1UIR-ADR_410,1
140506190122,6,,2019-01-22,2,2100,1,2,0,2,1,2,502,0,0,0,400,2,0,1,1,4,1,1,1,0,0,0,3,2,0,,3,5.0,06,1.0,0.0,1.0,0.0,1.0,5.0,100,2.0,1.0,1.0,,,"-546935,46","-1123012,312","-546935,466","-1123012,629",Olomouc,Skupova,,mÌstnÌkomunikace,,1465877.0,,Souhlasn˝sesmÏrem˙seku,Pomal˝,500496.0,330884.0,GN_V0.1UIR-ADR_410,1
140506190123,2,448.0,2019-01-23,3,2000,3,0,9,2,1,2,204,0,0,0,620,2,5,1,1,4,1,1,1,0,0,0,1,1,0,,3,39.0,05,1.0,1.0,0.0,0.0,1.0,1.0,100,2.0,1.0,1.0,"-555787,763","-1120981,921","-555787,763","-1120981,921","-555790,612","-1120986,483",TÏöetice,,,silnice2.t¯Ìdy,448,1286637.0,,OpaËn˝kesmÏru˙seku,Pomal˝,505269.0,,GN_V0.1UIR-ADR_410,1
140506190124,1,35.0,2019-01-23,3,2100,3,0,4,2,1,2,204,0,0,0,900,2,6,1,2,7,1,3,1,0,0,0,1,1,0,,3,12.0,07,3.0,0.0,0.0,0.0,1.0,1.0,600,2.0,1.0,1.0,"-561864,772","-1107368,389","-561864,772","-1107368,389","-561861,629","-1107365,447",,,,silnice1.t¯Ìdy,35,488451.0,,Souhlasn˝sesmÏrem˙seku,Pomal˝,504246.0,,GN_V0.1UIR-ADR_410,2
140506190125,6,,2019-01-23,3,2560,2,0,0,2,1,0,504,0,0,0,300,2,1,1,1,4,1,1,1,0,0,0,1,2,0,,17,,XX,,,,,,,0,,,,"-548477,291","-1123143,707","-548477,291","-1123143,707","-548476,794","-1123143,13",Olomouc,Pion˝rsk·,,mÌstnÌkomunikace,,537124.0,,Souhlasn˝sesmÏrem˙seku,Pomal˝,500496.0,330337.0,GN_V0.1UIR-ADR_410,1
140506190126,6,,2019-01-24,4,705,2,0,0,2,1,2,504,0,0,0,610,2,1,1,1,2,1,1,1,0,0,0,1,3,0,,5,47.0,15,3.0,0.0,1.0,0.0,1.0,5.0,10,2.0,1.0,1.0,,,"-545969,736","-1121401,29","-545969,989","-1121401,772",Olomouc,Masarykovat¯Ìda,,mÌstnÌkomunikace,,529998.0,,OpaËn˝kesmÏru˙seku,Pomal˝,500496.0,329428.0,GN_V0.1UIR-ADR_410,1
140506190127,1,35.0,2019-01-24,4,1225,1,4,0,2,1,2,503,0,0,0,300,2,1,1,1,1,1,1,1,0,0,0,1,2,0,,3,47.0,04,1.0,0.0,0.0,0.0,1.0,1.0,100,2.0,1.0,1.0,"-548005,727","-1122114,328","-548005,727","-1122114,328","-548012,674","-1122114,475",Olomouc,Albertova,,silnice1.t¯Ìdy,35,717748.0,,Souhlasn˝sesmÏrem˙seku,Pomal˝,500496.0,327093.0,GN_V0.1UIR-ADR_410,1
140506190128,6,,2019-01-24,4,1005,4,0,0,2,3,2,100,0,0,0,20,2,1,1,1,1,1,1,1,3,3,0,1,1,0,,5,13.0,06,1.0,0.0,1.0,0.0,1.0,5.0,20,2.0,1.0,4.0,"-544270,36","-1123125,562","-544270,36","-1123125,562","-544274,205","-1123115,506",Olomouc,Usoln˝chml˝n˘,,mÌstnÌkomunikace,,537184.0,,Souhlasn˝sesmÏrem˙seku,Pomal˝,500496.0,331635.0,GN_V0.1UIR-ADR_410,1
140506190129,6,,2019-01-24,4,1325,2,0,0,2,1,2,504,0,0,0,130,2,3,1,1,1,1,1,1,0,0,0,1,3,0,,3,39.0,13,1.0,0.0,1.0,0.0,1.0,5.0,10,2.0,1.0,1.0,"-545364,996","-1121587,744","-545364,996","-1121587,744","-545372,634","-1121600,567",Olomouc,Blanick·,,mÌstnÌkomunikace,,1407377.0,,Souhlasn˝sesmÏrem˙seku,Pomal˝,500496.0,327310.0,GN_V0.1UIR-ADR_410,1