IDENTIFIKA»NÕ »ÕSLO,DRUH POZEMNÕ KOMUNIKACE,»ÕSLO POZEMNÕ KOMUNIKACE,"den, mÏsÌc, rok",,Ëas ,DRUH NEHODY,DRUH SR¡éKY JEDOUCÕCH VOZIDEL,DRUH PEVN… PÿEK¡éKY,CHARAKTER NEHODY,ZAVINÃNÕ NEHODY,ALKOHOL U VINÕKA NEHODY PÿÕTOMEN,HLAVNÕ PÿÕ»INY NEHODY,usmrceno osob,tÏûce zranÏno osob,lehce zranÏno osob,CELKOV¡ HMOTN¡ äKODA,DRUH POVRCHU VOZOVKY,STAV POVRCHU VOZOVKY V DOBÃ NEHODY,STAV KOMUNIKACE,POVÃTRNOSTNÕ PODMÕNKY V DOBÃ NEHODY,VIDITELNOST,ROZHLEDOV… POMÃRY,DÃLENÕ KOMUNIKACE,SITUOV¡NÕ NEHODY NA KOMUNIKACI,ÿÕZENÕ PROVOZU V DOBÃ NEHODY,MÕSTNÕ ⁄PRAVA PÿEDNOSTI V JÕZDÃ,SPECIFICK¡ MÕSTA A OBJEKTY V MÕSTÃ NEHODY,SMÃROV… POMÃRY,PO»ET Z⁄»ASTNÃN›CH VOZIDEL,MÕSTO DOPRAVNÕ NEHODY,DRUH KÿIéUJÕCÕ KOMUNIKACE,DRUH VOZIDLA,V›ROBNÕ ZNA»KA MOTOROV…HO VOZIDLA,ROK V›ROBY VOZIDLA,CHARAKTERISTIKA VOZIDLA ,SMYK,VOZIDLO PO NEHODÃ,"⁄NIK PROVOZNÕCH, PÿEPRAVOVAN›CH HMOT",ZPŸSOB VYPROäTÃNÕ OSOB Z VOZIDLA,SMÃR JÕZDY NEBO POSTAVENÕ VOZIDLA,äKODA NA VOZIDLE,KATEGORIE ÿIDI»E,STAV ÿIDI»E,VNÃJäÕ OVLIVNÃNÕ ÿIDI»E,nan.1,nan.2,nan.3,nan.4,nan.5,nan.6,nan.7,nan.8,nan.9,nan.10,nan.11,nan.12,nan.13,nan.14,nan.15,nan.16,nan.17,nan.18,LOKALITA NEHODY
140506190130,2,449.0,2019-01-24,4,1415,1,2,0,2,1,2,402,0,0,0,2000,2,1,1,1,1,1,1,1,3,3,0,4,2,19,2.0,3,8.0,16,1.0,0.0,1.0,1.0,1.0,41.0,1500,2.0,1.0,1.0,"-559059,907","-1121344,817","-559059,907","-1121344,817","-559069,498","-1121346,841",Drahanovice,,,silnice2.t¯Ìdy,449,3236708.0,,OpaËn˝kesmÏru˙seku,Pomal˝,501751.0,,GN_V0.1UIR-ADR_410,1
140506190131,2,447.0,2019-01-24,4,1550,5,0,0,2,4,0,100,0,0,0,500,2,1,1,1,1,1,1,1,3,3,0,1,1,0,,3,8.0,17,1.0,0.0,0.0,0.0,1.0,1.0,400,2.0,1.0,5.0,"-549289,82","-1107019,336","-549289,82","-1107019,336","-549287,699","-1107014,549",,,,silnice2.t¯Ìdy,447,1097612.0,,Souhlasn˝sesmÏrem˙seku,Pomal˝,505862.0,,GN_V0.1UIR-ADR_410,2
140506190132,2,570.0,2019-01-24,4,1200,3,0,4,2,1,2,205,0,0,0,300,2,1,1,1,1,1,1,1,0,0,0,2,1,0,,3,47.0,13,1.0,0.0,0.0,0.0,1.0,1.0,300,2.0,1.0,1.0,"-544560,933","-1124620,029","-544560,933","-1124620,029","-544555,05","-1124628,949",Olomouc,Naz·branÌ,,silnice2.t¯Ìdy,570,1286603.0,,OpaËn˝kesmÏru˙seku,Pomal˝,500496.0,329908.0,GN_V0.1UIR-ADR_410,1
140506190133,6,,2019-01-24,4,1642,8,4,0,2,1,0,516,0,0,0,10,2,1,1,1,2,1,1,1,3,3,1,5,2,10,6.0,17,,XX,,,,,,,0,,,,"-547641,405","-1121193,045","-547641,405","-1121193,045","-547637,962","-1121206,257",Olomouc,PalackÈho,,mÌstnÌkomunikace,,1407132.0,,Souhlasn˝sesmÏrem˙seku,Pomal˝,500496.0,330191.0,GN_V0.1UIR-ADR_410,1
140506190134,6,,2019-01-24,4,2560,2,0,0,2,1,0,504,0,0,0,50,2,1,1,1,4,1,0,8,0,0,10,1,2,0,,17,,XX,,,,,,,0,,,,"-547508,876","-1123572,692","-547508,876","-1123572,692","-547500,816","-1123572,692",Olomouc,DruûebnÌ,,mÌstnÌkomunikace,,1777732.0,,Souhlasn˝sesmÏrem˙seku,Pomal˝,500496.0,327697.0,GN_V0.1UIR-ADR_410,1
140506190135,6,,2019-01-25,5,545,3,0,9,1,1,2,204,0,0,1,1500,2,5,2,5,6,1,1,1,0,0,0,3,1,0,,3,39.0,15,3.0,0.0,1.0,0.0,1.0,5.0,1000,2.0,1.0,1.0,"-566875,156","-1110277,522","-566875,156","-1110277,522","-566879,563","-1110272,068",SlavÏtÌn,SlavÏtÌn,,mÌstnÌkomunikace,,1098040.0,,OpaËn˝kesmÏru˙seku,Pomal˝,552194.0,,GN_V0.1UIR-ADR_410,1
140506190136,3,4466.0,2019-01-23,3,2560,2,0,0,2,1,0,508,0,0,0,100,2,6,1,1,1,1,1,1,3,5,10,1,2,0,,17,,XX,,,,,,,0,,,,"-551938,564","-1115736,669","-551938,564","-1115736,669","-551943,782","-1115733,499",SkrbeÚ,HlavnÌ,,silnice3.t¯Ìdy,4466,511801.0,,Souhlasn˝sesmÏrem˙seku,Pomal˝,552151.0,332666.0,GN_V0.1UIR-ADR_410,1
140506190137,6,,2019-01-25,5,1100,2,0,0,2,1,2,516,0,0,0,300,2,5,1,1,1,1,1,1,0,0,0,1,2,0,,3,39.0,04,0.0,0.0,0.0,0.0,1.0,5.0,100,2.0,1.0,1.0,,,"-547315,381","-1123443,079","-547315,12","-1123443,081",Olomouc,RoûÚavsk·,,mÌstnÌkomunikace,,1612165.0,,Souhlasn˝sesmÏrem˙seku,Pomal˝,500496.0,330710.0,GN_V0.1UIR-ADR_410,1
140506190138,1,35.0,2019-01-25,5,1200,1,4,0,1,1,2,508,0,0,1,4000,2,3,1,1,1,1,3,1,3,5,0,1,2,0,,3,39.0,18,1.0,0.0,1.0,0.0,1.0,1.0,3000,2.0,1.0,1.0,"-561546,706","-1107725,292","-561546,706","-1107725,292","-561545,246","-1107724,063",,,,silnice1.t¯Ìdy,35,488451.0,,Souhlasn˝sesmÏrem˙seku,Pomal˝,504246.0,,GN_V0.1UIR-ADR_410,2
140506190139,1,46.0,2019-01-08,2,930,9,0,0,2,1,0,204,0,0,0,1050,2,5,1,1,1,1,1,1,0,0,0,1,1,0,,7,19.0,14,3.0,1.0,1.0,0.0,1.0,3.0,800,3.0,1.0,1.0,"-532771,638","-1104011,313","-536043,553","-1102812,645","-536043,099","-1102813,243",HornÌLodÏnice,,,silnice1.t¯Ìdy,46,1261108.0,,OpaËn˝kesmÏru˙seku,Pomal˝,569798.0,,GN_V0.1UIR-ADR_410,1
140506190140,3,44434.0,2019-01-25,5,1510,5,0,0,2,4,0,100,0,0,0,200,2,5,1,1,1,1,1,1,0,0,0,1,1,0,,3,31.0,09,1.0,0.0,1.0,0.0,1.0,5.0,150,4.0,1.0,5.0,"-539031,243","-1109196,557","-539031,243","-1109196,557","-539032,308","-1109189,876",,,,silnice3.t¯Ìdy,44434,1973991.0,,OpaËn˝kesmÏru˙seku,Pomal˝,552313.0,,GN_V0.1UIR-ADR_410,2
140506190141,3,44441.0,2019-01-25,5,1530,1,2,0,2,1,0,502,0,0,0,10,2,5,1,1,1,1,1,1,0,0,0,3,2,0,,17,,XX,,,,,,,0,,,,"-532769,874","-1104002,098","-532769,874","-1104002,098","-532769,338","-1104002,231",,,,silnice3.t¯Ìdy,44441,1613426.0,,Souhlasn˝sesmÏrem˙seku,Pomal˝,597678.0,,GN_V0.1UIR-ADR_410,2
140506190142,6,,2019-01-26,6,430,2,0,0,2,1,7,504,0,0,0,25,2,1,1,1,4,1,1,1,0,0,10,1,2,0,,3,44.0,13,3.0,0.0,1.0,0.0,1.0,5.0,5,7.0,4.0,1.0,,,"-546309,239","-1121199,453","-546309,157","-1121200,125",Olomouc,KomenskÈho,,mÌstnÌkomunikace,,1285715.0,,OpaËn˝kesmÏru˙seku,Pomal˝,500496.0,328952.0,GN_V0.1UIR-ADR_410,1
140506190143,6,,2019-01-20,0,2560,2,0,0,2,1,0,511,0,0,0,100,2,1,1,1,1,1,1,1,0,0,0,1,2,0,,17,,XX,,,,,,,0,,,,,,"-547719,486","-1121822,927","-547719,521","-1121822,948",Olomouc,MariePospÌöilovÈ,,mÌstnÌkomunikace,,532153.0,,OpaËn˝kesmÏru˙seku,Pomal˝,500496.0,329380.0,GN_V0.1UIR-ADR_410,1
140506190144,6,,2019-01-25,5,2560,2,0,0,2,1,0,516,0,0,0,100,2,5,1,1,1,1,1,0,0,0,10,1,2,0,,17,,XX,,,,,,,0,,,,"-531615,453","-1106642,328","-531615,453","-1106642,328","-531625,519","-1106629,467",DomaöovnadByst¯icÌ,N·draûnÌ,,mÌstnÌkomunikace,,482634.0,,OpaËn˝kesmÏru˙seku,Pomal˝,545279.0,323683.0,GN_V0.1UIR-ADR_410,1
140506190145,2,449.0,2019-01-26,6,1005,4,0,0,1,1,2,204,0,0,1,20,2,6,1,5,1,1,1,1,0,0,1,1,1,0,,3,39.0,02,1.0,0.0,1.0,0.0,1.0,1.0,20,2.0,1.0,1.0,,,"-558610,505","-1107458,026","-558605,14","-1107459,452",Litovel,UniËovsk·,,silnice2.t¯Ìdy,449,1411726.0,,Souhlasn˝sesmÏrem˙seku,Pomal˝,503444.0,325490.0,GN_V0.1UIR-ADR_410,1
140506190146,3,4436.0,2019-01-26,6,1200,5,0,0,2,4,0,100,0,0,0,400,2,3,1,1,1,1,1,1,0,0,0,1,1,0,,3,39.0,17,3.0,0.0,1.0,0.0,1.0,1.0,300,2.0,1.0,5.0,,,"-541473,707","-1120159,569","-541479,353","-1120157,552",,,,silnice3.t¯Ìdy,4436,1338416.0,,OpaËn˝kesmÏru˙seku,Pomal˝,500496.0,331376.0,GN_V0.1UIR-ADR_410,2
140506190147,6,,2019-01-26,6,1120,2,0,0,2,1,2,504,0,0,0,150,2,3,1,1,1,1,1,1,0,0,0,1,2,0,,3,39.0,13,3.0,0.0,0.0,0.0,1.0,5.0,50,3.0,1.0,1.0,"-547045,337","-1120951,415","-547045,337","-1120951,415","-547032,935","-1120971,641",Olomouc,Bo¯ivojova,,mÌstnÌkomunikace,,1972345.0,,Souhlasn˝sesmÏrem˙seku,Pomal˝,500496.0,327387.0,GN_V0.1UIR-ADR_410,1
140506190148,6,,2019-01-26,6,1515,3,0,9,2,1,2,504,0,0,0,40,2,3,1,1,1,1,0,0,0,0,9,1,1,0,,3,2.0,98,1.0,0.0,1.0,0.0,1.0,5.0,10,2.0,1.0,1.0,"-555292,518","-1101655,846","-555292,518","-1101655,846","-555294,35","-1101650,829",UniËov,Litovelsk·,,mÌstnÌkomunikace,,802111.0,,Souhlasn˝sesmÏrem˙seku,Pomal˝,505587.0,,GN_V0.1UIR-ADR_410,1
140506190149,3,3541.0,2019-01-26,6,1550,3,0,3,1,1,9,204,0,0,2,600,2,6,1,5,1,1,1,1,0,0,5,1,1,0,,3,31.0,02,1.0,0.0,1.0,1.0,1.0,1.0,500,7.0,5.0,1.0,"-564347,98","-1107537,732","-564347,98","-1107537,732","-564346,081","-1107539,361",,,,silnice3.t¯Ìdy,03541,2991638.0,,Souhlasn˝sesmÏrem˙seku,Pomal˝,500623.0,,GN_V0.1UIR-ADR_410,2
140506190150,3,44311.0,2019-01-27,0,1245,3,0,1,2,1,2,205,0,0,0,110,2,3,1,1,1,1,1,1,0,0,0,2,1,0,,3,39.0,12,1.0,1.0,1.0,0.0,1.0,1.0,100,2.0,1.0,1.0,"-539117,549","-1115555,425","-539117,549","-1115555,425","-539123,051","-1115551,946",,,,silnice3.t¯Ìdy,44311,1613630.0,,OpaËn˝kesmÏru˙seku,Pomal˝,501646.0,,GN_V0.1UIR-ADR_410,2
140506190151,6,,2019-01-27,0,2560,4,0,0,1,1,0,506,0,0,1,0,2,3,1,1,2,1,1,1,3,5,0,1,1,0,,17,,XX,,,,,,,0,,,,"-555005,01","-1101101,695","-554994,836","-1101101,695","-554995,02","-1101101,806",UniËov,Brat¯Ì»apk˘,,mÌstnÌkomunikace,,2995940.0,,Souhlasn˝sesmÏrem˙seku,Pomal˝,505587.0,334529.0,GN_V0.1UIR-ADR_410,1
140506190152,6,,2019-01-24,4,2560,2,0,0,2,1,0,516,0,0,0,50,2,3,1,1,1,1,1,1,3,5,10,5,2,10,6.0,17,,XX,,,,,,,0,,,,"-546797,755","-1120216,629","-546797,755","-1120216,629","-546803,187","-1120217,105",Olomouc,Synkova,,mÌstnÌkomunikace,,525399.0,,OpaËn˝kesmÏru˙seku,Pomal˝,500496.0,331163.0,GN_V0.1UIR-ADR_410,1
140506190153,6,,2019-01-28,1,450,5,0,0,2,4,0,100,0,0,0,300,2,3,1,1,4,1,1,1,0,0,0,1,1,0,,3,39.0,14,15.0,0.0,1.0,0.0,1.0,5.0,200,3.0,1.0,5.0,"-535225,542","-1121164,632","-535225,542","-1121164,632","-535230,37","-1121148,264",,,,mÌstnÌkomunikace,,1466346.0,,OpaËn˝kesmÏru˙seku,Pomal˝,503941.0,,GN_V0.1UIR-ADR_410,2
140506190154,1,35.0,2019-01-28,1,640,3,0,3,2,1,0,516,0,0,0,100,2,8,1,1,1,1,1,1,3,3,0,4,1,19,6.0,17,,XX,,,,,,,0,,,,"-544596,416","-1122216,558","-544596,416","-1122216,558","-544598,375","-1122212,602",Olomouc,Tov·rnÌ,,silnice1.t¯Ìdy,35,741986.0,,Souhlasn˝sesmÏrem˙seku,Pomal˝,500496.0,331236.0,GN_V0.1UIR-ADR_410,1
140506190155,6,,2019-01-28,1,755,4,0,0,1,1,2,204,0,0,1,0,2,8,1,1,1,1,1,1,3,3,1,1,1,0,,5,12.0,14,3.0,1.0,1.0,0.0,1.0,5.0,0,2.0,1.0,1.0,"-548538,479","-1121808,396","-548538,479","-1121808,396","-548532,814","-1121806,494",Olomouc,Kmochova,,mÌstnÌkomunikace,,531715.0,,Souhlasn˝sesmÏrem˙seku,Pomal˝,500496.0,328901.0,GN_V0.1UIR-ADR_410,1
140506190156,6,,2019-01-28,1,825,3,0,4,2,1,2,204,0,0,0,450,2,8,1,5,1,1,1,1,3,3,0,3,1,0,,3,13.0,06,1.0,0.0,1.0,0.0,1.0,5.0,300,2.0,1.0,1.0,"-557876,444","-1099277,547","-557876,444","-1099277,547","-557875,314","-1099282,625",Medlov,,,mÌstnÌkomunikace,,1096450.0,,OpaËn˝kesmÏru˙seku,Pomal˝,552372.0,,GN_V0.1UIR-ADR_410,1
140506190157,8,,2019-01-28,1,1030,3,0,9,2,1,2,516,0,0,0,230,2,8,1,5,3,1,0,1,3,5,0,1,1,0,,7,40.0,11,3.0,0.0,0.0,0.0,1.0,5.0,200,4.0,1.0,1.0,"-543157,354","-1108494,687","-543157,354","-1108494,687",,,äTERNBERK,UDr·hy,,,,,,,,,,GN_V0.1UIR-ADR_410,1
140506190158,6,,2019-01-28,1,900,2,0,0,2,1,0,204,0,0,0,700,2,8,1,5,1,1,1,1,3,3,0,1,2,0,,3,32.0,08,1.0,0.0,1.0,0.0,1.0,5.0,200,2.0,1.0,1.0,,,"-557632,727","-1108512,685","-557632,977","-1108512,613",Litovel,Rev˙ck·,,mÌstnÌkomunikace,,1411794.0,,OpaËn˝kesmÏru˙seku,Pomal˝,503444.0,325406.0,GN_V0.1UIR-ADR_410,1
140506190159,6,,2019-01-28,1,1045,3,0,6,2,1,2,504,0,0,0,40,2,8,1,1,1,1,0,8,0,0,0,1,1,0,,5,62.0,12,3.0,0.0,1.0,0.0,1.0,5.0,10,3.0,1.0,1.0,,,"-542413,965","-1107252,348","-542409,437","-1107251,487",äternberk,Kr·tk·,,mÌstnÌkomunikace,,484906.0,,Souhlasn˝sesmÏrem˙seku,Pomal˝,505188.0,333662.0,GN_V0.1UIR-ADR_410,1
140506190160,6,,2019-01-28,1,1860,2,0,0,2,1,0,501,0,0,0,100,2,6,1,5,5,1,1,1,0,0,0,2,2,0,,17,,XX,,,,,,,0,,,,"-543902,748","-1120182,09","-543902,748","-1120182,09","-543908,933","-1120203,659",Olomouc,éelezniËnÌ,,mÌstnÌkomunikace,,1650100.0,,,Pomal˝,500496.0,326461.0,GN_V0.1UIR-ADR_410,1
140506190161,6,,2019-01-29,2,752,1,3,0,1,2,2,404,0,0,1,35,1,8,1,1,1,1,1,1,3,5,0,4,2,10,6.0,13,0.0,,1.0,0.0,1.0,0.0,1.0,5.0,5,8.0,1.0,1.0,"-558549,791","-1108299,564","-558549,791","-1108299,564","-558559,21","-1108296,014",Litovel,N·m.P¯.Otakara,,mÌstnÌkomunikace,,489364.0,,OpaËn˝kesmÏru˙seku,Pomal˝,503444.0,325317.0,GN_V0.1UIR-ADR_410,1
140506190162,6,,2019-01-29,2,1150,3,0,2,2,1,2,509,0,0,0,210,1,3,1,1,1,1,1,8,0,0,9,1,1,0,,3,16.0,97,1.0,0.0,1.0,0.0,1.0,5.0,10,2.0,1.0,1.0,"-541465,612","-1122628,522","-541465,612","-1122628,522","-541470,44","-1122632,921",Velk·Byst¯ice,»SA,,mÌstnÌkomunikace,,2994675.0,,Souhlasn˝sesmÏrem˙seku,Pomal˝,505609.0,335100.0,GN_V0.1UIR-ADR_410,1
140506190163,2,449.0,2019-01-29,2,1125,1,2,0,2,1,0,501,0,0,0,10,2,3,1,1,1,1,1,1,0,0,0,1,2,0,,17,,XX,,,,,,,0,,,,,,"-559227,835","-1120646,386","-559231,596","-1120647,057",,,,silnice2.t¯Ìdy,449,1976855.0,,OpaËn˝kesmÏru˙seku,Pomal˝,504505.0,,GN_V0.1UIR-ADR_410,2
140506190164,2,448.0,2019-01-29,2,1355,1,1,0,1,1,2,405,0,0,2,2100,2,3,1,1,1,1,1,1,3,3,0,5,2,19,6.0,3,44.0,02,1.0,0.0,1.0,1.0,1.0,23.0,500,2.0,1.0,1.0,"-559593,401","-1121538,473","-559599,291","-1121543,827","-559598,925","-1121544,906",Drahanovice,,,silnice2.t¯Ìdy,448,1100028.0,,Souhlasn˝sesmÏrem˙seku,Pomal˝,501751.0,,GN_V0.1UIR-ADR_410,1
140506190165,3,44610.0,2019-01-29,2,1900,1,3,0,2,1,2,502,0,0,0,100,2,3,1,1,6,1,1,1,0,0,0,1,2,0,,3,17.0,18,1.0,0.0,1.0,0.0,1.0,5.0,50,2.0,1.0,1.0,"-543976,181","-1117937,354","-543978,323","-1117929,321","-543978,658","-1117929,616",,,,silnice3.t¯Ìdy,44610,1340045.0,,OpaËn˝kesmÏru˙seku,Pomal˝,500496.0,326381.0,GN_V0.1UIR-ADR_410,2
140506190166,2,446.0,2019-01-30,3,840,1,1,0,1,1,2,204,0,0,2,1000,2,6,1,2,3,1,1,1,3,5,0,3,2,0,,3,39.0,00,1.0,0.0,1.0,0.0,1.0,1.0,500,2.0,1.0,1.0,"-548031,135","-1114834,044","-548031,135","-1114834,044","-548057,343","-1114854,043",,,,silnice2.t¯Ìdy,446,509154.0,,OpaËn˝kesmÏru˙seku,Pomal˝,500496.0,,GN_V0.1UIR-ADR_410,2
140506190167,6,,2019-01-30,3,930,9,0,0,2,1,2,504,0,0,0,150,2,6,1,1,1,1,1,1,0,0,0,1,1,0,,5,10.0,11,3.0,0.0,0.0,0.0,1.0,5.0,50,3.0,1.0,1.0,"-550699,483","-1118394,209","-550699,483","-1118394,209","-550694,94","-1118390,066",K¯elov-B¯uchotÌn,SluneËnÌ,,mÌstnÌkomunikace,,1285581.0,,OpaËn˝kesmÏru˙seku,Pomal˝,554901.0,,GN_V0.1UIR-ADR_410,1
140506190168,6,,2019-01-30,3,1045,2,0,0,2,1,2,204,0,0,0,700,1,5,1,1,1,1,1,1,3,5,0,1,2,0,,3,39.0,10,3.0,0.0,1.0,0.0,1.0,5.0,400,3.0,1.0,1.0,"-547349,033","-1121166,392","-547349,033","-1121166,392","-547349,135","-1121173,36",Olomouc,Sokolsk·,,mÌstnÌkomunikace,,528940.0,,Souhlasn˝sesmÏrem˙seku,Pomal˝,500496.0,330990.0,GN_V0.1UIR-ADR_410,1
140506190169,3,31548.0,2019-01-29,2,1400,4,0,0,1,1,0,508,0,0,1,0,2,6,1,1,1,1,1,1,0,0,0,1,1,0,,3,13.0,03,1.0,0.0,1.0,0.0,1.0,5.0,0,3.0,1.0,1.0,"-556810,442","-1095576,958","-556810,442","-1095576,958","-556805,487","-1095570,317",Troubelice,,,silnice3.t¯Ìdy,31548,1095868.0,,Souhlasn˝sesmÏrem˙seku,Pomal˝,505293.0,,GN_V0.1UIR-ADR_410,1
140506190170,3,4436.0,2019-01-30,3,1807,6,0,0,2,4,0,100,0,0,0,350,2,1,1,1,6,1,1,1,0,0,0,1,1,0,,3,4.0,14,1.0,0.0,1.0,0.0,1.0,1.0,300,2.0,1.0,5.0,"-541520,44","-1116471,891","-541520,44","-1116471,891","-541518,199","-1116473,561",,,,silnice3.t¯Ìdy,4436,1613612.0,,Souhlasn˝sesmÏrem˙seku,Pomal˝,501646.0,,GN_V0.1UIR-ADR_410,2
140506190171,3,44429.0,2019-01-31,4,550,3,0,6,2,1,2,204,0,0,0,150,2,6,1,1,4,1,1,1,0,0,0,1,1,0,,3,35.0,06,1.0,1.0,1.0,0.0,1.0,1.0,100,2.0,1.0,1.0,"-542360,083","-1106549,651","-542360,083","-1106549,651","-542358,82","-1106551,347",äternberk,HvÏzdnÈ˙dolÌ,,silnice3.t¯Ìdy,44429,1411336.0,,Souhlasn˝sesmÏrem˙seku,Pomal˝,505188.0,333506.0,GN_V0.1UIR-ADR_410,1
140506190172,3,44317.0,2019-01-31,4,1315,1,4,0,2,1,2,508,0,0,0,200,2,3,1,1,1,1,1,1,0,0,0,1,2,0,,3,32.0,03,1.0,0.0,1.0,0.0,1.0,5.0,100,2.0,1.0,1.0,,,"-540148,574","-1122608,063","-540146,967","-1122610,598",Velk·Byst¯ice,»SA,,silnice3.t¯Ìdy,44317,535046.0,,OpaËn˝kesmÏru˙seku,Pomal˝,505609.0,335100.0,GN_V0.1UIR-ADR_410,1
140506190173,6,,2019-01-31,4,1445,1,4,0,2,1,2,504,0,0,0,200,2,3,1,1,1,1,1,1,0,0,0,1,2,0,,3,60.0,04,1.0,0.0,0.0,0.0,1.0,5.0,100,2.0,1.0,1.0,"-548084,038","-1122024,489","-548084,038","-1122024,489","-548084,795","-1122020,96",Olomouc,HnÏvotÌnsk·,,mÌstnÌkomunikace,,3221156.0,,,Pomal˝,500496.0,328219.0,GN_V0.1UIR-ADR_410,1
140506190174,2,437.0,2019-02-01,5,615,5,0,0,2,4,0,100,0,0,0,160,2,3,1,1,6,1,1,1,0,0,0,1,1,0,,3,39.0,11,1.0,0.0,1.0,0.0,1.0,1.0,100,2.0,1.0,5.0,"-535273,073","-1124096,037","-535273,073","-1124096,037","-535271,642","-1124093,205",,,,silnice2.t¯Ìdy,437,1339653.0,,Souhlasn˝sesmÏrem˙seku,Pomal˝,552445.0,,GN_V0.1UIR-ADR_410,2
140806190001,6,,2019-01-01,2,200,3,0,1,1,1,9,508,0,1,1,370,6,1,1,1,6,1,0,1,0,0,0,1,1,0,,3,13.0,01,1.0,0.0,2.0,0.0,1.0,5.0,300,7.0,5.0,1.0,"-550154,17","-1148380,522","-550154,17","-1148380,522","-550154,17","-1148380,522",,,,mÌstnÌkomunikace,,1805531.0,,,Pomal˝,552909.0,,GN_V0.1UIR-ADR_410,2
140806190002,3,554.0,2019-01-01,2,1830,3,0,1,1,1,0,511,0,0,1,300,2,3,1,1,6,1,1,1,3,3,0,2,1,0,,3,12.0,99,1.0,0.0,1.0,0.0,1.0,1.0,280,9.0,,,"-539222,444","-1133642,923","-539222,444","-1133642,923","-539221,567","-1133642,711",,,,silnice3.t¯Ìdy,0554,3348371.0,,Souhlasn˝sesmÏrem˙seku,Pomal˝,514152.0,,GN_V0.1UIR-ADR_410,2
140806190003,1,55.0,2019-01-02,3,100,3,0,1,2,0,0,100,0,0,0,100,2,3,1,1,4,1,1,1,0,0,0,2,1,0,,5,19.0,12,3.0,0.0,1.0,0.0,1.0,3.0,100,3.0,1.0,1.0,"-535290,598","-1137144,61","-535290,598","-1137144,61","-535290,739","-1137146,181",,,,silnice1.t¯Ìdy,55,1467772.0,,Souhlasn˝sesmÏrem˙seku,Pomal˝,511382.0,523178.0,GN_V0.1UIR-ADR_410,2
140806190004,3,43617.0,2019-01-03,4,730,5,0,0,2,4,0,100,0,0,0,70,2,6,1,5,2,1,1,1,0,0,0,1,1,0,,3,8.0,14,1.0,0.0,1.0,0.0,1.0,1.0,50,2.0,1.0,5.0,"-531195,82","-1126673,147","-531195,82","-1126673,147","-531195,513","-1126673,155",,,,silnice3.t¯Ìdy,43617,2149844.0,,OpaËn˝kesmÏru˙seku,Pomal˝,547450.0,,GN_V0.1UIR-ADR_410,2
140806190005,2,436.0,2019-01-03,4,1100,9,0,0,1,1,2,204,0,0,1,800,2,6,1,5,3,1,1,8,0,0,0,3,1,0,,3,39.0,09,1.0,0.0,1.0,0.0,1.0,3.0,800,2.0,1.0,1.0,"-543025,447","-1149076,708","-543025,447","-1149076,708","-543023,033","-1149066,739",,,,silnice2.t¯Ìdy,436,2153296.0,,OpaËn˝kesmÏru˙seku,Pomal˝,514055.0,,GN_V0.1UIR-ADR_410,2
140806190006,2,434.0,2019-01-03,4,1115,3,0,6,2,1,2,204,0,0,0,320,2,6,1,5,1,1,1,1,0,0,0,2,1,0,,3,39.0,06,15.0,1.0,1.0,0.0,1.0,1.0,300,2.0,1.0,1.0,"-547044,156","-1139600,796","-547044,156","-1139600,796","-547044,707","-1139607,132",TOVA»OVI-MÃSTO,ProstÏjovsk·,,silnice2.t¯Ìdy,434,2720495.0,,OpaËn˝kesmÏru˙seku,Pomal˝,519146.0,524671.0,GN_V0.1UIR-ADR_410,1
140806190007,6,,2019-01-04,5,1110,1,4,0,2,1,2,506,0,0,0,50,2,6,1,1,1,1,0,1,0,0,0,1,2,0,,3,47.0,98,1.0,0.0,1.0,0.0,1.0,5.0,0,9.0,,,"-534812,882","-1137239,34","-534812,882","-1137239,34","-534812,419","-1137240,09",PÿEROVI-MÃSTO,Lipnick·,,mÌstnÌkomunikace,,771297.0,,Souhlasn˝sesmÏrem˙seku,Pomal˝,511382.0,,GN_V0.1UIR-ADR_410,1
140806190008,2,439.0,2019-01-06,0,15,3,0,1,1,1,0,511,0,1,0,1520,2,3,1,1,6,1,1,1,0,0,0,1,1,0,,3,39.0,08,1.0,0.0,1.0,1.0,1.0,1.0,1500,2.0,1.0,1.0,-509841,"-1136692,49",-509841,"-1136692,49","-509840,894","-1136692,237",,,,silnice2.t¯Ìdy,439,1339252.0,,Souhlasn˝sesmÏrem˙seku,Pomal˝,517615.0,,GN_V0.1UIR-ADR_410,2
140806190009,2,436.0,2019-01-06,0,1120,5,0,0,2,4,0,100,0,0,0,1020,2,1,1,1,1,1,1,1,0,0,0,1,1,0,,3,26.0,16,1.0,0.0,1.0,0.0,1.0,3.0,1000,2.0,1.0,5.0,"-536321,781","-1131994,153","-536321,781","-1131994,153","-536318,518","-1131992,645",,,,silnice2.t¯Ìdy,436,2997147.0,,OpaËn˝kesmÏru˙seku,Pomal˝,511382.0,,GN_V0.1UIR-ADR_410,2