IDENTIFIKA»NÕ »ÕSLO,DRUH POZEMNÕ KOMUNIKACE,»ÕSLO POZEMNÕ KOMUNIKACE,"den, mÏsÌc, rok",,Ëas ,DRUH NEHODY,DRUH SR¡éKY JEDOUCÕCH VOZIDEL,DRUH PEVN… PÿEK¡éKY,CHARAKTER NEHODY,ZAVINÃNÕ NEHODY,ALKOHOL U VINÕKA NEHODY PÿÕTOMEN,HLAVNÕ PÿÕ»INY NEHODY,usmrceno osob,tÏûce zranÏno osob,lehce zranÏno osob,CELKOV¡ HMOTN¡ äKODA,DRUH POVRCHU VOZOVKY,STAV POVRCHU VOZOVKY V DOBÃ NEHODY,STAV KOMUNIKACE,POVÃTRNOSTNÕ PODMÕNKY V DOBÃ NEHODY,VIDITELNOST,ROZHLEDOV… POMÃRY,DÃLENÕ KOMUNIKACE,SITUOV¡NÕ NEHODY NA KOMUNIKACI,ÿÕZENÕ PROVOZU V DOBÃ NEHODY,MÕSTNÕ ⁄PRAVA PÿEDNOSTI V JÕZDÃ,SPECIFICK¡ MÕSTA A OBJEKTY V MÕSTÃ NEHODY,SMÃROV… POMÃRY,PO»ET Z⁄»ASTNÃN›CH VOZIDEL,MÕSTO DOPRAVNÕ NEHODY,DRUH KÿIéUJÕCÕ KOMUNIKACE,DRUH VOZIDLA,V›ROBNÕ ZNA»KA MOTOROV…HO VOZIDLA,ROK V›ROBY VOZIDLA,CHARAKTERISTIKA VOZIDLA ,SMYK,VOZIDLO PO NEHODÃ,"⁄NIK PROVOZNÕCH, PÿEPRAVOVAN›CH HMOT",ZPŸSOB VYPROäTÃNÕ OSOB Z VOZIDLA,SMÃR JÕZDY NEBO POSTAVENÕ VOZIDLA,äKODA NA VOZIDLE,KATEGORIE ÿIDI»E,STAV ÿIDI»E,VNÃJäÕ OVLIVNÃNÕ ÿIDI»E,nan.1,nan.2,nan.3,nan.4,nan.5,nan.6,nan.7,nan.8,nan.9,nan.10,nan.11,nan.12,nan.13,nan.14,nan.15,nan.16,nan.17,nan.18,LOKALITA NEHODY
140806190010,6,,2019-01-06,0,1940,3,0,2,2,1,2,511,0,0,0,2600,2,6,1,5,7,1,1,1,3,5,0,5,1,10,6.0,5,2.0,08,2.0,1.0,1.0,0.0,1.0,5.0,2500,3.0,1.0,1.0,"-511484,118","-1129449,93","-511484,118","-1129449,93","-511484,282","-1129449,817",HRANICEI-MÃSTO,Zborovsk·,,mÌstnÌkomunikace,,557551.0,,OpaËn˝kesmÏru˙seku,Pomal˝,513750.0,,GN_V0.1UIR-ADR_410,1
140806190011,1,55.0,2019-01-07,1,610,1,3,0,1,1,2,511,0,0,2,1000,2,1,1,1,6,1,1,1,3,3,0,5,3,19,1.0,3,29.0,04,1.0,1.0,1.0,0.0,1.0,31.0,400,2.0,1.0,1.0,"-534722,524","-1145218,909","-534722,524","-1145218,909","-534725,222","-1145218,839",,,,silnice1.t¯Ìdy,55,2380166.0,,Souhlasn˝sesmÏrem˙seku,Pomal˝,513491.0,,GN_V0.1UIR-ADR_410,2
140806190012,3,4377.0,2019-01-07,1,650,2,0,0,2,1,0,501,0,0,0,50,2,1,1,1,4,1,1,1,0,0,0,1,2,0,,17,,XX,,,,,,,0,,,,"-520568,728","-1130012,875","-520568,728","-1130012,875","-520574,913","-1130012,748",LIPNÕKNADBE»VOUVIII-JEZER,,,silnice3.t¯Ìdy,4377,3188457.0,,Souhlasn˝sesmÏrem˙seku,Pomal˝,556998.0,,GN_V0.1UIR-ADR_410,1
140806190013,6,,2019-01-05,6,2560,2,0,0,2,1,0,511,0,0,0,200,2,6,1,6,6,1,0,0,0,0,0,1,2,0,,17,,XX,,,,,,,0,,,,"-534107,962","-1140599,584","-534107,962","-1140599,584","-534109,005","-1140599,471",PÿEROVI-MÃSTO,9.kvÏtna,,mÌstnÌkomunikace,,2149286.0,,,Pomal˝,511382.0,522058.0,GN_V0.1UIR-ADR_410,1
140806190014,6,,2019-01-06,0,2560,2,0,0,2,1,0,511,0,0,0,200,2,5,1,1,4,1,1,3,0,0,0,1,2,0,,17,,XX,,,,,,,0,,,,"-533368,518","-1138271,16","-533368,518","-1138271,16","-533376,791","-1138267,714",PÿEROVI-MÃSTO,Kosm·kova,,mÌstnÌkomunikace,,580923.0,,Souhlasn˝sesmÏrem˙seku,Pomal˝,511382.0,522554.0,GN_V0.1UIR-ADR_410,1
140806190015,6,,2019-01-08,2,650,3,0,3,2,1,2,204,0,0,0,110,2,6,1,5,7,1,1,1,0,0,0,3,1,0,,3,13.0,16,1.0,0.0,0.0,0.0,1.0,5.0,100,2.0,1.0,1.0,"-535146,434","-1139140,3","-535146,434","-1139140,3","-535151,806","-1139137,509",PÿEROVI-MÃSTO,TovaËovsk·,,mÌstnÌkomunikace,,3337999.0,,OpaËn˝kesmÏru˙seku,Pomal˝,511382.0,523780.0,GN_V0.1UIR-ADR_410,1
140806190016,3,43421.0,2019-01-06,0,2560,3,0,6,2,1,0,204,0,0,0,300,2,6,1,6,6,1,1,1,3,3,0,5,1,19,6.0,3,39.0,05,1.0,0.0,1.0,0.0,1.0,31.0,200,2.0,1.0,1.0,"-522917,62","-1135946,494","-522921,918","-1135940,048","-522922,115","-1135940,69",KladnÌky,,,silnice3.t¯Ìdy,43421,3461173.0,,OpaËn˝kesmÏru˙seku,Pomal˝,569283.0,,GN_V0.1UIR-ADR_410,1
140806190017,1,35.0,2019-01-08,2,1220,0,0,0,2,7,0,615,0,0,0,200,2,8,1,5,1,1,1,1,0,0,0,1,2,0,,17,,XX,,,,,,,0,,,,"-510700,799","-1132214,434","-510700,799","-1132214,434","-510700,806","-1132214,659",,,,silnice1.t¯Ìdy,35,842255.0,,OpaËn˝kesmÏru˙seku,Pomal˝,513067.0,,GN_V0.1UIR-ADR_410,2
140806190018,2,436.0,2019-01-08,2,1440,3,0,3,2,1,2,511,0,0,0,180,2,8,1,5,1,1,1,1,0,0,0,1,1,0,,3,12.0,99,1.0,1.0,0.0,0.0,1.0,1.0,150,2.0,1.0,1.0,"-535474,782","-1134007,772","-535474,782","-1134007,772","-535475,408","-1134009,037",PÿEROVVII-»EKYNÃ,PodLipami,,silnice2.t¯Ìdy,436,771605.0,,Souhlasn˝sesmÏrem˙seku,Pomal˝,511382.0,523330.0,GN_V0.1UIR-ADR_410,1
140806190019,2,438.0,2019-01-09,3,815,3,0,1,1,1,2,204,0,0,1,500,2,6,1,1,1,1,1,8,0,0,0,3,1,0,,3,35.0,10,1.0,1.0,1.0,0.0,1.0,1.0,500,2.0,1.0,1.0,"-512200,496","-1133752,327","-512200,496","-1133752,327","-512200,868","-1133752,295",,,,silnice2.t¯Ìdy,438,2996585.0,,OpaËn˝kesmÏru˙seku,Pomal˝,516201.0,,GN_V0.1UIR-ADR_410,2
140806190020,3,43421.0,2019-01-09,3,910,9,0,0,1,1,2,204,0,0,1,400,2,6,1,1,1,1,1,8,0,0,0,1,1,0,,3,21.0,05,1.0,0.0,1.0,0.0,1.0,1.0,400,2.0,1.0,1.0,"-524166,572","-1133790,936","-524166,572","-1133790,936","-524180,062","-1133778,902",,,,silnice3.t¯Ìdy,43421,842726.0,,OpaËn˝kesmÏru˙seku,Pomal˝,569267.0,,GN_V0.1UIR-ADR_410,2
140806190021,0,1.0,2019-01-09,3,2122,9,0,0,1,1,0,508,1,0,0,7010,2,3,1,3,6,1,1,8,0,0,0,3,1,0,,3,19.0,17,0.0,0.0,1.0,0.0,3.0,3.0,7000,3.0,1.0,1.0,"-534437,467","-1145295,998","-534437,467","-1145295,998","-534449,743","-1145315,974",,,,d·lnice,D1,2380164.0,,Souhlasn˝sesmÏrem˙seku,Pomal˝,513491.0,,GN_V0.1UIR-ADR_410,2
140806190022,2,436.0,2019-01-10,4,2015,5,0,0,2,4,0,100,0,0,0,330,2,3,1,1,6,1,1,1,0,0,0,1,1,0,,3,60.0,13,1.0,0.0,1.0,0.0,1.0,1.0,300,2.0,1.0,5.0,"-535981,002","-1132860,646","-535981,002","-1132860,646","-535982,645","-1132860,596",PÿEROVVII-»EKYNÃ,JabloÚov·,,silnice2.t¯Ìdy,436,771590.0,,Souhlasn˝sesmÏrem˙seku,Pomal˝,511382.0,522317.0,GN_V0.1UIR-ADR_410,1
140806190023,2,434.0,2019-01-11,5,1730,5,0,0,2,4,0,100,0,0,0,180,2,1,1,1,6,1,1,1,0,0,0,1,1,0,,3,44.0,07,1.0,0.0,0.0,0.0,1.0,3.0,150,2.0,1.0,5.0,"-530419,663","-1136695,518","-530419,663","-1136695,518","-530421,539","-1136691,955",,,,silnice2.t¯Ìdy,434,3188666.0,,Souhlasn˝sesmÏrem˙seku,Pomal˝,517534.0,,GN_V0.1UIR-ADR_410,2
140806190024,1,55.0,2019-01-11,5,2350,1,3,0,2,1,2,402,0,0,0,600,2,3,1,1,4,1,1,1,3,3,0,4,2,19,1.0,3,25.0,08,1.0,0.0,1.0,0.0,1.0,12.0,300,2.0,1.0,1.0,"-534919,406","-1137516,944","-534936,058","-1137478,268","-534936,127","-1137478,311",PÿEROVI-MÃSTO,Velk·Dl·ûka,,silnice1.t¯Ìdy,55,578919.0,,Souhlasn˝sesmÏrem˙seku,Pomal˝,511382.0,524140.0,GN_V0.1UIR-ADR_410,1
140806190025,3,555.0,2019-01-11,5,2300,3,0,3,2,1,0,511,0,0,0,60,2,3,1,1,4,1,1,1,0,0,0,1,1,0,,3,31.0,00,1.0,0.0,1.0,0.0,1.0,3.0,50,2.0,1.0,1.0,"-534030,199","-1141082,857","-534034,496","-1141071,04","-534034,835","-1141071,053",MoötÏnice,9.kvÏtna,,silnice3.t¯Ìdy,0555,3572346.0,,OpaËn˝kesmÏru˙seku,Pomal˝,513491.0,519006.0,GN_V0.1UIR-ADR_410,1
140806190026,6,,2019-01-11,5,2560,2,0,0,2,1,0,511,0,0,0,200,2,3,1,1,1,1,0,0,3,3,0,1,2,0,,17,,XX,,,,,,,0,,,,"-533866,67","-1138473,914","-533866,67","-1138473,914","-533867,377","-1138473,906",PÿEROVI-MÃSTO,Bayerova,,mÌstnÌkomunikace,,3216260.0,,Souhlasn˝sesmÏrem˙seku,Pomal˝,511382.0,,GN_V0.1UIR-ADR_410,1
140806190027,6,,2019-01-12,6,2150,2,0,0,2,1,0,504,0,0,0,100,2,3,1,1,4,1,1,1,0,0,0,1,2,0,,3,39.0,11,1.0,0.0,1.0,0.0,1.0,5.0,0,9.0,,,"-524410,264","-1142177,835","-524410,264","-1142177,835","-524404,541","-1142176,68",D¯evohostice,,,mÌstnÌkomunikace,,2719346.0,,OpaËn˝kesmÏru˙seku,Pomal˝,513229.0,,GN_V0.1UIR-ADR_410,1
140806190028,6,,2019-01-13,0,200,3,0,6,2,1,8,511,0,0,0,1100,5,6,1,1,4,1,1,3,0,0,0,3,1,0,,3,39.0,05,1.0,1.0,3.0,0.0,1.0,5.0,900,7.0,5.0,1.0,"-512201,13","-1128527,185","-512201,13","-1128527,185","-512201,669","-1128528,075",HRANICEI-MÃSTO,Nov·,,mÌstnÌkomunikace,,2719625.0,,OpaËn˝kesmÏru˙seku,Pomal˝,513750.0,519383.0,GN_V0.1UIR-ADR_410,1
140806190029,0,1.0,2019-01-13,0,815,3,0,4,2,1,0,511,0,0,0,250,2,3,1,1,1,1,1,3,3,3,0,3,1,0,,3,39.0,99,1.0,0.0,1.0,0.0,1.0,1.0,150,9.0,,,"-534499,403","-1145288,664","-534499,403","-1145288,664","-534500,154","-1145292,147",,,,d·lnice,D1,2380164.0,,Souhlasn˝sesmÏrem˙seku,Pomal˝,513491.0,,GN_V0.1UIR-ADR_410,2
140806190030,2,150.0,2019-01-13,0,1215,3,0,3,2,1,9,511,0,0,0,1050,2,3,1,1,1,1,1,1,3,3,0,5,1,19,2.0,3,5.0,07,1.0,0.0,1.0,0.0,1.0,12.0,1000,7.0,5.0,0.0,"-536553,881","-1136631,544","-536553,881","-1136631,544","-536554,981","-1136634,644",,,,silnice2.t¯Ìdy,150,3591227.0,,Souhlasn˝sesmÏrem˙seku,Pomal˝,511382.0,,GN_V0.1UIR-ADR_410,2
140806190031,6,,2019-01-13,0,2560,2,0,0,2,1,0,511,0,0,0,200,1,3,1,1,1,1,1,1,0,0,10,1,2,0,,17,,XX,,,,,,,0,,,,"-534104,437","-1139631,333","-534107,123","-1139646,911","-534107,223","-1139646,908",PÿEROVI-MÃSTO,JiûnÌËtvrùII,,mÌstnÌkomunikace,,1611806.0,,Souhlasn˝sesmÏrem˙seku,Pomal˝,511382.0,522180.0,GN_V0.1UIR-ADR_410,1
140806190032,6,,2019-01-13,0,2560,2,0,0,2,1,0,511,0,0,0,200,2,3,1,1,1,1,0,0,0,0,10,1,2,0,,17,,XX,,,,,,,0,,,,"-511772,193","-1128809,651","-511772,193","-1128809,651","-511763,961","-1128810,756",HRANICEI-MÃSTO,Nov·,,mÌstnÌkomunikace,,2719658.0,,Souhlasn˝sesmÏrem˙seku,Pomal˝,513750.0,,GN_V0.1UIR-ADR_410,1
140806190033,6,,2019-01-14,1,1360,2,0,0,2,1,0,511,0,0,0,100,2,1,1,1,1,1,1,1,0,0,0,1,2,0,,17,,XX,,,,,,,0,,,,"-532700,1","-1139021,429","-532700,1","-1139021,429","-532693,709","-1139018,922",PÿEROVI-MÃSTO,éelatovsk·,,mÌstnÌkomunikace,,3599276.0,,OpaËn˝kesmÏru˙seku,Pomal˝,511382.0,,GN_V0.1UIR-ADR_410,1
140806190034,1,47.0,2019-01-14,1,1930,3,0,2,2,1,2,204,0,0,0,200,2,6,1,5,7,1,1,8,3,3,0,7,1,19,6.0,6,10.0,14,3.0,0.0,1.0,0.0,1.0,13.0,0,3.0,1.0,1.0,"-525153,989","-1130816,468","-525153,989","-1130816,468","-525147,22","-1130822,076",,,,silnice1.t¯Ìdy,47,3311660.0,,Souhlasn˝sesmÏrem˙seku,Pomal˝,514705.0,,GN_V0.1UIR-ADR_410,2
140806190035,2,436.0,2019-01-15,2,25,3,0,3,2,1,2,204,0,0,0,460,2,5,1,1,4,1,1,1,2,0,2,1,1,0,,7,10.0,05,3.0,0.0,1.0,0.0,1.0,1.0,300,3.0,1.0,1.0,"-534994,205","-1138441,317","-534994,205","-1138441,317","-534995,095","-1138442,679",PÿEROVI-MÃSTO,TrûnÌ,,silnice2.t¯Ìdy,436,1389497.0,,Souhlasn˝sesmÏrem˙seku,Pomal˝,511382.0,523861.0,GN_V0.1UIR-ADR_410,1
140806190036,1,47.0,2019-01-15,2,620,5,0,0,2,4,0,100,0,0,0,230,2,5,1,6,7,1,4,1,0,0,0,1,1,0,,3,60.0,17,1.0,0.0,1.0,0.0,1.0,3.0,200,2.0,1.0,5.0,"-509291,556","-1126994,316","-509291,556","-1126994,316","-509288,902","-1126998,739",,,,silnice1.t¯Ìdy,47,1261281.0,,Souhlasn˝sesmÏrem˙seku,Pomal˝,512231.0,,GN_V0.1UIR-ADR_410,2
140806190037,1,35.0,2019-01-15,2,705,5,0,0,2,4,0,100,0,0,0,610,2,3,1,1,2,1,1,1,3,3,0,1,1,0,,3,39.0,10,1.0,0.0,1.0,0.0,1.0,1.0,600,2.0,1.0,5.0,"-508972,274","-1131892,499","-508972,274","-1131892,499","-508977,451","-1131887,48",,,,silnice1.t¯Ìdy,35,2996601.0,,Souhlasn˝sesmÏrem˙seku,Pomal˝,513067.0,,GN_V0.1UIR-ADR_410,2
140806190038,1,47.0,2019-01-15,2,400,3,0,2,2,1,0,511,0,0,0,250,2,5,1,6,7,1,1,1,0,0,1,1,1,0,,17,,XX,,,,,,,0,,,,"-528325,625","-1132613,476","-528325,625","-1132613,476","-528323,142","-1132626,679",OSEKNADBE»VOU,,,silnice1.t¯Ìdy,47,842369.0,,OpaËn˝kesmÏru˙seku,Pomal˝,516619.0,,GN_V0.1UIR-ADR_410,1
140806190039,3,4375.0,2019-01-16,3,528,3,0,1,1,1,2,511,0,0,1,420,2,6,1,1,6,1,1,1,0,0,0,1,1,0,,3,39.0,05,1.0,1.0,1.0,0.0,1.0,1.0,400,2.0,1.0,1.0,"-522404,612","-1127929,923","-522404,612","-1127929,923","-522404,493","-1127930,05",,,,silnice3.t¯Ìdy,4375,1614044.0,,OpaËn˝kesmÏru˙seku,Pomal˝,514705.0,,GN_V0.1UIR-ADR_410,2
140806190040,1,55.0,2019-01-16,3,720,1,3,0,2,1,0,402,0,0,0,200,2,3,1,1,2,1,0,1,3,3,2,7,2,19,2.0,17,,XX,,,,,,,0,,,,"-533906,514","-1138521,342","-533911,033","-1138523,692","-533911,04","-1138523,767",P¯erov,t¯.17.listopadu,,silnice1.t¯Ìdy,55,1611712.0,,Souhlasn˝sesmÏrem˙seku,Pomal˝,511382.0,522741.0,GN_V0.1UIR-ADR_410,1
140806190041,8,,2019-01-17,4,2560,2,0,0,2,1,0,508,0,0,0,200,1,3,1,1,1,1,1,1,0,0,0,1,2,0,,17,,XX,,,,,,,0,,,,"-513168,294","-1129538,474","-513168,294","-1129538,474","-513169,107","-1129543,514",HRANICEI-MÃSTO,Purgeöova,,silnice2.t¯Ìdy,440,3232862.0,,OpaËn˝kesmÏru˙seku,Pomal˝,513750.0,519634.0,GN_V0.1UIR-ADR_410,1
140806190042,6,,2019-01-17,4,1625,6,0,0,1,4,0,100,0,1,0,20,2,3,1,1,2,1,1,1,0,0,0,1,1,0,,13,0.0,,1.0,0.0,1.0,0.0,1.0,5.0,20,8.0,1.0,5.0,"-502042,367","-1130142,866","-502042,367","-1130142,866","-502045,346","-1130147,97",Vysok·,,,mÌstnÌkomunikace,,1519882.0,,OpaËn˝kesmÏru˙seku,Pomal˝,513768.0,,GN_V0.1UIR-ADR_410,1
140806190043,3,4347.0,2019-01-18,5,805,5,0,0,2,4,0,100,0,0,0,130,2,1,1,1,1,1,1,1,0,0,0,2,1,0,,3,32.0,16,9.0,0.0,1.0,0.0,1.0,3.0,100,2.0,1.0,5.0,"-542300,691","-1137609,606","-542300,691","-1137609,606","-542302,197","-1137610,122",,,,silnice3.t¯Ìdy,4347,2152883.0,,OpaËn˝kesmÏru˙seku,Pomal˝,512982.0,,GN_V0.1UIR-ADR_410,2
140806190044,1,35.0,2019-01-18,5,1930,5,0,0,2,4,0,100,0,0,0,730,2,1,1,1,6,1,1,1,0,0,0,1,1,0,,3,39.0,14,3.0,0.0,1.0,0.0,1.0,1.0,700,2.0,1.0,5.0,,,"-501650,938","-1133959,203","-501639,684","-1133941,65",,,,silnice1.t¯Ìdy,35,2996598.0,,Souhlasn˝sesmÏrem˙seku,Pomal˝,513768.0,,GN_V0.1UIR-ADR_410,2
140806190045,2,440.0,2019-01-19,6,1830,5,0,0,2,4,0,100,0,0,0,100,2,1,1,1,6,1,1,0,0,0,0,1,1,0,,3,39.0,08,1.0,0.0,1.0,0.0,1.0,3.0,100,2.0,1.0,5.0,"-515421,814","-1123611,743","-515421,814","-1123611,743","-515420,002","-1123609,691",,,,silnice2.t¯Ìdy,440,1744937.0,,Souhlasn˝sesmÏrem˙seku,Pomal˝,552844.0,,GN_V0.1UIR-ADR_410,2
140806190046,3,43419.0,2019-01-19,6,1715,5,0,0,2,4,0,100,0,0,0,800,2,1,1,1,6,1,1,1,0,0,0,1,1,0,,5,47.0,17,3.0,0.0,1.0,0.0,1.0,3.0,800,2.0,1.0,5.0,"-527239,625","-1133391,041","-527239,625","-1133391,041","-527237,155","-1133390,339",,,,silnice3.t¯Ìdy,43419,842548.0,,Souhlasn˝sesmÏrem˙seku,Pomal˝,516619.0,,GN_V0.1UIR-ADR_410,2
140806190047,3,43724.0,2019-01-19,6,1945,5,0,0,2,4,0,100,0,0,0,100,2,1,1,1,6,1,1,1,0,0,0,1,1,0,,3,35.0,04,1.0,0.0,1.0,0.0,1.0,1.0,100,2.0,1.0,5.0,"-523306,498","-1142000,506","-523306,498","-1142000,506","-523310,224","-1141994,759",,,,silnice3.t¯Ìdy,43724,2996577.0,,Souhlasn˝sesmÏrem˙seku,Pomal˝,513229.0,,GN_V0.1UIR-ADR_410,2
140806190048,2,434.0,2019-01-23,3,327,5,0,0,2,4,0,100,0,0,0,20,2,1,1,1,6,1,1,1,0,0,0,3,1,0,,17,,XX,,,,,,,0,,,,"-526437,789","-1134838,575","-526437,789","-1134838,575","-526436,62","-1134839,878",,,,silnice2.t¯Ìdy,434,1340238.0,,Souhlasn˝sesmÏrem˙seku,Pomal˝,518026.0,,GN_V0.1UIR-ADR_410,2
140806190049,3,4721.0,2019-01-23,3,533,4,0,0,1,1,2,412,0,0,1,70,2,1,1,1,4,1,2,1,3,4,1,1,1,0,,3,39.0,98,1.0,0.0,1.0,0.0,1.0,1.0,50,2.0,1.0,1.0,"-534650,345","-1139042,033","-534676,667","-1139065,669","-534675,673","-1139064,813",PÿEROVI-MÃSTO,Husova,,silnice3.t¯Ìdy,04721,771523.0,,Souhlasn˝sesmÏrem˙seku,Pomal˝,511382.0,522287.0,GN_V0.1UIR-ADR_410,1
140806190050,6,,2019-01-11,5,2560,2,0,0,2,1,0,511,0,0,0,100,2,1,1,1,1,1,1,0,0,0,0,1,2,0,,17,,XX,,,,,,,0,,,,"-534056,439","-1137498,568","-534056,439","-1137498,568","-534071,573","-1137500,963",PÿEROVI-MÃSTO,,,mÌstnÌkomunikace,,2516406.0,,,Pomal˝,511382.0,,GN_V0.1UIR-ADR_410,1
140806190051,2,367.0,2019-01-23,3,1002,2,0,0,2,1,0,506,0,0,0,200,1,1,1,1,1,1,1,1,0,0,10,1,2,0,,3,39.0,98,1.0,0.0,1.0,0.0,1.0,1.0,0,9.0,,,"-546029,134","-1148448,684","-546029,134","-1148448,684","-546026,116","-1148448,526",KOJETÕNI-MÃSTO,Masarykovon·mÏstÌ,,silnice2.t¯Ìdy,367,603495.0,,Souhlasn˝sesmÏrem˙seku,Pomal˝,514055.0,520756.0,GN_V0.1UIR-ADR_410,1
140806190052,6,,2019-01-24,4,1220,3,0,1,2,1,2,508,0,0,0,600,1,1,1,1,1,1,1,1,0,0,0,1,1,0,,3,39.0,08,1.0,0.0,1.0,0.0,1.0,5.0,580,2.0,1.0,1.0,"-546043,804","-1148987,887","-546043,804","-1148987,887","-546046,728","-1148987,264",KOJETÕNI-MÃSTO,Tyröova,,mÌstnÌkomunikace,,604775.0,,Souhlasn˝sesmÏrem˙seku,Pomal˝,514055.0,520977.0,GN_V0.1UIR-ADR_410,1
140806190053,1,35.0,2019-01-24,4,1830,6,0,0,2,4,0,100,0,0,0,520,2,1,1,1,6,1,1,1,0,0,0,1,1,0,,3,39.0,16,3.0,0.0,1.0,0.0,1.0,3.0,500,2.0,1.0,5.0,"-505900,222","-1131830,888","-505900,222","-1131830,888","-505901,207","-1131835,056",,,,silnice1.t¯Ìdy,35,2150188.0,,OpaËn˝kesmÏru˙seku,Pomal˝,515477.0,,GN_V0.1UIR-ADR_410,2
140806190054,6,,2019-01-24,4,2560,3,0,3,2,1,0,506,0,0,0,50,2,3,1,1,1,1,0,1,0,0,0,1,1,0,,17,,XX,,,,,,,0,,,,"-534120,72","-1138837,138","-534120,72","-1138837,138","-534119,494","-1138836,732",PÿEROVI-MÃSTO,Suöilova,,mÌstnÌkomunikace,,718836.0,,Souhlasn˝sesmÏrem˙seku,Pomal˝,511382.0,523623.0,GN_V0.1UIR-ADR_410,1
140806190055,1,55.0,2019-01-25,5,1235,1,3,0,2,1,0,502,0,0,0,200,2,1,1,1,1,1,1,1,0,0,0,1,2,0,,17,,XX,,,,,,,0,,,,"-538099,685","-1134388,356","-538099,685","-1134388,356","-538095,658","-1134383,686",,,,silnice1.t¯Ìdy,55,1339151.0,,OpaËn˝kesmÏru˙seku,Pomal˝,514152.0,,GN_V0.1UIR-ADR_410,2
140806190056,3,43413.0,2019-01-25,5,1720,1,2,0,2,1,0,506,0,0,0,50,2,3,1,6,6,1,1,1,0,0,0,1,2,0,,17,,XX,,,,,,,0,,,,"-530846,404","-1136375,03","-530857,685","-1136391,683","-530858,13","-1136391,557",,,,silnice3.t¯Ìdy,43413,1340259.0,,OpaËn˝kesmÏru˙seku,Pomal˝,517534.0,,GN_V0.1UIR-ADR_410,2
140806190057,6,,2019-01-26,6,1200,2,0,0,2,1,2,511,0,0,0,1200,2,6,2,5,3,1,1,3,0,0,0,1,2,0,,9,0.0,,1.0,0.0,1.0,0.0,1.0,5.0,0,8.0,1.0,1.0,"-531475,194","-1137384,913","-531475,194","-1137384,913","-531477,81","-1137384,422",PÿEROVIV-KOZLOVICE,Z·humenÌ,,mÌstnÌkomunikace,,578767.0,,,Pomal˝,511382.0,524280.0,GN_V0.1UIR-ADR_410,1
140806190058,2,436.0,2019-01-27,0,135,3,0,9,2,1,9,511,0,0,0,460,2,3,1,4,7,1,1,1,0,0,0,1,1,0,,4,39.0,06,1.0,0.0,1.0,0.0,1.0,1.0,300,2.0,5.0,0.0,"-542849,711","-1149072,743","-542849,711","-1149072,743","-542849,533","-1149073,61",,,,silnice2.t¯Ìdy,436,1466622.0,,Souhlasn˝sesmÏrem˙seku,Pomal˝,514055.0,,GN_V0.1UIR-ADR_410,2
140806190059,2,367.0,2019-01-27,0,445,2,0,0,2,1,2,511,0,0,0,700,1,6,1,6,5,1,1,1,0,0,0,1,2,0,,3,23.0,13,3.0,0.0,1.0,0.0,1.0,3.0,300,2.0,1.0,1.0,"-545994,049","-1148573,067","-545994,049","-1148573,067","-545983,228","-1148564,462",KOJETÕNI-MÃSTO,KomenskÈhon·mÏstÌ,,silnice2.t¯Ìdy,367,603776.0,,Souhlasn˝sesmÏrem˙seku,Pomal˝,514055.0,520501.0,GN_V0.1UIR-ADR_410,1
140806190060,6,,2019-01-27,0,200,9,0,0,2,1,0,511,0,0,0,1050,5,3,1,1,6,1,1,1,0,0,0,3,1,0,,3,39.0,18,3.0,0.0,1.0,0.0,1.0,5.0,1000,7.0,0.0,0.0,"-550366,5","-1149095,311","-550366,5","-1149095,311","-550367,542","-1149090,161",MÏrovicenadHanou,,,mÌstnÌkomunikace,,2445276.0,,OpaËn˝kesmÏru˙seku,Pomal˝,552909.0,,GN_V0.1UIR-ADR_410,1
140806190061,6,,2019-01-28,1,615,3,0,3,2,1,2,511,0,0,0,70,2,8,1,5,5,1,1,3,3,3,1,5,1,10,6.0,3,7.0,09,1.0,1.0,1.0,0.0,1.0,5.0,50,2.0,1.0,1.0,"-532649,687","-1138966,299","-532649,687","-1138966,299","-532642,657","-1138968,124",PÿEROVI-MÃSTO,KabelÌkova,,mÌstnÌkomunikace,,582809.0,,OpaËn˝kesmÏru˙seku,Pomal˝,511382.0,522422.0,GN_V0.1UIR-ADR_410,1
140806190062,6,,2019-01-28,1,1055,3,0,2,2,1,2,204,0,0,0,2520,2,5,1,6,1,1,1,1,0,0,0,3,1,0,,3,44.0,18,3.0,1.0,1.0,0.0,1.0,5.0,2500,2.0,1.0,1.0,"-534247,314","-1139523,087","-534247,314","-1139523,087","-534232,154","-1139523,491",PÿEROVI-MÃSTO,Gen.ätef·nika,,mÌstnÌkomunikace,,771555.0,,OpaËn˝kesmÏru˙seku,Pomal˝,511382.0,522121.0,GN_V0.1UIR-ADR_410,1
140806190063,6,,2019-01-28,1,1255,3,0,9,2,1,2,204,0,0,0,1200,2,8,1,5,3,1,1,1,0,0,0,3,1,0,,3,8.0,18,1.0,1.0,1.0,0.0,1.0,5.0,1100,3.0,1.0,1.0,"-534543,72","-1135762,636","-534543,72","-1135762,636","-534544,575","-1135760,149",PÿEROVII-PÿEDMOSTÕ,KoËÌ¯e,,mÌstnÌkomunikace,,1287197.0,,Souhlasn˝sesmÏrem˙seku,Pomal˝,511382.0,,GN_V0.1UIR-ADR_410,1