IDENTIFIKA»NÕ »ÕSLO,DRUH POZEMNÕ KOMUNIKACE,»ÕSLO POZEMNÕ KOMUNIKACE,"den, mÏsÌc, rok",,Ëas ,DRUH NEHODY,DRUH SR¡éKY JEDOUCÕCH VOZIDEL,DRUH PEVN… PÿEK¡éKY,CHARAKTER NEHODY,ZAVINÃNÕ NEHODY,ALKOHOL U VINÕKA NEHODY PÿÕTOMEN,HLAVNÕ PÿÕ»INY NEHODY,usmrceno osob,tÏûce zranÏno osob,lehce zranÏno osob,CELKOV¡ HMOTN¡ äKODA,DRUH POVRCHU VOZOVKY,STAV POVRCHU VOZOVKY V DOBÃ NEHODY,STAV KOMUNIKACE,POVÃTRNOSTNÕ PODMÕNKY V DOBÃ NEHODY,VIDITELNOST,ROZHLEDOV… POMÃRY,DÃLENÕ KOMUNIKACE,SITUOV¡NÕ NEHODY NA KOMUNIKACI,ÿÕZENÕ PROVOZU V DOBÃ NEHODY,MÕSTNÕ ⁄PRAVA PÿEDNOSTI V JÕZDÃ,SPECIFICK¡ MÕSTA A OBJEKTY V MÕSTÃ NEHODY,SMÃROV… POMÃRY,PO»ET Z⁄»ASTNÃN›CH VOZIDEL,MÕSTO DOPRAVNÕ NEHODY,DRUH KÿIéUJÕCÕ KOMUNIKACE,DRUH VOZIDLA,V›ROBNÕ ZNA»KA MOTOROV…HO VOZIDLA,ROK V›ROBY VOZIDLA,CHARAKTERISTIKA VOZIDLA ,SMYK,VOZIDLO PO NEHODÃ,"⁄NIK PROVOZNÕCH, PÿEPRAVOVAN›CH HMOT",ZPŸSOB VYPROäTÃNÕ OSOB Z VOZIDLA,SMÃR JÕZDY NEBO POSTAVENÕ VOZIDLA,äKODA NA VOZIDLE,KATEGORIE ÿIDI»E,STAV ÿIDI»E,VNÃJäÕ OVLIVNÃNÕ ÿIDI»E,nan.1,nan.2,nan.3,nan.4,nan.5,nan.6,nan.7,nan.8,nan.9,nan.10,nan.11,nan.12,nan.13,nan.14,nan.15,nan.16,nan.17,nan.18,LOKALITA NEHODY
140806190064,6,,2019-01-28,1,1425,2,0,0,2,1,2,511,0,0,0,550,2,5,1,1,1,1,1,1,0,0,0,3,3,0,,3,7.0,98,1.0,0.0,1.0,0.0,1.0,5.0,50,2.0,1.0,1.0,"-534035,65","-1138295,547","-534035,65","-1138295,547","-534035,922","-1138296,618",PÿEROVI-MÃSTO,Kozlovsk·,,mÌstnÌkomunikace,,771394.0,,OpaËn˝kesmÏru˙seku,Pomal˝,511382.0,522597.0,GN_V0.1UIR-ADR_410,1
140806190065,2,434.0,2019-01-28,1,1950,3,0,1,1,1,2,511,0,0,1,1110,2,5,1,2,4,1,1,3,0,0,0,1,3,0,,3,29.0,07,1.0,0.0,1.0,0.0,3.0,1.0,800,4.0,1.0,1.0,"-532750,958","-1138306,596","-532750,958","-1138306,596","-532749,055","-1138311,281",PÿEROVI-MÃSTO,Dvo¯·kova,,silnice2.t¯Ìdy,434,1611735.0,,Souhlasn˝sesmÏrem˙seku,Pomal˝,511382.0,522139.0,GN_V0.1UIR-ADR_410,1
140806190066,6,,2019-01-27,0,2560,2,0,0,2,1,0,511,0,0,0,300,2,8,1,1,1,1,1,1,0,0,10,1,2,0,,17,,XX,,,,,,,0,,,,"-535037,157","-1136920,822","-535037,157","-1136920,822","-535037,446","-1136919,792",PÿEROVII-PÿEDMOSTÕ,PodSkalkou,,mÌstnÌkomunikace,,1743503.0,,Souhlasn˝sesmÏrem˙seku,Pomal˝,511382.0,523348.0,GN_V0.1UIR-ADR_410,1
140806190067,2,150.0,2019-01-31,4,130,5,0,0,2,4,0,100,0,0,0,720,2,1,1,1,6,1,1,1,0,0,0,1,1,0,,3,39.0,17,3.0,0.0,1.0,0.0,1.0,1.0,700,2.0,1.0,5.0,"-530584,918","-1140714,095","-530584,918","-1140714,095","-530627,316","-1140731,66",,,,silnice2.t¯Ìdy,150,3288896.0,,OpaËn˝kesmÏru˙seku,Pomal˝,523640.0,,GN_V0.1UIR-ADR_410,2
140806190068,2,439.0,2019-01-31,4,1520,5,0,0,2,4,0,100,0,0,0,330,2,1,1,1,1,1,1,1,0,0,0,1,1,0,,3,25.0,13,1.0,0.0,1.0,0.0,1.0,1.0,300,2.0,1.0,5.0,"-509965,808","-1135752,501","-509965,808","-1135752,501","-509964,121","-1135752,511",,,,silnice2.t¯Ìdy,439,2996623.0,,Souhlasn˝sesmÏrem˙seku,Pomal˝,552968.0,,GN_V0.1UIR-ADR_410,2
140806190069,6,,2019-01-31,4,2052,3,0,2,2,1,2,504,0,0,0,420,2,5,1,6,4,1,1,1,0,0,0,1,1,0,,8,99.0,01,3.0,0.0,1.0,0.0,1.0,5.0,400,4.0,1.0,1.0,"-532403,152","-1146935,526","-532400,466","-1146947,881","-532400,952","-1146947,023",Star·Ves,,,mÌstnÌkomunikace,,2719415.0,,Souhlasn˝sesmÏrem˙seku,Pomal˝,517887.0,,GN_V0.1UIR-ADR_410,1
140906190001,3,37010.0,2019-01-01,2,145,3,0,9,1,1,8,205,0,0,1,1600,2,3,1,3,5,1,1,1,0,0,0,3,1,0,,3,4.0,01,1.0,1.0,0.0,0.0,1.0,1.0,500,2.0,5.0,1.0,"-551995,138","-1086182,727","-551995,138","-1086182,727","-552001,786","-1086181,619",Oskava,,,silnice3.t¯Ìdy,37010,1093991.0,,OpaËn˝kesmÏru˙seku,Pomal˝,540544.0,,GN_V0.1UIR-ADR_410,1
140906190002,1,44.0,2019-01-01,2,200,5,0,0,2,4,0,100,0,0,0,100,2,3,1,3,6,1,1,1,0,0,0,1,1,0,,3,47.0,18,8.0,0.0,1.0,0.0,1.0,1.0,100,4.0,1.0,5.0,"-567351,014","-1082950,875","-567351,014","-1082950,875","-567356,419","-1082949,915",,,,silnice1.t¯Ìdy,44,3296163.0,,OpaËn˝kesmÏru˙seku,Pomal˝,540773.0,,GN_V0.1UIR-ADR_410,2
140906190003,1,11.0,2019-01-02,3,1000,3,0,1,2,1,2,204,0,0,0,2500,2,8,1,1,1,1,1,1,0,0,0,3,1,0,,3,4.0,16,1.0,1.0,1.0,0.0,1.0,3.0,2500,2.0,1.0,1.0,"-574924,642","-1074371,764","-574924,642","-1074371,764","-574922,269","-1074375,974",,,,silnice1.t¯Ìdy,11,2988260.0,,OpaËn˝kesmÏru˙seku,Pomal˝,540650.0,,GN_V0.1UIR-ADR_410,2
140906190004,6,,2019-01-02,3,1155,2,0,0,2,1,2,504,0,0,0,200,2,8,1,5,1,1,1,0,0,0,10,1,2,0,,5,43.0,08,8.0,0.0,1.0,0.0,1.0,5.0,0,3.0,1.0,1.0,"-565869,589","-1056120,135","-565869,589","-1056120,135","-565882,246","-1056121,892",HynËicepodSuöinou,,,mÌstnÌkomunikace,,1521503.0,,OpaËn˝kesmÏru˙seku,Pomal˝,541079.0,,GN_V0.1UIR-ADR_410,1
140906190005,2,446.0,2019-01-02,3,1447,1,3,0,1,1,2,403,0,0,1,30,2,6,1,5,1,1,1,1,3,3,0,5,2,19,6.0,3,32.0,05,1.0,0.0,1.0,0.0,1.0,12.0,20,2.0,1.0,1.0,"-561913,567","-1078742,436","-561932,846","-1078728,512","-561932,989","-1078728,555",äumperk,Lidick·,,silnice2.t¯Ìdy,446,1387162.0,,Souhlasn˝sesmÏrem˙seku,Pomal˝,523704.0,568856.0,GN_V0.1UIR-ADR_410,1
140906190006,1,44.0,2019-01-03,4,855,1,4,0,2,1,2,503,0,0,0,700,2,8,1,5,3,1,1,1,3,3,0,1,2,0,,5,99.0,16,2.0,0.0,0.0,0.0,1.0,1.0,200,2.0,1.0,1.0,"-569017,347","-1096554,567","-569017,347","-1096554,567","-569020,202","-1096555,398",MOHELNICE-LIBIV¡,,,silnice1.t¯Ìdy,44,443635.0,,Souhlasn˝sesmÏrem˙seku,Pomal˝,540471.0,,GN_V0.1UIR-ADR_410,1
140906190007,2,315.0,2019-01-03,4,1030,1,1,0,2,1,2,204,0,0,0,1000,2,8,1,5,1,1,1,1,3,3,0,1,2,0,,3,8.0,12,1.0,0.0,0.0,0.0,1.0,1.0,500,2.0,1.0,1.0,,,"-570877,886","-1086652,292","-570877,2","-1086652,355",Z·b¯eh,Dvorsk·,,silnice2.t¯Ìdy,315,3446258.0,,Souhlasn˝sesmÏrem˙seku,Pomal˝,541354.0,570290.0,GN_V0.1UIR-ADR_410,1
140906190008,2,446.0,2019-01-03,4,1015,3,0,9,2,1,2,204,0,0,0,500,2,8,1,5,1,1,1,1,3,3,0,2,1,0,,3,4.0,12,1.0,1.0,1.0,0.0,1.0,1.0,400,2.0,1.0,1.0,"-563999,432","-1067859,053","-564006,415","-1067835,956","-564005,797","-1067835,773",,,,silnice2.t¯Ìdy,446,3241427.0,,Souhlasn˝sesmÏrem˙seku,Pomal˝,553247.0,,GN_V0.1UIR-ADR_410,2
140906190009,3,31547.0,2019-01-03,4,1145,3,0,9,2,1,2,204,0,0,0,1450,2,5,1,5,1,1,1,1,3,3,0,3,1,0,,5,47.0,17,3.0,1.0,0.0,0.0,1.0,1.0,1200,3.0,1.0,1.0,,,"-561037,469","-1090289,332","-561037,875","-1090289,762",Rohle,,,silnice3.t¯Ìdy,31547,1094814.0,,OpaËn˝kesmÏru˙seku,Pomal˝,540871.0,,GN_V0.1UIR-ADR_410,1
140906190010,3,36916.0,2019-01-03,4,1755,1,3,0,1,1,9,403,0,0,1,2800,2,8,1,1,4,1,1,1,3,3,2,4,2,19,6.0,3,99.0,13,3.0,0.0,1.0,0.0,1.0,24.0,2000,2.0,5.0,1.0,"-563800,101","-1077378,222","-563822,593","-1077335,38","-563822,104","-1077335,172",äumperk,Temenick·,,silnice3.t¯Ìdy,36916,387071.0,,OpaËn˝kesmÏru˙seku,Pomal˝,523704.0,569356.0,GN_V0.1UIR-ADR_410,1
140906190011,2,444.0,2019-01-03,4,2310,3,0,1,2,1,2,204,0,0,0,1500,2,6,1,5,7,1,1,8,0,0,0,3,1,0,,3,39.0,16,0.0,1.0,1.0,0.0,1.0,3.0,1500,2.0,1.0,1.0,"-563165,338","-1097763,258","-563165,338","-1097763,258","-563165,512","-1097764,307",,,,silnice2.t¯Ìdy,444,1339917.0,,Souhlasn˝sesmÏrem˙seku,Pomal˝,541222.0,,GN_V0.1UIR-ADR_410,2
140906190012,1,44.0,2019-01-04,5,1220,1,1,0,2,1,0,516,0,0,0,150,2,3,1,1,1,1,1,1,0,0,0,3,2,0,,17,,XX,,,,,,,0,,,,"-569036,328","-1089275,419","-569034,721","-1089270,6","-569033,83","-1089270,047",,,,silnice1.t¯Ìdy,44,1389981.0,,OpaËn˝kesmÏru˙seku,Pomal˝,540854.0,,GN_V0.1UIR-ADR_410,2
140906190013,1,35.0,2019-01-04,5,1605,1,1,0,1,1,2,405,0,0,1,3000,2,8,1,5,2,1,2,1,3,3,0,4,2,19,6.0,3,60.0,07,1.0,0.0,1.0,0.0,1.0,31.0,1500,3.0,1.0,1.0,"-569484,246","-1098628,678","-569484,246","-1098628,678","-569483,758","-1098627,142",Mohelnice,T¯ebovsk·,,silnice1.t¯Ìdy,35,450892.0,,Souhlasn˝sesmÏrem˙seku,Pomal˝,540471.0,566705.0,GN_V0.1UIR-ADR_410,1
140906190014,1,44.0,2019-01-04,5,2205,1,1,0,2,1,2,204,0,0,0,1500,2,8,1,1,4,1,1,1,3,3,0,2,2,0,,3,39.0,03,1.0,1.0,1.0,0.0,1.0,3.0,500,2.0,1.0,1.0,"-567063,705","-1082118,186","-567048,129","-1082092,941","-567047,891","-1082093,52",,,,silnice1.t¯Ìdy,44,1287689.0,,Souhlasn˝sesmÏrem˙seku,Pomal˝,525588.0,564737.0,GN_V0.1UIR-ADR_410,2
140906190015,2,446.0,2019-01-05,6,525,9,0,0,2,1,2,204,0,0,0,2000,2,6,1,1,4,1,1,1,3,5,0,3,1,0,,3,2.0,17,3.0,1.0,1.0,0.0,1.0,1.0,2000,2.0,1.0,1.0,"-563831,03","-1068896,25","-563831,03","-1068896,25","-563828,776","-1068896,24",Kop¯ivn·,,,silnice2.t¯Ìdy,446,3241421.0,,Souhlasn˝sesmÏrem˙seku,Pomal˝,553247.0,,GN_V0.1UIR-ADR_410,1
140906190016,6,,2019-01-05,6,1804,2,0,0,2,1,0,504,0,0,0,150,2,8,1,1,4,6,1,1,0,0,10,1,2,0,,17,,XX,,,,,,,0,,,,"-562602,235","-1076948,816","-562590,454","-1076950,422","-562589,736","-1076950,878",äumperk,Usanatoria,,mÌstnÌkomunikace,,385588.0,,OpaËn˝kesmÏru˙seku,Pomal˝,523704.0,569437.0,GN_V0.1UIR-ADR_410,1
140906190017,2,446.0,2019-01-07,1,840,3,0,4,2,1,2,205,0,0,0,220,2,3,1,1,1,1,1,1,0,0,8,3,1,0,,3,47.0,04,9.0,1.0,1.0,0.0,1.0,3.0,200,2.0,4.0,1.0,"-563850,292","-1071677,31","-563844,402","-1071646,786","-563844,205","-1071646,908",,,,silnice2.t¯Ìdy,446,1983953.0,,Souhlasn˝sesmÏrem˙seku,Pomal˝,569437.0,,GN_V0.1UIR-ADR_410,2
140906190018,8,,2019-01-07,1,2560,2,0,0,2,1,0,511,0,0,0,200,2,8,1,6,1,1,1,1,0,0,0,1,2,0,,17,,XX,,,,,,,0,,,,"-570815,566","-1086731,867","-570815,566","-1086731,867","-570830,057","-1086743,71",Z·b¯eh,éiûkova,,silnice2.t¯Ìdy,315,414279.0,,OpaËn˝kesmÏru˙seku,Pomal˝,541354.0,571181.0,GN_V0.1UIR-ADR_410,1
140906190019,1,35.0,2019-01-08,2,1120,0,0,0,2,6,0,100,0,0,0,150,2,8,6,5,3,1,2,1,0,0,0,2,1,0,,3,23.0,12,3.0,0.0,0.0,0.0,1.0,1.0,150,3.0,1.0,1.0,"-571284,559","-1098022,859","-571284,559","-1098022,859","-571285,372","-1098025,135",,,,silnice1.t¯Ìdy,35,1337803.0,,Souhlasn˝sesmÏrem˙seku,Pomal˝,540471.0,,GN_V0.1UIR-ADR_410,2
140906190020,6,,2019-01-08,2,1305,3,0,3,2,1,2,204,0,0,0,20,2,6,1,5,3,1,1,8,0,0,8,3,1,0,,3,47.0,17,1.0,1.0,1.0,0.0,1.0,5.0,0,2.0,1.0,1.0,"-562930,838","-1078727,775","-562979,716","-1078815,327","-562979,394","-1078815,177",äumperk,NemocniËnÌ,,mÌstnÌkomunikace,,391007.0,,Souhlasn˝sesmÏrem˙seku,Pomal˝,523704.0,569003.0,GN_V0.1UIR-ADR_410,1
140906190021,1,11.0,2019-01-08,2,1450,3,0,2,2,1,2,204,0,0,0,350,2,8,1,5,3,1,1,8,0,0,0,1,1,0,,3,7.0,11,1.0,1.0,1.0,0.0,1.0,3.0,300,2.0,1.0,1.0,"-558991,369","-1074682,845","-558991,369","-1074682,845","-558991,243","-1074684,512",RapotÌn,äumpersk·,,silnice1.t¯Ìdy,11,1468057.0,,OpaËn˝kesmÏru˙seku,Pomal˝,540862.0,567396.0,GN_V0.1UIR-ADR_410,1
140906190022,1,11.0,2019-01-08,2,1630,9,0,0,2,1,2,511,0,0,0,10,2,8,1,5,2,1,1,3,0,0,0,1,1,0,,7,10.0,16,3.0,1.0,1.0,0.0,1.0,1.0,0,3.0,1.0,1.0,"-569078,467","-1080803,007","-569078,467","-1080803,007","-569077,721","-1080796,222",,,,silnice1.t¯Ìdy,11,1980413.0,,Souhlasn˝sesmÏrem˙seku,Pomal˝,569305.0,,GN_V0.1UIR-ADR_410,2
140906190023,1,35.0,2019-01-09,3,913,1,1,0,1,1,2,307,1,1,0,16600,2,3,1,5,1,1,2,1,3,3,0,3,3,0,,7,40.0,14,3.0,0.0,1.0,0.0,1.0,3.0,2000,3.0,1.0,1.0,"-575070,249","-1097923,788","-575070,249","-1097923,788","-575070,657","-1097920,636",,,,silnice1.t¯Ìdy,35,1263793.0,,Souhlasn˝sesmÏrem˙seku,Pomal˝,569381.0,,GN_V0.1UIR-ADR_410,2
140906190024,6,,2019-01-09,3,800,3,0,6,2,1,0,508,0,0,0,100,2,8,1,5,1,1,1,1,3,3,0,1,1,0,,17,,XX,,,,,,,0,,,,"-566405,063","-1080215,065","-566405,063","-1080215,065","-566404,816","-1080217,404",Bludov,NaHradÏ,,mÌstnÌkomunikace,,395165.0,,OpaËn˝kesmÏru˙seku,Pomal˝,525588.0,564915.0,GN_V0.1UIR-ADR_410,1
140906190025,1,43.0,2019-01-09,3,1735,1,2,0,2,1,2,510,0,0,0,200,2,3,1,5,6,1,1,3,0,0,0,2,2,0,,7,10.0,12,2.0,0.0,1.0,0.0,1.0,1.0,200,3.0,1.0,1.0,"-578932,946","-1076910,286","-578932,946","-1076910,286","-578936,923","-1076914,771",,,,silnice1.t¯Ìdy,43,2990171.0,,OpaËn˝kesmÏru˙seku,Pomal˝,541168.0,,GN_V0.1UIR-ADR_410,2
140906190026,6,,2019-01-09,3,2560,2,0,0,2,1,0,508,0,0,0,100,1,8,1,5,5,1,0,8,0,0,10,1,2,0,,17,,XX,,,,,,,0,,,,"-563489,914","-1077806,651","-563471,171","-1077807,722","-563463,793","-1077815,986",äumperk,Temenick·,,mÌstnÌkomunikace,,3375863.0,,Souhlasn˝sesmÏrem˙seku,Pomal˝,523704.0,569356.0,GN_V0.1UIR-ADR_410,1
140906190027,1,44.0,2019-01-10,4,835,0,0,0,2,1,0,516,0,0,0,100,2,3,1,1,1,1,1,1,3,4,0,3,2,0,,17,,XX,,,,,,,0,,,,"-569347,585","-1095606,908","-569347,585","-1095606,908","-569354,606","-1095606,334",,,,silnice1.t¯Ìdy,44,3307198.0,,OpaËn˝kesmÏru˙seku,Pomal˝,540471.0,,GN_V0.1UIR-ADR_410,2
140906190028,6,,2019-01-09,3,1630,2,0,0,2,1,0,502,0,0,0,70,2,6,1,1,2,1,1,1,0,0,0,3,2,0,,5,10.0,15,3.0,0.0,1.0,0.0,1.0,5.0,0,3.0,1.0,1.0,"-558901,325","-1081056,8","-558901,325","-1081056,8","-558903,072","-1081050,562",Nov˝MalÌn,,,mÌstnÌkomunikace,,1092852.0,,OpaËn˝kesmÏru˙seku,Pomal˝,540501.0,,GN_V0.1UIR-ADR_410,1
140906190029,2,368.0,2019-01-10,4,1025,1,2,0,2,1,0,501,0,0,0,100,2,3,1,1,1,1,1,1,0,0,0,1,2,0,,17,,XX,,,,,,,0,,,,"-575864,576","-1077904,278","-575864,576","-1077904,278","-575867,65","-1077908,116",,,,silnice2.t¯Ìdy,368,2515860.0,,OpaËn˝kesmÏru˙seku,Pomal˝,535770.0,,GN_V0.1UIR-ADR_410,2
140906190030,6,,2019-01-11,5,1830,2,0,0,2,1,2,504,0,0,0,300,2,6,1,5,5,1,1,1,3,3,10,3,2,0,,3,44.0,18,1.0,0.0,1.0,0.0,1.0,5.0,150,2.0,1.0,1.0,"-563550,38","-1078070,76","-563521,998","-1078058,979","-563522,584","-1078059,106",äumperk,Prievidzsk·,,mÌstnÌkomunikace,,388672.0,,Souhlasn˝sesmÏrem˙seku,Pomal˝,523704.0,569160.0,GN_V0.1UIR-ADR_410,1
140906190031,1,11.0,2019-01-12,6,1720,1,2,0,2,1,2,401,0,0,0,2000,2,3,1,4,5,1,1,1,2,0,0,4,2,19,2.0,3,39.0,15,3.0,0.0,0.0,0.0,1.0,13.0,1000,2.0,1.0,1.0,"-562849,47","-1079033,247","-562829,655","-1079028,963","-562829,267","-1079029,652",äumperk,,,silnice1.t¯Ìdy,11,716067.0,,Souhlasn˝sesmÏrem˙seku,Pomal˝,523704.0,,GN_V0.1UIR-ADR_410,1
140906190032,2,446.0,2019-01-13,0,1330,3,0,9,2,1,2,205,0,0,0,1510,2,3,1,4,1,1,1,1,0,0,0,2,1,0,,3,32.0,12,3.0,1.0,1.0,1.0,1.0,3.0,1500,2.0,1.0,1.0,"-563743,981","-1074798,16","-563743,981","-1074798,16","-563748,585","-1074798,437",,,,silnice2.t¯Ìdy,446,2988056.0,,Souhlasn˝sesmÏrem˙seku,Pomal˝,523704.0,,GN_V0.1UIR-ADR_410,2
140906190033,8,,2019-01-12,6,2560,2,0,0,2,1,0,502,0,0,0,100,3,1,1,1,1,1,0,1,0,0,0,1,2,0,,17,,XX,,,,,,,0,,,,"-564069,424","-1077173,596","-564069,424","-1077173,596","-564077,4","-1077172,232",äumperk,Temenick·,,mÌstnÌkomunikace,,1644700.0,,,Pomal˝,523704.0,,GN_V0.1UIR-ADR_410,1
140906190034,6,,2019-01-14,1,1130,1,1,0,2,1,2,404,0,0,0,100,2,3,1,1,1,1,1,1,3,5,10,5,2,10,6.0,3,35.0,09,1.0,0.0,1.0,0.0,1.0,5.0,50,2.0,1.0,1.0,,,"-562635,636","-1077416,436","-562636,469","-1077417,535",äumperk,VÌtÏzn·,,mÌstnÌkomunikace,,1614540.0,,Souhlasn˝sesmÏrem˙seku,Pomal˝,523704.0,,GN_V0.1UIR-ADR_410,1
140906190035,6,,2019-01-14,1,730,3,0,2,2,1,2,511,0,0,0,150,6,6,1,7,2,1,1,3,0,0,0,1,1,0,,5,26.0,15,3.0,1.0,1.0,0.0,1.0,5.0,0,3.0,1.0,1.0,"-565857,153","-1056276,643","-565857,153","-1056276,643","-565861,05","-1056277,614",StarÈMÏsto,,,mÌstnÌkomunikace,,1521503.0,,OpaËn˝kesmÏru˙seku,Pomal˝,541079.0,,GN_V0.1UIR-ADR_410,1
140906190036,6,,2019-01-14,1,2560,2,0,0,2,1,0,508,0,0,0,150,1,3,1,1,1,1,1,0,0,0,10,1,2,0,,17,,XX,,,,,,,0,,,,"-568265,56","-1099212,09","-568265,56","-1099212,09","-568265,39","-1099211,804",Mohelnice,,,mÌstnÌkomunikace,,453367.0,,Souhlasn˝sesmÏrem˙seku,Pomal˝,540471.0,,GN_V0.1UIR-ADR_410,1
140906190037,3,3697.0,2019-01-10,4,1730,5,0,0,2,4,0,100,0,0,0,400,2,5,1,1,6,1,1,1,0,0,0,2,1,0,,3,39.0,17,3.0,0.0,1.0,0.0,1.0,3.0,400,2.0,1.0,5.0,"-558342,52","-1070797,25","-558342,52","-1070797,25","-558339,793","-1070797,37",,,,silnice3.t¯Ìdy,3697,1613108.0,,Souhlasn˝sesmÏrem˙seku,Pomal˝,541265.0,,GN_V0.1UIR-ADR_410,2
140906190038,3,3706.0,2019-01-15,2,910,9,0,0,2,1,2,511,0,0,0,610,2,6,12,6,1,1,1,1,0,0,0,3,1,0,,5,40.0,00,2.0,1.0,1.0,0.0,1.0,1.0,600,3.0,1.0,1.0,"-562051,523","-1087950,13","-562051,523","-1087950,13","-562052,372","-1087962,674",,,,silnice3.t¯Ìdy,3706,1980017.0,,Souhlasn˝sesmÏrem˙seku,Pomal˝,540871.0,,GN_V0.1UIR-ADR_410,2
140906190039,6,,2019-01-15,2,1400,2,0,0,2,1,0,511,0,0,0,1900,2,3,1,5,1,1,1,1,0,0,0,1,3,0,,3,9.0,03,1.0,0.0,1.0,0.0,1.0,5.0,200,2.0,1.0,1.0,"-568773,889","-1098351,896","-568773,889","-1098351,896","-568772,498","-1098348,725",Mohelnice,Pion˝r˘,,mÌstnÌkomunikace,,449737.0,,Souhlasn˝sesmÏrem˙seku,Pomal˝,540471.0,566543.0,GN_V0.1UIR-ADR_410,1
140906190040,2,369.0,2019-01-15,2,1910,2,0,0,2,1,0,511,0,0,0,300,2,8,1,5,5,1,1,3,0,0,0,3,2,0,,17,,XX,,,,,,,0,,,,"-569598,367","-1076003,011","-569596,76","-1075991,23","-569597,231","-1075990,529",RudanadMoravou,9.kvÏtna,,silnice2.t¯Ìdy,369,383135.0,,OpaËn˝kesmÏru˙seku,Pomal˝,540978.0,567523.0,GN_V0.1UIR-ADR_410,1
140906190041,6,,2019-01-01,2,2560,2,0,0,2,1,0,502,0,0,0,110,2,1,1,1,1,1,1,1,3,5,0,1,2,0,,3,35.0,99,1.0,0.0,1.0,0.0,1.0,6.0,10,2.0,1.0,1.0,"-562615,674","-1077425,747","-562615,674","-1077425,747","-562619,161","-1077430,592",äumperk,VÌtÏzn·,,mÌstnÌkomunikace,,1614539.0,,Souhlasn˝sesmÏrem˙seku,Pomal˝,523704.0,,GN_V0.1UIR-ADR_410,1
140906190042,2,444.0,2019-01-16,3,1745,1,3,0,1,1,2,405,0,0,3,1100,2,1,1,1,4,1,1,1,3,3,0,4,2,19,2.0,3,31.0,04,1.0,0.0,1.0,1.0,1.0,32.0,500,2.0,1.0,1.0,"-568985,369","-1099705,327","-569009,467","-1099688,19","-569008,68","-1099689,733",Mohelnice,,,silnice2.t¯Ìdy,444,804845.0,,Souhlasn˝sesmÏrem˙seku,Pomal˝,540471.0,,GN_V0.1UIR-ADR_410,1
140906190043,6,,2019-01-16,3,2045,2,0,0,2,1,2,502,0,0,0,1000,2,3,1,1,4,1,0,1,0,0,0,1,2,0,,3,44.0,13,1.0,0.0,1.0,0.0,1.0,5.0,500,2.0,1.0,1.0,"-561826,943","-1078069,561","-561826,943","-1078069,561","-561826,455","-1078070,665",äumperk,»sl.arm·dy,,mÌstnÌkomunikace,,388632.0,,OpaËn˝kesmÏru˙seku,Pomal˝,523704.0,568350.0,GN_V0.1UIR-ADR_410,1
140906190044,1,11.0,2019-01-16,3,2020,5,0,0,2,4,0,100,0,0,0,200,2,3,1,1,6,1,1,1,0,0,0,1,1,0,,3,8.0,10,1.0,0.0,1.0,0.0,1.0,1.0,200,2.0,1.0,5.0,"-554011,367","-1074493,727","-554011,367","-1074493,727","-554008,738","-1074493,111",,,,silnice1.t¯Ìdy,11,1980387.0,,Souhlasn˝sesmÏrem˙seku,Pomal˝,540986.0,,GN_V0.1UIR-ADR_410,2
140906190045,1,11.0,2019-01-08,2,1605,1,4,0,2,1,0,503,0,0,0,50,2,3,1,5,1,1,1,1,3,4,2,1,2,0,,3,4.0,18,1.0,0.0,1.0,0.0,1.0,1.0,0,2.0,1.0,1.0,"-562856,922","-1079083,799","-562886,382","-1079073,086","-562885,916","-1079073,868",äumperk,Jesenick·,,silnice1.t¯Ìdy,11,1614312.0,,Souhlasn˝sesmÏrem˙seku,Pomal˝,523704.0,568830.0,GN_V0.1UIR-ADR_410,1
140906190046,1,44.0,2019-01-17,4,1948,1,1,0,1,1,2,511,0,0,1,2000,2,3,1,1,6,1,1,1,3,5,0,3,2,0,,3,35.0,02,9.0,1.0,1.0,0.0,1.0,1.0,1000,2.0,1.0,1.0,"-569000,117","-1091160,837","-569000,117","-1091160,837","-568994,682","-1091162,693",,,,silnice1.t¯Ìdy,44,1981143.0,,Souhlasn˝sesmÏrem˙seku,Pomal˝,541478.0,,GN_V0.1UIR-ADR_410,2
140906190047,2,444.0,2019-01-18,5,1555,5,0,0,2,4,0,100,0,0,0,100,2,3,1,1,1,1,1,1,0,0,0,1,1,0,,3,47.0,02,1.0,0.0,1.0,0.0,1.0,3.0,100,2.0,1.0,5.0,"-563899,024","-1097792,139","-563899,024","-1097792,139","-563899,298","-1097788,92",,,,silnice2.t¯Ìdy,444,1339917.0,,OpaËn˝kesmÏru˙seku,Pomal˝,541222.0,,GN_V0.1UIR-ADR_410,2
140906190048,6,,2019-01-19,6,2560,3,0,9,2,1,0,502,0,0,0,500,2,1,1,1,1,1,1,1,0,0,0,1,1,0,,17,,XX,,,,,,,0,,,,"-570160,015","-1087558,145","-570160,015","-1087558,145","-570158,823","-1087558,413",Z·b¯eh,Leötinsk·,,mÌstnÌkomunikace,,3242457.0,,OpaËn˝kesmÏru˙seku,Pomal˝,541354.0,570851.0,GN_V0.1UIR-ADR_410,1