IDENTIFIKA»NÕ »ÕSLO,DRUH POZEMNÕ KOMUNIKACE,»ÕSLO POZEMNÕ KOMUNIKACE,"den, mÏsÌc, rok",,Ëas ,DRUH NEHODY,DRUH SR¡éKY JEDOUCÕCH VOZIDEL,DRUH PEVN… PÿEK¡éKY,CHARAKTER NEHODY,ZAVINÃNÕ NEHODY,ALKOHOL U VINÕKA NEHODY PÿÕTOMEN,HLAVNÕ PÿÕ»INY NEHODY,usmrceno osob,tÏûce zranÏno osob,lehce zranÏno osob,CELKOV¡ HMOTN¡ äKODA,DRUH POVRCHU VOZOVKY,STAV POVRCHU VOZOVKY V DOBÃ NEHODY,STAV KOMUNIKACE,POVÃTRNOSTNÕ PODMÕNKY V DOBÃ NEHODY,VIDITELNOST,ROZHLEDOV… POMÃRY,DÃLENÕ KOMUNIKACE,SITUOV¡NÕ NEHODY NA KOMUNIKACI,ÿÕZENÕ PROVOZU V DOBÃ NEHODY,MÕSTNÕ ⁄PRAVA PÿEDNOSTI V JÕZDÃ,SPECIFICK¡ MÕSTA A OBJEKTY V MÕSTÃ NEHODY,SMÃROV… POMÃRY,PO»ET Z⁄»ASTNÃN›CH VOZIDEL,MÕSTO DOPRAVNÕ NEHODY,DRUH KÿIéUJÕCÕ KOMUNIKACE,DRUH VOZIDLA,V›ROBNÕ ZNA»KA MOTOROV…HO VOZIDLA,ROK V›ROBY VOZIDLA,CHARAKTERISTIKA VOZIDLA ,SMYK,VOZIDLO PO NEHODÃ,"⁄NIK PROVOZNÕCH, PÿEPRAVOVAN›CH HMOT",ZPŸSOB VYPROäTÃNÕ OSOB Z VOZIDLA,SMÃR JÕZDY NEBO POSTAVENÕ VOZIDLA,äKODA NA VOZIDLE,KATEGORIE ÿIDI»E,STAV ÿIDI»E,VNÃJäÕ OVLIVNÃNÕ ÿIDI»E,nan.1,nan.2,nan.3,nan.4,nan.5,nan.6,nan.7,nan.8,nan.9,nan.10,nan.11,nan.12,nan.13,nan.14,nan.15,nan.16,nan.17,nan.18,LOKALITA NEHODY
140906190049,3,36912.0,2019-01-20,0,1325,0,0,0,2,7,0,606,0,0,0,300,2,6,1,1,1,1,1,1,0,5,7,1,1,0,,8,19.0,17,4.0,0.0,1.0,0.0,1.0,1.0,300,4.0,1.0,1.0,"-563812,722","-1064556,006","-563812,722","-1064556,006","-563814,297","-1064554,959",Hanuöovice,⁄dolnÌ,,silnice3.t¯Ìdy,36912,1612940.0,,Souhlasn˝sesmÏrem˙seku,Pomal˝,535532.0,565521.0,GN_V0.1UIR-ADR_410,1
140906190050,6,,2019-01-20,0,1744,1,1,0,1,1,0,403,0,0,1,10,2,1,1,1,4,1,1,1,3,3,2,5,2,10,6.0,17,,XX,,,,,,,0,,,,"-562674,199","-1078799,873","-562670,986","-1078800,944","-562671,082","-1078800,977",äumperk,M.R.ätef·nika,,mÌstnÌkomunikace,,754808.0,,OpaËn˝kesmÏru˙seku,Pomal˝,523704.0,568481.0,GN_V0.1UIR-ADR_410,1
140906190051,1,11.0,2019-01-20,0,1925,5,0,0,2,4,0,100,0,0,0,400,2,1,1,1,6,1,1,1,0,0,0,3,1,0,,3,17.0,17,1.0,0.0,1.0,0.0,1.0,1.0,400,3.0,1.0,5.0,"-571974,04","-1076698,303","-571974,04","-1076698,303","-571975,354","-1076699,371",BuöÌn,,,silnice1.t¯Ìdy,11,1468024.0,,OpaËn˝kesmÏru˙seku,Pomal˝,532894.0,,GN_V0.1UIR-ADR_410,1
140906190052,1,11.0,2019-01-21,1,650,1,3,0,1,1,2,405,0,0,1,170,2,1,1,1,4,1,2,1,2,0,1,4,2,19,3.0,3,35.0,05,1.0,0.0,1.0,0.0,1.0,21.0,150,2.0,1.0,1.0,"-562834,163","-1079056,182","-562840,589","-1079035,832","-562840,387","-1079036,166",äumperk,,,silnice1.t¯Ìdy,11,716068.0,,Souhlasn˝sesmÏrem˙seku,Pomal˝,523704.0,,GN_V0.1UIR-ADR_410,1
140906190053,3,4446.0,2019-01-21,1,904,2,0,0,2,1,2,504,0,0,0,300,1,1,1,1,1,1,1,1,0,0,10,1,2,0,,3,39.0,02,1.0,0.0,3.0,0.0,1.0,1.0,0,2.0,1.0,1.0,"-568659,965","-1098855,486","-568659,965","-1098855,486","-568660,482","-1098856,209",Mohelnice,n·m.TyröeaF¸gnera,,silnice3.t¯Ìdy,4446,1407594.0,,OpaËn˝kesmÏru˙seku,Pomal˝,540471.0,566497.0,GN_V0.1UIR-ADR_410,1
140906190054,1,35.0,2019-01-21,1,1240,1,2,0,2,1,2,411,0,0,0,500,2,1,1,1,1,1,2,1,0,0,0,1,3,0,,7,62.0,15,3.0,0.0,1.0,0.0,1.0,3.0,0,3.0,1.0,1.0,,,"-573717,98","-1098153,885","-573718,135","-1098154,309",,,,silnice1.t¯Ìdy,35,1337793.0,,Souhlasn˝sesmÏrem˙seku,Pomal˝,540161.0,,GN_V0.1UIR-ADR_410,2
140906190055,6,,2019-01-21,1,1433,4,0,0,1,1,2,412,0,0,1,100,2,1,1,1,1,1,2,1,3,3,1,4,1,10,6.0,3,4.0,03,1.0,0.0,1.0,0.0,1.0,5.0,100,2.0,1.0,2.0,"-562461,192","-1078683,758","-562453,695","-1078685,9","-562453,718","-1078685,843",äumperk,Masarykovon·m.,,mÌstnÌkomunikace,,390529.0,,OpaËn˝kesmÏru˙seku,Pomal˝,523704.0,568911.0,GN_V0.1UIR-ADR_410,1
140906190056,1,44.0,2019-01-21,1,1610,1,4,0,2,1,2,503,0,0,0,250,2,1,1,1,1,1,1,1,3,3,0,5,2,19,3.0,3,12.0,12,3.0,0.0,1.0,1.0,1.0,23.0,250,2.0,1.0,1.0,,,"-567427,587","-1083286,473","-567427,305","-1083286,571",,,,silnice1.t¯Ìdy,44,741896.0,,Souhlasn˝sesmÏrem˙seku,Pomal˝,540773.0,,GN_V0.1UIR-ADR_410,2
140906190057,3,44638.0,2019-01-21,1,1905,5,0,0,2,4,0,100,0,0,0,200,2,1,1,1,6,1,1,1,3,3,0,1,1,0,,3,39.0,00,1.0,0.0,0.0,0.0,1.0,1.0,200,2.0,1.0,5.0,"-558232,548","-1078916,105","-558229,325","-1078906,974","-558229,91","-1078908,457",,,,silnice3.t¯Ìdy,44638,1092505.0,,OpaËn˝kesmÏru˙seku,Pomal˝,540501.0,,GN_V0.1UIR-ADR_410,2
140906190058,2,369.0,2019-01-21,1,2320,5,0,0,2,4,0,100,0,0,0,200,2,1,1,1,6,1,1,1,0,5,0,1,1,0,,3,2.0,06,1.0,0.0,1.0,0.0,1.0,1.0,200,2.0,1.0,5.0,"-567881,571","-1072537,666","-567881,571","-1072537,666","-567883,141","-1072536,444",,,,silnice2.t¯Ìdy,369,3233901.0,,OpaËn˝kesmÏru˙seku,Pomal˝,525804.0,,GN_V0.1UIR-ADR_410,2
140906190059,8,,2019-01-22,2,2560,2,0,0,2,1,0,511,0,0,0,200,6,6,1,1,2,1,0,0,0,0,0,1,2,0,,17,,XX,,,,,,,0,,,,"-562920,26","-1078757,378","-562920,26","-1078757,378","-562921,653","-1078735,21",äumperk,éerotÌnova,,mÌstnÌkomunikace,,1387098.0,,,Pomal˝,523704.0,,GN_V0.1UIR-ADR_410,1
140906190060,1,11.0,2019-01-22,2,1730,9,0,0,2,1,2,204,0,0,0,700,2,5,1,6,2,1,1,1,0,0,0,3,1,0,,3,13.0,07,1.0,1.0,1.0,0.0,1.0,3.0,700,2.0,1.0,1.0,"-549424,821","-1075217,207","-549424,821","-1075217,207","-549414,654","-1075216,294",,,,silnice1.t¯Ìdy,11,1980401.0,,Souhlasn˝sesmÏrem˙seku,Pomal˝,540986.0,,GN_V0.1UIR-ADR_410,2
140906190061,1,35.0,2019-01-23,3,945,6,0,0,2,4,0,100,0,0,0,500,2,1,1,1,1,1,3,1,0,0,0,1,1,0,,3,39.0,16,3.0,0.0,1.0,1.0,1.0,1.0,500,2.0,1.0,5.0,"-568913,367","-1100153,352","-568988,878","-1100047,852","-568988,988","-1100047,938",,,,silnice1.t¯Ìdy,35,1412375.0,,Souhlasn˝sesmÏrem˙seku,Pomal˝,540471.0,,GN_V0.1UIR-ADR_410,2
140906190062,1,11.0,2019-01-23,3,1520,1,4,0,2,1,2,508,0,0,0,400,2,1,1,1,1,1,1,1,3,3,0,4,2,19,3.0,3,47.0,00,1.0,0.0,1.0,0.0,1.0,13.0,200,2.0,1.0,1.0,"-560521,545","-1076431,769","-560533,327","-1076423,736","-560533,37","-1076423,714",,,,silnice1.t¯Ìdy,11,2988060.0,,Souhlasn˝sesmÏrem˙seku,Pomal˝,540862.0,567396.0,GN_V0.1UIR-ADR_410,2
140906190063,6,,2019-01-23,3,2560,2,0,0,2,1,0,511,0,0,0,50,2,1,1,1,1,1,1,1,0,0,0,1,2,0,,17,,XX,,,,,,,0,,,,"-562601,936","-1077804,295","-562601,936","-1077804,295","-562605,613","-1077802,628",äumperk,Gen.Kr·tkÈho,,mÌstnÌkomunikace,,1614570.0,,Souhlasn˝sesmÏrem˙seku,Pomal˝,523704.0,568503.0,GN_V0.1UIR-ADR_410,1
140906190064,1,43.0,2019-01-23,3,2110,5,0,0,2,4,0,100,0,0,0,500,2,1,1,1,6,1,1,1,3,3,0,1,1,0,,3,39.0,15,1.0,0.0,1.0,0.0,1.0,1.0,500,2.0,1.0,5.0,"-576168,855","-1075160,541","-576168,855","-1075160,541","-576169,17","-1075160,333",ätÌty-Bukovice,,,silnice1.t¯Ìdy,43,3307942.0,,OpaËn˝kesmÏru˙seku,Pomal˝,541168.0,,GN_V0.1UIR-ADR_410,1
140906190065,3,3704.0,2019-01-24,4,2560,3,0,2,2,1,0,502,0,0,0,500,2,1,1,1,1,1,1,1,3,3,0,5,1,19,3.0,17,,XX,,,,,,,0,,,,"-566085,629","-1082625,384","-566074,383","-1082618,958","-566073,531","-1082618,295",Bludov,,,silnice3.t¯Ìdy,3704,2988044.0,,Souhlasn˝sesmÏrem˙seku,Pomal˝,525588.0,,GN_V0.1UIR-ADR_410,1
140906190066,1,35.0,2019-01-21,1,1241,1,4,0,1,1,2,503,0,0,1,1000,2,1,1,1,1,1,2,1,0,0,0,1,2,0,,5,7.0,16,3.0,0.0,1.0,1.0,1.0,1.0,800,2.0,1.0,1.0,,,"-573721,044","-1098152,803","-573721,187","-1098153,192",,,,silnice1.t¯Ìdy,35,1337793.0,,Souhlasn˝sesmÏrem˙seku,Pomal˝,540161.0,,GN_V0.1UIR-ADR_410,2
140906190067,1,35.0,2019-01-21,1,1242,1,4,0,2,1,2,503,0,0,0,500,2,1,1,1,1,1,2,1,0,0,0,1,2,0,,5,7.0,13,3.0,0.0,1.0,1.0,1.0,1.0,300,2.0,1.0,1.0,,,"-573721,044","-1098152,216","-573721,376","-1098153,123",,,,silnice1.t¯Ìdy,35,1337793.0,,Souhlasn˝sesmÏrem˙seku,Pomal˝,540161.0,,GN_V0.1UIR-ADR_410,2
140906190068,3,31540.0,2019-01-25,5,1030,1,2,0,2,1,2,501,0,0,0,50,2,3,1,1,1,1,1,1,0,0,0,1,2,0,,3,39.0,00,1.0,0.0,0.0,0.0,1.0,1.0,20,2.0,1.0,1.0,,,"-566158,882","-1091660,451","-566158,547","-1091661,255",,,,silnice3.t¯Ìdy,31540,3358325.0,,Souhlasn˝sesmÏrem˙seku,Pomal˝,553221.0,,GN_V0.1UIR-ADR_410,2
140906190069,2,446.0,2019-01-25,5,1300,3,0,1,1,1,2,204,0,0,1,300,2,5,1,5,1,1,1,1,0,0,0,2,1,0,,3,47.0,99,1.0,1.0,0.0,0.0,1.0,1.0,300,2.0,1.0,1.0,,,"-558220,348","-1085887,421","-558220,041","-1085887,3",,,,silnice2.t¯Ìdy,446,1980379.0,,Souhlasn˝sesmÏrem˙seku,Pomal˝,539961.0,,GN_V0.1UIR-ADR_410,2
140906190070,2,446.0,2019-01-25,5,1340,0,0,0,2,1,0,501,0,0,0,500,2,3,1,1,1,1,1,1,0,0,0,3,2,0,,17,,XX,,,,,,,0,,,,,,"-564160,053","-1071695,093","-564160,262","-1071695,622",,,,silnice2.t¯Ìdy,446,3234407.0,,Souhlasn˝sesmÏrem˙seku,Pomal˝,569437.0,,GN_V0.1UIR-ADR_410,2
140906190071,6,,2019-01-25,5,1530,3,0,1,2,1,2,508,0,0,0,300,3,6,5,1,1,1,1,1,0,0,0,1,1,0,,5,62.0,16,1.0,0.0,1.0,0.0,1.0,5.0,300,3.0,1.0,1.0,"-562665,465","-1080244,214","-562665,465","-1080244,214","-562668,235","-1080241,178",,,,mÌstnÌkomunikace,,2988030.0,,Souhlasn˝sesmÏrem˙seku,Pomal˝,523704.0,735094.0,GN_V0.1UIR-ADR_410,2
140906190072,1,11.0,2019-01-25,5,1950,4,0,0,1,3,2,100,0,0,1,2200,2,3,1,1,4,1,1,1,0,0,10,1,3,0,,3,35.0,12,0.0,0.0,1.0,0.0,1.0,1.0,700,2.0,1.0,1.0,"-554732,694","-1073554,861","-554677,534","-1073530,226","-554676,483","-1073529,072",SobotÌn,,,silnice1.t¯Ìdy,11,3138676.0,,Souhlasn˝sesmÏrem˙seku,Pomal˝,540986.0,,GN_V0.1UIR-ADR_410,1
140906190073,3,36910.0,2019-01-26,6,705,5,0,0,2,4,0,100,0,0,0,200,2,8,1,5,2,1,1,1,3,5,7,1,1,0,,5,26.0,15,3.0,0.0,1.0,0.0,1.0,1.0,200,3.0,1.0,5.0,"-561158,284","-1062032,659","-561158,284","-1062032,659","-561161,161","-1062034,989",Jind¯ichov,,,silnice3.t¯Ìdy,36910,2989666.0,,Souhlasn˝sesmÏrem˙seku,Pomal˝,536521.0,,GN_V0.1UIR-ADR_410,1
140906190074,3,3707.0,2019-01-27,0,2350,9,0,0,1,1,8,204,0,0,1,170,2,3,1,6,6,1,1,1,0,0,0,3,1,0,,3,13.0,03,1.0,1.0,1.0,0.0,1.0,1.0,150,2.0,5.0,1.0,"-564173,152","-1085209,625","-564173,152","-1085209,625","-564174,017","-1085211,723",,,,silnice3.t¯Ìdy,3707,1093878.0,,OpaËn˝kesmÏru˙seku,Pomal˝,530727.0,,GN_V0.1UIR-ADR_410,2
140906190075,1,44.0,2019-01-28,1,1300,1,2,0,2,1,2,204,0,0,0,1300,2,3,1,6,1,1,1,1,0,0,0,1,2,0,,3,47.0,02,1.0,1.0,1.0,0.0,1.0,1.0,600,2.0,1.0,1.0,"-569225,459","-1092909,326","-569225,459","-1092909,326","-569223,424","-1092909,741",,,,silnice1.t¯Ìdy,44,1779056.0,,Souhlasn˝sesmÏrem˙seku,Pomal˝,540234.0,,GN_V0.1UIR-ADR_410,2
140906190076,6,,2019-01-28,1,1350,3,0,9,2,1,2,511,0,0,0,350,6,6,1,1,1,1,1,8,0,0,0,2,1,0,,6,48.0,04,2.0,0.0,1.0,0.0,1.0,5.0,0,3.0,1.0,1.0,"-564711,738","-1086317,779","-564711,738","-1086317,779","-564713,414","-1086318,353",BrnÌËko,,,mÌstnÌkomunikace,,1981815.0,,,Pomal˝,530727.0,,GN_V0.1UIR-ADR_410,1
140906190077,6,,2019-01-28,1,1310,3,0,6,2,1,2,204,0,0,0,201,2,6,1,1,1,1,1,1,3,3,0,1,1,0,,3,39.0,99,1.0,0.0,1.0,0.0,1.0,5.0,1,2.0,1.0,1.0,"-562561,058","-1077208,1","-562561,058","-1077208,1","-562555,535","-1077201,472",äumperk,,,mÌstnÌkomunikace,,3138253.0,,OpaËn˝kesmÏru˙seku,Pomal˝,523704.0,,GN_V0.1UIR-ADR_410,1
140906190078,6,,2019-01-19,6,2560,2,0,0,2,1,0,511,0,0,0,100,2,8,1,1,1,1,1,1,3,3,0,1,2,0,,17,,XX,,,,,,,0,,,,"-569765,482","-1087746,353","-569765,482","-1087746,353","-569759,805","-1087748,754",Z·b¯eh,Olomouck·,,mÌstnÌkomunikace,,1410461.0,,Souhlasn˝sesmÏrem˙seku,Pomal˝,541354.0,570249.0,GN_V0.1UIR-ADR_410,1
140906190079,1,35.0,2019-01-29,2,1050,1,2,0,2,1,0,506,0,0,0,100,2,8,1,1,1,3,1,1,0,0,0,3,2,0,,17,,XX,,,,,,,0,,,,"-575963,067","-1098990,209","-576001,095","-1099103,223","-576002,354","-1099102,861",,,,silnice1.t¯Ìdy,35,2989311.0,,Souhlasn˝sesmÏrem˙seku,Pomal˝,540471.0,,GN_V0.1UIR-ADR_410,2
140906190080,2,444.0,2019-01-25,5,650,1,4,0,1,1,0,508,0,0,1,150,2,3,1,6,4,1,1,1,3,3,9,3,2,0,,3,39.0,03,1.0,0.0,1.0,0.0,1.0,3.0,50,2.0,1.0,1.0,,,"-567365,083","-1099193,248","-567362,269","-1099193,462",Mohelnice,DruûstevnÌ,,silnice2.t¯Ìdy,444,3273955.0,,OpaËn˝kesmÏru˙seku,Pomal˝,540471.0,566209.0,GN_V0.1UIR-ADR_410,1
140906190081,3,31537.0,2019-01-30,3,1050,1,2,0,1,1,2,409,0,0,1,900,2,1,1,1,1,1,1,1,0,0,0,1,3,0,,3,13.0,06,1.0,0.0,0.0,0.0,1.0,1.0,300,2.0,1.0,1.0,,,"-571114,435","-1086914,538","-571114,435","-1086914,537",Z·b¯eh,HavlÌËkova,,silnice3.t¯Ìdy,31537,1410133.0,,,Pomal˝,541354.0,570338.0,GN_V0.1UIR-ADR_410,1
140906190082,3,37010.0,2019-01-30,3,1520,1,2,0,2,1,2,204,0,0,0,400,2,5,1,1,1,1,1,1,0,0,0,2,2,0,,3,23.0,,15.0,1.0,1.0,0.0,1.0,3.0,200,2.0,1.0,1.0,"-551177,255","-1084994,338","-551177,255","-1084994,338","-551172,595","-1084993,547",Oskava,,,silnice3.t¯Ìdy,37010,1979975.0,,OpaËn˝kesmÏru˙seku,Pomal˝,540544.0,,GN_V0.1UIR-ADR_410,1
140906190083,3,31534.0,2019-01-30,3,1825,1,1,0,2,1,2,403,0,0,0,550,2,6,1,1,4,1,1,1,3,3,5,1,2,0,,3,31.0,05,1.0,0.0,1.0,1.0,1.0,3.0,250,2.0,1.0,1.0,"-573516,125","-1088225,975","-573516,125","-1088225,975","-573517,792","-1088226,111",,,,silnice3.t¯Ìdy,31534,1254419.0,,OpaËn˝kesmÏru˙seku,Pomal˝,553476.0,,GN_V0.1UIR-ADR_410,2
140906190084,3,3707.0,2019-01-31,4,1130,3,0,9,2,1,2,504,0,0,0,200,2,3,1,1,1,1,1,8,0,0,0,1,1,0,,5,12.0,15,8.0,0.0,1.0,0.0,1.0,1.0,150,2.0,1.0,1.0,"-565277,528","-1084942,68","-565277,528","-1084942,68","-565278,792","-1084939,785",Kolöov,,,silnice3.t¯Ìdy,3707,1979973.0,,Souhlasn˝sesmÏrem˙seku,Pomal˝,536733.0,,GN_V0.1UIR-ADR_410,1
140906190085,2,446.0,2019-01-31,4,2335,5,0,0,2,4,0,100,0,0,0,200,2,3,1,6,6,1,1,1,0,0,0,1,1,0,,3,35.0,18,1.0,0.0,1.0,0.0,1.0,1.0,200,2.0,1.0,5.0,"-560334,831","-1081650,154","-560334,831","-1081650,154","-560336,126","-1081649,877",,,,silnice2.t¯Ìdy,446,3241213.0,,OpaËn˝kesmÏru˙seku,Pomal˝,540501.0,,GN_V0.1UIR-ADR_410,2
141106190001,1,44.0,2019-01-02,3,1740,1,1,0,2,1,2,204,0,0,0,1900,2,6,1,5,5,1,1,1,0,0,0,1,2,0,,6,27.0,00,1.0,1.0,1.0,0.0,1.0,3.0,300,2.0,1.0,1.0,"-537713,454","-1047014,596","-537713,454","-1047014,596","-537715,189","-1047014,151",Mikulovice,äirok˝Brod,,silnice1.t¯Ìdy,44,1468098.0,,Souhlasn˝sesmÏrem˙seku,Pomal˝,540382.0,,GN_V0.1UIR-ADR_410,1
141106190002,6,,2019-01-03,4,615,1,2,0,2,1,2,501,0,0,0,1500,2,8,1,5,7,1,1,1,0,0,0,3,2,0,,9,0.0,09,3.0,0.0,1.0,0.0,1.0,5.0,0,3.0,1.0,1.0,"-548126,111","-1049067,936","-548126,111","-1049067,936","-548125,985","-1049067,894",,,,mÌstnÌkomunikace,,2986767.0,,OpaËn˝kesmÏru˙seku,Pomal˝,540030.0,,GN_V0.1UIR-ADR_410,2
141106190003,1,44.0,2019-01-03,4,850,1,1,0,2,1,2,204,0,0,0,500,2,6,1,5,3,1,1,1,3,3,0,3,2,0,,3,47.0,01,9.0,1.0,1.0,0.0,1.0,3.0,200,2.0,1.0,1.0,"-535680,975","-1044486,586","-535680,975","-1044486,586","-535681,313","-1044480,166",Mikulovice,HlavnÌ,,silnice1.t¯Ìdy,44,3288938.0,,Souhlasn˝sesmÏrem˙seku,Pomal˝,540382.0,162353.0,GN_V0.1UIR-ADR_410,1
141106190004,2,453.0,2019-01-03,4,1230,9,0,0,2,1,2,510,0,0,0,15000,2,8,1,6,3,1,1,3,0,0,0,3,1,0,,7,43.0,16,3.0,1.0,1.0,0.0,1.0,1.0,10000,3.0,1.0,1.0,"-533691,351","-1050682,187","-533691,351","-1050682,187","-533692,275","-1050682,367",,,,silnice2.t¯Ìdy,453,3187383.0,,OpaËn˝kesmÏru˙seku,Pomal˝,597996.0,,GN_V0.1UIR-ADR_410,2
141106190005,6,,2019-01-08,2,1150,1,3,0,2,1,2,410,0,0,0,100,2,3,1,1,1,1,1,1,0,0,0,1,2,0,,3,60.0,14,1.0,1.0,0.0,0.0,1.0,5.0,0,3.0,1.0,1.0,"-543890,686","-1051167,488","-543890,686","-1051167,488","-543890,414","-1051163,961",JesenÌk,,,mÌstnÌkomunikace,,1776821.0,,Souhlasn˝sesmÏrem˙seku,Pomal˝,536385.0,,GN_V0.1UIR-ADR_410,1
141106190006,6,,2019-01-10,4,1155,3,0,9,2,1,2,204,0,0,0,52,2,8,1,1,1,1,1,3,0,0,0,1,1,0,,5,32.0,17,3.0,1.0,0.0,0.0,1.0,5.0,2,2.0,1.0,1.0,"-543315,066","-1050799,889","-543315,066","-1050799,889","-543315,198","-1050799,888",JesenÌk,KostelnÌ,,mÌstnÌkomunikace,,803527.0,,OpaËn˝kesmÏru˙seku,Pomal˝,536385.0,161489.0,GN_V0.1UIR-ADR_410,1
141106190007,3,4578.0,2019-01-10,4,1530,1,2,0,2,1,2,504,0,0,0,510,2,6,1,5,3,1,1,1,0,0,0,3,2,0,,6,44.0,11,1.0,0.0,1.0,0.0,1.0,3.0,10,3.0,1.0,1.0,"-538148,194","-1041362,782","-538148,194","-1041362,782","-538146,34","-1041362,323",VelkÈKunÏtice,,,silnice3.t¯Ìdy,4578,2725767.0,,Souhlasn˝sesmÏrem˙seku,Pomal˝,569453.0,,GN_V0.1UIR-ADR_410,1
141106190008,1,44.0,2019-01-11,5,712,1,4,0,2,1,2,204,0,0,0,100,2,8,1,1,2,1,1,1,0,0,0,1,2,0,,5,12.0,16,3.0,1.0,0.0,0.0,1.0,1.0,50,2.0,1.0,1.0,"-544302,562","-1053250,231","-544302,562","-1053250,231","-544306,505","-1053248,734",BÏl·podPradÏdem,,,silnice1.t¯Ìdy,44,312595.0,,OpaËn˝kesmÏru˙seku,Pomal˝,523917.0,,GN_V0.1UIR-ADR_410,1
141106190009,1,60.0,2019-01-11,5,835,1,2,0,2,1,0,501,0,0,0,50,2,8,1,1,1,1,1,1,0,0,0,1,2,0,,17,,XX,,,,,,,0,,,,"-550852,184","-1039616,675","-550852,184","-1039616,675","-550848,18","-1039611,242",,,,silnice1.t¯Ìdy,60,260855.0,,Souhlasn˝sesmÏrem˙seku,Pomal˝,553484.0,,GN_V0.1UIR-ADR_410,2
141106190010,6,,2019-01-10,4,1925,2,0,0,2,1,0,204,0,0,0,40,2,8,1,1,4,1,1,1,0,0,0,1,2,0,,17,,XX,,,,,,,0,,,,"-555935,157","-1031464,649","-555935,157","-1031464,649","-555937,072","-1031462,39",JavornÌk,äkolnÌ,,mÌstnÌkomunikace,,236861.0,,OpaËn˝kesmÏru˙seku,Pomal˝,536148.0,161161.0,GN_V0.1UIR-ADR_410,1
141106190011,6,,2019-01-14,1,1115,1,4,0,2,1,2,504,0,0,0,500,2,6,1,5,3,1,1,1,0,0,0,1,2,0,,12,0.0,,3.0,0.0,1.0,0.0,1.0,5.0,0,8.0,1.0,1.0,"-548320,852","-1062070,385","-548320,852","-1062070,385","-548318,147","-1062070,322",,,,mÌstnÌkomunikace,,1890331.0,,OpaËn˝kesmÏru˙seku,Pomal˝,540226.0,,GN_V0.1UIR-ADR_410,2
141106190012,6,,2019-01-14,1,1415,2,0,0,2,1,2,502,0,0,0,250,2,3,1,1,1,1,1,1,0,0,0,1,2,0,,3,42.0,17,1.0,0.0,1.0,0.0,1.0,5.0,100,2.0,1.0,1.0,"-543637,485","-1051072,676","-543637,485","-1051072,676","-543635,306","-1051071,094",JesenÌk,Dukelsk·,,mÌstnÌkomunikace,,305831.0,,Souhlasn˝sesmÏrem˙seku,Pomal˝,536385.0,161331.0,GN_V0.1UIR-ADR_410,1
141106190013,2,445.0,2019-01-16,3,955,1,2,0,2,1,2,505,0,0,0,350,2,3,1,1,1,1,1,1,0,0,10,1,2,0,,3,32.0,02,1.0,0.0,0.0,0.0,1.0,1.0,100,2.0,1.0,1.0,"-529481,722","-1048331,887","-529481,722","-1048331,887","-529479,671","-1048331,692",ZlatÈHory,n·m.Svobody,,silnice2.t¯Ìdy,445,296058.0,,Souhlasn˝sesmÏrem˙seku,Pomal˝,597996.0,162795.0,GN_V0.1UIR-ADR_410,1
141106190014,2,457.0,2019-01-16,3,1200,3,0,9,2,1,0,505,0,0,0,480,2,5,1,1,1,1,1,3,0,0,0,2,1,0,,5,19.0,05,3.0,0.0,0.0,0.0,1.0,1.0,400,3.0,1.0,1.0,"-560323,31","-1032964,049","-560323,31","-1032957,623","-560323,009","-1032956,902",JavornÌk,,,silnice2.t¯Ìdy,457,3187306.0,,Souhlasn˝sesmÏrem˙seku,Pomal˝,536148.0,,GN_V0.1UIR-ADR_410,1
141106190015,1,60.0,2019-01-17,4,1435,3,0,3,2,1,0,501,0,0,0,120,2,1,1,1,1,1,1,3,0,0,7,1,1,0,,3,39.0,94,1.0,0.0,0.0,0.0,1.0,1.0,50,2.0,1.0,1.0,"-550497,084","-1043524,223","-550497,084","-1043524,223","-550490,982","-1043523,661",V·penn·,,,silnice1.t¯Ìdy,60,2725628.0,,Souhlasn˝sesmÏrem˙seku,Pomal˝,541249.0,,GN_V0.1UIR-ADR_410,1
141106190016,2,457.0,2019-01-18,5,520,3,0,4,2,1,2,205,0,0,0,500,2,6,1,1,4,1,1,3,0,0,8,3,1,0,,3,13.0,05,1.0,1.0,1.0,1.0,1.0,3.0,400,2.0,1.0,1.0,"-533107,675","-1046379,678","-533107,675","-1046379,678","-533108,769","-1046380,043",,,,silnice2.t¯Ìdy,457,2987659.0,,OpaËn˝kesmÏru˙seku,Pomal˝,597996.0,,GN_V0.1UIR-ADR_410,2
141106190017,1,44.0,2019-01-18,5,630,1,1,0,2,1,2,204,0,0,0,500,2,9,1,1,4,1,1,1,0,0,0,3,2,0,,3,13.0,02,1.0,1.0,1.0,0.0,1.0,3.0,200,2.0,1.0,1.0,"-543277,004","-1050471,814","-543277,004","-1050471,814","-543276,313","-1050472,095",JesenÌk,BezruËova,,silnice1.t¯Ìdy,44,303431.0,,OpaËn˝kesmÏru˙seku,Pomal˝,536385.0,161292.0,GN_V0.1UIR-ADR_410,1