IDENTIFIKA»NÕ »ÕSLO,DRUH POZEMNÕ KOMUNIKACE,»ÕSLO POZEMNÕ KOMUNIKACE,"den, mÏsÌc, rok",,Ëas ,DRUH NEHODY,DRUH SR¡éKY JEDOUCÕCH VOZIDEL,DRUH PEVN… PÿEK¡éKY,CHARAKTER NEHODY,ZAVINÃNÕ NEHODY,ALKOHOL U VINÕKA NEHODY PÿÕTOMEN,HLAVNÕ PÿÕ»INY NEHODY,usmrceno osob,tÏûce zranÏno osob,lehce zranÏno osob,CELKOV¡ HMOTN¡ äKODA,DRUH POVRCHU VOZOVKY,STAV POVRCHU VOZOVKY V DOBÃ NEHODY,STAV KOMUNIKACE,POVÃTRNOSTNÕ PODMÕNKY V DOBÃ NEHODY,VIDITELNOST,ROZHLEDOV… POMÃRY,DÃLENÕ KOMUNIKACE,SITUOV¡NÕ NEHODY NA KOMUNIKACI,ÿÕZENÕ PROVOZU V DOBÃ NEHODY,MÕSTNÕ ⁄PRAVA PÿEDNOSTI V JÕZDÃ,SPECIFICK¡ MÕSTA A OBJEKTY V MÕSTÃ NEHODY,SMÃROV… POMÃRY,PO»ET Z⁄»ASTNÃN›CH VOZIDEL,MÕSTO DOPRAVNÕ NEHODY,DRUH KÿIéUJÕCÕ KOMUNIKACE,DRUH VOZIDLA,V›ROBNÕ ZNA»KA MOTOROV…HO VOZIDLA,ROK V›ROBY VOZIDLA,CHARAKTERISTIKA VOZIDLA ,SMYK,VOZIDLO PO NEHODÃ,"⁄NIK PROVOZNÕCH, PÿEPRAVOVAN›CH HMOT",ZPŸSOB VYPROäTÃNÕ OSOB Z VOZIDLA,SMÃR JÕZDY NEBO POSTAVENÕ VOZIDLA,äKODA NA VOZIDLE,KATEGORIE ÿIDI»E,STAV ÿIDI»E,VNÃJäÕ OVLIVNÃNÕ ÿIDI»E,nan.1,nan.2,nan.3,nan.4,nan.5,nan.6,nan.7,nan.8,nan.9,nan.10,nan.11,nan.12,nan.13,nan.14,nan.15,nan.16,nan.17,nan.18,LOKALITA NEHODY
141106190018,1,44.0,2019-01-18,5,705,3,0,9,1,1,2,204,0,0,2,300,2,6,1,6,2,1,1,8,0,0,0,2,1,0,,3,4.0,01,1.0,1.0,0.0,0.0,1.0,1.0,300,2.0,1.0,1.0,"-542046,763","-1048515,86","-542046,763","-1048515,86","-542045,157","-1048517,506",»esk·Ves,J·nskÈho,,silnice1.t¯Ìdy,44,803578.0,,Souhlasn˝sesmÏrem˙seku,Pomal˝,569356.0,160776.0,GN_V0.1UIR-ADR_410,1
141106190019,2,457.0,2019-01-19,6,1230,1,2,0,2,1,2,501,0,0,0,100,2,1,1,1,1,1,1,1,0,0,0,3,2,0,,3,16.0,14,1.0,0.0,1.0,0.0,1.0,1.0,50,2.0,1.0,1.0,"-540089,036","-1038624,271","-540089,036","-1038624,271","-540084,916","-1038618,29",,,,silnice2.t¯Ìdy,457,1089699.0,,OpaËn˝kesmÏru˙seku,Pomal˝,569453.0,,GN_V0.1UIR-ADR_410,2
141106190020,3,4563.0,2019-01-20,0,142,2,0,0,2,1,0,203,0,0,0,100,1,1,1,1,4,1,1,3,0,0,0,1,2,0,,3,31.0,01,1.0,0.0,0.0,0.0,1.0,1.0,50,9.0,,,"-543320,011","-1034981,424","-543320,011","-1034981,424","-543324,32","-1034974,765",Vidnava,RadniËnÌ,,silnice3.t¯Ìdy,4563,2726181.0,,OpaËn˝kesmÏru˙seku,Pomal˝,541303.0,162639.0,GN_V0.1UIR-ADR_410,1
141106190021,6,,2019-01-01,2,2560,2,0,0,2,1,0,511,0,0,0,10,2,3,1,1,1,1,0,0,0,0,0,1,2,0,,17,,XX,,,,,,,0,,,,"-544336,951","-1051695,668","-544336,951","-1051695,668","-544331,998","-1051704,729",JesenÌk,Moravsk·,,mÌstnÌkomunikace,,308284.0,,OpaËn˝kesmÏru˙seku,Pomal˝,536385.0,162230.0,GN_V0.1UIR-ADR_410,1
141106190022,2,457.0,2019-01-21,1,945,3,0,9,2,1,2,204,0,0,0,150,2,5,6,1,1,1,1,1,0,0,0,1,1,0,,4,47.0,95,9.0,1.0,1.0,0.0,1.0,3.0,50,2.0,1.0,1.0,"-558214,32","-1032631,413","-558214,32","-1032631,413","-558210,136","-1032636,288",,,,silnice2.t¯Ìdy,457,3266066.0,,OpaËn˝kesmÏru˙seku,Pomal˝,536148.0,,GN_V0.1UIR-ADR_410,2
141106190023,1,44.0,2019-01-22,2,1000,2,0,0,1,1,2,201,0,0,2,1210,2,1,1,1,1,1,1,1,0,0,2,1,3,0,,3,13.0,03,1.0,0.0,1.0,1.0,1.0,1.0,100,2.0,1.0,1.0,"-542014,941","-1048497,24","-542014,941","-1048497,24","-542019,541","-1048492,523",»esk·Ves,J·nskÈho,,silnice1.t¯Ìdy,44,803578.0,,OpaËn˝kesmÏru˙seku,Pomal˝,569356.0,160776.0,GN_V0.1UIR-ADR_410,1
141106190024,1,44.0,2019-01-22,2,1620,2,0,0,2,1,2,201,0,0,0,1500,2,1,1,1,1,1,1,1,0,0,0,1,2,0,,3,39.0,14,3.0,0.0,1.0,0.0,1.0,1.0,1000,2.0,1.0,1.0,"-543228,1","-1049904,936","-543228,1","-1049904,936","-543229,499","-1049904,933",JesenÌk,BezruËova,,silnice1.t¯Ìdy,44,301463.0,,OpaËn˝kesmÏru˙seku,Pomal˝,536385.0,161292.0,GN_V0.1UIR-ADR_410,1
141106190025,6,,2019-01-23,3,1215,3,0,9,2,1,2,508,0,0,0,60,2,3,1,1,1,1,1,8,0,0,0,1,1,0,,5,26.0,15,3.0,0.0,0.0,0.0,1.0,5.0,10,3.0,1.0,1.0,"-534059,643","-1043670,696","-534059,643","-1043670,696","-534059,892","-1043670,858",Mikulovice,HlavnÌ,,mÌstnÌkomunikace,,803697.0,,OpaËn˝kesmÏru˙seku,Pomal˝,540382.0,,GN_V0.1UIR-ADR_410,1
141106190026,1,44.0,2019-01-24,4,1005,4,0,0,1,1,2,508,0,0,1,200,2,5,1,1,1,1,1,1,0,0,1,1,1,0,,3,8.0,16,1.0,0.0,0.0,0.0,1.0,3.0,200,2.0,1.0,1.0,"-541803,342","-1048184,922","-541803,342","-1048184,922","-541801,664","-1048185,846",»esk·Ves,J·nskÈho,,silnice1.t¯Ìdy,44,295365.0,,Souhlasn˝sesmÏrem˙seku,Pomal˝,569356.0,160776.0,GN_V0.1UIR-ADR_410,1
141106190027,3,4531.0,2019-01-25,5,30,5,0,0,2,4,0,100,0,0,0,150,2,3,1,5,6,1,1,1,0,0,0,1,1,0,,5,26.0,09,8.0,0.0,1.0,0.0,1.0,1.0,0,3.0,1.0,5.0,"-558805,931","-1026970,66","-558805,931","-1026970,66","-558802,76","-1026966,827",,,,silnice3.t¯Ìdy,4531,1745004.0,,Souhlasn˝sesmÏrem˙seku,Pomal˝,536148.0,,GN_V0.1UIR-ADR_410,2
141106190028,2,457.0,2019-01-25,5,735,1,1,0,2,1,2,204,0,0,0,1800,2,8,1,6,3,1,1,1,2,0,2,4,2,19,2.0,3,44.0,18,3.0,1.0,1.0,1.0,1.0,14.0,1500,2.0,1.0,1.0,"-534366,906","-1043428,296","-534366,906","-1043428,296","-534362,786","-1043423,032",Mikulovice,N·draûnÌ,,silnice2.t¯Ìdy,457,276248.0,,Souhlasn˝sesmÏrem˙seku,Pomal˝,540382.0,162434.0,GN_V0.1UIR-ADR_410,1
141106190029,2,457.0,2019-01-25,5,955,1,4,0,2,1,2,204,0,0,0,550,2,6,1,6,3,1,1,1,0,0,0,3,2,0,,3,17.0,16,1.0,1.0,1.0,0.0,1.0,3.0,500,2.0,1.0,1.0,"-533012,262","-1047582,593","-533012,262","-1047582,593","-533013,857","-1047582,294",,,,silnice2.t¯Ìdy,457,1465786.0,,OpaËn˝kesmÏru˙seku,Pomal˝,597996.0,,GN_V0.1UIR-ADR_410,2
141106190030,2,457.0,2019-01-25,5,1415,1,1,0,2,1,2,204,0,0,0,1800,2,6,1,5,3,1,1,1,0,0,0,3,2,0,,3,1.0,04,1.0,1.0,1.0,0.0,1.0,1.0,300,2.0,1.0,1.0,"-531724,628","-1048967,209","-531724,628","-1048967,209","-531721,129","-1048964,892",,,,silnice2.t¯Ìdy,457,1745197.0,,Souhlasn˝sesmÏrem˙seku,Pomal˝,597996.0,,GN_V0.1UIR-ADR_410,2
141106190031,1,60.0,2019-01-26,6,400,9,0,0,1,1,0,510,0,0,1,30,2,3,1,6,7,1,1,3,0,0,0,2,1,0,,3,39.0,98,1.0,0.0,1.0,0.0,1.0,3.0,20,7.0,0.0,1.0,"-554407,059","-1035446,805","-554407,059","-1035446,805","-554401,768","-1035445,244",,,,silnice1.t¯Ìdy,60,1336942.0,,Souhlasn˝sesmÏrem˙seku,Pomal˝,541214.0,,GN_V0.1UIR-ADR_410,2
141106190032,6,,2019-01-20,0,2560,3,0,9,2,1,0,511,0,0,0,50,2,6,1,5,1,1,1,8,0,0,0,1,1,0,,17,,XX,,,,,,,0,,,,"-554998,096","-1054462,126","-554998,096","-1054462,126","-554996,5","-1054460,053",Ostruûn·,,,mÌstnÌkomunikace,,1970038.0,,Souhlasn˝sesmÏrem˙seku,Pomal˝,569330.0,,GN_V0.1UIR-ADR_410,1
141106190033,3,4531.0,2019-01-30,3,725,5,0,0,2,4,0,100,0,0,0,320,2,1,1,1,2,1,1,1,0,0,0,1,1,0,,3,39.0,13,3.0,0.0,1.0,0.0,1.0,1.0,300,2.0,1.0,5.0,"-558744,613","-1027021,617","-558744,613","-1027021,617","-558740,906","-1027016,78",,,,silnice3.t¯Ìdy,4531,1745004.0,,Souhlasn˝sesmÏrem˙seku,Pomal˝,536148.0,,GN_V0.1UIR-ADR_410,2
141106190034,6,,2019-01-30,3,1210,1,4,0,2,1,2,410,0,0,0,450,2,1,1,1,1,1,1,1,3,4,0,5,2,10,6.0,3,35.0,09,1.0,0.0,1.0,0.0,1.0,5.0,150,2.0,1.0,1.0,"-543613,789","-1051101,764","-543615,466","-1051098,576","-543615,395","-1051098,525",JesenÌk,Dukelsk·,,mÌstnÌkomunikace,,305831.0,,Souhlasn˝sesmÏrem˙seku,Pomal˝,536385.0,161331.0,GN_V0.1UIR-ADR_410,1
141106190035,1,44.0,2019-01-31,4,1645,1,4,0,1,1,2,503,0,0,1,500,2,1,1,1,2,1,1,1,3,5,0,5,2,19,6.0,3,7.0,96,1.0,0.0,0.0,0.0,1.0,13.0,200,2.0,1.0,1.0,"-543578,282","-1052231,086","-543578,282","-1052231,086",-543576,"-1052232,3",JesenÌk,äumpersk·,,silnice1.t¯Ìdy,44,803409.0,,OpaËn˝kesmÏru˙seku,Pomal˝,536385.0,162175.0,GN_V0.1UIR-ADR_410,1
141106190036,2,457.0,2019-01-31,4,1825,5,0,0,2,4,0,100,0,0,0,200,2,3,1,1,6,1,1,1,0,0,0,2,1,0,,3,32.0,09,1.0,0.0,0.0,0.0,1.0,1.0,200,2.0,1.0,5.0,"-545395,291","-1033628,901","-545395,291","-1033628,901","-545391,099","-1033624,262",,,,silnice2.t¯Ìdy,457,1970175.0,,Souhlasn˝sesmÏrem˙seku,Pomal˝,553468.0,,GN_V0.1UIR-ADR_410,2
141206190001,2,150.0,2019-01-01,2,440,4,0,0,1,3,9,100,0,0,1,0,2,1,1,2,4,1,1,1,0,5,7,1,1,0,,3,13.0,00,7.0,0.0,1.0,0.0,1.0,3.0,0,2.0,1.0,1.0,"-558416,575","-1133726,349","-558416,575","-1133726,349","-558418,877","-1133733,315",ProstÏjov,V·penice,,silnice2.t¯Ìdy,150,3000733.0,,OpaËn˝kesmÏru˙seku,Pomal˝,589250.0,515230.0,GN_V0.1UIR-ADR_410,1
141206190002,3,37762.0,2019-01-02,3,1525,1,2,0,2,1,2,402,0,0,0,400,2,3,1,1,1,1,1,1,3,3,0,4,2,19,6.0,3,12.0,07,0.0,0.0,0.0,0.0,1.0,12.0,100,2.0,1.0,1.0,"-561724,965","-1133837,134","-561736,211","-1133874,621","-561735,54","-1133874,84",ProstÏjov,Domamyslick·,,silnice3.t¯Ìdy,37762,569952.0,,Souhlasn˝sesmÏrem˙seku,Pomal˝,589250.0,517879.0,GN_V0.1UIR-ADR_410,1
141206190003,6,,2019-01-02,3,2560,2,0,0,2,1,0,506,0,0,0,30,2,1,1,1,1,1,1,1,0,0,0,1,2,0,,17,,XX,,,,,,,0,,,,"-559235,656","-1133447,756","-559235,656","-1133447,756","-559235,774","-1133451,06",ProstÏjov,FanderlÌkova,,mÌstnÌkomunikace,,568465.0,,OpaËn˝kesmÏru˙seku,Pomal˝,589250.0,517356.0,GN_V0.1UIR-ADR_410,1
141206190004,2,150.0,2019-01-08,2,715,3,0,1,1,1,2,204,0,0,1,610,2,5,1,5,2,1,1,1,0,0,0,3,1,0,,3,31.0,03,1.0,1.0,1.0,0.0,1.0,3.0,600,2.0,1.0,1.0,"-549287,384","-1134435,342","-549287,384","-1134435,342","-549288,611","-1134428,327",,,,silnice2.t¯Ìdy,150,1254544.0,,Souhlasn˝sesmÏrem˙seku,Pomal˝,589284.0,,GN_V0.1UIR-ADR_410,2
141206190005,3,36632.0,2019-01-08,2,730,9,0,0,2,1,2,204,0,0,0,1510,2,6,1,5,2,1,1,1,0,0,0,2,1,0,,5,19.0,11,2.0,1.0,0.0,0.0,1.0,1.0,1500,2.0,1.0,1.0,"-566784,347","-1126069,313","-566784,347","-1126069,313","-566783,822","-1126069,131",,,,silnice3.t¯Ìdy,36632,1996379.0,,OpaËn˝kesmÏru˙seku,Pomal˝,589501.0,,GN_V0.1UIR-ADR_410,2
141206190006,2,449.0,2019-01-09,3,600,1,1,0,1,1,2,204,0,0,2,500,2,6,1,6,6,1,1,1,0,0,0,1,2,0,,3,39.0,94,1.0,1.0,1.0,0.0,2.0,1.0,250,2.0,1.0,1.0,"-559426,163","-1131215,453","-559426,163","-1131215,453","-559423,183","-1131216,564",,,,silnice2.t¯Ìdy,449,1467290.0,,OpaËn˝kesmÏru˙seku,Pomal˝,590029.0,,GN_V0.1UIR-ADR_410,2
141206190007,3,37760.0,2019-01-09,3,610,3,0,2,2,1,2,204,0,0,0,120,2,5,1,1,6,3,1,8,3,3,0,3,1,0,,3,39.0,98,1.0,1.0,0.0,0.0,1.0,3.0,100,2.0,1.0,1.0,"-560114,579","-1131140,887","-560114,579","-1131140,887","-560112,396","-1131141,911",Smrûice,,,silnice3.t¯Ìdy,37760,2999514.0,,OpaËn˝kesmÏru˙seku,Pomal˝,590029.0,,GN_V0.1UIR-ADR_410,1
141206190008,3,37763.0,2019-01-09,3,935,3,0,1,1,1,2,204,0,0,1,430,2,3,1,1,1,1,1,3,0,0,0,2,1,0,,3,39.0,06,1.0,1.0,1.0,0.0,1.0,1.0,400,2.0,1.0,1.0,"-561949,434","-1141877,594","-561949,434","-1141877,594","-561949,842","-1141878,166",,,,silnice3.t¯Ìdy,37763,2999027.0,,OpaËn˝kesmÏru˙seku,Pomal˝,590177.0,,GN_V0.1UIR-ADR_410,2
141206190009,2,367.0,2019-01-09,3,1505,1,4,0,1,1,2,503,0,0,1,120,2,3,1,1,1,1,1,1,0,0,0,1,2,0,,3,39.0,04,1.0,0.0,1.0,0.0,1.0,3.0,20,2.0,1.0,1.0,"-557464,899","-1134566,165","-557464,899","-1134566,165","-557464,224","-1134566,841",ProstÏjov,Kralick·,,silnice2.t¯Ìdy,367,1287372.0,,OpaËn˝kesmÏru˙seku,Pomal˝,589250.0,660019.0,GN_V0.1UIR-ADR_410,1
141206190010,6,,2019-01-10,4,1450,3,0,2,2,1,2,508,0,0,0,500,2,3,1,1,1,1,0,8,0,0,1,3,1,0,,3,47.0,,1.0,0.0,0.0,0.0,1.0,5.0,300,2.0,1.0,1.0,"-559343,207","-1134738,983","-559343,207","-1134738,983","-559338,2","-1134725,998",ProstÏjov,OkruûnÌ,,mÌstnÌkomunikace,,572620.0,,OpaËn˝kesmÏru˙seku,Pomal˝,589250.0,516899.0,GN_V0.1UIR-ADR_410,1
141206190011,2,150.0,2019-01-11,5,800,0,0,0,1,5,2,100,0,0,1,0,2,3,1,1,1,1,1,1,0,0,0,1,1,0,,8,78.0,13,1.0,0.0,1.0,0.0,1.0,3.0,0,4.0,1.0,1.0,"-558540,559","-1134207,849","-558540,559","-1134222,843","-558540,559","-1134223,006",ProstÏjov,Wolkerova,,silnice2.t¯Ìdy,150,571103.0,,OpaËn˝kesmÏru˙seku,Pomal˝,589250.0,515256.0,GN_V0.1UIR-ADR_410,1
141206190012,0,46.0,2019-01-11,5,2230,1,2,0,2,1,2,502,0,0,0,30,2,8,1,5,7,1,6,1,0,0,0,1,2,0,,7,35.0,15,0.0,0.0,1.0,0.0,1.0,1.0,0,3.0,1.0,1.0,"-560621,478","-1144827,251","-560631,117","-1144822,967","-560630,719","-1144823,026",,,,mÌstnÌkomunikace,R46,3180344.0,,Souhlasn˝sesmÏrem˙seku,Pomal˝,589322.0,,GN_V0.1UIR-ADR_410,2
141206190013,6,,2019-01-12,6,1050,0,0,0,1,1,2,403,0,0,1,1300,2,3,1,1,1,1,1,1,3,3,0,4,2,10,6.0,3,39.0,05,1.0,0.0,0.0,1.0,1.0,5.0,400,2.0,1.0,1.0,"-556841,582","-1131650,891","-556836,763","-1131656,247","-556837,309","-1131655,838",Drûovice,Olomouck·,,mÌstnÌkomunikace,,1467305.0,,Souhlasn˝sesmÏrem˙seku,Pomal˝,558419.0,,GN_V0.1UIR-ADR_410,1
141206190014,6,,2019-01-13,0,2560,3,0,3,2,1,0,204,0,0,0,20,2,3,1,3,3,1,1,8,0,5,0,1,1,0,,17,,XX,,,,,,,0,,,,"-560042,889","-1133714,511","-560042,889","-1133714,511","-560045,865","-1133711,387",ProstÏjov,,,mÌstnÌkomunikace,,1744566.0,,Souhlasn˝sesmÏrem˙seku,Pomal˝,589250.0,,GN_V0.1UIR-ADR_410,1
141206190015,6,,2019-01-13,0,1205,3,0,3,2,1,2,205,0,0,0,630,2,1,1,1,1,1,1,1,3,3,2,7,1,10,6.0,5,5.0,07,1.0,1.0,0.0,0.0,1.0,5.0,50,7.0,0.0,0.0,"-559927,483","-1134405,995","-559927,483","-1134405,995","-559925,817","-1134404,445",ProstÏjov,VpolÌch,,mÌstnÌkomunikace,,3334597.0,,Souhlasn˝sesmÏrem˙seku,Pomal˝,589250.0,516953.0,GN_V0.1UIR-ADR_410,1
141206190016,3,36620.0,2019-01-14,1,640,9,0,0,1,1,2,204,0,0,2,400,2,6,1,6,7,1,1,8,0,0,0,2,1,0,,3,39.0,06,1.0,1.0,0.0,0.0,1.0,3.0,400,2.0,1.0,1.0,"-574745,065","-1119371,996","-574756,846","-1119375,209","-574758,145","-1119376,898",,,,silnice3.t¯Ìdy,36620,1613337.0,,Souhlasn˝sesmÏrem˙seku,Pomal˝,589624.0,,GN_V0.1UIR-ADR_410,2
141206190017,3,462.0,2019-01-14,1,730,3,0,1,1,1,2,511,0,0,1,430,2,6,1,6,2,1,1,8,0,0,0,2,1,0,,3,39.0,07,0.0,1.0,0.0,0.0,1.0,3.0,400,2.0,1.0,1.0,,,"-562960,032","-1147181,409","-562954,438","-1147185,206",,,,silnice3.t¯Ìdy,0462,601405.0,,Souhlasn˝sesmÏrem˙seku,Pomal˝,590240.0,,GN_V0.1UIR-ADR_410,2
141206190018,6,,2019-01-14,1,700,9,0,0,2,6,0,100,0,0,0,550,2,3,12,1,4,1,1,1,0,0,0,1,1,0,,7,40.0,06,3.0,0.0,0.0,0.0,1.0,5.0,500,3.0,1.0,1.0,"-555024,713","-1137377,007","-555024,713","-1137377,007","-555019,552","-1137384,505",Bedihoöù,Z·tiöÌ,,mÌstnÌkomunikace,,578825.0,,Souhlasn˝sesmÏrem˙seku,Pomal˝,589268.0,512397.0,GN_V0.1UIR-ADR_410,1
141206190019,2,448.0,2019-01-14,1,835,3,0,1,2,1,2,511,0,0,0,750,2,6,1,6,1,1,1,8,0,0,0,3,1,0,,7,62.0,17,0.0,1.0,1.0,0.0,1.0,3.0,700,3.0,1.0,1.0,"-571000,756","-1119703,749","-571000,756","-1119703,749","-570998,846","-1119714,019",BudÏtsko,,,silnice2.t¯Ìdy,448,2721499.0,,OpaËn˝kesmÏru˙seku,Pomal˝,589349.0,,GN_V0.1UIR-ADR_410,1
141206190020,3,37355.0,2019-01-14,1,1220,3,0,9,2,1,2,504,0,0,0,50,2,6,1,6,1,1,1,8,0,0,0,1,1,0,,7,10.0,11,9.0,0.0,0.0,0.0,1.0,1.0,0,3.0,1.0,1.0,"-560042,889","-1133714,511","-574534,104","-1126786,747","-574531,826","-1126789,192",Lipov·,,,silnice3.t¯Ìdy,37355,1101351.0,,OpaËn˝kesmÏru˙seku,Pomal˝,589691.0,,GN_V0.1UIR-ADR_410,1
141206190021,6,,2019-01-14,1,1600,1,2,0,2,1,2,402,0,0,0,350,2,1,1,1,1,1,1,8,3,3,0,4,2,10,7.0,3,39.0,01,0.0,0.0,0.0,0.0,1.0,5.0,100,2.0,1.0,1.0,"-560618,652","-1133703,008","-560618,652","-1133703,008","-560619,012","-1133702,923",ProstÏjov,ZahradnÌ,,mÌstnÌkomunikace,,3332006.0,,Souhlasn˝sesmÏrem˙seku,Pomal˝,589250.0,517704.0,GN_V0.1UIR-ADR_410,1
141206190022,0,46.0,2019-01-14,1,1923,3,0,4,2,1,2,204,0,0,0,330,2,6,1,6,7,1,6,1,0,0,0,1,1,0,,3,13.0,04,1.0,1.0,0.0,0.0,1.0,1.0,300,2.0,1.0,1.0,"-555677,597","-1130119,995","-555677,597","-1130119,995","-555674,805","-1130121,595",,,,mÌstnÌkomunikace,R46,562104.0,,Souhlasn˝sesmÏrem˙seku,Pomal˝,558419.0,,GN_V0.1UIR-ADR_410,2
141206190023,2,449.0,2019-01-15,2,2560,9,0,0,2,1,0,504,0,0,0,300,2,3,1,1,6,1,1,0,3,4,0,5,1,19,2.0,17,,XX,,,,,,,0,,,,"-559596,199","-1132181,643","-559596,199","-1132181,643","-559600,348","-1132181,286",,,,silnice2.t¯Ìdy,449,1890489.0,,Souhlasn˝sesmÏrem˙seku,Pomal˝,590029.0,,GN_V0.1UIR-ADR_410,2
141206190024,2,366.0,2019-01-17,4,810,5,0,0,2,4,0,100,0,0,0,20,2,1,1,1,1,1,1,1,0,0,0,1,1,0,,3,39.0,98,1.0,0.0,1.0,0.0,1.0,1.0,20,2.0,1.0,1.0,"-559718,432","-1132076,666","-559718,432","-1132076,666","-559722,029","-1132081,026",,,,silnice2.t¯Ìdy,366,3246172.0,,OpaËn˝kesmÏru˙seku,Pomal˝,590029.0,,GN_V0.1UIR-ADR_410,2
141206190025,6,,2019-01-18,5,760,2,0,0,2,1,0,504,0,0,0,30,2,1,1,1,1,1,1,1,0,0,0,1,2,0,,3,39.0,16,1.0,0.0,1.0,0.0,1.0,5.0,0,9.0,,,"-558171,467","-1134984,003","-558171,467","-1134984,003","-558169,087","-1134984,348",ProstÏjov,,,mÌstnÌkomunikace,,3147688.0,,Souhlasn˝sesmÏrem˙seku,Pomal˝,589250.0,,GN_V0.1UIR-ADR_410,1
141206190026,2,373.0,2019-01-18,5,800,3,0,1,2,1,2,511,0,0,0,10260,2,5,1,1,1,1,1,8,0,0,0,1,1,0,,7,40.0,18,0.0,0.0,0.0,0.0,1.0,4.0,10000,3.0,1.0,0.0,"-570576,469","-1114060,497","-570576,469","-1114060,497","-570574,997","-1114063,105",,,,silnice2.t¯Ìdy,373,3242796.0,,Souhlasn˝sesmÏrem˙seku,Pomal˝,589560.0,,GN_V0.1UIR-ADR_410,2
141206190027,0,46.0,2019-01-18,5,1715,6,0,0,2,4,0,100,0,0,0,400,2,1,1,1,6,1,6,1,0,0,0,1,1,0,,3,47.0,11,1.0,0.0,1.0,1.0,1.0,3.0,300,2.0,1.0,5.0,"-558589,388","-1136778,643","-558585,103","-1136783,999","-558584,207","-1136784,328",,,,mÌstnÌkomunikace,R46,577323.0,,Souhlasn˝sesmÏrem˙seku,Pomal˝,589250.0,,GN_V0.1UIR-ADR_410,2
141206190028,2,366.0,2019-01-20,0,1530,5,0,0,2,4,0,100,0,0,0,410,2,1,1,1,1,1,1,1,0,0,0,1,1,0,,3,39.0,14,1.0,0.0,0.0,0.0,1.0,1.0,400,3.0,1.0,1.0,"-565393,969","-1126498,372","-565393,969","-1126498,372","-565389,428","-1126496,215",,,,silnice2.t¯Ìdy,366,3189035.0,,Souhlasn˝sesmÏrem˙seku,Pomal˝,589501.0,,GN_V0.1UIR-ADR_410,2
141206190029,6,,2019-01-21,1,615,1,2,0,2,1,2,502,0,0,0,350,2,1,1,1,4,1,0,1,0,0,7,1,2,0,,8,99.0,11,5.0,0.0,1.0,0.0,1.0,5.0,300,4.0,1.0,1.0,"-557344,72","-1134097,567","-557344,72","-1134097,567","-557346,532","-1134097,507",ProstÏjov,Jan·Ëkova,,mÌstnÌkomunikace,,754996.0,,Souhlasn˝sesmÏrem˙seku,Pomal˝,589250.0,516376.0,GN_V0.1UIR-ADR_410,1
141206190030,2,367.0,2019-01-20,0,2560,2,0,0,2,1,0,504,0,0,0,80,2,1,1,1,1,1,1,1,0,0,0,1,2,0,,17,,XX,,,,,,,0,,,,"-557906,858","-1134380,368","-557906,858","-1134380,368","-557909,597","-1134386,225",ProstÏjov,DolnÌ,,silnice2.t¯Ìdy,367,1467668.0,,OpaËn˝kesmÏru˙seku,Pomal˝,589250.0,516341.0,GN_V0.1UIR-ADR_410,1
141206190031,6,,2019-01-21,1,2560,2,0,0,2,1,0,511,0,0,0,80,2,3,1,2,4,1,1,1,0,5,0,1,2,0,,17,,XX,,,,,,,0,,,,"-560306,289","-1133814,713","-560306,289","-1133814,713","-560309,628","-1133814,468",ProstÏjov,Norsk·,,mÌstnÌkomunikace,,570006.0,,OpaËn˝kesmÏru˙seku,Pomal˝,589250.0,659983.0,GN_V0.1UIR-ADR_410,1
141206190032,2,433.0,2019-01-22,2,1660,5,0,0,2,4,0,100,0,0,0,150,2,1,1,2,7,1,1,1,0,0,0,2,1,0,,3,35.0,09,0.0,0.0,0.0,0.0,1.0,3.0,150,2.0,1.0,1.0,"-553804,387","-1152283,468","-553804,387","-1152283,468","-553801,9","-1152283,505",,,,silnice2.t¯Ìdy,433,1340337.0,,Souhlasn˝sesmÏrem˙seku,Pomal˝,589721.0,,GN_V0.1UIR-ADR_410,2
141206190033,6,,2019-01-22,2,1650,1,2,0,2,1,2,501,0,0,0,25,2,3,1,1,2,3,1,1,0,5,0,2,2,0,,3,35.0,06,1.0,0.0,1.0,0.0,1.0,5.0,5,2.0,1.0,1.0,"-557135,457","-1133291,019","-557135,457","-1133291,019","-557135,501","-1133289,164",ProstÏjov,,,mÌstnÌkomunikace,,567696.0,,Souhlasn˝sesmÏrem˙seku,Pomal˝,589250.0,,GN_V0.1UIR-ADR_410,1
141206190034,2,366.0,2019-01-24,4,1810,9,0,0,1,1,6,205,0,0,1,300,2,1,1,1,6,1,1,1,0,0,0,3,1,0,,3,13.0,00,1.0,0.0,0.0,0.0,1.0,1.0,300,2.0,4.0,1.0,"-566614,88","-1124640,648","-566614,88","-1124640,648","-566615,542","-1124641,38",,,,silnice2.t¯Ìdy,366,1996507.0,,Souhlasn˝sesmÏrem˙seku,Pomal˝,589501.0,,GN_V0.1UIR-ADR_410,2