IDENTIFIKA»NÕ »ÕSLO,DRUH POZEMNÕ KOMUNIKACE,»ÕSLO POZEMNÕ KOMUNIKACE,"den, mÏsÌc, rok",,Ëas ,DRUH NEHODY,DRUH SR¡éKY JEDOUCÕCH VOZIDEL,DRUH PEVN… PÿEK¡éKY,CHARAKTER NEHODY,ZAVINÃNÕ NEHODY,ALKOHOL U VINÕKA NEHODY PÿÕTOMEN,HLAVNÕ PÿÕ»INY NEHODY,usmrceno osob,tÏûce zranÏno osob,lehce zranÏno osob,CELKOV¡ HMOTN¡ äKODA,DRUH POVRCHU VOZOVKY,STAV POVRCHU VOZOVKY V DOBÃ NEHODY,STAV KOMUNIKACE,POVÃTRNOSTNÕ PODMÕNKY V DOBÃ NEHODY,VIDITELNOST,ROZHLEDOV… POMÃRY,DÃLENÕ KOMUNIKACE,SITUOV¡NÕ NEHODY NA KOMUNIKACI,ÿÕZENÕ PROVOZU V DOBÃ NEHODY,MÕSTNÕ ⁄PRAVA PÿEDNOSTI V JÕZDÃ,SPECIFICK¡ MÕSTA A OBJEKTY V MÕSTÃ NEHODY,SMÃROV… POMÃRY,PO»ET Z⁄»ASTNÃN›CH VOZIDEL,MÕSTO DOPRAVNÕ NEHODY,DRUH KÿIéUJÕCÕ KOMUNIKACE,DRUH VOZIDLA,V›ROBNÕ ZNA»KA MOTOROV…HO VOZIDLA,ROK V›ROBY VOZIDLA,CHARAKTERISTIKA VOZIDLA ,SMYK,VOZIDLO PO NEHODÃ,"⁄NIK PROVOZNÕCH, PÿEPRAVOVAN›CH HMOT",ZPŸSOB VYPROäTÃNÕ OSOB Z VOZIDLA,SMÃR JÕZDY NEBO POSTAVENÕ VOZIDLA,äKODA NA VOZIDLE,KATEGORIE ÿIDI»E,STAV ÿIDI»E,VNÃJäÕ OVLIVNÃNÕ ÿIDI»E,nan.1,nan.2,nan.3,nan.4,nan.5,nan.6,nan.7,nan.8,nan.9,nan.10,nan.11,nan.12,nan.13,nan.14,nan.15,nan.16,nan.17,nan.18,LOKALITA NEHODY
141206190035,2,366.0,2019-01-24,4,2025,5,0,0,2,4,0,100,0,0,0,200,2,1,1,1,6,1,1,1,0,0,0,1,1,0,,3,17.0,15,12.0,0.0,0.0,0.0,1.0,1.0,200,2.0,1.0,5.0,"-571495,278","-1120383,796","-571495,278","-1120383,796","-571496,481","-1120385,666",,,,silnice2.t¯Ìdy,366,2998913.0,,OpaËn˝kesmÏru˙seku,Pomal˝,589624.0,,GN_V0.1UIR-ADR_410,2
141206190036,0,46.0,2019-01-25,5,655,3,0,4,2,1,9,508,0,0,0,8020,2,3,1,1,6,1,6,1,0,0,0,3,1,0,,6,48.0,,3.0,0.0,0.0,0.0,1.0,3.0,4500,3.0,5.0,1.0,"-559203,576","-1137950,761","-559203,576","-1137949,155","-559200,045","-1137949,129",,,,mÌstnÌkomunikace,R46,3073018.0,,Souhlasn˝sesmÏrem˙seku,Pomal˝,590126.0,,GN_V0.1UIR-ADR_410,2
141206190037,6,,2019-01-25,5,1315,3,0,9,2,1,2,204,0,0,0,520,2,6,1,1,1,1,0,1,0,0,0,3,1,0,,3,39.0,17,3.0,1.0,1.0,0.0,1.0,5.0,500,2.0,1.0,1.0,"-579651,495","-1120007,795","-579651,495","-1120007,795","-579637,789","-1120036,811",,,,mÌstnÌkomunikace,,2998912.0,,,Pomal˝,590002.0,,GN_V0.1UIR-ADR_410,2
141206190038,3,462.0,2019-01-25,5,1745,5,0,0,2,4,0,100,0,0,0,50,2,1,1,1,6,1,1,1,0,0,0,1,1,0,,3,39.0,18,3.0,0.0,1.0,0.0,1.0,3.0,20,2.0,1.0,5.0,,,"-561795,634","-1146172,523","-561794,939","-1146172,883",,,,silnice3.t¯Ìdy,0462,3189260.0,,Souhlasn˝sesmÏrem˙seku,Pomal˝,589322.0,,GN_V0.1UIR-ADR_410,2
141206190039,2,150.0,2019-01-25,5,2020,4,0,0,1,1,2,412,0,0,1,0,2,1,1,1,4,1,2,1,2,0,1,4,1,29,6.0,3,13.0,05,1.0,0.0,0.0,0.0,1.0,11.0,0,2.0,1.0,1.0,"-558881,688","-1133845,066","-558880,082","-1133845,066","-558880,077","-1133845,067",ProstÏjov,Blahoslavova,,silnice2.t¯Ìdy,150,569879.0,,,Pomal˝,589250.0,514934.0,GN_V0.1UIR-ADR_410,1
141206190040,6,,2019-01-26,6,815,3,0,6,2,1,2,511,0,0,0,400,2,1,1,1,1,1,1,1,3,3,0,1,1,0,,3,44.0,17,3.0,0.0,1.0,0.0,1.0,5.0,300,2.0,1.0,1.0,"-561521,125","-1128695,252","-561521,125","-1128695,252","-561511,614","-1128697,358",KostelecnaHanÈ,SportovnÌ,,mÌstnÌkomunikace,,871285.0,,Souhlasn˝sesmÏrem˙seku,Pomal˝,589632.0,513482.0,GN_V0.1UIR-ADR_410,1
141206190041,3,36630.0,2019-01-26,6,1530,9,0,0,1,1,2,204,0,0,1,200,2,6,1,3,3,1,1,1,0,0,0,3,1,0,,3,39.0,01,1.0,0.0,1.0,0.0,1.0,3.0,200,2.0,1.0,1.0,"-566028,548","-1122852,216","-566028,548","-1122852,216","-566030,3","-1122850,753",,,,silnice3.t¯Ìdy,36630,1996440.0,,OpaËn˝kesmÏru˙seku,Pomal˝,589934.0,,GN_V0.1UIR-ADR_410,2
141206190042,6,,2019-01-27,0,100,3,0,6,1,1,8,504,0,0,3,60,2,3,1,1,4,1,1,1,0,0,0,1,1,0,,3,17.0,15,1.0,0.0,1.0,0.0,1.0,5.0,50,2.0,5.0,1.0,"-559554,025","-1141638,841","-559554,025","-1141638,841","-559557,326","-1141636,677",Vranovice-KelËice,,,mÌstnÌkomunikace,,589406.0,,OpaËn˝kesmÏru˙seku,Pomal˝,590177.0,,GN_V0.1UIR-ADR_410,1
141206190043,6,,2019-01-26,6,2560,2,0,0,2,1,0,511,0,0,0,20,2,8,1,1,1,1,1,1,0,0,0,1,2,0,,17,,XX,,,,,,,0,,,,"-573570,124","-1118548,055","-573570,124","-1118548,055","-573590,97","-1118529,166",Konice,KomenskÈho,,mÌstnÌkomunikace,,2721463.0,,Souhlasn˝sesmÏrem˙seku,Pomal˝,589624.0,513008.0,GN_V0.1UIR-ADR_410,1
141206190044,3,4344.0,2019-01-28,1,555,9,0,0,1,1,2,204,0,0,1,500,2,6,1,5,7,1,1,8,0,0,0,3,1,0,,3,31.0,05,1.0,0.0,0.0,0.0,1.0,1.0,500,2.0,1.0,1.0,"-549646,579","-1137218,723","-549646,579","-1137218,723","-549650,393","-1137225,649",,,,silnice3.t¯Ìdy,4344,1996839.0,,OpaËn˝kesmÏru˙seku,Pomal˝,589616.0,,GN_V0.1UIR-ADR_410,2
141206190045,2,150.0,2019-01-28,1,610,3,0,1,1,1,2,204,0,0,1,205,2,6,1,5,7,3,1,8,0,5,0,2,1,0,,3,2.0,97,1.0,1.0,1.0,0.0,1.0,3.0,200,2.0,1.0,1.0,"-549242,716","-1134419,006","-549242,716","-1134419,006","-549242,497","-1134420,259",,,,silnice2.t¯Ìdy,150,1254544.0,,OpaËn˝kesmÏru˙seku,Pomal˝,589284.0,,GN_V0.1UIR-ADR_410,2
141206190046,6,,2019-01-28,1,830,1,2,0,1,1,2,501,0,0,1,1500,2,5,1,5,3,1,1,1,0,0,0,1,2,0,,3,26.0,03,1.0,1.0,0.0,0.0,1.0,5.0,500,2.0,1.0,1.0,"-556806,737","-1135072,443","-556816,912","-1135076,191","-556816,892","-1135076,208",ProstÏjov,KojetÌnsk·,,mÌstnÌkomunikace,,573351.0,,OpaËn˝kesmÏru˙seku,Pomal˝,589250.0,660027.0,GN_V0.1UIR-ADR_410,1
141206190047,6,,2019-01-28,1,1660,2,0,0,2,1,0,502,0,0,0,100,2,6,1,1,1,1,0,1,3,3,10,1,2,0,,17,,XX,,,,,,,0,,,,"-557921,34","-1134238,507","-557921,34","-1134238,507","-557919,967","-1134236,426",ProstÏjov,Husovon·m.,,mÌstnÌkomunikace,,571291.0,,Souhlasn˝sesmÏrem˙seku,Pomal˝,589250.0,516350.0,GN_V0.1UIR-ADR_410,1
141206190048,3,4357.0,2019-01-29,2,550,5,0,0,2,4,0,100,0,0,0,60,2,5,1,1,6,1,1,1,0,0,0,1,1,0,,3,17.0,12,1.0,0.0,0.0,0.0,1.0,1.0,50,2.0,1.0,5.0,"-552928,175","-1131176,828","-552928,175","-1131176,828","-552926,949","-1131179,429",,,,silnice3.t¯Ìdy,4357,3189057.0,,Souhlasn˝sesmÏrem˙seku,Pomal˝,590185.0,,GN_V0.1UIR-ADR_410,2
141206190049,8,,2019-01-28,1,1852,3,0,2,2,1,0,504,0,0,0,100,1,8,1,1,4,1,0,0,0,0,10,1,1,0,,7,48.0,,3.0,0.0,0.0,0.0,1.0,5.0,0,3.0,1.0,1.0,"-553910,689","-1151474,696","-553910,689","-1151474,696","-553863,366","-1151475,556",,,,silnice2.t¯Ìdy,433,3232896.0,,Souhlasn˝sesmÏrem˙seku,Pomal˝,589721.0,,GN_V0.1UIR-ADR_410,2
141206190050,6,,2019-01-29,2,2560,2,0,0,2,1,0,511,0,0,0,200,1,5,1,1,2,1,0,0,0,0,10,1,2,0,,17,,XX,,,,,,,0,,,,"-558428,697","-1133809,29","-558428,697","-1133809,29","-558428,972","-1133810,368",ProstÏjov,,,mÌstnÌkomunikace,,1522245.0,,Souhlasn˝sesmÏrem˙seku,Pomal˝,589250.0,,GN_V0.1UIR-ADR_410,1
141206190051,0,46.0,2019-01-30,3,810,1,2,0,2,1,0,403,0,0,0,260,2,3,1,2,3,3,6,1,3,4,0,3,4,0,,17,,XX,,,,,,,0,,,,"-553244,213","-1127501,685","-553273,131","-1127497,401","-553272,616","-1127497,612",,,,mÌstnÌkomunikace,R46,1412511.0,,Souhlasn˝sesmÏrem˙seku,Pomal˝,589829.0,,GN_V0.1UIR-ADR_410,2
141206190052,0,46.0,2019-01-30,3,805,1,4,0,2,1,2,503,0,0,0,600,2,3,1,1,1,1,6,1,0,0,0,3,2,0,,3,47.0,16,1.0,0.0,0.0,0.0,1.0,1.0,100,2.0,1.0,1.0,"-553244,213","-1127501,685","-553273,131","-1127499,543","-553273,366","-1127499,447",,,,mÌstnÌkomunikace,R46,1412511.0,,Souhlasn˝sesmÏrem˙seku,Pomal˝,589829.0,,GN_V0.1UIR-ADR_410,2
141206190053,3,44928.0,2019-01-30,3,1250,9,0,0,2,1,2,204,0,0,0,500,2,6,1,1,1,1,1,8,0,0,0,2,1,0,,3,29.0,01,1.0,0.0,0.0,0.0,1.0,1.0,500,2.0,1.0,1.0,"-555065,181","-1127252,373","-555065,181","-1127252,373","-555064,983","-1127253,655",,,,silnice3.t¯Ìdy,44928,3189004.0,,OpaËn˝kesmÏru˙seku,Pomal˝,589829.0,,GN_V0.1UIR-ADR_410,2
141206190054,2,366.0,2019-01-31,4,645,5,0,0,2,4,0,100,0,0,0,30,2,3,1,1,6,1,1,1,0,0,0,1,1,0,,3,39.0,95,1.0,0.0,1.0,0.0,1.0,1.0,20,2.0,1.0,5.0,"-570606,445","-1121893,459","-570606,445","-1121893,459","-570599,322","-1121888,67",,,,silnice2.t¯Ìdy,366,1996486.0,,Souhlasn˝sesmÏrem˙seku,Pomal˝,589934.0,,GN_V0.1UIR-ADR_410,2
60044194003,0,1.0,2019-01-04,5,2218,3,0,3,2,1,2,204,0,0,0,500,3,5,1,5,7,1,3,3,0,0,5,1,1,0,,3,35.0,98,1.0,1.0,1.0,0.0,1.0,1.0,200,2.0,1.0,1.0,"-535969,625","-1152638,23","-535969,625","-1152638,23","-535970,44","-1152635,719",,,,d·lnice,D1,3512881,,Souhlasn˝sesmÏrem˙seku,Pomal˝,588491.0,,GN_V0.1UIR-ADR_410,2
60044194004,0,1.0,2019-01-07,1,2100,5,0,0,2,4,0,100,0,0,0,125,3,1,1,1,6,1,3,1,0,0,0,1,1,0,,3,17.0,14,3.0,0.0,0.0,0.0,1.0,3.0,100,2.0,1.0,1.0,"-542075,497","-1153860,271","-542075,497","-1153860,271","-542073,434","-1153868,835",,,,d·lnice,D1,3513807,,OpaËn˝kesmÏru˙seku,Pomal˝,588296.0,,GN_V0.1UIR-ADR_410,2
60044194010,0,1.0,2019-01-26,6,815,3,0,3,1,1,2,204,0,0,1,750,2,6,1,6,1,1,1,1,0,0,0,3,1,0,,3,12.0,08,1.0,1.0,1.0,1.0,3.0,1.0,700,2.0,1.0,1.0,"-533953,784","-1151761,663","-533953,784","-1151761,663","-533954,099","-1151765,52",,,,d·lnice,D1,1891985,,Souhlasn˝sesmÏrem˙seku,Pomal˝,588491.0,,GN_V0.1UIR-ADR_410,2
150506190001,1,49.0,2019-01-01,2,645,3,0,3,1,1,2,204,0,0,1,510,2,3,1,1,6,1,1,1,0,0,0,1,1,0,,3,48.0,05,1.0,0.0,0.0,0.0,1.0,1.0,500,2.0,1.0,1.0,"-511767,363","-1167505,743","-511767,363","-1167505,743","-511767,287","-1167507,127",,,,silnice1.t¯Ìdy,49,2132497,,OpaËn˝kesmÏru˙seku,Pomal˝,585998.0,,GN_V0.1UIR-ADR_410,2
150506190002,2,490.0,2019-01-02,3,1815,3,0,1,2,1,2,209,0,0,0,200,2,3,1,1,6,1,1,1,0,0,0,1,1,0,,3,4.0,05,1.0,0.0,1.0,0.0,1.0,3.0,200,3.0,1.0,1.0,"-521684,195","-1166815,1","-521684,195","-1166815,1","-521686,634","-1166814,723",ZlÌn,B¯eznick·,,silnice2.t¯Ìdy,490,1289785,,OpaËn˝kesmÏru˙seku,Pomal˝,585068.0,645001.0,GN_V0.1UIR-ADR_410,1
150506190003,3,36748.0,2019-01-02,3,1905,3,0,6,2,1,2,204,0,0,0,80,2,6,1,6,5,1,1,1,0,0,0,3,1,0,,3,48.0,93,1.0,0.0,1.0,0.0,1.0,3.0,30,2.0,1.0,1.0,"-535669,394","-1169468,426","-535673,154","-1169472,724","-535672,19","-1169473,384",Halenkovice,,,silnice3.t¯Ìdy,36748,1179201,,OpaËn˝kesmÏru˙seku,Pomal˝,585220.0,,GN_V0.1UIR-ADR_410,1
150506190004,6,,2019-01-03,4,2560,2,0,0,2,1,0,204,0,0,0,20,2,6,1,1,1,1,1,1,0,0,0,3,2,0,,17,,XX,,,,,,,0,,,,"-507946,247","-1166910,295","-507946,247","-1166910,295","-507947,054","-1166905,936",Vizovice,ätÏpsk·,,mÌstnÌkomunikace,,2743995,,OpaËn˝kesmÏru˙seku,Pomal˝,585939.0,644099.0,GN_V0.1UIR-ADR_410,1
150506190005,6,,2019-01-03,4,2560,3,0,6,2,1,0,508,0,0,0,150,2,3,1,1,4,1,1,1,0,0,0,1,1,0,,17,,XX,,,,,,,0,,,,"-521451,741","-1164961,634","-521451,741","-1164961,634","-521454,008","-1164961,44",ZlÌn,TR¡VNÕK,,mÌstnÌkomunikace,,3130052,,OpaËn˝kesmÏru˙seku,Pomal˝,585068.0,644170.0,GN_V0.1UIR-ADR_410,1
150506190006,2,491.0,2019-01-03,4,1540,2,0,0,2,1,2,204,0,0,0,1501,2,5,1,1,1,1,1,1,0,0,0,3,3,0,,3,31.0,00,1.0,0.0,0.0,0.0,1.0,1.0,200,2.0,1.0,1.0,"-510960,047","-1161813,42","-510964,59","-1161813,329","-510964,721","-1161813,337",B¯ezov·,,,silnice2.t¯Ìdy,491,3183412,,OpaËn˝kesmÏru˙seku,Pomal˝,585131.0,,GN_V0.1UIR-ADR_410,1
150506190007,2,492.0,2019-01-03,4,1825,5,0,0,2,4,0,100,0,0,0,200,2,3,1,5,6,1,1,1,0,0,0,1,1,0,,3,17.0,17,12.0,0.0,0.0,0.0,1.0,1.0,200,4.0,1.0,1.0,"-511601,884","-1170698,89","-511601,884","-1170698,89","-511606,12","-1170697,402",,,,silnice2.t¯Ìdy,492,2128535,,OpaËn˝kesmÏru˙seku,Pomal˝,585998.0,,GN_V0.1UIR-ADR_410,2
150506190008,1,57.0,2019-01-03,4,2010,3,0,2,2,1,2,204,0,0,0,120,2,3,1,5,4,1,1,1,0,0,0,1,1,0,,3,7.0,99,1.0,0.0,0.0,0.0,1.0,1.0,100,4.0,1.0,1.0,"-497123,413","-1177032,977","-497126,376","-1177038,094","-497125,532","-1177037,757",ValaöskÈKlobouky,Brumovsk·,,silnice1.t¯Ìdy,57,2746236,,Souhlasn˝sesmÏrem˙seku,Pomal˝,585891.0,643301.0,GN_V0.1UIR-ADR_410,1
150506190009,3,49016.0,2019-01-01,2,2560,5,0,0,2,4,0,100,0,0,0,80,2,1,1,1,4,1,1,1,0,0,0,1,1,0,,3,39.0,03,1.0,0.0,1.0,0.0,1.0,1.0,30,2.0,1.0,1.0,,,"-522506,777","-1162996,203","-522500,356","-1162996,858",ZlÌn,Vinohr·dek,,silnice3.t¯Ìdy,49016,1408559,,Souhlasn˝sesmÏrem˙seku,Pomal˝,585068.0,647225.0,GN_V0.1UIR-ADR_410,1
150506190010,6,,2019-01-04,5,930,1,1,0,2,1,9,204,0,0,0,950,2,6,1,1,1,1,1,1,0,0,0,3,3,0,,3,35.0,16,1.0,1.0,1.0,0.0,1.0,5.0,600,2.0,5.0,1.0,"-511815,378","-1174064,58","-511815,378","-1174064,58","-511814,157","-1174064,824",HornÌLhota,,,mÌstnÌkomunikace,,1247103,,Souhlasn˝sesmÏrem˙seku,Pomal˝,585246.0,,GN_V0.1UIR-ADR_410,1
150506190011,3,43829.0,2019-01-04,5,1400,5,0,0,2,4,0,100,0,0,0,250,2,3,1,1,1,1,1,1,0,0,0,3,1,0,,3,39.0,16,1.0,0.0,0.0,0.0,1.0,1.0,200,2.0,1.0,1.0,"-527534,703","-1163909,695","-527534,703","-1163909,695","-527537,093","-1163914,781",,,,silnice3.t¯Ìdy,43829,3062794,,OpaËn˝kesmÏru˙seku,Pomal˝,549649.0,,GN_V0.1UIR-ADR_410,2
150506190012,6,,2019-01-03,4,1745,2,0,0,2,1,0,508,0,0,0,150,2,6,12,5,5,1,1,1,0,0,10,1,2,0,,3,47.0,04,1.0,0.0,3.0,0.0,1.0,5.0,100,2.0,1.0,1.0,"-520363,575","-1165112,587","-520363,575","-1165112,587","-520363,392","-1165111,267",ZlÌn,äevcovsk·,,mÌstnÌkomunikace,,1290081,,Souhlasn˝sesmÏrem˙seku,Pomal˝,585068.0,644773.0,GN_V0.1UIR-ADR_410,1
150506190013,3,4972.0,2019-01-04,5,2047,3,0,3,2,1,2,204,0,0,0,100,1,8,1,5,5,1,1,1,0,0,7,3,1,0,,2,99.0,00,1.0,1.0,1.0,0.0,1.0,1.0,50,1.0,1.0,1.0,"-524527,201","-1170732,93","-524527,201","-1170732,93","-524523,237","-1170730,743",ZLÕN-SALAä,,,silnice3.t¯Ìdy,4972,2129124,,Souhlasn˝sesmÏrem˙seku,Pomal˝,585068.0,,GN_V0.1UIR-ADR_410,1
150506190014,2,497.0,2019-01-04,5,2205,3,0,6,2,1,2,204,0,0,0,800,2,6,1,5,5,1,1,1,0,0,0,3,1,0,,3,13.0,04,1.0,1.0,1.0,0.0,1.0,3.0,300,2.0,1.0,1.0,"-523968,071","-1171878,996","-523957,866","-1171869,327","-523957,572","-1171869,388",BohuslaviceuZlÌna,,,silnice2.t¯Ìdy,497,1180091,,Souhlasn˝sesmÏrem˙seku,Pomal˝,585092.0,,GN_V0.1UIR-ADR_410,1
150506190015,2,492.0,2019-01-05,6,1040,1,1,0,1,1,2,204,0,0,3,1700,2,5,1,5,1,1,1,1,0,0,0,3,2,0,,3,16.0,06,1.0,1.0,0.0,0.0,1.0,1.0,1000,2.0,1.0,1.0,"-511715,071","-1170839,559","-511715,071","-1170839,559","-511715,108","-1170839,507",,,,silnice2.t¯Ìdy,492,2128535,,OpaËn˝kesmÏru˙seku,Pomal˝,585998.0,,GN_V0.1UIR-ADR_410,2
150506190016,6,,2019-01-05,6,2222,7,3,0,2,1,2,414,0,0,0,600,2,8,1,1,6,1,1,1,0,0,4,1,2,0,,3,39.0,98,1.0,0.0,0.0,0.0,1.0,5.0,400,2.0,1.0,1.0,"-524313,509","-1165867,496","-524331,234","-1165870,182","-524331,359","-1165870,252",ZLÕN-LOUKY,UD¯evnice,,mÌstnÌkomunikace,,1289948,,OpaËn˝kesmÏru˙seku,Pomal˝,585068.0,658391.0,GN_V0.1UIR-ADR_410,1
150506190017,3,491.0,2019-01-06,0,1840,1,1,0,2,1,2,402,0,0,0,1510,2,6,1,5,5,1,1,1,3,4,0,5,2,19,6.0,3,42.0,16,1.0,0.0,0.0,0.0,1.0,24.0,1000,2.0,1.0,1.0,"-514247,295","-1162270,789","-514248,906","-1162269,715","-514247,915","-1162269,038",Hvozdn·,KVÏt¯·ku,,silnice3.t¯Ìdy,4915,1176925,,Souhlasn˝sesmÏrem˙seku,Pomal˝,585289.0,1134671.0,GN_V0.1UIR-ADR_410,1
150506190018,6,,2019-01-07,1,760,2,0,0,2,1,0,508,0,0,0,50,2,6,1,1,1,1,1,1,0,0,0,1,2,0,,17,,XX,,,,,,,0,,,,"-521112,301","-1163468,63","-521112,301","-1163468,63","-521108,978","-1163471,114",ZlÌn,K¯iby,,mÌstnÌkomunikace,,640330,,,Pomal˝,585068.0,645451.0,GN_V0.1UIR-ADR_410,1
150506190019,3,4915.0,2019-01-02,3,2560,3,0,6,2,1,0,508,0,0,0,20,2,1,1,1,1,1,1,1,0,0,0,1,1,0,,17,,XX,,,,,,,0,,,,"-510879,433","-1163634,108","-510879,272","-1163627,33","-510879,285","-1163627,136",Sluöovice,äkolnÌ,,silnice3.t¯Ìdy,4915,640733,,Souhlasn˝sesmÏrem˙seku,Pomal˝,585777.0,642509.0,GN_V0.1UIR-ADR_410,1
150506190020,3,4893.0,2019-01-05,6,2310,5,0,0,2,4,0,100,0,0,0,150,2,3,1,1,6,1,1,1,0,0,0,1,1,0,,3,2.0,05,1.0,0.0,0.0,0.0,1.0,1.0,150,2.0,1.0,1.0,,,"-510559,138","-1162223,783","-510558,449","-1162225,732",,,,silnice3.t¯Ìdy,4893,1496091,,Souhlasn˝sesmÏrem˙seku,Pomal˝,585777.0,,GN_V0.1UIR-ADR_410,2
150506190021,1,57.0,2019-01-07,1,1500,1,4,0,2,1,2,503,0,0,0,400,2,6,1,1,1,1,1,1,0,0,2,1,2,0,,3,38.0,00,1.0,1.0,1.0,0.0,1.0,3.0,200,2.0,1.0,1.0,"-496112,862","-1176181,725","-496112,862","-1176181,725","-496111,985","-1176182,959",ValaöskÈKlobouky,CyrilometodÏjsk·,,silnice1.t¯Ìdy,57,666633,,Souhlasn˝sesmÏrem˙seku,Pomal˝,585891.0,643319.0,GN_V0.1UIR-ADR_410,1
150506190022,2,490.0,2019-01-07,1,1609,3,0,1,1,1,2,205,0,0,1,10000,2,1,1,1,2,1,1,1,0,0,0,2,1,0,,3,2.0,17,1.0,0.0,0.0,0.0,1.0,3.0,10000,3.0,1.0,1.0,"-523176,016","-1172653,748","-523176,016","-1172653,748","-523161,746","-1172646,422",,,,silnice2.t¯Ìdy,490,2128401,,Souhlasn˝sesmÏrem˙seku,Pomal˝,585092.0,,GN_V0.1UIR-ADR_410,2
150506190023,2,490.0,2019-01-07,1,1650,5,0,0,2,4,0,100,0,0,0,500,2,5,1,5,7,1,1,1,0,0,0,3,1,0,,3,17.0,12,3.0,0.0,1.0,0.0,1.0,3.0,500,3.0,1.0,1.0,,,"-522414,403","-1157311,039","-522413,438","-1157305,074",,,,silnice2.t¯Ìdy,490,779680,,Souhlasn˝sesmÏrem˙seku,Pomal˝,585211.0,639460.0,GN_V0.1UIR-ADR_410,2
150506190024,6,,2019-01-08,2,1635,4,0,0,2,3,2,100,0,0,0,20,2,5,1,5,2,1,2,1,0,0,0,1,1,0,,3,39.0,18,3.0,0.0,1.0,0.0,1.0,5.0,20,2.0,1.0,1.0,"-520908,8","-1164788,835","-520895,907","-1164785,612","-520895,82","-1164785,332",ZlÌn,VodnÌ,,mÌstnÌkomunikace,,644172,,OpaËn˝kesmÏru˙seku,Pomal˝,585068.0,646822.0,GN_V0.1UIR-ADR_410,1
150506190025,1,55.0,2019-01-08,2,2145,3,0,4,2,1,2,204,0,0,0,550,2,5,1,1,6,1,1,1,0,0,0,1,1,0,,3,39.0,09,1.0,1.0,0.0,0.0,1.0,3.0,500,2.0,1.0,1.0,"-532502,935","-1168682,358","-532504,546","-1168677,524","-532504,823","-1168676,982",,,,silnice1.t¯Ìdy,55,1409310,,OpaËn˝kesmÏru˙seku,Pomal˝,585513.0,,GN_V0.1UIR-ADR_410,2
150506190026,3,49020.0,2019-01-09,3,250,0,0,0,2,0,0,100,0,0,0,2100,2,8,1,4,7,1,1,1,0,0,0,1,1,0,,9,0.0,06,2.0,0.0,1.0,0.0,1.0,1.0,2000,3.0,1.0,1.0,"-514745,133","-1169995,33","-514745,133","-1169995,33","-514744,868","-1169993,816",,,,silnice3.t¯Ìdy,49020,3062851,,Souhlasn˝sesmÏrem˙seku,Pomal˝,500011.0,647268.0,GN_V0.1UIR-ADR_410,2
150506190027,6,,2019-01-09,3,1730,2,0,0,2,1,2,508,0,0,0,270,2,5,1,1,1,1,1,1,0,0,0,1,2,0,,5,19.0,17,8.0,0.0,1.0,0.0,1.0,5.0,200,3.0,1.0,1.0,"-507668,748","-1166965,63","-507668,748","-1166965,63","-507672,787","-1166971,463",Vizovice,PoötovnÌ,,mÌstnÌkomunikace,,2744559,,OpaËn˝kesmÏru˙seku,Pomal˝,585939.0,644048.0,GN_V0.1UIR-ADR_410,1
150506190028,6,,2019-01-01,2,2560,1,3,0,1,1,2,409,0,0,1,1500,2,1,1,1,2,1,1,1,0,0,10,1,2,0,,3,47.0,10,1.0,0.0,1.0,0.0,1.0,5.0,600,3.0,1.0,1.0,"-516834,216","-1165735,59","-516834,216","-1165735,59","-516833,664","-1165730,236",ZlÌn,UTescomy,,mÌstnÌkomunikace,,3065940,,OpaËn˝kesmÏru˙seku,Pomal˝,585068.0,720488.0,GN_V0.1UIR-ADR_410,1
150506190029,2,438.0,2019-01-06,0,1740,5,0,0,2,4,0,100,0,0,0,200,2,3,1,1,6,1,1,1,0,0,0,1,1,0,,3,13.0,12,1.0,0.0,0.0,0.0,1.0,3.0,150,2.0,1.0,1.0,,,"-530551,027","-1164447,92","-530550,477","-1164447,918",,,,silnice2.t¯Ìdy,438,2601963,,Souhlasn˝sesmÏrem˙seku,Pomal˝,585599.0,,GN_V0.1UIR-ADR_410,2
150506190030,1,49.0,2019-01-11,5,735,4,0,0,1,1,2,412,0,0,1,10,2,3,1,1,2,1,4,1,0,0,1,1,1,0,,3,39.0,00,1.0,0.0,0.0,0.0,1.0,1.0,10,2.0,1.0,1.0,"-519742,221","-1165290,503","-519742,221","-1165290,503","-519742,398","-1165291,589",ZlÌn,t¯ÌdaTom·öeBati,,silnice1.t¯Ìdy,49,3370319,,Souhlasn˝sesmÏrem˙seku,Pomal˝,585068.0,644803.0,GN_V0.1UIR-ADR_410,1
150506190031,6,,2019-01-11,5,939,3,0,6,2,1,0,508,0,0,0,50,2,3,1,1,1,1,0,2,0,0,0,1,1,0,,5,13.0,08,2.0,0.0,3.0,0.0,1.0,5.0,0,2.0,1.0,1.0,"-533471,764","-1171246,778","-533471,764","-1171246,778","-533477,67","-1171239,341",Napajedla,N·draûnÌ,,mÌstnÌkomunikace,,659227,,Souhlasn˝sesmÏrem˙seku,Pomal˝,585513.0,640506.0,GN_V0.1UIR-ADR_410,1
150506190032,2,493.0,2019-01-11,5,1230,1,4,0,2,1,2,503,0,0,0,1000,2,3,1,1,1,1,1,1,0,0,0,1,2,0,,3,4.0,03,1.0,0.0,0.0,0.0,1.0,3.0,500,2.0,1.0,1.0,"-512720,517","-1178815,994","-512720,517","-1178815,994","-512721,723","-1178817,186",,,,silnice2.t¯Ìdy,493,3266719,,OpaËn˝kesmÏru˙seku,Pomal˝,556874.0,,GN_V0.1UIR-ADR_410,2