IDENTIFIKA»NÕ »ÕSLO,DRUH POZEMNÕ KOMUNIKACE,»ÕSLO POZEMNÕ KOMUNIKACE,"den, mÏsÌc, rok",,Ëas ,DRUH NEHODY,DRUH SR¡éKY JEDOUCÕCH VOZIDEL,DRUH PEVN… PÿEK¡éKY,CHARAKTER NEHODY,ZAVINÃNÕ NEHODY,ALKOHOL U VINÕKA NEHODY PÿÕTOMEN,HLAVNÕ PÿÕ»INY NEHODY,usmrceno osob,tÏûce zranÏno osob,lehce zranÏno osob,CELKOV¡ HMOTN¡ äKODA,DRUH POVRCHU VOZOVKY,STAV POVRCHU VOZOVKY V DOBÃ NEHODY,STAV KOMUNIKACE,POVÃTRNOSTNÕ PODMÕNKY V DOBÃ NEHODY,VIDITELNOST,ROZHLEDOV… POMÃRY,DÃLENÕ KOMUNIKACE,SITUOV¡NÕ NEHODY NA KOMUNIKACI,ÿÕZENÕ PROVOZU V DOBÃ NEHODY,MÕSTNÕ ⁄PRAVA PÿEDNOSTI V JÕZDÃ,SPECIFICK¡ MÕSTA A OBJEKTY V MÕSTÃ NEHODY,SMÃROV… POMÃRY,PO»ET Z⁄»ASTNÃN›CH VOZIDEL,MÕSTO DOPRAVNÕ NEHODY,DRUH KÿIéUJÕCÕ KOMUNIKACE,DRUH VOZIDLA,V›ROBNÕ ZNA»KA MOTOROV…HO VOZIDLA,ROK V›ROBY VOZIDLA,CHARAKTERISTIKA VOZIDLA ,SMYK,VOZIDLO PO NEHODÃ,"⁄NIK PROVOZNÕCH, PÿEPRAVOVAN›CH HMOT",ZPŸSOB VYPROäTÃNÕ OSOB Z VOZIDLA,SMÃR JÕZDY NEBO POSTAVENÕ VOZIDLA,äKODA NA VOZIDLE,KATEGORIE ÿIDI»E,STAV ÿIDI»E,VNÃJäÕ OVLIVNÃNÕ ÿIDI»E,nan.1,nan.2,nan.3,nan.4,nan.5,nan.6,nan.7,nan.8,nan.9,nan.10,nan.11,nan.12,nan.13,nan.14,nan.15,nan.16,nan.17,nan.18,LOKALITA NEHODY
150506190033,1,49.0,2019-01-11,5,2345,9,0,0,2,1,5,204,0,0,0,400,2,5,1,6,5,1,3,1,0,0,0,1,1,0,,3,2.0,99,1.0,0.0,1.0,0.0,1.0,1.0,400,2.0,5.0,1.0,"-527862,736","-1166752,141","-527862,736","-1166752,141","-527863,18","-1166750,069",ZlÌn,t¯Ìda3.kvÏtna,,silnice1.t¯Ìdy,49,2749811,,Souhlasn˝sesmÏrem˙seku,Pomal˝,585068.0,646679.0,GN_V0.1UIR-ADR_410,1
150506190034,6,,2019-01-11,5,2560,2,0,0,2,1,0,508,0,0,0,100,2,5,1,4,3,1,0,1,0,0,0,1,2,0,,17,,XX,,,,,,,0,,,,"-521758,065","-1165870,649","-521758,334","-1165874,15","-521758,742","-1165875,669",ZlÌn,Brat¯ÌSousedÌk˘,,mÌstnÌkomunikace,,3130333,,OpaËn˝kesmÏru˙seku,Pomal˝,585068.0,645028.0,GN_V0.1UIR-ADR_410,1
150506190035,2,494.0,2019-01-12,6,2330,1,3,0,2,1,8,204,0,0,0,400,2,6,1,5,5,1,1,1,3,3,0,4,2,19,6.0,3,47.0,04,1.0,1.0,0.0,0.0,1.0,14.0,200,2.0,5.0,1.0,"-497460,898","-1176741,731","-497460,898","-1176741,731","-497460,576","-1176740,938",ValaöskÈKlobouky,KomenskÈho,,silnice2.t¯Ìdy,494,667391,,OpaËn˝kesmÏru˙seku,Pomal˝,585891.0,643068.0,GN_V0.1UIR-ADR_410,1
150506190036,2,494.0,2019-01-12,6,2335,2,0,0,2,1,0,204,0,0,0,400,2,6,1,5,5,1,1,1,0,0,0,2,2,0,,3,31.0,08,1.0,0.0,0.0,0.0,1.0,1.0,200,2.0,1.0,1.0,"-497460,898","-1176741,731","-497460,898","-1176741,731","-497460,576","-1176740,938",ValaöskÈKlobouky,KomenskÈho,,silnice2.t¯Ìdy,494,667391,,OpaËn˝kesmÏru˙seku,Pomal˝,585891.0,643068.0,GN_V0.1UIR-ADR_410,1
150506190037,3,4912.0,2019-01-11,5,1855,5,0,0,2,4,0,100,0,0,0,350,2,3,1,5,6,1,1,1,0,0,0,1,1,0,,3,41.0,12,2.0,0.0,0.0,0.0,1.0,3.0,300,2.0,1.0,1.0,,,"-514643,18","-1159801,053","-514643,513","-1159800,648",,,,silnice3.t¯Ìdy,4912,3460058,,OpaËn˝kesmÏru˙seku,Pomal˝,585068.0,,GN_V0.1UIR-ADR_410,2
150506190038,3,4885.0,2019-01-14,1,415,5,0,0,2,4,0,100,0,0,0,300,2,3,1,1,6,1,1,1,0,0,0,1,1,0,,3,44.0,11,1.0,0.0,1.0,0.0,1.0,1.0,300,3.0,1.0,1.0,,,"-510618,954","-1166006,382","-510617,339","-1165995,908",,,,silnice3.t¯Ìdy,4885,1178270,,OpaËn˝kesmÏru˙seku,Pomal˝,585998.0,,GN_V0.1UIR-ADR_410,2
150506190039,2,438.0,2019-01-11,5,1730,5,0,0,2,4,0,100,0,0,0,350,2,3,1,1,6,1,1,1,0,0,0,1,1,0,,3,39.0,05,1.0,0.0,1.0,0.0,1.0,1.0,300,2.0,1.0,1.0,,,"-529804,439","-1161938,321","-529798,522","-1161941,093",,,,silnice2.t¯Ìdy,438,1176800,,Souhlasn˝sesmÏrem˙seku,Pomal˝,585491.0,,GN_V0.1UIR-ADR_410,2
150506190040,6,,2019-01-13,0,1245,2,0,0,2,1,0,508,0,0,0,30,2,6,1,1,1,1,1,0,0,0,0,1,2,0,,3,13.0,00,1.0,0.0,3.0,0.0,1.0,5.0,10,2.0,1.0,1.0,"-496825,961","-1176173,055","-496825,961","-1176173,055","-496826,424","-1176172,484",ValaöskÈKlobouky,LuËnÌ,,mÌstnÌkomunikace,,2746101,,OpaËn˝kesmÏru˙seku,Pomal˝,585891.0,643092.0,GN_V0.1UIR-ADR_410,1
150506190041,6,,2019-01-14,1,1230,4,0,0,1,1,2,508,0,0,1,1,2,3,1,1,1,1,1,1,0,0,2,1,1,0,,3,35.0,04,1.0,0.0,1.0,0.0,1.0,5.0,1,2.0,1.0,1.0,"-521430,052","-1164261,415","-521468,165","-1164291,019","-521468,219","-1164291,011",ZlÌn,SportovnÌ,,mÌstnÌkomunikace,,3233728,,OpaËn˝kesmÏru˙seku,Pomal˝,585068.0,645826.0,GN_V0.1UIR-ADR_410,1
150506190042,2,493.0,2019-01-14,1,1525,9,0,0,1,1,2,205,0,0,1,400,2,3,1,1,1,1,1,1,0,0,0,3,1,0,,3,38.0,10,1.0,1.0,0.0,0.0,1.0,1.0,400,2.0,1.0,1.0,"-510500,019","-1180280,321","-510500,019","-1180280,321","-510499,41","-1180279,726",,,,silnice2.t¯Ìdy,493,3275423,,Souhlasn˝sesmÏrem˙seku,Pomal˝,585751.0,,GN_V0.1UIR-ADR_410,2
150506190043,2,493.0,2019-01-14,1,1613,2,0,0,2,1,2,508,0,0,0,51,2,3,1,1,1,1,1,1,0,0,0,3,2,0,,3,47.0,15,12.0,0.0,1.0,0.0,1.0,1.0,50,2.0,1.0,1.0,"-510497,504","-1180286,471","-510497,504","-1180286,471","-510495,115","-1180283,545",,,,silnice2.t¯Ìdy,493,3275423,,Souhlasn˝sesmÏrem˙seku,Pomal˝,585751.0,,GN_V0.1UIR-ADR_410,2
150506190044,2,490.0,2019-01-14,1,2055,3,0,3,2,1,2,204,0,0,0,130,2,6,1,1,4,1,2,1,3,3,1,4,1,19,6.0,3,47.0,08,1.0,1.0,0.0,0.0,1.0,34.0,100,2.0,1.0,1.0,"-520856,555","-1164959,171","-520891,47","-1164948,965","-520891,43","-1164948,975",ZlÌn,Dlouh·,,silnice2.t¯Ìdy,490,1622146,,OpaËn˝kesmÏru˙seku,Pomal˝,585068.0,644226.0,GN_V0.1UIR-ADR_410,1
150506190045,6,,2019-01-15,2,930,3,0,2,2,1,2,508,0,0,0,350,3,8,1,5,1,1,1,1,0,0,0,1,1,0,,12,0.0,,3.0,0.0,0.0,0.0,1.0,5.0,300,8.0,1.0,1.0,"-531904,454","-1166466,076","-531903,917","-1166488,098","-531903,671","-1166490,375",Otrokovice,,,mÌstnÌkomunikace,,3066191,,,Pomal˝,585599.0,,GN_V0.1UIR-ADR_410,1
150506190046,6,,2019-01-15,2,830,2,0,0,2,1,2,516,0,0,0,2700,2,3,1,5,1,1,1,1,0,0,0,1,2,0,,3,26.0,18,3.0,0.0,1.0,0.0,1.0,6.0,500,2.0,1.0,1.0,,,"-523938,773","-1165683,041","-523950,593","-1165684,436",ZlÌn,t¯ÌdaTom·öeBati,,mÌstnÌkomunikace,,3065899,,,Pomal˝,585068.0,644803.0,GN_V0.1UIR-ADR_410,1
150506190047,2,492.0,2019-01-15,2,2560,2,0,0,2,1,0,508,0,0,0,300,2,3,1,1,1,1,1,1,0,0,10,1,2,0,,17,,XX,,,,,,,0,,,,"-516127,221","-1179841,804","-516124,965","-1179854,983","-516124,966","-1179854,976",LuhaËovice,Masarykova,,silnice2.t¯Ìdy,492,671822,,,Pomal˝,585459.0,639621.0,GN_V0.1UIR-ADR_410,1
150506190048,1,49.0,2019-01-15,2,1726,4,0,0,1,1,2,412,0,0,1,10,2,3,1,1,4,1,1,1,2,0,1,5,1,19,6.0,3,39.0,98,1.0,0.0,1.0,0.0,1.0,21.0,10,3.0,1.0,1.0,"-527242,189","-1166587,203","-527242,189","-1166587,203","-527242,083","-1166587,748",ZlÌn,t¯Ìda3.kvÏtna,,silnice1.t¯Ìdy,49,3174107,,Souhlasn˝sesmÏrem˙seku,Pomal˝,585068.0,646679.0,GN_V0.1UIR-ADR_410,1
150506190049,3,49016.0,2019-01-16,3,934,0,0,0,1,5,2,100,0,1,0,0,2,3,1,1,1,1,4,1,0,0,0,1,1,0,,11,0.0,,5.0,0.0,1.0,0.0,1.0,1.0,0,4.0,1.0,1.0,"-521422,634","-1165071,381","-521422,634","-1165071,381","-521430,463","-1165073,86",ZlÌn,Gahurova,,silnice3.t¯Ìdy,49016,1621832,,Souhlasn˝sesmÏrem˙seku,Pomal˝,585068.0,645354.0,GN_V0.1UIR-ADR_410,1
150506190050,2,490.0,2019-01-08,2,1205,5,0,0,2,4,0,100,0,0,0,100,2,1,1,1,1,1,1,1,0,0,0,3,1,0,,3,47.0,10,1.0,0.0,1.0,0.0,1.0,1.0,100,3.0,1.0,1.0,"-522706,039","-1173903,161","-522706,039","-1173903,161","-522703,631","-1173901,96",,,,silnice2.t¯Ìdy,490,3236416,,Souhlasn˝sesmÏrem˙seku,Pomal˝,585181.0,,GN_V0.1UIR-ADR_410,2
150506190051,3,4913.0,2019-01-16,3,1745,5,0,0,2,4,0,100,0,0,0,500,2,3,1,1,6,1,1,1,0,0,0,1,1,0,,3,2.0,10,1.0,0.0,0.0,0.0,1.0,3.0,200,3.0,1.0,1.0,"-515461,706","-1164818,506","-515461,706","-1164818,506","-515463,633","-1164818,186",,,,silnice3.t¯Ìdy,4913,3065850,,OpaËn˝kesmÏru˙seku,Pomal˝,585068.0,,GN_V0.1UIR-ADR_410,2
150506190052,3,49720.0,2019-01-17,4,635,1,1,0,1,1,2,304,0,0,1,1200,2,3,1,1,6,1,1,1,0,0,0,3,2,0,,3,39.0,02,3.0,0.0,0.0,0.0,1.0,3.0,200,2.0,1.0,1.0,"-522184,397","-1175470,239","-522184,397","-1175470,239","-522183,701","-1175470,016",,,,silnice3.t¯Ìdy,49720,2128426,,OpaËn˝kesmÏru˙seku,Pomal˝,585181.0,,GN_V0.1UIR-ADR_410,2
150506190053,3,4918.0,2019-01-17,4,550,1,3,0,2,1,2,402,0,0,0,250,2,3,1,1,4,1,1,1,3,3,0,5,2,19,6.0,2,99.0,99,1.0,0.0,1.0,0.0,1.0,23.0,100,1.0,1.0,1.0,"-513237,497","-1164856,775","-513237,497","-1164856,775","-513236,772","-1164857,615",Vesel·,,,mÌstnÌkomunikace,,1177839,,Souhlasn˝sesmÏrem˙seku,Pomal˝,585921.0,,GN_V0.1UIR-ADR_410,1
150506190054,3,49025.0,2019-01-17,4,715,3,0,4,2,1,2,204,0,0,0,100,2,6,1,6,2,1,1,1,0,0,0,3,1,0,,3,60.0,17,9.0,1.0,0.0,0.0,1.0,1.0,50,2.0,1.0,1.0,"-516303,851","-1177229,223","-516303,851","-1177229,223","-516305,776","-1177225,949",,,,silnice3.t¯Ìdy,49025,1623349,,Souhlasn˝sesmÏrem˙seku,Pomal˝,585441.0,,GN_V0.1UIR-ADR_410,2
150506190055,6,,2019-01-17,4,805,2,0,0,2,1,2,204,0,0,0,1120,2,3,1,1,1,1,1,1,0,0,0,1,6,0,,7,48.0,18,3.0,0.0,0.0,0.0,1.0,5.0,100,4.0,1.0,1.0,"-524494,686","-1166190,837","-524494,686","-1166190,837","-524495,365","-1166191,229",ZlÌn,äternbersk·,,mÌstnÌkomunikace,,2129093,,OpaËn˝kesmÏru˙seku,Pomal˝,585068.0,658375.0,GN_V0.1UIR-ADR_410,1
150506190056,6,,2019-01-17,4,835,2,0,0,2,1,0,508,0,0,0,201,2,3,1,1,1,1,1,1,0,0,0,1,2,0,,5,26.0,10,3.0,0.0,1.0,0.0,1.0,5.0,1,3.0,1.0,1.0,"-519152,871","-1158514,697","-519152,871","-1158514,697","-519136,422","-1158536,274",Fryöt·k,NaHr·dku,,mÌstnÌkomunikace,,779633,,OpaËn˝kesmÏru˙seku,Pomal˝,585211.0,639435.0,GN_V0.1UIR-ADR_410,1
150506190057,2,490.0,2019-01-17,4,1225,1,1,0,1,1,2,508,0,0,2,1300,2,1,1,1,1,1,1,1,0,0,0,3,2,0,,5,13.0,08,2.0,0.0,1.0,0.0,1.0,3.0,600,2.0,1.0,1.0,"-522696,39","-1169705,121","-522696,39","-1169705,121","-522696,058","-1169706,461",B¯eznice,,,silnice2.t¯Ìdy,490,3235976,,OpaËn˝kesmÏru˙seku,Pomal˝,538744.0,,GN_V0.1UIR-ADR_410,1
150506190058,6,,2019-01-17,4,1015,3,0,6,2,1,2,508,0,0,0,150,1,1,1,1,1,1,1,1,0,0,0,1,1,0,,3,47.0,18,8.0,0.0,1.0,0.0,1.0,5.0,100,3.0,1.0,1.0,,,"-520785,911","-1165064,689","-520785,911","-1165065,94",ZlÌn,POTOKY,,mÌstnÌkomunikace,,3130091,,OpaËn˝kesmÏru˙seku,Pomal˝,585068.0,645508.0,GN_V0.1UIR-ADR_410,1
150506190059,1,55.0,2019-01-18,5,640,1,1,0,2,1,2,405,0,0,0,300,2,1,1,1,4,1,1,1,2,0,0,4,2,19,6.0,3,7.0,04,1.0,0.0,1.0,0.0,1.0,12.0,200,2.0,1.0,1.0,"-531066,204","-1165680,843","-531076,652","-1165701,029","-531076,584","-1165700,992",Otrokovice,KomenskÈho,,silnice1.t¯Ìdy,55,647231,,Souhlasn˝sesmÏrem˙seku,Pomal˝,585599.0,641014.0,GN_V0.1UIR-ADR_410,1
150506190060,3,4942.0,2019-01-18,5,750,1,3,0,2,1,0,501,0,0,0,50,2,3,1,1,1,1,1,1,0,0,0,3,2,0,,17,,XX,,,,,,,0,,,,"-501453,801","-1174212,587","-501453,801","-1174212,587","-501456,475","-1174216,944",,,,silnice3.t¯Ìdy,4942,2128419,,OpaËn˝kesmÏru˙seku,Pomal˝,585190.0,,GN_V0.1UIR-ADR_410,2
150506190061,6,,2019-01-14,1,2560,3,0,3,2,1,0,508,0,0,0,30,4,6,1,6,1,1,0,3,0,0,0,3,1,0,,17,,XX,,,,,,,0,,,,"-517266,487","-1158103,276","-517266,487","-1158103,276","-517263,435","-1158104,368",Fryöt·k,,,mÌstnÌkomunikace,,3181486,,Souhlasn˝sesmÏrem˙seku,Pomal˝,585211.0,,GN_V0.1UIR-ADR_410,1
150506190062,1,57.0,2019-01-09,3,830,2,0,0,1,1,0,205,0,0,1,100,2,3,1,1,1,1,1,1,0,0,0,3,2,0,,5,47.0,07,3.0,0.0,0.0,0.0,1.0,1.0,0,3.0,1.0,1.0,"-497007,318","-1178048,125","-496995,5","-1178047,587","-496996,201","-1178047,609",ValaöskÈKlobouky,Brumovsk·,,silnice1.t¯Ìdy,57,3233695,,OpaËn˝kesmÏru˙seku,Pomal˝,585891.0,643301.0,GN_V0.1UIR-ADR_410,1
150506190063,6,,2019-01-18,5,1555,3,0,9,1,1,2,209,0,0,1,250,6,6,6,6,1,5,0,0,0,0,0,3,1,0,,3,8.0,08,1.0,0.0,1.0,0.0,2.0,5.0,200,3.0,1.0,1.0,"-525738,731","-1161127,451","-525737,364","-1161113,314","-525737,335","-1161113,357",,,,mÌstnÌkomunikace,,2132751,,,Pomal˝,585670.0,,GN_V0.1UIR-ADR_410,2
150506190064,6,,2019-01-18,5,2560,2,0,0,2,1,0,508,0,0,0,30,2,3,1,1,6,1,1,1,0,0,10,1,2,0,,17,,XX,,,,,,,0,,,,"-519311,593","-1165311,87","-519311,593","-1165311,87","-519306,372","-1165300,212",ZlÌn,VÏûovÈdomy,,mÌstnÌkomunikace,,1623826,,OpaËn˝kesmÏru˙seku,Pomal˝,585068.0,658235.0,GN_V0.1UIR-ADR_410,1
150506190065,6,,2019-01-19,6,235,5,0,0,2,4,0,100,0,0,0,550,2,1,1,1,6,1,1,1,0,0,0,1,1,0,,3,4.0,17,3.0,0.0,0.0,0.0,1.0,5.0,500,2.0,1.0,1.0,"-525591,881","-1165579,78","-525591,881","-1165579,78","-525589,409","-1165588,56",,,,mÌstnÌkomunikace,,3479894,,OpaËn˝kesmÏru˙seku,Pomal˝,585068.0,658430.0,GN_V0.1UIR-ADR_410,2
150506190066,6,,2019-01-18,5,2560,2,0,0,2,1,0,508,0,0,0,100,2,6,1,1,1,1,1,1,0,0,10,1,2,0,,17,,XX,,,,,,,0,,,,"-496881,696","-1177975,505","-496892,198","-1177974,697","-496892,073","-1177975,12",ValaöskÈKlobouky,Brumovsk·,,mÌstnÌkomunikace,,2746307,,OpaËn˝kesmÏru˙seku,Pomal˝,585891.0,643301.0,GN_V0.1UIR-ADR_410,1
150506190067,6,,2019-01-19,6,2560,2,0,0,2,1,0,508,0,0,0,100,2,1,1,1,1,1,1,1,0,0,0,1,2,0,,17,,XX,,,,,,,0,,,,"-520309,398","-1165120,688","-520309,398","-1165120,688","-520309,316","-1165120,223",ZlÌn,äevcovsk·,,mÌstnÌkomunikace,,1783757,,,Pomal˝,585068.0,644773.0,GN_V0.1UIR-ADR_410,1
150506190068,6,,2019-01-19,6,1721,0,0,0,1,5,2,100,0,0,1,0,2,1,1,1,4,1,1,1,3,3,0,4,1,10,6.0,11,0.0,,4.0,0.0,1.0,0.0,1.0,5.0,0,4.0,1.0,1.0,"-522985,338","-1165798,021","-522989,916","-1165774,054","-522989,839","-1165774,047",ZlÌn,Nerudova,,mÌstnÌkomunikace,,647805,,Souhlasn˝sesmÏrem˙seku,Pomal˝,585068.0,644609.0,GN_V0.1UIR-ADR_410,1
150506190069,2,491.0,2019-01-19,6,1820,5,0,0,2,4,0,100,0,0,0,200,2,1,1,1,6,1,1,1,0,0,0,3,1,0,,3,17.0,16,1.0,0.0,1.0,0.0,1.0,3.0,150,3.0,1.0,1.0,"-511936,574","-1159822,877","-511936,574","-1159822,877","-511936,493","-1159822,627",,,,silnice2.t¯Ìdy,491,3196612,,OpaËn˝kesmÏru˙seku,Pomal˝,585262.0,,GN_V0.1UIR-ADR_410,2
150506190070,2,497.0,2019-01-19,6,2100,5,0,0,2,4,0,100,0,0,0,450,2,1,1,1,6,1,1,1,0,0,0,1,1,0,,3,27.0,07,1.0,0.0,1.0,0.0,1.0,3.0,300,2.0,1.0,1.0,"-525630,282","-1172682,381","-525630,282","-1172682,381","-525630,467","-1172681,52",,,,silnice2.t¯Ìdy,497,3192820,,OpaËn˝kesmÏru˙seku,Pomal˝,585815.0,,GN_V0.1UIR-ADR_410,2
150506190071,6,,2019-01-12,6,2560,2,0,0,2,1,0,508,0,0,0,70,2,1,1,1,1,1,1,1,0,0,10,1,2,0,,17,,XX,,,,,,,0,,,,"-528329,122","-1166828,147","-528329,122","-1166828,147","-528322,809","-1166828,285",ZlÌn,,,mÌstnÌkomunikace,,3373633,,Souhlasn˝sesmÏrem˙seku,Pomal˝,585068.0,,GN_V0.1UIR-ADR_410,1
150506190072,6,,2019-01-18,5,2560,2,0,0,2,1,0,508,0,0,0,300,2,6,1,1,4,1,1,1,0,0,0,1,2,0,,17,,XX,,,,,,,0,,,,"-520415,224","-1165892,752","-520415,224","-1165892,752","-520416,052","-1165892,101",ZlÌn,LazyIII,,mÌstnÌkomunikace,,648078,,Souhlasn˝sesmÏrem˙seku,Pomal˝,585068.0,645559.0,GN_V0.1UIR-ADR_410,1
150506190073,1,49.0,2019-01-20,0,1320,1,1,0,2,1,2,508,0,0,0,1220,2,1,1,1,1,1,4,1,0,0,0,1,3,0,,3,47.0,07,1.0,0.0,1.0,0.0,1.0,1.0,500,2.0,2.0,1.0,"-522398,545","-1165510,083","-522398,545","-1165510,083","-522398,25","-1165512,53",ZlÌn,t¯ÌdaTom·öeBati,,silnice1.t¯Ìdy,49,1386429,,Souhlasn˝sesmÏrem˙seku,Pomal˝,585068.0,644803.0,GN_V0.1UIR-ADR_410,1
150506190074,2,491.0,2019-01-20,0,1840,5,0,0,2,4,0,100,0,0,0,400,2,1,1,1,6,1,4,1,0,0,0,1,1,0,,3,39.0,15,1.0,0.0,1.0,0.0,1.0,1.0,350,4.0,1.0,1.0,"-512311,508","-1165204,207","-512311,508","-1165204,207","-512312,057","-1165204,038",,,,silnice2.t¯Ìdy,491,1649460,,Souhlasn˝sesmÏrem˙seku,Pomal˝,585921.0,,GN_V0.1UIR-ADR_410,2
150506190075,2,438.0,2019-01-17,4,1800,5,0,0,2,4,0,100,0,0,0,50,2,1,1,1,6,1,1,1,0,0,0,1,1,0,,3,39.0,09,3.0,0.0,0.0,0.0,1.0,1.0,0,3.0,1.0,5.0,,,"-530424,822","-1163545,126","-530425,24","-1163545,039",,,,silnice2.t¯Ìdy,438,3154042,,OpaËn˝kesmÏru˙seku,Pomal˝,585858.0,,GN_V0.1UIR-ADR_410,2
150506190076,2,490.0,2019-01-21,1,1525,3,0,9,2,1,2,204,0,0,0,800,2,6,1,1,1,1,1,1,0,0,0,3,1,0,,3,39.0,12,1.0,1.0,0.0,0.0,1.0,3.0,600,2.0,1.0,1.0,"-520448,046","-1176882,871","-520467,384","-1176883,408","-520467,426","-1176883,577",H¯ivÌn˘v⁄jezd,,,silnice2.t¯Ìdy,490,1247254,,Souhlasn˝sesmÏrem˙seku,Pomal˝,585271.0,,GN_V0.1UIR-ADR_410,1
150506190077,6,,2019-01-21,1,930,2,0,0,2,1,0,508,0,0,0,300,2,1,1,1,1,1,1,1,0,0,10,1,3,0,,17,,XX,,,,,,,0,,,,"-520412,342","-1163913,284","-520412,342","-1163913,284","-520414,556","-1163907,33",ZlÌn,Budovatelsk·,,mÌstnÌkomunikace,,1783812,,Souhlasn˝sesmÏrem˙seku,Pomal˝,585068.0,645044.0,GN_V0.1UIR-ADR_410,1
150506190078,1,57.0,2019-01-17,4,500,5,0,0,2,4,0,100,0,0,0,200,2,1,1,1,6,1,1,1,0,0,0,1,1,0,,3,32.0,14,3.0,0.0,0.0,0.0,1.0,1.0,200,3.0,1.0,1.0,,,"-496293,792","-1186723,949","-496290,851","-1186723,316",,,,silnice1.t¯Ìdy,57,3063460,,Souhlasn˝sesmÏrem˙seku,Pomal˝,585114.0,,GN_V0.1UIR-ADR_410,2
150506190079,2,493.0,2019-01-22,2,615,1,1,0,2,1,2,304,0,0,0,800,2,3,1,1,6,1,1,1,0,0,0,1,2,0,,3,4.0,02,1.0,0.0,0.0,0.0,1.0,3.0,500,2.0,1.0,1.0,"-513240,469","-1177673,856","-513240,469","-1177673,856","-513242,904","-1177676,242",,,,silnice2.t¯Ìdy,493,3063102,,OpaËn˝kesmÏru˙seku,Pomal˝,549401.0,,GN_V0.1UIR-ADR_410,2
150506190080,3,49020.0,2019-01-22,2,1014,2,0,0,2,1,0,508,0,0,0,31,2,1,1,1,1,1,1,1,0,0,7,1,2,0,,5,35.0,06,3.0,0.0,3.0,0.0,1.0,3.0,1,3.0,1.0,1.0,"-515424,618","-1166546,429","-515424,618","-1166546,429","-515425,562","-1166544,709",ZLÕN-éELECHOVICENADDÿEVNICÕ,Pod¯evnick·,,silnice3.t¯Ìdy,49020,649929,,OpaËn˝kesmÏru˙seku,Pomal˝,500011.0,644404.0,GN_V0.1UIR-ADR_410,1
150506190081,1,49.0,2019-01-22,2,1735,5,0,0,2,4,0,100,0,0,0,200,2,1,1,1,6,1,1,1,0,0,0,1,1,0,,5,31.0,16,3.0,0.0,1.0,0.0,1.0,3.0,200,3.0,1.0,1.0,,,"-505810,698","-1167522,037","-505803,548","-1167532,52",,,,silnice1.t¯Ìdy,49,3450359,,OpaËn˝kesmÏru˙seku,Pomal˝,549550.0,,GN_V0.1UIR-ADR_410,2
150506190082,6,,2019-01-21,1,830,2,0,0,2,1,0,508,0,0,0,160,1,1,1,1,1,1,1,1,0,0,10,1,2,0,,3,39.0,91,1.0,0.0,1.0,0.0,1.0,5.0,10,2.0,1.0,1.0,"-518482,095","-1165190,356","-518482,095","-1165190,356","-518487,445","-1165188,493",ZlÌn,HavlÌËkovon·b¯eûÌ,,mÌstnÌkomunikace,,3130194,,Souhlasn˝sesmÏrem˙seku,Pomal˝,585068.0,645290.0,GN_V0.1UIR-ADR_410,1
150506190083,6,,2019-01-22,2,1107,2,0,0,2,1,0,508,0,0,0,50,1,1,1,1,1,1,1,1,0,0,10,1,2,0,,17,,XX,,,,,,,0,,,,"-520834,586","-1165099,071","-520820,852","-1165080,49","-520820,932","-1165080,082",ZlÌn,Potoky,,mÌstnÌkomunikace,,3130100,,OpaËn˝kesmÏru˙seku,Pomal˝,585068.0,644684.0,GN_V0.1UIR-ADR_410,1
150506190084,2,497.0,2019-01-23,3,1830,5,0,0,2,4,0,100,0,0,0,500,2,1,1,1,6,1,1,1,0,0,0,1,1,0,,3,47.0,08,1.0,0.0,0.0,0.0,1.0,3.0,450,3.0,1.0,1.0,,,"-521650,457","-1167175,793","-521649,064","-1167175,011",ZlÌn,B¯eznick·,,silnice2.t¯Ìdy,497,653049,,Souhlasn˝sesmÏrem˙seku,Pomal˝,585068.0,645001.0,GN_V0.1UIR-ADR_410,1
150506190085,2,492.0,2019-01-20,0,1420,5,0,0,2,4,0,100,0,0,0,300,2,1,1,1,1,1,1,1,0,0,0,2,1,0,,3,35.0,12,1.0,0.0,0.0,0.0,1.0,3.0,300,2.0,1.0,1.0,,,"-518797,395","-1181895,589","-518795,142","-1181899,202",,,,silnice2.t¯Ìdy,492,1369168,,Souhlasn˝sesmÏrem˙seku,Pomal˝,585076.0,,GN_V0.1UIR-ADR_410,2
150506190086,2,492.0,2019-01-24,4,1220,1,3,0,1,1,2,402,0,0,1,1200,2,1,1,1,1,1,1,1,3,3,0,5,2,19,6.0,3,32.0,01,1.0,0.0,1.0,0.0,1.0,21.0,200,2.0,1.0,1.0,"-516556,381","-1180034,361","-516556,381","-1180034,361","-516555,007","-1180036,172",LuhaËovice,Masarykova,,silnice2.t¯Ìdy,492,3233652,,OpaËn˝kesmÏru˙seku,Pomal˝,585459.0,639621.0,GN_V0.1UIR-ADR_410,1