IDENTIFIKA»NÕ »ÕSLO,DRUH POZEMNÕ KOMUNIKACE,»ÕSLO POZEMNÕ KOMUNIKACE,"den, mÏsÌc, rok",,Ëas ,DRUH NEHODY,DRUH SR¡éKY JEDOUCÕCH VOZIDEL,DRUH PEVN… PÿEK¡éKY,CHARAKTER NEHODY,ZAVINÃNÕ NEHODY,ALKOHOL U VINÕKA NEHODY PÿÕTOMEN,HLAVNÕ PÿÕ»INY NEHODY,usmrceno osob,tÏûce zranÏno osob,lehce zranÏno osob,CELKOV¡ HMOTN¡ äKODA,DRUH POVRCHU VOZOVKY,STAV POVRCHU VOZOVKY V DOBÃ NEHODY,STAV KOMUNIKACE,POVÃTRNOSTNÕ PODMÕNKY V DOBÃ NEHODY,VIDITELNOST,ROZHLEDOV… POMÃRY,DÃLENÕ KOMUNIKACE,SITUOV¡NÕ NEHODY NA KOMUNIKACI,ÿÕZENÕ PROVOZU V DOBÃ NEHODY,MÕSTNÕ ⁄PRAVA PÿEDNOSTI V JÕZDÃ,SPECIFICK¡ MÕSTA A OBJEKTY V MÕSTÃ NEHODY,SMÃROV… POMÃRY,PO»ET Z⁄»ASTNÃN›CH VOZIDEL,MÕSTO DOPRAVNÕ NEHODY,DRUH KÿIéUJÕCÕ KOMUNIKACE,DRUH VOZIDLA,V›ROBNÕ ZNA»KA MOTOROV…HO VOZIDLA,ROK V›ROBY VOZIDLA,CHARAKTERISTIKA VOZIDLA ,SMYK,VOZIDLO PO NEHODÃ,"⁄NIK PROVOZNÕCH, PÿEPRAVOVAN›CH HMOT",ZPŸSOB VYPROäTÃNÕ OSOB Z VOZIDLA,SMÃR JÕZDY NEBO POSTAVENÕ VOZIDLA,äKODA NA VOZIDLE,KATEGORIE ÿIDI»E,STAV ÿIDI»E,VNÃJäÕ OVLIVNÃNÕ ÿIDI»E,nan.1,nan.2,nan.3,nan.4,nan.5,nan.6,nan.7,nan.8,nan.9,nan.10,nan.11,nan.12,nan.13,nan.14,nan.15,nan.16,nan.17,nan.18,LOKALITA NEHODY
150506190087,6,,2019-01-24,4,1815,2,0,0,2,1,2,508,0,0,0,60,2,1,1,1,4,1,1,1,0,0,0,1,2,0,,3,44.0,06,1.0,0.0,0.0,0.0,1.0,5.0,10,3.0,1.0,1.0,"-521452,111","-1164752,497","-521452,111","-1164752,497","-521452,482","-1164749,639",ZlÌn,TYRäOVON¡BÿEéÕ,,mÌstnÌkomunikace,,2386531,,Souhlasn˝sesmÏrem˙seku,Pomal˝,585068.0,644170.0,GN_V0.1UIR-ADR_410,1
150506190088,1,49.0,2019-01-24,4,1800,1,4,0,2,1,0,508,0,0,0,50,2,1,1,1,4,1,4,1,2,0,1,4,2,19,6.0,17,,XX,,,,,,,0,,,,"-520456,743","-1165191,747","-520456,743","-1165194,433","-520456,625","-1165193,439",ZlÌn,t¯ÌdaTom·öeBati,,silnice1.t¯Ìdy,49,720657,,Souhlasn˝sesmÏrem˙seku,Pomal˝,585068.0,644803.0,GN_V0.1UIR-ADR_410,1
150506190089,3,4913.0,2019-01-13,0,200,0,0,0,2,0,0,100,0,0,0,50,2,6,1,5,7,1,1,1,0,0,0,3,1,0,,5,62.0,10,8.0,0.0,0.0,0.0,1.0,3.0,50,4.0,1.0,1.0,"-512651,43","-1159781,779","-512683,126","-1159794,134","-512680,918","-1159794,762",,,,silnice3.t¯Ìdy,4913,2128375,,Souhlasn˝sesmÏrem˙seku,Pomal˝,557170.0,,GN_V0.1UIR-ADR_410,2
150506190090,6,,2019-01-25,5,2560,2,0,0,2,1,0,508,0,0,0,80,2,1,1,1,1,1,1,1,0,0,10,1,2,0,,17,,XX,,,,,,,0,,,,"-533322,01","-1170290,316","-533322,01","-1170290,316","-533315,706","-1170290,515",Napajedla,t¯ÌdaTom·öeBati,,mÌstnÌkomunikace,,658007,,,Pomal˝,585513.0,640581.0,GN_V0.1UIR-ADR_410,1
150506190091,3,49720.0,2019-01-25,5,2155,5,0,0,2,4,0,100,0,0,0,20,2,1,1,1,6,1,1,1,0,0,0,1,1,0,,3,39.0,09,12.0,0.0,1.0,0.0,1.0,3.0,10,3.0,1.0,1.0,"-521914,809","-1176598,826","-521914,809","-1176598,826","-521918,547","-1176600,377",,,,silnice3.t¯Ìdy,49720,2128330,,Souhlasn˝sesmÏrem˙seku,Pomal˝,585912.0,,GN_V0.1UIR-ADR_410,2
150506190092,6,,2019-01-25,5,2560,3,0,3,2,1,0,508,0,0,0,50,2,1,1,1,6,1,1,1,0,0,10,1,1,0,,17,,XX,,,,,,,0,,,,"-521655,051","-1163934,296","-521655,051","-1163934,296","-521649,349","-1163934,778",ZlÌn,JÌlov·,,mÌstnÌkomunikace,,3129636,,,Pomal˝,585068.0,645362.0,GN_V0.1UIR-ADR_410,1
150506190093,3,49024.0,2019-01-26,6,1030,9,0,0,2,1,2,204,0,0,0,200,2,6,1,5,3,1,1,1,3,3,0,5,1,19,6.0,3,39.0,09,12.0,1.0,0.0,0.0,1.0,31.0,200,2.0,1.0,1.0,"-516432,731","-1173683,646","-516435,693","-1173675,837","-516435,406","-1173675,947",,,,silnice3.t¯Ìdy,49024,3301902,,Souhlasn˝sesmÏrem˙seku,Pomal˝,585661.0,,GN_V0.1UIR-ADR_410,2
150506190094,6,,2019-01-26,6,1140,2,0,0,2,1,2,508,0,0,0,40,2,3,1,1,1,1,1,1,0,0,10,1,2,0,,3,39.0,16,1.0,0.0,0.0,0.0,1.0,5.0,20,2.0,1.0,1.0,"-521514,422","-1165156,686","-521514,422","-1165156,686","-521515,049","-1165153,677",ZlÌn,VavreËkova,,mÌstnÌkomunikace,,3370126,,,Pomal˝,585068.0,741175.0,GN_V0.1UIR-ADR_410,1
150506190095,6,,2019-01-26,6,1605,2,0,0,2,1,2,204,0,0,0,220,2,6,1,1,1,1,1,1,0,0,0,3,2,0,,5,64.0,05,3.0,0.0,0.0,0.0,1.0,5.0,20,3.0,1.0,1.0,"-522011,776","-1166103,456","-522011,776","-1166103,456","-522011,178","-1166104,405",ZlÌn,UZimnÌhostadionu,,mÌstnÌkomunikace,,1289772,,Souhlasn˝sesmÏrem˙seku,Pomal˝,585068.0,646750.0,GN_V0.1UIR-ADR_410,1
150506190096,3,49724.0,2019-01-26,6,1730,9,0,0,1,1,2,204,0,0,2,100,2,5,1,6,6,1,1,1,0,0,0,3,1,0,,3,31.0,00,1.0,1.0,0.0,0.0,1.0,1.0,100,2.0,1.0,1.0,"-532008,915","-1173956,301","-532008,915","-1173956,301","-532006,763","-1173956,222",,,,silnice3.t¯Ìdy,49724,664193,,Souhlasn˝sesmÏrem˙seku,Pomal˝,585513.0,,GN_V0.1UIR-ADR_410,2
150506190097,3,36745.0,2019-01-26,6,1814,3,0,1,1,1,2,204,0,0,1,300,2,8,1,5,6,1,1,1,0,0,0,2,1,0,,3,5.0,05,1.0,0.0,0.0,0.0,1.0,1.0,300,2.0,1.0,1.0,"-533513,15","-1164846,476","-533513,15","-1164846,476","-533511,886","-1164843,498",,,,silnice3.t¯Ìdy,36745,3295695,,OpaËn˝kesmÏru˙seku,Pomal˝,588318.0,,GN_V0.1UIR-ADR_410,2
150506190098,2,495.0,2019-01-22,2,2345,5,0,0,2,4,0,100,0,0,0,54,2,1,1,1,6,1,1,1,0,0,0,2,1,0,,3,39.0,17,1.0,0.0,0.0,0.0,1.0,1.0,4,2.0,1.0,1.0,,,"-503676,104","-1184081,977","-503676,223","-1184082,515",,,,silnice2.t¯Ìdy,495,1496206,,OpaËn˝kesmÏru˙seku,Pomal˝,585751.0,,GN_V0.1UIR-ADR_410,2
150506190099,6,,2019-01-26,6,1647,3,0,9,2,1,0,508,0,0,0,120,2,6,1,6,2,1,0,3,0,0,0,2,1,0,,3,25.0,09,1.0,0.0,1.0,0.0,1.0,5.0,50,2.0,1.0,1.0,"-518457,66","-1166244,132","-518457,66","-1166244,132","-518459,363","-1166248,042",ZlÌn,N·hornÌ,,mÌstnÌkomunikace,,1810798,,OpaËn˝kesmÏru˙seku,Pomal˝,585068.0,805572.0,GN_V0.1UIR-ADR_410,1
150506190100,6,,2019-01-27,0,1620,3,0,9,2,1,2,204,0,0,0,150,2,6,1,1,1,1,1,1,3,5,0,5,1,10,6.0,3,17.0,15,12.0,0.0,1.0,0.0,1.0,5.0,100,3.0,1.0,1.0,"-504307,331","-1173117,386","-504307,331","-1173117,386","-504307,129","-1173119,018",⁄jezd,,,mÌstnÌkomunikace,,1180712,,OpaËn˝kesmÏru˙seku,Pomal˝,585882.0,,GN_V0.1UIR-ADR_410,1
150506190101,2,490.0,2019-01-26,6,1620,3,0,4,2,1,2,204,0,0,0,150,2,5,1,5,3,1,1,1,0,0,0,3,1,0,,3,7.0,02,1.0,0.0,1.0,0.0,3.0,3.0,50,2.0,1.0,1.0,,,"-519087,589","-1182074,897","-519087,399","-1182075,346",,,,silnice2.t¯Ìdy,490,1368541,,Souhlasn˝sesmÏrem˙seku,Pomal˝,585076.0,,GN_V0.1UIR-ADR_410,2
150506190102,2,495.0,2019-01-24,4,1915,5,0,0,2,4,0,100,0,0,0,300,2,1,1,1,6,1,1,1,0,0,0,1,1,0,,3,39.0,08,1.0,0.0,1.0,0.0,1.0,3.0,300,2.0,1.0,1.0,,,"-503715,295","-1184073,862","-503715,341","-1184074,087",,,,silnice2.t¯Ìdy,495,1623410,,OpaËn˝kesmÏru˙seku,Pomal˝,585751.0,,GN_V0.1UIR-ADR_410,2
150506190103,3,49011.0,2019-01-25,5,1730,5,0,0,2,4,0,100,0,0,0,200,2,2,1,1,6,1,1,1,0,0,0,1,1,0,,3,39.0,10,1.0,0.0,1.0,0.0,1.0,1.0,200,2.0,1.0,1.0,,,"-521421,709","-1155868,694","-521427,224","-1155877,032",,,,silnice3.t¯Ìdy,49011,1496120,,Souhlasn˝sesmÏrem˙seku,Pomal˝,557145.0,,GN_V0.1UIR-ADR_410,2
150506190104,2,490.0,2019-01-27,0,2200,5,0,0,2,4,0,100,0,0,0,550,2,3,1,1,6,1,1,1,0,0,0,1,1,0,,3,17.0,18,1.0,0.0,0.0,0.0,1.0,3.0,500,2.0,1.0,1.0,,,"-518455,606","-1174979,295","-518458,591","-1174980,866",,,,silnice2.t¯Ìdy,490,1182208,,OpaËn˝kesmÏru˙seku,Pomal˝,585441.0,,GN_V0.1UIR-ADR_410,2
150506190105,1,55.0,2019-01-26,6,1654,3,0,4,2,1,2,204,0,0,0,530,2,6,1,1,2,1,1,1,0,0,0,1,1,0,,3,60.0,11,3.0,1.0,0.0,0.0,1.0,3.0,500,2.0,1.0,1.0,,,"-532365,142","-1168592,283","-532361,158","-1168599,858",,,,silnice1.t¯Ìdy,55,1496425,,Souhlasn˝sesmÏrem˙seku,Pomal˝,585513.0,,GN_V0.1UIR-ADR_410,2
150506190106,6,,2019-01-26,6,1320,3,0,9,2,1,2,508,0,0,0,750,2,6,1,5,1,1,1,1,0,0,0,1,1,0,,3,39.0,14,3.0,0.0,0.0,0.0,1.0,5.0,600,2.0,1.0,1.0,,,"-521144,72","-1164900,795","-521144,715","-1164900,751",ZlÌn,Zar·mÌ,,mÌstnÌkomunikace,,3127928,,OpaËn˝kesmÏru˙seku,Pomal˝,585068.0,646911.0,GN_V0.1UIR-ADR_410,1
150506190107,6,,2019-01-29,2,1050,3,0,8,2,1,2,508,0,0,0,60,2,5,1,1,1,1,0,1,0,0,0,1,1,0,,3,27.0,10,3.0,0.0,0.0,0.0,1.0,5.0,50,2.0,1.0,1.0,"-507566,771","-1166862,395","-507566,771","-1166862,395","-507568,098","-1166859,937",Vizovice,Masarykovon·m.,,mÌstnÌkomunikace,,2744520,,Souhlasn˝sesmÏrem˙seku,Pomal˝,585939.0,643637.0,GN_V0.1UIR-ADR_410,1
150506190108,3,4942.0,2019-01-24,4,1023,5,0,0,2,4,0,100,0,0,0,400,2,1,1,1,1,1,1,1,0,0,0,1,1,0,,3,44.0,18,1.0,0.0,0.0,0.0,1.0,3.0,400,3.0,1.0,1.0,,,"-502782,303","-1172419,95","-502782,557","-1172418,23",,,,silnice3.t¯Ìdy,4942,2128283,,OpaËn˝kesmÏru˙seku,Pomal˝,585980.0,,GN_V0.1UIR-ADR_410,2
150506190109,3,36746.0,2019-01-28,1,1500,0,0,0,2,1,2,516,0,0,0,100,2,1,1,1,1,1,1,1,0,0,0,3,2,0,,7,40.0,08,3.0,0.0,0.0,0.0,1.0,3.0,0,3.0,1.0,1.0,"-531992,745","-1167179,536","-531992,745","-1167179,536","-531992,031","-1167178,128",Otrokovice,ObjÌzdn·,,silnice3.t¯Ìdy,36746,3295672,,Souhlasn˝sesmÏrem˙seku,Pomal˝,585599.0,641464.0,GN_V0.1UIR-ADR_410,1
150506190110,2,367.0,2019-01-10,4,234,5,0,0,2,4,0,100,0,0,0,40050,2,1,1,1,6,1,1,1,0,0,0,3,1,0,,3,39.0,15,1.0,0.0,0.0,0.0,1.0,1.0,50,2.0,1.0,1.0,,,"-533610,986","-1161088,935","-533607,858","-1161091,669",,,,silnice2.t¯Ìdy,367,3298335,,OpaËn˝kesmÏru˙seku,Pomal˝,585858.0,,GN_V0.1UIR-ADR_410,2
150506190111,6,,2019-01-30,3,800,3,0,6,2,1,2,504,0,0,0,520,2,5,1,6,1,2,1,1,0,0,0,1,1,0,,7,40.0,11,3.0,0.0,1.0,0.0,1.0,5.0,0,3.0,1.0,1.0,"-523423,643","-1165516,159","-523423,643","-1165516,159","-523423,518","-1165516,709",ZlÌn,N·b¯eûÌ,,mÌstnÌkomunikace,,3065915,,,Pomal˝,585068.0,644579.0,GN_V0.1UIR-ADR_410,1
150506190112,1,69.0,2019-01-19,6,720,5,0,0,2,4,0,100,0,0,0,240,2,1,1,1,2,1,1,1,0,0,0,3,1,0,,3,4.0,18,1.0,0.0,0.0,0.0,1.0,1.0,200,2.0,1.0,1.0,,,"-503872,915","-1161606,583","-503871,656","-1161606,744",,,,silnice1.t¯Ìdy,69,2128514,,Souhlasn˝sesmÏrem˙seku,Pomal˝,585301.0,,GN_V0.1UIR-ADR_410,2
150506190113,1,49.0,2019-01-30,3,1036,1,4,0,2,1,2,204,0,0,0,1800,1,5,1,1,1,1,2,1,0,0,7,1,2,0,,11,0.0,,3.0,1.0,1.0,0.0,1.0,1.0,1000,4.0,1.0,1.0,"-521514,606","-1165356,948","-521516,754","-1165349,428","-521516,521","-1165350,325",ZlÌn,ätef·nikova,,silnice1.t¯Ìdy,49,720684,,Souhlasn˝sesmÏrem˙seku,Pomal˝,585068.0,646636.0,GN_V0.1UIR-ADR_410,1
150506190114,2,489.0,2019-01-30,3,1755,1,1,0,2,1,4,501,0,0,0,90,2,6,1,1,6,1,1,1,0,0,0,1,2,0,,5,32.0,09,1.0,0.0,1.0,0.0,1.0,3.0,30,3.0,3.0,1.0,"-511642,256","-1155904,508","-511642,256","-1155904,508","-511640,486","-1155903,502",Drûkov·,,,silnice2.t¯Ìdy,489,1174659,,Souhlasn˝sesmÏrem˙seku,Pomal˝,585203.0,,GN_V0.1UIR-ADR_410,1
150506190115,2,490.0,2019-01-31,4,625,1,1,0,1,1,2,508,0,0,1,1000,2,3,1,6,6,1,1,1,0,0,0,1,2,0,,3,39.0,00,1.0,0.0,1.0,0.0,1.0,1.0,150,2.0,1.0,1.0,"-521420,227","-1175733,038","-521420,227","-1175733,038","-521422,216","-1175734,44",,,,silnice2.t¯Ìdy,490,2128425,,OpaËn˝kesmÏru˙seku,Pomal˝,585271.0,,GN_V0.1UIR-ADR_410,2
150506190116,3,49016.0,2019-01-31,4,700,3,0,9,2,1,0,508,0,0,0,150,2,3,1,1,2,1,1,8,3,3,0,5,1,23,6.0,17,,XX,,,,,,,0,,,,"-522479,317","-1163407,832","-522469,648","-1163428,78","-522470,037","-1163428,619",ZlÌn,N·vesnÌ,,silnice3.t¯Ìdy,49016,3129579,,OpaËn˝kesmÏru˙seku,Pomal˝,585068.0,865273.0,GN_V0.1UIR-ADR_410,1
150506190117,6,,2019-01-18,5,1745,2,0,0,2,1,0,508,0,0,0,50,2,6,1,1,6,1,0,1,0,0,0,1,2,0,,17,,XX,,,,,,,0,,,,"-518838,509","-1165259,436","-518825,853","-1165260,783","-518826,458","-1165260,541",ZlÌn,Dukelsk·,,mÌstnÌkomunikace,,645723,,Souhlasn˝sesmÏrem˙seku,Pomal˝,585068.0,645214.0,GN_V0.1UIR-ADR_410,1
150506190118,6,,2019-01-31,4,1760,2,0,0,2,1,0,508,0,0,0,200,2,5,1,1,2,1,0,0,3,5,10,1,2,0,,17,,XX,,,,,,,0,,,,"-525031,825","-1166099,001","-525031,825","-1166099,001","-525031,877","-1166099,024",ZlÌn,TÿÕDATOM¡äEBATI,,mÌstnÌkomunikace,,3130542,,Souhlasn˝sesmÏrem˙seku,Pomal˝,585068.0,658308.0,GN_V0.1UIR-ADR_410,1
150506190120,6,,2019-01-01,2,2560,3,0,9,2,1,2,204,0,0,0,10,2,3,1,1,1,1,1,1,0,0,0,1,1,0,,3,31.0,06,7.0,0.0,0.0,0.0,1.0,5.0,10,2.0,1.0,1.0,"-520783,715","-1163269,417","-520783,715","-1163269,417","-520771,987","-1163270,219",ZlÌn,»esk·,,mÌstnÌkomunikace,,1621682,,OpaËn˝kesmÏru˙seku,Pomal˝,585068.0,645109.0,GN_V0.1UIR-ADR_410,1
150506190121,6,,2019-01-25,5,2560,3,0,3,2,1,0,508,0,0,0,100,2,3,1,1,4,1,1,8,0,0,0,1,1,0,,17,,XX,,,,,,,0,,,,"-521123,118","-1163946,135","-521123,118","-1163946,135","-521128,866","-1163945,75",ZlÌn,K¯iby,,mÌstnÌkomunikace,,641652,,Souhlasn˝sesmÏrem˙seku,Pomal˝,585068.0,645451.0,GN_V0.1UIR-ADR_410,1
150806190001,3,36744.0,2019-01-01,2,25,5,0,0,2,4,0,100,0,0,0,200,2,1,1,1,6,1,1,1,0,0,0,1,1,0,,3,44.0,15,1.0,0.0,1.0,0.0,1.0,1.0,200,2.0,1.0,1.0,"-535701,124","-1163699,142","-535701,124","-1163699,142","-535704,153","-1163696,512",,,,silnice3.t¯Ìdy,36744,2156792,,Souhlasn˝sesmÏrem˙seku,Pomal˝,588644.0,,GN_V0.1UIR-ADR_410,2
150806190002,3,36724.0,2019-01-01,2,250,2,0,0,2,1,2,508,0,0,0,1510,2,1,1,1,4,1,1,8,0,0,0,1,2,0,,3,60.0,06,1.0,0.0,1.0,0.0,1.0,1.0,500,2.0,1.0,1.0,"-545807,759","-1154048,346","-545807,759","-1154048,346","-545818,844","-1154045,539",Zlobice,,,silnice3.t¯Ìdy,36724,1246190,,Souhlasn˝sesmÏrem˙seku,Pomal˝,589217.0,,GN_V0.1UIR-ADR_410,1
150806190003,2,432.0,2019-01-02,3,710,5,0,0,2,4,0,100,0,0,0,430,2,1,1,1,2,1,1,1,0,0,8,1,1,0,,5,19.0,14,3.0,0.0,1.0,0.0,1.0,1.0,400,2.0,1.0,1.0,"-557137,651","-1172242,952","-557137,651","-1172242,952","-557137,887","-1172240,581",,,,silnice2.t¯Ìdy,432,1623612,,OpaËn˝kesmÏru˙seku,Pomal˝,588601.0,,GN_V0.1UIR-ADR_410,2
150806190004,2,438.0,2019-01-02,3,1900,3,0,9,2,1,2,204,0,0,0,1300,2,6,1,6,6,1,1,1,0,0,0,1,1,0,,3,4.0,95,1.0,1.0,1.0,1.0,1.0,1.0,500,2.0,1.0,1.0,"-521990,147","-1148556,278","-521990,147","-1148556,278","-521989,46","-1148556,842",HLINSKOPODHOST›NEM,,,silnice2.t¯Ìdy,438,3192666,,Souhlasn˝sesmÏrem˙seku,Pomal˝,588393.0,,GN_V0.1UIR-ADR_410,1
150806190005,2,438.0,2019-01-02,3,1915,1,4,0,2,1,2,204,0,0,0,250,2,6,1,6,6,1,1,1,0,0,0,1,2,0,,3,39.0,97,1.0,1.0,1.0,0.0,1.0,3.0,200,3.0,1.0,1.0,"-520507,354","-1146669,268","-520507,354","-1146669,268","-520505,195","-1146671,446",,,,silnice2.t¯Ìdy,438,3050291,,Souhlasn˝sesmÏrem˙seku,Pomal˝,588393.0,,GN_V0.1UIR-ADR_410,2
150806190006,2,438.0,2019-01-01,2,2560,5,0,0,2,4,0,100,0,0,0,180,2,1,1,1,1,1,1,1,0,0,0,1,1,0,,3,2.0,15,3.0,0.0,1.0,0.0,1.0,1.0,150,2.0,1.0,1.0,,,"-522954,621","-1149582,717","-522951,657","-1149590,464",,,,silnice2.t¯Ìdy,438,2154324,,OpaËn˝kesmÏru˙seku,Pomal˝,588555.0,,GN_V0.1UIR-ADR_410,2
150806190007,6,,2019-01-03,4,1155,0,0,0,2,1,2,403,0,0,0,350,2,6,1,6,1,1,1,1,3,3,0,5,2,10,6.0,5,35.0,08,2.0,1.0,1.0,0.0,1.0,5.0,0,2.0,1.0,1.0,"-542107,911","-1152990,308","-542107,911","-1152990,308","-542106,582","-1152989,454",KromÏ¯Ìû,,,mÌstnÌkomunikace,,613215,,Souhlasn˝sesmÏrem˙seku,Pomal˝,588296.0,,GN_V0.1UIR-ADR_410,1
150806190008,6,,2019-01-03,4,1223,3,0,6,2,1,2,204,0,0,0,850,2,5,1,1,1,2,1,8,0,0,10,3,1,0,,3,13.0,17,2.0,1.0,1.0,0.0,1.0,5.0,700,2.0,1.0,1.0,"-541292,907","-1147793,821","-541292,907","-1147793,821","-541307,519","-1147794,945",ChropynÏ,Han·ckÈn·mÏstÌ,,mÌstnÌkomunikace,,1549443,,OpaËn˝kesmÏru˙seku,Pomal˝,588512.0,777561.0,GN_V0.1UIR-ADR_410,1
150806190009,6,,2019-01-04,5,1615,3,0,2,2,1,2,204,0,0,0,520,2,8,1,5,2,1,1,1,3,3,0,5,1,10,6.0,3,47.0,05,1.0,1.0,0.0,0.0,1.0,5.0,500,2.0,1.0,1.0,"-526315,31","-1152397,981","-526315,31","-1152397,981","-526314,804","-1152400,421",Holeöov,Hankeho,,mÌstnÌkomunikace,,611507,,Souhlasn˝sesmÏrem˙seku,Pomal˝,588458.0,236969.0,GN_V0.1UIR-ADR_410,1
150806190010,2,150.0,2019-01-04,5,1635,3,0,3,2,1,2,204,0,0,0,130,2,6,1,5,2,3,1,8,3,3,0,2,1,0,,3,41.0,98,1.0,1.0,0.0,0.0,1.0,3.0,100,2.0,1.0,1.0,"-517114,312","-1144285,338","-517114,312","-1144285,338","-517115,309","-1144288,343",,,,silnice2.t¯Ìdy,150,1170833,,OpaËn˝kesmÏru˙seku,Pomal˝,506737.0,,GN_V0.1UIR-ADR_410,2
150806190011,2,367.0,2019-01-04,5,1748,9,0,0,2,1,2,204,0,0,0,250,2,6,1,5,7,1,1,8,0,0,0,3,1,0,,3,29.0,01,9.0,1.0,1.0,0.0,1.0,3.0,250,2.0,1.0,1.0,"-536567,184","-1160542,78","-536567,184","-1160542,78","-536565,543","-1160543,919",,,,silnice2.t¯Ìdy,367,3153333,,OpaËn˝kesmÏru˙seku,Pomal˝,589047.0,,GN_V0.1UIR-ADR_410,2
150806190012,3,49011.0,2019-01-04,5,2350,3,0,6,2,1,2,204,0,0,0,200,2,6,1,5,5,1,1,8,0,0,0,2,1,0,,3,27.0,00,1.0,0.0,1.0,0.0,1.0,1.0,200,2.0,1.0,1.0,"-523375,144","-1154674,192","-523375,144","-1154674,192","-523374,729","-1154672,583",P¯Ìlepy,,,silnice3.t¯Ìdy,49011,1174316,,Souhlasn˝sesmÏrem˙seku,Pomal˝,549720.0,,GN_V0.1UIR-ADR_410,1
150806190013,2,438.0,2019-01-05,6,1000,3,0,1,2,1,2,204,0,0,0,155,2,8,1,1,1,1,1,8,0,0,0,2,1,0,,3,13.0,01,1.0,1.0,1.0,0.0,1.0,3.0,150,2.0,1.0,4.0,"-523138,519","-1149708,317","-523138,519","-1149708,317","-523135,519","-1149711,676",,,,silnice2.t¯Ìdy,438,2154324,,OpaËn˝kesmÏru˙seku,Pomal˝,588555.0,,GN_V0.1UIR-ADR_410,2
150806190014,3,4328.0,2019-01-05,6,1030,3,0,9,2,1,2,204,0,0,0,150,2,8,1,1,1,1,1,8,0,0,0,1,1,0,,3,35.0,99,1.0,1.0,1.0,0.0,1.0,1.0,100,2.0,1.0,1.0,"-537320,891","-1151784,291","-537320,891","-1151784,291","-537322,241","-1151786,096",,,,silnice3.t¯Ìdy,4328,1622446,,OpaËn˝kesmÏru˙seku,Pomal˝,588989.0,,GN_V0.1UIR-ADR_410,2
150806190015,6,,2019-01-06,0,1220,2,0,0,2,1,0,504,0,0,0,600,6,8,1,1,1,1,0,8,0,0,0,1,2,0,,3,12.0,10,1.0,0.0,1.0,0.0,1.0,5.0,300,2.0,1.0,1.0,"-538825,318","-1155338,238","-538825,318","-1155338,238","-538827,992","-1155347,865",KromÏ¯Ìû,Zborovsk·,,mÌstnÌkomunikace,,1622429,,,Pomal˝,588296.0,240664.0,GN_V0.1UIR-ADR_410,1
150806190016,3,36740.0,2019-01-07,1,1430,5,0,0,2,4,0,100,0,0,0,110,2,3,1,1,2,1,1,1,0,0,0,1,1,0,,3,39.0,16,3.0,0.0,1.0,0.0,1.0,3.0,100,2.0,1.0,1.0,"-534669,401","-1162678,63","-534604,731","-1162752,462","-534604,602","-1162752,327",,,,silnice3.t¯Ìdy,36740,3297240,,Souhlasn˝sesmÏrem˙seku,Pomal˝,588644.0,240770.0,GN_V0.1UIR-ADR_410,2
150806190017,6,,2019-01-04,5,2560,2,0,0,2,1,0,508,0,0,0,200,2,3,1,1,4,1,1,1,0,0,10,1,2,0,,17,,XX,,,,,,,0,,,,"-539476,287","-1156146,567","-539476,287","-1156146,567","-539475,53","-1156146,481",KromÏ¯Ìû,,,mÌstnÌkomunikace,,621743,,Souhlasn˝sesmÏrem˙seku,Pomal˝,588296.0,,GN_V0.1UIR-ADR_410,1
150806190018,3,4349.0,2019-01-08,2,1210,3,0,1,2,1,0,501,0,0,0,830,2,6,1,6,3,1,1,8,0,0,8,1,2,0,,17,,XX,,,,,,,0,,,,"-540549,583","-1142881,03","-540549,583","-1142881,03","-540551,536","-1142880,265",,,,silnice3.t¯Ìdy,4349,2154031,,Souhlasn˝sesmÏrem˙seku,Pomal˝,589161.0,,GN_V0.1UIR-ADR_410,2
150806190019,6,,2019-01-08,2,1730,1,2,0,2,1,0,502,0,0,0,100,2,3,1,1,4,1,1,1,0,0,0,1,2,0,,3,25.0,03,1.0,0.0,1.0,0.0,1.0,5.0,100,2.0,1.0,1.0,"-539950,9","-1155989,316","-539950,9","-1155989,316","-539953,414","-1155990,265",KromÏ¯Ìû,VrchlickÈho,,mÌstnÌkomunikace,,621189,,OpaËn˝kesmÏru˙seku,Pomal˝,588296.0,240605.0,GN_V0.1UIR-ADR_410,1
150806190020,3,36740.0,2019-01-09,3,645,1,2,0,1,1,2,204,0,0,2,1210,2,8,1,1,6,3,1,1,0,0,8,3,2,0,,3,17.0,09,1.0,1.0,1.0,0.0,1.0,1.0,800,2.0,1.0,1.0,"-533986,497","-1163321,663","-533986,497","-1163321,663","-533986,976","-1163321,776",,,,silnice3.t¯Ìdy,36740,1623719,,OpaËn˝kesmÏru˙seku,Pomal˝,588644.0,,GN_V0.1UIR-ADR_410,2
150806190021,6,,2019-01-09,3,700,3,0,6,2,1,0,511,0,0,0,70,2,3,1,3,4,1,1,6,0,0,0,1,1,0,,3,36.0,97,1.0,0.0,0.0,0.0,1.0,5.0,20,7.0,1.0,1.0,"-542879,594","-1159866,478","-542879,594","-1159866,478","-542876,402","-1159871,984",äeleöovice,,,mÌstnÌkomunikace,,1176137,,OpaËn˝kesmÏru˙seku,Pomal˝,557188.0,,GN_V0.1UIR-ADR_410,1