IDENTIFIKA»NÕ »ÕSLO,DRUH POZEMNÕ KOMUNIKACE,»ÕSLO POZEMNÕ KOMUNIKACE,"den, mÏsÌc, rok",,Ëas ,DRUH NEHODY,DRUH SR¡éKY JEDOUCÕCH VOZIDEL,DRUH PEVN… PÿEK¡éKY,CHARAKTER NEHODY,ZAVINÃNÕ NEHODY,ALKOHOL U VINÕKA NEHODY PÿÕTOMEN,HLAVNÕ PÿÕ»INY NEHODY,usmrceno osob,tÏûce zranÏno osob,lehce zranÏno osob,CELKOV¡ HMOTN¡ äKODA,DRUH POVRCHU VOZOVKY,STAV POVRCHU VOZOVKY V DOBÃ NEHODY,STAV KOMUNIKACE,POVÃTRNOSTNÕ PODMÕNKY V DOBÃ NEHODY,VIDITELNOST,ROZHLEDOV… POMÃRY,DÃLENÕ KOMUNIKACE,SITUOV¡NÕ NEHODY NA KOMUNIKACI,ÿÕZENÕ PROVOZU V DOBÃ NEHODY,MÕSTNÕ ⁄PRAVA PÿEDNOSTI V JÕZDÃ,SPECIFICK¡ MÕSTA A OBJEKTY V MÕSTÃ NEHODY,SMÃROV… POMÃRY,PO»ET Z⁄»ASTNÃN›CH VOZIDEL,MÕSTO DOPRAVNÕ NEHODY,DRUH KÿIéUJÕCÕ KOMUNIKACE,DRUH VOZIDLA,V›ROBNÕ ZNA»KA MOTOROV…HO VOZIDLA,ROK V›ROBY VOZIDLA,CHARAKTERISTIKA VOZIDLA ,SMYK,VOZIDLO PO NEHODÃ,"⁄NIK PROVOZNÕCH, PÿEPRAVOVAN›CH HMOT",ZPŸSOB VYPROäTÃNÕ OSOB Z VOZIDLA,SMÃR JÕZDY NEBO POSTAVENÕ VOZIDLA,äKODA NA VOZIDLE,KATEGORIE ÿIDI»E,STAV ÿIDI»E,VNÃJäÕ OVLIVNÃNÕ ÿIDI»E,nan.1,nan.2,nan.3,nan.4,nan.5,nan.6,nan.7,nan.8,nan.9,nan.10,nan.11,nan.12,nan.13,nan.14,nan.15,nan.16,nan.17,nan.18,LOKALITA NEHODY
150806190022,8,,2019-01-09,3,1430,2,0,0,2,1,0,508,0,0,0,110,2,3,1,1,1,1,0,8,0,0,10,1,2,0,,5,12.0,15,3.0,0.0,1.0,0.0,1.0,5.0,10,2.0,1.0,1.0,"-540544,451","-1156633,86","-540544,451","-1156633,86","-540551,228","-1156631,108",KromÏ¯Ìû,Velehradsk·,,mÌstnÌkomunikace,,3052179,,OpaËn˝kesmÏru˙seku,Pomal˝,588296.0,,GN_V0.1UIR-ADR_410,1
150806190023,2,490.0,2019-01-04,5,555,5,0,0,2,4,0,100,0,0,0,300,2,1,1,1,6,1,1,1,0,0,0,1,1,0,,3,60.0,11,1.0,0.0,1.0,0.0,1.0,1.0,300,2.0,1.0,1.0,,,"-528894,947","-1151732,646","-528884,955","-1151723,35",,,,silnice2.t¯Ìdy,490,1623202,,Souhlasn˝sesmÏrem˙seku,Pomal˝,588971.0,,GN_V0.1UIR-ADR_410,2
150806190024,1,55.0,2019-01-11,5,445,5,0,0,2,4,0,100,0,0,0,300,2,1,1,1,6,1,6,1,0,0,0,1,1,0,,3,39.0,11,1.0,0.0,1.0,0.0,1.0,1.0,300,3.0,1.0,1.0,"-533112,715","-1153477,583","-533112,715","-1153477,583","-533114,541","-1153478,243",,,,d·lnice,D55,1891995,,Souhlasn˝sesmÏrem˙seku,Pomal˝,588890.0,,GN_V0.1UIR-ADR_410,2
150806190025,1,47.0,2019-01-11,5,1710,1,1,0,1,1,2,405,0,0,1,600,2,3,1,1,4,1,1,1,2,0,0,4,2,19,2.0,3,39.0,01,1.0,0.0,1.0,0.0,1.0,14.0,300,2.0,1.0,1.0,"-538823,511","-1154011,552","-538823,511","-1154011,552","-538823,866","-1154011,038",KromÏ¯Ìû,,,silnice1.t¯Ìdy,47,719136,,Souhlasn˝sesmÏrem˙seku,Pomal˝,588296.0,,GN_V0.1UIR-ADR_410,1
150806190026,2,367.0,2019-01-13,0,10,3,0,3,2,1,9,508,0,0,0,350,2,3,1,1,4,1,1,1,0,0,0,3,1,0,,3,32.0,98,1.0,0.0,1.0,0.0,1.0,1.0,150,2.0,5.0,1.0,"-539597,408","-1157999,193","-539597,408","-1157999,193","-539597,429","-1157999,12",KOTOJEDY,,,silnice2.t¯Ìdy,367,1288184,,Souhlasn˝sesmÏrem˙seku,Pomal˝,588296.0,,GN_V0.1UIR-ADR_410,1
150806190027,6,,2019-01-13,0,935,3,0,5,2,1,0,506,0,0,0,810,2,3,1,1,1,1,1,1,3,3,0,5,3,10,6.0,3,4.0,06,1.0,1.0,1.0,0.0,1.0,5.0,200,2.0,1.0,1.0,"-534045,593","-1154084,426","-534045,593","-1154084,426","-534046,6","-1154082,728",HulÌn,ZahradnÌ,,mÌstnÌkomunikace,,3233459,,Souhlasn˝sesmÏrem˙seku,Pomal˝,588491.0,238007.0,GN_V0.1UIR-ADR_410,1
150806190028,2,438.0,2019-01-14,1,829,1,3,0,1,1,0,305,0,0,1,0,2,3,1,1,1,1,1,1,3,3,0,7,2,19,6.0,17,,XX,,,,,,,0,,,,"-526749,83","-1152982,206","-526752,524","-1153006,457","-526752,46","-1153006,596",Holeöov,PalackÈho,,silnice2.t¯Ìdy,438,613231,,Souhlasn˝sesmÏrem˙seku,Pomal˝,588458.0,237221.0,GN_V0.1UIR-ADR_410,1
150806190029,6,,2019-01-14,1,1830,3,0,9,2,1,2,509,0,0,0,100,1,8,1,5,4,1,0,8,0,0,0,1,1,0,,5,4.0,07,2.0,0.0,1.0,0.0,1.0,5.0,50,2.0,1.0,1.0,"-542570,159","-1152641,03","-542570,159","-1152641,03","-542562,062","-1152636,24",KromÏ¯Ìû-Postoupky,,,mÌstnÌkomunikace,,612412,,OpaËn˝kesmÏru˙seku,Pomal˝,588296.0,,GN_V0.1UIR-ADR_410,1
150806190030,6,,2019-01-14,1,1960,2,0,0,2,1,0,508,0,0,0,50,2,6,1,6,4,1,1,1,0,0,10,1,2,0,,17,,XX,,,,,,,0,,,,"-541636,933","-1155861,949","-541636,933","-1155861,949","-541632,746","-1155868,517",KromÏ¯Ìû,Brat¯Ìäiler˘,,mÌstnÌkomunikace,,3129158,,OpaËn˝kesmÏru˙seku,Pomal˝,588296.0,239275.0,GN_V0.1UIR-ADR_410,1
150806190031,2,437.0,2019-01-15,2,700,3,0,6,2,1,2,504,0,0,0,60,2,6,7,1,6,1,0,8,3,3,0,1,1,0,,5,19.0,15,3.0,1.0,0.0,0.0,1.0,1.0,10,3.0,1.0,1.0,"-516399,007","-1147096,625","-516411,941","-1147105,786","-516412,229","-1147105,911",ChvalËov,Svornosti,,silnice2.t¯Ìdy,437,1495628,,OpaËn˝kesmÏru˙seku,Pomal˝,506737.0,238678.0,GN_V0.1UIR-ADR_410,1
150806190032,2,150.0,2019-01-16,3,1140,3,0,6,1,1,2,511,0,0,1,1010,1,3,1,1,1,1,1,6,0,0,0,1,1,0,,3,39.0,16,1.0,0.0,0.0,0.0,1.0,3.0,1000,2.0,6.0,1.0,"-519485,375","-1145751,423","-519485,375","-1145751,423","-519488,474","-1145755,97",Byst¯icepodHost˝nem,P¯erovsk·,,silnice2.t¯Ìdy,150,3275405,,Souhlasn˝sesmÏrem˙seku,Pomal˝,588393.0,236519.0,GN_V0.1UIR-ADR_410,1
150806190033,2,438.0,2019-01-16,3,1425,0,0,0,2,1,0,304,0,0,0,600,2,1,1,1,1,1,1,1,0,0,0,1,2,0,,17,,XX,,,,,,,0,,,,"-528217,706","-1156163,29","-528217,706","-1156163,29","-528215,879","-1156164,136",,,,silnice2.t¯Ìdy,438,1175040,,OpaËn˝kesmÏru˙seku,Pomal˝,589152.0,,GN_V0.1UIR-ADR_410,2
150806190034,3,4328.0,2019-01-15,2,1555,5,0,0,2,4,0,100,0,0,0,230,2,3,1,1,1,1,1,1,0,0,0,1,1,0,,3,35.0,10,1.0,0.0,1.0,0.0,1.0,1.0,200,2.0,1.0,1.0,,,"-536248,417","-1152490,833","-536245,276","-1152486,472",,,,silnice3.t¯Ìdy,4328,2749564,,OpaËn˝kesmÏru˙seku,Pomal˝,588491.0,,GN_V0.1UIR-ADR_410,2
150806190035,3,36726.0,2019-01-18,5,714,5,0,0,2,4,0,100,0,0,0,160,2,1,1,1,2,1,1,1,0,0,0,1,1,0,,3,4.0,07,1.0,0.0,1.0,0.0,1.0,1.0,150,3.0,1.0,1.0,"-543427,333","-1153102,279","-543427,333","-1153102,279","-543431,886","-1153100,617",,,,silnice3.t¯Ìdy,36726,2156686,,OpaËn˝kesmÏru˙seku,Pomal˝,588296.0,,GN_V0.1UIR-ADR_410,2
150806190036,2,432.0,2019-01-19,6,1715,5,0,0,2,4,0,100,0,0,0,320,2,1,1,1,6,1,1,1,0,0,0,1,1,0,,3,39.0,12,1.0,0.0,1.0,0.0,1.0,3.0,300,2.0,1.0,1.0,"-562331,858","-1177220,665","-562331,858","-1177220,665","-562335,494","-1177220,624",,,,silnice2.t¯Ìdy,432,668405,,OpaËn˝kesmÏru˙seku,Pomal˝,588601.0,,GN_V0.1UIR-ADR_410,2
150806190037,6,,2019-01-19,6,2560,2,0,0,2,1,0,508,0,0,0,80,2,1,1,1,1,1,1,1,0,0,10,1,2,0,,17,,XX,,,,,,,0,,,,"-540534,624","-1156250,439","-540534,624","-1156250,439","-540535,133","-1156248,655",KromÏ¯Ìû,17.listopadu,,mÌstnÌkomunikace,,1622248,,Souhlasn˝sesmÏrem˙seku,Pomal˝,588296.0,239071.0,GN_V0.1UIR-ADR_410,1
150806190038,3,43346.0,2019-01-20,0,350,5,0,0,2,4,0,100,0,0,0,530,2,1,1,1,6,1,1,1,0,0,0,1,1,0,,3,47.0,10,1.0,0.0,1.0,0.0,1.0,3.0,500,2.0,1.0,1.0,"-554684,123","-1165341,735","-554684,123","-1165341,735","-554683,718","-1165341,838",,,,silnice3.t¯Ìdy,43346,2154288,,Souhlasn˝sesmÏrem˙seku,Pomal˝,588695.0,,GN_V0.1UIR-ADR_410,2
150806190039,2,438.0,2019-01-21,1,450,5,0,0,2,4,0,100,0,0,0,130,2,1,1,1,6,1,1,1,0,0,8,1,1,0,,3,39.0,05,1.0,0.0,1.0,0.0,1.0,3.0,100,2.0,1.0,1.0,"-524045,554","-1150875,331","-524045,554","-1150875,331","-524045,484","-1150875,37",,,,silnice2.t¯Ìdy,438,3050277,,OpaËn˝kesmÏru˙seku,Pomal˝,588458.0,,GN_V0.1UIR-ADR_410,2
150806190040,3,36735.0,2019-01-21,1,1655,5,0,0,2,4,0,100,0,0,0,230,2,1,1,1,2,1,1,1,0,0,0,1,1,0,,3,39.0,17,3.0,0.0,1.0,0.0,1.0,3.0,200,2.0,1.0,1.0,"-539140,437","-1162156,8","-539140,437","-1162156,8","-539144,222","-1162158,238",,,,silnice3.t¯Ìdy,36735,1623741,,OpaËn˝kesmÏru˙seku,Pomal˝,588300.0,,GN_V0.1UIR-ADR_410,2
150806190041,6,,2019-01-23,3,1420,3,0,9,2,1,2,508,0,0,0,1110,2,1,1,1,1,1,1,8,0,0,10,3,1,0,,3,47.0,07,1.0,0.0,1.0,0.0,1.0,5.0,10,2.0,1.0,1.0,"-541109,743","-1155565,018","-541109,743","-1155565,018","-541113,873","-1155557,298",KromÏ¯Ìû,,,mÌstnÌkomunikace,,1649272,,,Pomal˝,588296.0,,GN_V0.1UIR-ADR_410,1
150806190042,2,490.0,2019-01-24,4,1640,5,0,0,2,4,0,100,0,0,0,230,2,1,1,1,2,1,1,1,0,0,0,1,1,0,,3,25.0,14,3.0,0.0,1.0,0.0,1.0,3.0,200,2.0,1.0,5.0,"-525159,904","-1155089,652","-525156,671","-1155077,796","-525157,15","-1155078,673",,,,silnice2.t¯Ìdy,490,2386587,,OpaËn˝kesmÏru˙seku,Pomal˝,588741.0,,GN_V0.1UIR-ADR_410,2
150806190043,2,438.0,2019-01-23,3,1730,5,0,0,2,4,0,100,0,0,0,330,2,1,1,1,6,1,1,1,0,0,0,1,1,0,,3,39.0,13,3.0,0.0,1.0,0.0,1.0,3.0,300,2.0,1.0,1.0,,,"-517433,965","-1141511,431","-517426,02","-1141512,126",,,,silnice2.t¯Ìdy,438,3050206,,OpaËn˝kesmÏru˙seku,Pomal˝,589136.0,,GN_V0.1UIR-ADR_410,2
150806190044,3,43730.0,2019-01-24,4,1722,5,0,0,2,4,0,100,0,0,0,180,2,1,1,1,6,1,1,1,0,0,0,1,1,0,,3,39.0,07,1.0,0.0,0.0,0.0,1.0,3.0,150,2.0,1.0,1.0,,,"-518601,908","-1147081,46","-518602,964","-1147080,939",,,,silnice3.t¯Ìdy,43730,3327883,,OpaËn˝kesmÏru˙seku,Pomal˝,588393.0,,GN_V0.1UIR-ADR_410,2
150806190045,6,,2019-01-25,5,1160,2,0,0,2,1,0,511,0,0,0,50,2,1,1,1,1,1,1,1,0,0,10,1,2,0,,17,,XX,,,,,,,0,,,,"-518365,954","-1145762,073","-518365,954","-1145762,073","-518364,732","-1145762,802",Byst¯icepodHost˝nem,BÏlidla,,mÌstnÌkomunikace,,3051995,,Souhlasn˝sesmÏrem˙seku,Pomal˝,588393.0,236047.0,GN_V0.1UIR-ADR_410,1
150806190046,3,43816.0,2019-01-25,5,1820,5,0,0,2,4,0,100,0,0,0,500,2,1,1,1,6,1,1,1,0,0,8,3,1,0,,3,31.0,18,3.0,0.0,1.0,0.0,1.0,3.0,500,2.0,1.0,1.0,"-519458,498","-1150342,727","-519458,498","-1150342,727","-519452,858","-1150337,044",,,,silnice3.t¯Ìdy,43816,1173251,,Souhlasn˝sesmÏrem˙seku,Pomal˝,588377.0,,GN_V0.1UIR-ADR_410,2
150806190047,1,50.0,2019-01-26,6,800,3,0,4,2,1,2,204,0,0,0,600,2,3,1,1,1,1,1,1,0,0,0,3,1,0,,3,44.0,07,1.0,1.0,1.0,0.0,1.0,3.0,300,3.0,1.0,1.0,"-553760,203","-1171283,206","-553760,203","-1171283,206","-553764,639","-1171286,535",,,,silnice1.t¯Ìdy,50,659387,,OpaËn˝kesmÏru˙seku,Pomal˝,589039.0,,GN_V0.1UIR-ADR_410,2
150806190048,3,43826.0,2019-01-26,6,1300,3,0,1,2,1,2,204,0,0,0,530,2,6,1,6,1,1,1,1,0,0,0,3,1,0,,3,39.0,10,1.0,1.0,1.0,0.0,1.0,3.0,500,3.0,1.0,1.0,"-531279,014","-1156647,026","-531279,014","-1156647,026","-531277,599","-1156649,512",Kurovice,,,silnice3.t¯Ìdy,43826,1246282,,Souhlasn˝sesmÏrem˙seku,Pomal˝,588636.0,,GN_V0.1UIR-ADR_410,1
150806190049,3,43826.0,2019-01-26,6,1330,3,0,1,2,1,2,204,0,0,0,2015,2,6,1,6,1,1,1,1,0,0,0,3,1,0,,3,39.0,15,3.0,1.0,0.0,0.0,1.0,1.0,2000,2.0,1.0,1.0,"-531279,014","-1156647,026","-531279,014","-1156647,026","-531277,599","-1156649,512",Kurovice,,,silnice3.t¯Ìdy,43826,1246282,,Souhlasn˝sesmÏrem˙seku,Pomal˝,588636.0,,GN_V0.1UIR-ADR_410,1
150806190050,2,432.0,2019-01-26,6,1640,3,0,9,2,1,2,204,0,0,0,210,2,8,1,5,2,1,1,1,0,0,0,3,1,0,,3,31.0,98,1.0,1.0,1.0,0.0,1.0,1.0,200,4.0,1.0,1.0,"-555449,189","-1171416,098","-555449,189","-1171416,098","-555449,106","-1171414,482",,,,silnice2.t¯Ìdy,432,3297893,,OpaËn˝kesmÏru˙seku,Pomal˝,589039.0,,GN_V0.1UIR-ADR_410,2
150806190051,2,438.0,2019-01-24,4,1715,5,0,0,2,4,0,100,0,0,0,180,2,1,1,1,6,1,1,1,0,0,0,1,1,0,,3,31.0,07,1.0,0.0,1.0,0.0,1.0,1.0,150,2.0,1.0,1.0,,,"-517468,782","-1142018,106","-517475,748","-1142017,349",,,,silnice2.t¯Ìdy,438,2154272,,Souhlasn˝sesmÏrem˙seku,Pomal˝,589136.0,,GN_V0.1UIR-ADR_410,2
150806190052,6,,2019-01-26,6,2250,3,0,3,2,1,2,504,0,0,0,230,2,8,1,1,4,1,1,8,3,3,0,5,2,10,6.0,3,31.0,02,1.0,0.0,0.0,0.0,1.0,5.0,0,4.0,1.0,1.0,"-539772,754","-1155121,515","-539763,592","-1155129,06","-539763,247","-1155128,6",KromÏ¯Ìû,KomenskÈhon·mÏstÌ,,mÌstnÌkomunikace,,1622396,,OpaËn˝kesmÏru˙seku,Pomal˝,588296.0,239739.0,GN_V0.1UIR-ADR_410,1
150806190053,3,42815.0,2019-01-26,6,1320,5,0,0,2,4,0,100,0,0,0,155,2,1,1,1,1,1,1,1,0,0,0,1,1,0,,3,7.0,07,3.0,0.0,1.0,0.0,1.0,3.0,150,3.0,1.0,1.0,,,"-548234,966","-1160647,603","-548234,86","-1160647,56",,,,silnice3.t¯Ìdy,42815,3071820,,Souhlasn˝sesmÏrem˙seku,Pomal˝,589187.0,241971.0,GN_V0.1UIR-ADR_410,2
150806190054,2,435.0,2019-01-28,1,1215,3,0,9,2,1,2,204,0,0,0,520,2,8,1,5,3,1,1,1,0,0,0,2,1,0,,7,35.0,07,3.0,1.0,1.0,0.0,1.0,3.0,500,3.0,1.0,1.0,"-540039,415","-1152675,128","-540039,415","-1152675,128","-540036,96","-1152673,956",,,,silnice2.t¯Ìdy,435,3322916,,Souhlasn˝sesmÏrem˙seku,Pomal˝,588296.0,239470.0,GN_V0.1UIR-ADR_410,2
150806190055,8,,2019-01-24,4,1735,5,0,0,2,4,0,100,0,0,0,825,2,1,1,1,6,1,1,1,0,0,0,1,1,0,,3,8.0,18,3.0,0.0,0.0,0.0,1.0,5.0,800,2.0,1.0,1.0,,,"-526836,92","-1155882,034","-526837,429","-1155885,216",,,,mÌstnÌkomunikace,,1368923,,Souhlasn˝sesmÏrem˙seku,Pomal˝,589152.0,,GN_V0.1UIR-ADR_410,2
150806190056,6,,2019-01-28,1,930,3,0,9,2,1,0,504,0,0,0,110,2,8,1,5,3,1,0,8,0,0,0,1,1,0,,3,39.0,12,1.0,0.0,1.0,0.0,1.0,5.0,10,2.0,1.0,1.0,"-542057,346","-1147484,095","-542057,346","-1147484,095","-542036,988","-1147512,345",ChropynÏ,TovaËovsk·,,mÌstnÌkomunikace,,3295527,,Souhlasn˝sesmÏrem˙seku,Pomal˝,588512.0,238368.0,GN_V0.1UIR-ADR_410,1
150806190057,6,,2019-01-29,2,1400,3,0,3,2,1,2,504,0,0,0,50,6,8,1,6,1,1,1,8,0,0,0,1,1,0,,3,39.0,10,12.0,0.0,1.0,0.0,1.0,5.0,50,4.0,1.0,1.0,"-539989,747","-1153332,642","-539989,747","-1153332,642","-539989,67","-1153332,578",KromÏ¯Ìû,,,mÌstnÌkomunikace,,3051228,,,Pomal˝,588296.0,,GN_V0.1UIR-ADR_410,1
150806190058,6,,2019-01-26,6,1940,3,0,1,2,1,0,508,0,0,0,50,2,8,1,1,4,1,1,8,0,0,0,1,1,0,,17,,XX,,,,,,,0,,,,"-540409,528","-1154732,064","-540409,528","-1154732,064","-540409,541","-1154732,072",KromÏ¯Ìû,NaSladovn·ch,,mÌstnÌkomunikace,,3051383,,Souhlasn˝sesmÏrem˙seku,Pomal˝,588296.0,239828.0,GN_V0.1UIR-ADR_410,1
150806190059,2,150.0,2019-01-29,2,2200,3,0,6,2,1,9,204,0,0,0,250,2,5,1,1,4,1,1,6,0,0,0,2,1,0,,3,39.0,98,1.0,1.0,1.0,0.0,1.0,3.0,200,3.0,5.0,1.0,"-519477,273","-1145753,637","-519468,651","-1145769,804","-519468,499","-1145769,582",Byst¯icepodHost˝nem,P¯erovsk·,,silnice2.t¯Ìdy,150,3275405,,OpaËn˝kesmÏru˙seku,Pomal˝,588393.0,236519.0,GN_V0.1UIR-ADR_410,1
150806190060,6,,2019-01-30,3,835,2,0,0,2,1,2,504,0,0,0,110,1,6,1,1,1,1,0,0,0,0,10,1,2,0,,3,4.0,12,11.0,0.0,0.0,0.0,1.0,5.0,80,3.0,1.0,1.0,,,"-539945,357","-1155688,223","-539937,54","-1155708,054",KromÏ¯Ìû,B¯ezinova,,mÌstnÌkomunikace,,620527,,Souhlasn˝sesmÏrem˙seku,Pomal˝,588296.0,239216.0,GN_V0.1UIR-ADR_410,1
150806190061,6,,2019-01-30,3,960,2,0,0,2,1,0,511,0,0,0,100,2,5,1,1,1,1,1,1,0,0,0,3,2,0,,17,,XX,,,,,,,0,,,,"-526273,954","-1152887,083","-526277,187","-1152885,466","-526277,207","-1152885,389",Holeöov,Smetanovysady,,mÌstnÌkomunikace,,3367793,,,Pomal˝,588458.0,237337.0,GN_V0.1UIR-ADR_410,1
150806190062,3,4903.0,2019-01-30,3,1505,2,0,0,1,1,2,204,0,0,1,300,2,6,1,1,1,1,1,1,0,0,0,1,2,0,,3,13.0,00,1.0,0.0,0.0,0.0,1.0,3.0,100,3.0,1.0,1.0,"-532156,099","-1148996,963","-532156,099","-1148996,963","-532161,385","-1148992,756",,,,silnice3.t¯Ìdy,4903,3196322,,OpaËn˝kesmÏru˙seku,Pomal˝,588784.0,,GN_V0.1UIR-ADR_410,2
150806190063,6,,2019-01-31,4,705,2,0,0,2,1,0,508,0,0,0,130,2,6,1,1,2,1,0,1,3,3,6,4,3,10,6.0,17,,XX,,,,,,,0,,,,"-539460,571","-1154938,438","-539460,571","-1154938,438","-539460,126","-1154939,241",KromÏ¯Ìû,Wolkerova,,mÌstnÌkomunikace,,1622523,,Souhlasn˝sesmÏrem˙seku,Pomal˝,588296.0,240621.0,GN_V0.1UIR-ADR_410,1
150806190064,3,4328.0,2019-01-31,4,850,3,0,4,2,1,2,204,0,0,0,450,2,5,1,6,1,1,1,1,0,0,0,1,1,0,,3,35.0,09,1.0,1.0,1.0,0.0,1.0,3.0,250,2.0,1.0,2.0,"-536103,896","-1152590,466","-536103,896","-1152590,466","-536103,311","-1152589,665",,,,silnice3.t¯Ìdy,4328,2749562,,OpaËn˝kesmÏru˙seku,Pomal˝,588491.0,,GN_V0.1UIR-ADR_410,2
150806190065,6,,2019-01-29,2,1000,2,0,0,2,1,2,508,0,0,0,200,2,5,1,6,1,1,1,1,0,0,0,1,2,0,,5,13.0,07,1.0,0.0,1.0,0.0,1.0,5.0,50,3.0,1.0,1.0,"-539809,53","-1155547,11","-539809,53","-1155547,11","-539805,822","-1155554,131",KromÏ¯Ìû,Nerudova,,mÌstnÌkomunikace,,620140,,OpaËn˝kesmÏru˙seku,Pomal˝,588296.0,239861.0,GN_V0.1UIR-ADR_410,1
150806190066,6,,2019-01-31,4,1030,2,0,0,2,1,0,204,0,0,0,300,2,6,1,6,1,1,1,1,0,5,10,1,2,0,,17,,XX,,,,,,,0,,,,"-540889,812","-1155920,514","-540889,812","-1155920,514","-540889,249","-1155922,766",KromÏ¯Ìû,Francouzsk·,,mÌstnÌkomunikace,,620963,,OpaËn˝kesmÏru˙seku,Pomal˝,588296.0,,GN_V0.1UIR-ADR_410,1
150806190067,1,50.0,2019-01-31,4,2300,0,0,0,2,1,0,516,0,0,0,200,2,1,1,1,6,1,1,1,0,0,0,1,2,0,,17,,XX,,,,,,,0,,,,,,"-555558,895","-1169454,783","-555559,273","-1169455,961",,,,silnice1.t¯Ìdy,50,3050721,,OpaËn˝kesmÏru˙seku,Pomal˝,589039.0,,GN_V0.1UIR-ADR_410,2
150806190068,1,55.0,2019-01-28,1,1130,1,2,0,2,1,2,508,0,0,0,150,2,1,1,1,1,1,3,1,0,0,0,1,2,0,,7,35.0,08,9.0,0.0,0.0,0.0,1.0,1.0,0,3.0,1.0,1.0,"-531826,246","-1160914,613","-531826,246","-1160914,613","-531823,442","-1160914,04",,,,d·lnice,D55,3071851,,Souhlasn˝sesmÏrem˙seku,Pomal˝,585858.0,,GN_V0.1UIR-ADR_410,2
151106190001,2,495.0,2019-01-01,2,2560,9,0,0,1,1,7,204,0,0,1,3000,2,3,1,4,7,1,1,1,0,0,0,2,1,0,,3,4.0,17,1.0,1.0,1.0,1.0,1.0,3.0,3000,2.0,4.0,1.0,"-544843,717","-1189777,308","-544843,717","-1189777,308","-544843,68","-1189777,24",,,,silnice2.t¯Ìdy,495,2748277,,OpaËn˝kesmÏru˙seku,Pomal˝,592749.0,,GN_V0.1UIR-ADR_410,2
151106190002,6,,2019-01-01,2,2560,2,0,0,2,1,0,504,0,0,0,100,0,8,1,6,7,3,0,0,0,0,0,1,2,0,,17,,XX,,,,,,,0,,,,"-513819,739","-1197341,895","-513819,739","-1197341,895","-513820,384","-1197340,368",,,,mÌstnÌkomunikace,,2125769,,,Pomal˝,592340.0,,GN_V0.1UIR-ADR_410,2
151106190003,2,495.0,2019-01-02,3,655,1,2,0,1,1,2,403,0,0,2,2100,2,1,1,1,6,1,1,1,3,3,0,4,2,19,3.0,5,26.0,14,3.0,0.0,1.0,1.0,1.0,31.0,1000,2.0,1.0,1.0,"-538417,487","-1190509,902","-538417,487","-1190509,902","-538417,452","-1190506,948",,,,silnice2.t¯Ìdy,495,1368819,,OpaËn˝kesmÏru˙seku,Pomal˝,592463.0,,GN_V0.1UIR-ADR_410,2
151106190004,6,,2019-01-02,3,2560,2,0,0,2,1,0,504,0,0,0,20,4,1,1,1,1,1,1,1,0,0,10,1,2,0,,17,,XX,,,,,,,0,,,,"-536272,265","-1180649,481","-536272,265","-1180649,481","-536272,165","-1180649,576",UherskÈHradiötÏ,bezn·zvu,,mÌstnÌkomunikace,,3148961,,,Pomal˝,592005.0,,GN_V0.1UIR-ADR_410,1
151106190005,3,4991.0,2019-01-02,3,1301,9,0,0,2,1,2,508,0,0,0,700,2,1,1,7,1,1,1,1,0,0,0,3,1,0,,7,26.0,14,9.0,0.0,1.0,1.0,1.0,3.0,200,2.0,1.0,1.0,,,"-539749,112","-1188485,629","-539747,265","-1188482,078",,,,silnice3.t¯Ìdy,4991,3226215,,Souhlasn˝sesmÏrem˙seku,Pomal˝,592463.0,609056.0,GN_V0.1UIR-ADR_410,2
151106190006,2,495.0,2019-01-02,3,2560,2,0,0,2,1,0,508,0,0,0,200,2,6,1,1,1,1,1,2,0,0,10,2,2,0,,17,,XX,,,,,,,0,,,,"-512472,317","-1186996,524","-512472,317","-1186996,524","-512478,898","-1186982,587",Bojkovice,Suöilova,,silnice2.t¯Ìdy,495,781462,,OpaËn˝kesmÏru˙seku,Pomal˝,592048.0,606448.0,GN_V0.1UIR-ADR_410,1
151106190007,2,497.0,2019-01-02,3,1730,3,0,9,1,1,0,205,0,0,1,270,2,6,1,5,4,1,1,8,0,0,0,3,1,0,,3,32.0,01,1.0,1.0,1.0,1.0,1.0,1.0,250,2.0,1.0,1.0,"-528686,926","-1176484,522","-528686,926","-1176484,522","-528686,962","-1176484,464",B¯ezolupy,,,silnice2.t¯Ìdy,497,3247713,,Souhlasn˝sesmÏrem˙seku,Pomal˝,592081.0,,GN_V0.1UIR-ADR_410,1
151106190008,7,,2019-01-03,4,1630,1,3,0,1,1,2,409,0,0,1,15,1,1,1,1,2,1,0,9,0,5,0,1,2,0,,3,39.0,07,1.0,0.0,1.0,0.0,1.0,5.0,10,3.0,1.0,1.0,"-534963,605","-1179389,676","-534963,605","-1179389,676","-534963,017","-1179390,419",UherskÈHradiötÏ,Pivovarsk·,,silnice2.t¯Ìdy,497,1494729,,OpaËn˝kesmÏru˙seku,Pomal˝,592005.0,611280.0,GN_V0.1UIR-ADR_410,1