IDENTIFIKA»NÕ »ÕSLO,DRUH POZEMNÕ KOMUNIKACE,»ÕSLO POZEMNÕ KOMUNIKACE,"den, mÏsÌc, rok",,Ëas ,DRUH NEHODY,DRUH SR¡éKY JEDOUCÕCH VOZIDEL,DRUH PEVN… PÿEK¡éKY,CHARAKTER NEHODY,ZAVINÃNÕ NEHODY,ALKOHOL U VINÕKA NEHODY PÿÕTOMEN,HLAVNÕ PÿÕ»INY NEHODY,usmrceno osob,tÏûce zranÏno osob,lehce zranÏno osob,CELKOV¡ HMOTN¡ äKODA,DRUH POVRCHU VOZOVKY,STAV POVRCHU VOZOVKY V DOBÃ NEHODY,STAV KOMUNIKACE,POVÃTRNOSTNÕ PODMÕNKY V DOBÃ NEHODY,VIDITELNOST,ROZHLEDOV… POMÃRY,DÃLENÕ KOMUNIKACE,SITUOV¡NÕ NEHODY NA KOMUNIKACI,ÿÕZENÕ PROVOZU V DOBÃ NEHODY,MÕSTNÕ ⁄PRAVA PÿEDNOSTI V JÕZDÃ,SPECIFICK¡ MÕSTA A OBJEKTY V MÕSTÃ NEHODY,SMÃROV… POMÃRY,PO»ET Z⁄»ASTNÃN›CH VOZIDEL,MÕSTO DOPRAVNÕ NEHODY,DRUH KÿIéUJÕCÕ KOMUNIKACE,DRUH VOZIDLA,V›ROBNÕ ZNA»KA MOTOROV…HO VOZIDLA,ROK V›ROBY VOZIDLA,CHARAKTERISTIKA VOZIDLA ,SMYK,VOZIDLO PO NEHODÃ,"⁄NIK PROVOZNÕCH, PÿEPRAVOVAN›CH HMOT",ZPŸSOB VYPROäTÃNÕ OSOB Z VOZIDLA,SMÃR JÕZDY NEBO POSTAVENÕ VOZIDLA,äKODA NA VOZIDLE,KATEGORIE ÿIDI»E,STAV ÿIDI»E,VNÃJäÕ OVLIVNÃNÕ ÿIDI»E,nan.1,nan.2,nan.3,nan.4,nan.5,nan.6,nan.7,nan.8,nan.9,nan.10,nan.11,nan.12,nan.13,nan.14,nan.15,nan.16,nan.17,nan.18,LOKALITA NEHODY
151106190009,2,495.0,2019-01-04,5,226,3,0,6,2,1,2,204,0,0,0,400,2,6,1,5,4,1,1,8,0,0,0,3,1,0,,3,47.0,03,9.0,1.0,1.0,0.0,1.0,3.0,300,2.0,1.0,1.0,"-516694,247","-1188381,111","-516694,247","-1188381,111","-516692,561","-1188376,198",Nezdenice,,,silnice2.t¯Ìdy,495,3054245,,OpaËn˝kesmÏru˙seku,Pomal˝,592421.0,,GN_V0.1UIR-ADR_410,1
151106190010,2,490.0,2019-01-04,5,835,1,2,0,1,1,2,204,0,0,1,5500,2,5,1,1,1,1,1,1,0,0,0,2,2,0,,7,48.0,12,3.0,1.0,1.0,1.0,1.0,1.0,3000,3.0,1.0,1.0,"-520789,514","-1185402,382","-520779,308","-1185390,029","-520778,323","-1185391,298",,,,silnice2.t¯Ìdy,490,3234279,,Souhlasn˝sesmÏrem˙seku,Pomal˝,592731.0,,GN_V0.1UIR-ADR_410,2
151106190011,3,4957.0,2019-01-03,4,1706,2,0,0,2,1,0,508,0,0,0,100,2,3,1,2,4,1,1,1,0,0,0,1,2,0,,17,,XX,,,,,,,0,,,,"-530063,371","-1187218,185","-530063,371","-1187218,185","-530061,971","-1187217,414",VlËnov,SportovnÌ,,silnice3.t¯Ìdy,4957,3222553,,Souhlasn˝sesmÏrem˙seku,Pomal˝,592820.0,,GN_V0.1UIR-ADR_410,1
151106190012,1,55.0,2019-01-04,5,1920,9,0,0,1,1,2,204,0,0,1,600,2,5,1,5,7,1,1,8,0,0,0,1,1,0,,3,4.0,09,1.0,1.0,1.0,0.0,1.0,1.0,600,2.0,1.0,1.0,"-538057,654","-1178286,257","-538057,654","-1178286,257","-538056,904","-1178286,581",,,,silnice1.t¯Ìdy,55,670013,,Souhlasn˝sesmÏrem˙seku,Pomal˝,550752.0,,GN_V0.1UIR-ADR_410,2
151106190013,3,4956.0,2019-01-04,5,2300,3,0,1,2,1,2,204,0,0,0,1500,2,6,1,5,7,1,1,8,0,0,0,1,1,0,,3,2.0,17,2.0,1.0,1.0,1.0,1.0,1.0,1500,2.0,1.0,1.0,"-533099,533","-1191956,879","-533099,533","-1191956,879","-533096,842","-1191956,091",,,,silnice3.t¯Ìdy,4956,1623937,,Souhlasn˝sesmÏrem˙seku,Pomal˝,592170.0,,GN_V0.1UIR-ADR_410,2
151106190014,1,55.0,2019-01-05,6,1925,1,2,0,2,1,2,403,0,0,0,2300,2,3,12,1,4,1,1,1,3,3,1,4,2,19,1.0,3,39.0,15,3.0,0.0,1.0,1.0,1.0,24.0,1500,2.0,1.0,1.0,-537464,"-1183332,902",-537464,"-1183332,902","-537457,715","-1183331,754",Kunovice,t¯ÌdaVÌtÏzstvÌ,,silnice1.t¯Ìdy,55,742243,,Souhlasn˝sesmÏrem˙seku,Pomal˝,550744.0,607991.0,GN_V0.1UIR-ADR_410,1
151106190015,6,,2019-01-06,0,1920,3,0,9,2,1,2,204,0,0,0,500,2,6,12,5,5,1,1,8,0,0,1,3,1,0,,3,47.0,97,1.0,1.0,1.0,0.0,1.0,5.0,300,2.0,1.0,1.0,"-525286,252","-1187724,734","-525286,252","-1187724,734","-525285,521","-1187727,313",Uhersk˝Brod,VlËnovsk·,,mÌstnÌkomunikace,,825517,,Souhlasn˝sesmÏrem˙seku,Pomal˝,592731.0,613703.0,GN_V0.1UIR-ADR_410,1
151106190016,1,50.0,2019-01-06,0,2025,5,0,0,2,4,0,100,0,0,0,490,2,3,12,5,7,1,1,1,0,0,0,1,2,0,,3,35.0,18,9.0,0.0,1.0,0.0,1.0,3.0,200,2.0,1.0,1.0,"-528900,801","-1185056,284","-528900,801","-1185056,284","-528899,903","-1185067,438",,,,silnice1.t¯Ìdy,50,3222940,,OpaËn˝kesmÏru˙seku,Pomal˝,592153.0,,GN_V0.1UIR-ADR_410,2
151106190017,6,,2019-01-06,0,2040,3,0,6,2,1,2,204,0,0,0,400,2,6,12,5,5,1,1,8,0,0,0,1,1,0,,3,38.0,17,1.0,0.0,1.0,0.0,1.0,5.0,300,2.0,1.0,1.0,"-536130,153","-1181909,591","-536130,153","-1181909,591","-536129,501","-1181912,982",UherskÈHradiötÏ,1.m·je,,mÌstnÌkomunikace,,675582,,OpaËn˝kesmÏru˙seku,Pomal˝,592005.0,610623.0,GN_V0.1UIR-ADR_410,1
151106190018,6,,2019-01-07,1,525,1,2,0,2,1,2,204,0,0,0,1450,2,6,1,6,4,1,1,1,0,0,0,1,2,0,,3,39.0,98,1.0,1.0,1.0,0.0,1.0,5.0,250,2.0,1.0,1.0,"-512109,559","-1186668,632","-512109,559","-1186668,632","-512112,556","-1186664,853",Bojkovice,Tov·rnÌ,,mÌstnÌkomunikace,,3056447,,Souhlasn˝sesmÏrem˙seku,Pomal˝,592048.0,606481.0,GN_V0.1UIR-ADR_410,1
151106190019,1,55.0,2019-01-07,1,557,4,0,0,1,1,2,508,0,1,0,370,2,1,1,1,4,1,1,1,0,0,0,1,1,0,,3,31.0,11,1.0,0.0,1.0,0.0,1.0,3.0,350,2.0,1.0,1.0,"-542977,386","-1190440,578","-542977,386","-1190440,578","-542979,936","-1190440,578",Uhersk˝Ostroh,Veselsk·,,silnice1.t¯Ìdy,55,3054264,,OpaËn˝kesmÏru˙seku,Pomal˝,592749.0,614408.0,GN_V0.1UIR-ADR_410,1
151106190020,6,,2019-01-08,2,1145,3,0,3,2,1,2,205,0,0,0,15,2,6,1,5,1,1,1,1,3,5,0,5,1,10,6.0,3,31.0,99,1.0,1.0,1.0,0.0,1.0,5.0,5,2.0,1.0,1.0,"-533230,664","-1183198,609","-533230,664","-1183198,609","-533231,355","-1183197,464",Popovice,,,mÌstnÌkomunikace,,1184144,,Souhlasn˝sesmÏrem˙seku,Pomal˝,592528.0,,GN_V0.1UIR-ADR_410,1
151106190021,3,5019.0,2019-01-08,2,1238,2,0,0,2,1,0,204,0,0,0,400,2,5,1,6,1,1,1,1,0,0,10,1,2,0,,3,42.0,05,1.0,1.0,3.0,0.0,1.0,1.0,0,2.0,1.0,1.0,"-525440,728","-1187099,808","-525440,728","-1187099,808","-525433,687","-1187095,106",Uhersk˝Brod,PodValy,,silnice3.t¯Ìdy,05019,1411003,,Souhlasn˝sesmÏrem˙seku,Pomal˝,592731.0,613053.0,GN_V0.1UIR-ADR_410,1
151106190022,2,498.0,2019-01-08,2,2115,9,0,0,2,1,2,204,0,0,0,2500,2,8,1,5,6,1,1,8,0,0,0,3,1,0,,5,26.0,18,9.0,1.0,1.0,0.0,1.0,1.0,2500,2.0,1.0,1.0,"-535586,072","-1188871,081","-535586,072","-1188871,081","-535586,22","-1188871,384",,,,silnice2.t¯Ìdy,498,686340,,OpaËn˝kesmÏru˙seku,Pomal˝,592170.0,,GN_V0.1UIR-ADR_410,2
151106190023,1,54.0,2019-01-08,2,2115,9,0,0,2,1,2,204,0,0,0,1000,2,6,1,7,6,1,1,8,0,0,0,1,1,0,,5,31.0,13,9.0,1.0,1.0,0.0,1.0,3.0,1000,2.0,1.0,1.0,"-525843,122","-1197267,426","-525843,122","-1197267,426","-525842,851","-1197267,346",,,,silnice1.t¯Ìdy,54,2122679,,Souhlasn˝sesmÏrem˙seku,Pomal˝,592188.0,,GN_V0.1UIR-ADR_410,2
151106190024,6,,2019-01-09,3,700,4,0,0,1,1,0,508,0,0,1,0,2,5,1,1,4,1,1,1,0,0,8,3,1,0,,17,,XX,,,,,,,0,,,,"-524157,08","-1186731,603","-524145,263","-1186718,174","-524144,929","-1186717,852",Uhersk˝Brod,Partyz·n˘,,mÌstnÌkomunikace,,2748952,,OpaËn˝kesmÏru˙seku,Pomal˝,592731.0,613941.0,GN_V0.1UIR-ADR_410,1
151106190025,6,,2019-01-09,3,1820,9,0,0,2,1,2,204,0,0,0,60,2,8,1,5,5,1,1,1,0,0,9,3,1,0,,3,41.0,10,1.0,1.0,1.0,0.0,1.0,5.0,10,3.0,1.0,1.0,"-513314,309","-1186928,877","-513314,309","-1186928,877","-513310,785","-1186929,758",Bojkovice,N·draûnÌ,,mÌstnÌkomunikace,,2601801,,Souhlasn˝sesmÏrem˙seku,Pomal˝,592048.0,,GN_V0.1UIR-ADR_410,1
151106190026,6,,2019-01-09,3,2015,5,0,0,2,4,0,100,0,0,0,500,2,6,1,5,7,1,1,1,0,0,0,1,1,0,,3,39.0,16,1.0,0.0,1.0,0.0,1.0,5.0,500,2.0,1.0,1.0,,,"-550062,052","-1183194,675","-550057,7","-1183183,452",,,,mÌstnÌkomunikace,,2122133,,Souhlasn˝sesmÏrem˙seku,Pomal˝,592781.0,,GN_V0.1UIR-ADR_410,2
151106190027,6,,2019-01-10,4,1400,2,0,0,2,1,2,508,0,0,0,20,1,6,12,1,1,1,1,1,0,0,10,1,2,0,,3,39.0,08,1.0,0.0,1.0,0.0,1.0,5.0,0,2.0,1.0,1.0,"-537982,183","-1181473,469","-537982,183","-1181473,469","-537982,238","-1181468,853",UherskÈHradiötÏ,J.E.PurkynÏ,,mÌstnÌkomunikace,,1548943,,Souhlasn˝sesmÏrem˙seku,Pomal˝,592005.0,,GN_V0.1UIR-ADR_410,1
151106190028,2,498.0,2019-01-11,5,845,1,3,0,2,1,2,409,0,0,0,1400,2,3,1,5,1,1,1,1,3,5,0,4,2,19,7.0,5,7.0,15,3.0,0.0,1.0,0.0,1.0,14.0,200,3.0,1.0,1.0,"-528116,961","-1194702,418","-528116,961","-1194702,418","-528113,176","-1194701,713",,,,silnice2.t¯Ìdy,498,3235635,,OpaËn˝kesmÏru˙seku,Pomal˝,592579.0,,GN_V0.1UIR-ADR_410,2
151106190029,1,50.0,2019-01-11,5,1852,1,4,0,1,1,2,516,0,0,3,1900,2,1,1,1,4,1,4,4,3,3,0,4,2,19,3.0,5,19.0,05,3.0,0.0,1.0,1.0,1.0,13.0,600,2.0,1.0,1.0,"-533133,558","-1184222,993","-533130,015","-1184216,765","-533129,609","-1184216,13",,,,silnice1.t¯Ìdy,50,3222914,,Souhlasn˝sesmÏrem˙seku,Pomal˝,592528.0,,GN_V0.1UIR-ADR_410,2
151106190030,2,490.0,2019-01-12,6,515,3,0,4,2,1,2,511,0,0,0,900,2,3,1,1,6,1,1,1,0,0,0,3,1,0,,3,39.0,06,1.0,0.0,1.0,1.0,1.0,3.0,800,2.0,1.0,1.0,"-520839,594","-1185444,83","-520839,594","-1185444,83","-520842,498","-1185441,087",,,,silnice2.t¯Ìdy,490,3234279,,OpaËn˝kesmÏru˙seku,Pomal˝,592731.0,,GN_V0.1UIR-ADR_410,2
151106190031,1,54.0,2019-01-13,0,1825,1,1,0,1,1,2,204,0,0,4,4000,2,3,1,3,7,1,1,1,0,0,0,3,2,0,,3,4.0,05,9.0,1.0,1.0,1.0,3.0,3.0,1000,2.0,1.0,1.0,"-525245,704","-1199168,029","-525245,704","-1199168,029","-525237,842","-1199163,581",,,,silnice1.t¯Ìdy,54,3052996,,Souhlasn˝sesmÏrem˙seku,Pomal˝,592188.0,,GN_V0.1UIR-ADR_410,2
151106190032,3,49728.0,2019-01-14,1,1400,4,0,0,1,3,2,100,0,1,0,10,2,1,1,1,1,1,1,1,0,0,0,2,1,0,,13,0.0,,1.0,0.0,1.0,0.0,1.0,3.0,10,8.0,1.0,1.0,"-531862,143","-1179786,587","-531862,143","-1179786,587","-531862,799","-1179787,662",Mist¯ice,,,silnice3.t¯Ìdy,49728,1183258,,Souhlasn˝sesmÏrem˙seku,Pomal˝,592382.0,,GN_V0.1UIR-ADR_410,1
151106190033,6,,2019-01-14,1,2105,3,0,6,2,1,2,204,0,0,0,510,2,6,1,6,6,1,1,8,0,0,0,3,1,0,,3,60.0,09,1.0,0.0,1.0,0.0,1.0,5.0,500,2.0,1.0,1.0,"-521686,892","-1186154,583","-521672,305","-1186157,999","-521671,959","-1186157,824",Uhersk˝Brod,Vinohradsk·,,mÌstnÌkomunikace,,682540,,Souhlasn˝sesmÏrem˙seku,Pomal˝,592731.0,613690.0,GN_V0.1UIR-ADR_410,1
151106190034,1,55.0,2019-01-15,2,840,3,0,3,2,1,2,508,0,0,0,50,1,5,1,1,1,1,1,1,2,0,2,4,1,19,6.0,5,62.0,12,3.0,0.0,1.0,0.0,1.0,21.0,0,3.0,1.0,1.0,,,"-538611,198","-1180170,408","-538611,03","-1180169,805",StarÈMÏsto,n·mÏstÌHrdin˘,,silnice1.t¯Ìdy,55,672308,,OpaËn˝kesmÏru˙seku,Pomal˝,550752.0,609501.0,GN_V0.1UIR-ADR_410,1
151106190035,1,55.0,2019-01-15,2,1745,1,1,0,1,1,2,405,0,0,1,3800,2,3,1,1,4,1,3,1,2,0,0,4,2,19,6.0,3,32.0,18,1.0,0.0,1.0,1.0,1.0,13.0,3000,2.0,1.0,1.0,"-537365,37","-1182047,41","-537365,37","-1182047,41","-537368,622","-1182047,157",UherskÈHradiötÏ,T¯.Marö·laMalinovskÈho,,silnice1.t¯Ìdy,55,3449262,,Souhlasn˝sesmÏrem˙seku,Pomal˝,592005.0,610780.0,GN_V0.1UIR-ADR_410,1
151106190036,6,,2019-01-16,3,920,2,0,0,2,1,2,508,0,0,0,150,2,3,1,1,1,1,1,1,0,0,0,1,2,0,,3,47.0,10,1.0,0.0,1.0,0.0,1.0,5.0,100,2.0,1.0,1.0,"-537511,276","-1180980,276","-537511,276","-1180980,276","-537512,291","-1180985,906",UherskÈHradiötÏ,ObchodnÌ,,mÌstnÌkomunikace,,3055760,,OpaËn˝kesmÏru˙seku,Pomal˝,592005.0,793132.0,GN_V0.1UIR-ADR_410,1
151106190037,2,495.0,2019-01-16,3,1452,1,3,0,1,1,2,403,0,0,1,2460,2,1,1,1,1,1,1,1,3,3,0,4,2,19,3.0,3,39.0,10,1.0,0.0,1.0,1.0,1.0,13.0,900,2.0,1.0,1.0,"-538384,746","-1190512,733","-538411,173","-1190506,05","-538411,133","-1190506,913",,,,silnice2.t¯Ìdy,495,3054437,,Souhlasn˝sesmÏrem˙seku,Pomal˝,592463.0,,GN_V0.1UIR-ADR_410,2
151106190038,3,49511.0,2019-01-16,3,1500,3,0,9,2,1,2,205,0,0,0,1100,2,3,1,3,1,1,1,1,0,0,0,3,1,0,,3,41.0,18,3.0,1.0,1.0,0.0,1.0,3.0,900,2.0,1.0,1.0,,,"-517437,612","-1188644,649","-517437,489","-1188644,609",,,,silnice3.t¯Ìdy,49511,2122396,,OpaËn˝kesmÏru˙seku,Pomal˝,592421.0,,GN_V0.1UIR-ADR_410,2
151106190039,6,,2019-01-16,3,2560,2,0,0,2,1,0,508,0,0,0,200,2,1,1,1,1,1,1,1,0,0,0,1,2,0,,17,,XX,,,,,,,0,,,,"-536179,699","-1182469,021","-536179,699","-1182491,579","-536180,413","-1182492,088",UherskÈHradiötÏ,VladislavaVaculky,,mÌstnÌkomunikace,,3056775,,,Pomal˝,592005.0,,GN_V0.1UIR-ADR_410,1
151106190040,2,490.0,2019-01-17,4,700,4,0,0,1,1,2,412,0,0,1,0,2,1,1,1,4,1,1,1,0,0,1,1,1,0,,3,13.0,11,1.0,0.0,1.0,0.0,1.0,3.0,0,2.0,1.0,1.0,"-524308,53","-1188471,374","-524321,958","-1188460,632","-524320,949","-1188461,031",Uhersk˝Brod,Nivnick·,,silnice2.t¯Ìdy,490,825512,,Souhlasn˝sesmÏrem˙seku,Pomal˝,592731.0,612898.0,GN_V0.1UIR-ADR_410,1
151106190041,1,55.0,2019-01-17,4,1110,3,0,3,2,1,2,508,0,0,0,350,2,1,1,1,1,1,1,1,0,0,0,3,1,0,,3,13.0,16,1.0,0.0,1.0,0.0,1.0,1.0,300,2.0,1.0,1.0,"-539663,805","-1187164,372","-539663,805","-1187164,372","-539670,341","-1187163,778",,,,silnice1.t¯Ìdy,55,2747840,,OpaËn˝kesmÏru˙seku,Pomal˝,592463.0,608858.0,GN_V0.1UIR-ADR_410,2
151106190042,1,55.0,2019-01-17,4,1250,1,3,0,1,2,2,409,0,0,1,310,2,1,1,1,1,1,1,1,3,3,1,4,2,11,6.0,13,0.0,,1.0,0.0,1.0,0.0,1.0,24.0,10,8.0,1.0,1.0,"-542536,55","-1189777,723","-542513,989","-1189753,551","-542514,267","-1189753,191",Uhersk˝Ostroh,Hradiöùsk·,,silnice1.t¯Ìdy,55,1624024,,OpaËn˝kesmÏru˙seku,Pomal˝,592749.0,614327.0,GN_V0.1UIR-ADR_410,1
151106190043,6,,2019-01-17,4,1320,2,0,0,2,1,0,509,0,0,0,300,2,1,1,1,1,1,1,1,0,0,10,1,3,0,,5,19.0,16,2.0,0.0,1.0,0.0,1.0,5.0,0,3.0,1.0,1.0,"-537050,88","-1180996,848","-537050,88","-1180996,848","-537046,179","-1180997,262",UherskÈHradiötÏ,,,mÌstnÌkomunikace,,3053231,,OpaËn˝kesmÏru˙seku,Pomal˝,592005.0,,GN_V0.1UIR-ADR_410,1
151106190044,6,,2019-01-17,4,1620,5,0,0,2,4,0,100,0,0,0,230,2,1,2,1,1,1,1,1,0,0,0,1,1,0,,3,39.0,10,1.0,0.0,1.0,0.0,1.0,5.0,100,3.0,1.0,1.0,"-531289,99","-1178646,403","-531276,561","-1178651,774","-531276,597","-1178651,717",BÌlovice,,,mÌstnÌkomunikace,,1183010,,OpaËn˝kesmÏru˙seku,Pomal˝,592030.0,,GN_V0.1UIR-ADR_410,1
151106190045,2,490.0,2019-01-17,4,1725,1,3,0,2,1,2,306,0,0,0,2200,2,3,1,1,4,1,1,1,0,0,8,1,2,0,,3,39.0,09,1.0,0.0,1.0,0.0,1.0,3.0,600,2.0,1.0,1.0,"-522116,25","-1186609,354","-522116,25","-1186609,354","-522118,128","-1186606,417",Uhersk˝Brod,1.kvÏtna,,silnice2.t¯Ìdy,490,2748617,,OpaËn˝kesmÏru˙seku,Pomal˝,592731.0,612464.0,GN_V0.1UIR-ADR_410,1
151106190046,3,5014.0,2019-01-17,4,1500,1,3,0,1,1,2,402,0,0,1,800,2,1,1,1,1,1,1,1,3,3,0,4,2,19,6.0,3,60.0,14,1.0,0.0,1.0,0.0,1.0,13.0,400,3.0,1.0,1.0,,,"-537315,046","-1182457,359","-537315,126","-1182457,616",UherskÈHradiötÏ,Soln·cesta,,silnice3.t¯Ìdy,05014,676620,,Souhlasn˝sesmÏrem˙seku,Pomal˝,592005.0,612308.0,GN_V0.1UIR-ADR_410,1
151106190047,6,,2019-01-18,5,650,4,0,0,1,1,2,504,0,0,1,0,1,1,1,1,4,1,0,6,0,0,0,1,1,0,,3,12.0,99,1.0,0.0,1.0,0.0,1.0,5.0,0,2.0,1.0,1.0,"-535520,282","-1175427,609","-535520,282","-1175427,609","-535523,327","-1175433,467",Babice,,,mÌstnÌkomunikace,,1181788,,Souhlasn˝sesmÏrem˙seku,Pomal˝,592013.0,,GN_V0.1UIR-ADR_410,1
151106190048,6,,2019-01-18,5,955,3,0,2,2,1,2,504,0,0,0,250,2,1,1,1,1,1,1,1,0,0,0,3,1,0,,8,99.0,11,4.0,0.0,1.0,0.0,1.0,5.0,200,4.0,1.0,1.0,"-525065,131","-1187396,864","-525058,685","-1187402,772","-525058,075","-1187402,918",Uhersk˝Brod,,,mÌstnÌkomunikace,,3564502,,,Pomal˝,592731.0,,GN_V0.1UIR-ADR_410,1
151106190049,6,,2019-01-16,3,2560,2,0,0,2,1,0,508,0,0,0,200,4,1,1,1,1,1,1,1,0,0,10,1,2,0,,17,,XX,,,,,,,0,,,,"-538567,728","-1181403,135","-538567,728","-1181403,135","-538565,524","-1181403,405",UherskÈHradiötÏ,Zahr·dky,,mÌstnÌkomunikace,,674617,,Souhlasn˝sesmÏrem˙seku,Pomal˝,592005.0,857581.0,GN_V0.1UIR-ADR_410,1
151106190050,6,,2019-01-17,4,1460,2,0,0,2,1,0,508,0,0,0,100,2,1,1,1,1,1,1,1,0,0,10,1,2,0,,17,,XX,,,,,,,0,,,,"-537546,743","-1180987,237","-537546,743","-1180987,237","-537545,427","-1180979,936",UherskÈHradiötÏ,ObchodnÌ,,mÌstnÌkomunikace,,3055762,,Souhlasn˝sesmÏrem˙seku,Pomal˝,592005.0,793132.0,GN_V0.1UIR-ADR_410,1
151106190051,3,4983.0,2019-01-12,6,1800,5,0,0,2,4,0,100,0,0,0,240,2,1,1,1,6,1,1,1,0,0,0,1,1,0,,3,39.0,99,9.0,0.0,1.0,0.0,1.0,1.0,100,2.0,1.0,1.0,,,"-521398,804","-1199586,674","-521402,602","-1199589,087",,,,silnice3.t¯Ìdy,4983,2126923,,OpaËn˝kesmÏru˙seku,Pomal˝,592617.0,,GN_V0.1UIR-ADR_410,2
151106190052,1,54.0,2019-01-17,4,445,5,0,0,2,4,0,100,0,0,0,440,2,1,1,1,6,1,1,1,0,0,0,1,1,0,,3,99.0,13,1.0,0.0,1.0,0.0,1.0,1.0,300,2.0,1.0,1.0,,,"-525437,483","-1198780,709","-525429,435","-1198776,385",,,,silnice1.t¯Ìdy,54,3054703,,Souhlasn˝sesmÏrem˙seku,Pomal˝,592188.0,,GN_V0.1UIR-ADR_410,2
151106190053,2,422.0,2019-01-18,5,2200,5,0,0,2,4,0,100,0,0,0,100,2,1,1,1,6,1,1,1,0,0,0,1,1,0,,3,13.0,07,1.0,0.0,1.0,0.0,1.0,3.0,100,2.0,1.0,1.0,,,"-550135,769","-1181675,649","-550128,929","-1181669,24",,,,silnice2.t¯Ìdy,422,3054018,,Souhlasn˝sesmÏrem˙seku,Pomal˝,592625.0,,GN_V0.1UIR-ADR_410,2
151106190054,1,55.0,2019-01-19,6,1805,1,1,0,1,1,2,405,0,0,1,900,2,1,1,1,4,1,2,1,3,3,0,4,3,19,1.0,3,32.0,99,1.0,0.0,1.0,1.0,1.0,14.0,400,3.0,1.0,1.0,"-537447,865","-1183363,51","-537458,608","-1183326,446","-537458,682","-1183326,459",Kunovice,t¯ÌdaVÌtÏzstvÌ,,silnice1.t¯Ìdy,55,742243,,OpaËn˝kesmÏru˙seku,Pomal˝,550744.0,607991.0,GN_V0.1UIR-ADR_410,1
151106190055,3,49714.0,2019-01-19,6,2125,5,0,0,2,4,0,100,0,0,0,100,2,1,1,1,6,1,1,1,0,0,0,1,1,0,,3,2.0,08,1.0,0.0,1.0,0.0,1.0,3.0,100,3.0,1.0,1.0,"-524743,433","-1183561,309","-524743,433","-1183561,309","-524745,636","-1183562,448",,,,silnice3.t¯Ìdy,49714,3054015,,OpaËn˝kesmÏru˙seku,Pomal˝,592536.0,,GN_V0.1UIR-ADR_410,2
151106190056,2,497.0,2019-01-20,0,1755,5,0,0,2,4,0,100,0,0,0,200,2,3,1,1,6,1,1,1,0,0,0,3,1,0,,3,32.0,06,1.0,0.0,1.0,0.0,1.0,3.0,200,4.0,1.0,1.0,"-527663,569","-1175230,485","-527663,569","-1175230,485","-527665,631","-1175229,596",,,,silnice2.t¯Ìdy,497,1181720,,OpaËn˝kesmÏru˙seku,Pomal˝,592081.0,,GN_V0.1UIR-ADR_410,2
151106190057,2,498.0,2019-01-20,0,2055,5,0,0,2,4,0,100,0,0,0,340,2,1,1,1,6,1,1,1,0,0,0,1,1,0,,3,47.0,09,9.0,0.0,1.0,1.0,1.0,1.0,200,2.0,1.0,1.0,"-532177,856","-1191518,285","-532177,856","-1191518,285","-532176,389","-1191516,885",,,,silnice2.t¯Ìdy,498,2126555,,Souhlasn˝sesmÏrem˙seku,Pomal˝,592820.0,,GN_V0.1UIR-ADR_410,2
151106190058,6,,2019-01-22,2,5,2,0,0,2,5,2,100,0,0,0,600,2,1,1,1,4,1,1,1,0,0,0,1,3,0,,3,39.0,00,1.0,0.0,1.0,0.0,1.0,5.0,100,2.0,1.0,4.0,"-524920,508","-1187116,618","-524920,508","-1187116,618","-524919,562","-1187113,36",Uhersk˝Brod,Hradiöùsk·,,mÌstnÌkomunikace,,683941,,Souhlasn˝sesmÏrem˙seku,Pomal˝,592731.0,612553.0,GN_V0.1UIR-ADR_410,1
151106190059,1,50.0,2019-01-22,2,545,1,4,0,2,1,2,508,0,0,0,1600,2,1,1,1,4,1,2,1,0,0,0,1,2,0,,3,35.0,18,1.0,0.0,1.0,0.0,1.0,1.0,1100,3.0,1.0,1.0,"-537373,78","-1183317,265","-537378,614","-1183325,322","-537378,611","-1183325,393",Kunovice,,,silnice1.t¯Ìdy,50,3296525,,OpaËn˝kesmÏru˙seku,Pomal˝,550744.0,,GN_V0.1UIR-ADR_410,1
151106190060,6,,2019-01-22,2,1400,1,2,0,1,2,9,409,0,0,1,210,2,1,1,1,1,1,1,1,3,3,1,4,2,10,6.0,13,0.0,,1.0,0.0,1.0,0.0,1.0,5.0,10,8.0,5.0,1.0,"-538382,005","-1181290,293","-538411,01",-1181315,"-538410,969","-1181314,934",UherskÈHradiötÏ,J.E.PurkynÏ,,mÌstnÌkomunikace,,3055726,,Souhlasn˝sesmÏrem˙seku,Pomal˝,592005.0,611158.0,GN_V0.1UIR-ADR_410,1
151106190061,6,,2019-01-22,2,1560,2,0,0,2,1,0,508,0,0,0,50,1,1,1,1,1,1,1,1,0,0,0,1,2,0,,17,,XX,,,,,,,0,,,,"-524717,474","-1187656,405","-524717,474","-1187656,405","-524715,14","-1187651,472",Uhersk˝Brod,,,mÌstnÌkomunikace,,1386339,,OpaËn˝kesmÏru˙seku,Pomal˝,592731.0,,GN_V0.1UIR-ADR_410,1
151106190062,6,,2019-01-22,2,2560,2,0,0,2,1,0,508,0,0,0,200,1,1,1,1,1,1,1,1,0,0,10,1,2,0,,17,,XX,,,,,,,0,,,,"-537613,938","-1180929,119","-537613,938","-1180929,119","-537612,369","-1180927,183",UherskÈHradiötÏ,,,mÌstnÌkomunikace,,3055519,,OpaËn˝kesmÏru˙seku,Pomal˝,592005.0,,GN_V0.1UIR-ADR_410,1