IDENTIFIKA»NÕ »ÕSLO,DRUH POZEMNÕ KOMUNIKACE,»ÕSLO POZEMNÕ KOMUNIKACE,"den, mÏsÌc, rok",,Ëas ,DRUH NEHODY,DRUH SR¡éKY JEDOUCÕCH VOZIDEL,DRUH PEVN… PÿEK¡éKY,CHARAKTER NEHODY,ZAVINÃNÕ NEHODY,ALKOHOL U VINÕKA NEHODY PÿÕTOMEN,HLAVNÕ PÿÕ»INY NEHODY,usmrceno osob,tÏûce zranÏno osob,lehce zranÏno osob,CELKOV¡ HMOTN¡ äKODA,DRUH POVRCHU VOZOVKY,STAV POVRCHU VOZOVKY V DOBÃ NEHODY,STAV KOMUNIKACE,POVÃTRNOSTNÕ PODMÕNKY V DOBÃ NEHODY,VIDITELNOST,ROZHLEDOV… POMÃRY,DÃLENÕ KOMUNIKACE,SITUOV¡NÕ NEHODY NA KOMUNIKACI,ÿÕZENÕ PROVOZU V DOBÃ NEHODY,MÕSTNÕ ⁄PRAVA PÿEDNOSTI V JÕZDÃ,SPECIFICK¡ MÕSTA A OBJEKTY V MÕSTÃ NEHODY,SMÃROV… POMÃRY,PO»ET Z⁄»ASTNÃN›CH VOZIDEL,MÕSTO DOPRAVNÕ NEHODY,DRUH KÿIéUJÕCÕ KOMUNIKACE,DRUH VOZIDLA,V›ROBNÕ ZNA»KA MOTOROV…HO VOZIDLA,ROK V›ROBY VOZIDLA,CHARAKTERISTIKA VOZIDLA ,SMYK,VOZIDLO PO NEHODÃ,"⁄NIK PROVOZNÕCH, PÿEPRAVOVAN›CH HMOT",ZPŸSOB VYPROäTÃNÕ OSOB Z VOZIDLA,SMÃR JÕZDY NEBO POSTAVENÕ VOZIDLA,äKODA NA VOZIDLE,KATEGORIE ÿIDI»E,STAV ÿIDI»E,VNÃJäÕ OVLIVNÃNÕ ÿIDI»E,nan.1,nan.2,nan.3,nan.4,nan.5,nan.6,nan.7,nan.8,nan.9,nan.10,nan.11,nan.12,nan.13,nan.14,nan.15,nan.16,nan.17,nan.18,LOKALITA NEHODY
151106190063,6,,2019-01-23,3,710,3,0,3,2,1,2,508,0,0,0,150,1,1,1,1,2,1,1,1,3,3,0,5,1,10,6.0,3,44.0,04,1.0,0.0,1.0,0.0,1.0,5.0,100,2.0,1.0,1.0,"-537677,63","-1181126,191","-537677,63","-1181126,191","-537678,962","-1181123,731",UherskÈHradiötÏ,Masarykovon·mÏstÌ,,mÌstnÌkomunikace,,3055746,,OpaËn˝kesmÏru˙seku,Pomal˝,592005.0,611981.0,GN_V0.1UIR-ADR_410,1
151106190064,2,497.0,2019-01-23,3,1520,1,3,0,1,1,2,508,0,0,1,850,2,1,1,1,1,1,1,1,0,0,0,3,2,0,,3,29.0,96,1.0,0.0,1.0,0.0,1.0,1.0,150,4.0,1.0,1.0,"-527750,577","-1175495,794","-527755,411","-1175504,388","-527755,98","-1175504,145",B¯ezolupy,,,silnice2.t¯Ìdy,497,3195789,,OpaËn˝kesmÏru˙seku,Pomal˝,592081.0,,GN_V0.1UIR-ADR_410,1
151106190065,1,54.0,2019-01-24,4,135,5,0,0,2,4,0,100,0,0,0,300,2,1,1,1,6,4,1,1,0,0,0,1,1,0,,3,17.0,17,1.0,0.0,1.0,0.0,1.0,1.0,300,2.0,1.0,1.0,"-532142,77","-1197340,96","-532142,77","-1197340,96","-532144,723","-1197333,443",,,,silnice1.t¯Ìdy,54,2122694,,Souhlasn˝sesmÏrem˙seku,Pomal˝,592056.0,,GN_V0.1UIR-ADR_410,2
151106190066,6,,2019-01-24,4,1240,3,0,2,2,1,2,508,0,0,0,510,2,1,1,1,1,1,1,8,0,0,0,1,1,0,,5,62.0,07,2.0,0.0,1.0,0.0,1.0,5.0,10,3.0,1.0,1.0,"-536925,895","-1183207,578","-536925,895","-1183207,578","-536925,972","-1183207,64",Kunovice,NaDrah·ch,,mÌstnÌkomunikace,,1555412,,OpaËn˝kesmÏru˙seku,Pomal˝,550744.0,608009.0,GN_V0.1UIR-ADR_410,1
151106190067,1,54.0,2019-01-24,4,1755,5,0,0,2,4,0,100,0,0,0,500,2,1,1,1,6,1,1,1,0,0,0,1,1,0,,3,39.0,18,3.0,0.0,1.0,0.0,1.0,3.0,500,2.0,1.0,1.0,,,"-525462,009","-1198719,133","-525455,466","-1198716,655",,,,silnice1.t¯Ìdy,54,3054703,,Souhlasn˝sesmÏrem˙seku,Pomal˝,592188.0,,GN_V0.1UIR-ADR_410,2
151106190068,8,,2019-01-25,5,2560,2,0,0,2,1,0,508,0,0,0,100,2,1,1,1,1,1,1,1,0,0,0,3,2,0,,17,,XX,,,,,,,0,,,,"-537279,663","-1180924,572","-537279,663","-1180924,572","-537277,506","-1180922,724",UherskÈHradiötÏ,,,mÌstnÌkomunikace,,3148879,,Souhlasn˝sesmÏrem˙seku,Pomal˝,592005.0,,GN_V0.1UIR-ADR_410,1
151106190069,1,55.0,2019-01-25,5,1620,1,4,0,1,1,2,503,0,0,3,1100,2,1,1,1,1,1,4,1,0,0,0,1,3,0,,3,47.0,17,9.0,0.0,1.0,1.0,1.0,1.0,300,2.0,1.0,1.0,"-537296,014","-1181351,911","-537296,014","-1181351,911","-537300,809","-1181351,541",UherskÈHradiötÏ,T¯.Marö·laMalinovskÈho,,silnice1.t¯Ìdy,55,3573746,,Souhlasn˝sesmÏrem˙seku,Pomal˝,592005.0,610780.0,GN_V0.1UIR-ADR_410,1
151106190070,2,495.0,2019-01-25,5,1820,4,0,0,1,1,2,412,0,0,1,0,2,1,1,1,4,1,1,1,3,3,1,5,1,19,2.0,3,39.0,07,1.0,0.0,1.0,0.0,1.0,21.0,0,2.0,1.0,1.0,"-534395,513","-1190254,754","-534395,513","-1190254,754","-534395,373","-1190241,898",Hluk,Ostroûsk·,,silnice2.t¯Ìdy,495,688021,,OpaËn˝kesmÏru˙seku,Pomal˝,592170.0,607029.0,GN_V0.1UIR-ADR_410,1
151106190071,1,50.0,2019-01-25,5,1835,3,0,4,2,1,2,204,0,0,0,900,2,6,1,1,6,1,2,1,0,0,0,3,1,0,,3,13.0,04,1.0,1.0,1.0,0.0,1.0,1.0,700,3.0,1.0,1.0,,,"-549879,857","-1173989,767","-549878,247","-1173988,457",,,,silnice1.t¯Ìdy,50,1495703,,Souhlasn˝sesmÏrem˙seku,Pomal˝,592102.0,,GN_V0.1UIR-ADR_410,2
151106190072,6,,2019-01-26,6,1205,2,0,0,2,1,2,204,0,0,0,350,2,6,1,5,1,1,1,1,0,0,10,3,2,0,,3,39.0,14,1.0,1.0,1.0,0.0,1.0,5.0,250,2.0,1.0,1.0,"-538181,277","-1183746,079","-538181,277","-1183746,079","-538180,737","-1183745,607",Kunovice,NaBÏlince,,mÌstnÌkomunikace,,3286950,,OpaËn˝kesmÏru˙seku,Pomal˝,550744.0,607878.0,GN_V0.1UIR-ADR_410,1
151106190073,2,427.0,2019-01-26,6,1718,3,0,6,1,1,2,204,0,0,1,1200,2,6,1,5,4,1,1,8,0,0,0,3,1,0,,5,99.0,06,1.0,1.0,1.0,0.0,1.0,1.0,800,3.0,1.0,1.0,"-543859,85","-1184162,672","-543859,85","-1184162,672","-543859,29","-1184162,618",Nedakonice,,,silnice2.t¯Ìdy,427,3195914,,OpaËn˝kesmÏru˙seku,Pomal˝,592412.0,,GN_V0.1UIR-ADR_410,1
151106190074,6,,2019-01-27,0,1950,2,0,0,2,1,2,205,0,0,0,800,0,6,1,1,6,1,1,1,0,0,0,3,2,0,,3,4.0,07,9.0,1.0,3.0,0.0,1.0,5.0,500,3.0,1.0,1.0,"-509858,906","-1199454,539","-509858,906","-1199454,539","-509857,575","-1199451,61",,,,mÌstnÌkomunikace,,3223352,,Souhlasn˝sesmÏrem˙seku,Pomal˝,592838.0,,GN_V0.1UIR-ADR_410,2
151106190075,1,50.0,2019-01-28,1,818,1,1,0,2,1,2,307,0,0,0,1300,2,8,1,5,3,1,1,1,0,0,0,3,2,0,,3,32.0,11,9.0,1.0,1.0,1.0,1.0,1.0,800,3.0,1.0,1.0,"-526881,791","-1185639,512","-526881,791","-1185639,512","-526879,777","-1185638,958",,,,silnice1.t¯Ìdy,50,1411071,,Souhlasn˝sesmÏrem˙seku,Pomal˝,592731.0,,GN_V0.1UIR-ADR_410,2
151106190076,1,50.0,2019-01-28,1,1225,1,3,0,1,1,2,403,0,0,1,800,2,8,1,5,3,1,4,1,3,3,0,4,2,19,3.0,8,59.0,04,4.0,0.0,1.0,0.0,1.0,24.0,300,4.0,1.0,1.0,"-533069,531","-1184249,127","-533095,314","-1184239,459","-533095,039","-1184239,08",,,,silnice1.t¯Ìdy,50,1262498,,Souhlasn˝sesmÏrem˙seku,Pomal˝,592528.0,,GN_V0.1UIR-ADR_410,2
151106190077,6,,2019-01-29,2,1745,2,0,0,2,1,0,508,0,0,0,300,1,8,1,1,4,1,1,1,0,0,0,1,2,0,,3,39.0,13,1.0,0.0,3.0,0.0,1.0,5.0,200,2.0,1.0,1.0,"-524669,191","-1186872,344","-524669,191","-1186872,344","-524671,501","-1186871,989",Uhersk˝Brod,P¯emyslaOtakaraII.,,mÌstnÌkomunikace,,2748785,,Souhlasn˝sesmÏrem˙seku,Pomal˝,592731.0,613967.0,GN_V0.1UIR-ADR_410,1
151106190078,6,,2019-01-30,3,1230,2,0,0,2,1,0,508,0,0,0,300,2,6,1,1,1,1,0,1,0,0,0,1,2,0,,17,,XX,,,,,,,0,,,,"-524801,342","-1187195,771","-524810,473","-1187245,189","-524810,736","-1187246,253",Uhersk˝Brod,Nerudova,,mÌstnÌkomunikace,,684158,,Souhlasn˝sesmÏrem˙seku,Pomal˝,592731.0,612871.0,GN_V0.1UIR-ADR_410,1
151106190079,6,,2019-01-30,3,2560,2,0,0,2,1,0,508,0,0,0,200,2,6,1,1,1,1,1,1,0,0,0,1,2,0,,17,,XX,,,,,,,0,,,,"-546289,343","-1180966,32","-546289,343","-1180966,32","-546291,205","-1180970,943",Boröice,,,mÌstnÌkomunikace,,3223111,,Souhlasn˝sesmÏrem˙seku,Pomal˝,592064.0,,GN_V0.1UIR-ADR_410,1
151106190080,6,,2019-01-31,4,645,2,0,0,2,1,0,508,0,0,0,150,2,6,1,1,1,1,1,1,0,0,0,1,2,0,,3,39.0,98,1.0,0.0,1.0,0.0,1.0,5.0,0,2.0,1.0,1.0,"-542719,332","-1189542,244","-542719,332","-1189542,244","-542720,414","-1189542,437",Uhersk˝Ostroh,SÌdliötÏ,,mÌstnÌkomunikace,,2748395,,OpaËn˝kesmÏru˙seku,Pomal˝,592749.0,614262.0,GN_V0.1UIR-ADR_410,1
151106190081,6,,2019-01-30,3,2560,2,0,0,2,1,0,508,0,0,0,200,1,8,1,1,1,1,1,1,3,5,0,1,2,0,,17,,XX,,,,,,,0,,,,"-537898,187","-1181379,255","-537898,187","-1181379,255","-537897,571","-1181378,989",UherskÈHradiötÏ,,,mÌstnÌkomunikace,,1784144,,Souhlasn˝sesmÏrem˙seku,Pomal˝,592005.0,,GN_V0.1UIR-ADR_410,1
151506190001,6,,2019-01-01,2,2560,3,0,9,2,1,0,516,0,0,0,30,2,8,1,1,1,1,1,1,0,0,0,3,1,0,,17,,XX,,,,,,,0,,,,"-475272,264","-1140464,18","-475272,264","-1140464,18","-475268,526","-1140465,044",,,,mÌstnÌkomunikace,,3067230,,Souhlasn˝sesmÏrem˙seku,Pomal˝,544698.0,,GN_V0.1UIR-ADR_410,2
151506190002,6,,2019-01-02,3,1233,3,0,3,2,1,2,504,0,0,0,70,2,8,1,1,1,1,1,1,0,0,0,1,1,0,,3,39.0,03,1.0,0.0,1.0,0.0,1.0,5.0,50,2.0,1.0,1.0,"-498617,384","-1151905,333","-498620,336","-1151909,358","-498620,023","-1151908,87",VsetÌn,,,mÌstnÌkomunikace,,3128329,,Souhlasn˝sesmÏrem˙seku,Pomal˝,541630.0,,GN_V0.1UIR-ADR_410,1
151506190003,1,49.0,2019-01-02,3,1350,2,0,0,2,1,2,204,0,0,0,2500,2,8,1,6,1,1,1,1,0,0,0,3,2,0,,3,2.0,16,1.0,0.0,1.0,0.0,1.0,1.0,1500,2.0,1.0,1.0,"-500073,018","-1166378,743","-500073,018","-1166378,743","-500077,643","-1166375,061",PozdÏchov,,,silnice1.t¯Ìdy,49,2747085,,Souhlasn˝sesmÏrem˙seku,Pomal˝,544655.0,,GN_V0.1UIR-ADR_410,1
151506190004,1,49.0,2019-01-01,2,2560,3,0,9,2,1,0,204,0,0,0,650,2,5,1,6,7,1,1,1,3,5,0,3,1,0,,3,47.0,00,1.0,1.0,1.0,0.0,1.0,1.0,500,2.0,1.0,1.0,"-497675,743","-1165012,179","-497675,743","-1165012,179","-497674,807","-1165012,784",,,,silnice1.t¯Ìdy,49,2140595,,OpaËn˝kesmÏru˙seku,Pomal˝,544990.0,,GN_V0.1UIR-ADR_410,2
151506190005,6,,2019-01-03,4,650,3,0,9,2,1,2,204,0,0,0,500,2,6,1,1,4,1,1,8,0,0,0,2,1,0,,3,5.0,09,1.0,0.0,1.0,0.0,1.0,5.0,100,2.0,1.0,1.0,"-484137,305","-1140192,904","-484137,305","-1140192,904","-484138,019","-1140193,002",RoûnovpodRadhoötÏm,DolnÌPaseky,,mÌstnÌkomunikace,,3411137,,OpaËn˝kesmÏru˙seku,Pomal˝,544841.0,631744.0,GN_V0.1UIR-ADR_410,1
151506190006,2,487.0,2019-01-03,4,1125,9,0,0,2,1,2,204,0,0,0,1200,2,8,1,5,3,1,1,3,0,0,0,2,1,0,,5,99.0,13,3.0,1.0,1.0,0.0,1.0,3.0,1100,3.0,1.0,1.0,"-490435,83","-1159311,362","-490435,83","-1159311,362","-490436,177","-1159313,191",,,,silnice2.t¯Ìdy,487,3058930,,Souhlasn˝sesmÏrem˙seku,Pomal˝,542768.0,,GN_V0.1UIR-ADR_410,2
151506190007,6,,2019-01-03,4,1705,3,0,3,2,1,2,204,0,0,0,340,2,6,1,6,5,1,1,3,0,0,0,1,1,0,,5,26.0,15,3.0,1.0,1.0,0.0,1.0,5.0,300,3.0,1.0,1.0,"-498804,407","-1138148,531","-498804,407","-1138148,531","-498804,722","-1138144,93",ValaöskÈMezi¯ÌËÌ,Ju¯inka,,mÌstnÌkomunikace,,3057882,,,Pomal˝,545058.0,,GN_V0.1UIR-ADR_410,1
151506190008,6,,2019-01-03,4,2560,3,0,9,2,1,0,511,0,0,0,200,2,8,1,5,5,1,1,1,0,0,0,2,1,0,,17,,XX,,,,,,,0,,,,"-498506,395","-1152113,423","-498506,395","-1152113,423","-498506,032","-1152112,655",VsetÌn,Bobrky,,mÌstnÌkomunikace,,3127843,,OpaËn˝kesmÏru˙seku,Pomal˝,541630.0,,GN_V0.1UIR-ADR_410,1
151506190009,6,,2019-01-04,5,730,1,2,0,1,1,2,403,0,0,1,1800,2,5,1,1,2,1,1,1,3,3,0,4,2,10,6.0,3,39.0,01,1.0,0.0,1.0,0.0,1.0,5.0,300,3.0,1.0,1.0,"-496538,934","-1140756,339","-496540,276","-1140744,264","-496540,271","-1140744,374",ValaöskÈMezi¯ÌËÌ,NaVyhlÌdce,,mÌstnÌkomunikace,,587224,,OpaËn˝kesmÏru˙seku,Pomal˝,545058.0,632805.0,GN_V0.1UIR-ADR_410,1
151506190010,6,,2019-01-04,5,840,2,0,0,2,1,2,504,0,0,0,250,2,5,1,1,1,1,1,1,0,0,0,1,2,0,,3,47.0,01,1.0,0.0,1.0,0.0,1.0,5.0,200,2.0,1.0,1.0,"-491473,376","-1140532,454","-491488,675","-1140550,436","-491488,851","-1140550,303",Zaöov·,,,mÌstnÌkomunikace,,1245495,,Souhlasn˝sesmÏrem˙seku,Pomal˝,545236.0,,GN_V0.1UIR-ADR_410,1
151506190011,6,,2019-01-04,5,1540,1,1,0,2,1,2,403,0,0,0,1250,2,8,1,5,3,1,1,1,3,3,0,5,2,10,6.0,5,13.0,03,1.0,0.0,1.0,0.0,1.0,5.0,200,2.0,1.0,1.0,"-496624,213","-1154402,518","-496643,805","-1154482,228","-496643,917","-1154482,658",VsetÌn,Jir·skova,,mÌstnÌkomunikace,,617171,,OpaËn˝kesmÏru˙seku,Pomal˝,541630.0,633721.0,GN_V0.1UIR-ADR_410,1
151506190012,2,150.0,2019-01-04,5,1940,1,1,0,2,1,2,402,0,0,0,380,2,6,1,5,5,1,1,1,3,3,0,4,3,11,3.0,3,12.0,03,1.0,0.0,1.0,0.0,1.0,32.0,0,2.0,1.0,1.0,"-499337,968","-1140464,489","-499338,773","-1140485,155","-499338,797","-1140485,081",VALAäSK…MEZIÿÕ»Õ-POLI»N¡,,,silnice2.t¯Ìdy,150,586391,,Souhlasn˝sesmÏrem˙seku,Pomal˝,500071.0,,GN_V0.1UIR-ADR_410,1
151506190013,3,5741.0,2019-01-04,5,2220,3,0,9,2,1,2,204,0,0,0,400,2,6,1,5,5,1,1,1,0,0,0,2,1,0,,3,4.0,01,1.0,1.0,1.0,0.0,1.0,3.0,200,2.0,1.0,1.0,"-499413,67","-1161995,081","-499413,67","-1161995,081","-499413,02","-1162000,201",Seninka,,,silnice3.t¯Ìdy,05741,2379672,,OpaËn˝kesmÏru˙seku,Pomal˝,544906.0,,GN_V0.1UIR-ADR_410,1
151506190014,2,487.0,2019-01-05,6,1045,3,0,9,1,1,2,204,0,0,2,350,2,8,1,5,3,1,0,6,0,0,0,1,1,0,,3,47.0,99,1.0,1.0,1.0,0.0,1.0,3.0,150,3.0,1.0,1.0,"-488121,488","-1158922,032","-488131,417","-1158936,791","-488131,053","-1158937,312",Huslenky,,,silnice2.t¯Ìdy,487,1891046,,OpaËn˝kesmÏru˙seku,Pomal˝,542784.0,,GN_V0.1UIR-ADR_410,1
151506190015,6,,2019-01-05,6,855,3,0,3,2,1,2,510,0,0,0,85,2,8,1,5,3,1,0,8,3,3,0,7,1,10,6.0,8,99.0,09,5.0,0.0,1.0,0.0,1.0,5.0,70,4.0,1.0,1.0,"-496279,669","-1139658,236","-495408,325","-1140128,147","-495408,305","-1140128,178",ValaöskÈMezi¯ÌËÌ,Kouty,,mÌstnÌkomunikace,,585448,,OpaËn˝kesmÏru˙seku,Pomal˝,545058.0,633259.0,GN_V0.1UIR-ADR_410,1
151506190016,3,48612.0,2019-01-05,6,1315,3,0,9,2,1,2,511,0,0,0,310,2,8,1,1,1,1,1,3,0,0,1,1,1,0,,9,0.0,08,3.0,0.0,1.0,0.0,1.0,3.0,10,3.0,1.0,1.0,,,"-484244,07","-1142049,987","-484241,811","-1142049,561",RoûnovpodRadhoötÏm,BezruËova,,silnice3.t¯Ìdy,48612,590515,,Souhlasn˝sesmÏrem˙seku,Pomal˝,544841.0,631671.0,GN_V0.1UIR-ADR_410,1
151506190017,3,4868.0,2019-01-04,5,2560,3,0,9,2,1,0,204,0,0,0,50,2,8,1,5,5,1,1,8,0,0,0,3,1,0,,17,,XX,,,,,,,0,,,,"-487526,146","-1144297,469","-487516,76","-1144280,575","-487516,863","-1144281,238",VidËe,,,silnice3.t¯Ìdy,4868,1170856,,Souhlasn˝sesmÏrem˙seku,Pomal˝,545198.0,,GN_V0.1UIR-ADR_410,1
151506190018,1,57.0,2019-01-07,1,918,3,0,9,2,1,0,516,0,0,0,150,2,5,1,1,1,1,1,1,0,0,0,1,2,0,,17,,XX,,,,,,,0,,,,"-498277,454","-1152074,419","-497802,209","-1153221,61","-497799,537","-1153221,372",,,,silnice1.t¯Ìdy,57,2747088,,OpaËn˝kesmÏru˙seku,Pomal˝,541630.0,,GN_V0.1UIR-ADR_410,2
151506190019,6,,2019-01-01,2,2560,2,0,0,2,1,0,511,0,0,0,250,2,1,1,1,1,1,0,1,0,0,0,1,2,0,,17,,XX,,,,,,,0,,,,,,"-485120,93","-1142068,79","-485121,212","-1142072,202",RoûnovpodRadhoötÏm,1.m·je,,mÌstnÌkomunikace,,3245033,,Souhlasn˝sesmÏrem˙seku,Pomal˝,544841.0,631639.0,GN_V0.1UIR-ADR_410,1
151506190020,1,35.0,2019-01-07,1,1400,1,2,0,2,1,2,402,0,0,0,2100,2,3,1,1,1,1,1,1,3,4,0,5,2,19,6.0,3,39.0,16,3.0,0.0,1.0,0.0,1.0,32.0,900,2.0,1.0,1.0,"-491618,563","-1140744,399","-491603,802","-1140743,594","-491604,263","-1140744,744",Zaöov·,,,silnice1.t¯Ìdy,35,1262625,,OpaËn˝kesmÏru˙seku,Pomal˝,545236.0,,GN_V0.1UIR-ADR_410,1
151506190021,3,4837.0,2019-01-07,1,1625,1,1,0,2,1,2,204,0,0,0,1500,2,6,1,1,2,1,1,1,0,0,0,1,2,0,,3,42.0,05,1.0,1.0,1.0,0.0,1.0,3.0,500,3.0,1.0,1.0,"-475122,675","-1144481,011","-475122,675","-1144481,011","-475128,338","-1144474,027",HornÌBeËva,,,silnice3.t¯Ìdy,4837,1891532,,OpaËn˝kesmÏru˙seku,Pomal˝,542687.0,,GN_V0.1UIR-ADR_410,1
151506190022,2,439.0,2019-01-07,1,1650,3,0,6,1,1,2,510,0,0,1,1400,2,3,1,1,4,3,1,3,0,0,0,3,1,0,,8,35.0,01,2.0,0.0,1.0,0.0,1.0,1.0,1100,4.0,1.0,1.0,"-508505,697","-1141819,815","-508515,627","-1141829,209","-508515,578","-1141829,286",Kunovice,,,silnice2.t¯Ìdy,439,1169949,,Souhlasn˝sesmÏrem˙seku,Pomal˝,543021.0,,GN_V0.1UIR-ADR_410,1
151506190023,3,5736.0,2019-01-08,2,800,1,4,0,1,1,2,511,0,0,1,850,2,6,1,5,3,1,1,1,0,0,1,1,2,0,,3,47.0,07,1.0,0.0,1.0,0.0,1.0,3.0,250,2.0,1.0,1.0,"-495583,909","-1155332,731","-495605,108","-1155375,398","-495604,484","-1155375,554",VsetÌn,PodPecnÌkem,,silnice3.t¯Ìdy,05736,780846,,Souhlasn˝sesmÏrem˙seku,Pomal˝,541630.0,634603.0,GN_V0.1UIR-ADR_410,1
151506190024,6,,2019-01-08,2,2560,2,0,0,2,1,0,504,0,0,0,200,2,8,1,5,3,1,0,1,0,0,0,1,2,0,,17,,XX,,,,,,,0,,,,"-497113,249","-1154633,297","-497113,249","-1154633,297","-497115,456","-1154631,555",VsetÌn,NaHr·zi,,mÌstnÌkomunikace,,1495106,,Souhlasn˝sesmÏrem˙seku,Pomal˝,541630.0,633828.0,GN_V0.1UIR-ADR_410,1
151506190025,1,69.0,2019-01-09,3,1015,3,0,1,2,0,0,100,0,0,0,170,2,3,1,5,3,1,1,1,0,0,0,1,1,0,,5,19.0,13,3.0,0.0,1.0,0.0,1.0,1.0,120,2.0,1.0,0.0,"-501650,931","-1159674,737","-501586,786","-1159730,83","-501586,941","-1159730,66",,,,silnice1.t¯Ìdy,69,1262658,,OpaËn˝kesmÏru˙seku,Pomal˝,544396.0,,GN_V0.1UIR-ADR_410,2
151506190026,6,,2019-01-08,2,2560,2,0,0,2,1,0,508,0,0,0,150,2,5,1,1,1,1,1,1,0,0,10,3,2,0,,17,,XX,,,,,,,0,,,,"-496460,008","-1140051,037","-496460,008","-1140051,037","-496460,233","-1140051,084",ValaöskÈMezi¯ÌËÌ,,,mÌstnÌkomunikace,,585208,,OpaËn˝kesmÏru˙seku,Pomal˝,545058.0,632899.0,GN_V0.1UIR-ADR_410,1
151506190027,1,35.0,2019-01-09,3,1445,0,0,0,2,1,2,516,0,0,0,100,2,3,1,1,1,1,1,1,0,0,0,1,2,0,,5,7.0,11,3.0,0.0,1.0,0.0,1.0,3.0,0,9.0,,,,,"-486801,017","-1142063,098","-486802,328","-1142074,148",,,,silnice1.t¯Ìdy,35,3449096,,OpaËn˝kesmÏru˙seku,Pomal˝,545252.0,681598.0,GN_V0.1UIR-ADR_410,2
151506190028,1,57.0,2019-01-09,3,1900,9,0,0,1,1,2,204,0,0,1,1200,2,3,1,2,7,1,1,8,0,0,0,2,1,0,,3,35.0,07,1.0,1.0,1.0,0.0,1.0,1.0,1200,2.0,1.0,1.0,"-498460,315","-1147134,87","-498431,062","-1146984,308","-498431,432","-1146984,257",,,,silnice1.t¯Ìdy,57,1890922,,OpaËn˝kesmÏru˙seku,Pomal˝,542865.0,,GN_V0.1UIR-ADR_410,2
151506190029,1,35.0,2019-01-10,4,755,1,4,0,2,1,2,503,0,0,0,1600,2,3,1,1,1,1,1,1,3,3,1,5,2,19,6.0,7,26.0,,9.0,0.0,1.0,0.0,1.0,12.0,400,3.0,1.0,1.0,"-487952,361","-1141855,11","-487904,863","-1141866,649","-487904,583","-1141865,62",Zub¯Ì,,,silnice1.t¯Ìdy,35,589964,,Souhlasn˝sesmÏrem˙seku,Pomal˝,545252.0,,GN_V0.1UIR-ADR_410,1
151506190030,6,,2019-01-10,4,950,3,0,9,2,1,2,504,0,0,0,950,2,8,1,1,1,1,1,1,0,0,0,1,1,0,,7,10.0,13,3.0,0.0,1.0,0.0,1.0,5.0,0,3.0,1.0,1.0,"-492169,276","-1153815,554","-492169,276","-1153815,554","-492169,411","-1153821,756",VsetÌn,,,mÌstnÌkomunikace,,780441,,OpaËn˝kesmÏru˙seku,Pomal˝,541630.0,,GN_V0.1UIR-ADR_410,1
151506190031,1,49.0,2019-01-10,4,1415,3,0,9,2,1,2,204,0,0,0,2000,2,3,1,1,1,1,1,8,1,0,0,1,1,0,,7,10.0,12,3.0,1.0,1.0,0.0,1.0,3.0,600,3.0,1.0,1.0,"-488667,311","-1173026,511","-488667,311","-1173026,511","-488667,633","-1173022,846",,,,silnice1.t¯Ìdy,49,3153905,,Souhlasn˝sesmÏrem˙seku,Pomal˝,544914.0,,GN_V0.1UIR-ADR_410,2
151506190032,6,,2019-01-10,4,2560,2,0,0,2,1,0,516,0,0,0,280,2,8,1,1,1,1,0,1,0,0,0,1,2,0,,17,,XX,,,,,,,0,,,,"-496749,768","-1140436,782","-496757,013","-1140447,784","-496756,158","-1140447,768",ValaöskÈMezi¯ÌËÌ,HavlÌËkova,,mÌstnÌkomunikace,,586326,,Souhlasn˝sesmÏrem˙seku,Pomal˝,545058.0,632503.0,GN_V0.1UIR-ADR_410,1
151506190033,6,,2019-01-11,5,2560,2,0,0,2,1,0,508,0,0,0,200,2,6,1,1,1,1,1,1,0,0,10,1,2,0,,17,,XX,,,,,,,0,,,,"-485763,545","-1141847,082","-485763,545","-1141847,082","-485762,792","-1141838,528",RoûnovpodRadhoötÏm,,,mÌstnÌkomunikace,,589953,,,Pomal˝,544841.0,,GN_V0.1UIR-ADR_410,1
151506190034,6,,2019-01-11,5,1760,2,0,0,2,1,0,508,0,0,0,100,2,3,1,1,1,1,1,1,3,5,10,1,2,0,,17,,XX,,,,,,,0,,,,"-495521,779","-1155677,167","-495521,779","-1155677,167","-495510,439","-1155678,867",VsetÌn,,,mÌstnÌkomunikace,,1783541,,Souhlasn˝sesmÏrem˙seku,Pomal˝,541630.0,,GN_V0.1UIR-ADR_410,1
151506190035,6,,2019-01-11,5,2220,3,0,9,2,1,2,204,0,0,0,410,2,6,1,5,5,1,1,1,3,5,0,1,1,0,,3,27.0,13,1.0,1.0,1.0,0.0,1.0,5.0,400,2.0,1.0,1.0,"-489858,676","-1173603,576","-489858,676","-1173603,576","-489857,645","-1173603,358",St¯eln·,,,mÌstnÌkomunikace,,1181045,,Souhlasn˝sesmÏrem˙seku,Pomal˝,544914.0,,GN_V0.1UIR-ADR_410,1