IDENTIFIKA»NÕ »ÕSLO,DRUH POZEMNÕ KOMUNIKACE,»ÕSLO POZEMNÕ KOMUNIKACE,"den, mÏsÌc, rok",,Ëas ,DRUH NEHODY,DRUH SR¡éKY JEDOUCÕCH VOZIDEL,DRUH PEVN… PÿEK¡éKY,CHARAKTER NEHODY,ZAVINÃNÕ NEHODY,ALKOHOL U VINÕKA NEHODY PÿÕTOMEN,HLAVNÕ PÿÕ»INY NEHODY,usmrceno osob,tÏûce zranÏno osob,lehce zranÏno osob,CELKOV¡ HMOTN¡ äKODA,DRUH POVRCHU VOZOVKY,STAV POVRCHU VOZOVKY V DOBÃ NEHODY,STAV KOMUNIKACE,POVÃTRNOSTNÕ PODMÕNKY V DOBÃ NEHODY,VIDITELNOST,ROZHLEDOV… POMÃRY,DÃLENÕ KOMUNIKACE,SITUOV¡NÕ NEHODY NA KOMUNIKACI,ÿÕZENÕ PROVOZU V DOBÃ NEHODY,MÕSTNÕ ⁄PRAVA PÿEDNOSTI V JÕZDÃ,SPECIFICK¡ MÕSTA A OBJEKTY V MÕSTÃ NEHODY,SMÃROV… POMÃRY,PO»ET Z⁄»ASTNÃN›CH VOZIDEL,MÕSTO DOPRAVNÕ NEHODY,DRUH KÿIéUJÕCÕ KOMUNIKACE,DRUH VOZIDLA,V›ROBNÕ ZNA»KA MOTOROV…HO VOZIDLA,ROK V›ROBY VOZIDLA,CHARAKTERISTIKA VOZIDLA ,SMYK,VOZIDLO PO NEHODÃ,"⁄NIK PROVOZNÕCH, PÿEPRAVOVAN›CH HMOT",ZPŸSOB VYPROäTÃNÕ OSOB Z VOZIDLA,SMÃR JÕZDY NEBO POSTAVENÕ VOZIDLA,äKODA NA VOZIDLE,KATEGORIE ÿIDI»E,STAV ÿIDI»E,VNÃJäÕ OVLIVNÃNÕ ÿIDI»E,nan.1,nan.2,nan.3,nan.4,nan.5,nan.6,nan.7,nan.8,nan.9,nan.10,nan.11,nan.12,nan.13,nan.14,nan.15,nan.16,nan.17,nan.18,LOKALITA NEHODY
151506190036,1,57.0,2019-01-13,0,440,3,0,2,1,1,2,510,0,0,2,1000,2,3,1,1,4,1,1,3,1,0,0,3,1,0,,3,26.0,06,7.0,0.0,1.0,0.0,1.0,1.0,1000,3.0,1.0,1.0,"-498509,781","-1146284,114","-498509,781","-1146284,114","-498509,036","-1146284,082",,,,silnice1.t¯Ìdy,57,2140537,,Souhlasn˝sesmÏrem˙seku,Pomal˝,541711.0,,GN_V0.1UIR-ADR_410,2
151506190037,2,150.0,2019-01-13,0,630,3,0,3,1,1,2,205,0,0,1,505,2,3,1,1,6,1,0,3,0,0,0,2,1,0,,3,32.0,03,1.0,0.0,1.0,0.0,1.0,1.0,500,2.0,1.0,1.0,"-503080,563","-1141389,627","-503080,563","-1141389,627","-503080,783","-1141389,003",,,,silnice2.t¯Ìdy,150,3275398,,OpaËn˝kesmÏru˙seku,Pomal˝,541648.0,,GN_V0.1UIR-ADR_410,2
151506190038,6,,2019-01-13,0,1345,3,0,9,2,1,2,516,0,0,0,70,2,6,1,1,1,1,0,1,3,5,0,4,1,10,6.0,5,43.0,10,8.0,1.0,1.0,0.0,1.0,5.0,50,3.0,1.0,1.0,"-487278,907","-1146907,517","-487317,817","-1146911,006","-487317,718","-1146911,494",Valaösk·Byst¯ice,,,mÌstnÌkomunikace,,1265637,,OpaËn˝kesmÏru˙seku,Pomal˝,544949.0,,GN_V0.1UIR-ADR_410,1
151506190039,6,,2019-01-13,0,1420,3,0,2,2,1,2,204,0,0,0,700,2,8,1,1,1,1,1,8,0,0,0,3,1,0,,3,13.0,15,3.0,1.0,1.0,0.0,1.0,5.0,400,2.0,1.0,1.0,,,"-495000,209","-1157837,043","-494999,298","-1157834,796",Janov·,,,mÌstnÌkomunikace,,3061287,,Souhlasn˝sesmÏrem˙seku,Pomal˝,570346.0,,GN_V0.1UIR-ADR_410,1
151506190040,1,57.0,2019-01-14,1,620,9,0,0,2,1,2,511,0,0,0,1250,2,8,1,6,6,1,1,1,3,5,0,2,1,0,,7,62.0,13,9.0,0.0,1.0,0.0,1.0,1.0,1050,3.0,1.0,1.0,"-493352,401","-1168319,987","-493352,401","-1168319,987","-493335,64","-1168317,555",,,,silnice1.t¯Ìdy,57,3421937,,Souhlasn˝sesmÏrem˙seku,Pomal˝,544370.0,,GN_V0.1UIR-ADR_410,2
151506190041,6,,2019-01-14,1,1115,4,0,0,1,1,2,508,1,0,0,0,2,6,1,6,3,1,1,1,3,5,10,1,1,0,,5,62.0,09,3.0,0.0,1.0,0.0,1.0,5.0,0,3.0,1.0,1.0,"-496277,508","-1173154,201","-496277,508","-1173154,201","-496311,621","-1173165,698",LaËnov,,,mÌstnÌkomunikace,,3205409,,,Pomal˝,543098.0,,GN_V0.1UIR-ADR_410,1
151506190042,6,,2019-01-14,1,1160,2,0,0,2,1,0,511,0,0,0,600,2,8,1,1,1,1,1,1,3,3,0,5,2,10,6.0,17,,XX,,,,,,,0,,,,"-485504,675","-1141882,235","-485506,017","-1141970,521","-485506,102","-1141971,538",RoûnovpodRadhoötÏm,1.m·je,,mÌstnÌkomunikace,,590343,,,Pomal˝,544841.0,631639.0,GN_V0.1UIR-ADR_410,1
151506190043,6,,2019-01-12,6,145,5,0,0,2,4,0,100,0,0,0,530,0,8,1,1,6,1,0,1,0,0,0,1,1,0,,3,17.0,18,1.0,0.0,1.0,0.0,1.0,5.0,500,2.0,1.0,1.0,,,"-486601,25","-1140649,17","-486606,029","-1140649,591",,,,mÌstnÌkomunikace,,3067812,,Souhlasn˝sesmÏrem˙seku,Pomal˝,545252.0,682535.0,GN_V0.1UIR-ADR_410,2
151506190044,8,,2019-01-13,0,2560,2,0,0,2,1,0,511,0,0,0,100,2,6,1,6,2,1,1,1,0,5,10,1,2,0,,17,,XX,,,,,,,0,,,,"-495484,686","-1154685,637","-495484,686","-1154685,637","-495496,843","-1154692,228",VsetÌn,Brat¯ÌHlavic˘,,mÌstnÌkomunikace,,1751107,,,Pomal˝,541630.0,633674.0,GN_V0.1UIR-ADR_410,1
151506190045,1,57.0,2019-01-11,5,1820,5,0,0,2,4,0,100,0,0,0,430,2,3,1,1,6,1,0,1,0,0,0,1,1,0,,3,39.0,12,3.0,0.0,1.0,0.0,1.0,1.0,400,2.0,1.0,1.0,,,"-481245,058","-1142311,539","-481246,353","-1142312,116",,,,silnice1.t¯Ìdy,35,1891537,,OpaËn˝kesmÏru˙seku,Pomal˝,541800.0,,GN_V0.1UIR-ADR_410,2
151506190046,3,4868.0,2019-01-12,6,1830,5,0,0,2,4,0,100,0,0,0,230,2,3,1,1,6,1,0,1,0,0,0,1,1,0,,3,41.0,07,1.0,0.0,1.0,0.0,1.0,3.0,200,2.0,1.0,1.0,,,"-489540,118","-1142310,597","-489542,503","-1142311,863",,,,silnice3.t¯Ìdy,4868,1170081,,Souhlasn˝sesmÏrem˙seku,Pomal˝,544922.0,,GN_V0.1UIR-ADR_410,2
151506190047,1,35.0,2019-01-13,0,2110,5,0,0,2,4,0,100,0,0,0,330,2,3,1,3,5,1,1,1,0,5,8,1,1,0,,3,39.0,18,1.0,0.0,1.0,0.0,1.0,1.0,300,2.0,1.0,1.0,,,"-481245,058","-1142311,539","-481246,353","-1142312,116",,,,silnice1.t¯Ìdy,35,1891537,,OpaËn˝kesmÏru˙seku,Pomal˝,541800.0,,GN_V0.1UIR-ADR_410,2
151506190048,6,,2019-01-15,2,2560,2,0,0,2,1,0,511,0,0,0,350,2,8,1,1,1,1,1,1,0,0,0,1,2,0,,17,,XX,,,,,,,0,,,,"-484723,645","-1141331,335","-484723,645","-1141331,335","-484725,616","-1141331,006",RoûnovpodRadhoötÏm,,,mÌstnÌkomunikace,,2148738,,Souhlasn˝sesmÏrem˙seku,Pomal˝,544841.0,,GN_V0.1UIR-ADR_410,1
151506190049,1,35.0,2019-01-15,2,1132,3,0,8,2,1,0,402,0,0,0,300,2,8,1,5,3,1,1,8,3,3,0,5,2,19,6.0,17,,XX,,,,,,,0,,,,"-471044,187","-1147978,004","-471056,801","-1147984,714","-471056,732","-1147985,083",,,,silnice1.t¯Ìdy,35,1891850,,OpaËn˝kesmÏru˙seku,Pomal˝,542687.0,,GN_V0.1UIR-ADR_410,2
151506190050,6,,2019-01-15,2,1231,2,0,0,2,1,0,504,0,0,0,200,2,5,1,1,1,1,1,1,0,0,0,1,2,0,,17,,XX,,,,,,,0,,,,"-485787,692","-1141831,227","-485787,692","-1141831,227","-485792,541","-1141830,786",RoûnovpodRadhoötÏm,Skl·¯sk·,,mÌstnÌkomunikace,,589927,,,Pomal˝,544841.0,703648.0,GN_V0.1UIR-ADR_410,1
151506190051,6,,2019-01-16,3,630,2,0,0,2,1,0,504,0,0,0,230,1,1,1,1,4,1,0,8,0,0,10,1,2,0,,3,13.0,01,1.0,0.0,1.0,0.0,1.0,5.0,30,2.0,1.0,1.0,"-507525,989","-1138081,409","-507525,989","-1138081,409","-507527,307","-1138084,599",KelË,,,mÌstnÌkomunikace,,1946566,,Souhlasn˝sesmÏrem˙seku,Pomal˝,542989.0,,GN_V0.1UIR-ADR_410,1
151506190052,6,,2019-01-16,3,1950,7,1,0,2,1,2,414,0,0,0,1300,2,3,1,1,4,1,1,1,2,0,3,1,2,0,,3,13.0,16,3.0,0.0,1.0,0.0,1.0,5.0,800,2.0,1.0,1.0,"-485739,527","-1142177,2","-485739,796","-1142155,46","-485741,147","-1142155,35",RoûnovpodRadhoötÏm,Zubersk·,,mÌstnÌkomunikace,,781438,,OpaËn˝kesmÏru˙seku,Pomal˝,544841.0,694894.0,GN_V0.1UIR-ADR_410,1
151506190053,3,5726.0,2019-01-17,4,720,1,3,0,2,1,2,204,0,0,0,750,2,6,1,6,2,1,1,1,0,5,0,3,2,0,,3,7.0,03,1.0,1.0,1.0,0.0,1.0,3.0,400,2.0,1.0,1.0,"-497709,742","-1145694,844","-497709,742","-1145694,844","-497709,704","-1145695,515",Byst¯iËka,,,silnice3.t¯Ìdy,05726,3302108,,OpaËn˝kesmÏru˙seku,Pomal˝,541711.0,,GN_V0.1UIR-ADR_410,1
151506190054,6,,2019-01-16,3,2560,2,0,0,2,1,0,511,0,0,0,50,2,1,1,1,1,1,1,1,0,5,0,1,2,0,,17,,XX,,,,,,,0,,,,"-496894,28","-1138586,261","-496894,28","-1138586,261","-496892,488","-1138592,369",ValaöskÈMezi¯ÌËÌ,V·clavkova,,mÌstnÌkomunikace,,1408708,,OpaËn˝kesmÏru˙seku,Pomal˝,545058.0,633119.0,GN_V0.1UIR-ADR_410,1
151506190055,2,437.0,2019-01-17,4,1545,4,0,0,1,1,2,412,0,0,1,0,2,3,1,1,1,1,1,1,3,3,1,1,1,0,,3,41.0,98,3.0,0.0,1.0,0.0,1.0,3.0,0,3.0,1.0,1.0,"-504774,371","-1152013,957","-504774,371","-1152013,957","-504770,41","-1152020,513",Hoöù·lkov·,,,silnice2.t¯Ìdy,437,1265212,,OpaËn˝kesmÏru˙seku,Pomal˝,542750.0,,GN_V0.1UIR-ADR_410,1
151506190056,6,,2019-01-17,4,2560,2,0,0,2,1,0,508,0,0,0,300,2,3,1,1,1,1,1,1,3,5,10,1,2,0,,17,,XX,,,,,,,0,,,,"-484680,735","-1141603,485","-484680,735","-1141603,485","-484680,47","-1141603,625",RoûnovpodRadhoötÏm,,,mÌstnÌkomunikace,,2747652,,OpaËn˝kesmÏru˙seku,Pomal˝,544841.0,,GN_V0.1UIR-ADR_410,1
151506190057,6,,2019-01-14,1,1602,2,0,0,2,1,0,511,0,0,0,150,2,8,1,1,1,1,1,1,0,0,0,1,2,0,,17,,XX,,,,,,,0,,,,"-485443,039","-1141672,742","-485443,039","-1141672,742","-485442,681","-1141664,883",RoûnovpodRadhoötÏm,Moravsk·,,mÌstnÌkomunikace,,589491,,Souhlasn˝sesmÏrem˙seku,Pomal˝,544841.0,631931.0,GN_V0.1UIR-ADR_410,1
151506190058,8,,2019-01-18,5,2560,2,0,0,2,1,0,511,0,0,0,150,2,1,1,1,1,1,1,1,0,0,10,1,2,0,,17,,XX,,,,,,,0,,,,"-497020,673","-1139351,719","-497020,673","-1139351,719","-497021,956","-1139349,813",ValaöskÈMezi¯ÌËÌ,,,mÌstnÌkomunikace,,2747112,,Souhlasn˝sesmÏrem˙seku,Pomal˝,545058.0,,GN_V0.1UIR-ADR_410,1
151506190059,3,4868.0,2019-01-18,5,1415,1,2,0,1,1,2,501,0,0,2,2100,2,3,1,1,1,1,1,1,0,0,0,3,2,0,,3,39.0,06,1.0,0.0,1.0,0.0,1.0,3.0,800,2.0,1.0,1.0,"-485453,675","-1143527,961","-485453,675","-1143527,961","-485452,244","-1143528,583",,,,silnice3.t¯Ìdy,4868,3295607,,Souhlasn˝sesmÏrem˙seku,Pomal˝,544841.0,632198.0,GN_V0.1UIR-ADR_410,2
151506190060,1,35.0,2019-01-18,5,1905,1,4,0,2,1,9,503,0,0,0,1400,2,3,1,1,6,1,1,1,0,0,0,1,2,0,,3,47.0,06,1.0,0.0,3.0,1.0,1.0,1.0,500,3.0,5.0,1.0,"-498955,358","-1135446,169","-498955,358","-1135446,169","-498955,302","-1135446,045",,,,silnice1.t¯Ìdy,35,3321251,,Souhlasn˝sesmÏrem˙seku,Pomal˝,544302.0,,GN_V0.1UIR-ADR_410,2
151506190061,2,487.0,2019-01-19,6,835,1,4,0,2,1,2,204,0,0,0,1600,2,5,1,1,1,1,1,1,0,0,0,3,3,0,,3,39.0,18,3.0,1.0,1.0,0.0,1.0,1.0,1200,3.0,1.0,1.0,,,"-472603,808","-1153470,562","-472602,847","-1153471,776",VelkÈKarlovice,,,silnice2.t¯Ìdy,487,1174016,,Souhlasn˝sesmÏrem˙seku,Pomal˝,545163.0,,GN_V0.1UIR-ADR_410,1
151506190062,1,69.0,2019-01-19,6,940,1,4,0,2,1,7,503,0,0,0,700,2,1,1,1,1,1,1,1,0,0,0,3,2,0,,3,29.0,12,3.0,0.0,1.0,0.0,1.0,1.0,200,3.0,4.0,1.0,,,"-502159,415","-1160980,127","-502154,355","-1160983,945",,,,silnice1.t¯Ìdy,69,2379635,,Souhlasn˝sesmÏrem˙seku,Pomal˝,544396.0,,GN_V0.1UIR-ADR_410,2
151506190063,2,487.0,2019-01-19,6,1625,4,0,0,1,1,2,412,0,0,1,200,2,1,1,1,2,1,1,1,3,3,1,1,1,0,,3,39.0,10,1.0,0.0,1.0,0.0,1.0,1.0,200,3.0,1.0,1.0,"-485733,833","-1158242,909","-485733,833","-1158242,909","-485733,71","-1158243,17",Halenkov,,,silnice2.t¯Ìdy,487,3153856,,Souhlasn˝sesmÏrem˙seku,Pomal˝,542679.0,,GN_V0.1UIR-ADR_410,1
151506190064,2,487.0,2019-01-20,0,1400,7,2,0,2,1,2,402,0,0,0,2500,2,6,1,1,1,1,1,1,3,3,3,1,2,0,,3,17.0,08,1.0,0.0,1.0,0.0,1.0,1.0,1000,2.0,1.0,1.0,"-477579,408","-1155099,014","-477579,408","-1155099,014","-477578,773","-1155095,749",Karolinka,VsetÌnsk·,,silnice2.t¯Ìdy,487,781092,,OpaËn˝kesmÏru˙seku,Pomal˝,542911.0,671002.0,GN_V0.1UIR-ADR_410,1
151506190065,6,,2019-01-16,3,1060,4,0,0,1,1,0,502,0,0,1,0,2,1,1,1,1,1,1,1,0,0,0,1,1,0,,17,,XX,,,,,,,0,,,,-498949,"-1134544,807","-498981,05","-1134553,156","-498981,017","-1134553,459",Leön·,,,mÌstnÌkomunikace,,1168753,,Souhlasn˝sesmÏrem˙seku,Pomal˝,544302.0,,GN_V0.1UIR-ADR_410,1
151506190066,1,57.0,2019-01-21,1,1610,3,0,6,2,1,2,516,0,0,0,1200,2,1,1,1,1,1,1,1,0,0,5,3,1,0,,7,62.0,,9.0,0.0,1.0,0.0,1.0,3.0,0,3.0,1.0,1.0,"-492958,846","-1173006,52","-492930,567","-1172995,478","-492931,377","-1172994,536",HornÌLideË,,,silnice1.t¯Ìdy,57,1262705,,OpaËn˝kesmÏru˙seku,Pomal˝,542725.0,,GN_V0.1UIR-ADR_410,1
151506190067,1,35.0,2019-01-22,2,1435,1,4,0,1,1,2,503,0,0,1,1900,2,1,1,1,1,1,1,1,0,0,8,1,2,0,,7,19.0,06,9.0,0.0,1.0,0.0,1.0,3.0,1000,3.0,1.0,1.0,"-492877,764","-1140209,196","-492895,268","-1140185,768","-492895,134","-1140185,526",,,,silnice1.t¯Ìdy,35,3169720,,Souhlasn˝sesmÏrem˙seku,Pomal˝,545236.0,,GN_V0.1UIR-ADR_410,2
151506190068,3,5727.0,2019-01-22,2,1650,4,0,0,1,1,2,516,0,0,1,0,2,5,1,1,2,1,1,8,0,0,7,2,1,0,,8,78.0,02,3.0,0.0,1.0,0.0,1.0,1.0,0,4.0,1.0,1.0,"-495989,394","-1148317,389","-495997,205","-1148280,492","-495996,987","-1148280,458",R˘ûÔka,,,silnice3.t¯Ìdy,05727,1172477,,Souhlasn˝sesmÏrem˙seku,Pomal˝,544850.0,,GN_V0.1UIR-ADR_410,1
151506190069,3,4387.0,2019-01-19,6,1710,5,0,0,2,4,0,100,0,0,0,180,2,3,1,1,6,1,0,1,0,0,0,1,1,0,,3,32.0,08,1.0,0.0,1.0,0.0,1.0,3.0,150,3.0,1.0,1.0,,,"-508389,685","-1138462,263","-508391,499","-1138459,622",,,,silnice3.t¯Ìdy,4387,3192694,,Souhlasn˝sesmÏrem˙seku,Pomal˝,542989.0,,GN_V0.1UIR-ADR_410,2
151506190070,1,35.0,2019-01-20,0,355,5,0,0,2,4,0,100,0,0,0,80,2,1,1,1,6,1,1,1,0,0,0,1,1,0,,5,31.0,99,8.0,0.0,1.0,0.0,1.0,1.0,50,3.0,1.0,1.0,,,"-482182,002","-1141631,051","-482181,488","-1141633,799",,,,silnice1.t¯Ìdy,35,2749853,,OpaËn˝kesmÏru˙seku,Pomal˝,541800.0,,GN_V0.1UIR-ADR_410,2
151506190071,3,48715.0,2019-01-23,3,1155,1,2,0,2,1,2,502,0,0,0,1300,2,6,1,1,1,1,1,1,3,5,0,3,2,0,,5,3.0,08,2.0,0.0,1.0,0.0,1.0,1.0,100,4.0,1.0,1.0,"-471420,739","-1154436,248","-471255,664","-1154416,59","-471255,543","-1154416,58",VelkÈKarlovice,,,silnice3.t¯Ìdy,48715,3297300,,Souhlasn˝sesmÏrem˙seku,Pomal˝,545163.0,,GN_V0.1UIR-ADR_410,1
151506190072,6,,2019-01-23,3,1415,2,0,0,2,1,2,511,0,0,0,300,2,1,1,1,1,1,1,1,3,5,10,1,2,0,,3,39.0,03,1.0,0.0,1.0,0.0,1.0,5.0,100,2.0,1.0,1.0,"-485371,119","-1141516,735","-485371,119","-1141516,735","-485372,325","-1141528,089",RoûnovpodRadhoötÏm,Valaösk·,,mÌstnÌkomunikace,,589157,,Souhlasn˝sesmÏrem˙seku,Pomal˝,544841.0,632180.0,GN_V0.1UIR-ADR_410,1
151506190073,3,5743.0,2019-01-23,3,1935,3,0,3,2,1,2,204,0,0,0,1010,2,5,1,1,6,1,1,8,0,0,0,1,1,0,,3,39.0,09,3.0,1.0,1.0,0.0,1.0,3.0,1000,3.0,1.0,1.0,"-492647,798","-1168221,145","-492647,798","-1168221,145","-492647,847","-1168220,996",,,,silnice3.t¯Ìdy,05743,2140354,,Souhlasn˝sesmÏrem˙seku,Pomal˝,544370.0,,GN_V0.1UIR-ADR_410,2
151506190074,6,,2019-01-20,0,1800,1,4,0,1,2,0,505,0,0,1,10,2,1,1,1,4,1,1,1,3,3,0,5,2,10,6.0,13,0.0,,1.0,0.0,1.0,0.0,1.0,5.0,10,8.0,1.0,1.0,,,"-497038,785","-1140570,762","-497041,844","-1140571,582",ValaöskÈMezi¯ÌËÌ,PalackÈho,,mÌstnÌkomunikace,,1408946,,OpaËn˝kesmÏru˙seku,Pomal˝,545058.0,632856.0,GN_V0.1UIR-ADR_410,1
151506190075,3,487.0,2019-01-25,5,535,3,0,9,2,1,2,204,0,0,0,300,2,3,1,6,6,1,1,1,0,0,5,2,1,0,,3,17.0,06,1.0,1.0,1.0,0.0,1.0,1.0,200,2.0,1.0,1.0,"-499432,398","-1133407,371","-499432,398","-1133407,371","-499436,092","-1133408,185",,,,silnice3.t¯Ìdy,0487,1623022,,OpaËn˝kesmÏru˙seku,Pomal˝,544302.0,,GN_V0.1UIR-ADR_410,2
151506190076,1,35.0,2019-01-26,6,710,1,2,0,2,1,2,508,0,0,0,1800,2,3,1,1,2,1,1,1,3,3,0,5,2,19,6.0,3,99.0,03,1.0,0.0,1.0,0.0,1.0,23.0,300,2.0,1.0,1.0,"-480014,018","-1143761,725","-480042,835","-1143730,753","-480042,203","-1143730,16",DolnÌBeËva,,,silnice1.t¯Ìdy,35,1891629,,Souhlasn˝sesmÏrem˙seku,Pomal˝,541800.0,,GN_V0.1UIR-ADR_410,1
151506190077,3,43733.0,2019-01-26,6,1108,3,0,1,1,1,2,204,0,0,2,350,2,6,1,5,3,1,1,1,0,0,0,2,1,0,,3,39.0,06,1.0,1.0,1.0,0.0,1.0,3.0,350,2.0,1.0,1.0,"-502159,259","-1150190,219","-502126,132","-1150208,264","-502126,471","-1150208,718",,,,silnice3.t¯Ìdy,43733,3175108,,OpaËn˝kesmÏru˙seku,Pomal˝,542946.0,,GN_V0.1UIR-ADR_410,2
151506190078,3,5720.0,2019-01-26,6,1215,3,0,2,2,1,2,505,0,0,0,1050,2,3,1,5,3,1,1,1,0,0,0,1,1,0,,3,44.0,07,7.0,1.0,1.0,0.0,1.0,1.0,500,2.0,1.0,1.0,"-495008,23","-1139336,805","-495008,23","-1139336,805","-495011,473","-1139334,85",VALAäSK…MEZIÿÕ»Õ-KRHOV¡,HlavnÌ,,silnice3.t¯Ìdy,05720,583571,,Souhlasn˝sesmÏrem˙seku,Pomal˝,545058.0,,GN_V0.1UIR-ADR_410,1
151506190079,1,57.0,2019-01-26,6,1200,3,0,2,2,1,2,505,0,0,0,600,2,8,1,5,3,1,1,1,0,0,0,1,1,0,,3,13.0,02,1.0,0.0,1.0,0.0,1.0,1.0,500,2.0,1.0,1.0,,,"-496406,931","-1161072,796","-496417,838","-1161073,368",Leskovec,,,silnice1.t¯Ìdy,57,1262668,,OpaËn˝kesmÏru˙seku,Pomal˝,544264.0,,GN_V0.1UIR-ADR_410,1
151506190080,6,,2019-01-26,6,2560,3,0,9,2,1,0,505,0,0,0,50,2,3,1,1,1,1,1,3,0,0,0,3,1,0,,17,,XX,,,,,,,0,,,,"-499191,942","-1134810,368","-499191,942","-1134810,368","-499194,949","-1134813,149",Leön·,,,mÌstnÌkomunikace,,1168788,,Souhlasn˝sesmÏrem˙seku,Pomal˝,544302.0,,GN_V0.1UIR-ADR_410,1
151506190081,1,57.0,2019-01-27,0,1230,3,0,3,2,1,7,501,0,0,0,130,2,3,1,1,1,1,1,1,0,0,0,3,1,0,,3,39.0,07,1.0,0.0,1.0,0.0,1.0,1.0,100,2.0,4.0,1.0,"-496862,684","-1143289,292","-496862,684","-1143289,292","-496866,935","-1143289,195",,,,silnice1.t¯Ìdy,57,1496545,,OpaËn˝kesmÏru˙seku,Pomal˝,545058.0,,GN_V0.1UIR-ADR_410,2
151506190082,2,481.0,2019-01-27,0,2000,3,0,1,2,1,2,204,0,0,0,1100,2,5,1,6,6,3,1,1,0,0,0,3,1,0,,3,47.0,07,1.0,1.0,1.0,0.0,1.0,3.0,1100,3.0,1.0,1.0,"-476628,019","-1151078,04","-476628,019","-1151078,04","-476629,953","-1151078,456",,,,silnice2.t¯Ìdy,481,3060523,,Souhlasn˝sesmÏrem˙seku,Pomal˝,545163.0,,GN_V0.1UIR-ADR_410,2
151506190083,3,4867.0,2019-01-28,1,835,4,0,0,1,3,2,100,0,0,1,0,2,8,1,5,3,1,1,1,0,0,0,1,1,0,,8,59.0,02,3.0,0.0,1.0,0.0,1.0,3.0,0,4.0,1.0,1.0,"-484540,679","-1142497,843","-484540,679","-1142497,843","-484546,541","-1142498,47",RoûnovpodRadhoötÏm,N·draûnÌ,,silnice3.t¯Ìdy,4867,3369282,,Souhlasn˝sesmÏrem˙seku,Pomal˝,544841.0,631957.0,GN_V0.1UIR-ADR_410,1
151506190084,2,150.0,2019-01-28,1,1120,1,3,0,1,1,2,204,0,0,1,1250,2,8,1,5,3,1,0,1,0,0,0,3,2,0,,3,4.0,15,1.0,0.0,1.0,0.0,1.0,1.0,150,2.0,1.0,1.0,"-504142,331","-1141703,97","-504142,331","-1141703,97","-504142,84","-1141708,355",,,,silnice2.t¯Ìdy,150,1169927,,OpaËn˝kesmÏru˙seku,Pomal˝,544621.0,,GN_V0.1UIR-ADR_410,2
151506190085,6,,2019-01-28,1,1530,1,1,0,2,1,2,204,0,0,0,1500,2,6,1,1,1,1,1,1,0,0,0,1,2,0,,3,39.0,08,1.0,0.0,1.0,0.0,1.0,5.0,400,2.0,1.0,1.0,"-498227,474","-1135028,893","-498221,818","-1134946,211","-498220,749","-1134948,188",LEäN¡-VYSOK¡,,,mÌstnÌkomunikace,,1245401,,Souhlasn˝sesmÏrem˙seku,Pomal˝,544302.0,,GN_V0.1UIR-ADR_410,1
151506190086,1,35.0,2019-01-25,5,1800,5,0,0,2,4,0,100,0,0,0,100,2,3,1,1,4,1,1,1,0,0,0,3,1,0,,3,39.0,12,1.0,0.0,1.0,0.0,1.0,1.0,100,2.0,1.0,1.0,,,"-472626,063","-1147424,646","-472626,049","-1147424,792",HornÌBeËva,,,silnice1.t¯Ìdy,35,2747156,,OpaËn˝kesmÏru˙seku,Pomal˝,542687.0,,GN_V0.1UIR-ADR_410,1
151506190087,6,,2019-01-29,2,2560,2,0,0,2,1,0,511,0,0,0,100,2,6,8,1,1,1,1,1,0,0,10,3,2,0,,17,,XX,,,,,,,0,,,,"-496455,959","-1155270,338","-496455,959","-1155270,338","-496474,28","-1155300,177",VsetÌn,NaLapaËi,,mÌstnÌkomunikace,,780968,,OpaËn˝kesmÏru˙seku,Pomal˝,541630.0,,GN_V0.1UIR-ADR_410,1
151506190088,6,,2019-01-29,2,1345,1,4,0,2,1,2,503,0,0,0,200,2,3,1,1,1,1,1,1,3,3,2,7,2,10,6.0,3,39.0,97,1.0,0.0,1.0,0.0,1.0,5.0,0,2.0,1.0,1.0,,,"-496507,329","-1154843,818","-496507,476","-1154844,01",VsetÌn,Smetanova,,mÌstnÌkomunikace,,618187,,OpaËn˝kesmÏru˙seku,Pomal˝,541630.0,634069.0,GN_V0.1UIR-ADR_410,1
151506190089,6,,2019-01-30,3,860,3,0,2,2,1,0,508,0,0,0,100,2,5,1,1,1,1,1,1,3,5,0,3,1,0,,17,,XX,,,,,,,0,,,,"-497388,165","-1142920,525","-497388,165","-1142920,525","-497386,568","-1142920,325",Jarcov·,,,mÌstnÌkomunikace,,1170289,,OpaËn˝kesmÏru˙seku,Pomal˝,542903.0,,GN_V0.1UIR-ADR_410,1
151506190090,3,487800.0,2019-01-30,3,950,1,1,0,1,1,2,204,0,0,2,1000,2,5,1,1,1,1,1,1,0,0,0,3,2,0,,3,39.0,04,1.0,1.0,1.0,0.0,1.0,3.0,400,2.0,1.0,1.0,"-483994,743","-1156547,006","-483994,743","-1156547,006","-483995,85","-1156546,749",Halenkov,,,mÌstnÌkomunikace,4878a,3174517,,OpaËn˝kesmÏru˙seku,Pomal˝,542679.0,,GN_V0.1UIR-ADR_410,1