IDENTIFIKA»NÕ »ÕSLO,DRUH POZEMNÕ KOMUNIKACE,»ÕSLO POZEMNÕ KOMUNIKACE,"den, mÏsÌc, rok",,Ëas ,DRUH NEHODY,DRUH SR¡éKY JEDOUCÕCH VOZIDEL,DRUH PEVN… PÿEK¡éKY,CHARAKTER NEHODY,ZAVINÃNÕ NEHODY,ALKOHOL U VINÕKA NEHODY PÿÕTOMEN,HLAVNÕ PÿÕ»INY NEHODY,usmrceno osob,tÏûce zranÏno osob,lehce zranÏno osob,CELKOV¡ HMOTN¡ äKODA,DRUH POVRCHU VOZOVKY,STAV POVRCHU VOZOVKY V DOBÃ NEHODY,STAV KOMUNIKACE,POVÃTRNOSTNÕ PODMÕNKY V DOBÃ NEHODY,VIDITELNOST,ROZHLEDOV… POMÃRY,DÃLENÕ KOMUNIKACE,SITUOV¡NÕ NEHODY NA KOMUNIKACI,ÿÕZENÕ PROVOZU V DOBÃ NEHODY,MÕSTNÕ ⁄PRAVA PÿEDNOSTI V JÕZDÃ,SPECIFICK¡ MÕSTA A OBJEKTY V MÕSTÃ NEHODY,SMÃROV… POMÃRY,PO»ET Z⁄»ASTNÃN›CH VOZIDEL,MÕSTO DOPRAVNÕ NEHODY,DRUH KÿIéUJÕCÕ KOMUNIKACE,DRUH VOZIDLA,V›ROBNÕ ZNA»KA MOTOROV…HO VOZIDLA,ROK V›ROBY VOZIDLA,CHARAKTERISTIKA VOZIDLA ,SMYK,VOZIDLO PO NEHODÃ,"⁄NIK PROVOZNÕCH, PÿEPRAVOVAN›CH HMOT",ZPŸSOB VYPROäTÃNÕ OSOB Z VOZIDLA,SMÃR JÕZDY NEBO POSTAVENÕ VOZIDLA,äKODA NA VOZIDLE,KATEGORIE ÿIDI»E,STAV ÿIDI»E,VNÃJäÕ OVLIVNÃNÕ ÿIDI»E,nan.1,nan.2,nan.3,nan.4,nan.5,nan.6,nan.7,nan.8,nan.9,nan.10,nan.11,nan.12,nan.13,nan.14,nan.15,nan.16,nan.17,nan.18,LOKALITA NEHODY
151506190091,6,,2019-01-30,3,1040,1,2,0,2,1,2,310,0,0,0,1100,2,3,1,1,1,1,1,1,3,5,0,1,2,0,,4,7.0,05,2.0,0.0,1.0,0.0,1.0,5.0,300,2.0,1.0,1.0,"-495709,421","-1140402,88","-495697,84","-1140430,081","-495696,685","-1140430,056",ValaöskÈMezi¯ÌËÌ,éelezniËnÌhovojska,,mÌstnÌkomunikace,,825467,,OpaËn˝kesmÏru˙seku,Pomal˝,545058.0,709646.0,GN_V0.1UIR-ADR_410,1
151506190092,3,5735.0,2019-01-30,3,2110,5,0,0,2,4,0,100,0,0,0,330,2,6,1,1,6,1,1,1,0,0,0,1,1,0,,3,38.0,06,1.0,0.0,1.0,0.0,1.0,3.0,300,2.0,1.0,1.0,"-491518,525","-1147993,574","-491518,525","-1147993,574","-491511,594","-1147992,525",Mal·Byst¯ice,,,silnice3.t¯Ìdy,05735,1622645,,Souhlasn˝sesmÏrem˙seku,Pomal˝,544469.0,,GN_V0.1UIR-ADR_410,1
151506190093,8,,2019-01-30,3,2560,2,0,0,2,1,0,508,0,0,0,300,2,6,1,6,1,1,1,1,0,0,10,1,2,0,,17,,XX,,,,,,,0,,,,"-471571,241","-1148458,246","-471571,241","-1148458,246","-471602,239","-1148475,282",HornÌBeËva,,,mÌstnÌkomunikace,,1891437,,Souhlasn˝sesmÏrem˙seku,Pomal˝,542687.0,,GN_V0.1UIR-ADR_410,1
151506190094,6,,2019-01-31,4,2560,2,0,0,2,1,0,508,0,0,0,500,2,3,1,1,1,1,1,1,3,5,10,1,2,0,,17,,XX,,,,,,,0,,,,"-497050,991","-1154689,916","-497050,991","-1154689,916","-497060,875","-1154696,875",VsetÌn,Sadov·,,mÌstnÌkomunikace,,1750985,,OpaËn˝kesmÏru˙seku,Pomal˝,541630.0,634034.0,GN_V0.1UIR-ADR_410,1
151506190095,1,35.0,2019-01-31,4,1450,5,0,0,2,4,0,100,0,0,0,80,2,1,1,1,1,1,0,1,0,0,0,1,1,0,,3,32.0,01,1.0,0.0,1.0,0.0,1.0,1.0,50,2.0,1.0,1.0,,,"-487884,137","-1141869,12","-487884,8","-1141871,378",Zub¯Ì,,,silnice1.t¯Ìdy,35,1624014,,OpaËn˝kesmÏru˙seku,Pomal˝,545252.0,,GN_V0.1UIR-ADR_410,1
151506190096,6,,2019-01-21,1,2560,2,0,0,2,1,0,516,0,0,0,600,2,1,1,1,1,1,1,1,0,0,0,1,2,0,,17,,XX,,,,,,,0,,,,,,"-498977,672","-1149277,541","-498981,443","-1149272,486",Jabl˘nka,,,mÌstnÌkomunikace,,1172889,,Souhlasn˝sesmÏrem˙seku,Pomal˝,542865.0,,GN_V0.1UIR-ADR_410,1
160041191001,0,1.0,2019-01-01,2,2238,3,0,4,2,1,2,204,0,0,0,880,2,3,1,5,7,1,3,1,0,0,0,1,1,0,,3,26.0,09,1.0,1.0,0.0,0.0,1.0,3.0,800,2.0,1.0,1.0,"-680091,243","-1115406,6","-680091,243","-1115406,6","-680091,114","-1115405,101",,,,mÌstnÌkomunikace,,2586367,,Souhlasn˝sesmÏrem˙seku,Pomal˝,568678.0,,GN_V0.1UIR-ADR_410,2
160041191002,0,1.0,2019-01-02,3,945,3,0,9,2,1,2,204,0,0,0,1170,3,3,1,5,1,1,3,1,0,0,0,1,1,0,,3,7.0,09,1.0,1.0,1.0,0.0,1.0,3.0,1000,2.0,1.0,1.0,"-657983,627","-1129861,265","-657983,627","-1129861,265","-657987,433","-1129873,441",,,,d·lnice,D1,1364411,,Souhlasn˝sesmÏrem˙seku,Pomal˝,587826.0,,GN_V0.1UIR-ADR_410,2
160041191003,0,1.0,2019-01-02,3,1310,1,4,0,2,1,2,204,0,0,0,1810,3,5,1,5,3,1,3,1,0,0,0,1,2,0,,3,39.0,16,3.0,0.0,0.0,0.0,1.0,1.0,800,2.0,1.0,1.0,"-652727,7","-1130943,56","-652727,7","-1130943,56","-652724,866","-1130935,281",,,,d·lnice,D1,718651,,Souhlasn˝sesmÏrem˙seku,Pomal˝,587516.0,,GN_V0.1UIR-ADR_410,2
160041191004,0,1.0,2019-01-02,3,1552,1,4,0,2,1,2,204,0,0,0,3050,3,3,1,5,3,1,4,1,0,0,0,1,3,0,,3,4.0,11,9.0,0.0,1.0,0.0,1.0,1.0,800,2.0,1.0,1.0,"-645669,034","-1133840,93","-645669,034","-1133840,93","-645663,505","-1133831,855",,,,d·lnice,D1,1730489,,Souhlasn˝sesmÏrem˙seku,Pomal˝,596817.0,,GN_V0.1UIR-ADR_410,2
160041191005,0,1.0,2019-01-02,3,1610,3,0,4,2,1,2,204,0,0,0,450,3,3,1,5,7,1,3,1,0,0,0,1,1,0,,3,4.0,12,1.0,1.0,1.0,0.0,1.0,3.0,300,2.0,1.0,1.0,"-640800,202","-1136985,967","-640800,202","-1136985,967","-640804,263","-1136994,431",,,,d·lnice,D1,718795,,OpaËn˝kesmÏru˙seku,Pomal˝,597007.0,,GN_V0.1UIR-ADR_410,2
160041191006,0,1.0,2019-01-03,4,1120,0,0,0,2,1,2,204,0,0,0,1500,2,5,1,5,3,1,3,0,0,0,0,1,2,0,,5,26.0,,3.0,0.0,1.0,0.0,1.0,1.0,200,3.0,1.0,1.0,"-650222,804","-1131708,497","-650222,804","-1131708,497","-650220,799","-1131703,491",,,,d·lnice,D1,1493706,,Souhlasn˝sesmÏrem˙seku,Pomal˝,596116.0,,GN_V0.1UIR-ADR_410,2
160041191007,0,1.0,2019-01-03,4,1120,1,4,0,2,1,2,204,0,0,0,1350,3,3,1,5,3,1,1,1,0,5,0,1,2,0,,3,39.0,11,3.0,0.0,0.0,0.0,1.0,1.0,600,2.0,1.0,1.0,"-650233,878","-1131703,268","-650233,878","-1131703,268","-650232,092","-1131698,843",,,,d·lnice,D1,3070146,,Souhlasn˝sesmÏrem˙seku,Rychl˝,596116.0,,GN_V0.1UIR-ADR_410,2
160041191008,0,1.0,2019-01-04,5,1815,3,0,4,2,1,2,204,0,0,0,1850,3,6,1,5,7,1,3,1,0,0,0,1,2,0,,3,2.0,11,9.0,1.0,0.0,0.0,1.0,1.0,850,2.0,1.0,1.0,"-652834,826","-1130905,976","-652834,826","-1130905,976","-652832,273","-1130898,518",,,,d·lnice,D1,718651,,Souhlasn˝sesmÏrem˙seku,Pomal˝,587516.0,,GN_V0.1UIR-ADR_410,2
160041191009,0,1.0,2019-01-04,5,1855,9,0,0,2,6,0,100,0,0,0,20,2,3,11,5,7,1,3,1,0,0,0,1,1,0,,3,16.0,09,1.0,0.0,0.0,0.0,1.0,1.0,20,2.0,1.0,1.0,"-684269,26","-1113745,965","-684269,26","-1113745,965","-684267,425","-1113738,516",,,,d·lnice,D1,717341,,Souhlasn˝sesmÏrem˙seku,Pomal˝,561797.0,,GN_V0.1UIR-ADR_410,2
160041191010,0,1.0,2019-01-05,6,840,3,0,4,2,7,0,602,0,0,0,7500,2,3,1,5,1,1,3,1,0,0,0,1,1,0,,7,48.0,07,9.0,1.0,0.0,1.0,1.0,1.0,5000,3.0,1.0,1.0,"-656393,249","-1130200,965","-656393,249","-1130200,965","-656393,076","-1130199,943",,,,d·lnice,D1,1364437,,Souhlasn˝sesmÏrem˙seku,Pomal˝,588130.0,,GN_V0.1UIR-ADR_410,2
160041191011,0,1.0,2019-01-05,6,910,3,0,4,2,1,2,204,0,0,0,550,3,5,1,5,3,1,1,1,0,0,0,1,1,0,,3,47.0,04,9.0,1.0,1.0,1.0,1.0,3.0,400,2.0,1.0,1.0,"-652412,909","-1131042,299","-652412,909","-1131042,299","-652411,377","-1131037,012",,,,d·lnice,D1,718651,,Souhlasn˝sesmÏrem˙seku,Pomal˝,587516.0,,GN_V0.1UIR-ADR_410,2
160041191012,0,1.0,2019-01-05,6,840,9,0,0,2,1,2,204,0,0,0,1000,3,3,1,5,3,1,3,1,0,0,0,1,1,0,,3,2.0,09,1.0,1.0,1.0,0.0,1.0,3.0,800,2.0,1.0,1.0,"-639944,721","-1137267,757","-639944,721","-1137267,757","-639945,702","-1137272,938",,,,d·lnice,D1,718796,,OpaËn˝kesmÏru˙seku,Rychl˝,597007.0,,GN_V0.1UIR-ADR_410,2
160041191013,0,1.0,2019-01-06,0,1620,3,0,4,2,1,2,508,0,0,0,440,2,2,10,1,2,1,3,1,0,0,0,1,2,0,,3,39.0,06,3.0,0.0,0.0,0.0,1.0,1.0,300,2.0,1.0,1.0,"-685066,407","-1113370,596","-685066,407","-1113370,596","-685063,34","-1113366,654",,,,d·lnice,D1,1366291,,Souhlasn˝sesmÏrem˙seku,Pomal˝,561797.0,,GN_V0.1UIR-ADR_410,2
160041191014,0,1.0,2019-01-07,1,1825,0,0,0,2,6,0,100,0,0,0,60,2,3,6,4,7,1,3,1,0,0,0,1,1,0,,3,39.0,13,1.0,0.0,1.0,0.0,1.0,1.0,60,2.0,1.0,1.0,"-654863,019","-1130584,983","-654863,019","-1130584,983","-654862,699","-1130581,145",,,,d·lnice,D1,3070139,,Souhlasn˝sesmÏrem˙seku,Pomal˝,587346.0,,GN_V0.1UIR-ADR_410,2
160041191015,0,1.0,2019-01-08,2,630,1,2,0,2,1,0,403,0,0,0,250,3,5,1,5,5,1,1,1,3,3,0,1,2,0,,17,,XX,,,,,,,0,,,,"-654863,019","-1130584,983","-654863,019","-1130584,983","-654862,699","-1130581,145",,,,d·lnice,D1,3070139,,Souhlasn˝sesmÏrem˙seku,Pomal˝,587346.0,,GN_V0.1UIR-ADR_410,2
160041191016,2,353.0,2019-01-08,2,702,1,1,0,2,1,2,502,0,0,0,420,2,8,1,5,7,1,1,4,3,5,0,5,2,22,2.0,5,19.0,07,8.0,0.0,0.0,0.0,1.0,19.0,100,4.0,1.0,1.0,"-661653,819","-1127932,373","-661653,819","-1127932,373","-661652,276","-1127929,443",,,,d·lnice,D1,1626112,,Souhlasn˝sesmÏrem˙seku,Pomal˝,587249.0,,GN_V0.1UIR-ADR_410,2
160041191017,0,1.0,2019-01-08,2,619,3,0,9,2,1,0,508,0,0,0,400,3,3,1,5,5,1,3,1,0,0,0,1,1,0,,17,,XX,,,,,,,0,,,,"-654863,019","-1130584,983","-654863,019","-1130584,983","-654862,699","-1130581,145",,,,d·lnice,D1,3070139,,Souhlasn˝sesmÏrem˙seku,Pomal˝,587346.0,,GN_V0.1UIR-ADR_410,2
160041191018,6,,2019-01-08,2,1610,3,0,9,2,1,2,508,0,0,0,210,2,3,1,5,3,1,0,0,0,0,9,1,1,0,,6,48.0,18,3.0,0.0,1.0,0.0,1.0,5.0,0,4.0,1.0,1.0,"-670713,995","-1129999,84","-670713,995","-1129999,84","-670712,736","-1129998,188",JIHLAVA,éiûkova,,mÌstnÌkomunikace,,559293,,OpaËn˝kesmÏru˙seku,Pomal˝,586846.0,172511.0,GN_V0.1UIR-ADR_410,1
160041191019,0,1.0,2019-01-09,3,905,9,0,0,2,1,2,204,0,0,0,1130,2,5,1,5,3,1,1,1,0,0,0,3,1,0,,7,26.0,17,9.0,1.0,0.0,0.0,1.0,3.0,300,3.0,1.0,1.0,"-685674,175","-1112361,594","-685706,402","-1112378,782","-685706,574","-1112378,83",,,,d·lnice,D1,717304,,Souhlasn˝sesmÏrem˙seku,Pomal˝,547999.0,,GN_V0.1UIR-ADR_410,2
160041191020,0,1.0,2019-01-09,3,1320,1,2,0,2,1,0,508,0,0,0,1000,3,3,1,5,3,1,3,1,0,0,0,1,2,0,,17,,XX,,,,,,,0,,,,"-685792,469","-1112251,399","-685752,72","-1112243,342","-685752,251","-1112243,254",,,,d·lnice,D1,717302,,Souhlasn˝sesmÏrem˙seku,Pomal˝,547999.0,,GN_V0.1UIR-ADR_410,2
160041191021,0,1.0,2019-01-10,4,605,1,3,0,2,1,2,508,0,0,0,450,3,3,1,1,6,1,3,1,0,0,0,1,2,0,,7,40.0,13,9.0,0.0,0.0,0.0,1.0,3.0,450,3.0,1.0,1.0,"-685692,618","-1112237,456","-685692,618","-1112237,456","-685696,014","-1112238,165",,,,mÌstnÌkomunikace,,2586347,,Souhlasn˝sesmÏrem˙seku,Pomal˝,547999.0,379093.0,GN_V0.1UIR-ADR_410,2
160041191022,0,1.0,2019-01-12,6,310,1,2,0,2,1,0,511,0,0,0,200,2,8,1,5,6,1,5,1,0,0,0,1,2,0,,17,,XX,,,,,,,0,,,,"-684233,588","-1113767,008","-684233,588","-1113746,597","-684233,435","-1113745,873",,,,d·lnice,D1,717341,,Souhlasn˝sesmÏrem˙seku,Rychl˝,561797.0,,GN_V0.1UIR-ADR_410,2
160041191023,0,1.0,2019-01-12,6,825,9,0,0,2,7,0,613,0,0,0,900,3,3,1,1,1,1,3,1,0,0,0,1,1,0,,7,48.0,11,3.0,0.0,1.0,0.0,1.0,1.0,50,3.0,1.0,1.0,"-673556,706","-1119185,435","-673556,706","-1119185,435","-673564,648","-1119202,876",,,,d·lnice,D1,1419818,,Souhlasn˝sesmÏrem˙seku,Pomal˝,569593.0,,GN_V0.1UIR-ADR_410,2
160041191024,0,1.0,2019-01-13,0,1655,3,0,4,2,0,0,100,0,0,0,650,3,3,1,5,2,1,3,1,0,0,0,1,1,0,,3,17.0,15,9.0,0.0,0.0,0.0,1.0,3.0,500,3.0,0.0,1.0,"-659601,453","-1129428,293","-659601,453","-1129428,293","-659601,71","-1129428,979",,,,d·lnice,D1,1734894,,Souhlasn˝sesmÏrem˙seku,Pomal˝,587427.0,,GN_V0.1UIR-ADR_410,2
160041191025,0,1.0,2019-01-13,0,1735,1,4,0,2,1,2,204,0,0,0,4800,3,3,1,5,7,1,3,1,0,0,0,1,4,0,,3,26.0,14,3.0,0.0,0.0,0.0,1.0,3.0,2400,2.0,1.0,1.0,"-677968,531","-1115338,557","-677968,531","-1115338,557","-677968,68","-1115336,682",,,,d·lnice,D1,3070098,,Souhlasn˝sesmÏrem˙seku,Pomal˝,568678.0,,GN_V0.1UIR-ADR_410,2
160041191026,0,1.0,2019-01-13,0,1830,3,0,4,2,1,2,204,0,0,0,4200,2,3,1,4,6,1,3,1,0,0,0,1,1,0,,3,15.0,18,9.0,1.0,1.0,0.0,1.0,1.0,4000,2.0,1.0,1.0,"-652412,909","-1131042,299","-652412,909","-1131042,299","-652411,377","-1131037,012",,,,d·lnice,D1,718651,,Souhlasn˝sesmÏrem˙seku,Pomal˝,587516.0,,GN_V0.1UIR-ADR_410,2
160041191027,0,1.0,2019-01-14,1,1930,1,4,0,2,1,2,503,0,0,0,3000,3,6,1,5,5,1,3,1,0,0,0,1,2,0,,3,27.0,12,3.0,0.0,1.0,0.0,1.0,3.0,1500,2.0,1.0,1.0,"-671419,152","-1120308,836","-671419,152","-1120308,836","-671424,609","-1120323,777",,,,d·lnice,D1,1296997,,Souhlasn˝sesmÏrem˙seku,Pomal˝,550299.0,,GN_V0.1UIR-ADR_410,2
160041191028,0,1.0,2019-01-15,2,715,9,0,0,2,1,2,204,0,0,0,4100,3,3,1,5,2,0,3,1,0,0,0,1,1,0,,7,62.0,08,9.0,1.0,1.0,0.0,1.0,1.0,3000,3.0,1.0,1.0,"-649060,486","-1132179,532","-649060,486","-1132179,532","-649057,81","-1132172,89",,,,d·lnice,D1,1493710,,Souhlasn˝sesmÏrem˙seku,Pomal˝,596116.0,,GN_V0.1UIR-ADR_410,2
160041191029,0,1.0,2019-01-15,2,1925,2,0,0,2,1,2,502,0,0,0,280,2,3,1,3,4,1,0,0,0,0,0,1,2,0,,7,62.0,05,9.0,0.0,1.0,0.0,1.0,3.0,0,4.0,1.0,1.0,"-659592,972","-1129279,109","-659592,972","-1129279,109","-659587,979","-1129277,961",,,,mÌstnÌkomunikace,,1372068,,Souhlasn˝sesmÏrem˙seku,Pomal˝,587427.0,,GN_V0.1UIR-ADR_410,2
160041191030,2,602.0,2019-01-16,3,1045,1,4,0,2,1,2,503,0,0,0,400,2,1,1,1,1,1,1,1,0,0,0,1,2,0,,3,47.0,09,12.0,0.0,1.0,0.0,1.0,3.0,100,2.0,1.0,1.0,"-639041,049","-1138360,852","-639041,049","-1138360,852","-639041,344","-1138360,936",VELK…MEZIÿÕ»Õ,NOVOSADY,,silnice2.t¯Ìdy,602,1419379,,OpaËn˝kesmÏru˙seku,Pomal˝,597007.0,654540.0,GN_V0.1UIR-ADR_410,1
160041191031,6,,2019-01-17,4,1240,9,0,0,2,1,2,508,0,0,0,30,3,1,1,1,1,1,0,0,0,0,0,1,1,0,,7,40.0,17,3.0,0.0,1.0,0.0,1.0,5.0,0,4.0,1.0,1.0,"-680015,469","-1115470,356","-680015,469","-1115470,356","-680015,243","-1115464,037",,,,mÌstnÌkomunikace,,2694659,,Souhlasn˝sesmÏrem˙seku,Pomal˝,568678.0,,GN_V0.1UIR-ADR_410,2
160041191032,0,1.0,2019-01-17,4,2330,1,3,0,2,1,2,203,0,0,0,3500,2,1,1,1,6,1,1,1,0,5,0,1,2,0,,3,17.0,17,9.0,0.0,0.0,0.0,1.0,1.0,2500,3.0,1.0,1.0,"-695434,507","-1103753,1","-695434,507","-1103735,912","-695434,817","-1103736,348",,,,d·lnice,D1,1419786,,Souhlasn˝sesmÏrem˙seku,Pomal˝,547956.0,,GN_V0.1UIR-ADR_410,2
160041191033,0,1.0,2019-01-18,5,845,1,4,0,2,1,2,503,0,0,0,4000,2,3,1,1,1,1,5,1,0,0,0,1,2,0,,7,62.0,13,9.0,0.0,1.0,0.0,1.0,1.0,3000,3.0,1.0,1.0,"-689546,636","-1107862,095","-689546,636","-1107862,095","-689544,504","-1107860,013",,,,d·lnice,D1,1366198,,Souhlasn˝sesmÏrem˙seku,Pomal˝,548081.0,,GN_V0.1UIR-ADR_410,2
160041191034,0,1.0,2019-01-19,6,1025,2,0,0,1,1,2,201,0,0,1,2200,2,1,1,1,1,1,3,3,0,0,0,1,2,0,,7,48.0,17,3.0,0.0,1.0,0.0,1.0,1.0,800,3.0,1.0,1.0,"-682864,643","-1114080,76","-682864,643","-1114080,76","-682862,881","-1114075,693",,,,d·lnice,D1,717346,,Souhlasn˝sesmÏrem˙seku,Pomal˝,547999.0,,GN_V0.1UIR-ADR_410,2
160041191035,0,1.0,2019-01-18,5,1210,3,0,3,2,1,2,204,0,0,0,100,2,3,1,5,3,1,3,1,0,0,0,3,1,0,,7,40.0,16,1.0,1.0,1.0,0.0,1.0,1.0,0,3.0,1.0,1.0,"-647904,775","-1132569,566","-647904,775","-1132569,566","-647906,371","-1132571,163",,,,d·lnice,D1,1731322,,Souhlasn˝sesmÏrem˙seku,Pomal˝,596116.0,,GN_V0.1UIR-ADR_410,2
160041191036,0,1.0,2019-01-19,6,1010,1,2,0,2,1,0,502,0,0,0,200,2,1,1,1,1,1,3,1,0,0,0,1,2,0,,17,,XX,,,,,,,0,,,,"-652412,909","-1131042,299","-652412,909","-1131042,299","-652411,377","-1131037,012",,,,d·lnice,D1,718651,,Souhlasn˝sesmÏrem˙seku,Pomal˝,587346.0,,GN_V0.1UIR-ADR_410,2
160041191037,6,,2019-01-20,0,25,3,0,9,2,1,0,504,0,0,0,100,2,1,1,1,4,1,0,0,0,0,9,1,1,0,,17,,XX,,,,,,,0,,,,"-668312,245","-1123721,632","-668312,245","-1123721,632","-668304,301","-1123708,071",,,,mÌstnÌkomunikace,,3096361,,Souhlasn˝sesmÏrem˙seku,Pomal˝,586846.0,,GN_V0.1UIR-ADR_410,2
160041191038,0,1.0,2019-01-21,1,1355,0,0,0,2,1,0,203,0,0,0,100,3,1,1,1,1,1,3,1,0,0,0,1,2,0,,17,,XX,,,,,,,0,,,,"-659594,376","-1129426,566","-659594,376","-1129426,566","-659596,087","-1129431,133",,,,d·lnice,D1,1734894,,Souhlasn˝sesmÏrem˙seku,Pomal˝,587427.0,,GN_V0.1UIR-ADR_410,2
160041191039,0,1.0,2019-01-22,2,710,1,4,0,1,1,2,508,0,0,1,4000,2,1,1,1,2,1,4,1,0,0,0,1,2,0,,3,39.0,15,3.0,0.0,0.0,0.0,1.0,1.0,3000,2.0,1.0,1.0,"-634842,321","-1142025,869","-634842,321","-1142025,869","-634837,874","-1142023,293",,,,d·lnice,D1,1657162,,Souhlasn˝sesmÏrem˙seku,Pomal˝,595730.0,,GN_V0.1UIR-ADR_410,2
160041191040,0,1.0,2019-01-22,2,1400,2,0,0,2,1,2,205,0,0,0,2550,2,1,1,1,1,3,3,4,0,0,0,3,3,0,,3,32.0,17,3.0,1.0,1.0,1.0,1.0,3.0,1500,3.0,1.0,1.0,"-642045,82","-1136151,011","-642045,82","-1136151,011","-642048,692","-1136151,37",,,,d·lnice,D1,1419880,,OpaËn˝kesmÏru˙seku,Pomal˝,596019.0,,GN_V0.1UIR-ADR_410,2
160041191041,0,1.0,2019-01-23,3,1955,9,0,0,2,1,2,203,0,0,0,440,3,3,1,3,6,1,5,5,0,0,0,1,1,0,,6,26.0,03,9.0,0.0,1.0,0.0,1.0,1.0,0,3.0,1.0,1.0,"-692539,743","-1104467,168","-692539,743","-1104467,168","-692536,664","-1104458,272",,,,d·lnice,D1,716937,,Souhlasn˝sesmÏrem˙seku,Pomal˝,549126.0,,GN_V0.1UIR-ADR_410,2
160041191042,0,1.0,2019-01-24,4,1555,1,2,0,2,1,2,402,0,0,0,620,3,1,1,1,1,1,3,1,3,4,0,1,2,0,,3,26.0,12,9.0,0.0,0.0,0.0,1.0,3.0,500,2.0,1.0,1.0,"-680174,939","-1115399,011","-680174,939","-1115399,011","-680173,995","-1115401,061",,,,mÌstnÌkomunikace,,2586366,,Souhlasn˝sesmÏrem˙seku,Pomal˝,568678.0,,GN_V0.1UIR-ADR_410,2
160041191043,0,1.0,2019-01-25,5,1050,1,3,0,2,1,7,507,0,0,0,900,3,3,1,1,1,1,1,1,0,5,0,1,2,0,,3,7.0,08,1.0,0.0,3.0,0.0,1.0,1.0,500,3.0,4.0,1.0,"-644564,963","-1134561,945","-644541,251","-1134562,484","-644540,922","-1134561,977",,,,d·lnice,D1,1657157,,Souhlasn˝sesmÏrem˙seku,Pomal˝,596817.0,,GN_V0.1UIR-ADR_410,2
160041191044,0,1.0,2019-01-26,6,918,3,0,4,2,1,2,204,0,0,0,1250,3,8,1,5,3,1,3,1,0,0,0,1,1,0,,3,4.0,09,1.0,1.0,1.0,0.0,1.0,3.0,950,2.0,1.0,1.0,"-648051,33","-1132353,312","-648051,33","-1132353,312","-648050,226","-1132352,086",,,,d·lnice,D1,1731225,,Souhlasn˝sesmÏrem˙seku,Pomal˝,596116.0,,GN_V0.1UIR-ADR_410,2
160041191045,0,1.0,2019-01-26,6,1000,9,0,0,2,1,2,204,0,0,0,1400,3,5,1,5,3,1,3,1,0,0,0,1,1,0,,3,13.0,12,1.0,0.0,0.0,0.0,1.0,3.0,800,3.0,1.0,1.0,"-669042,146","-1122411,661","-669042,146","-1122411,661","-669049,08","-1122416,613",,,,d·lnice,D1,3096357,,Souhlasn˝sesmÏrem˙seku,Pomal˝,586846.0,,GN_V0.1UIR-ADR_410,2
160041191046,0,1.0,2019-01-26,6,1500,1,2,0,2,1,2,204,0,0,0,1000,3,8,12,5,3,1,3,1,0,0,0,1,2,0,,3,48.0,00,1.0,1.0,1.0,0.0,1.0,3.0,500,2.0,1.0,1.0,"-681570,617","-1114821,327","-681570,617","-1114821,327","-681577,951","-1114831,655",,,,d·lnice,D1,717360,,Souhlasn˝sesmÏrem˙seku,Pomal˝,568678.0,,GN_V0.1UIR-ADR_410,2
160041191047,0,1.0,2019-01-26,6,1500,9,0,0,2,1,2,204,0,0,0,1000,3,8,1,5,3,1,3,1,0,0,0,1,1,0,,3,8.0,17,9.0,0.0,0.0,0.0,1.0,3.0,800,3.0,1.0,1.0,"-648054,415","-1132355,301","-648054,415","-1132355,301","-648050,941","-1132351,442",,,,d·lnice,D1,1731225,,Souhlasn˝sesmÏrem˙seku,Pomal˝,587346.0,,GN_V0.1UIR-ADR_410,2
160706190001,2,112.0,2019-01-01,2,1545,3,0,1,1,1,2,204,0,0,1,200,2,3,1,4,1,1,1,1,0,0,0,2,1,0,,3,41.0,17,1.0,0.0,1.0,0.0,1.0,1.0,200,2.0,1.0,1.0,"-682991,578","-1150021,722","-682991,578","-1150021,722","-682991,408","-1150021,61",,,,silnice2.t¯Ìdy,112,3298085,,Souhlasn˝sesmÏrem˙seku,Pomal˝,588083.0,,GN_V0.1UIR-ADR_410,2
160706190002,8,,2019-01-02,3,815,5,0,0,2,4,0,100,0,0,0,200,2,6,1,5,3,1,1,1,0,0,0,1,1,0,,3,60.0,18,3.0,0.0,1.0,0.0,1.0,5.0,200,3.0,1.0,1.0,"-659528,63","-1133708,62","-659528,63","-1133708,62","-659530,182","-1133709,766",,,,mÌstnÌkomunikace,,2059450,,OpaËn˝kesmÏru˙seku,Pomal˝,587478.0,,GN_V0.1UIR-ADR_410,2
160706190003,6,,2019-01-01,2,2560,2,0,0,2,1,0,511,0,0,0,100,2,3,1,1,1,1,1,0,0,0,10,1,2,0,,17,,XX,,,,,,,0,,,,"-667813,756","-1126692,03","-667813,756","-1126692,03","-667812,256","-1126688,336",Jihlava,Heroltick·,,mÌstnÌkomunikace,,3099556,,,Pomal˝,586846.0,170631.0,GN_V0.1UIR-ADR_410,1
160706190004,2,407.0,2019-01-02,3,1520,1,1,0,1,1,2,204,0,0,3,1500,2,6,1,6,3,1,1,1,0,0,0,3,2,0,,3,39.0,02,1.0,1.0,1.0,0.0,1.0,3.0,300,2.0,1.0,1.0,"-671388,543","-1153298,347","-671388,543","-1153298,347","-671390,546","-1153297,773",,,,silnice2.t¯Ìdy,407,2697919,,OpaËn˝kesmÏru˙seku,Pomal˝,587923.0,,GN_V0.1UIR-ADR_410,2