IDENTIFIKA»NÕ »ÕSLO,DRUH POZEMNÕ KOMUNIKACE,»ÕSLO POZEMNÕ KOMUNIKACE,"den, mÏsÌc, rok",,Ëas ,DRUH NEHODY,DRUH SR¡éKY JEDOUCÕCH VOZIDEL,DRUH PEVN… PÿEK¡éKY,CHARAKTER NEHODY,ZAVINÃNÕ NEHODY,ALKOHOL U VINÕKA NEHODY PÿÕTOMEN,HLAVNÕ PÿÕ»INY NEHODY,usmrceno osob,tÏûce zranÏno osob,lehce zranÏno osob,CELKOV¡ HMOTN¡ äKODA,DRUH POVRCHU VOZOVKY,STAV POVRCHU VOZOVKY V DOBÃ NEHODY,STAV KOMUNIKACE,POVÃTRNOSTNÕ PODMÕNKY V DOBÃ NEHODY,VIDITELNOST,ROZHLEDOV… POMÃRY,DÃLENÕ KOMUNIKACE,SITUOV¡NÕ NEHODY NA KOMUNIKACI,ÿÕZENÕ PROVOZU V DOBÃ NEHODY,MÕSTNÕ ⁄PRAVA PÿEDNOSTI V JÕZDÃ,SPECIFICK¡ MÕSTA A OBJEKTY V MÕSTÃ NEHODY,SMÃROV… POMÃRY,PO»ET Z⁄»ASTNÃN›CH VOZIDEL,MÕSTO DOPRAVNÕ NEHODY,DRUH KÿIéUJÕCÕ KOMUNIKACE,DRUH VOZIDLA,V›ROBNÕ ZNA»KA MOTOROV…HO VOZIDLA,ROK V›ROBY VOZIDLA,CHARAKTERISTIKA VOZIDLA ,SMYK,VOZIDLO PO NEHODÃ,"⁄NIK PROVOZNÕCH, PÿEPRAVOVAN›CH HMOT",ZPŸSOB VYPROäTÃNÕ OSOB Z VOZIDLA,SMÃR JÕZDY NEBO POSTAVENÕ VOZIDLA,äKODA NA VOZIDLE,KATEGORIE ÿIDI»E,STAV ÿIDI»E,VNÃJäÕ OVLIVNÃNÕ ÿIDI»E,nan.1,nan.2,nan.3,nan.4,nan.5,nan.6,nan.7,nan.8,nan.9,nan.10,nan.11,nan.12,nan.13,nan.14,nan.15,nan.16,nan.17,nan.18,LOKALITA NEHODY
160706190005,6,,2019-01-03,4,1150,1,2,0,1,1,2,403,0,0,1,5800,2,6,1,5,3,1,1,1,3,3,0,5,2,10,6.0,3,47.0,11,1.0,0.0,1.0,0.0,1.0,5.0,800,2.0,1.0,1.0,"-667887,373","-1126447,817","-667897,043","-1126462,858","-667897,19","-1126462,829",Jihlava,P·vovsk·,,mÌstnÌkomunikace,,1418009,,OpaËn˝kesmÏru˙seku,Pomal˝,586846.0,172014.0,GN_V0.1UIR-ADR_410,1
160706190006,1,38.0,2019-01-03,4,1520,3,0,2,2,1,2,204,0,0,0,850,2,5,1,5,3,1,1,8,0,0,0,2,1,0,,3,17.0,13,1.0,1.0,1.0,0.0,1.0,1.0,800,2.0,1.0,1.0,"-670951,044","-1136782,914","-670951,044","-1136782,914","-670946,995","-1136784,322",VÌlanec,,,silnice1.t¯Ìdy,38,2869403,,Souhlasn˝sesmÏrem˙seku,Pomal˝,588156.0,,GN_V0.1UIR-ADR_410,1
160706190007,6,,2019-01-03,4,2560,2,0,0,2,1,0,506,0,0,0,900,2,5,1,5,5,1,1,1,0,0,0,1,2,0,,17,,XX,,,,,,,0,,,,"-668742,319","-1130800,761","-668742,319","-1130800,761","-668758,182","-1130809,896",Jihlava,HanyKvapilovÈ,,mÌstnÌkomunikace,,561951,,Souhlasn˝sesmÏrem˙seku,Pomal˝,586846.0,170585.0,GN_V0.1UIR-ADR_410,1
160706190008,2,351.0,2019-01-04,5,1045,1,2,0,2,1,2,502,0,0,0,150,2,3,1,1,1,1,1,1,0,0,0,1,2,0,,3,39.0,01,1.0,0.0,1.0,0.0,1.0,1.0,50,2.0,1.0,1.0,,,"-654549,878","-1136370,914","-654552,896","-1136370,988",,,,silnice2.t¯Ìdy,351,2059940,,OpaËn˝kesmÏru˙seku,Pomal˝,587346.0,,GN_V0.1UIR-ADR_410,2
160706190009,2,402.0,2019-01-04,5,1550,1,1,0,2,1,2,204,0,0,0,1300,2,6,1,5,3,1,1,1,0,0,0,1,2,0,,3,12.0,11,2.0,0.0,1.0,0.0,1.0,1.0,200,2.0,1.0,1.0,"-678873,232","-1140125,774","-678873,232","-1140125,774","-678872,556","-1140123,761",T¯eöù,HavlÌËkova,,silnice2.t¯Ìdy,402,585433,,Souhlasn˝sesmÏrem˙seku,Pomal˝,588032.0,174785.0,GN_V0.1UIR-ADR_410,1
160706190010,6,,2019-01-05,6,1060,2,0,0,2,1,0,508,0,0,0,20,2,8,1,5,1,1,1,1,0,0,0,1,2,0,,17,,XX,,,,,,,0,,,,"-678536,545","-1141236,712","-678532,785","-1141236,175","-678532,572","-1141236,273",T¯eöù,PalackÈho,,mÌstnÌkomunikace,,2870405,,Souhlasn˝sesmÏrem˙seku,Pomal˝,588032.0,,GN_V0.1UIR-ADR_410,1
160706190011,2,404.0,2019-01-05,6,1830,3,0,6,2,1,0,510,0,0,0,50,2,3,1,1,6,1,1,1,0,0,0,3,1,0,,3,31.0,09,1.0,0.0,2.0,0.0,1.0,3.0,50,7.0,1.0,1.0,"-664749,203","-1138961,143","-664749,203","-1138961,143","-664753,925","-1138961,12",,,,silnice2.t¯Ìdy,404,584002,,Souhlasn˝sesmÏrem˙seku,Pomal˝,586943.0,,GN_V0.1UIR-ADR_410,2
160706190012,6,,2019-01-06,0,1923,3,0,2,2,1,2,204,0,0,0,450,2,6,1,1,4,1,1,1,3,3,0,5,1,10,6.0,3,39.0,05,1.0,0.0,1.0,0.0,1.0,5.0,150,2.0,1.0,1.0,"-678855,063","-1141049,87","-678855,063","-1141049,87","-678854,734","-1141053,829",T¯eöù,JosefaHory,,mÌstnÌkomunikace,,588022,,OpaËn˝kesmÏru˙seku,Pomal˝,588032.0,174823.0,GN_V0.1UIR-ADR_410,1
160706190013,8,,2019-01-07,1,910,3,0,6,2,1,2,204,0,0,0,2900,2,6,1,6,3,1,1,1,0,0,0,3,1,0,,7,62.0,11,9.0,1.0,1.0,0.0,1.0,5.0,0,3.0,1.0,1.0,"-667113,531","-1123420,815","-667113,531","-1123420,815","-667113,518","-1123422,345",Jihlava,,,mÌstnÌkomunikace,,1417854,,Souhlasn˝sesmÏrem˙seku,Pomal˝,586846.0,,GN_V0.1UIR-ADR_410,1
160706190014,2,523.0,2019-01-07,1,1130,1,2,0,2,1,0,501,0,0,0,500,2,3,1,1,1,1,1,1,0,0,0,1,2,0,,17,,XX,,,,,,,0,,,,"-673304,591","-1125469,417","-673304,591","-1125469,417","-673305,073","-1125469,927",,,,silnice2.t¯Ìdy,523,2057792,,Souhlasn˝sesmÏrem˙seku,Pomal˝,550281.0,,GN_V0.1UIR-ADR_410,2
160706190015,6,,2019-01-07,1,1815,4,0,0,1,1,2,412,0,0,1,0,2,3,1,4,5,1,1,1,3,3,1,1,1,0,,3,60.0,10,1.0,0.0,1.0,0.0,1.0,5.0,0,2.0,1.0,1.0,"-668561,309","-1129158,928","-668561,309","-1129158,928","-668559,682","-1129153,07",Jihlava,OkruûnÌ,,mÌstnÌkomunikace,,1712699,,Souhlasn˝sesmÏrem˙seku,Pomal˝,586846.0,171794.0,GN_V0.1UIR-ADR_410,1
160706190016,6,,2019-01-08,2,1332,1,3,0,1,1,2,409,0,0,2,1850,2,3,1,1,1,1,1,1,3,5,0,4,2,10,7.0,9,0.0,11,2.0,0.0,1.0,0.0,1.0,5.0,100,2.0,1.0,1.0,"-667613,163","-1124245,643","-667613,163","-1124245,643","-667608,71","-1124246,385",JIHLAVA-P¡VOV,,,mÌstnÌkomunikace,,1417921,,OpaËn˝kesmÏru˙seku,Pomal˝,586846.0,,GN_V0.1UIR-ADR_410,1
160706190017,1,23.0,2019-01-08,2,1255,1,1,0,2,1,0,511,0,0,0,300,2,3,1,4,3,1,1,1,0,0,0,3,2,0,,17,,XX,,,,,,,0,,,,"-689133,234","-1150469,193","-689133,234","-1150469,193","-689131,965","-1150467,817",,,,silnice1.t¯Ìdy,23,1887405,,Souhlasn˝sesmÏrem˙seku,Pomal˝,587541.0,,GN_V0.1UIR-ADR_410,2
160706190018,6,,2019-01-08,2,1730,3,0,6,2,1,2,511,0,0,0,700,2,6,1,6,7,1,0,1,0,0,0,2,1,0,,3,48.0,15,3.0,1.0,1.0,0.0,1.0,5.0,600,3.0,1.0,1.0,"-667531,216","-1129456,82","-667537,929","-1129453,519","-667537,541","-1129453,346",Jihlava,LesnÌ,,mÌstnÌkomunikace,,1296794,,OpaËn˝kesmÏru˙seku,Pomal˝,586846.0,171042.0,GN_V0.1UIR-ADR_410,1
160706190019,1,38.0,2019-01-09,3,230,9,0,0,2,1,2,204,0,0,0,200,2,6,1,5,7,1,1,8,0,0,0,2,1,0,,3,44.0,04,9.0,1.0,1.0,0.0,1.0,1.0,200,2.0,1.0,1.0,"-668350,652","-1156378,947","-668351,726","-1156379,484","-668348,696","-1156378,759",,,,silnice1.t¯Ìdy,38,2063848,,Souhlasn˝sesmÏrem˙seku,Pomal˝,587991.0,,GN_V0.1UIR-ADR_410,2
160706190020,8,,2019-01-09,3,1018,3,0,4,2,1,2,204,0,0,0,800,2,5,1,5,1,1,1,1,0,0,0,1,1,0,,3,31.0,04,3.0,1.0,1.0,1.0,1.0,5.0,600,2.0,1.0,1.0,"-667061,297","-1125396,15","-667050,165","-1125400,897","-667050,2","-1125401,337",Jihlava,P·vovsk·,,mÌstnÌkomunikace,,1296830,,OpaËn˝kesmÏru˙seku,Pomal˝,586846.0,,GN_V0.1UIR-ADR_410,1
160706190021,2,134.0,2019-01-10,4,1415,9,0,0,2,1,2,510,0,0,0,6000,2,6,1,6,3,1,1,8,0,0,0,1,1,0,,7,26.0,12,3.0,1.0,0.0,0.0,1.0,1.0,1000,3.0,1.0,1.0,"-693206,959","-1145082,994","-693206,959","-1145082,994","-693210,633","-1145079,682",,,,silnice2.t¯Ìdy,134,3108167,,OpaËn˝kesmÏru˙seku,Pomal˝,587338.0,,GN_V0.1UIR-ADR_410,2
160706190022,2,602.0,2019-01-11,5,838,3,0,9,1,1,2,508,0,0,1,280,2,3,1,1,1,1,1,1,0,0,0,1,1,0,,3,39.0,98,1.0,0.0,1.0,0.0,1.0,1.0,150,2.0,2.0,1.0,"-671486,805","-1130035,407","-671486,805","-1130035,407","-671486,895","-1130033,834",,,,silnice2.t¯Ìdy,602,732704,,OpaËn˝kesmÏru˙seku,Pomal˝,586846.0,171701.0,GN_V0.1UIR-ADR_410,2
160706190023,3,1311.0,2019-01-11,5,1810,5,0,0,2,4,0,100,0,0,0,439,2,3,1,1,6,1,1,1,0,0,0,1,1,0,,3,29.0,,1.0,0.0,1.0,0.0,1.0,3.0,300,3.0,1.0,1.0,"-669605,853","-1126401,189","-669605,853","-1126401,189","-669609,954","-1126407,015",,,,silnice3.t¯Ìdy,1311,2698136,,Souhlasn˝sesmÏrem˙seku,Pomal˝,586846.0,171859.0,GN_V0.1UIR-ADR_410,2
160706190024,2,403.0,2019-01-12,6,1610,5,0,0,2,4,0,100,0,0,0,340,2,3,1,1,1,1,1,1,0,0,0,1,1,0,,3,39.0,14,1.0,0.0,1.0,0.0,1.0,3.0,200,3.0,1.0,1.0,"-677609,283","-1149853,234","-677609,283","-1149853,234","-677607,854","-1149854,211",,,,silnice2.t¯Ìdy,403,3108375,,Souhlasn˝sesmÏrem˙seku,Pomal˝,588270.0,,GN_V0.1UIR-ADR_410,2
160706190025,6,,2019-01-13,0,1815,2,0,0,2,1,0,502,0,0,0,400,2,6,1,5,5,1,1,1,3,5,0,1,2,0,,17,,XX,,,,,,,0,,,,"-668737,689","-1128224,417","-668728,527","-1128201,243","-668727,358","-1128201,442",Jihlava,Riegrova,,mÌstnÌkomunikace,,553107,,Souhlasn˝sesmÏrem˙seku,Pomal˝,586846.0,171735.0,GN_V0.1UIR-ADR_410,1
160706190026,3,4062.0,2019-01-14,1,820,9,0,0,2,1,2,204,0,0,0,850,2,6,1,7,1,1,1,1,0,0,0,3,1,0,,8,99.0,06,5.0,0.0,0.0,0.0,1.0,3.0,800,4.0,1.0,1.0,"-670409,071","-1130915,062","-670426,32","-1130909,671","-670420,16","-1130913,917",,,,silnice3.t¯Ìdy,4062,3472491,,Souhlasn˝sesmÏrem˙seku,Pomal˝,586846.0,172031.0,GN_V0.1UIR-ADR_410,2
160706190027,1,38.0,2019-01-14,1,955,1,4,0,1,1,2,503,0,0,1,3500,2,6,1,6,3,1,1,1,0,0,0,1,4,0,,3,39.0,10,3.0,1.0,0.0,0.0,1.0,1.0,1200,2.0,1.0,1.0,"-670371,952","-1147145,2","-670371,952","-1147145,2","-670377,175","-1147146,498",,,,silnice1.t¯Ìdy,38,2062188,,OpaËn˝kesmÏru˙seku,Pomal˝,587010.0,,GN_V0.1UIR-ADR_410,2
160706190028,2,353.0,2019-01-14,1,905,9,0,0,2,1,2,511,0,0,0,3400,2,6,1,6,1,1,1,1,0,0,0,1,1,0,,7,40.0,07,3.0,1.0,0.0,0.0,1.0,1.0,2500,3.0,1.0,1.0,"-655734,684","-1126286,962","-655740,612","-1126264,866","-655740,475","-1126265,432",,,,silnice2.t¯Ìdy,353,3109974,,OpaËn˝kesmÏru˙seku,Pomal˝,588253.0,,GN_V0.1UIR-ADR_410,2
160706190029,2,602.0,2019-01-14,1,1742,5,0,0,2,4,0,100,0,0,0,540,2,5,1,5,7,1,1,1,0,0,0,1,1,0,,3,39.0,17,3.0,0.0,1.0,0.0,1.0,1.0,400,2.0,1.0,1.0,"-678146,749","-1128947,824","-678146,749","-1128947,824","-678147,117","-1128948,007",,,,silnice2.t¯Ìdy,602,1656720,,OpaËn˝kesmÏru˙seku,Pomal˝,587222.0,,GN_V0.1UIR-ADR_410,2
160706190030,2,353.0,2019-01-15,2,700,9,0,0,2,1,2,510,0,0,0,2700,2,5,1,5,7,1,1,1,0,0,0,1,1,0,,7,26.0,14,3.0,0.0,1.0,0.0,1.0,3.0,1500,3.0,1.0,1.0,"-656476,123","-1126396,85","-656476,123","-1126396,85","-656476,459","-1126395,41",,,,silnice2.t¯Ìdy,353,2057989,,Souhlasn˝sesmÏrem˙seku,Pomal˝,588253.0,,GN_V0.1UIR-ADR_410,2
160706190031,2,405.0,2019-01-14,1,1645,1,2,0,2,1,0,502,0,0,0,300,2,3,1,5,2,1,1,1,0,0,0,1,2,0,,17,,XX,,,,,,,0,,,,,,"-668188,15","-1131609,526","-668188,597","-1131610,525",Jihlava,Brtnick·,,silnice2.t¯Ìdy,405,1886692,,OpaËn˝kesmÏru˙seku,Pomal˝,586846.0,170321.0,GN_V0.1UIR-ADR_410,1
160706190032,1,23.0,2019-01-14,1,1225,3,0,3,2,1,0,508,0,0,0,800,2,6,1,1,1,1,1,8,0,0,0,1,1,0,,17,,XX,,,,,,,0,,,,"-681004,759","-1152267,654","-681004,759","-1152267,654","-681008,177","-1152262,421",TelË,StaÚkova,,silnice1.t¯Ìdy,23,1894984,,Souhlasn˝sesmÏrem˙seku,Pomal˝,588024.0,174378.0,GN_V0.1UIR-ADR_410,1
160706190033,1,38.0,2019-01-15,2,1130,1,1,0,1,1,2,501,0,0,3,1600,2,8,1,5,3,1,1,1,0,0,0,1,2,0,,3,60.0,06,9.0,0.0,1.0,0.0,1.0,1.0,800,2.0,1.0,1.0,,,"-670513,13","-1146764,253","-670479,227","-1146755,229",,,,silnice1.t¯Ìdy,38,2062053,,Souhlasn˝sesmÏrem˙seku,Pomal˝,587010.0,,GN_V0.1UIR-ADR_410,2
160706190034,2,351.0,2019-01-15,2,1715,1,3,0,2,1,2,403,0,0,0,210,2,3,1,5,4,1,1,1,3,3,2,5,2,19,2.0,3,39.0,02,1.0,0.0,1.0,0.0,1.0,31.0,10,3.0,1.0,1.0,"-658670,702","-1121134,784","-658685,34","-1121144,696","-658685,22","-1121144,804",Poln·,Husovon·mÏstÌ,,silnice2.t¯Ìdy,351,1605534,,Souhlasn˝sesmÏrem˙seku,Pomal˝,587711.0,173304.0,GN_V0.1UIR-ADR_410,1
160706190035,6,,2019-01-15,2,2560,2,0,0,2,1,0,511,0,0,0,200,2,6,1,1,1,1,1,1,0,0,0,1,2,0,,17,,XX,,,,,,,0,,,,"-659501,593","-1120556,802","-659501,593","-1120556,802","-659504,59","-1120559,018",Poln·,Resslova,,mÌstnÌkomunikace,,1605514,,OpaËn˝kesmÏru˙seku,Pomal˝,587711.0,173525.0,GN_V0.1UIR-ADR_410,1
160706190036,2,523.0,2019-01-17,4,620,1,3,0,1,1,2,204,0,0,4,17100,2,6,1,6,7,1,1,1,0,0,0,2,3,0,,3,2.0,18,1.0,1.0,1.0,1.0,1.0,1.0,15000,2.0,1.0,1.0,"-671726,291","-1126950,758","-671726,291","-1126950,758","-671728,812",-1126952,,,,silnice2.t¯Ìdy,523,549596,,OpaËn˝kesmÏru˙seku,Pomal˝,586846.0,,GN_V0.1UIR-ADR_410,2
160706190037,2,407.0,2019-01-18,5,845,1,1,0,1,1,7,204,0,0,2,900,2,6,1,1,1,1,1,1,0,0,0,3,2,0,,3,39.0,10,1.0,1.0,1.0,0.0,1.0,1.0,100,2.0,4.0,1.0,"-672853,93","-1155934,146","-672853,93","-1155934,683","-672855,188","-1155934,353",,,,silnice2.t¯Ìdy,407,1492264,,OpaËn˝kesmÏru˙seku,Pomal˝,587923.0,,GN_V0.1UIR-ADR_410,2
160706190038,2,402.0,2019-01-18,5,1148,9,0,0,1,1,2,204,0,0,1,200,2,5,1,1,1,1,1,8,0,0,0,1,1,0,,3,32.0,05,1.0,1.0,1.0,0.0,1.0,1.0,200,2.0,1.0,1.0,"-675166,423","-1142017,646","-675166,423","-1142017,646","-675165,394","-1142013,67",,,,silnice2.t¯Ìdy,402,2060855,,Souhlasn˝sesmÏrem˙seku,Pomal˝,588032.0,,GN_V0.1UIR-ADR_410,2
160706190039,2,602.0,2019-01-18,5,1540,5,0,0,2,4,0,100,0,0,0,240,2,3,1,1,1,1,1,1,0,0,0,1,1,0,,3,44.0,04,1.0,0.0,1.0,0.0,1.0,1.0,100,2.0,1.0,1.0,"-660641,508","-1131326,347","-660641,508","-1131326,347","-660648,417","-1131330,624",,,,silnice2.t¯Ìdy,602,2059116,,OpaËn˝kesmÏru˙seku,Pomal˝,587427.0,,GN_V0.1UIR-ADR_410,2
160706190040,2,353.0,2019-01-18,5,2050,5,0,0,2,4,0,100,0,0,0,640,2,5,1,6,6,1,1,1,0,0,0,1,1,0,,3,26.0,12,1.0,0.0,0.0,0.0,1.0,3.0,500,3.0,1.0,1.0,"-651467,424","-1124869,115","-651467,424","-1124869,115","-651462,91","-1124870,504",,,,silnice2.t¯Ìdy,353,2057586,,Souhlasn˝sesmÏrem˙seku,Pomal˝,587915.0,,GN_V0.1UIR-ADR_410,2
160706190041,6,,2019-01-19,6,35,2,0,0,2,1,9,501,0,0,0,1600,2,3,1,1,4,1,1,1,0,0,0,1,4,0,,3,48.0,09,1.0,0.0,0.0,1.0,1.0,5.0,700,2.0,5.0,1.0,"-676545,541","-1133015,339","-676545,541","-1133015,339","-676544,033","-1133012,309",Kostelec,,,mÌstnÌkomunikace,,1155515,,Souhlasn˝sesmÏrem˙seku,Pomal˝,587401.0,,GN_V0.1UIR-ADR_410,1
160706190042,3,34819.0,2019-01-19,6,1305,1,1,0,1,1,2,204,0,0,1,1600,2,6,1,6,1,1,1,1,0,0,0,3,3,0,,3,39.0,01,1.0,1.0,1.0,0.0,1.0,3.0,300,2.0,1.0,1.0,"-664370,091","-1122562,259","-664370,091","-1122562,259","-664371,631","-1122560,369",,,,silnice3.t¯Ìdy,34819,2056931,,OpaËn˝kesmÏru˙seku,Pomal˝,587028.0,,GN_V0.1UIR-ADR_410,2
160706190043,2,602.0,2019-01-19,6,1420,5,0,0,2,4,0,100,0,0,0,636,2,1,1,1,1,1,1,1,0,0,0,3,1,0,,3,48.0,15,1.0,0.0,0.0,0.0,1.0,3.0,500,3.0,1.0,1.0,"-675434,457","-1130831,169","-675434,457","-1130831,169","-675444,807","-1130843,601",,,,silnice2.t¯Ìdy,602,2058973,,OpaËn˝kesmÏru˙seku,Pomal˝,586846.0,,GN_V0.1UIR-ADR_410,2
160706190044,3,4065.0,2019-01-19,6,1440,1,1,0,2,1,2,501,0,0,0,1300,2,5,1,1,1,1,1,1,0,0,0,3,2,0,,3,13.0,12,1.0,0.0,1.0,0.0,1.0,3.0,800,2.0,1.0,1.0,"-681892,115","-1141830,266","-681892,115","-1141830,266","-681892,395","-1141826,414",,,,silnice3.t¯Ìdy,4065,1605616,,OpaËn˝kesmÏru˙seku,Pomal˝,587818.0,,GN_V0.1UIR-ADR_410,2
160706190045,6,,2019-01-20,0,830,9,0,0,2,1,2,509,0,0,0,350,2,5,1,1,1,1,1,1,0,0,0,1,1,0,,3,13.0,02,1.0,0.0,1.0,0.0,1.0,5.0,200,9.0,,,"-665587,154","-1123311,407","-665587,154","-1123311,407","-665586,622","-1123321,889",St¯Ìteû,,,mÌstnÌkomunikace,,2870287,,OpaËn˝kesmÏru˙seku,Pomal˝,587958.0,,GN_V0.1UIR-ADR_410,1
160706190046,2,406.0,2019-01-20,0,2310,5,0,0,2,4,0,100,0,0,0,720,2,1,1,1,6,1,1,1,3,3,0,1,1,0,,3,4.0,16,1.0,0.0,0.0,0.0,1.0,3.0,600,2.0,1.0,1.0,"-669785,41","-1132459,51","-678113,182","-1137967,259","-678129,464","-1137969,118",,,,silnice2.t¯Ìdy,406,1605632,,OpaËn˝kesmÏru˙seku,Pomal˝,588032.0,,GN_V0.1UIR-ADR_410,2
160706190047,2,353.0,2019-01-21,1,850,9,0,0,2,1,2,510,0,0,0,2350,2,1,1,1,1,1,1,3,0,0,0,1,1,0,,7,40.0,18,3.0,0.0,0.0,0.0,1.0,3.0,1000,3.0,1.0,1.0,"-658255,626","-1126624,588","-658251,328","-1126613,308","-658251,394","-1126613,149",,,,silnice2.t¯Ìdy,353,3264736,,OpaËn˝kesmÏru˙seku,Pomal˝,587249.0,,GN_V0.1UIR-ADR_410,2
160706190048,1,23.0,2019-01-20,0,30,5,0,0,2,4,0,100,0,0,0,300,2,3,1,1,6,1,1,1,0,0,0,1,1,0,,3,47.0,18,1.0,0.0,1.0,0.0,1.0,1.0,300,2.0,1.0,1.0,"-658255,626","-1126624,588","-658252,403","-1126614,382","-658252,691","-1126613,684",,,,silnice2.t¯Ìdy,23,3264736,,OpaËn˝kesmÏru˙seku,Pomal˝,587249.0,,GN_V0.1UIR-ADR_410,2
160706190049,6,,2019-01-21,1,1445,1,4,0,2,1,2,503,0,0,0,150,2,1,1,1,1,1,4,1,0,0,0,1,2,0,,3,60.0,16,3.0,0.0,0.0,0.0,1.0,5.0,100,2.0,1.0,1.0,"-668899,649","-1129001,68","-668965,181","-1129005,44","-668965,882","-1129007,274",Jihlava,OkruûnÌ,,mÌstnÌkomunikace,,1417744,,Souhlasn˝sesmÏrem˙seku,Pomal˝,586846.0,171794.0,GN_V0.1UIR-ADR_410,1
160706190050,8,,2019-01-22,2,750,5,0,0,2,4,0,100,0,0,0,150,2,1,1,1,1,1,1,1,0,0,0,1,1,0,,3,32.0,02,1.0,0.0,1.0,0.0,1.0,5.0,150,2.0,1.0,1.0,"-667557,557","-1124019,051","-667557,557","-1124019,051","-667553,863","-1124020,19",,,,mÌstnÌkomunikace,,2055936,,OpaËn˝kesmÏru˙seku,Pomal˝,586846.0,,GN_V0.1UIR-ADR_410,2
160706190051,2,353.0,2019-01-23,3,405,5,0,0,2,4,0,100,0,0,0,341,2,1,1,1,6,1,1,1,0,0,0,1,1,0,,3,44.0,07,1.0,0.0,1.0,0.0,1.0,1.0,200,3.0,1.0,1.0,"-654551,63","-1125742,445","-654551,63","-1125742,445","-654552,74","-1125739,226",,,,silnice2.t¯Ìdy,353,2057786,,Souhlasn˝sesmÏrem˙seku,Pomal˝,588253.0,,GN_V0.1UIR-ADR_410,2
160706190052,2,406.0,2019-01-23,3,550,5,0,0,2,4,0,100,0,0,0,300,2,1,1,1,6,1,1,1,0,0,0,1,1,0,,3,13.0,05,1.0,0.0,1.0,0.0,1.0,3.0,300,2.0,1.0,1.0,"-682227,294","-1154325,92","-682227,294","-1154325,92","-682231,186","-1154325,42",,,,silnice2.t¯Ìdy,406,2063531,,OpaËn˝kesmÏru˙seku,Pomal˝,588024.0,,GN_V0.1UIR-ADR_410,2
160706190053,2,402.0,2019-01-23,3,710,5,0,0,2,4,0,100,0,0,0,290,2,1,1,1,2,1,1,1,0,0,0,1,1,0,,3,39.0,06,1.0,0.0,1.0,0.0,1.0,1.0,150,2.0,1.0,1.0,"-682140,686","-1138430,363","-682140,686","-1138430,363","-682145,076","-1138435,278",,,,silnice2.t¯Ìdy,402,2060260,,OpaËn˝kesmÏru˙seku,Pomal˝,586862.0,,GN_V0.1UIR-ADR_410,2
160706190054,2,112.0,2019-01-18,5,1300,5,0,0,2,4,0,100,0,0,0,450,2,1,1,1,1,1,1,1,0,0,0,1,1,0,,7,10.0,17,1.0,0.0,1.0,0.0,1.0,3.0,450,3.0,1.0,1.0,"-672046,579","-1132866,383","-685199,059","-1145370,044","-685214,113","-1145376,056",,,,silnice2.t¯Ìdy,112,1167866,,OpaËn˝kesmÏru˙seku,Pomal˝,587851.0,,GN_V0.1UIR-ADR_410,2
160706190055,2,406.0,2019-01-23,3,1715,1,1,0,1,1,2,205,0,0,3,550,2,3,1,5,2,1,1,1,0,0,0,3,2,0,,3,31.0,12,1.0,1.0,1.0,1.0,1.0,3.0,300,2.0,1.0,1.0,"-677897,126","-1136804,23","-677897,126","-1136804,23","-677897,085","-1136804,256",,,,silnice2.t¯Ìdy,406,3259161,,OpaËn˝kesmÏru˙seku,Pomal˝,587273.0,,GN_V0.1UIR-ADR_410,2
160706190056,2,639.0,2019-01-23,3,1730,5,0,0,2,4,0,100,0,0,0,640,2,3,1,1,4,1,1,1,0,0,0,1,1,0,,3,39.0,09,9.0,0.0,0.0,0.0,1.0,1.0,500,2.0,1.0,1.0,"-687130,681","-1136530,362","-687130,681","-1136530,362","-687131,733","-1136532,527",,,,silnice2.t¯Ìdy,639,1955283,,OpaËn˝kesmÏru˙seku,Pomal˝,547913.0,,GN_V0.1UIR-ADR_410,2
160706190057,6,,2019-01-18,5,1549,2,0,0,2,1,0,504,0,0,0,200,1,1,1,1,1,1,1,1,0,0,0,1,2,0,,3,47.0,98,1.0,0.0,1.0,0.0,1.0,5.0,0,9.0,,,"-681974,942","-1152183,201","-681974,942","-1152183,201","-681973,375","-1152180,364",TelË,n·mÏstÌZachari·öezHradce,,mÌstnÌkomunikace,,610862,,,Pomal˝,588024.0,174271.0,GN_V0.1UIR-ADR_410,1
160706190058,2,639.0,2019-01-23,3,2235,5,0,0,2,4,0,100,0,0,0,240,2,3,1,1,6,1,1,1,0,0,0,1,1,0,,3,32.0,10,1.0,0.0,0.0,0.0,1.0,1.0,100,3.0,1.0,1.0,"-682218,886","-1136452,304","-682218,886","-1136452,304","-682219,633","-1136451,462",,,,silnice2.t¯Ìdy,639,2059906,,OpaËn˝kesmÏru˙seku,Pomal˝,587044.0,,GN_V0.1UIR-ADR_410,2