IDENTIFIKA»NÕ »ÕSLO,DRUH POZEMNÕ KOMUNIKACE,»ÕSLO POZEMNÕ KOMUNIKACE,"den, mÏsÌc, rok",,Ëas ,DRUH NEHODY,DRUH SR¡éKY JEDOUCÕCH VOZIDEL,DRUH PEVN… PÿEK¡éKY,CHARAKTER NEHODY,ZAVINÃNÕ NEHODY,ALKOHOL U VINÕKA NEHODY PÿÕTOMEN,HLAVNÕ PÿÕ»INY NEHODY,usmrceno osob,tÏûce zranÏno osob,lehce zranÏno osob,CELKOV¡ HMOTN¡ äKODA,DRUH POVRCHU VOZOVKY,STAV POVRCHU VOZOVKY V DOBÃ NEHODY,STAV KOMUNIKACE,POVÃTRNOSTNÕ PODMÕNKY V DOBÃ NEHODY,VIDITELNOST,ROZHLEDOV… POMÃRY,DÃLENÕ KOMUNIKACE,SITUOV¡NÕ NEHODY NA KOMUNIKACI,ÿÕZENÕ PROVOZU V DOBÃ NEHODY,MÕSTNÕ ⁄PRAVA PÿEDNOSTI V JÕZDÃ,SPECIFICK¡ MÕSTA A OBJEKTY V MÕSTÃ NEHODY,SMÃROV… POMÃRY,PO»ET Z⁄»ASTNÃN›CH VOZIDEL,MÕSTO DOPRAVNÕ NEHODY,DRUH KÿIéUJÕCÕ KOMUNIKACE,DRUH VOZIDLA,V›ROBNÕ ZNA»KA MOTOROV…HO VOZIDLA,ROK V›ROBY VOZIDLA,CHARAKTERISTIKA VOZIDLA ,SMYK,VOZIDLO PO NEHODÃ,"⁄NIK PROVOZNÕCH, PÿEPRAVOVAN›CH HMOT",ZPŸSOB VYPROäTÃNÕ OSOB Z VOZIDLA,SMÃR JÕZDY NEBO POSTAVENÕ VOZIDLA,äKODA NA VOZIDLE,KATEGORIE ÿIDI»E,STAV ÿIDI»E,VNÃJäÕ OVLIVNÃNÕ ÿIDI»E,nan.1,nan.2,nan.3,nan.4,nan.5,nan.6,nan.7,nan.8,nan.9,nan.10,nan.11,nan.12,nan.13,nan.14,nan.15,nan.16,nan.17,nan.18,LOKALITA NEHODY
160706190059,6,,2019-01-24,4,705,1,4,0,1,1,2,503,0,0,1,70,2,1,1,1,2,1,4,1,0,0,0,1,2,0,,5,10.0,02,3.0,0.0,1.0,0.0,1.0,5.0,50,3.0,1.0,1.0,"-668900,175","-1129017,412","-668900,175","-1129017,412","-668901,684","-1129021,994",Jihlava,OkruûnÌ,,mÌstnÌkomunikace,,1417752,,Souhlasn˝sesmÏrem˙seku,Pomal˝,586846.0,171794.0,GN_V0.1UIR-ADR_410,1
160706190060,2,348.0,2019-01-23,3,330,5,0,0,2,4,0,100,0,0,0,241,2,1,1,1,6,1,1,1,0,0,0,1,1,0,,5,13.0,07,1.0,0.0,1.0,0.0,1.0,1.0,100,2.0,1.0,1.0,"-656423,8","-1121616,411","-656423,8","-1121616,411","-656423,774","-1121616,098",Z·born·,,,silnice2.t¯Ìdy,348,2056719,,OpaËn˝kesmÏru˙seku,Pomal˝,588202.0,,GN_V0.1UIR-ADR_410,1
160706190061,2,602.0,2019-01-24,4,1800,5,0,0,2,4,0,100,0,0,0,300,2,3,1,1,6,1,1,1,0,0,0,2,1,0,,5,44.0,11,3.0,0.0,1.0,0.0,1.0,3.0,300,2.0,1.0,1.0,"-679456,186","-1127431,893","-679456,186","-1127431,893","-679456,804","-1127434,284",,,,silnice2.t¯Ìdy,602,3275598,,OpaËn˝kesmÏru˙seku,Pomal˝,587095.0,,GN_V0.1UIR-ADR_410,2
160706190062,2,406.0,2019-01-25,5,305,5,0,0,2,4,0,100,0,0,0,235,2,3,1,1,6,1,1,1,0,0,0,1,1,0,,3,39.0,13,1.0,0.0,1.0,0.0,1.0,1.0,50,3.0,1.0,1.0,"-680643,933","-1147359,706","-680643,933","-1147359,706","-680641,994","-1147362,154",TelË,,,silnice2.t¯Ìdy,406,2698645,,Souhlasn˝sesmÏrem˙seku,Pomal˝,588024.0,,GN_V0.1UIR-ADR_410,1
160706190063,6,,2019-01-25,5,1060,2,0,0,2,1,0,508,0,0,0,300,1,3,1,1,1,1,0,1,0,0,0,1,2,0,,17,,XX,,,,,,,0,,,,"-669264,4","-1130271,378","-669264,4","-1130271,378","-669259,194","-1130269,85",Jihlava,MrötÌkova,,mÌstnÌkomunikace,,560223,,Souhlasn˝sesmÏrem˙seku,Pomal˝,586846.0,171212.0,GN_V0.1UIR-ADR_410,1
160706190064,1,23.0,2019-01-25,5,1740,5,0,0,2,4,0,100,0,0,0,300,2,1,1,1,6,1,1,1,0,0,0,3,1,0,,3,31.0,14,1.0,0.0,1.0,0.0,1.0,1.0,300,3.0,1.0,1.0,"-685669,826","-1152320,632","-685673,586","-1152306,666","-685673,667","-1152306,439",,,,silnice1.t¯Ìdy,23,2063150,,Souhlasn˝sesmÏrem˙seku,Pomal˝,587435.0,,GN_V0.1UIR-ADR_410,2
160706190065,2,406.0,2019-01-25,5,2335,5,0,0,2,4,0,100,0,0,0,390,2,3,1,1,6,1,1,1,0,0,0,1,1,0,,3,48.0,18,1.0,0.0,1.0,0.0,1.0,1.0,250,2.0,1.0,1.0,"-678124,864","-1137976,34","-678124,864","-1137976,34","-678128,591","-1137976,765",,,,silnice2.t¯Ìdy,406,1605632,,OpaËn˝kesmÏru˙seku,Pomal˝,588032.0,,GN_V0.1UIR-ADR_410,2
160706190066,6,,2019-01-26,6,2560,2,0,0,2,1,0,511,0,0,0,10,2,6,1,5,1,1,1,1,0,0,10,1,2,0,,17,,XX,,,,,,,0,,,,"-669203,586","-1129295,491","-669203,586","-1129295,491","-669205,412","-1129294,235",Jihlava,⁄voz,,mÌstnÌkomunikace,,556969,,Souhlasn˝sesmÏrem˙seku,Pomal˝,586846.0,172359.0,GN_V0.1UIR-ADR_410,1
160706190067,6,,2019-01-26,6,1840,3,0,2,1,1,2,204,0,0,3,950,2,3,1,5,5,1,1,1,0,0,1,1,1,0,,3,39.0,98,1.0,1.0,0.0,0.0,1.0,5.0,600,2.0,1.0,1.0,"-670844,999","-1128630,239","-670843,387","-1128579,209","-670843,577","-1128582,329",Jihlava,S.K.Neumanna,,mÌstnÌkomunikace,,554444,,OpaËn˝kesmÏru˙seku,Pomal˝,586846.0,171778.0,GN_V0.1UIR-ADR_410,1
160706190068,2,405.0,2019-01-26,6,2030,3,0,1,2,1,2,204,0,0,0,500,2,3,1,5,7,1,2,8,0,0,0,3,1,0,,3,26.0,98,1.0,1.0,0.0,0.0,1.0,3.0,400,2.0,1.0,1.0,"-667851,755","-1132479,118","-667851,755","-1132479,118","-667853,487","-1132479,953",,,,silnice2.t¯Ìdy,405,1418627,,Souhlasn˝sesmÏrem˙seku,Pomal˝,587745.0,,GN_V0.1UIR-ADR_410,2
160706190069,2,351.0,2019-01-27,0,435,3,0,1,1,1,9,204,0,0,1,600,2,3,1,2,7,1,1,1,0,0,0,1,1,0,,3,39.0,98,1.0,1.0,0.0,0.0,1.0,3.0,600,2.0,5.0,1.0,"-657918,31","-1118561,225","-657918,31","-1118561,225","-657920,667","-1118560,563",,,,silnice2.t¯Ìdy,351,3264998,,OpaËn˝kesmÏru˙seku,Pomal˝,586951.0,,GN_V0.1UIR-ADR_410,2
160706190070,1,38.0,2019-01-27,0,1730,5,0,0,2,4,0,100,0,0,0,391,2,3,1,6,6,1,1,1,0,0,0,1,1,0,,3,39.0,00,1.0,0.0,0.0,0.0,1.0,1.0,250,3.0,1.0,1.0,"-668690,355","-1154930,358","-668690,355","-1154930,358","-668695,018","-1154931,499",,,,silnice1.t¯Ìdy,38,2696833,,OpaËn˝kesmÏru˙seku,Pomal˝,587494.0,,GN_V0.1UIR-ADR_410,2
160706190071,2,352.0,2019-01-28,1,950,1,1,0,2,1,2,204,0,0,0,350,2,6,1,6,3,1,1,1,0,0,0,3,2,0,,5,43.0,06,3.0,1.0,1.0,0.0,1.0,1.0,100,3.0,1.0,1.0,"-656344,729","-1119088,582","-656344,729","-1119088,582","-656345,556","-1119088,151",Poln·,,,silnice2.t¯Ìdy,352,521076,,Souhlasn˝sesmÏrem˙seku,Pomal˝,587711.0,,GN_V0.1UIR-ADR_410,1
160706190072,3,11262.0,2019-01-28,1,1203,1,2,0,2,1,2,204,0,0,0,2600,2,6,1,6,3,1,1,1,0,0,0,3,2,0,,3,39.0,98,1.0,1.0,1.0,0.0,1.0,3.0,100,2.0,1.0,1.0,"-681290,306","-1145425,853","-681279,026","-1145433,91","-681279,108","-1145433,727",T¯eötice,,,silnice3.t¯Ìdy,11262,1159558,,Souhlasn˝sesmÏrem˙seku,Pomal˝,588041.0,,GN_V0.1UIR-ADR_410,1
160706190073,1,38.0,2019-01-28,1,1825,3,0,9,2,6,0,100,0,0,0,450,2,3,9,1,6,1,1,1,0,0,0,1,1,0,,7,48.0,17,9.0,0.0,1.0,1.0,1.0,3.0,400,3.0,1.0,1.0,"-670119,135","-1128625,962","-670149,214","-1128644,225","-670148,741","-1128644,8",,,,silnice1.t¯Ìdy,38,732819,,Souhlasn˝sesmÏrem˙seku,Pomal˝,586846.0,170755.0,GN_V0.1UIR-ADR_410,2
160706190074,1,38.0,2019-01-29,2,655,5,0,0,2,4,0,100,0,0,0,345,2,3,1,1,6,1,2,1,0,0,0,1,1,0,,5,12.0,11,3.0,0.0,1.0,1.0,1.0,3.0,200,3.0,1.0,1.0,"-666846,8","-1123880,838","-666846,8","-1123880,838","-666847,221","-1123880,808",,,,silnice1.t¯Ìdy,38,1494084,,OpaËn˝kesmÏru˙seku,Pomal˝,586846.0,,GN_V0.1UIR-ADR_410,2
160706190075,2,351.0,2019-01-30,3,1100,3,0,2,2,1,2,504,0,0,0,155,1,6,1,1,1,1,0,0,0,0,10,1,1,0,,3,39.0,06,12.0,0.0,0.0,0.0,1.0,1.0,150,2.0,1.0,1.0,"-658669,719","-1121084,051","-658669,719","-1121084,051","-658663,402","-1121085,374",Poln·,HavlÌËkova,,silnice2.t¯Ìdy,351,2697178,,Souhlasn˝sesmÏrem˙seku,Pomal˝,587711.0,173291.0,GN_V0.1UIR-ADR_410,1
160706190076,6,,2019-01-30,3,1130,3,0,2,2,1,2,504,0,0,0,150,2,1,1,1,1,1,0,3,0,0,1,1,1,0,,3,5.0,12,1.0,0.0,1.0,0.0,1.0,5.0,0,4.0,1.0,1.0,"-669224,302","-1130230,329","-669202,817","-1130257,723","-669202,575","-1130258,353",Jihlava,éidovsk·,,mÌstnÌkomunikace,,560165,,,Pomal˝,586846.0,170313.0,GN_V0.1UIR-ADR_410,1
160706190077,2,406.0,2019-01-31,4,2,5,0,0,2,4,0,100,0,0,0,205,2,1,1,1,6,1,1,1,0,0,0,1,1,0,,3,39.0,98,1.0,0.0,1.0,0.0,1.0,1.0,100,3.0,1.0,1.0,"-682306,048","-1154606,301","-682306,048","-1154606,301","-682304,066","-1154607,065",,,,silnice2.t¯Ìdy,406,2063567,,Souhlasn˝sesmÏrem˙seku,Pomal˝,588024.0,,GN_V0.1UIR-ADR_410,2
160706190078,6,,2019-01-31,4,910,3,0,9,2,1,2,508,0,0,0,400,2,6,1,6,1,1,0,1,0,0,0,1,1,0,,5,35.0,05,3.0,0.0,1.0,0.0,1.0,5.0,200,3.0,1.0,1.0,"-669210,408","-1133812,732","-669210,408","-1133812,732","-669212,526","-1133816,343",,,,mÌstnÌkomunikace,,1733193,,OpaËn˝kesmÏru˙seku,Pomal˝,587176.0,,GN_V0.1UIR-ADR_410,2
160706190079,2,602.0,2019-01-31,4,1510,1,2,0,1,1,2,403,0,0,1,250,2,3,1,1,1,1,1,1,3,3,0,5,2,19,2.0,5,62.0,07,2.0,0.0,0.0,0.0,1.0,21.0,50,3.0,1.0,1.0,"-671330,039","-1130026,555","-671330,039","-1130026,555","-671330,036","-1130026,375",,,,silnice2.t¯Ìdy,602,1380057,,Souhlasn˝sesmÏrem˙seku,Pomal˝,586846.0,172511.0,GN_V0.1UIR-ADR_410,2
160706190080,6,,2019-01-31,4,1750,6,0,0,2,4,0,100,0,0,0,30,2,1,1,1,4,1,1,1,0,0,1,1,1,0,,3,39.0,00,1.0,0.0,0.0,0.0,1.0,5.0,30,2.0,1.0,1.0,,,"-669241,911","-1129205,603","-669242,244","-1129205,663",Jihlava,HavlÌËkova,,mÌstnÌkomunikace,,740258,,OpaËn˝kesmÏru˙seku,Pomal˝,586846.0,170593.0,GN_V0.1UIR-ADR_410,1
161006190001,2,410.0,2019-01-01,2,215,3,0,6,2,1,0,501,0,0,0,3050,1,1,1,1,4,1,1,1,0,0,0,2,2,0,,3,48.0,03,1.0,0.0,4.0,0.0,1.0,1.0,1000,9.0,,,"-654634,678","-1154069,62","-654634,678","-1154069,62","-654636,176","-1154067,087",Sta¯eË,JakubskÈn·mÏstÌ,,silnice2.t¯Ìdy,410,752466,,OpaËn˝kesmÏru˙seku,Pomal˝,591742.0,602990.0,GN_V0.1UIR-ADR_410,1
161006190002,2,410.0,2019-01-01,2,1130,5,0,0,2,4,0,100,0,0,0,250,2,3,1,1,1,1,1,1,0,0,0,1,1,0,,3,39.0,14,1.0,0.0,0.0,0.0,1.0,1.0,250,2.0,1.0,1.0,"-657834,942","-1154061,34","-657834,942","-1154061,34","-657814,996","-1154075,907",,,,silnice2.t¯Ìdy,410,1380003,,OpaËn˝kesmÏru˙seku,Pomal˝,591742.0,,GN_V0.1UIR-ADR_410,2
161006190003,2,152.0,2019-01-01,2,1640,5,0,0,2,4,0,100,0,0,0,639,2,1,1,1,2,1,0,1,0,0,0,1,1,0,,3,39.0,16,3.0,0.0,0.0,0.0,1.0,1.0,500,2.0,1.0,1.0,"-627253,374","-1170008,283","-627317,291","-1169997,004","-627317,263","-1169996,507",,,,silnice2.t¯Ìdy,152,2088400,,Souhlasn˝sesmÏrem˙seku,Pomal˝,590576.0,,GN_V0.1UIR-ADR_410,2
161006190004,3,35111.0,2019-01-02,3,920,9,0,0,2,1,2,510,0,0,0,2350,2,6,1,5,1,1,1,1,0,0,0,1,1,0,,5,62.0,16,1.0,0.0,1.0,0.0,1.0,1.0,1300,3.0,1.0,1.0,"-654910,328","-1145644,806","-654910,328","-1145644,806","-654913,052","-1145645,536",,,,silnice3.t¯Ìdy,35111,2081375,,OpaËn˝kesmÏru˙seku,Pomal˝,590479.0,,GN_V0.1UIR-ADR_410,2
161006190005,1,23.0,2019-01-02,3,1055,1,4,0,2,1,2,503,0,0,0,300,2,3,1,1,1,1,2,1,2,0,1,1,2,0,,3,7.0,03,1.0,1.0,1.0,0.0,1.0,1.0,200,3.0,1.0,1.0,"-650464,015","-1152858,7","-650461,338","-1152835,136","-650461,264","-1152834,973",T¯ebÌË,Br·fovat¯.,,silnice1.t¯Ìdy,23,612813,,OpaËn˝kesmÏru˙seku,Pomal˝,590266.0,603830.0,GN_V0.1UIR-ADR_410,1
161006190006,3,4056.0,2019-01-02,3,915,3,0,2,2,1,0,504,0,0,0,105,2,3,1,1,1,1,1,1,3,4,0,5,1,19,6.0,3,39.0,08,1.0,0.0,1.0,0.0,1.0,23.0,5,3.0,1.0,1.0,"-658869,564","-1154951,986","-658884,604","-1154953,06","-658883,851","-1154952,496",RokytnicenadRokytnou,,,silnice3.t¯Ìdy,4056,2582669,,OpaËn˝kesmÏru˙seku,Pomal˝,591611.0,,GN_V0.1UIR-ADR_410,1
161006190007,3,15222.0,2019-01-02,3,1440,9,0,0,2,1,2,510,0,0,0,1600,2,6,1,6,1,1,1,8,0,0,0,1,1,0,,7,40.0,08,3.0,0.0,1.0,0.0,1.0,1.0,1000,3.0,1.0,1.0,"-671207,628","-1167762,62","-671189,365","-1167750,266","-671189,633","-1167750,502",,,,silnice3.t¯Ìdy,15222,2087485,,OpaËn˝kesmÏru˙seku,Pomal˝,590410.0,,GN_V0.1UIR-ADR_410,2
161006190008,2,351.0,2019-01-02,3,1220,9,0,0,1,1,2,204,0,0,1,1500,2,8,1,5,3,1,1,1,0,0,0,1,1,0,,3,39.0,17,3.0,1.0,1.0,0.0,1.0,1.0,1500,2.0,1.0,1.0,"-649204,938","-1154551,185","-649222,127","-1154531,848","-649223,317","-1154533,762",,,,silnice2.t¯Ìdy,351,1493970,,OpaËn˝kesmÏru˙seku,Pomal˝,545309.0,,GN_V0.1UIR-ADR_410,2
161006190009,1,23.0,2019-01-02,3,2100,3,0,3,1,1,2,508,0,0,1,320,2,8,1,6,6,1,1,8,0,0,0,1,1,0,,3,39.0,10,1.0,0.0,0.0,0.0,1.0,1.0,300,2.0,1.0,1.0,"-654048,32","-1152446,539","-654048,32","-1152446,539","-654047,293","-1152443,923",T¯ebÌË,,,silnice1.t¯Ìdy,23,3218601,,Souhlasn˝sesmÏrem˙seku,Pomal˝,590266.0,,GN_V0.1UIR-ADR_410,1
161006190010,2,151.0,2019-01-03,4,1325,3,0,2,1,1,2,204,0,0,1,700,2,6,1,5,3,1,1,1,0,0,0,2,1,0,,3,39.0,07,1.0,0.0,0.0,0.0,1.0,1.0,500,2.0,1.0,1.0,"-661155,828","-1168025,758","-661155,828","-1168025,758","-661150,107","-1168019,542",Litoho¯,,,silnice2.t¯Ìdy,151,3107762,,OpaËn˝kesmÏru˙seku,Pomal˝,550507.0,,GN_V0.1UIR-ADR_410,1
161006190011,3,3953.0,2019-01-03,4,1445,3,0,9,1,1,0,204,0,0,1,2000,2,6,1,5,3,1,1,1,0,0,0,2,1,0,,3,39.0,10,1.0,0.0,0.0,0.0,1.0,1.0,1000,3.0,0.0,1.0,,,"-623969,81","-1158141,615","-623969,942","-1158141,852",Rapotice,Kocperky,,silnice3.t¯Ìdy,3953,2084180,,Souhlasn˝sesmÏrem˙seku,Pomal˝,591581.0,,GN_V0.1UIR-ADR_410,1
161006190012,6,,2019-01-03,4,1845,2,0,0,2,1,2,204,0,0,0,650,1,5,1,1,4,1,1,1,0,0,0,2,3,0,,3,2.0,11,1.0,1.0,1.0,0.0,1.0,5.0,150,2.0,1.0,1.0,"-630652,66","-1155792,027","-630652,66","-1155792,027","-630642,072","-1155797,659",N·mÏöùnadOslavou,Masarykovon·m.,,mÌstnÌkomunikace,,1713614,,OpaËn˝kesmÏru˙seku,Pomal˝,591211.0,602281.0,GN_V0.1UIR-ADR_410,1
161006190013,3,4031.0,2019-01-04,5,1105,7,2,0,2,1,2,204,0,0,0,900,2,6,1,5,1,1,1,1,2,0,4,3,2,0,,3,35.0,13,3.0,1.0,1.0,0.0,1.0,1.0,700,2.0,1.0,1.0,"-659133,445","-1141018,779","-659133,445","-1141018,779","-659134,29","-1141018,792",,,,silnice3.t¯Ìdy,4031,3107725,,OpaËn˝kesmÏru˙seku,Pomal˝,590363.0,,GN_V0.1UIR-ADR_410,2
161006190014,2,405.0,2019-01-04,5,1650,5,0,0,2,4,0,100,0,0,0,341,2,6,1,5,7,1,1,1,0,0,0,1,1,0,,3,47.0,11,1.0,0.0,0.0,0.0,1.0,1.0,200,3.0,1.0,1.0,"-659867,302","-1147393,631","-659867,302","-1147393,631","-659860,485","-1147389,043",,,,silnice2.t¯Ìdy,405,2081647,,Souhlasn˝sesmÏrem˙seku,Pomal˝,591301.0,,GN_V0.1UIR-ADR_410,2
161006190015,1,23.0,2019-01-05,6,910,3,0,1,1,1,0,204,0,0,1,210,2,8,1,1,1,1,1,8,0,0,0,2,1,0,,3,13.0,96,1.0,0.0,0.0,0.0,3.0,1.0,200,2.0,1.0,1.0,"-654660,292","-1152388,762","-654660,292","-1152388,762","-654660,403","-1152387,245",,,,silnice1.t¯Ìdy,23,1494000,,Souhlasn˝sesmÏrem˙seku,Pomal˝,591742.0,,GN_V0.1UIR-ADR_410,2
161006190016,3,36075.0,2019-01-05,6,1720,0,0,0,2,6,0,100,0,0,0,50,2,3,5,4,4,1,1,1,0,0,5,1,1,0,,3,35.0,08,1.0,0.0,1.0,0.0,1.0,1.0,50,3.0,1.0,1.0,"-650438,751","-1153002,882","-650438,751","-1153002,882","-650435,058","-1153003,315",T¯ebÌË,N·draûnÌ,,silnice3.t¯Ìdy,36075,3328083,,OpaËn˝kesmÏru˙seku,Pomal˝,590266.0,604330.0,GN_V0.1UIR-ADR_410,1
161006190017,3,36075.0,2019-01-05,6,1745,0,0,0,2,6,0,100,0,0,0,30,2,3,12,3,4,1,1,1,0,0,0,1,1,0,,3,39.0,14,3.0,0.0,1.0,0.0,1.0,1.0,30,3.0,1.0,1.0,"-650438,751","-1153002,882","-650438,751","-1153002,882","-650435,058","-1153003,315",T¯ebÌË,N·draûnÌ,,silnice3.t¯Ìdy,36075,3328083,,OpaËn˝kesmÏru˙seku,Pomal˝,590266.0,604330.0,GN_V0.1UIR-ADR_410,1
161006190018,3,36075.0,2019-01-05,6,1805,0,0,0,2,6,0,100,0,0,0,50,2,3,5,4,4,1,1,1,0,0,5,1,1,0,,3,47.0,12,1.0,0.0,1.0,0.0,1.0,1.0,50,2.0,1.0,1.0,"-650438,751","-1153002,882","-650438,751","-1153002,882","-650435,058","-1153003,315",T¯ebÌË,N·draûnÌ,,silnice3.t¯Ìdy,36075,3328083,,OpaËn˝kesmÏru˙seku,Pomal˝,590266.0,604330.0,GN_V0.1UIR-ADR_410,1
161006190019,3,36075.0,2019-01-05,6,1805,0,0,0,2,6,0,100,0,0,0,50,2,3,12,3,4,1,1,1,0,0,0,1,1,0,,3,39.0,08,1.0,0.0,1.0,0.0,1.0,1.0,50,3.0,1.0,1.0,"-650438,751","-1153002,882","-650438,751","-1153002,882","-650435,058","-1153003,315",T¯ebÌË,N·draûnÌ,,silnice3.t¯Ìdy,36075,3328083,,OpaËn˝kesmÏru˙seku,Pomal˝,590266.0,604330.0,GN_V0.1UIR-ADR_410,1
161006190020,6,,2019-01-04,5,1517,3,0,3,2,1,0,504,0,0,0,160,2,1,1,1,1,1,1,1,3,3,1,1,1,0,,3,31.0,10,1.0,0.0,1.0,0.0,1.0,5.0,100,9.0,,,"-650430,592","-1152974,729","-650430,592","-1152974,729","-650435,29","-1152972,947",T¯ebÌË,Old¯ichova,,mÌstnÌkomunikace,,613103,,Souhlasn˝sesmÏrem˙seku,Pomal˝,590266.0,604437.0,GN_V0.1UIR-ADR_410,1
161006190021,1,23.0,2019-01-07,1,1430,1,4,0,1,1,2,503,0,0,1,700,2,3,1,1,1,1,1,1,0,0,2,1,2,0,,3,31.0,05,1.0,0.0,1.0,1.0,1.0,1.0,200,2.0,1.0,1.0,"-650306,999","-1152891,422","-650306,999","-1152891,422","-650310,699","-1152899,842",T¯ebÌË,Br·fovat¯.,,silnice1.t¯Ìdy,23,612954,,Souhlasn˝sesmÏrem˙seku,Pomal˝,590266.0,603830.0,GN_V0.1UIR-ADR_410,1
161006190022,3,36075.0,2019-01-05,6,1800,0,0,0,2,6,0,100,0,0,0,30,2,3,12,1,4,1,1,1,0,0,2,2,1,0,,3,2.0,06,1.0,0.0,0.0,0.0,1.0,1.0,30,2.0,1.0,1.0,"-650461,151","-1152845,6","-650461,151","-1152845,6","-650457,193","-1152836,805",T¯ebÌË,N·draûnÌ,,silnice1.t¯Ìdy,23,612813,,OpaËn˝kesmÏru˙seku,Pomal˝,590266.0,603830.0,GN_V0.1UIR-ADR_410,1
161006190023,2,351.0,2019-01-08,2,1600,5,0,0,2,4,0,100,0,0,0,441,2,3,1,1,1,1,1,1,0,0,0,1,1,0,,3,39.0,12,1.0,0.0,0.0,0.0,1.0,1.0,300,3.0,1.0,1.0,"-646938,135","-1155607,964","-646938,135","-1155607,964","-646940,191","-1155610,278",,,,silnice2.t¯Ìdy,351,1380029,,OpaËn˝kesmÏru˙seku,Pomal˝,545309.0,,GN_V0.1UIR-ADR_410,2
161006190024,6,,2019-01-08,2,1705,4,0,0,1,1,2,412,0,0,1,0,2,3,1,3,4,1,1,1,0,5,1,1,1,0,,3,32.0,08,1.0,0.0,1.0,0.0,1.0,5.0,0,2.0,1.0,1.0,"-650326,859","-1152590,547","-650326,859","-1152590,547","-650329,326","-1152593,16",T¯ebÌË,SmilaOsovskÈho,,mÌstnÌkomunikace,,1603492,,OpaËn˝kesmÏru˙seku,Pomal˝,590266.0,605379.0,GN_V0.1UIR-ADR_410,1
161006190025,3,36075.0,2019-01-08,2,1830,4,0,0,1,1,2,412,0,0,1,100,2,3,1,3,4,1,2,1,0,5,1,1,1,0,,3,32.0,99,1.0,0.0,1.0,0.0,1.0,1.0,100,3.0,1.0,1.0,"-650249,147","-1153979,725","-650249,147","-1153979,725","-650252,49","-1153980,428",T¯ebÌË,Znojemsk·,,silnice3.t¯Ìdy,36075,615956,,Souhlasn˝sesmÏrem˙seku,Pomal˝,590266.0,605590.0,GN_V0.1UIR-ADR_410,1
161006190026,3,4028.0,2019-01-08,2,2330,3,0,1,1,1,2,205,0,0,1,200,2,8,1,5,7,1,1,8,0,0,0,3,1,0,,3,7.0,05,1.0,0.0,1.0,0.0,1.0,1.0,200,9.0,,,"-650326,859","-1152590,547","-663335,806","-1149303,75","-663335,813","-1149303,706",,,,silnice3.t¯Ìdy,4028,1365229,,OpaËn˝kesmÏru˙seku,Pomal˝,591432.0,,GN_V0.1UIR-ADR_410,2
161006190027,6,,2019-01-10,4,1535,1,4,0,1,1,2,503,0,0,1,700,2,1,1,1,1,1,1,1,0,0,1,1,2,0,,3,99.0,16,3.0,0.0,1.0,0.0,1.0,5.0,400,2.0,1.0,1.0,"-650252,39","-1151906,845","-650248,092","-1151900,937","-650247,209","-1151900,277",T¯ebÌË,M.MajerovÈ,,mÌstnÌkomunikace,,1713067,,Souhlasn˝sesmÏrem˙seku,Pomal˝,590266.0,604101.0,GN_V0.1UIR-ADR_410,1
161006190028,3,39217.0,2019-01-10,4,1700,5,0,0,2,4,0,100,0,0,0,641,2,1,1,1,6,1,1,1,0,0,0,1,1,0,,3,27.0,15,3.0,0.0,0.0,0.0,1.0,1.0,500,2.0,1.0,1.0,"-630532,691","-1165331,52","-630532,691","-1165331,52","-630534,206","-1165334,335",,,,silnice3.t¯Ìdy,39217,2086693,,Souhlasn˝sesmÏrem˙seku,Pomal˝,591173.0,,GN_V0.1UIR-ADR_410,2
161006190029,3,40510.0,2019-01-10,4,1560,2,0,0,2,1,0,508,0,0,0,300,2,1,1,1,2,1,1,3,0,0,0,1,2,0,,17,,XX,,,,,,,0,,,,"-658162,289","-1148221,153","-658162,289","-1148221,153","-658156,013","-1148228,706",Ok¯Ìöky,N·draûnÌ,,silnice3.t¯Ìdy,40510,752532,,Souhlasn˝sesmÏrem˙seku,Pomal˝,591301.0,602698.0,GN_V0.1UIR-ADR_410,1
161006190030,2,410.0,2019-01-11,5,2015,3,0,1,1,1,2,204,0,0,1,600,2,6,1,5,6,1,1,1,0,0,0,3,1,0,,3,7.0,09,1.0,1.0,1.0,0.0,1.0,3.0,600,2.0,1.0,1.0,"-664526,141","-1158919,243","-664526,141","-1158919,243","-664525,777","-1158920,439",,,,silnice2.t¯Ìdy,410,2084471,,OpaËn˝kesmÏru˙seku,Pomal˝,591998.0,,GN_V0.1UIR-ADR_410,2
161006190031,3,3923.0,2019-01-12,6,45,5,0,0,2,4,0,100,0,0,0,439,2,6,1,1,6,1,1,1,0,0,0,1,1,0,,3,27.0,18,3.0,0.0,1.0,0.0,1.0,3.0,300,3.0,1.0,1.0,"-635196,484","-1149472,446","-635196,484","-1149472,446","-635196,251","-1149469,033",,,,silnice3.t¯Ìdy,3923,2585550,,OpaËn˝kesmÏru˙seku,Pomal˝,591505.0,,GN_V0.1UIR-ADR_410,2
161006190032,3,36075.0,2019-01-12,6,210,3,0,2,2,1,2,205,0,0,0,150,2,3,1,1,4,1,1,1,0,0,0,3,1,0,,3,38.0,09,1.0,1.0,1.0,0.0,1.0,1.0,100,2.0,1.0,1.0,"-650308,565","-1153593,455","-650288,691","-1153560,152","-650289,037","-1153560,11",T¯ebÌË,Znojemsk·,,silnice3.t¯Ìdy,36075,1417489,,OpaËn˝kesmÏru˙seku,Pomal˝,590266.0,605590.0,GN_V0.1UIR-ADR_410,1