IDENTIFIKA»NÕ »ÕSLO,DRUH POZEMNÕ KOMUNIKACE,»ÕSLO POZEMNÕ KOMUNIKACE,"den, mÏsÌc, rok",,Ëas ,DRUH NEHODY,DRUH SR¡éKY JEDOUCÕCH VOZIDEL,DRUH PEVN… PÿEK¡éKY,CHARAKTER NEHODY,ZAVINÃNÕ NEHODY,ALKOHOL U VINÕKA NEHODY PÿÕTOMEN,HLAVNÕ PÿÕ»INY NEHODY,usmrceno osob,tÏûce zranÏno osob,lehce zranÏno osob,CELKOV¡ HMOTN¡ äKODA,DRUH POVRCHU VOZOVKY,STAV POVRCHU VOZOVKY V DOBÃ NEHODY,STAV KOMUNIKACE,POVÃTRNOSTNÕ PODMÕNKY V DOBÃ NEHODY,VIDITELNOST,ROZHLEDOV… POMÃRY,DÃLENÕ KOMUNIKACE,SITUOV¡NÕ NEHODY NA KOMUNIKACI,ÿÕZENÕ PROVOZU V DOBÃ NEHODY,MÕSTNÕ ⁄PRAVA PÿEDNOSTI V JÕZDÃ,SPECIFICK¡ MÕSTA A OBJEKTY V MÕSTÃ NEHODY,SMÃROV… POMÃRY,PO»ET Z⁄»ASTNÃN›CH VOZIDEL,MÕSTO DOPRAVNÕ NEHODY,DRUH KÿIéUJÕCÕ KOMUNIKACE,DRUH VOZIDLA,V›ROBNÕ ZNA»KA MOTOROV…HO VOZIDLA,ROK V›ROBY VOZIDLA,CHARAKTERISTIKA VOZIDLA ,SMYK,VOZIDLO PO NEHODÃ,"⁄NIK PROVOZNÕCH, PÿEPRAVOVAN›CH HMOT",ZPŸSOB VYPROäTÃNÕ OSOB Z VOZIDLA,SMÃR JÕZDY NEBO POSTAVENÕ VOZIDLA,äKODA NA VOZIDLE,KATEGORIE ÿIDI»E,STAV ÿIDI»E,VNÃJäÕ OVLIVNÃNÕ ÿIDI»E,nan.1,nan.2,nan.3,nan.4,nan.5,nan.6,nan.7,nan.8,nan.9,nan.10,nan.11,nan.12,nan.13,nan.14,nan.15,nan.16,nan.17,nan.18,LOKALITA NEHODY
161006190033,2,351.0,2019-01-12,6,542,3,0,4,2,1,9,204,0,0,0,520,2,6,1,1,2,1,1,1,0,0,0,3,1,0,,3,39.0,18,3.0,1.0,3.0,0.0,1.0,3.0,500,2.0,5.0,0.0,"-653507,322","-1148446,956","-653504,644","-1148436,781","-653503,419","-1148436,944",T¯ebÌË,,,silnice2.t¯Ìdy,351,2916463,,Souhlasn˝sesmÏrem˙seku,Pomal˝,590266.0,,GN_V0.1UIR-ADR_410,1
161006190034,6,,2019-01-12,6,900,9,0,0,2,1,2,510,0,0,0,500,2,6,1,1,1,1,1,1,0,0,0,1,1,0,,5,48.0,18,9.0,0.0,1.0,1.0,1.0,5.0,500,4.0,1.0,1.0,"-657070,216","-1157152,076","-657058,398","-1157182,693","-657058,224","-1157182,654",,,,mÌstnÌkomunikace,,2083913,,,Pomal˝,591611.0,,GN_V0.1UIR-ADR_410,2
161006190035,2,360.0,2019-01-12,6,1520,3,0,1,1,1,2,510,0,0,1,150,2,3,1,1,1,1,1,1,0,0,0,1,1,0,,3,39.0,99,1.0,1.0,0.0,0.0,1.0,1.0,150,2.0,1.0,1.0,"-651466,447","-1160997,36","-651466,447","-1160997,36","-651476,857","-1160993,037",,,,silnice2.t¯Ìdy,360,2085173,,OpaËn˝kesmÏru˙seku,Pomal˝,591939.0,,GN_V0.1UIR-ADR_410,2
161006190036,2,152.0,2019-01-12,6,1740,5,0,0,2,4,0,100,0,0,0,200,2,1,1,1,6,1,1,1,0,0,0,1,1,0,,3,13.0,11,1.0,0.0,1.0,0.0,1.0,1.0,200,2.0,1.0,1.0,"-662431,855","-1171536,393","-662431,855","-1171536,393","-662431,852","-1171535,769",,,,silnice2.t¯Ìdy,152,1365776,,OpaËn˝kesmÏru˙seku,Pomal˝,591181.0,,GN_V0.1UIR-ADR_410,2
161006190037,2,405.0,2019-01-13,0,615,1,1,0,1,1,2,204,0,0,3,1200,2,6,1,1,6,1,1,1,0,0,0,2,2,0,,3,38.0,07,1.0,1.0,1.0,1.0,1.0,3.0,600,2.0,1.0,1.0,"-656809,494","-1149865,826","-656809,494","-1149865,826","-656810,679","-1149866,446",,,,silnice2.t¯Ìdy,405,2082052,,OpaËn˝kesmÏru˙seku,Pomal˝,591360.0,,GN_V0.1UIR-ADR_410,2
161006190038,3,39017.0,2019-01-13,0,1430,5,0,0,2,4,0,100,0,0,0,441,2,1,1,1,1,1,0,0,0,0,0,2,1,0,,3,13.0,13,1.0,0.0,0.0,0.0,1.0,1.0,300,2.0,1.0,1.0,"-644809,386","-1152184,559","-644809,386","-1152184,559","-644811,789","-1152169,243",,,,silnice3.t¯Ìdy,39017,2082604,,OpaËn˝kesmÏru˙seku,Pomal˝,591904.0,,GN_V0.1UIR-ADR_410,2
161006190039,3,39017.0,2019-01-13,0,2560,3,0,9,2,1,0,205,0,0,0,300,2,3,1,1,1,1,1,8,0,0,0,2,1,0,,17,,XX,,,,,,,0,,,,"-644962,07","-1152253,045","-644962,07","-1152253,045","-644965,929","-1152247,857",,,,silnice3.t¯Ìdy,39017,2082604,,OpaËn˝kesmÏru˙seku,Pomal˝,591904.0,,GN_V0.1UIR-ADR_410,2
161006190040,2,152.0,2019-01-14,1,510,3,0,1,1,1,2,204,0,0,1,500,2,5,1,4,7,1,1,1,0,0,0,1,1,0,,3,39.0,11,1.0,0.0,0.0,0.0,1.0,3.0,500,2.0,1.0,1.0,"-627167,037","-1170000,823","-627167,037","-1170000,823","-627167,248","-1170004,757",,,,silnice2.t¯Ìdy,152,1365752,,OpaËn˝kesmÏru˙seku,Pomal˝,590576.0,,GN_V0.1UIR-ADR_410,2
161006190041,3,35110.0,2019-01-14,1,1610,9,0,0,2,1,2,510,0,0,0,2200,2,6,1,5,3,1,1,1,0,0,0,1,1,0,,7,19.0,17,9.0,0.0,0.0,0.0,1.0,1.0,1000,2.0,1.0,1.0,"-654650,65","-1138768,903","-654650,65","-1138768,903","-654651,486","-1138772,062",,,,silnice3.t¯Ìdy,35110,2080535,,OpaËn˝kesmÏru˙seku,Pomal˝,591564.0,,GN_V0.1UIR-ADR_410,2
161006190042,2,399.0,2019-01-15,2,630,5,0,0,2,4,0,100,0,0,0,441,2,3,1,1,6,1,1,1,0,0,0,1,1,0,,3,39.0,11,1.0,0.0,1.0,0.0,1.0,1.0,300,3.0,1.0,1.0,"-637527,902","-1165636,26","-637527,902","-1165636,26","-637529,297","-1165636,775",,,,silnice2.t¯Ìdy,399,2086786,,OpaËn˝kesmÏru˙seku,Pomal˝,590517.0,,GN_V0.1UIR-ADR_410,2
161006190043,2,399.0,2019-01-15,2,800,9,0,0,1,1,2,204,0,0,1,300,2,5,1,5,1,1,1,1,0,0,0,2,1,0,,3,9.0,04,1.0,0.0,1.0,0.0,1.0,1.0,300,2.0,1.0,1.0,"-627098,817","-1152955,358","-627098,817","-1152955,358","-627097,458","-1152956,564",,,,silnice2.t¯Ìdy,399,2082884,,OpaËn˝kesmÏru˙seku,Pomal˝,590797.0,,GN_V0.1UIR-ADR_410,2
161006190044,6,,2019-01-15,2,620,2,0,0,2,1,0,204,0,0,0,220,5,6,1,1,6,1,1,1,0,0,0,1,2,0,,3,35.0,07,1.0,1.0,1.0,0.0,1.0,5.0,20,2.0,1.0,1.0,"-631122,478","-1148985,894","-631122,478","-1148985,894","-631151,69","-1148974,399",»ikov,,,mÌstnÌkomunikace,,2913367,,OpaËn˝kesmÏru˙seku,Pomal˝,590495.0,,GN_V0.1UIR-ADR_410,1
161006190045,6,,2019-01-14,1,2560,2,0,0,2,1,0,508,0,0,0,50,2,3,1,1,1,1,1,1,0,0,10,1,2,0,,17,,XX,,,,,,,0,,,,"-633202,53","-1168546,25","-633202,53","-1168546,25","-633198,921","-1168547,998",Dukovany,,,mÌstnÌkomunikace,,2582794,,Souhlasn˝sesmÏrem˙seku,Pomal˝,590576.0,,GN_V0.1UIR-ADR_410,1
161006190046,2,399.0,2019-01-15,2,1305,1,2,0,2,1,0,501,0,0,0,50,1,3,1,1,1,1,1,1,0,0,0,1,2,0,,17,,XX,,,,,,,0,,,,"-628985,253","-1154416,693","-628985,253","-1154416,693","-628980,904","-1154421,28",,,,silnice2.t¯Ìdy,399,2083259,,Souhlasn˝sesmÏrem˙seku,Pomal˝,591211.0,,GN_V0.1UIR-ADR_410,2
161006190047,6,,2019-01-16,3,850,2,0,0,2,1,2,502,0,0,0,600,2,3,1,1,1,1,1,1,0,0,0,1,3,0,,3,47.0,02,1.0,0.0,1.0,0.0,1.0,5.0,200,2.0,1.0,1.0,"-675528,494","-1172109,467","-675528,494","-1172109,467","-675530,266","-1172108,049",Jemnice,Vr·ji,,mÌstnÌkomunikace,,2586090,,Souhlasn˝sesmÏrem˙seku,Pomal˝,590789.0,601225.0,GN_V0.1UIR-ADR_410,1
161006190048,6,,2019-01-16,3,2560,2,0,0,2,1,0,511,0,0,0,200,2,1,1,1,1,1,1,1,0,0,0,1,2,0,,17,,XX,,,,,,,0,,,,"-650075,629","-1152971,754","-650075,629","-1152971,754","-650095,11","-1152964,244",T¯ebÌË,Sadov·,,mÌstnÌkomunikace,,613155,,Souhlasn˝sesmÏrem˙seku,Pomal˝,590266.0,605646.0,GN_V0.1UIR-ADR_410,1
161006190049,1,23.0,2019-01-16,3,2110,5,0,0,2,4,0,100,0,0,0,641,2,1,1,1,6,1,1,1,0,0,0,1,1,0,,5,62.0,19,9.0,0.0,1.0,0.0,1.0,1.0,500,4.0,1.0,1.0,"-660830,886","-1153620,601","-660830,886","-1153620,601","-660830,89","-1153620,855",,,,silnice1.t¯Ìdy,23,2083019,,OpaËn˝kesmÏru˙seku,Pomal˝,591611.0,,GN_V0.1UIR-ADR_410,2
161006190050,6,,2019-01-17,4,230,9,0,0,1,1,2,205,0,0,1,500,2,1,1,1,4,1,1,1,0,0,0,3,1,0,,12,0.0,,3.0,0.0,1.0,1.0,1.0,5.0,500,2.0,1.0,1.0,"-657116,959","-1147536,31","-657116,959","-1147536,31","-657117,037","-1147538,723",Nov·Ves,,,mÌstnÌkomunikace,,1942163,,,Pomal˝,591246.0,,GN_V0.1UIR-ADR_410,1
161006190051,3,35125.0,2019-01-18,5,715,1,2,0,2,1,0,501,0,0,0,35,2,3,1,1,2,1,1,1,0,0,0,1,2,0,,17,,XX,,,,,,,0,,,,"-648540,083","-1154642,305","-648540,083","-1154642,305","-648539,926","-1154645,185",,,,silnice3.t¯Ìdy,35125,3109656,,OpaËn˝kesmÏru˙seku,Pomal˝,545309.0,,GN_V0.1UIR-ADR_410,2
161006190052,6,,2019-01-18,5,1325,3,0,3,2,1,2,205,0,0,0,500,2,3,1,1,1,1,1,8,0,0,0,3,1,0,,3,12.0,07,1.0,0.0,1.0,0.0,1.0,5.0,300,2.0,1.0,1.0,"-649975,228","-1152692,883","-649975,228","-1152692,883","-649971,854","-1152679,721",T¯ebÌË,CyrilometodÏjsk·,,mÌstnÌkomunikace,,2913235,,Souhlasn˝sesmÏrem˙seku,Pomal˝,590266.0,603228.0,GN_V0.1UIR-ADR_410,1
161006190053,6,,2019-01-18,5,2560,2,0,0,2,1,0,511,0,0,0,300,2,1,1,1,1,1,0,0,0,0,2,1,2,0,,17,,XX,,,,,,,0,,,,"-650439,247","-1152733,179","-650439,247","-1152733,179","-650442,301","-1152732,48",T¯ebÌË,SirotËÌ,,mÌstnÌkomunikace,,3099760,,Souhlasn˝sesmÏrem˙seku,Pomal˝,590266.0,,GN_V0.1UIR-ADR_410,1
161006190054,1,23.0,2019-01-19,6,640,5,0,0,2,4,0,100,0,0,0,639,2,1,1,1,6,1,1,1,0,0,0,1,1,0,,3,39.0,18,1.0,0.0,1.0,0.0,1.0,1.0,500,2.0,1.0,1.0,"-661783,263","-1153722,776","-661783,263","-1153722,776","-661781,115","-1153718,993",,,,silnice1.t¯Ìdy,23,2083034,,Souhlasn˝sesmÏrem˙seku,Pomal˝,591815.0,,GN_V0.1UIR-ADR_410,2
161006190055,2,360.0,2019-01-19,6,845,1,3,0,1,1,2,405,0,0,1,55,2,1,1,1,1,1,1,1,3,3,0,4,2,19,6.0,3,99.0,,1.0,0.0,1.0,0.0,1.0,14.0,50,2.0,1.0,1.0,"-651410,391","-1165817,048","-651395,932","-1165799,911","-651396,016","-1165799,932",JaromÏ¯icenadRokytnou,B¯ezinova,,silnice2.t¯Ìdy,360,647749,,Souhlasn˝sesmÏrem˙seku,Pomal˝,590754.0,600237.0,GN_V0.1UIR-ADR_410,1
161006190056,6,,2019-01-19,6,1045,4,0,0,1,1,2,412,0,0,1,0,2,1,1,1,1,1,1,1,3,3,1,1,1,0,,3,39.0,05,1.0,0.0,1.0,0.0,1.0,5.0,0,2.0,1.0,1.0,"-650345,58","-1151844,354","-650319,339","-1151841,141","-650319,688","-1151841,755",T¯ebÌË,M.MajerovÈ,,mÌstnÌkomunikace,,1713055,,OpaËn˝kesmÏru˙seku,Pomal˝,590266.0,604101.0,GN_V0.1UIR-ADR_410,1
161006190057,1,38.0,2019-01-20,0,1700,5,0,0,2,4,0,100,0,0,0,641,2,1,1,1,2,1,1,1,0,0,0,1,1,0,,3,47.0,11,1.0,0.0,1.0,0.0,1.0,1.0,500,2.0,1.0,1.0,,,"-664683,839","-1161510,784","-664681,108","-1161509,529",,,,silnice1.t¯Ìdy,38,2085287,,Souhlasn˝sesmÏrem˙seku,Pomal˝,591998.0,,GN_V0.1UIR-ADR_410,2
161006190058,1,23.0,2019-01-20,0,1720,1,4,0,1,1,0,503,0,0,1,300,2,1,1,1,4,1,1,1,3,3,0,6,2,19,6.0,17,,XX,,,,,,,0,,,,"-651587,424","-1152801,447","-651587,424","-1152801,447","-651589,004","-1152798,427",T¯ebÌË,Praûsk·,,silnice1.t¯Ìdy,23,612769,,OpaËn˝kesmÏru˙seku,Pomal˝,590266.0,605263.0,GN_V0.1UIR-ADR_410,1
161006190059,1,23.0,2019-01-21,1,1145,1,2,0,1,1,2,405,0,0,1,1508,2,1,1,1,1,1,1,1,0,0,0,1,3,0,,3,13.0,03,1.0,0.0,1.0,0.0,1.0,1.0,300,4.0,1.0,1.0,"-642988,903","-1153966,73","-643006,04","-1154005,288","-643005,852","-1154004,853",Vladislav,,,silnice1.t¯Ìdy,23,2928060,,Souhlasn˝sesmÏrem˙seku,Pomal˝,591904.0,,GN_V0.1UIR-ADR_410,1
161006190060,3,41010.0,2019-01-21,1,1300,1,3,0,1,1,2,204,0,0,2,1500,2,6,1,1,1,1,1,1,0,0,0,3,2,0,,5,12.0,15,3.0,1.0,1.0,0.0,1.0,1.0,700,2.0,1.0,1.0,"-661489,56","-1157480,367","-661489,56","-1157480,367","-661459,628","-1157471,733",,,,silnice3.t¯Ìdy,41010,2083957,,Souhlasn˝sesmÏrem˙seku,Pomal˝,590436.0,,GN_V0.1UIR-ADR_410,2
161006190061,6,,2019-01-21,1,1642,3,0,9,2,1,2,509,0,0,0,1550,2,1,2,1,2,1,1,1,0,0,4,1,1,0,,5,19.0,07,3.0,0.0,1.0,0.0,1.0,5.0,50,9.0,,,"-631059,607","-1155986,659","-631077,332","-1155972,156","-631078,339","-1155971,422",N·mÏöùnadOslavou,B.NÏmcovÈ,,mÌstnÌkomunikace,,621294,,Souhlasn˝sesmÏrem˙seku,Pomal˝,591211.0,602078.0,GN_V0.1UIR-ADR_410,1
161006190062,2,351.0,2019-01-21,1,1930,5,0,0,2,4,0,100,0,0,0,500,2,1,1,1,6,1,1,1,0,0,0,1,1,0,,3,47.0,18,1.0,0.0,1.0,0.0,1.0,1.0,500,3.0,1.0,1.0,"-653590,135","-1146143,519","-653600,341","-1146143,519","-653600,026","-1146143,51",,,,silnice2.t¯Ìdy,351,1365134,,Souhlasn˝sesmÏrem˙seku,Pomal˝,590479.0,,GN_V0.1UIR-ADR_410,2
161006190063,3,3906.0,2019-01-22,2,1200,3,0,2,1,1,2,511,0,0,1,500,2,1,1,1,1,1,0,8,0,0,0,1,1,0,,3,39.0,05,1.0,0.0,0.0,0.0,1.0,3.0,200,2.0,1.0,1.0,"-632643,832","-1153120,118","-632643,832","-1153120,118","-632648,052","-1153119,281",Ocmanice,,,silnice3.t¯Ìdy,3906,2082924,,OpaËn˝kesmÏru˙seku,Pomal˝,510980.0,,GN_V0.1UIR-ADR_410,1
161006190064,2,360.0,2019-01-22,2,1630,1,2,0,2,1,0,501,0,0,0,100,2,1,1,1,1,1,1,1,0,0,0,3,2,0,,17,,XX,,,,,,,0,,,,"-652408,78","-1164059,559","-652408,78","-1164059,559","-652408,72","-1164059,516",,,,silnice2.t¯Ìdy,360,642878,,Souhlasn˝sesmÏrem˙seku,Pomal˝,590754.0,,GN_V0.1UIR-ADR_410,2
161006190065,2,360.0,2019-01-24,4,710,1,3,0,1,1,2,403,0,0,1,1705,2,3,1,1,2,1,1,1,3,3,2,4,2,19,6.0,3,60.0,14,3.0,0.0,1.0,0.0,1.0,23.0,800,2.0,1.0,1.0,"-649428,911","-1151844,019","-649442,167","-1151841,755","-649442,197","-1151841,771",T¯ebÌË,Rafaelova,,silnice2.t¯Ìdy,360,730787,,Souhlasn˝sesmÏrem˙seku,Pomal˝,590266.0,604551.0,GN_V0.1UIR-ADR_410,1
161006190066,2,152.0,2019-01-25,5,1640,9,0,0,1,1,2,205,0,0,2,900,2,1,1,1,6,1,1,8,0,0,0,2,1,0,,3,47.0,08,1.0,1.0,1.0,0.0,1.0,3.0,900,4.0,1.0,1.0,"-665573,213","-1171847,014","-665573,213","-1171847,014","-665573,472","-1171847,576",,,,silnice2.t¯Ìdy,152,2089189,,Souhlasn˝sesmÏrem˙seku,Pomal˝,590525.0,,GN_V0.1UIR-ADR_410,2
161006190067,2,399.0,2019-01-25,5,2105,5,0,0,2,4,0,100,0,0,0,150,2,1,1,1,6,1,1,1,0,0,0,1,1,0,,3,47.0,15,1.0,0.0,1.0,0.0,1.0,1.0,150,3.0,1.0,1.0,"-626911,583","-1152664,352","-626911,583","-1152664,352","-626909,5","-1152665,75",,,,silnice2.t¯Ìdy,399,2082763,,OpaËn˝kesmÏru˙seku,Pomal˝,590797.0,,GN_V0.1UIR-ADR_410,2
161006190068,2,152.0,2019-01-26,6,525,9,0,0,1,1,2,205,0,0,2,200,2,1,1,1,6,1,1,1,0,0,0,2,1,0,,3,32.0,07,1.0,0.0,0.0,0.0,1.0,1.0,200,2.0,1.0,1.0,"-656132,618","-1169348,878","-656132,618","-1169348,878","-656126,065","-1169358,49",,,,silnice2.t¯Ìdy,152,1367102,,OpaËn˝kesmÏru˙seku,Pomal˝,591181.0,,GN_V0.1UIR-ADR_410,2
161006190069,2,360.0,2019-01-28,1,1825,5,0,0,2,4,0,100,0,0,0,100,2,3,1,1,6,1,1,1,0,0,0,1,1,0,,3,32.0,04,1.0,0.0,0.0,0.0,1.0,1.0,100,2.0,1.0,1.0,"-648570,693","-1149369,52","-648570,693","-1149369,52","-648573,153","-1149366,252",,,,silnice2.t¯Ìdy,360,1380021,,Souhlasn˝sesmÏrem˙seku,Pomal˝,590266.0,,GN_V0.1UIR-ADR_410,2
161006190070,6,,2019-01-28,1,1845,5,0,0,2,4,0,100,0,0,0,200,2,1,1,1,6,1,0,1,0,0,0,1,1,0,,3,39.0,07,1.0,0.0,0.0,0.0,1.0,5.0,200,3.0,1.0,1.0,"-641100,823","-1143969,93","-641100,823","-1143969,93","-641097,266","-1143972,839",,,,mÌstnÌkomunikace,,2702483,,Souhlasn˝sesmÏrem˙seku,Pomal˝,590622.0,,GN_V0.1UIR-ADR_410,2
161006190071,2,399.0,2019-01-30,3,1445,5,0,0,2,4,0,100,0,0,0,539,2,1,1,1,1,1,1,1,0,0,0,2,1,0,,3,39.0,16,3.0,0.0,1.0,0.0,1.0,3.0,400,3.0,1.0,1.0,"-637496,226","-1164612,586","-637496,226","-1164612,586","-637500,047","-1164613,8",,,,silnice2.t¯Ìdy,399,2086445,,OpaËn˝kesmÏru˙seku,Pomal˝,590517.0,,GN_V0.1UIR-ADR_410,2
161006190072,2,392.0,2019-01-30,3,1930,3,0,4,2,1,2,204,0,0,0,550,2,5,1,1,6,1,1,1,0,0,0,3,1,0,,3,4.0,11,1.0,1.0,1.0,0.0,1.0,1.0,500,2.0,1.0,1.0,"-629000,676","-1168416,012","-629000,676","-1168416,012","-628999,426","-1168413,291",,,,silnice2.t¯Ìdy,392,2913585,,Souhlasn˝sesmÏrem˙seku,Pomal˝,590576.0,,GN_V0.1UIR-ADR_410,2
161006190073,2,351.0,2019-01-31,4,820,1,2,0,2,1,0,502,0,0,0,100,2,5,1,6,1,1,1,1,0,0,0,1,2,0,,17,,XX,,,,,,,0,,,,"-654358,573","-1142011,848","-654358,573","-1142011,848","-654365,608","-1142016,36",,,,silnice2.t¯Ìdy,351,2080881,,Souhlasn˝sesmÏrem˙seku,Pomal˝,590908.0,,GN_V0.1UIR-ADR_410,2
161006190074,2,405.0,2019-01-31,4,1355,1,4,0,1,1,2,503,0,0,1,700,2,1,1,1,1,1,1,1,0,0,0,1,2,0,,3,39.0,09,1.0,1.0,1.0,0.0,1.0,3.0,500,2.0,1.0,1.0,"-655476,376","-1151491,714","-655476,376","-1151491,714","-655474,485","-1151488,074",Krahulov,,,silnice2.t¯Ìdy,405,1161392,,OpaËn˝kesmÏru˙seku,Pomal˝,550710.0,,GN_V0.1UIR-ADR_410,1
161006190075,2,399.0,2019-01-31,4,1920,5,0,0,2,4,0,100,0,0,0,939,2,1,1,1,6,1,1,1,0,0,0,1,1,0,,3,39.0,14,3.0,0.0,0.0,0.0,1.0,3.0,800,3.0,1.0,1.0,"-637502,228","-1165002,025","-637502,228","-1165002,025","-637506,878","-1165001,572",,,,silnice2.t¯Ìdy,399,2086786,,OpaËn˝kesmÏru˙seku,Pomal˝,590517.0,,GN_V0.1UIR-ADR_410,2
161406190001,2,353.0,2019-01-01,2,20,1,4,0,2,1,2,511,0,0,0,150,2,3,1,1,4,1,1,1,3,3,0,7,2,19,6.0,3,32.0,05,1.0,0.0,3.0,0.0,1.0,12.0,50,2.0,1.0,1.0,"-641296,168","-1115489,472","-641296,168","-1115489,472","-641297,394","-1115477,434",éÔ·rnadS·zavou,Jihlavsk·,,silnice2.t¯Ìdy,353,1603454,,OpaËn˝kesmÏru˙seku,Pomal˝,595209.0,655236.0,GN_V0.1UIR-ADR_410,1
161406190002,6,,2019-01-01,2,415,2,0,0,2,1,0,511,0,0,0,700,2,3,1,3,4,1,1,1,0,0,0,1,2,0,,3,1.0,08,1.0,1.0,4.0,0.0,1.0,5.0,300,9.0,,,"-642796,247","-1114390,938","-642803,23","-1114404,366","-642802,76","-1114403,493",éÔ·rnadS·zavou,OkruûnÌ,,mÌstnÌkomunikace,,1887115,,Souhlasn˝sesmÏrem˙seku,Pomal˝,595209.0,655554.0,GN_V0.1UIR-ADR_410,1
161406190003,3,36049.0,2019-01-02,3,515,1,2,0,1,1,2,204,0,0,1,1000,2,6,1,5,5,1,1,1,3,3,0,5,2,29,6.0,3,17.0,13,1.0,0.0,1.0,0.0,1.0,13.0,500,2.0,1.0,1.0,"-637395,735","-1134357,061","-637395,735","-1134357,061","-637397,744","-1134354,778",VÌdeÚ,,,silnice3.t¯Ìdy,36049,1156162,,Souhlasn˝sesmÏrem˙seku,Pomal˝,597058.0,,GN_V0.1UIR-ADR_410,1
161406190004,2,392.0,2019-01-02,3,625,3,0,4,2,1,2,205,0,0,0,120,2,5,1,1,6,1,1,1,0,0,0,3,1,0,,3,12.0,01,1.0,1.0,1.0,1.0,1.0,3.0,100,2.0,1.0,1.0,"-637807,822","-1140471,846","-637790,094","-1140497,632","-637789,483","-1140497,409",,,,silnice2.t¯Ìdy,392,3265813,,Souhlasn˝sesmÏrem˙seku,Pomal˝,596418.0,,GN_V0.1UIR-ADR_410,2
161406190005,2,392.0,2019-01-02,3,630,2,0,0,1,1,2,205,0,0,1,840,2,5,1,5,7,1,1,1,0,0,0,3,2,0,,3,39.0,09,1.0,0.0,1.0,0.0,1.0,3.0,600,2.0,1.0,1.0,"-637807,822","-1140471,846","-637807,822","-1140471,846","-637799,851","-1140468,943",,,,silnice2.t¯Ìdy,392,3265813,,Souhlasn˝sesmÏrem˙seku,Pomal˝,596418.0,,GN_V0.1UIR-ADR_410,2
161406190006,2,360.0,2019-01-02,3,1200,3,0,4,2,1,2,205,0,0,0,700,2,5,1,1,1,1,1,3,0,0,0,3,1,0,,5,10.0,07,3.0,1.0,1.0,0.0,1.0,1.0,500,3.0,1.0,1.0,"-624650,51","-1111166,302","-624650,51","-1111166,302","-624650,421","-1111166,353",,,,silnice2.t¯Ìdy,360,2066714,,Souhlasn˝sesmÏrem˙seku,Pomal˝,596957.0,,GN_V0.1UIR-ADR_410,2
161406190007,3,3853.0,2019-01-02,3,1335,1,1,0,1,1,2,205,0,0,1,600,2,8,1,5,3,1,1,1,1,0,0,3,2,0,,3,39.0,99,1.0,1.0,1.0,0.0,1.0,1.0,200,3.0,1.0,1.0,"-623213,273","-1126022,191","-623213,273","-1126022,191","-623221,65","-1126023,474",DolnÌRoûÌnka,,,silnice3.t¯Ìdy,3853,3185210,,OpaËn˝kesmÏru˙seku,Pomal˝,595535.0,,GN_V0.1UIR-ADR_410,1
161406190008,8,,2019-01-02,3,2560,2,0,0,2,1,0,504,0,0,0,100,2,6,1,1,1,1,1,1,0,0,0,1,2,0,,17,,XX,,,,,,,0,,,,"-641479,615","-1115037,833","-641479,615","-1115037,833","-641474,518","-1115042,929",éÔ·rnadS·zavou,,,mÌstnÌkomunikace,,509752,,Souhlasn˝sesmÏrem˙seku,Pomal˝,595209.0,,GN_V0.1UIR-ADR_410,1
161406190009,8,,2019-01-02,3,2560,2,0,0,2,1,0,504,0,0,0,50,2,6,1,1,1,1,1,1,0,0,0,1,2,0,,17,,XX,,,,,,,0,,,,"-641673,242","-1114433,946","-641673,242","-1114433,946","-641673,264","-1114439,397",éÔ·rnadS·zavou,,,mÌstnÌkomunikace,,1887067,,Souhlasn˝sesmÏrem˙seku,Pomal˝,595209.0,,GN_V0.1UIR-ADR_410,1
161406190010,2,360.0,2019-01-03,4,1330,3,0,3,1,1,2,204,0,0,2,805,2,6,1,5,3,1,2,1,0,0,0,3,1,0,,3,32.0,07,1.0,1.0,1.0,0.0,1.0,1.0,800,2.0,1.0,1.0,"-639302,157","-1139480,55","-639302,157","-1139480,55","-639300,831","-1139486,99",,,,silnice2.t¯Ìdy,360,1732966,,Souhlasn˝sesmÏrem˙seku,Pomal˝,597007.0,,GN_V0.1UIR-ADR_410,2
161406190011,2,348.0,2019-01-03,4,1450,1,1,0,1,1,2,204,0,0,1,2200,2,5,1,5,3,1,1,1,0,0,0,2,2,0,,3,2.0,93,1.0,1.0,1.0,0.0,1.0,1.0,200,3.0,1.0,1.0,"-648037,817","-1132388,722","-648037,817","-1132388,722","-648032,321","-1132386,89",,,,silnice2.t¯Ìdy,348,566030,,Souhlasn˝sesmÏrem˙seku,Pomal˝,596116.0,,GN_V0.1UIR-ADR_410,2