IDENTIFIKA»NÕ »ÕSLO,DRUH POZEMNÕ KOMUNIKACE,»ÕSLO POZEMNÕ KOMUNIKACE,"den, mÏsÌc, rok",,Ëas ,DRUH NEHODY,DRUH SR¡éKY JEDOUCÕCH VOZIDEL,DRUH PEVN… PÿEK¡éKY,CHARAKTER NEHODY,ZAVINÃNÕ NEHODY,ALKOHOL U VINÕKA NEHODY PÿÕTOMEN,HLAVNÕ PÿÕ»INY NEHODY,usmrceno osob,tÏûce zranÏno osob,lehce zranÏno osob,CELKOV¡ HMOTN¡ äKODA,DRUH POVRCHU VOZOVKY,STAV POVRCHU VOZOVKY V DOBÃ NEHODY,STAV KOMUNIKACE,POVÃTRNOSTNÕ PODMÕNKY V DOBÃ NEHODY,VIDITELNOST,ROZHLEDOV… POMÃRY,DÃLENÕ KOMUNIKACE,SITUOV¡NÕ NEHODY NA KOMUNIKACI,ÿÕZENÕ PROVOZU V DOBÃ NEHODY,MÕSTNÕ ⁄PRAVA PÿEDNOSTI V JÕZDÃ,SPECIFICK¡ MÕSTA A OBJEKTY V MÕSTÃ NEHODY,SMÃROV… POMÃRY,PO»ET Z⁄»ASTNÃN›CH VOZIDEL,MÕSTO DOPRAVNÕ NEHODY,DRUH KÿIéUJÕCÕ KOMUNIKACE,DRUH VOZIDLA,V›ROBNÕ ZNA»KA MOTOROV…HO VOZIDLA,ROK V›ROBY VOZIDLA,CHARAKTERISTIKA VOZIDLA ,SMYK,VOZIDLO PO NEHODÃ,"⁄NIK PROVOZNÕCH, PÿEPRAVOVAN›CH HMOT",ZPŸSOB VYPROäTÃNÕ OSOB Z VOZIDLA,SMÃR JÕZDY NEBO POSTAVENÕ VOZIDLA,äKODA NA VOZIDLE,KATEGORIE ÿIDI»E,STAV ÿIDI»E,VNÃJäÕ OVLIVNÃNÕ ÿIDI»E,nan.1,nan.2,nan.3,nan.4,nan.5,nan.6,nan.7,nan.8,nan.9,nan.10,nan.11,nan.12,nan.13,nan.14,nan.15,nan.16,nan.17,nan.18,LOKALITA NEHODY
161406190012,6,,2019-01-03,4,1460,2,0,0,2,1,0,511,0,0,0,150,1,6,1,1,1,1,1,0,0,0,10,1,2,0,,17,,XX,,,,,,,0,,,,"-642460,258","-1114830,061","-642460,258","-1114830,061","-642456,531","-1114831,045",éÔ·rnadS·zavou,,,mÌstnÌkomunikace,,3099879,,Souhlasn˝sesmÏrem˙seku,Pomal˝,595209.0,,GN_V0.1UIR-ADR_410,1
161406190013,2,353.0,2019-01-04,5,600,5,0,0,2,4,0,100,0,0,0,100,2,6,1,5,7,1,1,1,0,0,0,1,1,0,,3,42.0,15,3.0,0.0,1.0,0.0,1.0,1.0,100,2.0,1.0,1.0,"-645443,297","-1120226,586","-645443,297","-1120226,586","-645436,399","-1120236,516",,,,silnice2.t¯Ìdy,353,2703984,,Souhlasn˝sesmÏrem˙seku,Pomal˝,596256.0,,GN_V0.1UIR-ADR_410,2
161406190014,3,35314.0,2019-01-04,5,2560,3,0,9,2,1,0,511,0,0,0,25,2,6,1,5,3,1,1,1,0,0,0,1,1,0,,17,,XX,,,,,,,0,,,,"-633188,782","-1115510,746","-633188,782","-1115510,746","-633187,368","-1115510,552",NovÈMÏstonaMoravÏ,Vlachovick·,,silnice3.t¯Ìdy,35314,511598,,OpaËn˝kesmÏru˙seku,Pomal˝,596230.0,652750.0,GN_V0.1UIR-ADR_410,1
161406190015,2,602.0,2019-01-04,5,2245,3,0,6,2,1,0,205,0,0,0,450,2,5,1,1,4,1,1,8,0,0,1,2,1,0,,3,29.0,02,1.0,1.0,1.0,0.0,1.0,3.0,100,2.0,1.0,1.0,"-639061,191","-1138310,709","-639061,191","-1138310,709","-639058,221","-1138309,478",VelkÈMezi¯ÌËÌ,Novosady,,silnice2.t¯Ìdy,602,581094,,Souhlasn˝sesmÏrem˙seku,Pomal˝,597007.0,654540.0,GN_V0.1UIR-ADR_410,1
161406190016,1,19.0,2019-01-05,6,120,3,0,2,2,1,0,204,0,0,0,820,2,8,1,5,7,1,1,1,0,0,0,3,1,0,,6,62.0,17,3.0,0.0,3.0,0.0,1.0,3.0,0,3.0,1.0,1.0,"-650995,785","-1113446,277","-650995,785","-1113446,277","-650993,622","-1113441,038",NovÈDvory,,,silnice1.t¯Ìdy,19,2584311,,Souhlasn˝sesmÏrem˙seku,Pomal˝,587974.0,,GN_V0.1UIR-ADR_410,1
161406190017,2,360.0,2019-01-05,6,1050,3,0,1,1,1,2,204,0,0,4,1510,2,8,1,3,3,1,1,1,0,0,0,1,1,0,,3,4.0,16,3.0,1.0,1.0,1.0,1.0,1.0,1500,2.0,1.0,1.0,"-630885,868","-1133865,647","-630885,868","-1133865,647","-630878,999","-1133868,334",,,,silnice2.t¯Ìdy,360,2068029,,OpaËn˝kesmÏru˙seku,Pomal˝,595977.0,,GN_V0.1UIR-ADR_410,2
161406190018,1,19.0,2019-01-05,6,1205,1,2,0,1,1,2,204,0,0,1,4250,2,6,1,5,3,1,1,1,0,0,0,1,2,0,,5,62.0,12,3.0,1.0,1.0,0.0,1.0,3.0,900,3.0,1.0,1.0,"-637522,497","-1115370,532","-637522,497","-1115370,532","-637522,641","-1115369,333",,,,silnice1.t¯Ìdy,19,2926828,,Souhlasn˝sesmÏrem˙seku,Pomal˝,595209.0,,GN_V0.1UIR-ADR_410,2
161406190019,6,,2019-01-07,1,527,4,0,0,1,1,0,504,0,1,0,0,2,5,1,6,4,1,1,1,0,0,0,1,1,0,,17,,XX,,,,,,,0,,,,"-641557,786","-1114887,382","-641565,306","-1114871,804","-641565,023","-1114871,793",éÔ·rnadS·zavou,ävermova,,mÌstnÌkomunikace,,1602880,,OpaËn˝kesmÏru˙seku,Pomal˝,595209.0,655791.0,GN_V0.1UIR-ADR_410,1
161406190020,3,3853.0,2019-01-07,1,1710,5,0,0,2,4,0,100,0,0,0,739,2,3,1,1,6,1,1,1,0,0,0,1,1,0,,3,39.0,15,1.0,0.0,1.0,0.0,1.0,1.0,600,2.0,1.0,1.0,"-624995,611","-1129404,95","-624995,611","-1129404,95","-624994,342","-1129406,417",,,,silnice3.t¯Ìdy,3853,2067872,,Souhlasn˝sesmÏrem˙seku,Pomal˝,596825.0,,GN_V0.1UIR-ADR_410,2
161406190021,6,,2019-01-07,1,1917,4,0,0,1,1,2,501,0,0,1,0,2,3,1,3,7,1,1,1,0,0,0,1,1,0,,3,47.0,15,3.0,0.0,1.0,0.0,1.0,5.0,0,2.0,1.0,1.0,"-624710,607","-1146880,917","-624710,607","-1146880,917","-624714,817","-1146878,857",Velk·BÌteö,Nov·»tvrù,,mÌstnÌkomunikace,,835911,,OpaËn˝kesmÏru˙seku,Pomal˝,596973.0,,GN_V0.1UIR-ADR_410,1
161406190022,2,379.0,2019-01-08,2,630,1,1,0,1,1,3,205,0,0,2,3800,2,6,1,6,4,1,1,1,0,0,0,3,2,0,,3,39.0,15,1.0,1.0,0.0,1.0,1.0,1.0,1300,3.0,4.0,1.0,"-624156,993","-1145781,315","-624156,993","-1145781,315","-624155,257","-1145783,411",,,,silnice2.t¯Ìdy,379,2703792,,OpaËn˝kesmÏru˙seku,Pomal˝,596973.0,,GN_V0.1UIR-ADR_410,2
161406190023,2,360.0,2019-01-08,2,820,1,2,0,2,1,0,511,0,0,0,100,2,3,1,5,1,1,1,1,0,0,0,1,2,0,,17,,XX,,,,,,,0,,,,"-630590,777","-1132316,8","-630590,777","-1132316,8","-630589,863","-1132316,628",,,,silnice2.t¯Ìdy,360,2704947,,Souhlasn˝sesmÏrem˙seku,Pomal˝,595802.0,,GN_V0.1UIR-ADR_410,2
161406190024,2,354.0,2019-01-08,2,835,5,0,0,2,4,0,100,0,0,0,50,2,6,1,5,1,1,1,1,0,0,0,3,1,0,,3,39.0,09,1.0,0.0,1.0,0.0,1.0,3.0,50,3.0,1.0,1.0,"-628212,923","-1108443,046","-628212,923","-1108443,046","-628212,862","-1108443,236",,,,silnice2.t¯Ìdy,354,1363095,,OpaËn˝kesmÏru˙seku,Pomal˝,595969.0,,GN_V0.1UIR-ADR_410,2
161406190025,2,602.0,2019-01-09,3,710,4,0,0,1,1,2,412,0,0,1,50,2,5,1,5,3,1,1,1,0,0,1,1,1,0,,5,19.0,17,3.0,0.0,1.0,0.0,1.0,3.0,50,3.0,1.0,1.0,"-638946,417","-1138607,276","-638946,417","-1138607,276","-638946,291","-1138607,043",VelkÈMezi¯ÌËÌ,Sokolovsk·,,silnice2.t¯Ìdy,602,581927,,OpaËn˝kesmÏru˙seku,Pomal˝,597007.0,654728.0,GN_V0.1UIR-ADR_410,1
161406190026,1,19.0,2019-01-10,4,657,4,0,0,1,1,2,412,0,0,2,50,2,8,1,5,5,1,1,1,3,5,1,1,1,0,,5,39.0,06,1.0,0.0,1.0,0.0,1.0,1.0,50,2.0,1.0,1.0,"-641975,474","-1114476,824","-641966,342","-1114478,436","-641966,155","-1114478,607",éÔ·rnadS·zavou,éiûkova,,silnice1.t¯Ìdy,19,1713488,,Souhlasn˝sesmÏrem˙seku,Pomal˝,595209.0,656020.0,GN_V0.1UIR-ADR_410,1
161406190027,6,,2019-01-10,4,2560,3,0,6,2,1,0,511,0,0,0,50,2,8,1,1,1,2,0,8,0,0,0,1,1,0,,17,,XX,,,,,,,0,,,,"-638469,171","-1138557,062","-638469,171","-1138557,062","-638474,678","-1138549,489",VelkÈMezi¯ÌËÌ,KOLM¡,,mÌstnÌkomunikace,,2927705,,OpaËn˝kesmÏru˙seku,Pomal˝,597007.0,,GN_V0.1UIR-ADR_410,1
161406190028,2,360.0,2019-01-10,4,1700,5,0,0,2,4,0,100,0,0,0,200,2,6,1,1,6,1,1,1,0,0,0,1,1,0,,3,39.0,18,3.0,0.0,0.0,0.0,1.0,3.0,200,3.0,1.0,1.0,"-642620,568","-1140975,397","-642628,088","-1140968,414","-642626,92","-1140968,992",,,,silnice2.t¯Ìdy,360,3262554,,Souhlasn˝sesmÏrem˙seku,Pomal˝,511412.0,,GN_V0.1UIR-ADR_410,2
161406190029,6,,2019-01-02,3,1100,3,0,6,2,2,0,504,0,0,0,50,2,8,1,5,3,1,1,1,0,0,0,1,1,0,,17,,XX,,,,,,,0,,,,"-649200,688","-1115898,514","-649200,688","-1115898,514","-649199,052","-1115903,852",S·zava,,,mÌstnÌkomunikace,,1145454,,Souhlasn˝sesmÏrem˙seku,Pomal˝,596701.0,,GN_V0.1UIR-ADR_410,1
161406190030,1,19.0,2019-01-11,5,540,5,0,0,2,4,0,100,0,0,0,541,2,3,1,1,6,1,1,1,0,0,0,2,1,0,,3,17.0,17,3.0,0.0,1.0,0.0,1.0,3.0,400,3.0,1.0,1.0,"-652391,09","-1113218,843","-652391,09","-1113218,843","-652390,378","-1113216,388",,,,silnice1.t¯Ìdy,19,2067027,,Souhlasn˝sesmÏrem˙seku,Pomal˝,587974.0,,GN_V0.1UIR-ADR_410,2
161406190031,2,375.0,2019-01-11,5,1010,1,2,0,2,1,0,501,0,0,0,1,2,5,1,1,1,3,1,1,0,0,0,2,2,0,,17,,XX,,,,,,,0,,,,"-620481,572","-1109394,31","-620481,572","-1109394,31","-620497,578","-1109407,252",Jimramov,UbuöÌnsk·,,silnice2.t¯Ìdy,375,3254252,,OpaËn˝kesmÏru˙seku,Pomal˝,595772.0,731005.0,GN_V0.1UIR-ADR_410,1
161406190032,6,,2019-01-11,5,1635,4,0,0,1,3,2,100,0,0,1,0,2,8,1,5,2,1,1,1,0,0,0,1,1,0,,3,47.0,99,1.0,0.0,1.0,0.0,1.0,5.0,0,2.0,1.0,1.0,"-642415,315","-1114821,332","-642415,315","-1114821,332","-642416,287","-1114821,068",éÔ·rnadS·zavou,StrojÌrensk·,,mÌstnÌkomunikace,,732625,,OpaËn˝kesmÏru˙seku,Pomal˝,595209.0,655724.0,GN_V0.1UIR-ADR_410,1
161406190033,3,35421.0,2019-01-13,0,550,1,2,0,2,1,2,204,0,0,0,750,2,8,1,5,4,1,1,1,3,3,2,4,2,19,6.0,3,2.0,12,1.0,1.0,1.0,0.0,1.0,12.0,500,3.0,1.0,1.0,"-641334,432","-1114950,465","-641334,432","-1114950,465","-641327,843","-1114944,148",éÔ·rnadS·zavou,Jamsk·,,silnice3.t¯Ìdy,35421,732582,,Souhlasn˝sesmÏrem˙seku,Pomal˝,595209.0,655210.0,GN_V0.1UIR-ADR_410,1
161406190034,2,385.0,2019-01-14,1,330,3,0,1,2,1,2,511,0,0,0,2100,2,5,1,4,7,1,1,3,0,0,0,3,1,0,,7,48.0,09,3.0,0.0,1.0,0.0,1.0,3.0,1200,3.0,1.0,1.0,"-627993,424","-1120719,412","-627992,638","-1120723,015","-627992,699","-1120723,172",,,,silnice2.t¯Ìdy,385,1147945,,OpaËn˝kesmÏru˙seku,Pomal˝,587842.0,,GN_V0.1UIR-ADR_410,2
161406190035,6,,2019-01-14,1,730,4,0,0,1,1,2,412,0,0,1,0,2,5,1,1,2,1,1,1,0,0,1,1,1,0,,3,31.0,00,1.0,0.0,1.0,0.0,1.0,5.0,0,3.0,1.0,1.0,"-641600,016","-1114544,408","-641597,331","-1114527,756","-641597,335","-1114528,399",éÔ·rnadS·zavou,Neumannova,,mÌstnÌkomunikace,,1713509,,OpaËn˝kesmÏru˙seku,Pomal˝,595209.0,655511.0,GN_V0.1UIR-ADR_410,1
161406190036,8,,2019-01-14,1,2560,2,0,0,2,1,0,502,0,0,0,50,2,5,1,1,2,1,1,1,0,0,10,1,2,0,,17,,XX,,,,,,,0,,,,"-641671,604","-1114410,624","-641671,604","-1114410,624","-641671,725","-1114404,21",éÔ·rnadS·zavou,,,mÌstnÌkomunikace,,1602794,,,Pomal˝,595209.0,,GN_V0.1UIR-ADR_410,1
161406190037,2,353.0,2019-01-14,1,2560,2,0,0,2,1,0,504,0,0,0,70,2,6,1,1,1,1,1,1,0,0,10,1,2,0,,17,,XX,,,,,,,0,,,,"-627897,052","-1107107,465","-627897,052","-1107107,465","-627895,824","-1107100,501",SnÏûnÈ,,,silnice2.t¯Ìdy,353,2918800,,OpaËn˝kesmÏru˙seku,Pomal˝,596787.0,,GN_V0.1UIR-ADR_410,1
161406190038,2,354.0,2019-01-15,2,1207,1,4,0,2,1,2,201,0,0,0,140,2,6,1,5,1,1,1,1,0,0,0,3,2,0,,3,39.0,05,1.0,0.0,3.0,0.0,1.0,1.0,40,2.0,1.0,1.0,"-631508,698","-1113668,329","-631508,698","-1113668,329","-631509,446","-1113668,009",NOV…MÃSTONAMORAVÃ-MARäOVICE,,,silnice2.t¯Ìdy,354,3185225,,OpaËn˝kesmÏru˙seku,Pomal˝,596230.0,,GN_V0.1UIR-ADR_410,1
161406190039,1,19.0,2019-01-15,2,1510,1,1,0,2,1,0,205,0,0,0,400,2,1,1,1,1,1,1,1,0,0,0,3,2,0,,3,39.0,02,1.0,1.0,3.0,0.0,1.0,1.0,100,3.0,1.0,1.0,"-629597,578","-1117737,412","-629597,578","-1117737,412","-629598,276","-1117739,01",,,,silnice1.t¯Ìdy,19,2074288,,OpaËn˝kesmÏru˙seku,Pomal˝,596230.0,,GN_V0.1UIR-ADR_410,2
161406190040,1,19.0,2019-01-14,1,2230,5,0,0,2,4,0,100,0,0,0,300,2,3,1,5,7,1,1,1,0,0,0,1,1,0,,3,47.0,00,1.0,0.0,1.0,0.0,1.0,1.0,300,2.0,1.0,1.0,"-652461,948","-1113191,142","-652461,948","-1113191,142","-652462,839","-1113193,997",,,,silnice1.t¯Ìdy,19,2067027,,OpaËn˝kesmÏru˙seku,Pomal˝,587974.0,,GN_V0.1UIR-ADR_410,2
161406190041,1,37.0,2019-01-16,3,2100,5,0,0,2,4,0,100,0,0,0,2141,2,1,1,1,6,1,1,1,0,0,0,1,1,0,,3,2.0,18,3.0,0.0,1.0,0.0,1.0,1.0,2000,2.0,1.0,1.0,"-629695,387","-1140494,723","-629695,387","-1140494,723","-629692,723","-1140493,334",,,,silnice1.t¯Ìdy,37,2068077,,OpaËn˝kesmÏru˙seku,Pomal˝,596329.0,,GN_V0.1UIR-ADR_410,2
161406190042,2,602.0,2019-01-16,3,2311,3,0,3,2,1,0,511,0,0,0,150,2,1,1,1,4,1,1,1,3,3,0,7,1,19,2.0,3,39.0,08,1.0,0.0,4.0,0.0,1.0,13.0,100,9.0,,,"-638500,162","-1138937,246","-638500,162","-1138937,246","-638497,512","-1138933,418",VelkÈMezi¯ÌËÌ,Sokolovsk·,,silnice2.t¯Ìdy,602,582701,,Souhlasn˝sesmÏrem˙seku,Pomal˝,597007.0,654728.0,GN_V0.1UIR-ADR_410,1
161406190043,2,602.0,2019-01-17,4,700,5,0,0,2,4,0,100,0,0,0,541,2,1,1,1,6,1,1,1,0,0,0,1,1,0,,3,13.0,17,3.0,0.0,1.0,0.0,1.0,3.0,400,2.0,1.0,1.0,"-634936,998","-1141406,205","-634936,998","-1141406,205","-634936,531","-1141405,557",,,,silnice2.t¯Ìdy,602,3459430,,OpaËn˝kesmÏru˙seku,Pomal˝,595730.0,,GN_V0.1UIR-ADR_410,2
161406190044,6,,2019-01-17,4,1815,2,0,0,2,1,0,509,0,0,0,200,2,3,1,1,4,1,1,1,0,0,0,1,2,0,,3,31.0,16,3.0,0.0,1.0,0.0,1.0,5.0,200,2.0,1.0,1.0,"-641912,143","-1114727,101","-641912,143","-1114727,101","-641914,767","-1114725,252",éÔ·rnadS·zavou,Veselsk·,,mÌstnÌkomunikace,,732599,,Souhlasn˝sesmÏrem˙seku,Pomal˝,595209.0,655902.0,GN_V0.1UIR-ADR_410,1
161406190045,6,,2019-01-19,6,1300,1,2,0,1,1,2,409,0,0,1,900,2,1,1,1,1,1,1,1,3,3,1,1,2,0,,3,35.0,12,1.0,0.0,1.0,0.0,1.0,5.0,700,3.0,1.0,1.0,"-641599,318","-1114413,375","-641581,056","-1114419,821","-641581,054",-1114420,éÔ·rnadS·zavou,,,mÌstnÌkomunikace,,1887061,,Souhlasn˝sesmÏrem˙seku,Pomal˝,595209.0,,GN_V0.1UIR-ADR_410,1
161406190046,2,385.0,2019-01-21,1,830,1,2,0,2,1,0,501,0,0,0,100,2,1,1,1,1,1,1,1,0,0,0,3,2,0,,17,,XX,,,,,,,0,,,,"-624595,741","-1125415,621","-624595,741","-1125415,621","-624599,318","-1125418,431",,,,silnice2.t¯Ìdy,385,2066983,,OpaËn˝kesmÏru˙seku,Pomal˝,595241.0,,GN_V0.1UIR-ADR_410,2
161406190047,2,350.0,2019-01-21,1,1145,9,0,0,2,1,2,204,0,0,0,530,2,5,1,6,1,1,1,1,0,0,0,3,1,0,,3,39.0,18,3.0,1.0,1.0,0.0,1.0,1.0,500,2.0,1.0,1.0,"-637144,078","-1103184,208","-637144,078","-1103184,208","-637145,114","-1103182,149",,,,silnice2.t¯Ìdy,350,2066892,,OpaËn˝kesmÏru˙seku,Pomal˝,588016.0,,GN_V0.1UIR-ADR_410,2
161406190048,6,,2019-01-21,1,1220,2,0,0,2,1,0,502,0,0,0,50,2,6,1,1,1,1,1,1,0,0,0,1,2,0,,17,,XX,,,,,,,0,,,,"-641294,154","-1113214,531","-641294,154","-1113214,531","-641293,718","-1113214,347",éÔ·rnadS·zavou,PolnÌ,,mÌstnÌkomunikace,,2926146,,Souhlasn˝sesmÏrem˙seku,Pomal˝,595209.0,655571.0,GN_V0.1UIR-ADR_410,1
161406190049,6,,2019-01-21,1,2560,3,0,6,2,1,0,511,0,0,0,100,2,1,1,1,1,1,1,1,0,0,0,1,1,0,,17,,XX,,,,,,,0,,,,"-624950,396","-1147229,695","-624950,396","-1147229,695","-624950,901","-1147231,076",Velk·BÌteö,L·nice,,mÌstnÌkomunikace,3791a,2703119,,OpaËn˝kesmÏru˙seku,Pomal˝,596973.0,653748.0,GN_V0.1UIR-ADR_410,1
161406190050,1,19.0,2019-01-22,2,1645,5,0,0,2,4,0,100,0,0,0,241,2,1,1,1,2,1,1,1,0,0,0,1,1,0,,3,32.0,09,1.0,0.0,1.0,0.0,1.0,1.0,100,2.0,1.0,1.0,"-621644,304","-1120468,086","-621644,304","-1120468,086","-621642,283","-1120457,118",,,,silnice1.t¯Ìdy,19,3294643,,OpaËn˝kesmÏru˙seku,Pomal˝,595411.0,,GN_V0.1UIR-ADR_410,2
161406190051,3,38811.0,2019-01-23,3,1938,7,2,0,2,1,2,401,0,0,0,1700,2,6,1,1,4,1,1,1,2,0,4,1,2,0,,3,12.0,13,1.0,0.0,1.0,0.0,1.0,1.0,700,2.0,1.0,1.0,"-621393,67","-1126407,54","-621393,67","-1126407,54","-621388,628","-1126407,579",Roûn·,,,silnice3.t¯Ìdy,38811,1151809,,Souhlasn˝sesmÏrem˙seku,Pomal˝,596655.0,,GN_V0.1UIR-ADR_410,1
161406190052,2,360.0,2019-01-23,3,1900,5,0,0,2,4,0,100,0,0,0,139,2,1,1,1,6,3,1,1,0,0,0,2,1,0,,3,47.0,11,1.0,0.0,1.0,0.0,1.0,1.0,100,3.0,1.0,1.0,"-631231,872","-1123837,717","-631231,872","-1123837,717","-631236,401","-1123838,365",,,,silnice2.t¯Ìdy,360,2066848,,OpaËn˝kesmÏru˙seku,Pomal˝,595268.0,,GN_V0.1UIR-ADR_410,2
161406190053,2,392.0,2019-01-24,4,1915,5,0,0,2,4,0,100,0,0,0,100,2,1,1,1,6,1,1,1,0,0,0,1,1,0,,3,39.0,12,1.0,0.0,1.0,0.0,1.0,3.0,100,2.0,1.0,1.0,"-634895,855","-1145559,82","-634895,855","-1145559,82","-634895,613","-1145559,62",,,,silnice2.t¯Ìdy,392,3185455,,Souhlasn˝sesmÏrem˙seku,Pomal˝,591831.0,,GN_V0.1UIR-ADR_410,2
161406190054,6,,2019-01-25,5,1715,3,0,4,2,1,2,204,0,0,0,1300,2,6,1,1,2,1,1,3,0,0,0,3,1,0,,3,38.0,17,3.0,1.0,1.0,0.0,1.0,5.0,1200,3.0,1.0,1.0,"-639238,362","-1137547,764","-639238,362","-1137547,764","-639238,466","-1137549,732",VelkÈMezi¯ÌËÌ,,,mÌstnÌkomunikace,,1419534,,Souhlasn˝sesmÏrem˙seku,Pomal˝,597007.0,,GN_V0.1UIR-ADR_410,1
161406190055,2,353.0,2019-01-25,5,1800,9,0,0,2,1,2,204,0,0,0,610,2,8,1,1,6,1,1,1,0,0,0,3,1,0,,3,47.0,99,1.0,1.0,1.0,0.0,1.0,1.0,600,2.0,1.0,1.0,"-647658,834","-1122650,466","-647656,148","-1122630,054","-647656,16","-1122630,175",,,,silnice2.t¯Ìdy,353,2924049,,OpaËn˝kesmÏru˙seku,Pomal˝,595292.0,,GN_V0.1UIR-ADR_410,2
161406190056,1,19.0,2019-01-26,6,1415,1,3,0,1,1,2,204,0,0,1,800,2,5,1,5,3,1,1,1,0,0,0,2,2,0,,3,47.0,04,1.0,1.0,1.0,0.0,1.0,1.0,500,2.0,1.0,1.0,"-614832,128","-1123360,435","-614838,037","-1123396,425","-614838,007","-1123396,01",,,,silnice1.t¯Ìdy,19,2704292,,Souhlasn˝sesmÏrem˙seku,Pomal˝,596884.0,,GN_V0.1UIR-ADR_410,2
161406190057,2,602.0,2019-01-26,6,1630,3,0,1,1,1,2,204,0,0,1,400,2,5,1,5,3,1,1,3,0,0,0,1,1,0,,3,12.0,09,1.0,1.0,1.0,0.0,1.0,1.0,400,2.0,1.0,1.0,"-652263,762","-1131596,087","-652248,722","-1131605,218","-652248,728","-1131605,26",,,,silnice2.t¯Ìdy,602,3256428,,Souhlasn˝sesmÏrem˙seku,Pomal˝,587516.0,,GN_V0.1UIR-ADR_410,2
161406190058,2,602.0,2019-01-26,6,1901,3,0,4,2,1,2,204,0,0,0,1210,2,8,1,5,7,1,1,1,0,0,0,3,1,0,,3,47.0,16,3.0,1.0,1.0,0.0,1.0,1.0,1200,2.0,1.0,1.0,"-635366,474","-1141152,057","-635366,474","-1141152,057","-635367,309","-1141156,28",,,,silnice2.t¯Ìdy,602,2075271,,OpaËn˝kesmÏru˙seku,Pomal˝,595730.0,,GN_V0.1UIR-ADR_410,2
161406190059,2,602.0,2019-01-27,0,2005,5,0,0,2,4,0,100,0,0,0,641,2,1,1,1,6,1,1,1,0,0,0,1,1,0,,3,39.0,11,3.0,0.0,1.0,0.0,1.0,1.0,500,3.0,1.0,1.0,"-651180,746","-1131755,935","-651180,746","-1131755,935","-651180,738","-1131755,88",,,,silnice2.t¯Ìdy,602,2703701,,Souhlasn˝sesmÏrem˙seku,Pomal˝,587516.0,,GN_V0.1UIR-ADR_410,2
161406190060,2,602.0,2019-01-28,1,720,1,2,0,2,1,2,511,0,0,0,410,2,6,1,5,2,1,1,1,3,3,7,5,2,19,6.0,3,39.0,15,12.0,1.0,1.0,0.0,1.0,23.0,400,2.0,1.0,1.0,"-639727,798","-1138058,98","-639708,718","-1138072,219","-639708,746","-1138072,351",VelkÈMezi¯ÌËÌ,HornomÏstsk·,,silnice2.t¯Ìdy,602,3268938,,OpaËn˝kesmÏru˙seku,Pomal˝,597007.0,654078.0,GN_V0.1UIR-ADR_410,1
161406190061,8,,2019-01-28,1,630,9,0,0,2,1,2,511,0,0,0,2800,2,6,1,5,6,1,0,1,0,0,0,3,1,0,,7,40.0,07,3.0,0.0,0.0,0.0,1.0,5.0,2000,3.0,1.0,1.0,"-647444,027","-1108588,29","-647444,027","-1108588,29","-647445,007","-1108588,601",,,,mÌstnÌkomunikace,,2065702,,,Pomal˝,588059.0,,GN_V0.1UIR-ADR_410,2
161406190062,6,,2019-01-28,1,730,4,0,0,1,3,2,100,0,0,1,50,2,8,1,5,2,6,1,1,3,3,1,4,1,10,6.0,5,19.0,13,3.0,0.0,1.0,0.0,1.0,5.0,50,2.0,1.0,1.0,"-642356,973","-1114147,616","-642371,478","-1114184,683","-642369,72","-1114184,88",éÔ·rnadS·zavou,Libick·,,mÌstnÌkomunikace,,507240,,OpaËn˝kesmÏru˙seku,Pomal˝,595209.0,771341.0,GN_V0.1UIR-ADR_410,1
161406190063,6,,2019-01-28,1,720,3,0,2,2,1,0,204,0,0,0,40,2,5,1,1,2,1,1,1,3,3,1,5,1,10,6.0,3,25.0,96,1.0,1.0,3.0,0.0,1.0,5.0,10,2.0,1.0,1.0,"-638763,246","-1138630,879","-638763,246","-1138630,879","-638762,459","-1138630,562",VelkÈMezi¯ÌËÌ,NADGYMNASIEM,,mÌstnÌkomunikace,,1767921,,,Pomal˝,597007.0,,GN_V0.1UIR-ADR_410,1
161406190064,3,35433.0,2019-01-29,2,1645,1,1,0,2,1,0,501,0,0,0,30,2,6,1,1,2,1,1,1,0,0,0,3,2,0,,17,,XX,,,,,,,0,,,,"-645994,991","-1132261,35","-646014,865","-1132252,756","-646014,936","-1132252,102",BlÌzkov,,,silnice3.t¯Ìdy,35433,1379726,,Souhlasn˝sesmÏrem˙seku,Pomal˝,595250.0,,GN_V0.1UIR-ADR_410,1
161406190065,1,37.0,2019-01-30,3,1940,5,0,0,2,4,0,100,0,0,0,139,2,1,1,1,6,1,1,1,0,0,0,1,1,0,,3,47.0,03,1.0,0.0,1.0,0.0,1.0,1.0,100,3.0,1.0,1.0,"-644327,981","-1101774,411","-644327,981","-1101774,411","-644315,676","-1101762,086",,,,silnice1.t¯Ìdy,37,2925398,,Souhlasn˝sesmÏrem˙seku,Pomal˝,597091.0,,GN_V0.1UIR-ADR_410,2