IDENTIFIKA»NÕ »ÕSLO,DRUH POZEMNÕ KOMUNIKACE,»ÕSLO POZEMNÕ KOMUNIKACE,"den, mÏsÌc, rok",,Ëas ,DRUH NEHODY,DRUH SR¡éKY JEDOUCÕCH VOZIDEL,DRUH PEVN… PÿEK¡éKY,CHARAKTER NEHODY,ZAVINÃNÕ NEHODY,ALKOHOL U VINÕKA NEHODY PÿÕTOMEN,HLAVNÕ PÿÕ»INY NEHODY,usmrceno osob,tÏûce zranÏno osob,lehce zranÏno osob,CELKOV¡ HMOTN¡ äKODA,DRUH POVRCHU VOZOVKY,STAV POVRCHU VOZOVKY V DOBÃ NEHODY,STAV KOMUNIKACE,POVÃTRNOSTNÕ PODMÕNKY V DOBÃ NEHODY,VIDITELNOST,ROZHLEDOV… POMÃRY,DÃLENÕ KOMUNIKACE,SITUOV¡NÕ NEHODY NA KOMUNIKACI,ÿÕZENÕ PROVOZU V DOBÃ NEHODY,MÕSTNÕ ⁄PRAVA PÿEDNOSTI V JÕZDÃ,SPECIFICK¡ MÕSTA A OBJEKTY V MÕSTÃ NEHODY,SMÃROV… POMÃRY,PO»ET Z⁄»ASTNÃN›CH VOZIDEL,MÕSTO DOPRAVNÕ NEHODY,DRUH KÿIéUJÕCÕ KOMUNIKACE,DRUH VOZIDLA,V›ROBNÕ ZNA»KA MOTOROV…HO VOZIDLA,ROK V›ROBY VOZIDLA,CHARAKTERISTIKA VOZIDLA ,SMYK,VOZIDLO PO NEHODÃ,"⁄NIK PROVOZNÕCH, PÿEPRAVOVAN›CH HMOT",ZPŸSOB VYPROäTÃNÕ OSOB Z VOZIDLA,SMÃR JÕZDY NEBO POSTAVENÕ VOZIDLA,äKODA NA VOZIDLE,KATEGORIE ÿIDI»E,STAV ÿIDI»E,VNÃJäÕ OVLIVNÃNÕ ÿIDI»E,nan.1,nan.2,nan.3,nan.4,nan.5,nan.6,nan.7,nan.8,nan.9,nan.10,nan.11,nan.12,nan.13,nan.14,nan.15,nan.16,nan.17,nan.18,LOKALITA NEHODY
161606190001,1,37.0,2019-01-02,3,805,1,2,0,1,1,2,204,0,0,1,150,2,6,1,5,3,1,1,1,0,0,0,1,2,0,,3,32.0,01,1.0,1.0,1.0,0.0,1.0,1.0,50,2.0,1.0,1.0,"-648992,154","-1096884,857","-648992,154","-1096884,857","-648991,541","-1096885,015",,,,silnice1.t¯Ìdy,37,2694852,,Souhlasn˝sesmÏrem˙seku,Pomal˝,569780.0,,GN_V0.1UIR-ADR_410,2
161606190002,2,345.0,2019-01-02,3,925,5,0,0,2,4,0,100,0,0,0,541,2,8,1,6,1,1,1,1,0,0,0,3,1,0,,3,32.0,18,1.0,0.0,1.0,0.0,1.0,1.0,400,3.0,1.0,1.0,"-651859,278","-1098005,959","-651859,278","-1098005,959","-651859,308","-1098007,403",,,,silnice2.t¯Ìdy,345,3230640,,Souhlasn˝sesmÏrem˙seku,Pomal˝,569518.0,,GN_V0.1UIR-ADR_410,2
161606190003,1,34.0,2019-01-02,3,930,3,0,3,1,1,2,204,0,0,1,1430,2,6,1,5,1,1,1,1,0,0,0,3,1,0,,6,35.0,06,3.0,1.0,1.0,0.0,1.0,3.0,600,3.0,1.0,1.0,"-647963,071","-1098302,605","-647962,534","-1098296,696","-647962,487","-1098296,581",KOHOUTOV,,,silnice1.t¯Ìdy,34,2386381,,OpaËn˝kesmÏru˙seku,Pomal˝,569780.0,,GN_V0.1UIR-ADR_410,1
161606190004,3,3489.0,2019-01-02,3,1250,5,0,0,2,4,0,100,0,0,0,231,2,6,1,5,1,1,1,1,0,0,0,1,1,0,,5,12.0,17,3.0,0.0,1.0,0.0,1.0,3.0,200,2.0,1.0,1.0,"-670475,352","-1109798,256","-670475,352","-1109798,256","-670478,828","-1109797,034",,,,silnice3.t¯Ìdy,3489,2054871,,Souhlasn˝sesmÏrem˙seku,Pomal˝,548316.0,,GN_V0.1UIR-ADR_410,2
161606190005,2,150.0,2019-01-03,4,45,5,0,0,2,4,0,100,0,0,0,432,2,3,1,1,6,1,1,1,0,0,0,1,1,0,,3,47.0,15,8.0,0.0,1.0,0.0,1.0,3.0,150,3.0,1.0,1.0,"-671833,084","-1103816,572","-671833,084","-1103816,572","-671834,173","-1103817,75",,,,silnice2.t¯Ìdy,150,3322567,,OpaËn˝kesmÏru˙seku,Pomal˝,569186.0,,GN_V0.1UIR-ADR_410,2
161606190006,1,34.0,2019-01-03,4,1220,0,0,0,2,1,0,511,0,0,0,800,2,3,1,1,1,1,1,1,0,0,0,1,2,0,,17,,XX,,,,,,,0,,,,"-674545,22","-1110503,853","-674545,22","-1110503,853","-674545,224","-1110503,759",,,,silnice1.t¯Ìdy,34,1656326,,OpaËn˝kesmÏru˙seku,Pomal˝,569691.0,,GN_V0.1UIR-ADR_410,2
161606190007,2,130.0,2019-01-03,4,1545,1,2,0,2,1,2,502,0,0,0,180,2,5,1,1,1,1,1,1,0,0,0,1,2,0,,3,48.0,14,3.0,0.0,1.0,0.0,1.0,1.0,100,2.0,1.0,1.0,"-675951,139","-1085399,533","-675951,139","-1085399,533","-675951,041","-1085399,145",,,,silnice2.t¯Ìdy,130,2076603,,Souhlasn˝sesmÏrem˙seku,Pomal˝,569151.0,,GN_V0.1UIR-ADR_410,2
161606190008,1,38.0,2019-01-03,4,2025,5,0,0,2,4,0,100,0,0,0,50,2,3,1,1,6,1,1,1,0,0,0,1,1,0,,3,13.0,03,1.0,0.0,1.0,0.0,1.0,1.0,50,2.0,1.0,1.0,"-671960,659","-1088312,94","-671960,659","-1088312,94","-671960,267","-1088313,08",,,,silnice1.t¯Ìdy,38,3292706,,Souhlasn˝sesmÏrem˙seku,Pomal˝,568651.0,,GN_V0.1UIR-ADR_410,2
161606190009,1,34.0,2019-01-04,5,1950,9,0,0,1,1,2,204,0,0,2,100,2,8,1,1,6,1,1,8,0,0,0,3,1,0,,3,13.0,00,1.0,1.0,1.0,0.0,1.0,3.0,100,2.0,1.0,1.0,"-663337,222","-1106413,857","-663340,444","-1106424,6","-663340,375","-1106424,236",,,,silnice1.t¯Ìdy,34,3602050,,Souhlasn˝sesmÏrem˙seku,Pomal˝,569291.0,,GN_V0.1UIR-ADR_410,2
161606190010,1,38.0,2019-01-04,5,2058,1,2,0,2,1,2,411,0,0,0,103,2,3,1,5,5,1,4,1,0,0,0,1,2,0,,7,62.0,17,3.0,0.0,1.0,0.0,1.0,3.0,0,3.0,1.0,1.0,"-667321,172","-1105702,366","-667335,137","-1105701,291","-667332,793","-1105701,127",HavlÌËk˘vBrod,Masarykova,,silnice1.t¯Ìdy,38,732013,,Souhlasn˝sesmÏrem˙seku,Pomal˝,568414.0,111805.0,GN_V0.1UIR-ADR_410,1
161606190011,2,150.0,2019-01-05,6,1400,5,0,0,2,4,0,100,0,0,0,239,2,3,1,3,1,1,1,1,0,0,0,2,1,0,,3,25.0,10,1.0,0.0,1.0,0.0,1.0,1.0,100,2.0,1.0,1.0,"-675515,155","-1101170,512","-675515,155","-1101170,512","-675516,378","-1101173,248",,,,silnice2.t¯Ìdy,150,2870747,,OpaËn˝kesmÏru˙seku,Pomal˝,555266.0,,GN_V0.1UIR-ADR_410,2
161606190012,6,,2019-01-05,6,2560,2,0,0,2,1,0,504,0,0,0,70,2,3,1,1,4,1,1,3,0,0,10,1,2,0,,17,,XX,,,,,,,0,,,,"-659216,023","-1095909,728","-659216,023","-1095909,728","-659217,834","-1095909,703",ChotÏbo¯,NaChmelnici,,mÌstnÌkomunikace,,441859,,Souhlasn˝sesmÏrem˙seku,Pomal˝,568759.0,113867.0,GN_V0.1UIR-ADR_410,1
161606190013,2,150.0,2019-01-05,6,1645,5,0,0,2,4,0,100,0,0,0,333,2,3,1,1,2,1,1,1,0,0,0,3,1,0,,3,39.0,16,1.0,0.0,1.0,0.0,1.0,1.0,100,2.0,1.0,1.0,"-673796,828","-1103654,248","-673796,828","-1103654,248","-673793,831","-1103647,691",,,,silnice2.t¯Ìdy,150,2694151,,Souhlasn˝sesmÏrem˙seku,Pomal˝,569186.0,,GN_V0.1UIR-ADR_410,2
161606190014,6,,2019-01-07,1,845,2,0,0,2,1,0,504,0,0,0,50,2,8,1,1,1,1,1,1,0,0,0,1,2,0,,5,12.0,10,3.0,0.0,1.0,0.0,1.0,5.0,0,9.0,,,"-649138,456","-1098751,172","-649138,456","-1098751,172","-649130,829","-1098754,051",édÌrecnadDoubravou,DruûstevnÌ,,mÌstnÌkomunikace,,1379938,,Souhlasn˝sesmÏrem˙seku,Pomal˝,569780.0,117161.0,GN_V0.1UIR-ADR_410,1
161606190015,6,,2019-01-07,1,702,1,4,0,2,1,0,504,0,0,0,200,2,3,1,1,4,1,1,1,0,0,0,1,2,0,,3,39.0,04,1.0,0.0,1.0,0.0,1.0,5.0,0,9.0,,,"-667608,142","-1106290,033","-667608,618","-1106290,039","-667608,722","-1106290,128",HavlÌËk˘vBrod,Husova,,mÌstnÌkomunikace,,731081,,,Pomal˝,568414.0,,GN_V0.1UIR-ADR_410,1
161606190016,3,34731.0,2019-01-07,1,2105,5,0,0,2,4,0,100,0,0,0,189,2,3,1,1,6,1,1,1,0,0,0,1,1,0,,3,47.0,97,1.0,0.0,1.0,0.0,1.0,1.0,50,3.0,1.0,1.0,"-681608,135","-1094790,165","-681608,135","-1094790,165","-681608,52","-1094790,474",,,,silnice3.t¯Ìdy,34731,2693339,,OpaËn˝kesmÏru˙seku,Pomal˝,569569.0,,GN_V0.1UIR-ADR_410,2
161606190017,3,34529.0,2019-01-08,2,1225,3,0,1,1,1,2,204,0,0,1,150,2,8,1,6,1,1,1,8,0,0,0,1,2,0,,3,39.0,06,1.0,1.0,1.0,0.0,1.0,1.0,0,2.0,1.0,1.0,"-656705,703","-1099280,893","-656705,703","-1099280,893","-656704,521","-1099280,533",,,,silnice3.t¯Ìdy,34529,2696583,,Souhlasn˝sesmÏrem˙seku,Pomal˝,568759.0,,GN_V0.1UIR-ADR_410,2
161606190018,2,344.0,2019-01-08,2,1530,1,3,0,2,1,2,204,0,0,0,350,2,6,1,5,1,1,1,1,0,0,0,3,2,0,,3,27.0,97,1.0,1.0,1.0,0.0,1.0,1.0,50,7.0,1.0,1.0,"-655127,844","-1087503,06","-655127,844","-1087503,06","-655128,077","-1087503,354",MODLETÕN,,,silnice2.t¯Ìdy,344,2076818,,OpaËn˝kesmÏru˙seku,Pomal˝,569402.0,,GN_V0.1UIR-ADR_410,1
161606190019,3,1830.0,2019-01-08,2,2206,3,0,1,2,0,0,100,0,0,0,500,2,3,1,1,4,1,1,1,0,0,0,1,1,0,,3,17.0,17,1.0,0.0,1.0,0.0,1.0,1.0,500,4.0,1.0,1.0,"-688189,756","-1094017,535","-688189,756","-1094017,535","-688173,938","-1094000,194",LedeËnadS·zavou,,,silnice3.t¯Ìdy,01830,3513465,,Souhlasn˝sesmÏrem˙seku,Pomal˝,568988.0,,GN_V0.1UIR-ADR_410,1
161606190020,3,34732.0,2019-01-04,5,2560,3,0,9,2,1,0,511,0,0,0,100,2,6,1,5,6,1,1,8,0,0,0,3,1,0,,17,,XX,,,,,,,0,,,,"-679858,509","-1097722,342","-679861,732","-1097722,879","-679862,444","-1097723,04",SvÏtl·nadS·zavou,,,silnice3.t¯Ìdy,34732,3454649,,Souhlasn˝sesmÏrem˙seku,Pomal˝,569569.0,,GN_V0.1UIR-ADR_410,1
161606190021,3,34744.0,2019-01-09,3,2115,9,0,0,2,1,2,510,0,0,0,70,2,6,1,5,7,1,1,8,0,0,0,1,1,0,,5,43.0,90,3.0,0.0,1.0,0.0,1.0,1.0,20,3.0,1.0,1.0,"-686195,406","-1097906,745","-686195,406","-1097906,745","-686192,708","-1097906,713",,,,silnice3.t¯Ìdy,34744,2693537,,Souhlasn˝sesmÏrem˙seku,Pomal˝,568457.0,,GN_V0.1UIR-ADR_410,2
161606190022,2,130.0,2019-01-10,4,603,5,0,0,2,4,0,100,0,0,0,241,2,6,1,5,6,1,1,1,0,0,0,1,1,0,,3,39.0,02,1.0,0.0,1.0,0.0,1.0,1.0,100,2.0,1.0,1.0,"-689412,223","-1100317,46","-689412,223","-1100317,46","-689390,048","-1100325,57",,,,silnice2.t¯Ìdy,130,2076677,,Souhlasn˝sesmÏrem˙seku,Pomal˝,568848.0,,GN_V0.1UIR-ADR_410,2
161606190023,6,,2019-01-09,3,1500,4,0,0,1,1,0,506,0,0,1,0,2,6,1,5,1,1,1,1,0,0,0,3,1,0,,9,0.0,91,3.0,0.0,1.0,0.0,1.0,5.0,0,3.0,1.0,1.0,"-665508,677","-1097245,431","-665508,677","-1097245,431","-665509,156","-1097246,242",LYS¡,,,mÌstnÌkomunikace,,1137091,,Souhlasn˝sesmÏrem˙seku,Pomal˝,568708.0,,GN_V0.1UIR-ADR_410,1
161606190024,1,34.0,2019-01-10,4,1720,3,0,4,2,1,2,204,0,0,0,1600,2,3,1,1,6,1,1,3,0,0,0,3,1,0,,7,26.0,10,3.0,1.0,1.0,0.0,1.0,1.0,300,3.0,1.0,1.0,"-678076,237","-1111161,492","-678076,237","-1111161,492","-678078,52","-1111158,43",,,,silnice1.t¯Ìdy,34,2855365,,OpaËn˝kesmÏru˙seku,Pomal˝,569691.0,,GN_V0.1UIR-ADR_410,2
161606190025,2,150.0,2019-01-10,4,1755,1,2,0,2,1,0,302,0,0,0,400,2,3,1,5,4,1,1,1,0,0,0,1,2,0,,17,,XX,,,,,,,0,,,,"-692695,562","-1094832,739","-692695,562","-1094832,739","-692697,973","-1094837,065",,,,silnice2.t¯Ìdy,150,3264596,,OpaËn˝kesmÏru˙seku,Pomal˝,568694.0,,GN_V0.1UIR-ADR_410,2
161606190026,2,130.0,2019-01-11,5,1050,2,0,0,2,1,0,506,0,0,0,100,2,5,1,1,1,1,1,3,0,0,0,1,2,0,,17,,XX,,,,,,,0,,,,"-689050,309","-1099733,18","-689049,235","-1099736,403","-689048,818","-1099737,339",,,,silnice2.t¯Ìdy,130,2076802,,Souhlasn˝sesmÏrem˙seku,Pomal˝,568848.0,,GN_V0.1UIR-ADR_410,2
161606190027,3,34416.0,2019-01-11,5,1050,1,2,0,2,1,0,501,0,0,0,100,2,6,1,1,1,1,1,1,0,0,0,2,2,0,,17,,XX,,,,,,,0,,,,"-656253,888","-1092742,526","-656253,888","-1092737,155","-656253,557","-1092736,838",LibicenadDoubravou,Z·meck·,,silnice3.t¯Ìdy,34416,1419088,,Souhlasn˝sesmÏrem˙seku,Pomal˝,569020.0,115827.0,GN_V0.1UIR-ADR_410,1
161606190028,1,34.0,2019-01-11,5,1730,5,0,0,2,4,0,100,0,0,0,241,2,5,1,5,7,1,1,1,0,0,0,3,1,0,,3,47.0,18,1.0,0.0,1.0,0.0,1.0,3.0,100,2.0,1.0,1.0,"-657822,964","-1102636,677","-657733,258","-1102504,536","-657733,37","-1102504,455",,,,silnice1.t¯Ìdy,34,3219813,,OpaËn˝kesmÏru˙seku,Pomal˝,568503.0,,GN_V0.1UIR-ADR_410,2
161606190029,1,38.0,2019-01-11,5,2050,1,2,0,2,1,0,401,0,0,0,100,2,8,1,5,5,1,1,1,2,0,0,4,2,19,6.0,17,,XX,,,,,,,0,,,,"-667408,522","-1106401,664","-667402,613","-1106413,481","-667402,539","-1106413,513",HavlÌËk˘vBrod,Masarykova,,silnice1.t¯Ìdy,38,717057,,Souhlasn˝sesmÏrem˙seku,Pomal˝,568414.0,,GN_V0.1UIR-ADR_410,1
161606190030,2,344.0,2019-01-11,5,2130,5,0,0,2,4,0,100,0,0,0,150,2,8,1,1,6,1,1,1,0,0,0,1,1,0,,3,39.0,10,1.0,0.0,1.0,0.0,1.0,1.0,150,2.0,1.0,1.0,"-666341,538","-1104935,285","-666341,538","-1104935,285","-666342,833","-1104934,939",HavlÌËk˘vBrod,UVlkovska,,silnice2.t¯Ìdy,344,2693239,,OpaËn˝kesmÏru˙seku,Pomal˝,568414.0,112780.0,GN_V0.1UIR-ADR_410,1
161606190031,1,34.0,2019-01-14,1,1115,0,0,0,2,1,0,511,0,0,0,500,2,3,1,1,1,1,1,1,0,0,0,2,2,0,,17,,XX,,,,,,,0,,,,"-659711,271","-1105867,41","-659711,271","-1105867,41","-659708,582","-1105871,576",,,,silnice1.t¯Ìdy,34,2055074,,Souhlasn˝sesmÏrem˙seku,Pomal˝,568937.0,,GN_V0.1UIR-ADR_410,2
161606190032,1,38.0,2019-01-15,2,930,1,1,0,1,1,2,204,0,0,1,900,2,6,1,1,1,1,1,1,0,0,0,1,2,0,,5,13.0,99,3.0,1.0,1.0,0.0,1.0,1.0,100,3.0,1.0,1.0,"-672109,882","-1088975,928","-672115,79","-1088974,317","-672114,03","-1088974,659",,,,silnice1.t¯Ìdy,38,3292698,,Souhlasn˝sesmÏrem˙seku,Pomal˝,568651.0,,GN_V0.1UIR-ADR_410,2
161606190033,6,,2019-01-15,2,1035,2,0,0,2,1,0,504,0,0,0,10,2,5,1,6,1,1,1,1,0,0,0,1,2,0,,17,,XX,,,,,,,0,,,,"-659420,217","-1095545,215","-659420,217","-1095545,215","-659417,07","-1095543,206",ChotÏbo¯,UPrefy,,mÌstnÌkomunikace,,1419133,,OpaËn˝kesmÏru˙seku,Pomal˝,568759.0,,GN_V0.1UIR-ADR_410,1
161606190034,1,37.0,2019-01-15,2,1454,1,3,0,1,1,2,204,1,0,0,1800,2,8,1,5,1,1,1,1,0,0,0,1,2,0,,3,17.0,02,1.0,1.0,1.0,0.0,1.0,1.0,500,4.0,1.0,1.0,"-648753,625","-1095955,105","-648753,625","-1095955,105","-648752,915","-1095955,285",,,,silnice1.t¯Ìdy,37,1492413,,Souhlasn˝sesmÏrem˙seku,Pomal˝,569780.0,,GN_V0.1UIR-ADR_410,2
161606190035,2,130.0,2019-01-17,4,750,5,0,0,2,4,0,100,0,0,0,841,2,1,1,1,1,1,1,1,0,0,0,2,1,0,,3,60.0,17,1.0,0.0,1.0,0.0,1.0,1.0,700,2.0,1.0,1.0,"-688618,516","-1099495,758","-688618,516","-1099495,758","-688626,381","-1099489,076",,,,silnice2.t¯Ìdy,130,1733889,,OpaËn˝kesmÏru˙seku,Pomal˝,568848.0,,GN_V0.1UIR-ADR_410,2
161606190036,2,347.0,2019-01-17,4,1050,1,2,0,2,1,0,501,0,0,0,30,2,1,1,1,1,1,1,1,0,0,0,3,2,0,,17,,XX,,,,,,,0,,,,"-677445,313","-1097319,841","-677457,13","-1097330,046","-677456,232","-1097330,219",,,,silnice2.t¯Ìdy,347,1362681,,OpaËn˝kesmÏru˙seku,Pomal˝,573604.0,,GN_V0.1UIR-ADR_410,2
161606190037,6,,2019-01-17,4,1030,3,0,2,2,1,2,504,0,0,0,50,2,3,1,1,1,1,1,3,3,5,0,5,1,10,7.0,5,32.0,04,1.0,0.0,1.0,0.0,1.0,5.0,0,2.0,1.0,1.0,"-656157,364","-1092880,366","-656157,364","-1092880,366","-656146,925","-1092875,949",LibicenadDoubravou,ZadnÌ,,mÌstnÌkomunikace,,762601,,Souhlasn˝sesmÏrem˙seku,Pomal˝,569020.0,115819.0,GN_V0.1UIR-ADR_410,1
161606190038,1,34.0,2019-01-17,4,2130,5,0,0,2,4,0,100,0,0,0,277,2,1,1,1,6,1,1,1,0,5,0,1,1,0,,3,47.0,95,1.0,0.0,1.0,0.0,1.0,1.0,100,2.0,1.0,1.0,"-660901,782","-1106095,171","-660901,782","-1106095,171","-660901,203","-1106099,19",,,,silnice1.t¯Ìdy,34,1296424,,Souhlasn˝sesmÏrem˙seku,Pomal˝,569291.0,,GN_V0.1UIR-ADR_410,2
161606190039,1,38.0,2019-01-18,5,640,1,1,0,1,1,2,204,0,1,1,2400,2,6,1,6,4,1,1,1,0,0,0,3,2,0,,3,7.0,09,1.0,1.0,1.0,1.0,1.0,1.0,750,2.0,1.0,1.0,"-669628,58","-1096139,486","-669633,415","-1096125,519","-669635,232","-1096125,798",,,,silnice1.t¯Ìdy,38,2075928,,OpaËn˝kesmÏru˙seku,Pomal˝,569470.0,,GN_V0.1UIR-ADR_410,2
161606190040,6,,2019-01-18,5,955,2,0,0,1,1,2,509,0,0,1,350,1,3,1,1,1,1,1,3,0,0,0,1,2,0,,3,13.0,98,1.0,0.0,1.0,0.0,1.0,5.0,50,9.0,,,"-667129,964","-1106512,606","-667139,095","-1106515,829","-667139,33","-1106515,864",HavlÌËk˘vBrod,HornÌ,,mÌstnÌkomunikace,,3096241,,Souhlasn˝sesmÏrem˙seku,Pomal˝,568414.0,111503.0,GN_V0.1UIR-ADR_410,1
161606190041,3,3507.0,2019-01-18,5,1218,1,2,0,2,1,0,501,0,0,0,100,2,1,1,1,1,1,1,1,0,0,0,2,2,0,,17,,XX,,,,,,,0,,,,"-652652,157","-1102515,929","-652652,157","-1102515,929","-652653,083","-1102515,734",,,,silnice3.t¯Ìdy,3507,1362817,,OpaËn˝kesmÏru˙seku,Pomal˝,569224.0,,GN_V0.1UIR-ADR_410,2
161606190042,2,150.0,2019-01-18,5,635,5,0,0,2,4,0,100,0,0,0,50,2,1,1,1,6,1,1,1,0,0,0,1,1,0,,3,35.0,05,1.0,0.0,1.0,0.0,1.0,1.0,50,3.0,1.0,1.0,"-672229,74","-1103539,357","-672229,74","-1103539,357","-672229,796","-1103539,531",,,,silnice2.t¯Ìdy,150,3448116,,OpaËn˝kesmÏru˙seku,Pomal˝,569186.0,,GN_V0.1UIR-ADR_410,2
161606190043,3,34526.0,2019-01-19,6,2150,5,0,0,2,4,0,100,0,0,0,639,2,1,1,1,6,1,1,1,0,0,0,1,1,0,,3,13.0,08,1.0,0.0,1.0,0.0,1.0,1.0,500,3.0,1.0,1.0,"-658779,628","-1091923,532","-658779,628","-1091923,532","-658772,941","-1091924,172",,,,silnice3.t¯Ìdy,34526,2694305,,Souhlasn˝sesmÏrem˙seku,Pomal˝,569160.0,,GN_V0.1UIR-ADR_410,2
161606190044,1,38.0,2019-01-20,0,1800,5,0,0,2,4,0,100,0,0,0,739,2,1,1,1,6,1,1,1,0,0,0,1,1,0,,3,31.0,16,1.0,0.0,1.0,0.0,1.0,1.0,600,3.0,1.0,1.0,"-667149,948","-1115191,804","-667149,948","-1115191,804","-667145,181","-1115191,832",,,,silnice1.t¯Ìdy,38,1733734,,Souhlasn˝sesmÏrem˙seku,Pomal˝,548588.0,,GN_V0.1UIR-ADR_410,2
161606190045,6,,2019-01-21,1,2560,2,0,0,2,1,0,504,0,0,0,50,2,1,1,1,1,1,1,8,0,5,10,1,2,0,,17,,XX,,,,,,,0,,,,"-667200,303","-1106426,726","-667202,988","-1106439,617","-667202,906","-1106438,795",HavlÌËk˘vBrod,Husova,,mÌstnÌkomunikace,,3473823,,Souhlasn˝sesmÏrem˙seku,Pomal˝,568414.0,111562.0,GN_V0.1UIR-ADR_410,1
161606190046,6,,2019-01-22,2,713,1,3,0,2,1,2,504,0,0,0,152,2,1,1,1,2,1,1,1,3,3,0,5,2,10,7.0,12,0.0,,15.0,0.0,1.0,0.0,1.0,5.0,0,3.0,1.0,1.0,"-667257,748","-1105459,932","-667257,748","-1105459,932","-667257,886","-1105461,574",HavlÌËk˘vBrod,Praûsk·,,mÌstnÌkomunikace,,732266,,OpaËn˝kesmÏru˙seku,Pomal˝,568414.0,,GN_V0.1UIR-ADR_410,1
161606190047,2,351.0,2019-01-22,2,730,5,0,0,2,4,0,100,0,0,0,89,2,1,1,1,2,1,1,1,0,0,0,1,1,0,,3,39.0,16,3.0,0.0,1.0,0.0,1.0,1.0,50,2.0,1.0,1.0,"-658467,365","-1102506,132","-658467,365","-1102506,132","-658472,554","-1102504,283",,,,silnice2.t¯Ìdy,351,3230362,,OpaËn˝kesmÏru˙seku,Pomal˝,568503.0,,GN_V0.1UIR-ADR_410,2
161606190048,3,3508.0,2019-01-19,6,1930,5,0,0,2,4,0,100,0,0,0,200,2,1,1,1,6,1,1,1,0,0,0,1,1,0,,3,17.0,16,1.0,0.0,1.0,0.0,1.0,1.0,200,2.0,1.0,1.0,"-654885,074","-1102892,537","-654885,074","-1102892,537","-654886,101","-1102893,21",,,,silnice3.t¯Ìdy,3508,2694764,,OpaËn˝kesmÏru˙seku,Pomal˝,546216.0,,GN_V0.1UIR-ADR_410,2
161606190049,2,344.0,2019-01-22,2,1730,5,0,0,2,4,0,100,0,0,0,300,2,1,1,1,6,1,1,1,0,0,0,1,1,0,,3,17.0,15,1.0,0.0,1.0,0.0,1.0,1.0,300,2.0,1.0,1.0,"-661373,835","-1098407,456","-661373,835","-1098407,456","-661373,99","-1098407,356",,,,silnice2.t¯Ìdy,344,2075889,,OpaËn˝kesmÏru˙seku,Pomal˝,569399.0,,GN_V0.1UIR-ADR_410,2
161606190050,2,345.0,2019-01-23,3,1400,5,0,0,2,4,0,100,0,0,0,639,2,1,1,1,1,1,1,1,0,0,0,1,1,0,,5,32.0,16,3.0,0.0,1.0,0.0,1.0,1.0,500,2.0,1.0,1.0,"-654580,192","-1097103,27","-654580,192","-1097103,27","-654579,477","-1097099,538",,,,silnice2.t¯Ìdy,345,445685,,Souhlasn˝sesmÏrem˙seku,Pomal˝,569020.0,,GN_V0.1UIR-ADR_410,2
161606190051,3,34416.0,2019-01-23,3,520,5,0,0,2,4,0,100,0,0,0,150,2,1,1,1,6,1,1,1,0,0,0,1,1,0,,3,47.0,02,1.0,0.0,1.0,0.0,1.0,1.0,150,2.0,1.0,1.0,"-655335,983","-1093260,406","-655335,983","-1093260,406","-655336,351","-1093261,917",,,,silnice3.t¯Ìdy,34416,2694249,,OpaËn˝kesmÏru˙seku,Pomal˝,569020.0,,GN_V0.1UIR-ADR_410,2
161606190052,2,345.0,2019-01-25,5,2010,3,0,3,1,1,2,511,0,0,1,830,2,1,1,1,6,3,1,8,0,0,0,2,1,0,,3,39.0,07,1.0,0.0,1.0,0.0,1.0,3.0,800,3.0,1.0,1.0,"-670156,962","-1083807,563","-670155,351","-1083814,008","-670155,6","-1083814,318",,,,silnice2.t¯Ìdy,345,406285,,OpaËn˝kesmÏru˙seku,Pomal˝,568635.0,,GN_V0.1UIR-ADR_410,2
161606190053,3,3814.0,2019-01-26,6,1905,3,0,1,2,1,2,511,0,0,0,1700,2,6,1,3,6,1,1,8,0,0,0,2,1,0,,3,39.0,16,7.0,1.0,1.0,0.0,1.0,1.0,1700,2.0,1.0,1.0,"-664714,041","-1109275,826","-664714,041","-1109275,826","-664716,296","-1109276,351",,,,silnice3.t¯Ìdy,03814,3454731,,OpaËn˝kesmÏru˙seku,Pomal˝,568414.0,,GN_V0.1UIR-ADR_410,2
161606190054,1,34.0,2019-01-26,6,2245,1,2,0,1,1,8,204,0,0,1,1540,2,3,1,4,6,1,1,1,3,3,7,5,2,19,3.0,3,39.0,14,3.0,1.0,1.0,0.0,1.0,31.0,1100,2.0,5.0,1.0,"-673054,573","-1110087,209","-673053,794","-1110082,071","-673053,791","-1110082,076",,,,silnice1.t¯Ìdy,34,494846,,,Pomal˝,568953.0,,GN_V0.1UIR-ADR_410,2
161606190055,2,345.0,2019-01-28,1,335,5,0,0,2,4,0,100,0,0,0,741,2,3,1,5,7,1,1,1,0,0,0,1,1,0,,3,39.0,15,1.0,0.0,1.0,0.0,1.0,3.0,600,3.0,1.0,1.0,"-662797,042","-1087475,96","-662797,042","-1087475,96","-662797,535","-1087476,442",,,,silnice2.t¯Ìdy,345,2076624,,OpaËn˝kesmÏru˙seku,Pomal˝,569640.0,,GN_V0.1UIR-ADR_410,2