IDENTIFIKA»NÕ »ÕSLO,DRUH POZEMNÕ KOMUNIKACE,»ÕSLO POZEMNÕ KOMUNIKACE,"den, mÏsÌc, rok",,Ëas ,DRUH NEHODY,DRUH SR¡éKY JEDOUCÕCH VOZIDEL,DRUH PEVN… PÿEK¡éKY,CHARAKTER NEHODY,ZAVINÃNÕ NEHODY,ALKOHOL U VINÕKA NEHODY PÿÕTOMEN,HLAVNÕ PÿÕ»INY NEHODY,usmrceno osob,tÏûce zranÏno osob,lehce zranÏno osob,CELKOV¡ HMOTN¡ äKODA,DRUH POVRCHU VOZOVKY,STAV POVRCHU VOZOVKY V DOBÃ NEHODY,STAV KOMUNIKACE,POVÃTRNOSTNÕ PODMÕNKY V DOBÃ NEHODY,VIDITELNOST,ROZHLEDOV… POMÃRY,DÃLENÕ KOMUNIKACE,SITUOV¡NÕ NEHODY NA KOMUNIKACI,ÿÕZENÕ PROVOZU V DOBÃ NEHODY,MÕSTNÕ ⁄PRAVA PÿEDNOSTI V JÕZDÃ,SPECIFICK¡ MÕSTA A OBJEKTY V MÕSTÃ NEHODY,SMÃROV… POMÃRY,PO»ET Z⁄»ASTNÃN›CH VOZIDEL,MÕSTO DOPRAVNÕ NEHODY,DRUH KÿIéUJÕCÕ KOMUNIKACE,DRUH VOZIDLA,V›ROBNÕ ZNA»KA MOTOROV…HO VOZIDLA,ROK V›ROBY VOZIDLA,CHARAKTERISTIKA VOZIDLA ,SMYK,VOZIDLO PO NEHODÃ,"⁄NIK PROVOZNÕCH, PÿEPRAVOVAN›CH HMOT",ZPŸSOB VYPROäTÃNÕ OSOB Z VOZIDLA,SMÃR JÕZDY NEBO POSTAVENÕ VOZIDLA,äKODA NA VOZIDLE,KATEGORIE ÿIDI»E,STAV ÿIDI»E,VNÃJäÕ OVLIVNÃNÕ ÿIDI»E,nan.1,nan.2,nan.3,nan.4,nan.5,nan.6,nan.7,nan.8,nan.9,nan.10,nan.11,nan.12,nan.13,nan.14,nan.15,nan.16,nan.17,nan.18,LOKALITA NEHODY
161606190056,3,3818.0,2019-01-28,1,1150,1,1,0,1,1,2,204,0,0,1,250,2,8,1,1,1,1,1,1,0,0,0,2,2,0,,3,32.0,00,1.0,1.0,1.0,0.0,1.0,1.0,100,2.0,1.0,1.0,"-659596,029","-1108437,794","-659596,029","-1108437,794","-659595,463","-1108438,63",,,,silnice3.t¯Ìdy,03818,3106344,,Souhlasn˝sesmÏrem˙seku,Pomal˝,569534.0,,GN_V0.1UIR-ADR_410,2
161606190057,6,,2019-01-28,1,2340,3,0,6,2,1,2,511,0,0,0,350,2,5,1,6,4,1,0,8,0,0,0,1,1,0,,7,40.0,11,9.0,0.0,1.0,0.0,1.0,5.0,0,3.0,1.0,1.0,"-659031,662","-1094698,903","-659031,662","-1094698,903","-659031,786","-1094698,812",ChotÏbo¯,Soukenick·,,mÌstnÌkomunikace,,437827,,Souhlasn˝sesmÏrem˙seku,Pomal˝,568759.0,114201.0,GN_V0.1UIR-ADR_410,1
161606190058,2,344.0,2019-01-30,3,625,5,0,0,2,4,0,100,0,0,0,100,2,1,1,1,6,1,1,1,0,0,0,3,1,0,,3,44.0,18,1.0,0.0,1.0,0.0,1.0,1.0,100,2.0,1.0,1.0,"-664963,436","-1102180,974","-664963,436","-1102180,974","-664964,918","-1102180,295",,,,silnice2.t¯Ìdy,344,3106460,,OpaËn˝kesmÏru˙seku,Pomal˝,568597.0,,GN_V0.1UIR-ADR_410,2
161606190059,3,34418.0,2019-01-30,3,1250,1,1,0,1,1,2,204,0,0,1,300,2,6,1,1,1,1,1,1,0,0,0,3,2,0,,3,39.0,12,1.0,1.0,1.0,0.0,1.0,1.0,100,3.0,1.0,1.0,"-649111,414","-1094432,731","-649111,414","-1094432,731","-649111,491","-1094432,963",,,,silnice3.t¯Ìdy,34418,3109550,,OpaËn˝kesmÏru˙seku,Pomal˝,569488.0,,GN_V0.1UIR-ADR_410,2
161606190060,1,38.0,2019-01-30,3,1410,1,4,0,1,1,2,503,0,0,1,350,2,1,1,1,1,1,1,1,3,3,0,5,2,19,3.0,3,31.0,06,1.0,0.0,1.0,1.0,1.0,31.0,200,2.0,1.0,1.0,"-667452,482","-1109745,299","-667452,482","-1109745,299","-667455,941","-1109745,048",,,,silnice1.t¯Ìdy,38,1603711,,OpaËn˝kesmÏru˙seku,Pomal˝,568414.0,111627.0,GN_V0.1UIR-ADR_410,2
161606190061,1,19.0,2019-01-30,3,1710,5,0,0,2,4,0,100,0,0,0,539,2,1,1,1,2,1,1,1,0,0,0,3,1,0,,3,42.0,15,1.0,0.0,1.0,0.0,1.0,1.0,400,2.0,1.0,1.0,"-656975,23","-1110023,458","-656975,23","-1110027,755","-656975,515","-1110028,01",,,,silnice1.t¯Ìdy,19,835230,,OpaËn˝kesmÏru˙seku,Pomal˝,569321.0,,GN_V0.1UIR-ADR_410,2
161606190062,6,,2019-01-30,3,2560,2,0,0,2,1,0,504,0,0,0,100,2,3,1,1,1,1,1,1,0,0,0,1,2,0,,17,,XX,,,,,,,0,,,,"-667389,638","-1105896,009","-667389,638","-1105896,009","-667389,589","-1105896,004",HavlÌËk˘vBrod,SÌdliötÏPraûsk·,,mÌstnÌkomunikace,,1886340,,OpaËn˝kesmÏru˙seku,Pomal˝,568414.0,112445.0,GN_V0.1UIR-ADR_410,1
161606190063,2,150.0,2019-01-31,4,1735,5,0,0,2,4,0,100,0,0,0,283,2,1,1,1,6,1,1,1,0,0,0,3,1,0,,3,31.0,95,1.0,0.0,1.0,0.0,1.0,1.0,50,3.0,1.0,1.0,"-673938,006","-1103551,24","-673938,006","-1103551,24","-673935,546","-1103548,523",,,,silnice2.t¯Ìdy,150,2694151,,Souhlasn˝sesmÏrem˙seku,Pomal˝,569186.0,,GN_V0.1UIR-ADR_410,2
161706190001,3,13215.0,2019-01-02,3,1135,9,0,0,1,1,2,204,0,0,1,800,2,6,1,5,1,1,1,1,0,0,0,2,1,0,,3,5.0,16,1.0,1.0,1.0,0.0,1.0,1.0,800,2.0,1.0,1.0,"-695517,643","-1138711,626","-695517,643","-1138711,626","-695513,511","-1138714,083",,,,silnice3.t¯Ìdy,13215,1954497,,OpaËn˝kesmÏru˙seku,Pomal˝,561436.0,,GN_V0.1UIR-ADR_410,2
161706190002,6,,2019-01-01,2,2560,3,0,9,2,1,0,508,0,0,0,80,2,6,1,6,1,1,1,6,0,0,0,1,1,0,,17,,XX,,,,,,,0,,,,"-683487,318","-1112654,081","-683487,318","-1112654,081","-683487,588","-1112653,326",Humpolec,äkolnÌ,,mÌstnÌkomunikace,,502115,,OpaËn˝kesmÏru˙seku,Pomal˝,547999.0,,GN_V0.1UIR-ADR_410,1
161706190003,1,34.0,2019-01-02,3,1805,5,0,0,2,4,0,100,0,0,0,700,2,3,1,5,6,1,1,1,0,0,0,1,1,0,,3,17.0,17,3.0,0.0,1.0,0.0,1.0,1.0,700,2.0,1.0,1.0,"-679855,338","-1111536,894","-679855,338","-1111536,894","-679854,506","-1111541,415",,,,silnice1.t¯Ìdy,34,2699518,,Souhlasn˝sesmÏrem˙seku,Pomal˝,568678.0,,GN_V0.1UIR-ADR_410,2
161706190004,3,12936.0,2019-01-02,3,630,3,0,9,2,1,0,511,0,0,0,150,2,6,1,5,5,1,1,3,0,0,0,3,1,0,,17,,XX,,,,,,,0,,,,"-686945,99","-1110261,136","-686945,99","-1110261,136","-686942,845","-1110255,312",Ji¯ice,,,silnice3.t¯Ìdy,12936,1379509,,OpaËn˝kesmÏru˙seku,Pomal˝,548081.0,,GN_V0.1UIR-ADR_410,1
161706190005,6,,2019-01-03,4,1352,3,0,9,2,1,2,508,0,0,0,2050,2,3,1,5,3,1,1,1,0,0,9,1,1,0,,7,40.0,17,3.0,0.0,1.0,0.0,1.0,5.0,0,3.0,1.0,1.0,"-695045,557","-1124652,755","-695045,557","-1124652,755","-695019,45","-1124662,701",Pelh¯imov,Skr˝öovsk·,,mÌstnÌkomunikace,,3099391,,,Pomal˝,547492.0,,GN_V0.1UIR-ADR_410,1
161706190006,6,,2019-01-03,4,1760,2,0,0,2,2,0,504,0,0,0,100,1,6,1,1,4,1,1,1,0,0,10,1,2,0,,17,,XX,,,,,,,0,,,,"-695111,08","-1123627,159","-695111,08","-1123627,159","-695105,232","-1123629,637",Pelh¯imov,N·draûnÌ,,mÌstnÌkomunikace,,2386473,,OpaËn˝kesmÏru˙seku,Pomal˝,547492.0,,GN_V0.1UIR-ADR_410,1
161706190007,2,112.0,2019-01-04,5,2250,5,0,0,2,4,0,100,0,0,0,299,2,6,1,5,7,1,1,1,0,0,0,1,1,0,,3,47.0,14,7.0,0.0,1.0,0.0,1.0,3.0,150,3.0,1.0,1.0,"-692468,894","-1130019,616","-692468,894","-1130019,616","-692474,878","-1130022,982",,,,silnice2.t¯Ìdy,112,3448876,,OpaËn˝kesmÏru˙seku,Pomal˝,561932.0,,GN_V0.1UIR-ADR_410,2
161706190008,1,19.0,2019-01-05,6,5,5,0,0,2,4,0,100,0,0,0,641,2,3,1,1,6,1,1,1,0,0,0,1,1,0,,5,19.0,13,3.0,0.0,1.0,0.0,1.0,1.0,500,3.0,1.0,1.0,"-700206,2","-1121214,409","-700207,271","-1121214,409","-700208,039","-1121216,968",,,,silnice1.t¯Ìdy,19,1954291,,OpaËn˝kesmÏru˙seku,Pomal˝,548456.0,,GN_V0.1UIR-ADR_410,2
161706190009,2,112.0,2019-01-06,0,2130,5,0,0,2,4,0,100,0,0,0,500,2,1,1,1,6,1,1,1,0,0,0,1,1,0,,3,39.0,11,1.0,0.0,1.0,0.0,1.0,1.0,500,2.0,1.0,1.0,"-702599,892","-1105302,513","-702599,892","-1105302,513","-702606,247","-1105306,68",,,,silnice2.t¯Ìdy,112,1734603,,Souhlasn˝sesmÏrem˙seku,Pomal˝,561339.0,,GN_V0.1UIR-ADR_410,2
161706190010,6,,2019-01-07,1,1735,5,0,0,2,4,0,100,0,0,0,319,2,6,1,5,6,1,1,1,0,0,0,1,1,0,,5,35.0,18,3.0,0.0,1.0,0.0,1.0,5.0,180,3.0,1.0,1.0,"-686585,212","-1124698,061","-686585,212","-1124698,061","-686584,605","-1124701,332",,,,mÌstnÌkomunikace,,1953396,,Souhlasn˝sesmÏrem˙seku,Pomal˝,549142.0,,GN_V0.1UIR-ADR_410,2
161706190011,6,,2019-01-07,1,2560,2,0,0,2,1,0,508,0,0,0,5,2,8,1,5,1,1,0,0,0,0,0,1,2,0,,17,,XX,,,,,,,0,,,,"-715236,655","-1111444,858","-715236,655","-1111444,858","-715235,44","-1111445,073",TÏchobuz,,,mÌstnÌkomunikace,,1953879,,OpaËn˝kesmÏru˙seku,Pomal˝,561355.0,,GN_V0.1UIR-ADR_410,1
161706190012,3,1335.0,2019-01-08,2,1500,3,0,2,1,1,2,204,0,0,1,650,2,5,1,1,1,1,1,1,0,0,0,1,1,0,,3,39.0,03,3.0,1.0,1.0,0.0,1.0,1.0,150,2.0,1.0,1.0,"-683775,914","-1133077,931","-683775,914","-1133077,931","-683776,075","-1133078,064",ROHOZN¡,,,silnice3.t¯Ìdy,1335,1155545,,OpaËn˝kesmÏru˙seku,Pomal˝,587796.0,,GN_V0.1UIR-ADR_410,1
161706190013,6,,2019-01-10,4,920,3,0,2,2,1,2,204,0,0,0,370,2,6,1,1,1,1,1,1,0,0,0,3,1,0,,7,48.0,09,9.0,1.0,1.0,0.0,1.0,5.0,20,3.0,1.0,1.0,"-694430,411","-1107661,764","-694428,804","-1107668,19","-694428,15","-1107669,752",Senoûaty,,,mÌstnÌkomunikace,,1140968,,Souhlasn˝sesmÏrem˙seku,Pomal˝,548774.0,,GN_V0.1UIR-ADR_410,1
161706190014,3,11255.0,2019-01-10,4,1640,5,0,0,2,4,0,100,0,0,0,300,2,8,1,1,2,1,1,1,0,0,0,1,1,0,,3,17.0,16,1.0,0.0,1.0,0.0,1.0,1.0,300,2.0,1.0,1.0,"-694946,613","-1130443,004","-694946,613","-1130443,004","-694945,36","-1130442,938",Pelh¯imov,,,silnice3.t¯Ìdy,11255,2699610,,Souhlasn˝sesmÏrem˙seku,Pomal˝,547492.0,,GN_V0.1UIR-ADR_410,1
161706190015,6,,2019-01-11,5,705,2,0,0,2,1,2,201,0,0,0,410,2,8,1,1,4,1,1,1,0,0,0,1,2,0,,3,39.0,08,3.0,1.0,1.0,0.0,1.0,5.0,300,3.0,1.0,1.0,"-695660,419","-1123108,108","-695660,419","-1123108,108","-695663,682","-1123108,904",Pelh¯imov,Cholossiova,,mÌstnÌkomunikace,,537006,,Souhlasn˝sesmÏrem˙seku,Pomal˝,547492.0,380814.0,GN_V0.1UIR-ADR_410,1
161706190016,6,,2019-01-11,5,1130,2,0,0,2,1,2,505,0,0,0,270,1,6,1,5,1,1,1,1,0,0,10,1,2,0,,3,39.0,97,1.0,0.0,1.0,0.0,1.0,5.0,20,2.0,1.0,1.0,"-684145,256","-1111803,309","-684145,256","-1111803,309","-684143,675","-1111802,747",Humpolec,Nerudova,,mÌstnÌkomunikace,,1419231,,Souhlasn˝sesmÏrem˙seku,Pomal˝,547999.0,,GN_V0.1UIR-ADR_410,1
161706190017,2,347.0,2019-01-11,5,1640,3,0,6,2,1,2,204,0,0,0,830,2,6,1,1,2,1,1,1,0,0,0,2,1,0,,3,39.0,08,1.0,1.0,1.0,0.0,1.0,1.0,600,2.0,1.0,1.0,"-682843,665","-1111087,29","-682843,665","-1111087,29","-682847,044","-1111084,733",Humpolec,»ejovsk·,,silnice2.t¯Ìdy,347,3447195,,OpaËn˝kesmÏru˙seku,Pomal˝,547999.0,378666.0,GN_V0.1UIR-ADR_410,1
161706190018,6,,2019-01-12,6,2560,2,0,0,2,1,0,504,0,0,0,120,2,6,1,1,1,1,1,1,0,0,10,1,2,0,,17,,XX,,,,,,,0,,,,"-681467,71","-1116684,896","-681467,71","-1116684,896","-681466,683","-1116685,651",KRASO“OV,,,mÌstnÌkomunikace,,2581942,,OpaËn˝kesmÏru˙seku,Pomal˝,547999.0,,GN_V0.1UIR-ADR_410,1
161706190019,2,112.0,2019-01-13,0,1735,5,0,0,2,4,0,100,0,0,0,782,2,6,1,1,6,1,1,1,0,0,0,1,1,0,,3,17.0,13,1.0,0.0,1.0,0.0,1.0,1.0,500,3.0,1.0,1.0,"-688796,453","-1137399,831","-688796,453","-1137399,831","-688796,154","-1137399,905",,,,silnice2.t¯Ìdy,112,1955272,,Souhlasn˝sesmÏrem˙seku,Pomal˝,547913.0,,GN_V0.1UIR-ADR_410,2
161706190020,1,19.0,2019-01-13,0,2040,5,0,0,2,4,0,100,0,0,0,800,2,3,1,1,6,1,1,1,0,0,0,1,1,0,,7,40.0,17,3.0,0.0,1.0,0.0,1.0,1.0,800,3.0,1.0,1.0,"-701787,814","-1121003,425","-701787,814","-1121003,425","-701786,938","-1120995,356",,,,silnice1.t¯Ìdy,19,1954325,,Souhlasn˝sesmÏrem˙seku,Pomal˝,598704.0,,GN_V0.1UIR-ADR_410,2
161706190021,6,,2019-01-14,1,715,9,0,0,1,1,2,204,0,0,1,300,2,6,1,1,2,1,1,8,0,0,0,1,1,0,,3,13.0,02,1.0,1.0,1.0,1.0,1.0,5.0,300,2.0,1.0,1.0,"-696013,523","-1124847,173","-696013,523","-1124847,173","-696013,148","-1124847,989",,,,mÌstnÌkomunikace,,542506,,Souhlasn˝sesmÏrem˙seku,Pomal˝,547492.0,,GN_V0.1UIR-ADR_410,2
161706190022,2,129.0,2019-01-14,1,1715,4,0,0,1,1,2,412,0,0,1,0,2,6,1,5,5,1,1,1,0,0,1,1,1,0,,3,35.0,01,1.0,1.0,1.0,0.0,1.0,1.0,0,2.0,1.0,1.0,"-684402,542","-1112599,043","-684402,542","-1112599,043","-684400,236","-1112597,676",Humpolec,OkruûnÌ,,silnice2.t¯Ìdy,129,2580757,,OpaËn˝kesmÏru˙seku,Pomal˝,547999.0,379115.0,GN_V0.1UIR-ADR_410,1
161706190023,6,,2019-01-15,2,2560,2,0,0,2,1,0,504,0,0,0,500,2,6,1,1,1,1,1,1,0,0,0,1,2,0,,17,,XX,,,,,,,0,,,,"-707557,991","-1135904,257","-707557,991","-1135903,186","-707558,799","-1135904,287",KamenicenadLipou,NaRybnÌËku,,mÌstnÌkomunikace,,1543261,,Souhlasn˝sesmÏrem˙seku,Pomal˝,548111.0,379662.0,GN_V0.1UIR-ADR_410,1
161706190024,6,,2019-01-17,4,2560,2,0,0,2,1,0,504,0,0,0,200,2,1,1,1,2,1,1,1,0,0,0,1,2,0,,17,,XX,,,,,,,0,,,,"-694437,906","-1122655,01","-694437,906","-1122655,01","-694437,178","-1122656,667",Pelh¯imov,SlovanskÈhobratrstvÌ,,mÌstnÌkomunikace,,1491910,,Souhlasn˝sesmÏrem˙seku,Pomal˝,547492.0,381616.0,GN_V0.1UIR-ADR_410,1
161706190025,1,34.0,2019-01-17,4,1724,5,0,0,2,4,0,100,0,0,0,541,2,1,1,1,6,1,1,1,0,0,0,1,1,0,,3,39.0,10,1.0,0.0,1.0,0.0,1.0,3.0,400,3.0,1.0,1.0,"-697598,123","-1125604,076","-696534,555","-1125423,066","-696533,681","-1125424,013",,,,silnice1.t¯Ìdy,34,3069973,,Souhlasn˝sesmÏrem˙seku,Pomal˝,547492.0,,GN_V0.1UIR-ADR_410,2
161706190026,1,19.0,2019-01-17,4,2014,5,0,0,2,4,0,100,0,0,0,741,2,3,1,1,6,1,1,1,0,0,0,1,1,0,,3,47.0,18,3.0,0.0,1.0,0.0,1.0,1.0,600,2.0,1.0,1.0,"-716974,508","-1120453,683","-716976,115","-1120454,754","-716976,601","-1120456,48",,,,silnice1.t¯Ìdy,19,1954285,,OpaËn˝kesmÏru˙seku,Pomal˝,548472.0,,GN_V0.1UIR-ADR_410,2
161706190027,2,128.0,2019-01-18,5,125,9,0,0,1,1,2,204,0,0,1,810,2,6,1,1,6,1,1,1,0,0,0,3,1,0,,5,47.0,05,1.0,1.0,1.0,1.0,2.0,1.0,800,2.0,1.0,1.0,"-710376,175","-1106478,426","-710377,782","-1106477,355","-710377,223","-1106477,439",Lukavec,,,silnice2.t¯Ìdy,128,481342,,OpaËn˝kesmÏru˙seku,Pomal˝,548332.0,,GN_V0.1UIR-ADR_410,1
161706190028,2,602.0,2019-01-18,5,550,1,1,0,1,1,8,304,0,0,1,500,2,3,1,1,6,1,1,1,0,0,0,1,2,0,,3,39.0,01,1.0,0.0,1.0,0.0,1.0,1.0,300,2.0,5.0,1.0,"-690564,328","-1121710,816","-690564,328","-1121710,816","-690564,26","-1121710,085",,,,silnice2.t¯Ìdy,602,1148541,,Souhlasn˝sesmÏrem˙seku,Pomal˝,561967.0,,GN_V0.1UIR-ADR_410,2
161706190029,2,128.0,2019-01-18,5,1750,5,0,0,2,4,0,100,0,0,0,300,2,1,1,1,6,1,1,1,0,0,0,3,1,0,,3,13.0,08,1.0,0.0,1.0,0.0,1.0,1.0,300,2.0,1.0,1.0,"-711255,062","-1114118,209","-711243,815","-1114119,28","-711243,82","-1114119,281",,,,silnice2.t¯Ìdy,128,1955387,,,Pomal˝,561363.0,,GN_V0.1UIR-ADR_410,2
161706190030,2,133.0,2019-01-18,5,1825,5,0,0,2,4,0,100,0,0,0,200,2,1,1,1,6,1,1,1,0,0,0,1,1,0,,3,4.0,03,1.0,0.0,1.0,0.0,1.0,3.0,200,2.0,1.0,1.0,"-684220,476","-1124666,173","-684220,476","-1124666,173","-684220,812","-1124670,23",,,,silnice2.t¯Ìdy,133,2858112,,OpaËn˝kesmÏru˙seku,Pomal˝,549142.0,,GN_V0.1UIR-ADR_410,2
161706190031,2,112.0,2019-01-18,5,2000,3,0,4,2,1,2,511,0,0,0,110,2,3,1,1,6,1,1,1,0,0,0,3,1,0,,3,29.0,96,1.0,0.0,1.0,0.0,1.0,3.0,60,2.0,0.0,1.0,"-693795,479","-1128364,258","-693795,479","-1128364,258","-693795,684","-1128364,372",,,,silnice2.t¯Ìdy,112,1954556,,OpaËn˝kesmÏru˙seku,Pomal˝,561975.0,,GN_V0.1UIR-ADR_410,2
161706190032,2,112.0,2019-01-19,6,200,5,0,0,2,4,0,100,0,0,0,639,2,1,1,1,6,1,1,1,0,0,0,1,1,0,,3,47.0,08,1.0,0.0,1.0,0.0,1.0,1.0,500,2.0,1.0,1.0,"-693795,479","-1128364,258","-693795,479","-1128364,258","-693795,684","-1128364,372",,,,silnice2.t¯Ìdy,112,1954556,,OpaËn˝kesmÏru˙seku,Pomal˝,561975.0,,GN_V0.1UIR-ADR_410,2
161706190033,3,12936.0,2019-01-19,6,1530,5,0,0,2,4,0,100,0,0,0,400,2,2,1,1,1,1,1,1,0,0,0,3,1,0,,3,60.0,11,1.0,0.0,1.0,0.0,1.0,1.0,400,2.0,1.0,1.0,"-690241,298","-1108675,799","-690241,298","-1108675,799","-690240,348","-1108673,56",,,,silnice3.t¯Ìdy,12936,1953680,,Souhlasn˝sesmÏrem˙seku,Pomal˝,549215.0,,GN_V0.1UIR-ADR_410,2
161706190034,3,12920.0,2019-01-19,6,1555,1,2,0,2,1,2,511,0,0,0,430,2,6,1,6,3,1,1,1,0,0,0,1,2,0,,3,2.0,96,1.0,0.0,0.0,0.0,1.0,5.0,400,3.0,1.0,2.0,"-705263,452","-1121676,702","-705263,452","-1121676,702","-705263,077","-1121677,101",Leskovice,,,silnice3.t¯Ìdy,12920,1148521,,OpaËn˝kesmÏru˙seku,Pomal˝,548235.0,,GN_V0.1UIR-ADR_410,1
161706190035,3,1333.0,2019-01-20,0,720,5,0,0,2,4,0,100,0,0,0,600,2,1,1,1,2,1,1,1,0,0,0,3,1,0,,3,47.0,13,1.0,0.0,1.0,0.0,1.0,3.0,600,3.0,1.0,1.0,"-693064,555","-1124336,944","-693064,555","-1124336,944","-693063,048","-1124335,725",,,,silnice3.t¯Ìdy,1333,1604811,,Souhlasn˝sesmÏrem˙seku,Pomal˝,547492.0,,GN_V0.1UIR-ADR_410,2
161706190036,6,,2019-01-23,3,2560,2,0,0,2,1,0,508,0,0,0,150,2,8,1,5,1,1,1,0,0,0,0,1,2,0,,17,,XX,,,,,,,0,,,,"-684012,576","-1112079,226","-684012,576","-1112079,226","-684011,057","-1112071,611",Humpolec,éiûkova,,mÌstnÌkomunikace,,500137,,Souhlasn˝sesmÏrem˙seku,Pomal˝,547999.0,379425.0,GN_V0.1UIR-ADR_410,1
161706190037,2,128.0,2019-01-24,4,155,5,0,0,2,4,0,100,0,0,0,539,2,1,1,1,6,1,1,1,0,0,0,2,1,0,,12,0.0,,2.0,0.0,0.0,0.0,1.0,3.0,400,2.0,1.0,1.0,"-711243,615","-1113849,092","-711243,615","-1113849,092","-711242,285","-1113849,408",,,,silnice2.t¯Ìdy,128,1955388,,Souhlasn˝sesmÏrem˙seku,Pomal˝,561363.0,,GN_V0.1UIR-ADR_410,2
161706190038,3,13215.0,2019-01-24,4,455,5,0,0,2,4,0,100,0,0,0,350,2,1,1,1,6,1,1,1,0,0,0,1,1,0,,3,32.0,08,1.0,0.0,1.0,0.0,1.0,1.0,350,2.0,1.0,1.0,"-695648,477","-1139018,591","-695648,477","-1139018,591","-695649,944","-1139018,004",,,,silnice3.t¯Ìdy,13215,1954497,,Souhlasn˝sesmÏrem˙seku,Pomal˝,561436.0,,GN_V0.1UIR-ADR_410,2
161706190039,2,602.0,2019-01-24,4,1925,5,0,0,2,4,0,100,0,0,0,740,2,1,1,1,6,1,1,1,0,0,0,1,1,0,,3,4.0,18,3.0,0.0,1.0,0.0,1.0,3.0,600,2.0,1.0,5.0,"-688237,801","-1122427,732","-688237,801","-1122427,732","-688236,692","-1122423,658",,,,silnice2.t¯Ìdy,602,2699575,,Souhlasn˝sesmÏrem˙seku,Pomal˝,547492.0,,GN_V0.1UIR-ADR_410,2
161706190040,3,1930.0,2019-01-25,5,20,5,0,0,2,4,0,100,0,0,0,540,2,1,1,1,6,1,1,1,0,0,0,1,1,0,,3,25.0,08,1.0,0.0,1.0,0.0,1.0,3.0,400,2.0,1.0,5.0,"-700672,449","-1124598,632","-700672,449","-1124598,632","-700673,214","-1124598,395",,,,silnice3.t¯Ìdy,01930,1734478,,OpaËn˝kesmÏru˙seku,Pomal˝,548456.0,,GN_V0.1UIR-ADR_410,2
161706190041,2,602.0,2019-01-25,5,1700,5,0,0,2,4,0,100,0,0,0,839,2,1,1,1,2,1,1,1,0,0,0,1,1,0,,3,60.0,18,3.0,0.0,1.0,0.0,1.0,3.0,700,3.0,1.0,1.0,"-687613,691","-1122588,051","-687613,691","-1122588,051","-687613,773","-1122588,342",,,,silnice2.t¯Ìdy,602,535114,,OpaËn˝kesmÏru˙seku,Pomal˝,547492.0,,GN_V0.1UIR-ADR_410,2
161706190042,6,,2019-01-26,6,2560,2,0,0,2,1,0,508,0,0,0,50,2,6,1,5,5,1,1,8,0,0,0,3,2,0,,17,,XX,,,,,,,0,,,,"-694102,036","-1103929,106","-694102,036","-1103929,106","-694099,242","-1103929,397",PÌöù,,,mÌstnÌkomunikace,,471692,,,Pomal˝,548545.0,,GN_V0.1UIR-ADR_410,1
161706190043,3,34765.0,2019-01-29,2,745,5,0,0,2,4,0,100,0,0,0,391,2,5,1,1,1,1,1,1,0,0,0,1,1,0,,3,39.0,16,1.0,0.0,1.0,0.0,1.0,1.0,250,3.0,1.0,1.0,"-678376,047","-1107385,134","-678376,047","-1107385,134","-678376,027","-1107384,958",,,,silnice3.t¯Ìdy,34765,2504532,,Souhlasn˝sesmÏrem˙seku,Pomal˝,548120.0,,GN_V0.1UIR-ADR_410,2
161706190044,3,3418.0,2019-01-29,2,930,1,2,0,2,1,0,501,0,0,0,30,2,5,1,1,1,1,1,1,0,5,0,1,2,0,,17,,XX,,,,,,,0,,,,"-682306,238","-1112782,668","-682306,238","-1112782,668","-682307,885","-1112784,856",Humpolec,PodVilÈmovem,,silnice3.t¯Ìdy,03418,3107135,,OpaËn˝kesmÏru˙seku,Pomal˝,547999.0,741442.0,GN_V0.1UIR-ADR_410,1
161706190045,3,13032.0,2019-01-30,3,650,5,0,0,2,4,0,100,0,0,0,240,2,1,1,1,6,1,1,1,0,0,0,1,1,0,,3,39.0,99,1.0,0.0,1.0,0.0,1.0,3.0,100,3.0,1.0,5.0,"-695932,393","-1108177,442","-695932,393","-1108177,442","-695933,085","-1108176,772",,,,silnice3.t¯Ìdy,13032,2699027,,OpaËn˝kesmÏru˙seku,Pomal˝,548774.0,,GN_V0.1UIR-ADR_410,2
161706190046,2,129.0,2019-01-31,4,740,9,0,0,1,1,2,204,0,0,1,200,2,5,1,1,1,1,1,1,0,0,0,2,1,0,,3,35.0,89,1.0,0.0,1.0,0.0,1.0,1.0,200,2.0,1.0,1.0,"-686736,093","-1111928,453","-686736,093","-1111928,453","-686736,698","-1111931,143",,,,silnice2.t¯Ìdy,129,499772,,OpaËn˝kesmÏru˙seku,Pomal˝,547999.0,,GN_V0.1UIR-ADR_410,2
161706190047,3,12935.0,2019-01-31,4,730,1,3,0,2,1,0,501,0,0,0,100,2,6,1,1,2,1,1,1,0,0,0,2,2,0,,17,,XX,,,,,,,0,,,,"-685323,907","-1111133,49","-685332,475","-1111137,239","-685332,166","-1111136,926",,,,silnice3.t¯Ìdy,12935,2699504,,Souhlasn˝sesmÏrem˙seku,Pomal˝,547999.0,378909.0,GN_V0.1UIR-ADR_410,2