IDENTIFIKA»NÕ »ÕSLO,DRUH POZEMNÕ KOMUNIKACE,»ÕSLO POZEMNÕ KOMUNIKACE,"den, mÏsÌc, rok",,Ëas ,DRUH NEHODY,DRUH SR¡éKY JEDOUCÕCH VOZIDEL,DRUH PEVN… PÿEK¡éKY,CHARAKTER NEHODY,ZAVINÃNÕ NEHODY,ALKOHOL U VINÕKA NEHODY PÿÕTOMEN,HLAVNÕ PÿÕ»INY NEHODY,usmrceno osob,tÏûce zranÏno osob,lehce zranÏno osob,CELKOV¡ HMOTN¡ äKODA,DRUH POVRCHU VOZOVKY,STAV POVRCHU VOZOVKY V DOBÃ NEHODY,STAV KOMUNIKACE,POVÃTRNOSTNÕ PODMÕNKY V DOBÃ NEHODY,VIDITELNOST,ROZHLEDOV… POMÃRY,DÃLENÕ KOMUNIKACE,SITUOV¡NÕ NEHODY NA KOMUNIKACI,ÿÕZENÕ PROVOZU V DOBÃ NEHODY,MÕSTNÕ ⁄PRAVA PÿEDNOSTI V JÕZDÃ,SPECIFICK¡ MÕSTA A OBJEKTY V MÕSTÃ NEHODY,SMÃROV… POMÃRY,PO»ET Z⁄»ASTNÃN›CH VOZIDEL,MÕSTO DOPRAVNÕ NEHODY,DRUH KÿIéUJÕCÕ KOMUNIKACE,DRUH VOZIDLA,V›ROBNÕ ZNA»KA MOTOROV…HO VOZIDLA,ROK V›ROBY VOZIDLA,CHARAKTERISTIKA VOZIDLA ,SMYK,VOZIDLO PO NEHODÃ,"⁄NIK PROVOZNÕCH, PÿEPRAVOVAN›CH HMOT",ZPŸSOB VYPROäTÃNÕ OSOB Z VOZIDLA,SMÃR JÕZDY NEBO POSTAVENÕ VOZIDLA,äKODA NA VOZIDLE,KATEGORIE ÿIDI»E,STAV ÿIDI»E,VNÃJäÕ OVLIVNÃNÕ ÿIDI»E,nan.1,nan.2,nan.3,nan.4,nan.5,nan.6,nan.7,nan.8,nan.9,nan.10,nan.11,nan.12,nan.13,nan.14,nan.15,nan.16,nan.17,nan.18,LOKALITA NEHODY
50040190001,0,35.0,2019-01-01,2,1848,1,4,0,1,1,2,206,0,1,0,7400,2,3,1,3,6,1,3,1,0,0,0,1,2,0,,3,17.0,16,1.0,0.0,0.0,1.0,1.0,3.0,5000,2.0,1.0,1.0,"-647448,697","-1048923,911","-647448,697","-1048923,911","-647446,612","-1048920,806",,,,d·lnice,D35,3104536.0,,Souhlasn˝sesmÏrem˙seku,Rychl˝,575305.0,,GN_V0.1UIR-ADR_410,2
50040190011,0,11.0,2019-01-05,6,460,3,0,3,1,1,2,204,0,1,1,3880,2,8,1,5,7,1,3,8,0,0,0,1,1,0,,3,38.0,17,9.0,1.0,0.0,0.0,1.0,3.0,3000,2.0,1.0,1.0,"-658851,169","-1049034,871","-658851,169","-1049034,871","-658849,404","-1049041,301",,,,d·lnice,D11,2588595.0,,Souhlasn˝sesmÏrem˙seku,Pomal˝,575151.0,,GN_V0.1UIR-ADR_410,2
50040190016,0,11.0,2019-01-11,5,2560,3,0,4,2,1,0,516,0,0,0,30,3,1,1,1,1,1,3,3,0,0,0,1,1,0,,17,,XX,,,,,,,0,,,,"-661232,636","-1048968,737","-661232,636","-1048968,737","-661232,119","-1048967,988",,,,d·lnice,D11,3069426.0,,Souhlasn˝sesmÏrem˙seku,Pomal˝,575097.0,,GN_V0.1UIR-ADR_410,2
50040190028,0,11.0,2019-01-26,6,1300,3,0,9,2,1,2,204,0,0,0,2600,3,3,1,5,3,1,3,8,0,0,0,1,1,0,,3,26.0,17,3.0,1.0,1.0,0.0,1.0,1.0,2500,4.0,1.0,1.0,"-662311,492","-1048374,8","-662311,492","-1048374,8","-662306,209","-1048363,502",,,,d·lnice,D11,3069428.0,,Souhlasn˝sesmÏrem˙seku,Pomal˝,575097.0,,GN_V0.1UIR-ADR_410,2
50040190029,0,11.0,2019-01-26,6,1820,3,0,9,2,1,2,204,0,0,0,1300,3,3,1,3,6,1,3,8,0,0,0,1,1,0,,3,4.0,15,3.0,1.0,1.0,0.0,1.0,3.0,1200,2.0,1.0,1.0,"-658815,879","-1049028,97","-658815,879","-1049028,97","-658815,08","-1049031,881",,,,d·lnice,D11,2588595.0,,Souhlasn˝sesmÏrem˙seku,Pomal˝,575151.0,,GN_V0.1UIR-ADR_410,2
170306190001,2,343.0,2019-01-02,3,1025,3,0,9,1,1,2,204,0,0,1,550,2,5,1,1,1,1,1,3,0,0,0,2,1,0,,3,35.0,06,1.0,1.0,0.0,0.0,1.0,1.0,400,2.0,1.0,1.0,"-658415,692","-1081973,004","-658415,692","-1081973,004","-658415,54","-1081973,806",SeË,,,silnice2.t¯Ìdy,343,2873512.0,,OpaËn˝kesmÏru˙seku,Pomal˝,572225.0,,GN_V0.1UIR-ADR_410,1
170306190002,1,37.0,2019-01-02,3,1545,9,0,0,2,1,2,204,0,0,0,250,2,3,1,5,3,1,1,3,0,0,0,3,1,0,,3,39.0,,1.0,1.0,0.0,0.0,1.0,3.0,200,2.0,1.0,1.0,"-646158,848","-1080171,354","-646094,93","-1080247,088","-646091,789","-1080248,093",,,,silnice1.t¯Ìdy,37,1261461.0,,Souhlasn˝sesmÏrem˙seku,Pomal˝,571768.0,,GN_V0.1UIR-ADR_410,2
170306190003,6,,2019-01-02,3,1900,9,0,0,2,1,2,204,0,0,0,2700,2,5,1,6,5,1,1,3,0,0,0,3,1,0,,7,10.0,16,3.0,1.0,0.0,1.0,1.0,5.0,500,3.0,1.0,1.0,"-636644,91","-1070272,834","-636644,91","-1070272,834","-636643,404","-1070271,497",»ankovice,,,mÌstnÌkomunikace,,2934908.0,,Souhlasn˝sesmÏrem˙seku,Pomal˝,571270.0,,GN_V0.1UIR-ADR_410,1
170306190004,2,355.0,2019-01-02,3,2560,2,0,0,2,1,0,508,0,0,0,100,2,5,1,1,1,1,1,3,0,0,0,1,2,0,,17,,XX,,,,,,,0,,,,"-639213,661","-1069547,644","-639213,661","-1069547,644","-639220,946","-1069549,638",Hroch˘vT˝nec,mÌstnÌË·stStÌËany,,silnice2.t¯Ìdy,355,3190041.0,,OpaËn˝kesmÏru˙seku,Pomal˝,571491.0,,GN_V0.1UIR-ADR_410,1
170306190005,3,3409.0,2019-01-03,4,1240,1,1,0,2,1,0,516,0,0,0,100,2,6,1,5,1,1,1,1,0,5,5,3,2,0,,17,,XX,,,,,,,0,,,,"-646054,799","-1077325,46","-646054,799","-1077325,46","-646054,422","-1077327,177",,,,silnice3.t¯Ìdy,3409,3112928.0,,Souhlasn˝sesmÏrem˙seku,Pomal˝,572331.0,,GN_V0.1UIR-ADR_410,2
170306190006,2,356.0,2019-01-04,5,725,5,0,0,2,4,0,100,0,0,0,180,2,3,1,1,2,1,1,1,0,0,0,1,1,0,,3,39.0,18,3.0,0.0,0.0,0.0,1.0,1.0,150,2.0,1.0,1.0,,,"-627533,522","-1081184,514","-627538,114","-1081186,975",,,,silnice2.t¯Ìdy,356,3190093.0,,OpaËn˝kesmÏru˙seku,Pomal˝,572314.0,,GN_V0.1UIR-ADR_410,2
170306190007,2,359.0,2019-01-04,5,845,9,0,0,2,1,2,204,0,0,0,50,2,8,1,1,1,1,1,3,0,0,0,2,1,0,,3,35.0,97,1.0,1.0,1.0,0.0,1.0,3.0,50,3.0,1.0,1.0,,,"-627389,98","-1087393,432","-627396,051","-1087394,611",,,,silnice2.t¯Ìdy,359,2352891.0,,OpaËn˝kesmÏru˙seku,Pomal˝,573876.0,,GN_V0.1UIR-ADR_410,2
170306190008,3,35811.0,2019-01-04,5,730,3,0,3,2,1,2,204,0,0,0,300,2,6,1,5,2,1,1,3,3,3,0,4,1,19,3.0,3,47.0,17,3.0,1.0,1.0,0.0,1.0,13.0,200,2.0,1.0,1.0,,,"-641291,238","-1074306,369","-641295,708","-1074307,731",,,,silnice3.t¯Ìdy,35811,3189874.0,,OpaËn˝kesmÏru˙seku,Pomal˝,571458.0,,GN_V0.1UIR-ADR_410,2
170306190009,3,3413.0,2019-01-04,5,1200,3,0,1,2,1,2,204,0,0,0,330,2,6,1,1,1,1,1,1,0,0,0,1,1,0,,7,40.0,04,9.0,1.0,0.0,0.0,1.0,1.0,200,4.0,1.0,1.0,"-658768,83","-1077480,821","-658768,83","-1077480,821","-658764,062","-1077472,198",,,,silnice3.t¯Ìdy,3413,2508045.0,,Souhlasn˝sesmÏrem˙seku,Pomal˝,572225.0,,GN_V0.1UIR-ADR_410,2
170306190010,1,17.0,2019-01-04,5,810,3,0,3,2,1,2,508,0,0,0,60,2,8,1,1,1,1,1,1,3,4,1,5,1,19,6.0,3,8.0,18,3.0,0.0,0.0,0.0,1.0,12.0,50,3.0,1.0,1.0,"-638715,302","-1070658,012","-638720,674","-1070627,395","-638720,542","-1070628,019",Hroch˘vT˝nec,Smetanova,,silnice1.t¯Ìdy,17,773193.0,,OpaËn˝kesmÏru˙seku,Pomal˝,571491.0,150894.0,GN_V0.1UIR-ADR_410,1
170306190011,3,3413.0,2019-01-05,6,255,5,0,0,2,4,0,100,0,0,0,230,2,6,1,5,7,1,1,1,0,0,0,1,1,0,,3,2.0,05,3.0,0.0,1.0,0.0,1.0,3.0,200,2.0,1.0,1.0,"-659435,543","-1077060,761","-659455,953","-1077084,394","-659456,241","-1077084,709",,,,silnice3.t¯Ìdy,3413,2594873.0,,OpaËn˝kesmÏru˙seku,Pomal˝,572411.0,,GN_V0.1UIR-ADR_410,2
170306190012,2,358.0,2019-01-07,1,720,5,0,0,2,4,0,100,0,0,0,150,2,1,1,1,2,1,1,1,0,0,0,1,1,0,,3,13.0,11,1.0,0.0,0.0,0.0,1.0,3.0,100,2.0,1.0,1.0,"-639747,49","-1076265,264","-639741,582","-1076251,298","-639741,795","-1076251,718",,,,silnice2.t¯Ìdy,358,1343368.0,,OpaËn˝kesmÏru˙seku,Pomal˝,572217.0,,GN_V0.1UIR-ADR_410,2
170306190013,3,33749.0,2019-01-07,1,745,5,0,0,2,4,0,100,0,0,0,370,2,3,1,1,2,1,1,1,0,0,0,1,1,0,,3,39.0,18,3.0,0.0,0.0,0.0,1.0,1.0,350,2.0,1.0,1.0,"-658266,654","-1071071,178","-658266,654","-1071071,178","-658261,283","-1071078,998",,,,silnice3.t¯Ìdy,33749,1579014.0,,OpaËn˝kesmÏru˙seku,Pomal˝,571385.0,,GN_V0.1UIR-ADR_410,2
170306190014,3,33749.0,2019-01-07,1,800,5,0,0,2,4,0,100,0,0,0,450,2,3,1,1,1,1,1,1,0,0,0,3,1,0,,3,39.0,16,3.0,0.0,0.0,0.0,1.0,3.0,400,2.0,1.0,1.0,"-661669,323","-1073850,957","-661669,323","-1073850,957","-661670,33","-1073853,209",,,,silnice3.t¯Ìdy,33749,2352115.0,,OpaËn˝kesmÏru˙seku,Pomal˝,571822.0,,GN_V0.1UIR-ADR_410,2
170306190015,1,17.0,2019-01-07,1,1005,1,2,0,2,1,2,203,0,0,0,10,2,1,1,1,1,1,1,1,0,0,0,3,2,0,,7,19.0,10,3.0,0.0,1.0,0.0,1.0,3.0,0,3.0,1.0,1.0,"-627367,83","-1070865,714","-627384,481","-1070858,731","-627383,966","-1070860,419",StradouÚ,,,silnice1.t¯Ìdy,17,2331311.0,,OpaËn˝kesmÏru˙seku,Pomal˝,572306.0,,GN_V0.1UIR-ADR_410,1
170306190016,2,358.0,2019-01-07,1,1305,1,2,0,2,1,2,304,0,0,0,500,2,1,1,1,1,1,1,1,0,0,0,1,3,0,,3,29.0,,1.0,0.0,1.0,0.0,1.0,3.0,300,2.0,1.0,1.0,"-642627,548","-1075060,709","-642627,548","-1075060,709","-642632,317","-1075080,074",,,,silnice2.t¯Ìdy,358,1116132.0,,OpaËn˝kesmÏru˙seku,Pomal˝,572578.0,,GN_V0.1UIR-ADR_410,2
170306190017,1,17.0,2019-01-02,3,623,0,0,0,1,1,0,203,0,0,1,0,2,1,1,1,4,1,1,1,0,0,2,3,1,0,,8,78.0,16,5.0,0.0,0.0,0.0,1.0,1.0,0,4.0,1.0,1.0,"-647141,501","-1071862,834","-647138,279","-1071858,537","-647138,395","-1071858,621",Chrudim,Dr.MiladyHor·kovÈ,,silnice1.t¯Ìdy,17,1738647.0,,Souhlasn˝sesmÏrem˙seku,Pomal˝,571164.0,699411.0,GN_V0.1UIR-ADR_410,1
170306190018,2,343.0,2019-01-08,2,1230,1,2,0,2,1,0,501,0,0,0,100,2,3,1,1,1,1,1,1,0,0,0,1,2,0,,17,,XX,,,,,,,0,,,,"-643446,804","-1091926,545","-643446,804","-1091926,545","-643447,514","-1091927,566",,,,silnice2.t¯Ìdy,343,2935288.0,,Souhlasn˝sesmÏrem˙seku,Pomal˝,571393.0,,GN_V0.1UIR-ADR_410,2
170306190019,3,35522.0,2019-01-08,2,1725,5,0,0,2,4,0,100,0,0,0,200,2,3,1,5,6,1,1,1,0,0,0,1,1,0,,3,32.0,16,1.0,0.0,1.0,0.0,1.0,1.0,200,3.0,1.0,1.0,"-641808,413","-1086120,242","-641808,413","-1086120,242","-641809,918","-1086125,984",,,,silnice3.t¯Ìdy,35522,3362825.0,,OpaËn˝kesmÏru˙seku,Pomal˝,572462.0,,GN_V0.1UIR-ADR_410,2
170306190020,2,341.0,2019-01-08,2,1830,5,0,0,2,4,0,100,0,0,0,150,2,3,1,4,6,1,1,0,3,4,0,1,1,0,,3,39.0,15,1.0,0.0,0.0,0.0,1.0,1.0,100,2.0,1.0,1.0,"-656685,745","-1073927,3","-656685,745","-1073927,3","-656678,257","-1073933,154",,,,silnice2.t¯Ìdy,341,1341666.0,,Souhlasn˝sesmÏrem˙seku,Pomal˝,571628.0,,GN_V0.1UIR-ADR_410,2
170306190021,3,3061.0,2019-01-08,2,2140,5,0,0,2,4,0,100,0,0,0,200,2,3,1,5,6,1,1,0,0,0,0,1,1,0,,3,13.0,10,1.0,0.0,1.0,0.0,1.0,1.0,200,2.0,1.0,1.0,"-637315,439","-1087356,786","-637315,439","-1087356,786","-637320,42","-1087353,538",,,,silnice3.t¯Ìdy,3061,2707447.0,,OpaËn˝kesmÏru˙seku,Pomal˝,554847.0,,GN_V0.1UIR-ADR_410,2
170306190022,2,358.0,2019-01-09,3,1430,3,0,2,2,1,2,204,0,0,0,900,2,5,1,5,1,1,1,1,0,0,0,3,1,0,,3,17.0,14,1.0,1.0,0.0,0.0,1.0,3.0,600,2.0,1.0,1.0,"-631577,902","-1085874,506","-631577,902","-1085874,506","-631573,266","-1085861,993",P¯edhradÌ,,,silnice2.t¯Ìdy,358,1469435.0,,Souhlasn˝sesmÏrem˙seku,Pomal˝,572101.0,,GN_V0.1UIR-ADR_410,1
170306190023,2,355.0,2019-01-09,3,2150,3,0,9,2,1,0,508,0,0,0,300,2,3,1,1,4,1,1,1,0,0,0,1,1,0,,17,,XX,,,,,,,0,,,,"-636627,918","-1074922,75","-636627,918","-1074922,75","-636625,835","-1074921,967",Rosice,,,silnice2.t¯Ìdy,355,2352685.0,,OpaËn˝kesmÏru˙seku,Pomal˝,572179.0,,GN_V0.1UIR-ADR_410,1
170306190024,3,34026.0,2019-01-10,4,725,3,0,3,2,1,2,203,0,0,0,150,2,6,1,5,2,1,1,1,0,0,0,2,1,0,,3,5.0,05,1.0,1.0,1.0,0.0,1.0,1.0,100,2.0,1.0,1.0,"-646763,133","-1067776,191","-646743,796","-1067769,745","-646744,186","-1067769,646",,,,silnice3.t¯Ìdy,34026,1341284.0,,OpaËn˝kesmÏru˙seku,Pomal˝,575437.0,,GN_V0.1UIR-ADR_410,2
170306190025,2,358.0,2019-01-10,4,1300,3,0,3,2,1,2,204,0,0,0,500,2,3,1,5,1,1,1,3,0,0,0,1,1,0,,3,35.0,09,1.0,0.0,1.0,0.0,1.0,1.0,450,3.0,1.0,1.0,"-632571,336","-1085151,449","-632571,336","-1085151,449","-632571,8","-1085145,936",SkuteË,,,silnice2.t¯Ìdy,358,410065.0,,Souhlasn˝sesmÏrem˙seku,Pomal˝,572241.0,,GN_V0.1UIR-ADR_410,1
170306190026,2,358.0,2019-01-11,5,1720,1,3,0,2,1,0,501,0,0,0,100,2,3,1,5,7,1,1,1,0,0,0,1,2,0,,17,,XX,,,,,,,0,,,,"-635079,832","-1080391,739","-635084,129","-1080390,664","-635084,949","-1080391,17",,,,silnice2.t¯Ìdy,358,1343426.0,,OpaËn˝kesmÏru˙seku,Pomal˝,571539.0,,GN_V0.1UIR-ADR_410,2
170306190027,6,,2019-01-11,5,2560,9,0,0,2,1,0,204,0,0,0,30,2,3,1,5,4,1,1,1,0,0,0,1,1,0,,17,,XX,,,,,,,0,,,,"-634144,853","-1083857,143","-634144,853","-1083857,143","-634149,104","-1083858,321",SkuteË,Smetanova,,mÌstnÌkomunikace,,3364435.0,,Souhlasn˝sesmÏrem˙seku,Pomal˝,572241.0,154113.0,GN_V0.1UIR-ADR_410,1
170306190028,2,354.0,2019-01-13,0,1750,5,0,0,2,4,0,100,0,0,0,180,2,3,1,1,6,1,1,1,0,0,0,1,1,0,,3,2.0,15,3.0,0.0,0.0,0.0,1.0,1.0,150,2.0,1.0,1.0,"-631226,584","-1087189,541","-631226,584","-1087189,541","-631224,387","-1087189,638",,,,silnice2.t¯Ìdy,354,2933414.0,,Souhlasn˝sesmÏrem˙seku,Pomal˝,572101.0,,GN_V0.1UIR-ADR_410,2
170306190029,2,355.0,2019-01-14,1,510,3,0,1,2,1,2,204,0,0,0,105,2,5,1,1,6,1,1,1,0,0,0,3,1,0,,8,78.0,12,3.0,1.0,0.0,0.0,1.0,1.0,100,4.0,1.0,1.0,"-640235,077","-1091067,416","-640262,47","-1091060,433","-640261,071","-1091060,671",,,,silnice2.t¯Ìdy,355,1403137.0,,OpaËn˝kesmÏru˙seku,Pomal˝,571393.0,,GN_V0.1UIR-ADR_410,2
170306190030,3,33810.0,2019-01-14,1,1215,5,0,0,2,4,0,100,0,0,0,150,2,1,1,1,1,1,1,1,0,0,0,1,1,0,,3,48.0,18,1.0,0.0,1.0,0.0,1.0,3.0,100,4.0,1.0,1.0,"-665633,889","-1071830,392","-665633,889","-1071830,392","-665635,71","-1071831,887",,,,silnice3.t¯Ìdy,33810,2352659.0,,OpaËn˝kesmÏru˙seku,Pomal˝,547875.0,,GN_V0.1UIR-ADR_410,2
170306190031,1,17.0,2019-01-14,1,2020,1,4,0,1,1,9,204,0,0,2,4050,2,8,1,1,4,1,1,1,3,3,0,4,3,29,3.0,5,26.0,11,1.0,1.0,1.0,1.0,1.0,13.0,1800,2.0,5.0,1.0,"-651528,863","-1069462,148","-651528,863","-1069462,148","-651529,435","-1069458,788",Bylany,,,silnice1.t¯Ìdy,17,1472066.0,,Souhlasn˝sesmÏrem˙seku,Pomal˝,571245.0,,GN_V0.1UIR-ADR_410,1
170306190032,2,354.0,2019-01-15,2,540,9,0,0,2,1,2,204,0,0,0,150,2,6,1,5,4,1,1,3,0,0,0,2,1,0,,3,39.0,99,1.0,1.0,0.0,0.0,1.0,1.0,50,3.0,1.0,1.0,"-632434,595","-1091324,3","-632434,595","-1091324,3","-632437,257","-1091322,645",,,,silnice2.t¯Ìdy,354,1738575.0,,Souhlasn˝sesmÏrem˙seku,Pomal˝,571661.0,,GN_V0.1UIR-ADR_410,2
170306190033,2,337.0,2019-01-15,2,545,1,2,0,2,1,0,205,0,0,0,50,2,3,1,5,6,1,1,1,0,0,0,3,2,0,,17,,XX,,,,,,,0,,,,"-668285,823","-1074705,419","-668285,823","-1074705,419","-668284,985","-1074703,145",,,,silnice2.t¯Ìdy,337,2594740.0,,OpaËn˝kesmÏru˙seku,Pomal˝,572161.0,,GN_V0.1UIR-ADR_410,2
170306190034,3,3065.0,2019-01-15,2,1210,3,0,1,1,1,2,204,0,0,1,510,2,5,1,6,1,1,1,1,0,0,0,3,1,0,,3,17.0,04,1.0,1.0,1.0,0.0,1.0,1.0,500,2.0,1.0,1.0,"-635065,525","-1085534,997","-635065,525","-1085534,997","-635064,612","-1085535,108",,,,silnice3.t¯Ìdy,3065,3190375.0,,OpaËn˝kesmÏru˙seku,Pomal˝,572241.0,,GN_V0.1UIR-ADR_410,2
170306190035,1,17.0,2019-01-16,3,2230,9,0,0,2,1,0,205,0,0,0,400,2,1,1,1,4,1,1,1,0,0,0,2,1,0,,3,39.0,06,1.0,1.0,4.0,0.0,1.0,1.0,300,2.0,1.0,1.0,"-647866,587","-1070223,422","-647866,587","-1070223,422","-647867,891","-1070225,202",Chrudim,»·slavsk·,,silnice1.t¯Ìdy,17,363767.0,,Souhlasn˝sesmÏrem˙seku,Pomal˝,571164.0,151386.0,GN_V0.1UIR-ADR_410,1
170306190036,2,354.0,2019-01-17,4,1560,9,0,0,2,1,2,205,0,0,0,550,2,1,1,1,1,1,1,1,3,5,0,2,1,0,,3,13.0,16,3.0,0.0,0.0,0.0,1.0,1.0,500,3.0,1.0,1.0,"-631215,336","-1088653,505","-631215,336","-1088653,505","-631242,364","-1088631,882",,,,silnice2.t¯Ìdy,354,2352897.0,,OpaËn˝kesmÏru˙seku,Pomal˝,554952.0,,GN_V0.1UIR-ADR_410,2
170306190037,2,340.0,2019-01-18,5,410,9,0,0,1,1,2,204,0,0,1,210,2,6,1,1,6,1,1,1,0,0,0,2,1,0,,3,42.0,11,1.0,1.0,1.0,0.0,1.0,1.0,200,2.0,1.0,1.0,"-648739,67","-1073392,178","-648739,67","-1073392,178","-648740,643","-1073392,147",,,,silnice2.t¯Ìdy,340,1115044.0,,OpaËn˝kesmÏru˙seku,Pomal˝,556882.0,,GN_V0.1UIR-ADR_410,2
170306190038,2,340.0,2019-01-18,5,607,4,0,0,1,1,9,508,0,0,1,50,2,5,1,5,6,1,1,1,0,0,0,1,1,0,,3,17.0,11,1.0,0.0,1.0,0.0,1.0,1.0,50,2.0,1.0,1.0,"-644409,717","-1070295,459","-644409,717","-1070295,459","-644413,387","-1070295,577",,,,silnice2.t¯Ìdy,340,3233028.0,,Souhlasn˝sesmÏrem˙seku,Pomal˝,571164.0,,GN_V0.1UIR-ADR_410,2
170306190039,1,34.0,2019-01-18,5,2560,2,0,0,2,1,0,502,0,0,0,50,2,3,1,1,1,1,1,1,0,0,0,1,2,0,,7,40.0,11,3.0,0.0,1.0,0.0,1.0,1.0,0,3.0,1.0,1.0,"-641526,306","-1092506,303","-641526,306","-1092506,303","-641526,072","-1092505,145",Hlinsko,Ad·mkovat¯Ìda,,silnice1.t¯Ìdy,34,837120.0,,Souhlasn˝sesmÏrem˙seku,Pomal˝,571393.0,150487.0,GN_V0.1UIR-ADR_410,1
170306190040,3,3409.0,2019-01-19,6,315,5,0,0,2,4,0,100,0,0,0,220,2,1,1,1,6,4,1,1,0,0,0,1,1,0,,4,26.0,,1.0,0.0,0.0,0.0,1.0,3.0,200,2.0,1.0,1.0,"-648655,768","-1077441,636","-648655,768","-1077441,636","-648657,758","-1077439,866",,,,silnice3.t¯Ìdy,3409,2353445.0,,Souhlasn˝sesmÏrem˙seku,Pomal˝,572268.0,,GN_V0.1UIR-ADR_410,2
170306190041,2,355.0,2019-01-19,6,1145,5,0,0,2,4,0,100,0,0,0,530,2,1,1,1,1,1,1,1,0,0,0,1,1,0,,3,39.0,18,1.0,0.0,0.0,0.0,1.0,1.0,500,2.0,1.0,1.0,"-639393,946","-1083933,963","-639393,946","-1083933,963","-639391,234","-1083934,063",,,,silnice2.t¯Ìdy,355,2352872.0,,Souhlasn˝sesmÏrem˙seku,Pomal˝,572381.0,,GN_V0.1UIR-ADR_410,2
170306190042,2,305.0,2019-01-20,0,1745,5,0,0,2,4,0,100,0,0,0,130,2,1,1,1,6,1,1,1,0,0,0,1,1,0,,3,39.0,18,3.0,0.0,0.0,0.0,1.0,1.0,100,2.0,1.0,1.0,"-628587,022","-1074284,274","-628587,022","-1074284,274","-628588,703","-1074284,014",,,,silnice2.t¯Ìdy,305,3190346.0,,Souhlasn˝sesmÏrem˙seku,Pomal˝,571563.0,,GN_V0.1UIR-ADR_410,2
170306190043,1,37.0,2019-01-22,2,1055,1,2,0,2,1,2,310,0,0,0,1500,2,1,1,1,1,1,1,1,0,0,0,1,2,0,,5,19.0,18,3.0,0.0,0.0,0.0,1.0,1.0,600,3.0,1.0,1.0,"-647036,571","-1084102,008","-647036,571","-1084102,008","-647043,476","-1084107,643",,,,silnice1.t¯Ìdy,37,2352952.0,,OpaËn˝kesmÏru˙seku,Pomal˝,571911.0,,GN_V0.1UIR-ADR_410,2
170306190044,6,,2019-01-23,3,1145,3,0,6,2,1,2,508,0,0,0,1505,2,5,1,1,1,1,1,1,0,0,5,1,1,0,,5,19.0,15,3.0,0.0,1.0,0.0,1.0,5.0,5,2.0,1.0,1.0,"-658517,246","-1083710,809","-658518,857","-1083705,438","-658518,928","-1083706,548",SeË,⁄stupky,,mÌstnÌkomunikace,,3097212.0,,OpaËn˝kesmÏru˙seku,Pomal˝,572225.0,,GN_V0.1UIR-ADR_410,1
170306190045,2,340.0,2019-01-09,3,2560,3,0,9,2,1,0,204,0,0,0,200,2,5,1,1,1,1,1,8,3,3,0,5,1,29,3.0,17,,XX,,,,,,,0,,,,"-662913,027","-1081782,852","-662919,473","-1081765,127","-662919,557","-1081765,058",BÏstvina,,,silnice2.t¯Ìdy,340,1239958.0,,OpaËn˝kesmÏru˙seku,Pomal˝,571181.0,,GN_V0.1UIR-ADR_410,1
170306190046,1,17.0,2019-01-25,5,945,3,0,1,1,1,2,204,0,0,1,300,2,3,1,1,1,1,1,1,0,0,0,3,1,0,,3,9.0,01,1.0,0.0,1.0,0.0,1.0,1.0,300,2.0,1.0,1.0,"-644067,819","-1071590,363","-644071,579","-1071576,935","-644071,779","-1071575,928",,,,silnice1.t¯Ìdy,17,3306132.0,,Souhlasn˝sesmÏrem˙seku,Pomal˝,571610.0,,GN_V0.1UIR-ADR_410,2
170306190047,3,3561.0,2019-01-25,5,1445,9,0,0,2,1,2,204,0,0,0,200,2,5,1,1,1,1,1,3,0,0,0,2,1,0,,3,32.0,15,1.0,1.0,0.0,0.0,1.0,1.0,100,2.0,1.0,1.0,"-631453,838","-1076219,351","-631476,934","-1076208,072","-631477,059","-1076208,683",Lozice,,,silnice3.t¯Ìdy,3561,2353492.0,,Souhlasn˝sesmÏrem˙seku,Pomal˝,571750.0,,GN_V0.1UIR-ADR_410,1
170306190048,1,34.0,2019-01-25,5,1810,5,0,0,2,4,0,100,0,0,0,130,2,5,1,5,6,1,1,1,0,0,0,1,1,0,,3,47.0,11,1.0,0.0,0.0,0.0,1.0,1.0,100,2.0,1.0,1.0,"-636759,017","-1091108,442","-636759,017","-1091108,442","-636759,218","-1091109,058",,,,silnice1.t¯Ìdy,34,2352932.0,,Souhlasn˝sesmÏrem˙seku,Pomal˝,572501.0,,GN_V0.1UIR-ADR_410,2
170306190049,2,358.0,2019-01-26,6,340,1,4,0,2,1,2,508,0,0,0,500,2,1,1,1,4,1,1,1,0,0,0,1,2,0,,3,39.0,11,1.0,0.0,0.0,0.0,1.0,1.0,200,2.0,1.0,1.0,"-644643,107","-1074400,12","-644643,107","-1074400,12","-644642,16","-1074396,146",Orel,,,silnice2.t¯Ìdy,358,2596126.0,,Souhlasn˝sesmÏrem˙seku,Pomal˝,571962.0,,GN_V0.1UIR-ADR_410,1
170306190050,6,,2019-01-26,6,445,3,0,3,2,1,9,205,0,0,0,1300,2,1,1,1,4,1,1,3,3,3,0,7,2,10,6.0,3,39.0,12,1.0,0.0,0.0,0.0,1.0,5.0,400,2.0,5.0,1.0,"-646480,94","-1071604,292","-646480,94","-1071604,292","-646484,354","-1071606,211",Chrudim,V·clavsk·,,mÌstnÌkomunikace,,1673048.0,,OpaËn˝kesmÏru˙seku,Pomal˝,571164.0,152633.0,GN_V0.1UIR-ADR_410,1