IDENTIFIKA»NÕ »ÕSLO,DRUH POZEMNÕ KOMUNIKACE,»ÕSLO POZEMNÕ KOMUNIKACE,"den, mÏsÌc, rok",,Ëas ,DRUH NEHODY,DRUH SR¡éKY JEDOUCÕCH VOZIDEL,DRUH PEVN… PÿEK¡éKY,CHARAKTER NEHODY,ZAVINÃNÕ NEHODY,ALKOHOL U VINÕKA NEHODY PÿÕTOMEN,HLAVNÕ PÿÕ»INY NEHODY,usmrceno osob,tÏûce zranÏno osob,lehce zranÏno osob,CELKOV¡ HMOTN¡ äKODA,DRUH POVRCHU VOZOVKY,STAV POVRCHU VOZOVKY V DOBÃ NEHODY,STAV KOMUNIKACE,POVÃTRNOSTNÕ PODMÕNKY V DOBÃ NEHODY,VIDITELNOST,ROZHLEDOV… POMÃRY,DÃLENÕ KOMUNIKACE,SITUOV¡NÕ NEHODY NA KOMUNIKACI,ÿÕZENÕ PROVOZU V DOBÃ NEHODY,MÕSTNÕ ⁄PRAVA PÿEDNOSTI V JÕZDÃ,SPECIFICK¡ MÕSTA A OBJEKTY V MÕSTÃ NEHODY,SMÃROV… POMÃRY,PO»ET Z⁄»ASTNÃN›CH VOZIDEL,MÕSTO DOPRAVNÕ NEHODY,DRUH KÿIéUJÕCÕ KOMUNIKACE,DRUH VOZIDLA,V›ROBNÕ ZNA»KA MOTOROV…HO VOZIDLA,ROK V›ROBY VOZIDLA,CHARAKTERISTIKA VOZIDLA ,SMYK,VOZIDLO PO NEHODÃ,"⁄NIK PROVOZNÕCH, PÿEPRAVOVAN›CH HMOT",ZPŸSOB VYPROäTÃNÕ OSOB Z VOZIDLA,SMÃR JÕZDY NEBO POSTAVENÕ VOZIDLA,äKODA NA VOZIDLE,KATEGORIE ÿIDI»E,STAV ÿIDI»E,VNÃJäÕ OVLIVNÃNÕ ÿIDI»E,nan.1,nan.2,nan.3,nan.4,nan.5,nan.6,nan.7,nan.8,nan.9,nan.10,nan.11,nan.12,nan.13,nan.14,nan.15,nan.16,nan.17,nan.18,LOKALITA NEHODY
170306190051,3,35811.0,2019-01-26,6,1240,3,0,9,2,1,2,204,0,0,0,600,2,6,1,5,1,1,1,1,3,3,0,4,1,19,3.0,3,13.0,06,1.0,1.0,2.0,0.0,1.0,13.0,400,2.0,1.0,1.0,"-641295,325","-1074326,82","-641295,325","-1074326,82","-641296,416","-1074326,602",,,,silnice3.t¯Ìdy,35811,2934447.0,,OpaËn˝kesmÏru˙seku,Pomal˝,571458.0,,GN_V0.1UIR-ADR_410,2
170306190052,6,,2019-01-26,6,2560,3,0,9,2,1,2,516,0,0,0,60,3,8,1,5,1,1,1,1,0,0,0,1,2,0,,9,0.0,10,3.0,0.0,1.0,0.0,1.0,5.0,0,3.0,1.0,1.0,"-640817,085","-1091758,524","-640817,085","-1091758,524","-640817,727","-1091755,805",Hlinsko,LuËnÌ,,mÌstnÌkomunikace,,2935267.0,,,Pomal˝,571393.0,150533.0,GN_V0.1UIR-ADR_410,1
170306190053,2,337.0,2019-01-26,6,1430,3,0,9,2,1,0,204,0,0,0,10,2,6,1,5,3,1,1,1,0,0,0,2,1,0,,5,19.0,09,3.0,1.0,1.0,0.0,1.0,1.0,0,9.0,,,"-658431,869","-1080406,13","-658431,869","-1080406,13","-658432,503","-1080406,498",SeË,»·slavsk·,,silnice2.t¯Ìdy,337,2595184.0,,OpaËn˝kesmÏru˙seku,Pomal˝,572225.0,153656.0,GN_V0.1UIR-ADR_410,1
170306190054,6,,2019-01-27,0,1050,7,2,0,2,1,2,414,0,0,0,700,2,3,1,1,1,1,1,1,0,0,3,1,2,0,,3,6.0,16,1.0,1.0,1.0,0.0,1.0,5.0,500,2.0,1.0,1.0,"-637685,499","-1068492,893","-637685,499","-1068492,893","-637682,116","-1068488,976",,,,mÌstnÌkomunikace,,1111832.0,,,Pomal˝,571229.0,,GN_V0.1UIR-ADR_410,2
170306190055,1,37.0,2019-01-28,1,445,1,2,0,2,1,2,204,0,0,0,1500,2,3,1,4,7,1,1,1,0,0,0,2,2,0,,3,39.0,12,1.0,1.0,1.0,0.0,1.0,3.0,200,2.0,1.0,1.0,"-647565,081","-1082568,216","-647565,081","-1082568,216","-647566,004","-1082567,772",,,,silnice1.t¯Ìdy,37,402983.0,,Souhlasn˝sesmÏrem˙seku,Pomal˝,571911.0,,GN_V0.1UIR-ADR_410,2
170306190056,6,,2019-01-28,1,1660,2,0,0,2,1,0,508,0,0,0,50,2,1,1,1,2,1,0,0,0,0,0,1,2,0,,17,,XX,,,,,,,0,,,,"-646718,749","-1072177,543","-646718,749","-1072177,543","-646719,624","-1072176,389",Chrudim,,,mÌstnÌkomunikace,,3377134.0,,Souhlasn˝sesmÏrem˙seku,Pomal˝,571164.0,,GN_V0.1UIR-ADR_410,1
170306190057,1,37.0,2019-01-28,1,1955,5,0,0,2,4,0,100,0,0,0,330,2,1,1,1,6,1,1,1,0,0,0,1,1,0,,3,35.0,18,9.0,0.0,0.0,0.0,1.0,1.0,300,2.0,1.0,1.0,"-648143,08","-1091379,529","-648143,08","-1091379,529","-648152,395","-1091380,199",,,,silnice1.t¯Ìdy,37,1469321.0,,OpaËn˝kesmÏru˙seku,Pomal˝,572551.0,,GN_V0.1UIR-ADR_410,2
170306190058,6,,2019-01-29,2,2560,2,0,0,2,1,0,504,0,0,0,200,2,3,1,1,4,1,1,1,0,0,0,1,2,0,,17,,XX,,,,,,,0,,,,,,"-647333,574","-1070778,668","-647333,603","-1070778,617",Chrudim,Husova,,mÌstnÌkomunikace,,1673064.0,,Souhlasn˝sesmÏrem˙seku,Pomal˝,571164.0,151637.0,GN_V0.1UIR-ADR_410,1
170306190059,1,37.0,2019-01-30,3,540,1,2,0,2,1,0,305,0,0,0,150,2,1,1,1,6,1,1,1,0,0,0,1,2,0,,17,,XX,,,,,,,0,,,,"-648136,157","-1091902,23","-648126,489","-1091883,968","-648125,815","-1091883,962",,,,silnice1.t¯Ìdy,37,1469322.0,,Souhlasn˝sesmÏrem˙seku,Pomal˝,572551.0,,GN_V0.1UIR-ADR_410,2
170306190060,2,337.0,2019-01-31,4,520,1,1,0,2,1,8,204,0,0,0,500,2,5,1,1,4,1,1,1,3,5,0,1,2,0,,3,39.0,11,1.0,1.0,1.0,0.0,1.0,1.0,200,3.0,5.0,1.0,"-648361,407","-1082881,406","-648361,407","-1082881,406","-648361,391","-1082881,467",Nasavrky,»·slavsk·,,silnice2.t¯Ìdy,337,3112810.0,,OpaËn˝kesmÏru˙seku,Pomal˝,571911.0,678295.0,GN_V0.1UIR-ADR_410,1
170306190061,6,,2019-01-31,4,1600,3,0,6,2,1,2,508,0,0,0,50,1,1,1,1,1,1,1,1,0,0,0,1,1,0,,5,32.0,09,1.0,0.0,0.0,0.0,1.0,5.0,10,2.0,1.0,1.0,"-633909,612","-1083998,476","-633909,612","-1083998,476","-633910,541","-1083997,632",SkuteË,B.NÏmcovÈ,,mÌstnÌkomunikace,,3364430.0,,Souhlasn˝sesmÏrem˙seku,Pomal˝,572241.0,,GN_V0.1UIR-ADR_410,1
170606190001,6,,2019-01-01,2,2030,1,1,0,1,1,2,402,0,0,2,1000,2,3,1,1,4,1,1,1,3,3,0,5,2,10,6.0,3,48.0,10,1.0,0.0,1.0,0.0,1.0,5.0,500,2.0,1.0,1.0,"-647102,313","-1061438,098","-647101,239","-1061433,264","-647100,646","-1061433,153",Pardubice,Anensk·,,mÌstnÌkomunikace,,1401630.0,,Souhlasn˝sesmÏrem˙seku,Pomal˝,555134.0,372129.0,GN_V0.1UIR-ADR_410,1
170606190002,1,36.0,2019-01-01,2,2355,3,0,9,2,1,0,505,0,0,0,200,2,3,1,1,4,1,1,1,0,0,0,1,1,0,,17,,XX,,,,,,,0,,,,"-642951,471","-1059390,673","-642951,471","-1059390,673","-642950,886","-1059385,903",Sezemice,,,silnice1.t¯Ìdy,36,2930107.0,,OpaËn˝kesmÏru˙seku,Pomal˝,575640.0,,GN_V0.1UIR-ADR_410,1
170606190003,3,2983.0,2019-01-02,3,730,5,0,0,2,4,0,100,0,0,0,200,2,3,1,1,2,1,1,1,0,0,0,2,1,0,,3,31.0,17,1.0,0.0,1.0,0.0,1.0,3.0,200,2.0,1.0,1.0,"-642784,155","-1061234,488","-642784,155","-1061234,488","-642779,889","-1061233,773",,,,silnice3.t¯Ìdy,2983,3346296.0,,OpaËn˝kesmÏru˙seku,Pomal˝,555134.0,,GN_V0.1UIR-ADR_410,2
170606190004,8,,2019-01-02,3,760,2,0,0,2,1,0,508,0,0,0,400,2,3,1,1,1,1,1,1,0,0,10,1,2,0,,5,35.0,16,3.0,0.0,3.0,0.0,1.0,5.0,200,2.0,1.0,1.0,"-647469,989","-1059066,741","-647469,989","-1059066,741","-647475,11","-1059059,971",Pardubice,KRozvodnÏ,,mÌstnÌkomunikace,,3097002.0,,Souhlasn˝sesmÏrem˙seku,Pomal˝,555134.0,375535.0,GN_V0.1UIR-ADR_410,1
170606190005,2,324.0,2019-01-02,3,2560,2,0,0,2,1,0,508,0,0,0,150,2,3,1,1,1,1,1,1,0,0,0,1,2,0,,17,,XX,,,,,,,0,,,,"-647823,552","-1061825,164","-647823,552","-1061825,164","-647813,134","-1061825,833",Pardubice,JanaPalacha,,silnice2.t¯Ìdy,324,337925.0,,OpaËn˝kesmÏru˙seku,Pomal˝,555134.0,372706.0,GN_V0.1UIR-ADR_410,1
170606190006,3,34028.0,2019-01-02,3,1755,3,0,1,1,1,2,204,0,0,2,1050,2,6,1,5,4,1,1,1,0,0,0,2,1,0,,3,47.0,05,1.0,1.0,1.0,0.0,1.0,3.0,1000,2.0,1.0,1.0,"-647274,128","-1063276,485","-647274,128","-1063276,485","-647271,973","-1063273,125",Pardubice,Nemoöick·,,silnice3.t¯Ìdy,34028,3097478.0,,Souhlasn˝sesmÏrem˙seku,Pomal˝,555134.0,374008.0,GN_V0.1UIR-ADR_410,1
170606190007,6,,2019-01-03,4,260,3,0,1,2,1,0,204,0,0,0,80,2,8,1,5,4,1,1,1,0,0,0,1,1,0,,17,,XX,,,,,,,0,,,,"-625209,388","-1062482,067","-625209,388","-1062482,067","-625208,452","-1062481,972",HornÌJelenÌ,H·lkova,,mÌstnÌkomunikace,,339895.0,,Souhlasn˝sesmÏrem˙seku,Pomal˝,574996.0,370525.0,GN_V0.1UIR-ADR_410,1
170606190008,3,32251.0,2019-01-03,4,1045,1,3,0,2,1,2,409,0,0,0,120,2,3,1,5,1,1,1,1,0,0,0,1,2,0,,3,31.0,05,1.0,0.0,1.0,0.0,1.0,5.0,20,2.0,1.0,1.0,"-637697,191","-1062905,795","-637697,191","-1062905,795","-637685,728","-1062909,166",Daöice,HavlÌËkova,,silnice3.t¯Ìdy,32251,2708547.0,,OpaËn˝kesmÏru˙seku,Pomal˝,574899.0,369683.0,GN_V0.1UIR-ADR_410,1
170606190009,1,36.0,2019-01-03,4,1345,1,4,0,1,1,2,204,0,0,1,700,2,6,1,1,1,1,0,1,0,0,0,1,3,0,,5,19.0,17,3.0,1.0,1.0,0.0,1.0,3.0,200,2.0,1.0,1.0,"-648895,282","-1058114,774","-648895,282","-1058114,774","-648895,307","-1058114,751",Pardubice,PodÏbradsk·,,silnice1.t¯Ìdy,36,1598121.0,,Souhlasn˝sesmÏrem˙seku,Pomal˝,555134.0,374229.0,GN_V0.1UIR-ADR_410,1
170606190010,6,,2019-01-03,4,1210,3,0,6,2,1,0,508,0,0,0,100,2,3,1,1,1,1,1,1,0,0,0,1,1,0,,17,,XX,,,,,,,0,,,,"-647474,195","-1060858,832","-647474,195","-1060858,832","-647471,103","-1060858,466",Pardubice,NaHr·dku,,mÌstnÌkomunikace,,743529.0,,,Pomal˝,555134.0,373818.0,GN_V0.1UIR-ADR_410,1
170606190011,6,,2019-01-03,4,1205,1,3,0,2,1,2,504,0,0,0,1000,2,3,1,1,1,1,1,1,0,0,0,1,2,0,,5,47.0,05,3.0,0.0,1.0,0.0,1.0,5.0,300,4.0,1.0,1.0,"-643009,216","-1062498,414","-643009,216","-1062498,414","-642998,665","-1062499,806",Pardubice,Ak·tov·,,mÌstnÌkomunikace,,1948374.0,,,Pomal˝,555134.0,666688.0,GN_V0.1UIR-ADR_410,1
170606190012,6,,2019-01-03,4,1430,2,0,0,2,1,2,204,0,0,0,350,2,5,1,5,1,1,1,1,0,0,0,1,3,0,,3,32.0,99,1.0,0.0,1.0,0.0,1.0,5.0,50,2.0,1.0,1.0,"-661560,692","-1059003,954","-661560,692","-1059003,954","-661564,759","-1059007,818",P¯elouË,Jaselsk·,,mÌstnÌkomunikace,,329901.0,,Souhlasn˝sesmÏrem˙seku,Pomal˝,575500.0,375861.0,GN_V0.1UIR-ADR_410,1
170606190013,6,,2019-01-03,4,1445,2,0,0,2,1,2,204,0,0,0,900,2,6,1,5,3,1,1,1,0,0,0,1,4,0,,3,38.0,17,1.0,1.0,1.0,0.0,1.0,5.0,200,2.0,1.0,1.0,"-661560,692","-1059003,954","-661560,692","-1059003,954","-661564,759","-1059007,818",P¯elouË,Jaselsk·,,mÌstnÌkomunikace,,329901.0,,Souhlasn˝sesmÏrem˙seku,Pomal˝,575500.0,375861.0,GN_V0.1UIR-ADR_410,1
170606190014,6,,2019-01-03,4,1415,3,0,9,2,1,2,203,0,0,0,700,2,6,1,5,1,1,1,8,0,0,0,3,1,0,,3,39.0,10,1.0,1.0,1.0,0.0,1.0,5.0,300,2.0,1.0,1.0,"-649768,105","-1057986,212","-649768,105","-1057986,212","-649768,43","-1057985,966",Pardubice,,,mÌstnÌkomunikace,,2932623.0,,OpaËn˝kesmÏru˙seku,Pomal˝,555134.0,,GN_V0.1UIR-ADR_410,1
170606190015,6,,2019-01-03,4,1515,3,0,3,2,1,2,204,0,0,0,60,2,8,1,1,1,1,1,8,3,3,0,5,1,10,6.0,3,13.0,11,1.0,1.0,1.0,0.0,1.0,5.0,10,2.0,1.0,1.0,"-647217,537","-1062327,757","-647202,497","-1062333,129","-647201,979","-1062333,226",Pardubice,Rokycanova,,mÌstnÌkomunikace,,2380206.0,,OpaËn˝kesmÏru˙seku,Pomal˝,555134.0,374466.0,GN_V0.1UIR-ADR_410,1
170606190016,6,,2019-01-03,4,1630,3,0,3,2,1,0,204,0,0,0,60,2,5,1,5,2,1,1,1,3,3,0,5,1,10,6.0,3,32.0,09,1.0,1.0,1.0,0.0,1.0,5.0,10,3.0,1.0,1.0,"-646025,454","-1060117,107","-646019,009","-1060123,552","-646019,496","-1060124,588",Pardubice,Winternitzova,,mÌstnÌkomunikace,,1894307.0,,OpaËn˝kesmÏru˙seku,Pomal˝,555134.0,,GN_V0.1UIR-ADR_410,1
170606190017,6,,2019-01-03,4,2115,3,0,3,2,1,2,204,0,0,0,100,2,6,1,1,6,1,1,8,3,5,0,5,1,10,6.0,3,39.0,08,1.0,1.0,1.0,0.0,1.0,5.0,50,2.0,1.0,1.0,"-645241,748","-1049960,88","-645231,542","-1049984,514","-645231,887","-1049984,812",,,,mÌstnÌkomunikace,,1629976.0,,Souhlasn˝sesmÏrem˙seku,Pomal˝,575429.0,,GN_V0.1UIR-ADR_410,2
170606190018,6,,2019-01-04,5,930,1,1,0,2,1,2,501,0,0,0,1800,2,6,1,1,1,1,1,1,0,0,0,3,2,0,,3,26.0,16,3.0,1.0,0.0,0.0,1.0,5.0,1200,2.0,1.0,1.0,"-649878,276","-1059752,041","-649856,18","-1059733,179","-649855,933","-1059733,726",Pardubice,Salavcova,,mÌstnÌkomunikace,,331941.0,,OpaËn˝kesmÏru˙seku,Pomal˝,555134.0,667170.0,GN_V0.1UIR-ADR_410,1
170606190019,3,3059.0,2019-01-04,5,945,9,0,0,2,1,2,204,0,0,0,400,2,6,1,5,1,1,1,1,0,0,8,2,1,0,,3,39.0,10,3.0,1.0,0.0,0.0,1.0,1.0,400,3.0,1.0,1.0,"-622880,847","-1061921,304","-622880,847","-1061921,304","-622883,177","-1061907,321",,,,silnice3.t¯Ìdy,3059,1578815.0,,OpaËn˝kesmÏru˙seku,Pomal˝,574996.0,,GN_V0.1UIR-ADR_410,2
170606190020,6,,2019-01-04,5,1050,1,3,0,1,1,2,402,0,0,1,110,2,8,12,1,1,1,1,1,3,3,2,4,2,10,6.0,3,39.0,11,1.0,0.0,1.0,0.0,1.0,5.0,100,2.0,1.0,1.0,"-646402,511","-1061043,466","-646402,511","-1061043,466","-646402,618","-1061044,783",Pardubice,Daöick·,,mÌstnÌkomunikace,,3568938.0,,Souhlasn˝sesmÏrem˙seku,Pomal˝,555134.0,372404.0,GN_V0.1UIR-ADR_410,1
170606190021,3,34028.0,2019-01-04,5,1240,9,0,0,1,1,2,205,0,0,1,800,2,3,1,1,1,1,1,1,0,0,0,2,1,0,,3,39.0,04,1.0,1.0,1.0,0.0,1.0,1.0,800,2.0,1.0,1.0,"-646587,532","-1063566,156","-646587,532","-1063566,156","-646586,154","-1063563,996",,,,silnice3.t¯Ìdy,34028,1894490.0,,Souhlasn˝sesmÏrem˙seku,Pomal˝,555134.0,375314.0,GN_V0.1UIR-ADR_410,2
170606190022,2,327.0,2019-01-04,5,1040,9,0,0,2,1,2,204,0,0,0,850,2,6,1,5,1,1,1,1,0,0,0,2,1,0,,3,17.0,05,1.0,1.0,1.0,0.0,1.0,3.0,800,2.0,1.0,1.0,"-672572,436","-1050411,913","-672572,436","-1050416,763","-672572,273","-1050416,884",,,,silnice2.t¯Ìdy,327,2709663.0,,Souhlasn˝sesmÏrem˙seku,Pomal˝,575810.0,,GN_V0.1UIR-ADR_410,2
170606190023,6,,2019-01-03,4,1330,2,0,0,2,1,0,508,0,0,0,50,2,3,1,1,1,1,1,1,3,3,0,5,2,10,6.0,17,,XX,,,,,,,0,,,,"-646647,159","-1060991,477","-646647,159","-1060991,477","-646656,143","-1060989,067",Pardubice,Bulharsk·,,mÌstnÌkomunikace,,1674573.0,,Souhlasn˝sesmÏrem˙seku,Pomal˝,555134.0,372331.0,GN_V0.1UIR-ADR_410,1
170606190024,6,,2019-01-03,4,1900,2,0,0,2,1,0,508,0,0,0,300,2,3,1,1,4,1,1,1,0,0,0,1,2,0,,17,,XX,,,,,,,0,,,,"-648327,831","-1063196,694","-648327,831","-1063196,694","-648325,016","-1063198,046",Pardubice,KDolÌËku,,mÌstnÌkomunikace,,341878.0,,Souhlasn˝sesmÏrem˙seku,Pomal˝,555134.0,373125.0,GN_V0.1UIR-ADR_410,1
170606190025,2,305.0,2019-01-05,6,1720,3,0,1,1,1,2,204,0,0,1,210,2,8,12,1,6,1,1,1,0,0,0,1,1,0,,3,32.0,00,1.0,1.0,1.0,0.0,1.0,3.0,200,2.0,1.0,1.0,"-625673,201","-1064370,541","-625673,201","-1064370,541","-625674,512","-1064370,35",,,,silnice2.t¯Ìdy,305,1892403.0,,OpaËn˝kesmÏru˙seku,Pomal˝,575119.0,,GN_V0.1UIR-ADR_410,2
170606190026,6,,2019-01-06,0,1605,9,0,0,1,2,9,203,0,0,1,0,2,1,1,1,1,1,1,1,0,0,0,1,1,0,,13,0.0,,1.0,0.0,1.0,0.0,1.0,5.0,0,8.0,5.0,1.0,"-672943,068","-1058254,782","-672943,068","-1058254,782","-672947,719","-1058253,915",Chvaletice,Dukelsk·,,mÌstnÌkomunikace,,772711.0,,,Pomal˝,575071.0,370975.0,GN_V0.1UIR-ADR_410,1
170606190027,6,,2019-01-06,0,2560,2,0,0,2,1,0,508,0,0,0,150,3,1,1,1,1,1,1,1,0,0,0,1,2,0,,17,,XX,,,,,,,0,,,,"-648902,7","-1060984,478","-648896,254","-1060987,701","-648899,083","-1060988,003",Pardubice,PalackÈhot¯Ìda,,mÌstnÌkomunikace,,1471760.0,,Souhlasn˝sesmÏrem˙seku,Pomal˝,555134.0,374105.0,GN_V0.1UIR-ADR_410,1
170606190028,1,2.0,2019-01-06,0,1815,9,0,0,2,6,0,100,0,0,0,10,2,1,6,1,4,1,1,1,0,0,6,1,1,0,,3,4.0,13,1.0,0.0,1.0,0.0,1.0,1.0,0,2.0,1.0,1.0,"-649545,005","-1062006,092","-649545,005","-1062006,092","-649546,426","-1062002,242",Pardubice,Praûsk·,,silnice1.t¯Ìdy,2,1472120.0,,OpaËn˝kesmÏru˙seku,Pomal˝,555134.0,374351.0,GN_V0.1UIR-ADR_410,1
170606190029,6,,2019-01-07,1,955,1,3,0,2,1,2,403,0,0,0,900,2,1,1,1,1,1,1,1,3,3,0,5,2,10,6.0,3,13.0,04,1.0,0.0,1.0,0.0,1.0,5.0,400,2.0,1.0,1.0,"-647246,893","-1062060,72","-647246,893","-1062060,72","-647249,069","-1062060,279",Pardubice,S.K.Neumanna,,mÌstnÌkomunikace,,1401659.0,,Souhlasn˝sesmÏrem˙seku,Pomal˝,555134.0,374784.0,GN_V0.1UIR-ADR_410,1
170606190030,3,32246.0,2019-01-07,1,1110,1,3,0,1,1,2,414,0,0,1,40,2,3,1,1,1,1,1,8,0,0,0,1,2,0,,5,12.0,18,3.0,0.0,1.0,0.0,1.0,3.0,10,2.0,1.0,1.0,"-638702,064","-1065332,327","-638686,435","-1065325,321","-638687,142","-1065325,12",KostÏnice,,,silnice3.t¯Ìdy,32246,1469962.0,,Souhlasn˝sesmÏrem˙seku,Pomal˝,575232.0,,GN_V0.1UIR-ADR_410,1
170606190031,1,35.0,2019-01-07,1,1130,3,0,2,2,1,2,508,0,0,0,300,2,2,1,1,1,1,1,1,0,0,0,1,1,0,,3,47.0,98,1.0,0.0,1.0,0.0,1.0,1.0,200,2.0,1.0,1.0,"-635021,377","-1054181,177","-635011,677","-1054179,56","-635007,737","-1054176,455",Chvojenec,,,silnice1.t¯Ìdy,35,2709494.0,,Souhlasn˝sesmÏrem˙seku,Pomal˝,575089.0,,GN_V0.1UIR-ADR_410,1
170606190032,6,,2019-01-07,1,2560,2,0,0,2,1,0,502,0,0,0,200,2,1,1,1,1,1,1,1,0,0,0,1,2,0,,17,,XX,,,,,,,0,,,,"-662852,376","-1059551,874","-662847,526","-1059530,317","-662847,413","-1059530,326",P¯elouË,Studentsk·,,mÌstnÌkomunikace,,331484.0,,OpaËn˝kesmÏru˙seku,Pomal˝,575500.0,376361.0,GN_V0.1UIR-ADR_410,1
170606190033,2,355.0,2019-01-08,2,711,4,0,0,1,1,2,412,0,0,2,130,2,3,1,4,5,1,1,1,0,0,1,1,1,0,,3,60.0,09,1.0,0.0,1.0,0.0,1.0,1.0,100,4.0,1.0,1.0,"-645108,704","-1061828,708","-645122,715","-1061836,253","-645122,74","-1061836,324",Pardubice,Daöick·,,silnice2.t¯Ìdy,355,1295735.0,,OpaËn˝kesmÏru˙seku,Pomal˝,555134.0,372404.0,GN_V0.1UIR-ADR_410,1
170606190034,2,324.0,2019-01-08,2,720,4,0,0,1,1,2,412,0,0,1,10,2,3,1,4,2,1,1,1,0,0,1,1,1,0,,3,1.0,09,1.0,0.0,1.0,0.0,1.0,1.0,0,2.0,1.0,1.0,"-647832,399","-1062167,171","-647834,555","-1062161,243","-647833,306","-1062161,345",Pardubice,JanaPalacha,,silnice2.t¯Ìdy,324,338590.0,,Souhlasn˝sesmÏrem˙seku,Pomal˝,555134.0,372706.0,GN_V0.1UIR-ADR_410,1
170606190035,6,,2019-01-08,2,1355,2,0,0,2,1,2,504,0,0,0,400,2,3,1,1,1,1,1,1,3,3,0,5,3,10,6.0,3,39.0,03,1.0,0.0,3.0,0.0,1.0,5.0,100,2.0,1.0,1.0,"-647895,786","-1061156,625","-647895,786","-1061156,625","-647896,109","-1061159,584",Pardubice,äTEF¡NIKOVA,,mÌstnÌkomunikace,,1674437.0,,Souhlasn˝sesmÏrem˙seku,Pomal˝,555134.0,372293.0,GN_V0.1UIR-ADR_410,1
170606190036,6,,2019-01-09,3,1330,3,0,9,2,1,2,205,0,0,0,1900,2,3,1,3,1,1,1,8,0,0,0,3,1,0,,3,16.0,16,1.0,0.0,1.0,0.0,1.0,5.0,1500,2.0,1.0,1.0,"-644499,064","-1060662,235","-644499,064","-1060662,235","-644506,924","-1060658,976",Pardubice,Dubinsk·,,mÌstnÌkomunikace,,3568999.0,,Souhlasn˝sesmÏrem˙seku,Pomal˝,555134.0,667625.0,GN_V0.1UIR-ADR_410,1
170606190037,6,,2019-01-09,3,1540,3,0,3,2,1,2,504,0,0,0,50,1,3,1,1,1,1,1,1,0,0,10,1,1,0,,3,44.0,06,1.0,0.0,1.0,0.0,1.0,5.0,20,2.0,1.0,1.0,"-647168,678","-1061226,792","-647168,678","-1061226,792","-647191,389","-1061235,234",Pardubice,Jind¯iösk·,,mÌstnÌkomunikace,,1674518.0,,OpaËn˝kesmÏru˙seku,Pomal˝,555134.0,372919.0,GN_V0.1UIR-ADR_410,1
170606190038,6,,2019-01-09,3,1820,1,1,0,1,1,2,204,0,0,2,1010,2,3,1,3,4,1,1,1,0,0,0,1,2,0,,3,44.0,09,1.0,0.0,1.0,1.0,1.0,5.0,400,3.0,1.0,1.0,"-646435,119","-1061489,93","-646443,713","-1061487,782","-646444,405","-1061487,849",Pardubice,ätrossova,,mÌstnÌkomunikace,,336810.0,,Souhlasn˝sesmÏrem˙seku,Pomal˝,555134.0,374954.0,GN_V0.1UIR-ADR_410,1
170606190039,3,34026.0,2019-01-10,4,725,1,2,0,1,1,2,204,0,0,1,2820,2,6,12,5,2,1,1,1,0,0,0,1,2,0,,3,39.0,03,1.0,0.0,1.0,0.0,1.0,3.0,800,2.0,1.0,1.0,"-646544,97","-1066431,533","-646544,97","-1066431,533","-646545,208","-1066431,5",,,,silnice3.t¯Ìdy,34026,2928797.0,,OpaËn˝kesmÏru˙seku,Pomal˝,575437.0,,GN_V0.1UIR-ADR_410,2
170606190040,2,324.0,2019-01-10,4,810,2,0,0,2,1,2,508,0,0,0,150,2,3,1,1,1,1,1,1,0,0,0,1,2,0,,3,47.0,07,1.0,0.0,1.0,0.0,1.0,2.0,50,2.0,1.0,1.0,"-647726,337","-1061029,903","-647768,377","-1061028,825","-647768,098","-1061028,844",Pardubice,17.listopadu,,silnice2.t¯Ìdy,324,749130.0,,Souhlasn˝sesmÏrem˙seku,Pomal˝,555134.0,374563.0,GN_V0.1UIR-ADR_410,1
170606190041,2,324.0,2019-01-10,4,900,2,0,0,2,1,2,508,0,0,0,20,2,3,1,1,1,1,1,2,0,0,0,1,2,0,,3,37.0,01,1.0,0.0,1.0,0.0,1.0,3.0,10,2.0,1.0,1.0,"-647726,337","-1061029,903","-647768,912","-1061032,058","-647767,8","-1061031,923",Pardubice,17.listopadu,,silnice2.t¯Ìdy,324,749130.0,,Souhlasn˝sesmÏrem˙seku,Pomal˝,555134.0,374563.0,GN_V0.1UIR-ADR_410,1
170606190042,6,,2019-01-09,3,1910,3,0,9,2,1,0,508,0,0,0,1510,2,3,1,1,6,1,1,1,0,0,0,1,1,0,,5,43.0,89,3.0,0.0,1.0,0.0,1.0,5.0,1500,3.0,1.0,1.0,"-670637,963","-1059527,169","-670637,963","-1059527,169","-670637,963","-1059524,193",Chvaletice,Pr˘myslov·,,mÌstnÌkomunikace,,2871468.0,,,Pomal˝,575071.0,,GN_V0.1UIR-ADR_410,1