IDENTIFIKA»NÕ »ÕSLO,DRUH POZEMNÕ KOMUNIKACE,»ÕSLO POZEMNÕ KOMUNIKACE,"den, mÏsÌc, rok",,Ëas ,DRUH NEHODY,DRUH SR¡éKY JEDOUCÕCH VOZIDEL,DRUH PEVN… PÿEK¡éKY,CHARAKTER NEHODY,ZAVINÃNÕ NEHODY,ALKOHOL U VINÕKA NEHODY PÿÕTOMEN,HLAVNÕ PÿÕ»INY NEHODY,usmrceno osob,tÏûce zranÏno osob,lehce zranÏno osob,CELKOV¡ HMOTN¡ äKODA,DRUH POVRCHU VOZOVKY,STAV POVRCHU VOZOVKY V DOBÃ NEHODY,STAV KOMUNIKACE,POVÃTRNOSTNÕ PODMÕNKY V DOBÃ NEHODY,VIDITELNOST,ROZHLEDOV… POMÃRY,DÃLENÕ KOMUNIKACE,SITUOV¡NÕ NEHODY NA KOMUNIKACI,ÿÕZENÕ PROVOZU V DOBÃ NEHODY,MÕSTNÕ ⁄PRAVA PÿEDNOSTI V JÕZDÃ,SPECIFICK¡ MÕSTA A OBJEKTY V MÕSTÃ NEHODY,SMÃROV… POMÃRY,PO»ET Z⁄»ASTNÃN›CH VOZIDEL,MÕSTO DOPRAVNÕ NEHODY,DRUH KÿIéUJÕCÕ KOMUNIKACE,DRUH VOZIDLA,V›ROBNÕ ZNA»KA MOTOROV…HO VOZIDLA,ROK V›ROBY VOZIDLA,CHARAKTERISTIKA VOZIDLA ,SMYK,VOZIDLO PO NEHODÃ,"⁄NIK PROVOZNÕCH, PÿEPRAVOVAN›CH HMOT",ZPŸSOB VYPROäTÃNÕ OSOB Z VOZIDLA,SMÃR JÕZDY NEBO POSTAVENÕ VOZIDLA,äKODA NA VOZIDLE,KATEGORIE ÿIDI»E,STAV ÿIDI»E,VNÃJäÕ OVLIVNÃNÕ ÿIDI»E,nan.1,nan.2,nan.3,nan.4,nan.5,nan.6,nan.7,nan.8,nan.9,nan.10,nan.11,nan.12,nan.13,nan.14,nan.15,nan.16,nan.17,nan.18,LOKALITA NEHODY
170606190043,1,36.0,2019-01-10,4,2045,3,0,6,2,1,2,510,0,0,0,950,2,3,1,1,6,1,1,1,0,0,0,2,1,0,,3,39.0,10,1.0,0.0,1.0,0.0,1.0,1.0,700,2.0,1.0,1.0,"-640376,778","-1058314,316","-640372,481","-1058305,722","-640372,686","-1058304,634",,,,silnice1.t¯Ìdy,36,2929184.0,,Souhlasn˝sesmÏrem˙seku,Pomal˝,575640.0,,GN_V0.1UIR-ADR_410,2
170606190044,1,36.0,2019-01-01,2,2560,1,4,0,2,1,0,503,0,0,0,150,2,1,1,1,4,1,1,1,0,0,0,1,2,0,,3,39.0,02,3.0,0.0,1.0,0.0,1.0,3.0,0,4.0,1.0,1.0,"-646963,124","-1061590,545","-646963,124","-1061590,545","-646963,289","-1061591,709",Pardubice,kpt.Jaroöe,,silnice1.t¯Ìdy,36,3293033.0,,Souhlasn˝sesmÏrem˙seku,Pomal˝,555134.0,373028.0,GN_V0.1UIR-ADR_410,1
170606190045,6,,2019-01-11,5,926,1,1,0,1,2,2,512,0,0,1,5,2,6,1,1,1,1,1,1,3,3,0,5,2,10,6.0,13,0.0,,1.0,0.0,1.0,0.0,1.0,5.0,5,8.0,1.0,1.0,"-662630,053","-1058882,939","-662639,219","-1058841,425","-662639,265","-1058841,861",P¯elouË,Masarykovon·mÏstÌ,,mÌstnÌkomunikace,,1470463.0,,Souhlasn˝sesmÏrem˙seku,Pomal˝,575500.0,375969.0,GN_V0.1UIR-ADR_410,1
170606190046,6,,2019-01-11,5,1150,1,4,0,2,1,0,508,0,0,0,20,2,1,1,1,1,1,5,1,0,0,2,1,2,0,,17,,XX,,,,,,,0,,,,"-648363,734","-1061107,579","-648359,423","-1061123,208","-648359,23","-1061123,866",Pardubice,PalackÈhot¯Ìda,,mÌstnÌkomunikace,,3102842.0,,Souhlasn˝sesmÏrem˙seku,Pomal˝,555134.0,374105.0,GN_V0.1UIR-ADR_410,1
170606190047,6,,2019-01-11,5,1812,1,3,0,1,1,2,204,0,0,1,250,2,5,1,5,4,1,1,1,0,0,10,2,2,0,,3,39.0,98,1.0,1.0,1.0,0.0,1.0,5.0,50,2.0,1.0,1.0,"-649068,799","-1060961,033","-649068,799","-1060961,033","-649069,238","-1060958,475",Pardubice,kpt.Bartoöe,,mÌstnÌkomunikace,,1401838.0,,Souhlasn˝sesmÏrem˙seku,Pomal˝,555134.0,373761.0,GN_V0.1UIR-ADR_410,1
170606190048,1,36.0,2019-01-11,5,1805,3,0,1,2,1,2,204,0,0,0,4100,2,8,1,5,6,1,1,1,0,0,0,1,1,0,,7,40.0,15,3.0,1.0,1.0,0.0,1.0,3.0,2000,3.0,1.0,1.0,"-633276,496","-1058795,289","-633276,496","-1058795,289","-633265,612","-1058773,755",,,,silnice1.t¯Ìdy,36,1892441.0,,Souhlasn˝sesmÏrem˙seku,Pomal˝,575011.0,,GN_V0.1UIR-ADR_410,2
170606190049,6,,2019-01-11,5,2560,2,0,0,2,1,0,508,0,0,0,150,2,8,1,5,4,1,1,1,0,0,0,1,2,0,,17,,XX,,,,,,,0,,,,"-647060,578","-1061020,831","-647088,508","-1061020,294","-647088,474","-1061020,409",Pardubice,KarlaIV.,,mÌstnÌkomunikace,,1401616.0,,Souhlasn˝sesmÏrem˙seku,Pomal˝,555134.0,373044.0,GN_V0.1UIR-ADR_410,1
170606190050,6,,2019-01-12,6,1000,2,0,0,2,1,2,508,0,0,0,60,2,3,1,3,1,1,1,1,0,0,0,1,2,0,,3,39.0,08,1.0,0.0,1.0,0.0,1.0,5.0,10,2.0,3.0,1.0,"-645450,624","-1061748,643","-645450,624","-1061748,643","-645449,919","-1061749,525",Pardubice,KPardubiËk·m,,mÌstnÌkomunikace,,1295758.0,,Souhlasn˝sesmÏrem˙seku,Pomal˝,555134.0,373346.0,GN_V0.1UIR-ADR_410,1
170606190051,1,36.0,2019-01-12,6,1114,1,1,0,1,1,2,405,0,0,2,1400,2,3,1,1,1,1,1,1,2,0,2,4,2,19,2.0,3,48.0,13,3.0,0.0,1.0,0.0,1.0,21.0,800,2.0,1.0,1.0,"-645888,315","-1061456,013","-645902,818","-1061451,179","-645902,804","-1061451,19",Pardubice,kpt.Jaroöe,,silnice1.t¯Ìdy,36,1471515.0,,Souhlasn˝sesmÏrem˙seku,Pomal˝,555134.0,373028.0,GN_V0.1UIR-ADR_410,1
170606190052,6,,2019-01-12,6,2560,2,0,0,2,1,0,508,0,0,0,50,2,3,1,1,1,1,1,0,0,0,10,1,2,0,,17,,XX,,,,,,,0,,,,"-648652,948","-1058513,711","-648652,948","-1058513,711","-648652,661","-1058513,213",Pardubice,PodÏbradsk·,,mÌstnÌkomunikace,,1717874.0,,Souhlasn˝sesmÏrem˙seku,Pomal˝,555134.0,374229.0,GN_V0.1UIR-ADR_410,1
170606190053,1,2.0,2019-01-12,6,1854,1,1,0,1,1,9,501,0,0,2,1300,2,3,1,3,6,1,1,1,0,0,0,1,2,0,,3,48.0,06,1.0,0.0,1.0,0.0,1.0,1.0,1000,2.0,5.0,1.0,"-659594,228","-1059911,927","-659594,228","-1059911,927","-659594,067","-1059911,523",,,,silnice1.t¯Ìdy,2,2750493.0,,Souhlasn˝sesmÏrem˙seku,Pomal˝,575925.0,377813.0,GN_V0.1UIR-ADR_410,2
170606190054,6,,2019-01-13,0,640,2,0,0,2,1,2,204,0,0,0,2400,2,3,1,1,4,1,1,8,0,0,0,3,4,0,,8,99.0,11,5.0,1.0,1.0,0.0,1.0,5.0,800,4.0,1.0,1.0,"-644906,408","-1060914,894","-644906,408","-1060914,894","-644905,699","-1060909,146",Pardubice,BartoÚova,,mÌstnÌkomunikace,,743669.0,,Souhlasn˝sesmÏrem˙seku,Pomal˝,555134.0,372587.0,GN_V0.1UIR-ADR_410,1
170606190055,1,37.0,2019-01-13,0,1300,3,0,4,2,1,2,205,0,0,0,200,2,3,1,1,1,1,1,1,0,0,0,2,1,0,,3,47.0,98,1.0,0.0,0.0,0.0,1.0,1.0,100,2.0,1.0,1.0,"-645132,186","-1049931,369","-645134,335","-1049930,832","-645137,261","-1049928,274",,,,silnice1.t¯Ìdy,37,1632084.0,,Souhlasn˝sesmÏrem˙seku,Pomal˝,575429.0,,GN_V0.1UIR-ADR_410,2
170606190056,1,2.0,2019-01-13,0,1720,1,4,0,2,1,2,503,0,0,0,900,2,3,1,3,4,1,1,1,0,0,0,1,2,0,,3,13.0,01,1.0,0.0,1.0,0.0,1.0,1.0,400,2.0,1.0,1.0,"-651250,354","-1062282,395","-651250,354","-1062282,395","-651250,68","-1062284,945",Pardubice,Praûsk·,,silnice1.t¯Ìdy,2,339179.0,,OpaËn˝kesmÏru˙seku,Pomal˝,555134.0,374351.0,GN_V0.1UIR-ADR_410,1
170606190057,1,37.0,2019-01-14,1,1107,1,3,0,1,1,2,403,0,0,1,630,2,3,1,1,1,1,1,1,3,3,5,7,2,19,1.0,5,7.0,14,3.0,0.0,1.0,0.0,1.0,12.0,250,2.0,1.0,1.0,"-645146,396","-1049718,219","-645146,396","-1049718,219","-645144,899","-1049718,721",,,,silnice1.t¯Ìdy,37,1629982.0,,Souhlasn˝sesmÏrem˙seku,Pomal˝,575429.0,,GN_V0.1UIR-ADR_410,2
170606190058,3,373.0,2019-01-14,1,1525,9,0,0,2,1,2,205,0,0,0,1600,2,3,1,5,1,1,1,1,0,0,0,3,1,0,,3,13.0,18,3.0,1.0,1.0,0.0,1.0,1.0,1600,2.0,1.0,1.0,"-647691,788","-1053501,105","-647691,788","-1053501,105","-647693,803","-1053500,117",,,,silnice3.t¯Ìdy,0373,313262.0,,OpaËn˝kesmÏru˙seku,Pomal˝,575046.0,,GN_V0.1UIR-ADR_410,2
170606190059,1,17.0,2019-01-14,1,1935,3,0,6,1,1,2,204,0,0,1,1500,2,6,12,1,6,1,1,1,0,0,0,2,1,0,,3,36.0,04,1.0,0.0,1.0,1.0,1.0,1.0,1500,2.0,1.0,1.0,"-661525,339","-1068707,638","-661525,339","-1068707,638","-661522,855","-1068695,278",,,,silnice1.t¯Ìdy,17,2709481.0,,Souhlasn˝sesmÏrem˙seku,Pomal˝,573019.0,,GN_V0.1UIR-ADR_410,2
170606190060,2,324.0,2019-01-14,1,1920,3,0,9,2,1,2,204,0,0,0,150,2,5,1,6,4,1,1,1,3,3,0,4,1,19,3.0,3,47.0,12,1.0,1.0,1.0,0.0,1.0,43.0,100,2.0,1.0,1.0,"-646250,194","-1056038,079","-646250,194","-1056038,079","-646253,326","-1056036,635",HRADIäTÃNAPÕSKU,,,silnice2.t¯Ìdy,324,3097582.0,,OpaËn˝kesmÏru˙seku,Pomal˝,575704.0,,GN_V0.1UIR-ADR_410,1
170606190061,3,34026.0,2019-01-14,1,1945,3,0,6,2,1,7,204,0,0,0,2400,2,6,12,1,6,1,1,1,0,0,0,2,1,0,,5,44.0,08,1.0,1.0,1.0,0.0,1.0,3.0,2000,2.0,4.0,1.0,"-646262,638","-1065175,929","-646262,638","-1065175,929","-646258,019","-1065175,073",,,,silnice3.t¯Ìdy,34026,2708852.0,,OpaËn˝kesmÏru˙seku,Pomal˝,575437.0,,GN_V0.1UIR-ADR_410,2
170606190062,3,34026.0,2019-01-15,2,500,3,0,3,2,1,2,204,0,0,0,350,2,3,1,5,4,1,1,0,0,0,0,3,1,0,,3,35.0,00,1.0,1.0,1.0,0.0,1.0,1.0,200,3.0,1.0,1.0,"-646228,011","-1063928,145","-646228,011","-1063928,145","-646218,038","-1063925,863",NEMOäICE,Ost¯eöansk·,,silnice3.t¯Ìdy,34026,343872.0,,Souhlasn˝sesmÏrem˙seku,Pomal˝,555134.0,374091.0,GN_V0.1UIR-ADR_410,1
170606190063,1,36.0,2019-01-01,2,2560,2,0,0,2,1,0,508,0,0,0,100,2,1,1,1,4,1,1,1,0,0,0,1,2,0,,3,35.0,00,1.0,0.0,1.0,0.0,1.0,3.0,50,2.0,1.0,1.0,"-630250,364","-1059080,242","-630258,448","-1059067,847","-630259,023","-1059066,984",Holice,Staroholick·,,silnice1.t¯Ìdy,36,1469839.0,,OpaËn˝kesmÏru˙seku,Pomal˝,574988.0,370304.0,GN_V0.1UIR-ADR_410,1
170606190064,8,,2019-01-15,2,1560,2,0,0,2,1,0,508,0,0,0,100,1,3,1,3,1,1,1,1,0,0,0,1,2,0,,17,,XX,,,,,,,0,,,,"-647284,859","-1062354,339","-647276,236","-1062355,956","-647275,143","-1062356,171",Pardubice,S.K.NEUMANNA,,mÌstnÌkomunikace,,3097062.0,,Souhlasn˝sesmÏrem˙seku,Pomal˝,555134.0,374466.0,GN_V0.1UIR-ADR_410,1
170606190065,6,,2019-01-16,3,705,3,0,1,1,2,2,508,0,0,1,10,2,3,1,1,4,1,1,1,0,0,0,2,1,0,,13,0.0,,1.0,0.0,1.0,0.0,1.0,5.0,10,8.0,1.0,1.0,"-643117,832","-1059387,646","-643117,832","-1059376,324","-643117,812","-1059376,66",,,,mÌstnÌkomunikace,,1295372.0,,,Pomal˝,555134.0,,GN_V0.1UIR-ADR_410,2
170606190066,6,,2019-01-16,3,1105,1,4,0,2,1,2,503,0,0,0,2100,2,3,1,1,1,1,1,1,0,0,0,1,3,0,,3,48.0,05,1.0,0.0,1.0,0.0,1.0,5.0,700,2.0,1.0,1.0,"-646565,007","-1060903,824","-646565,007","-1060903,824","-646565,491","-1060904,19",Pardubice,ätrossova,,mÌstnÌkomunikace,,1471501.0,,OpaËn˝kesmÏru˙seku,Pomal˝,555134.0,374954.0,GN_V0.1UIR-ADR_410,1
170606190067,1,36.0,2019-01-17,4,130,3,0,2,2,1,5,205,0,0,0,720,2,1,1,1,4,1,1,1,3,3,1,4,1,19,6.0,3,38.0,04,1.0,0.0,0.0,1.0,1.0,13.0,300,2.0,5.0,1.0,"-648839,53","-1061166,422","-648839,53","-1061166,422","-648839,753","-1061167,812",Pardubice,PalackÈhot¯Ìda,,silnice1.t¯Ìdy,36,743621.0,,OpaËn˝kesmÏru˙seku,Pomal˝,555134.0,374105.0,GN_V0.1UIR-ADR_410,1
170606190068,1,36.0,2019-01-17,4,425,3,0,6,2,1,2,205,0,0,0,3100,2,1,1,1,6,1,1,1,0,0,0,2,1,0,,5,62.0,02,1.0,0.0,1.0,1.0,3.0,1.0,3000,3.0,1.0,1.0,"-640256,508","-1058303,089","-640256,508","-1058303,089","-640256,436","-1058294,083",,,,silnice1.t¯Ìdy,36,2929184.0,,Souhlasn˝sesmÏrem˙seku,Pomal˝,575640.0,,GN_V0.1UIR-ADR_410,2
170606190069,3,32722.0,2019-01-17,4,545,1,1,0,1,1,2,501,0,0,1,1210,2,1,1,1,6,1,1,1,0,0,0,2,2,0,,3,39.0,99,1.0,0.0,1.0,0.0,1.0,1.0,600,2.0,1.0,1.0,"-663234,854","-1054772,385","-663244,016","-1054764,84","-663244,125","-1054764,74",,,,silnice3.t¯Ìdy,32722,2709278.0,,OpaËn˝kesmÏru˙seku,Pomal˝,575763.0,,GN_V0.1UIR-ADR_410,2
170606190070,1,2.0,2019-01-18,5,350,3,0,1,2,1,2,204,0,0,0,900,2,8,1,5,6,1,1,1,0,0,0,1,1,0,,5,26.0,10,3.0,1.0,0.0,0.0,1.0,3.0,700,3.0,1.0,1.0,"-666174,318","-1059016,257","-666156,592","-1059016,795","-666156,694","-1059017,798",,,,silnice1.t¯Ìdy,2,1472104.0,,OpaËn˝kesmÏru˙seku,Pomal˝,575500.0,,GN_V0.1UIR-ADR_410,2
170606190071,1,36.0,2019-01-18,5,845,1,1,0,1,1,2,204,1,0,0,1300,2,6,1,1,1,1,1,1,0,0,0,2,2,0,,3,39.0,03,3.0,1.0,1.0,0.0,1.0,1.0,600,4.0,1.0,1.0,"-661004,285","-1049994,218","-661004,285","-1049994,218","-661001,119","-1049992,445",,,,silnice1.t¯Ìdy,36,3292989.0,,Souhlasn˝sesmÏrem˙seku,Pomal˝,575992.0,,GN_V0.1UIR-ADR_410,2
170606190072,6,,2019-01-18,5,930,2,0,0,2,1,2,508,0,0,0,700,2,8,12,5,1,1,1,1,0,0,0,1,3,0,,5,62.0,01,3.0,0.0,1.0,0.0,1.0,5.0,0,3.0,1.0,1.0,"-648365,936","-1062622,497","-648365,936","-1062622,497","-648366,229","-1062628,032",Pardubice,DemokratickÈml·deûe,,mÌstnÌkomunikace,,340317.0,,Souhlasn˝sesmÏrem˙seku,Pomal˝,555134.0,372412.0,GN_V0.1UIR-ADR_410,1
170606190073,1,36.0,2019-01-18,5,1030,1,4,0,1,1,2,503,0,0,1,150,2,3,1,1,1,1,0,1,3,3,0,7,2,19,6.0,3,13.0,07,3.0,0.0,1.0,0.0,1.0,13.0,50,2.0,1.0,1.0,"-645259,084","-1060385,795","-645262,844","-1060396,537","-645263,176","-1060397,524",Pardubice,NaDr·ûce,,silnice1.t¯Ìdy,36,1389220.0,,Souhlasn˝sesmÏrem˙seku,Pomal˝,555134.0,373796.0,GN_V0.1UIR-ADR_410,1
170606190074,3,373.0,2019-01-18,5,1730,5,0,0,2,4,0,100,0,0,0,130,2,1,1,1,6,1,1,1,0,0,0,1,1,0,,3,39.0,08,1.0,0.0,1.0,0.0,1.0,1.0,100,3.0,1.0,1.0,"-647687,235","-1054776,49","-647687,235","-1054776,49","-647688,955","-1054776,189",,,,silnice3.t¯Ìdy,0373,1469925.0,,Souhlasn˝sesmÏrem˙seku,Pomal˝,575682.0,,GN_V0.1UIR-ADR_410,2
170606190075,1,36.0,2019-01-19,6,312,0,0,0,2,1,2,508,0,0,0,80,2,1,1,1,4,1,1,1,0,0,0,1,1,0,,3,39.0,03,7.0,0.0,1.0,0.0,1.0,1.0,80,4.0,1.0,1.0,"-641823,12","-1058926,78","-641823,12","-1058926,78","-641820,295","-1058927,167",Sezemice,Pardubick·,,silnice1.t¯Ìdy,36,772983.0,,OpaËn˝kesmÏru˙seku,Pomal˝,575640.0,377295.0,GN_V0.1UIR-ADR_410,1
170606190076,1,2.0,2019-01-18,5,2560,3,0,6,2,1,0,508,0,0,0,100,2,1,1,1,1,1,1,1,3,3,0,5,1,19,1.0,17,,XX,,,,,,,0,,,,"-652474,679","-1062319,632","-652474,679","-1062319,632","-652473,986","-1062323,267",,,,silnice1.t¯Ìdy,2,339336.0,,Souhlasn˝sesmÏrem˙seku,Pomal˝,555134.0,667005.0,GN_V0.1UIR-ADR_410,2
170606190077,2,324.0,2019-01-19,6,1900,1,4,0,2,1,2,503,0,0,0,110,2,1,1,1,4,1,1,1,0,0,0,1,2,0,,3,39.0,18,3.0,0.0,3.0,0.0,1.0,1.0,10,2.0,1.0,1.0,"-647762,482","-1061085,51","-647768,928","-1061095,716","-647768,726","-1061095,731",Pardubice,17.listopadu,,silnice2.t¯Ìdy,324,743611.0,,OpaËn˝kesmÏru˙seku,Pomal˝,555134.0,374563.0,GN_V0.1UIR-ADR_410,1
170606190078,3,32256.0,2019-01-21,1,2560,2,0,0,2,1,0,508,0,0,0,200,1,1,1,1,1,1,1,1,0,0,0,1,2,0,,17,,XX,,,,,,,0,,,,"-635883,182","-1066352,714","-635883,182","-1066352,714","-635913,592","-1066344,267",Moravany,KomenskÈho,,silnice3.t¯Ìdy,32256,351214.0,,OpaËn˝kesmÏru˙seku,Pomal˝,575399.0,371637.0,GN_V0.1UIR-ADR_410,1
170606190079,2,324.0,2019-01-01,2,2560,0,0,0,1,1,0,508,0,0,1,0,1,1,1,1,1,1,1,1,0,0,2,1,1,0,,11,0.0,,3.0,0.0,1.0,0.0,1.0,3.0,0,9.0,,,"-647799,776","-1061806,721","-647812,13","-1061807,796","-647811,977","-1061807,806",Pardubice,JanaPalacha,,silnice2.t¯Ìdy,324,337925.0,,OpaËn˝kesmÏru˙seku,Pomal˝,555134.0,372706.0,GN_V0.1UIR-ADR_410,1
170606190080,1,35.0,2019-01-21,1,1930,1,3,0,2,1,0,402,0,0,0,100,2,1,1,1,6,1,1,1,3,3,0,4,2,19,2.0,17,,XX,,,,,,,0,,,,"-624618,449","-1067498,095","-624624,916","-1067508,335","-624625,239","-1067508,518",,,,silnice1.t¯Ìdy,35,2713486.0,,OpaËn˝kesmÏru˙seku,Pomal˝,575861.0,,GN_V0.1UIR-ADR_410,2
170606190081,1,36.0,2019-01-23,3,1320,1,3,0,1,1,2,405,0,0,1,1100,2,1,1,1,1,1,1,1,3,3,2,5,2,19,6.0,5,47.0,14,3.0,0.0,1.0,0.0,1.0,13.0,800,3.0,1.0,1.0,"-644771,441","-1060102,499","-644771,441","-1060102,499","-644771,979","-1060101,756",Pardubice,NaDr·ûce,,silnice1.t¯Ìdy,36,3582694.0,,Souhlasn˝sesmÏrem˙seku,Pomal˝,555134.0,373796.0,GN_V0.1UIR-ADR_410,1
170606190082,1,35.0,2019-01-23,3,1429,1,2,0,2,1,2,310,0,0,0,270,2,1,1,1,1,1,1,1,0,0,0,1,2,0,,3,39.0,11,3.0,0.0,1.0,0.0,1.0,1.0,120,2.0,1.0,1.0,"-627932,469","-1063860,58","-627932,469","-1063860,58","-627935,458","-1063862,551",,,,silnice1.t¯Ìdy,35,1892449.0,,OpaËn˝kesmÏru˙seku,Pomal˝,575445.0,,GN_V0.1UIR-ADR_410,2
170606190083,1,36.0,2019-01-24,4,435,5,0,0,2,4,0,100,0,0,0,400,2,1,1,1,4,1,1,1,0,0,0,1,1,0,,7,10.0,15,3.0,0.0,1.0,0.0,1.0,1.0,400,3.0,1.0,1.0,"-637113,207","-1058701,062","-637113,207","-1058701,062","-637111,39","-1058694,428",,,,silnice1.t¯Ìdy,36,1472133.0,,Souhlasn˝sesmÏrem˙seku,Pomal˝,574929.0,,GN_V0.1UIR-ADR_410,2
170606190084,6,,2019-01-24,4,645,3,0,3,2,1,2,508,0,0,0,100,2,1,1,1,4,1,1,1,0,0,0,1,1,0,,8,99.0,14,5.0,0.0,1.0,0.0,1.0,5.0,50,4.0,1.0,1.0,"-648804,478","-1061191,893","-648804,478","-1061191,893","-648803,206","-1061183,861",Pardubice,n·mÏstÌJanaPernera,,mÌstnÌkomunikace,,1674419.0,,,Pomal˝,555134.0,372757.0,GN_V0.1UIR-ADR_410,1
170606190085,6,,2019-01-23,3,2560,2,0,0,2,1,0,508,0,0,0,10,2,1,1,1,4,1,1,1,0,0,10,1,2,0,,17,,XX,,,,,,,0,,,,"-653373,966","-1056749,994","-653373,966","-1056749,994","-653374,372","-1056750,401",L·znÏBohdaneË,NaLuûci,,mÌstnÌkomunikace,,2708257.0,,OpaËn˝kesmÏru˙seku,Pomal˝,574767.0,,GN_V0.1UIR-ADR_410,1
170606190086,6,,2019-01-24,4,2560,2,0,0,2,1,0,508,0,0,0,200,2,1,1,1,1,1,1,1,0,0,10,1,2,0,,17,,XX,,,,,,,0,,,,"-648479,913","-1061883,214","-648479,913","-1061883,214","-648480,646","-1061895,8",Pardubice,TeplÈho,,mÌstnÌkomunikace,,1717919.0,,OpaËn˝kesmÏru˙seku,Pomal˝,555134.0,374989.0,GN_V0.1UIR-ADR_410,1
170606190087,3,29811.0,2019-01-24,4,1648,5,0,0,2,4,0,100,0,0,0,220,2,1,1,1,2,1,1,1,0,0,0,1,1,0,,3,39.0,10,3.0,0.0,0.0,0.0,1.0,1.0,200,2.0,1.0,1.0,"-642946,812","-1052962,831","-642946,812","-1052962,831","-642947,449","-1052958,216",,,,silnice3.t¯Ìdy,29811,2710854.0,,OpaËn˝kesmÏru˙seku,Pomal˝,574953.0,,GN_V0.1UIR-ADR_410,2
170606190088,1,36.0,2019-01-25,5,730,3,0,9,2,1,2,508,0,0,0,750,2,6,1,5,4,1,1,1,0,0,0,1,1,0,,3,39.0,13,1.0,0.0,1.0,0.0,1.0,3.0,700,3.0,1.0,1.0,"-631677,955","-1059226,108","-631669,36","-1059220,199","-631669,413","-1059220,28",Holice,N·draûnÌ,,silnice1.t¯Ìdy,36,330353.0,,Souhlasn˝sesmÏrem˙seku,Pomal˝,574988.0,370169.0,GN_V0.1UIR-ADR_410,1
170606190089,1,37.0,2019-01-25,5,1005,3,0,4,1,1,2,204,0,0,1,1210,2,6,1,1,1,1,3,3,0,0,0,3,1,0,,3,35.0,11,1.0,1.0,1.0,0.0,1.0,1.0,1110,2.0,1.0,1.0,"-645361,068","-1052546,317","-645361,068","-1052546,317","-645364,365","-1052545,43",,,,silnice1.t¯Ìdy,37,1629987.0,,Souhlasn˝sesmÏrem˙seku,Pomal˝,575046.0,,GN_V0.1UIR-ADR_410,2
170606190091,8,,2019-01-26,6,222,2,0,0,2,1,9,209,0,0,0,850,2,1,1,1,4,1,1,1,3,5,10,1,4,0,,3,13.0,08,1.0,0.0,1.0,0.0,1.0,5.0,150,2.0,5.0,1.0,"-648382,743","-1059743,228","-648382,743","-1059743,228","-648385,666","-1059736,115",Pardubice,Gagarinova,,mÌstnÌkomunikace,,2588688.0,,Souhlasn˝sesmÏrem˙seku,Pomal˝,555134.0,372668.0,GN_V0.1UIR-ADR_410,1
170606190092,1,37.0,2019-01-26,6,945,3,0,4,2,1,2,204,0,0,0,550,2,5,1,1,1,1,1,1,0,0,0,3,1,0,,3,32.0,12,3.0,1.0,1.0,0.0,1.0,3.0,500,2.0,1.0,1.0,"-645449,41","-1052513,956","-645450,488","-1052511,261","-645449,915","-1052511,196",,,,silnice1.t¯Ìdy,37,2708768.0,,Souhlasn˝sesmÏrem˙seku,Pomal˝,575046.0,,GN_V0.1UIR-ADR_410,2
170606190093,3,32226.0,2019-01-26,6,1015,3,0,3,2,1,0,204,0,0,0,250,2,8,1,1,1,1,1,8,0,0,0,3,1,0,,3,38.0,16,1.0,1.0,1.0,0.0,1.0,1.0,100,2.0,1.0,1.0,"-657032,985","-1062978,056","-657032,985","-1062978,056","-657023,866","-1062977,617",BezdÏkov,,,silnice3.t¯Ìdy,32226,2928771.0,,OpaËn˝kesmÏru˙seku,Pomal˝,574741.0,,GN_V0.1UIR-ADR_410,1
170606190094,6,,2019-01-26,6,1515,3,0,3,2,1,2,204,0,0,0,100,2,8,1,1,1,1,1,1,0,0,0,1,1,0,,3,60.0,07,1.0,0.0,1.0,0.0,1.0,5.0,50,2.0,1.0,1.0,"-648514,476","-1057968,335","-648514,476","-1057968,335","-648513,434","-1057976,737",Pardubice,SemtÌnsk·,,mÌstnÌkomunikace,,326810.0,,Souhlasn˝sesmÏrem˙seku,Pomal˝,555134.0,374580.0,GN_V0.1UIR-ADR_410,1
170606190095,3,2985.0,2019-01-26,6,1635,9,0,0,1,1,2,204,0,0,1,300,2,8,1,5,1,1,1,8,0,0,0,3,1,0,,3,47.0,97,1.0,0.0,1.0,0.0,1.0,1.0,300,2.0,1.0,1.0,"-646491,596","-1057706,793","-646491,596","-1057706,793","-646491,596","-1057702,34",StarÈHradiötÏ,,,silnice3.t¯Ìdy,2985,3363682.0,,OpaËn˝kesmÏru˙seku,Pomal˝,575704.0,,GN_V0.1UIR-ADR_410,1