IDENTIFIKA»NÕ »ÕSLO,DRUH POZEMNÕ KOMUNIKACE,»ÕSLO POZEMNÕ KOMUNIKACE,"den, mÏsÌc, rok",,Ëas ,DRUH NEHODY,DRUH SR¡éKY JEDOUCÕCH VOZIDEL,DRUH PEVN… PÿEK¡éKY,CHARAKTER NEHODY,ZAVINÃNÕ NEHODY,ALKOHOL U VINÕKA NEHODY PÿÕTOMEN,HLAVNÕ PÿÕ»INY NEHODY,usmrceno osob,tÏûce zranÏno osob,lehce zranÏno osob,CELKOV¡ HMOTN¡ äKODA,DRUH POVRCHU VOZOVKY,STAV POVRCHU VOZOVKY V DOBÃ NEHODY,STAV KOMUNIKACE,POVÃTRNOSTNÕ PODMÕNKY V DOBÃ NEHODY,VIDITELNOST,ROZHLEDOV… POMÃRY,DÃLENÕ KOMUNIKACE,SITUOV¡NÕ NEHODY NA KOMUNIKACI,ÿÕZENÕ PROVOZU V DOBÃ NEHODY,MÕSTNÕ ⁄PRAVA PÿEDNOSTI V JÕZDÃ,SPECIFICK¡ MÕSTA A OBJEKTY V MÕSTÃ NEHODY,SMÃROV… POMÃRY,PO»ET Z⁄»ASTNÃN›CH VOZIDEL,MÕSTO DOPRAVNÕ NEHODY,DRUH KÿIéUJÕCÕ KOMUNIKACE,DRUH VOZIDLA,V›ROBNÕ ZNA»KA MOTOROV…HO VOZIDLA,ROK V›ROBY VOZIDLA,CHARAKTERISTIKA VOZIDLA ,SMYK,VOZIDLO PO NEHODÃ,"⁄NIK PROVOZNÕCH, PÿEPRAVOVAN›CH HMOT",ZPŸSOB VYPROäTÃNÕ OSOB Z VOZIDLA,SMÃR JÕZDY NEBO POSTAVENÕ VOZIDLA,äKODA NA VOZIDLE,KATEGORIE ÿIDI»E,STAV ÿIDI»E,VNÃJäÕ OVLIVNÃNÕ ÿIDI»E,nan.1,nan.2,nan.3,nan.4,nan.5,nan.6,nan.7,nan.8,nan.9,nan.10,nan.11,nan.12,nan.13,nan.14,nan.15,nan.16,nan.17,nan.18,LOKALITA NEHODY
170606190096,8,,2019-01-26,6,2045,3,0,6,2,1,9,504,0,0,0,50,3,1,1,1,4,1,1,1,0,0,1,1,1,0,,3,99.0,15,1.0,0.0,1.0,0.0,1.0,5.0,50,3.0,5.0,1.0,"-648891,96","-1061010,515","-648891,96","-1061010,515","-648892,806","-1061016,389",Pardubice,kpt.Bartoöe,,mÌstnÌkomunikace,,1471759.0,,Souhlasn˝sesmÏrem˙seku,Pomal˝,555134.0,374539.0,GN_V0.1UIR-ADR_410,1
170606190097,1,2.0,2019-01-26,6,2000,3,0,1,1,1,2,204,0,0,1,340,2,8,1,5,6,1,1,8,0,0,0,2,1,0,,3,4.0,98,1.0,0.0,1.0,0.0,1.0,1.0,300,2.0,1.0,1.0,"-672391,364","-1060826,939","-672391,364","-1060826,939","-672388,393","-1060820,186",,,,silnice1.t¯Ìdy,2,1738717.0,,Souhlasn˝sesmÏrem˙seku,Pomal˝,575071.0,,GN_V0.1UIR-ADR_410,2
170606190098,6,,2019-01-26,6,2045,2,0,0,2,1,2,204,0,0,0,3750,2,8,1,1,4,1,1,1,0,0,0,1,5,0,,3,39.0,00,1.0,0.0,1.0,0.0,1.0,5.0,300,2.0,1.0,1.0,"-644841,407","-1060853,516","-644841,407","-1060853,516","-644830,884","-1060867,803",Pardubice,BartoÚova,,mÌstnÌkomunikace,,1674595.0,,OpaËn˝kesmÏru˙seku,Pomal˝,555134.0,372587.0,GN_V0.1UIR-ADR_410,1
170606190099,6,,2019-01-27,0,2560,2,0,0,2,1,0,508,0,0,0,100,2,3,1,1,1,1,1,1,0,0,0,1,2,0,,17,,XX,,,,,,,0,,,,"-673232,282","-1058074,089","-673199,947","-1058080,556","-673196,661","-1058081,758",Chvaletice,UKulturnÌhodomu,,mÌstnÌkomunikace,,327164.0,,Souhlasn˝sesmÏrem˙seku,Pomal˝,575071.0,371084.0,GN_V0.1UIR-ADR_410,1
170606190100,1,36.0,2019-01-27,0,1810,0,0,0,1,5,2,100,0,0,1,0,2,3,1,1,4,1,1,1,0,0,0,1,1,0,,3,4.0,01,1.0,0.0,1.0,0.0,1.0,1.0,0,2.0,1.0,1.0,"-649418,411","-1060907,114","-649424,878","-1060909,27","-649420,881","-1060908,003",Pardubice,,,silnice1.t¯Ìdy,36,743556.0,,Souhlasn˝sesmÏrem˙seku,Pomal˝,555134.0,,GN_V0.1UIR-ADR_410,1
170606190101,1,2.0,2019-01-28,1,445,3,0,9,2,1,2,204,0,0,0,550,2,6,1,6,7,1,1,1,0,0,0,1,1,0,,3,39.0,12,1.0,1.0,1.0,0.0,1.0,3.0,500,2.0,1.0,1.0,"-655326,373","-1062224,218","-655337,152","-1062229,069","-655337,719","-1062230,118",,,,silnice1.t¯Ìdy,2,1892735.0,,OpaËn˝kesmÏru˙seku,Pomal˝,555134.0,,GN_V0.1UIR-ADR_410,2
170606190102,1,2.0,2019-01-28,1,450,3,0,9,1,1,2,204,0,0,1,1050,2,6,1,4,7,1,1,1,0,0,0,1,1,0,,5,19.0,16,3.0,1.0,1.0,0.0,1.0,1.0,1000,3.0,1.0,1.0,"-655326,373","-1062224,218","-655337,691","-1062230,146","-655337,685","-1062230,137",,,,silnice1.t¯Ìdy,2,1892735.0,,Souhlasn˝sesmÏrem˙seku,Pomal˝,555134.0,,GN_V0.1UIR-ADR_410,2
170606190103,1,2.0,2019-01-28,1,455,3,0,4,2,1,2,204,0,0,0,220,2,6,1,1,6,1,1,1,0,0,0,1,1,0,,3,31.0,98,1.0,0.0,0.0,0.0,1.0,3.0,200,2.0,1.0,1.0,"-660520,633","-1059642,365","-660520,633","-1059642,365","-660522,09","-1059650,361",,,,silnice1.t¯Ìdy,2,3292985.0,,OpaËn˝kesmÏru˙seku,Pomal˝,575925.0,,GN_V0.1UIR-ADR_410,2
170606190104,1,2.0,2019-01-28,1,515,3,0,1,2,1,2,204,0,0,0,450,2,6,1,6,6,1,1,1,0,0,0,1,1,0,,7,19.0,17,3.0,1.0,0.0,0.0,1.0,1.0,300,3.0,1.0,1.0,"-660520,633","-1059642,365","-660520,633","-1059642,365","-660522,09","-1059650,361",,,,silnice1.t¯Ìdy,2,3292985.0,,OpaËn˝kesmÏru˙seku,Pomal˝,575925.0,,GN_V0.1UIR-ADR_410,2
170606190105,1,2.0,2019-01-28,1,503,3,0,1,2,1,2,204,0,0,0,700,2,6,1,4,6,1,1,1,0,0,0,1,1,0,,3,17.0,11,1.0,1.0,1.0,0.0,1.0,3.0,700,2.0,1.0,1.0,"-660511,904","-1059653,063","-660511,904","-1059653,063","-660511,755","-1059652,244",,,,silnice1.t¯Ìdy,2,3292985.0,,Souhlasn˝sesmÏrem˙seku,Pomal˝,575925.0,,GN_V0.1UIR-ADR_410,2
170606190106,1,2.0,2019-01-28,1,520,1,2,0,2,1,2,204,0,0,0,650,2,6,1,4,6,1,1,1,0,0,0,1,3,0,,3,47.0,13,1.0,0.0,1.0,0.0,1.0,3.0,300,2.0,1.0,1.0,"-660841,027","-1059595,838","-660841,027","-1059595,838","-660840,614","-1059593,705",,,,silnice1.t¯Ìdy,2,3289463.0,,Souhlasn˝sesmÏrem˙seku,Pomal˝,575500.0,376035.0,GN_V0.1UIR-ADR_410,2
170606190107,1,2.0,2019-01-28,1,510,1,2,0,2,1,2,204,0,0,0,1100,2,3,1,1,6,1,1,1,0,0,0,1,2,0,,3,39.0,08,1.0,1.0,0.0,0.0,1.0,3.0,500,3.0,1.0,1.0,"-660853,628","-1059586,124","-660853,628","-1059586,124","-660854,572","-1059591,002",,,,silnice1.t¯Ìdy,2,3289463.0,,OpaËn˝kesmÏru˙seku,Pomal˝,575500.0,376035.0,GN_V0.1UIR-ADR_410,2
170606190108,1,2.0,2019-01-28,1,515,4,0,0,1,1,2,204,0,0,1,210,2,6,1,1,4,1,1,1,0,0,0,1,2,0,,3,39.0,01,1.0,1.0,0.0,0.0,1.0,3.0,100,2.0,1.0,1.0,"-660853,628","-1059586,124","-660853,628","-1059586,124","-660854,572","-1059591,002",,,,silnice1.t¯Ìdy,2,3289463.0,,OpaËn˝kesmÏru˙seku,Pomal˝,575500.0,376035.0,GN_V0.1UIR-ADR_410,2
170606190109,3,32256.0,2019-01-28,1,545,3,0,1,1,1,2,204,0,0,1,350,2,6,1,1,6,1,1,8,0,0,0,2,1,0,,3,13.0,17,1.0,1.0,1.0,0.0,1.0,1.0,300,2.0,1.0,1.0,"-634546,568","-1064642,643","-634546,568","-1064642,643","-634548,534","-1064640,747",,,,silnice3.t¯Ìdy,32256,3348541.0,,OpaËn˝kesmÏru˙seku,Pomal˝,574911.0,,GN_V0.1UIR-ADR_410,2
170606190110,3,32247.0,2019-01-28,1,614,3,0,9,2,1,2,204,0,0,0,250,2,6,1,1,4,1,1,6,0,0,0,2,1,0,,3,5.0,07,1.0,1.0,1.0,0.0,1.0,1.0,100,2.0,1.0,1.0,"-636157,578","-1065925,783","-636157,578","-1065925,783","-636156,286","-1065924,186",Moravany,Naobci,,silnice3.t¯Ìdy,32247,772835.0,,OpaËn˝kesmÏru˙seku,Pomal˝,575399.0,371645.0,GN_V0.1UIR-ADR_410,1
170606190111,6,,2019-01-28,1,1540,4,0,0,1,3,2,100,0,0,1,50,2,3,1,1,1,1,1,1,3,5,0,5,1,10,6.0,8,99.0,05,5.0,0.0,0.0,0.0,1.0,5.0,50,4.0,1.0,1.0,"-648694,035","-1061234,327","-648694,035","-1061234,327","-648694,986","-1061230,149",Pardubice,n·mÏstÌJanaPernera,,mÌstnÌkomunikace,,3594449.0,,,Pomal˝,555134.0,375578.0,GN_V0.1UIR-ADR_410,1
170606190112,8,,2019-01-29,2,1250,3,0,2,2,1,2,508,0,0,0,250,2,1,1,1,1,1,1,8,0,0,2,1,2,0,,3,13.0,01,1.0,0.0,1.0,0.0,1.0,5.0,100,2.0,1.0,1.0,"-644651,671","-1048132,508","-644651,671","-1048132,508","-644662,954","-1048136,075",OpatovicenadLabem,Hradeck·,,silnice2.t¯Ìdy,324,1735452.0,,Souhlasn˝sesmÏrem˙seku,Pomal˝,575429.0,371807.0,GN_V0.1UIR-ADR_410,1
170606190113,1,35.0,2019-01-29,2,1345,1,2,0,1,7,0,609,0,0,1,850,2,1,1,1,1,1,1,1,0,0,0,1,2,0,,5,19.0,03,3.0,0.0,1.0,0.0,1.0,3.0,0,3.0,1.0,1.0,"-633545,932","-1055630,684","-633545,932","-1055630,684","-633541,972","-1055627,382",,,,silnice1.t¯Ìdy,35,1735614.0,,Souhlasn˝sesmÏrem˙seku,Pomal˝,575011.0,,GN_V0.1UIR-ADR_410,2
170606190114,1,37.0,2019-01-30,3,730,3,0,3,1,1,0,204,0,0,1,350,2,9,1,1,1,1,1,1,0,0,0,1,1,0,,3,35.0,08,3.0,1.0,1.0,0.0,1.0,3.0,300,2.0,1.0,1.0,"-648198,278","-1063912,064","-648198,278","-1063912,064","-648184,115","-1063912,686",,,,silnice1.t¯Ìdy,37,1557470.0,,Souhlasn˝sesmÏrem˙seku,Pomal˝,555134.0,,GN_V0.1UIR-ADR_410,2
170606190115,6,,2019-01-30,3,2560,2,0,0,2,1,0,508,0,0,0,70,2,1,1,1,1,1,1,1,0,0,9,1,2,0,,17,,XX,,,,,,,0,,,,"-650592,609","-1062311,643","-650592,609","-1062311,643","-650593,378","-1062314,779",Pardubice,Popkovick·,,mÌstnÌkomunikace,,339317.0,,Souhlasn˝sesmÏrem˙seku,Pomal˝,555134.0,374326.0,GN_V0.1UIR-ADR_410,1
170606190116,6,,2019-01-15,2,1404,0,0,0,1,1,0,516,0,0,1,0,2,1,1,1,1,1,1,1,0,0,0,1,1,0,,11,0.0,,3.0,0.0,1.0,0.0,1.0,5.0,0,4.0,1.0,1.0,"-648831,69","-1059804,706","-648839,773","-1059804,167","-648838,341","-1059804,101",Pardubice,kpt.Bartoöe,,mÌstnÌkomunikace,,1471790.0,,Souhlasn˝sesmÏrem˙seku,Pomal˝,555134.0,374539.0,GN_V0.1UIR-ADR_410,1
170606190117,6,,2019-01-31,4,2560,2,0,0,2,1,0,508,0,0,0,250,2,1,1,1,1,1,1,1,0,0,0,1,2,0,,17,,XX,,,,,,,0,,,,"-650984,592","-1061946,432","-650984,592","-1061946,432","-650985,957","-1061946,65",Pardubice,Dostihov·,,mÌstnÌkomunikace,,1527126.0,,OpaËn˝kesmÏru˙seku,Pomal˝,555134.0,,GN_V0.1UIR-ADR_410,1
170906190001,3,36625.0,2019-01-01,2,1815,3,0,1,1,1,2,508,0,0,1,1200,2,3,6,4,6,1,1,1,0,0,0,2,1,0,,3,7.0,12,1.0,0.0,0.0,0.0,1.0,3.0,1200,2.0,1.0,1.0,"-602618,272","-1101798,973","-602618,272","-1101798,973","-602620,023","-1101801,788",,,,silnice3.t¯Ìdy,36625,2350875.0,,OpaËn˝kesmÏru˙seku,Pomal˝,572691.0,,GN_V0.1UIR-ADR_410,2
170906190002,2,372.0,2019-01-02,3,660,3,0,9,2,1,0,201,0,0,0,201,2,3,1,4,4,1,1,8,3,3,0,5,1,13,6.0,3,39.0,07,1.0,0.0,1.0,0.0,1.0,13.0,200,2.0,1.0,1.0,"-585535,421","-1113585,632","-585525,216","-1113572,203","-585525,05","-1113572,175",JevÌËko,BrnÏnsk·,,silnice2.t¯Ìdy,372,3233280.0,,Souhlasn˝sesmÏrem˙seku,Pomal˝,578193.0,560065.0,GN_V0.1UIR-ADR_410,1
170906190003,1,35.0,2019-01-02,3,1410,3,0,9,1,1,2,204,0,0,1,3050,2,6,12,1,1,1,1,8,0,0,0,2,1,0,,7,48.0,08,3.0,1.0,1.0,0.0,1.0,1.0,2500,3.0,1.0,1.0,"-613734,977","-1081538,821","-613734,977","-1081538,821","-613736,592","-1081545,581",,,,silnice1.t¯Ìdy,35,1403062.0,,Souhlasn˝sesmÏrem˙seku,Pomal˝,578347.0,,GN_V0.1UIR-ADR_410,2
170906190004,6,,2019-01-02,3,1300,3,0,9,1,1,9,508,0,0,1,210,2,5,1,1,1,1,1,1,3,3,0,1,1,0,,3,16.0,11,1.0,0.0,1.0,0.0,1.0,5.0,200,2.0,5.0,1.0,"-616419,34","-1100370,115","-616374,222","-1100350,779","-616373,852","-1100351,838",PoliËka,RevoluËnÌ,,mÌstnÌkomunikace,,458142.0,,Souhlasn˝sesmÏrem˙seku,Pomal˝,578576.0,562769.0,GN_V0.1UIR-ADR_410,1
170906190005,3,35846.0,2019-01-02,3,1945,3,0,1,1,1,9,204,0,0,1,1250,2,6,1,5,6,1,1,8,3,5,0,3,1,0,,3,4.0,09,1.0,1.0,0.0,0.0,2.0,1.0,1200,3.0,5.0,1.0,"-607723,064","-1083572,042","-607723,064","-1083572,042","-607722,453","-1083568,83",,,,silnice3.t¯Ìdy,35846,3191601.0,,Souhlasn˝sesmÏrem˙seku,Pomal˝,578347.0,,GN_V0.1UIR-ADR_410,2
170906190006,1,43.0,2019-01-03,4,1115,3,0,2,1,1,2,204,0,0,1,450,2,5,1,5,3,1,1,8,0,0,0,3,1,0,,3,25.0,08,1.0,1.0,1.0,0.0,1.0,1.0,450,3.0,1.0,1.0,"-600817,52","-1096265,317","-600825,04","-1096265,317","-600824,767","-1096265,351",Svitavy,HlavnÌ,,silnice1.t¯Ìdy,43,442767.0,,OpaËn˝kesmÏru˙seku,Pomal˝,577731.0,723649.0,GN_V0.1UIR-ADR_410,1
170906190007,6,,2019-01-03,4,1530,3,0,9,2,1,0,204,0,0,0,30,2,6,1,1,1,1,1,1,3,5,0,5,1,10,6.0,3,35.0,08,1.0,1.0,1.0,0.0,1.0,5.0,0,9.0,,,"-600900,727","-1099181,525","-600898,041","-1099172,931","-600898,253","-1099172,941",Svitavy,Svitavsk·,,mÌstnÌkomunikace,,453430.0,,OpaËn˝kesmÏru˙seku,Pomal˝,577731.0,564303.0,GN_V0.1UIR-ADR_410,1
170906190008,1,35.0,2019-01-04,5,330,2,0,0,1,1,2,511,0,0,1,3800,2,5,1,1,6,1,1,2,0,0,0,1,2,0,,7,26.0,09,3.0,1.0,1.0,0.0,1.0,1.0,1500,3.0,1.0,1.0,"-578052,835","-1099427,005","-578052,835","-1099427,005","-578049,839","-1099442,218",,,,silnice1.t¯Ìdy,35,2711654.0,,OpaËn˝kesmÏru˙seku,Pomal˝,574325.0,,GN_V0.1UIR-ADR_410,2
170906190009,6,,2019-01-01,2,2560,3,0,3,2,1,0,511,0,0,0,500,2,3,1,1,1,1,1,8,3,4,4,3,1,0,,17,,XX,,,,,,,0,,,,"-580226,008","-1110969,939","-580226,008","-1110969,939","-580225,326","-1110974,403",B¯ezinky,,,mÌstnÌkomunikace,,1132010.0,,,Pomal˝,572250.0,,GN_V0.1UIR-ADR_410,1
170906190010,1,35.0,2019-01-04,5,1557,1,3,0,1,1,2,414,0,0,1,2000,2,6,1,5,3,1,1,1,3,3,0,5,2,19,2.0,3,39.0,09,1.0,1.0,0.0,0.0,1.0,21.0,500,2.0,1.0,1.0,"-614693,433","-1081134,254","-614692,895","-1081134,791","-614693,017","-1081135,173",,,,silnice1.t¯Ìdy,35,2711245.0,,OpaËn˝kesmÏru˙seku,Pomal˝,572616.0,,GN_V0.1UIR-ADR_410,2
170906190011,2,368.0,2019-01-05,6,2360,3,0,9,2,1,2,204,0,0,0,500,1,5,1,1,4,1,1,8,0,0,0,1,1,0,,3,39.0,08,1.0,1.0,0.0,0.0,1.0,3.0,300,2.0,1.0,1.0,"-584011,458","-1089664,605","-584011,458","-1089664,605","-584013,706","-1089664,557",T¯eba¯ov,,,silnice2.t¯Ìdy,368,1124383.0,,Souhlasn˝sesmÏrem˙seku,Pomal˝,578908.0,,GN_V0.1UIR-ADR_410,1
170906190012,6,,2019-01-05,6,1060,2,0,0,2,1,0,508,0,0,0,50,2,5,1,1,1,1,1,1,1,0,10,1,2,0,,5,13.0,06,1.0,0.0,1.0,0.0,1.0,5.0,0,2.0,1.0,1.0,"-601221,905","-1098479,424","-601221,905","-1098479,424","-601228,086","-1098480,196",Svitavy,VÏtrn·,,mÌstnÌkomunikace,,1735168.0,,Souhlasn˝sesmÏrem˙seku,Pomal˝,577731.0,564648.0,GN_V0.1UIR-ADR_410,1
170906190013,1,35.0,2019-01-08,2,540,1,3,0,2,7,0,609,0,0,0,2200,2,6,1,5,7,1,1,1,0,0,0,1,2,0,,7,19.0,11,3.0,0.0,0.0,0.0,1.0,1.0,200,3.0,1.0,1.0,"-583466,189","-1097933,077","-583466,189","-1097933,077","-583464,733","-1097940,831",,,,silnice1.t¯Ìdy,35,2712112.0,,OpaËn˝kesmÏru˙seku,Pomal˝,574325.0,,GN_V0.1UIR-ADR_410,2
170906190014,1,35.0,2019-01-08,2,742,9,0,0,2,1,2,204,0,0,0,1000,2,8,1,1,2,1,1,1,0,0,0,1,1,0,,7,40.0,05,2.0,1.0,1.0,0.0,1.0,1.0,700,3.0,1.0,1.0,"-601543,625","-1092857,056","-601543,625","-1092857,056","-601548,333","-1092858,373",,,,silnice1.t¯Ìdy,35,2587344.0,,OpaËn˝kesmÏru˙seku,Pomal˝,572721.0,,GN_V0.1UIR-ADR_410,2
170906190015,1,35.0,2019-01-08,2,1020,0,0,0,2,1,0,516,0,0,0,200,2,8,1,1,1,1,2,1,0,0,0,1,2,0,,17,,XX,,,,,,,0,,,,"-597403,707","-1096552,871","-597379,537","-1096739,791","-597380,137","-1096740,13",,,,silnice1.t¯Ìdy,35,2712255.0,,OpaËn˝kesmÏru˙seku,Pomal˝,578231.0,,GN_V0.1UIR-ADR_410,2
170906190016,1,43.0,2019-01-08,2,725,4,0,0,1,1,0,414,0,0,1,0,2,6,1,1,2,1,1,1,0,0,0,1,1,0,,3,7.0,18,1.0,1.0,1.0,0.0,1.0,3.0,0,2.0,1.0,1.0,"-600956,188","-1097020,046","-600972,839","-1097062,479","-600973,6","-1097062,422",Svitavy,JanaéelivskÈho,,silnice1.t¯Ìdy,43,445404.0,,OpaËn˝kesmÏru˙seku,Pomal˝,577731.0,563501.0,GN_V0.1UIR-ADR_410,1
170906190017,6,,2019-01-09,3,1915,3,0,9,2,1,2,504,0,0,0,500,2,3,1,4,4,1,0,0,3,3,0,1,1,0,,7,48.0,06,9.0,0.0,1.0,0.0,1.0,5.0,0,4.0,1.0,1.0,"-601195,518","-1098854,777","-601195,518","-1098854,777","-601198,925","-1098855,252",Svitavy,VÏtrn·,,mÌstnÌkomunikace,,2952500.0,,OpaËn˝kesmÏru˙seku,Pomal˝,577731.0,564648.0,GN_V0.1UIR-ADR_410,1
170906190018,3,36021.0,2019-01-09,3,2000,3,0,3,2,1,2,204,0,0,0,20,2,8,1,5,6,1,1,8,3,5,0,1,1,0,,3,32.0,03,1.0,0.0,0.0,0.0,1.0,1.0,10,2.0,1.0,1.0,"-610311,418","-1085762,092","-610311,418","-1085762,092","-610307,642","-1085762,465",Ben·tky,,,silnice3.t¯Ìdy,36021,3413554.0,,Souhlasn˝sesmÏrem˙seku,Pomal˝,577774.0,,GN_V0.1UIR-ADR_410,1
170906190019,1,35.0,2019-01-10,4,345,9,0,0,2,1,2,204,0,0,0,2200,2,6,1,1,6,1,1,0,3,3,0,1,1,0,,7,10.0,16,3.0,1.0,0.0,0.0,3.0,1.0,1000,3.0,1.0,1.0,"-596299,139","-1097888,237","-596299,139","-1097888,237","-596295,779","-1097886,013",,,,silnice1.t¯Ìdy,35,2599595.0,,Souhlasn˝sesmÏrem˙seku,Pomal˝,578231.0,,GN_V0.1UIR-ADR_410,2
170906190020,1,35.0,2019-01-10,4,400,9,0,0,2,1,2,204,0,0,0,1500,2,6,1,5,6,1,1,1,3,3,0,1,1,0,,7,40.0,17,3.0,1.0,0.0,0.0,1.0,1.0,1100,3.0,1.0,1.0,-597635,"-1095648,601","-597637,685","-1095655,583","-597637,195","-1095655,192",,,,silnice1.t¯Ìdy,35,2712109.0,,Souhlasn˝sesmÏrem˙seku,Pomal˝,578231.0,,GN_V0.1UIR-ADR_410,2
170906190021,2,359.0,2019-01-10,4,852,9,0,0,2,1,2,504,0,0,0,300,2,3,1,1,1,1,1,1,3,3,0,5,1,19,6.0,7,48.0,11,3.0,1.0,1.0,0.0,1.0,13.0,0,3.0,1.0,1.0,"-618776,617","-1090015,672","-618813,144","-1090036,084","-618813,091","-1090036,172",Desn·,,,silnice2.t¯Ìdy,359,1124621.0,,Souhlasn˝sesmÏrem˙seku,Pomal˝,572357.0,,GN_V0.1UIR-ADR_410,1
170906190022,6,,2019-01-10,4,1150,1,4,0,2,1,2,504,0,0,0,1200,2,3,1,1,1,1,1,1,0,0,0,1,2,0,,5,19.0,03,3.0,0.0,0.0,0.0,1.0,5.0,0,3.0,1.0,1.0,"-588863,717","-1094780,277","-588857,808","-1094777,591","-588857,59","-1094777,708",KunËina,,,mÌstnÌkomunikace,,1127452.0,,Souhlasn˝sesmÏrem˙seku,Pomal˝,578282.0,,GN_V0.1UIR-ADR_410,1
170906190023,6,,2019-01-11,5,710,3,0,2,2,1,2,204,0,0,0,200,2,6,1,1,4,1,1,1,0,0,0,2,1,0,,3,35.0,07,1.0,1.0,0.0,0.0,1.0,5.0,100,2.0,1.0,1.0,"-611001,974","-1084039,646","-611001,974","-1084039,646","-611001,965","-1084039,642",Litomyöl,Prokeöova,,mÌstnÌkomunikace,,2951516.0,,OpaËn˝kesmÏru˙seku,Pomal˝,578347.0,561215.0,GN_V0.1UIR-ADR_410,1
170906190024,6,,2019-01-11,5,1215,3,0,9,2,1,2,511,0,0,0,500,2,3,1,1,1,1,1,2,0,0,0,1,1,0,,7,40.0,19,3.0,0.0,1.0,0.0,1.0,5.0,0,4.0,1.0,1.0,,,"-612513,67","-1082534,806","-612509,508","-1082533,447",Litomyöl,Sokolovsk·,,mÌstnÌkomunikace,,2951158.0,,,Pomal˝,578347.0,561274.0,GN_V0.1UIR-ADR_410,1
170906190025,1,35.0,2019-01-12,6,25,1,3,0,1,1,9,204,0,0,1,110,2,5,1,1,4,1,1,1,3,3,0,1,2,0,,3,13.0,05,0.0,0.0,1.0,0.0,1.0,1.0,100,2.0,5.0,1.0,"-587972,825","-1099714,367","-587972,825","-1099714,367","-587971,285","-1099718,394",Moravsk·T¯ebov·,,,silnice1.t¯Ìdy,35,455373.0,,Souhlasn˝sesmÏrem˙seku,Pomal˝,578444.0,,GN_V0.1UIR-ADR_410,1
170906190026,1,34.0,2019-01-14,1,1200,1,1,0,1,1,2,204,0,0,1,1800,2,6,1,5,3,1,1,1,0,0,0,1,2,0,,3,7.0,13,3.0,1.0,1.0,0.0,1.0,1.0,1000,2.0,1.0,1.0,"-622524,082","-1096988,031","-622524,082","-1096988,031","-622523,755","-1096991,045",,,,silnice1.t¯Ìdy,34,2342399.0,,Souhlasn˝sesmÏrem˙seku,Pomal˝,577839.0,,GN_V0.1UIR-ADR_410,2
170906190027,2,366.0,2019-01-14,1,1300,1,2,0,2,1,2,204,0,0,0,1900,2,6,1,7,3,1,1,1,0,0,0,1,2,0,,7,48.0,13,3.0,1.0,0.0,0.0,1.0,1.0,500,3.0,1.0,1.0,"-604009,479","-1092654,849","-604009,479","-1092654,849","-604012,338","-1092654,488",,,,silnice2.t¯Ìdy,366,3196307.0,,OpaËn˝kesmÏru˙seku,Pomal˝,578398.0,,GN_V0.1UIR-ADR_410,2
170906190028,1,35.0,2019-01-15,2,850,1,4,0,1,1,2,503,0,0,1,800,2,3,1,1,1,1,1,1,3,3,0,3,2,0,,3,60.0,18,1.0,0.0,1.0,0.0,1.0,1.0,300,2.0,1.0,1.0,,,"-611632,338","-1083180,741","-611633,229","-1083181,332",Litomyöl,Sokolovsk·,,silnice1.t¯Ìdy,35,744318.0,,OpaËn˝kesmÏru˙seku,Pomal˝,578347.0,561274.0,GN_V0.1UIR-ADR_410,1
170906190029,2,366.0,2019-01-15,2,1400,9,0,0,1,1,2,204,0,0,1,500,2,3,1,5,1,1,1,8,3,3,0,1,1,0,,3,2.0,13,1.0,0.0,1.0,0.0,1.0,1.0,300,2.0,1.0,1.0,"-584362,566","-1111003,69","-584362,566","-1111003,69","-584365,187","-1111002,37",,,,silnice2.t¯Ìdy,366,1132038.0,,Souhlasn˝sesmÏrem˙seku,Pomal˝,578959.0,,GN_V0.1UIR-ADR_410,2
170906190030,1,35.0,2019-01-16,3,615,1,2,0,1,1,2,501,0,0,2,10100,2,3,1,3,6,1,1,1,0,0,0,1,4,0,,6,24.0,07,3.0,0.0,0.0,0.0,1.0,3.0,800,3.0,1.0,1.0,"-601395,912","-1093216,015","-601395,912","-1093216,015","-601394,254","-1093214,912",,,,silnice1.t¯Ìdy,35,2588061.0,,Souhlasn˝sesmÏrem˙seku,Pomal˝,572721.0,,GN_V0.1UIR-ADR_410,2
170906190031,1,43.0,2019-01-16,3,700,3,0,9,2,1,2,508,0,0,0,550,2,3,1,1,2,1,1,8,0,0,0,1,1,0,,5,13.0,18,9.0,0.0,1.0,0.0,1.0,1.0,400,2.0,2.0,1.0,"-598839,034","-1112419,499","-598839,034","-1112419,499","-598845,073","-1112417,22",BrnÏnec,,,silnice1.t¯Ìdy,43,1342807.0,,Souhlasn˝sesmÏrem˙seku,Pomal˝,577863.0,,GN_V0.1UIR-ADR_410,1
170906190032,2,358.0,2019-01-17,4,930,1,2,0,2,1,0,502,0,0,0,70,2,1,1,1,1,1,1,1,3,5,0,1,2,0,,3,13.0,05,1.0,0.0,0.0,0.0,1.0,3.0,20,2.0,1.0,1.0,"-619445,922","-1083600,606","-619445,922","-1083600,606","-619445,575","-1083601,085",,,,silnice2.t¯Ìdy,358,3450424.0,,Souhlasn˝sesmÏrem˙seku,Pomal˝,578363.0,,GN_V0.1UIR-ADR_410,2