IDENTIFIKA»NÕ »ÕSLO,DRUH POZEMNÕ KOMUNIKACE,»ÕSLO POZEMNÕ KOMUNIKACE,"den, mÏsÌc, rok",,Ëas ,DRUH NEHODY,DRUH SR¡éKY JEDOUCÕCH VOZIDEL,DRUH PEVN… PÿEK¡éKY,CHARAKTER NEHODY,ZAVINÃNÕ NEHODY,ALKOHOL U VINÕKA NEHODY PÿÕTOMEN,HLAVNÕ PÿÕ»INY NEHODY,usmrceno osob,tÏûce zranÏno osob,lehce zranÏno osob,CELKOV¡ HMOTN¡ äKODA,DRUH POVRCHU VOZOVKY,STAV POVRCHU VOZOVKY V DOBÃ NEHODY,STAV KOMUNIKACE,POVÃTRNOSTNÕ PODMÕNKY V DOBÃ NEHODY,VIDITELNOST,ROZHLEDOV… POMÃRY,DÃLENÕ KOMUNIKACE,SITUOV¡NÕ NEHODY NA KOMUNIKACI,ÿÕZENÕ PROVOZU V DOBÃ NEHODY,MÕSTNÕ ⁄PRAVA PÿEDNOSTI V JÕZDÃ,SPECIFICK¡ MÕSTA A OBJEKTY V MÕSTÃ NEHODY,SMÃROV… POMÃRY,PO»ET Z⁄»ASTNÃN›CH VOZIDEL,MÕSTO DOPRAVNÕ NEHODY,DRUH KÿIéUJÕCÕ KOMUNIKACE,DRUH VOZIDLA,V›ROBNÕ ZNA»KA MOTOROV…HO VOZIDLA,ROK V›ROBY VOZIDLA,CHARAKTERISTIKA VOZIDLA ,SMYK,VOZIDLO PO NEHODÃ,"⁄NIK PROVOZNÕCH, PÿEPRAVOVAN›CH HMOT",ZPŸSOB VYPROäTÃNÕ OSOB Z VOZIDLA,SMÃR JÕZDY NEBO POSTAVENÕ VOZIDLA,äKODA NA VOZIDLE,KATEGORIE ÿIDI»E,STAV ÿIDI»E,VNÃJäÕ OVLIVNÃNÕ ÿIDI»E,nan.1,nan.2,nan.3,nan.4,nan.5,nan.6,nan.7,nan.8,nan.9,nan.10,nan.11,nan.12,nan.13,nan.14,nan.15,nan.16,nan.17,nan.18,LOKALITA NEHODY
170906190033,2,360.0,2019-01-17,4,1235,3,0,3,2,1,4,205,0,0,0,70,2,1,1,1,1,1,1,8,3,3,0,4,1,19,3.0,3,39.0,99,1.0,1.0,0.0,0.0,1.0,12.0,20,2.0,3.0,1.0,"-613968,431","-1091298,972","-613980,249","-1091289,84","-613979,232","-1091290,291",,,,silnice2.t¯Ìdy,360,2351446.0,,Souhlasn˝sesmÏrem˙seku,Pomal˝,577995.0,,GN_V0.1UIR-ADR_410,2
170906190034,1,35.0,2019-01-17,4,1755,3,0,9,2,1,2,508,0,0,0,200,2,3,6,1,6,1,1,1,0,0,0,1,1,0,,3,47.0,17,1.0,0.0,0.0,0.0,1.0,3.0,200,3.0,1.0,1.0,"-598078,127","-1094962,677","-598078,127","-1094962,677","-598075,736","-1094960,2",,,,silnice1.t¯Ìdy,35,2343414.0,,Souhlasn˝sesmÏrem˙seku,Pomal˝,578231.0,,GN_V0.1UIR-ADR_410,2
170906190035,1,34.0,2019-01-18,5,1730,0,0,0,2,1,2,204,0,0,0,150,2,3,6,1,6,3,1,1,0,0,0,1,1,0,,3,47.0,12,1.0,0.0,1.0,0.0,1.0,1.0,150,2.0,1.0,1.0,"-624931,128","-1095762,017","-624927,368","-1095742,142","-624927,409","-1095742,188",,,,silnice1.t¯Ìdy,34,1738721.0,,Souhlasn˝sesmÏrem˙seku,Pomal˝,577839.0,,GN_V0.1UIR-ADR_410,2
170906190036,1,34.0,2019-01-18,5,1853,0,0,0,2,1,2,204,0,0,0,20,2,3,6,1,6,1,1,1,0,0,0,1,1,0,,3,13.0,09,1.0,0.0,0.0,0.0,1.0,1.0,20,2.0,1.0,1.0,"-624933,612","-1095758,375","-624926,63","-1095743,336","-624926,414","-1095743,1",,,,silnice1.t¯Ìdy,34,1738721.0,,OpaËn˝kesmÏru˙seku,Pomal˝,577839.0,,GN_V0.1UIR-ADR_410,2
170906190037,2,371.0,2019-01-18,5,2215,3,0,9,1,1,2,204,0,0,2,450,2,0,1,1,4,1,1,1,0,0,0,1,1,0,,3,32.0,98,1.0,1.0,1.0,0.0,1.0,1.0,350,7.0,3.0,1.0,"-582710,304","-1113977,318","-582710,304","-1113977,318","-582705,17","-1113975,259",JaromÏ¯ice,,,silnice2.t¯Ìdy,371,1241459.0,,Souhlasn˝sesmÏrem˙seku,Pomal˝,578151.0,,GN_V0.1UIR-ADR_410,1
170906190038,2,368.0,2019-01-20,0,1455,1,3,0,1,1,2,402,0,0,1,2700,2,1,1,1,1,1,1,1,3,3,0,4,2,19,6.0,3,13.0,12,1.0,0.0,1.0,0.0,1.0,24.0,900,2.0,1.0,1.0,"-587267,336","-1098031,706","-587269,484","-1097993,573","-587268,805","-1097993,723",Moravsk·T¯ebov·,Lanökrounsk·,,silnice2.t¯Ìdy,368,448390.0,,Souhlasn˝sesmÏrem˙seku,Pomal˝,578444.0,561878.0,GN_V0.1UIR-ADR_410,1
170906190039,1,35.0,2019-01-21,1,430,1,1,0,2,1,2,303,0,0,0,3320,2,1,1,1,6,1,1,1,3,3,0,1,4,0,,3,29.0,18,1.0,0.0,0.0,0.0,1.0,1.0,3000,4.0,1.0,1.0,"-606908,082","-1087755,028","-606908,082","-1087755,028","-606904,307","-1087752,638",,,,silnice1.t¯Ìdy,35,749788.0,,Souhlasn˝sesmÏrem˙seku,Pomal˝,578134.0,,GN_V0.1UIR-ADR_410,2
170906190040,1,43.0,2019-01-22,2,2320,2,0,0,2,1,2,509,0,0,0,10,2,1,1,1,4,1,1,1,3,3,0,1,2,0,,3,99.0,07,1.0,0.0,1.0,0.0,1.0,1.0,0,2.0,1.0,1.0,"-594919,859","-1085634,48","-594919,859","-1085634,48","-594917,694","-1085642,887",,,,silnice1.t¯Ìdy,43,1737495.0,,Souhlasn˝sesmÏrem˙seku,Pomal˝,580074.0,,GN_V0.1UIR-ADR_410,2
170906190041,2,363.0,2019-01-24,4,1225,9,0,0,1,2,2,204,0,0,1,0,2,5,1,1,1,1,1,0,3,3,0,1,1,0,,13,0.0,,1.0,1.0,0.0,0.0,1.0,1.0,0,8.0,1.0,1.0,"-610631,773","-1102426,435","-610631,773","-1102426,435","-610630,719","-1102425,097",PomezÌ,,,silnice2.t¯Ìdy,363,1241180.0,,Souhlasn˝sesmÏrem˙seku,Pomal˝,578584.0,,GN_V0.1UIR-ADR_410,1
170906190042,2,366.0,2019-01-24,4,1610,1,2,0,2,1,9,501,0,0,0,1800,2,1,1,1,1,1,1,1,0,0,0,1,2,0,,3,12.0,09,1.0,0.0,0.0,0.0,1.0,3.0,500,7.0,5.0,1.0,"-585333,678","-1112384,052","-585333,678","-1112384,052","-585324,826","-1112385,287",,,,silnice2.t¯Ìdy,366,2951990.0,,Souhlasn˝sesmÏrem˙seku,Pomal˝,578193.0,,GN_V0.1UIR-ADR_410,2
170906190043,6,,2019-01-24,4,1605,3,0,9,2,1,2,505,0,0,0,60,2,3,1,1,1,1,1,1,0,0,0,1,1,0,,3,13.0,05,1.0,0.0,1.0,0.0,1.0,5.0,20,2.0,1.0,1.0,"-601127,419","-1097737,183","-601127,419","-1097737,183","-601133,2","-1097739,243",Svitavy,KomenskÈhon·mÏstÌ,,mÌstnÌkomunikace,,3581534.0,,OpaËn˝kesmÏru˙seku,Pomal˝,577731.0,563048.0,GN_V0.1UIR-ADR_410,1
170906190044,2,358.0,2019-01-25,5,610,9,0,0,1,1,2,511,0,0,2,200,2,5,1,5,6,1,1,1,0,0,0,1,1,0,,3,35.0,18,1.0,1.0,1.0,0.0,1.0,3.0,200,2.0,1.0,1.0,"-612398,914","-1083177,714","-612398,914","-1083177,714","-612399,318","-1083178,997",,,,silnice2.t¯Ìdy,358,3191310.0,,Souhlasn˝sesmÏrem˙seku,Pomal˝,578347.0,,GN_V0.1UIR-ADR_410,2
170906190045,6,,2019-01-25,5,545,3,0,6,2,1,2,511,0,0,0,800,2,5,1,5,4,1,1,8,0,0,0,1,1,0,,3,39.0,03,1.0,1.0,0.0,0.0,1.0,5.0,500,2.0,1.0,1.0,"-610809,108","-1084522,083","-610809,108","-1084522,083","-610805,489","-1084519,803",Litomyöl,TrstÏnick·,,mÌstnÌkomunikace,,408557.0,,Souhlasn˝sesmÏrem˙seku,Pomal˝,578347.0,561347.0,GN_V0.1UIR-ADR_410,1
170906190046,3,36820.0,2019-01-25,5,910,9,0,0,2,1,2,508,0,0,0,100,2,5,1,5,3,1,1,1,1,0,0,5,1,19,3.0,3,35.0,15,1.0,1.0,0.0,0.0,1.0,23.0,100,2.0,1.0,1.0,"-582784,665","-1097881,233","-582784,665","-1097881,233","-582783,642","-1097881,882",,,,silnice3.t¯Ìdy,36820,2712101.0,,Souhlasn˝sesmÏrem˙seku,Pomal˝,574325.0,,GN_V0.1UIR-ADR_410,2
170906190047,3,36825.0,2019-01-25,5,1450,3,0,3,2,1,2,204,0,0,0,450,2,6,1,1,1,1,1,8,0,0,0,2,1,0,,3,17.0,10,1.0,1.0,0.0,0.0,1.0,3.0,400,2.0,1.0,1.0,"-584860,341","-1100767,933","-584860,341","-1100767,933","-584860,548","-1100768,724",,,,silnice3.t¯Ìdy,36825,3361456.0,,OpaËn˝kesmÏru˙seku,Pomal˝,578690.0,,GN_V0.1UIR-ADR_410,2
170906190048,3,36021.0,2019-01-25,5,1600,9,0,0,1,1,2,511,0,0,2,300,2,5,1,5,3,1,1,1,0,0,0,1,1,0,,5,13.0,01,3.0,1.0,0.0,0.0,1.0,1.0,300,3.0,1.0,1.0,"-610269,247","-1085352,084","-610269,247","-1085352,084","-610270,44","-1085352,183",Ben·tky,,,silnice3.t¯Ìdy,36021,1121782.0,,OpaËn˝kesmÏru˙seku,Pomal˝,577774.0,,GN_V0.1UIR-ADR_410,1
170906190049,3,3634.0,2019-01-26,6,20,5,0,0,2,4,0,100,0,0,0,700,2,6,1,1,6,1,1,1,0,0,0,1,1,0,,3,2.0,17,1.0,0.0,1.0,0.0,1.0,1.0,700,2.0,0.0,1.0,"-609591,419","-1105815,425","-609591,419","-1105815,425","-609588,684","-1105814,773",Staöov,,,silnice3.t¯Ìdy,3634,1737882.0,,Souhlasn˝sesmÏrem˙seku,Pomal˝,578801.0,,GN_V0.1UIR-ADR_410,1
170906190050,2,366.0,2019-01-26,6,1700,3,0,2,2,1,2,204,0,0,0,350,2,5,1,5,2,1,1,6,3,3,0,5,1,19,6.0,3,23.0,17,3.0,0.0,1.0,0.0,1.0,13.0,200,3.0,1.0,1.0,,,"-602007,562","-1097123,068","-602007,654","-1097123,122",Svitavy,Sokolovsk·,,silnice2.t¯Ìdy,366,768403.0,,OpaËn˝kesmÏru˙seku,Pomal˝,577731.0,564273.0,GN_V0.1UIR-ADR_410,1
170906190051,6,,2019-01-26,6,1615,3,0,3,2,1,2,204,0,0,0,200,2,8,1,5,1,1,1,1,0,0,0,1,1,0,,3,39.0,09,1.0,0.0,0.0,0.0,1.0,5.0,150,2.0,1.0,1.0,"-612214,046","-1082257,854","-612214,046","-1082257,854","-612221,156","-1082260,251",Litomyöl,NaL·nech,,mÌstnÌkomunikace,,2951169.0,,OpaËn˝kesmÏru˙seku,Pomal˝,578347.0,560740.0,GN_V0.1UIR-ADR_410,1
170906190052,1,43.0,2019-01-26,6,1910,1,3,0,1,1,2,204,0,0,1,600,2,5,1,5,6,1,1,1,3,3,0,1,2,0,,3,47.0,11,1.0,1.0,1.0,0.0,1.0,1.0,300,2.0,1.0,1.0,"-598923,459","-1091448,329","-598923,459","-1091448,329","-598928,206","-1091446,765",,,,silnice1.t¯Ìdy,43,2711166.0,,Souhlasn˝sesmÏrem˙seku,Pomal˝,578487.0,,GN_V0.1UIR-ADR_410,2
170906190053,6,,2019-01-26,6,2560,2,0,0,2,1,0,511,0,0,0,100,0,8,1,1,1,1,0,8,0,0,0,1,2,0,,17,,XX,,,,,,,0,,,,"-601055,961","-1098749,953","-601055,961","-1098749,953","-601045,967","-1098737,826",Svitavy,Felberova,,mÌstnÌkomunikace,,1523504.0,,Souhlasn˝sesmÏrem˙seku,Pomal˝,577731.0,,GN_V0.1UIR-ADR_410,1
170906190054,3,3530.0,2019-01-27,0,1320,9,0,0,2,1,2,511,0,0,0,100,2,3,1,1,1,1,1,1,0,0,0,1,1,0,,3,39.0,08,1.0,1.0,1.0,0.0,1.0,1.0,100,2.0,1.0,1.0,"-609132,221","-1084187,438","-609132,221","-1084187,438","-609132,188","-1084187,861",,,,silnice3.t¯Ìdy,03530,1578188.0,,Souhlasn˝sesmÏrem˙seku,Pomal˝,578347.0,,GN_V0.1UIR-ADR_410,2
170906190055,2,358.0,2019-01-28,1,520,2,0,0,2,1,2,204,0,0,0,312,2,6,1,3,5,1,1,1,0,0,0,1,2,0,,3,12.0,16,1.0,1.0,1.0,0.0,1.0,1.0,150,2.0,1.0,1.0,"-620166,353","-1084577,792","-620166,353","-1084577,792","-620171,398","-1084573,048",Makov,,,silnice2.t¯Ìdy,358,3450417.0,,OpaËn˝kesmÏru˙seku,Pomal˝,578363.0,,GN_V0.1UIR-ADR_410,1
170906190056,3,3665.0,2019-01-28,1,750,1,2,0,2,1,2,502,0,0,0,100,2,6,1,5,3,1,1,1,0,5,0,2,2,0,,8,59.0,04,3.0,0.0,0.0,0.0,1.0,3.0,0,4.0,1.0,1.0,"-600795,878","-1108410,05","-600795,878","-1108410,05","-600796,075","-1108408,216",,,,silnice3.t¯Ìdy,3665,2711980.0,,OpaËn˝kesmÏru˙seku,Pomal˝,505145.0,713384.0,GN_V0.1UIR-ADR_410,2
170906190057,6,,2019-01-28,1,920,2,0,0,2,1,2,511,0,0,0,100,2,6,1,5,1,1,1,1,3,3,0,4,2,10,6.0,5,40.0,17,11.0,1.0,1.0,0.0,1.0,5.0,0,3.0,1.0,1.0,"-611729,996","-1083852,066","-611705,745","-1083852,605","-611706,009","-1083851,89",Litomyöl,17.listopadu,,mÌstnÌkomunikace,,406085.0,,OpaËn˝kesmÏru˙seku,Pomal˝,578347.0,,GN_V0.1UIR-ADR_410,1
170906190058,3,36028.0,2019-01-28,1,943,3,0,4,2,1,2,204,0,0,0,620,2,8,1,6,1,1,1,1,0,0,0,2,1,0,,3,12.0,09,1.0,1.0,0.0,0.0,1.0,1.0,600,2.0,1.0,1.0,"-617428,935","-1089824,088","-617428,935","-1089824,088","-617428,667","-1089822,535",HornÌ⁄jezd,,,silnice3.t¯Ìdy,36028,2711809.0,,OpaËn˝kesmÏru˙seku,Pomal˝,572365.0,,GN_V0.1UIR-ADR_410,1
170906190059,1,43.0,2019-01-30,3,748,1,3,0,1,1,2,403,0,0,1,2020,2,1,1,2,3,1,1,1,3,3,0,4,3,19,2.0,3,39.0,02,1.0,0.0,1.0,0.0,1.0,24.0,500,2.0,1.0,1.0,"-600651,43","-1102781,32","-600642,807","-1102762,997","-600643,462","-1102763,079",,,,silnice1.t¯Ìdy,43,2711454.0,,OpaËn˝kesmÏru˙seku,Pomal˝,572691.0,,GN_V0.1UIR-ADR_410,2
170906190060,6,,2019-01-30,3,1610,1,3,0,2,1,2,405,0,0,0,400,2,1,1,1,1,1,1,1,3,5,2,5,2,10,6.0,3,47.0,12,1.0,0.0,1.0,0.0,1.0,5.0,150,2.0,1.0,1.0,"-588152,596","-1098917,671","-588152,596","-1098917,671","-588150,984","-1098908,17",Moravsk·T¯ebov·,Svitavsk·,,mÌstnÌkomunikace,,3361478.0,,Souhlasn˝sesmÏrem˙seku,Pomal˝,578444.0,562076.0,GN_V0.1UIR-ADR_410,1
170906190061,6,,2019-01-31,4,845,1,2,0,2,1,0,502,0,0,0,50,2,3,1,1,1,1,1,1,3,3,0,1,2,0,,17,,XX,,,,,,,0,,,,"-601114,595","-1098247,093","-601138,846","-1098240,087","-601138,929","-1098240,447",Svitavy,UPotoka,,mÌstnÌkomunikace,,759433.0,,Souhlasn˝sesmÏrem˙seku,Pomal˝,577731.0,564575.0,GN_V0.1UIR-ADR_410,1
170906190062,1,35.0,2019-01-28,1,1045,9,0,0,2,1,2,205,0,0,0,6000,2,6,1,5,1,1,1,8,0,0,0,2,1,0,,6,48.0,15,3.0,1.0,0.0,0.0,1.0,1.0,2000,3.0,1.0,1.0,,,,,,,,,,,,,,,,,,,2
171106190001,1,43.0,2019-01-02,3,845,9,0,0,1,1,2,205,0,0,1,800,2,8,1,5,1,1,1,8,0,0,0,3,1,0,,3,39.0,05,1.0,1.0,1.0,0.0,1.0,3.0,800,2.0,1.0,1.0,,,"-578056,701","-1066996,209","-578056,561","-1066996,152",,,,silnice1.t¯Ìdy,43,2331363.0,,Souhlasn˝sesmÏrem˙seku,Pomal˝,580015.0,,GN_V0.1UIR-ADR_410,2
171106190002,2,312.0,2019-01-02,3,1125,1,3,0,1,1,0,204,0,1,1,1300,2,8,1,5,3,1,1,1,0,0,0,1,2,0,,3,38.0,99,1.0,1.0,1.0,0.0,3.0,1.0,300,2.0,1.0,1.0,,,"-580506,789","-1062626,553","-580507,189","-1062627,482",,,,silnice2.t¯Ìdy,312,1577990.0,,OpaËn˝kesmÏru˙seku,Pomal˝,580481.0,,GN_V0.1UIR-ADR_410,2
171106190003,1,11.0,2019-01-02,3,1115,3,0,3,2,1,2,204,0,0,0,90,2,8,1,5,1,1,1,1,0,0,0,2,1,0,,5,26.0,08,3.0,1.0,1.0,0.0,1.0,1.0,50,3.0,1.0,1.0,,,"-591414,786","-1066436,317","-591414,853","-1066435,809",BREDŸVKA,,,silnice1.t¯Ìdy,11,1735735.0,,Souhlasn˝sesmÏrem˙seku,Pomal˝,580686.0,,GN_V0.1UIR-ADR_410,1
171106190004,3,31218.0,2019-01-02,3,1003,3,0,1,2,1,2,510,0,0,0,4000,2,6,1,5,1,1,1,8,0,0,0,3,1,0,,5,40.0,08,3.0,0.0,1.0,0.0,1.0,1.0,4000,3.0,1.0,1.0,,,"-594179,548","-1060649,185","-594179,452","-1060649,268",,,,silnice3.t¯Ìdy,31218,3190903.0,,OpaËn˝kesmÏru˙seku,Pomal˝,580589.0,,GN_V0.1UIR-ADR_410,2
171106190005,1,43.0,2019-01-02,3,2305,3,0,3,2,1,0,511,0,0,0,130,2,8,1,1,4,1,1,1,3,3,0,5,1,19,3.0,3,8.0,17,1.0,0.0,1.0,0.0,1.0,32.0,50,2.0,1.0,1.0,,,"-589062,195","-1081406,976","-589061,726","-1081407,216",Lanökroun,DobrovskÈho,,silnice1.t¯Ìdy,43,3446443.0,,Souhlasn˝sesmÏrem˙seku,Pomal˝,580511.0,626732.0,GN_V0.1UIR-ADR_410,1
171106190006,1,43.0,2019-01-03,4,740,3,0,3,2,1,2,204,0,0,0,220,2,5,1,5,2,1,1,1,0,0,0,2,1,0,,5,19.0,17,1.0,1.0,1.0,0.0,1.0,1.0,200,3.0,1.0,1.0,,,"-593641,537","-1084515,578","-593638,517","-1084516,52",,,,silnice1.t¯Ìdy,43,1343484.0,,Souhlasn˝sesmÏrem˙seku,Pomal˝,580074.0,,GN_V0.1UIR-ADR_410,2
171106190007,1,14.0,2019-01-03,4,1450,1,1,0,2,1,0,516,0,0,0,100,2,3,1,1,1,1,1,1,0,0,0,1,2,0,,5,35.0,15,2.0,0.0,0.0,0.0,1.0,1.0,0,3.0,1.0,1.0,,,"-603876,955","-1071600,119","-603876,339","-1071600,308",,,,silnice1.t¯Ìdy,14,369406.0,,Souhlasn˝sesmÏrem˙seku,Pomal˝,580147.0,,GN_V0.1UIR-ADR_410,2
171106190008,3,1427.0,2019-01-04,5,2560,3,0,9,2,1,0,516,0,0,0,30,2,8,1,4,1,1,1,1,0,0,0,1,1,0,,17,,XX,,,,,,,0,,,,,,"-599825,963","-1082821,213","-599825,577","-1082825,082",RybnÌk,,,silnice3.t¯Ìdy,01427,2950554.0,,Souhlasn˝sesmÏrem˙seku,Pomal˝,547905.0,,GN_V0.1UIR-ADR_410,1
171106190009,2,315.0,2019-01-07,1,1635,5,0,0,2,4,0,100,0,0,0,100,2,5,1,6,2,1,1,1,0,0,0,1,1,0,,5,35.0,07,1.0,0.0,1.0,0.0,1.0,1.0,100,2.0,1.0,1.0,"-598357,267","-1076818,103","-598352,067","-1076807,728","-598351,791","-1076807,143",,,,silnice2.t¯Ìdy,315,2716179.0,,Souhlasn˝sesmÏrem˙seku,Pomal˝,579891.0,,GN_V0.1UIR-ADR_410,2
171106190010,3,36012.0,2019-01-08,2,755,1,2,0,2,1,2,204,0,0,0,850,2,6,1,1,1,1,1,1,0,0,0,2,2,0,,3,39.0,09,1.0,1.0,3.0,0.0,1.0,3.0,300,2.0,1.0,1.0,"-601957,525","-1079722,195","-601957,525","-1079722,195","-601959,356","-1079721,399",»esk·T¯ebov·,PodB¯ezinou,,silnice3.t¯Ìdy,36012,393867.0,,OpaËn˝kesmÏru˙seku,Pomal˝,580031.0,623644.0,GN_V0.1UIR-ADR_410,1
171106190011,6,,2019-01-08,2,804,3,0,9,2,1,2,204,0,0,0,25,2,6,1,1,1,1,1,1,0,0,0,1,1,0,,8,77.0,15,5.0,1.0,1.0,0.0,1.0,5.0,20,4.0,1.0,1.0,"-601418,503","-1080897,891","-601418,503","-1080897,891","-601425,213","-1080887,454",»esk·T¯ebov·,Masarykova,,mÌstnÌkomunikace,,397030.0,,Souhlasn˝sesmÏrem˙seku,Pomal˝,580031.0,623393.0,GN_V0.1UIR-ADR_410,1
171106190012,3,3112.0,2019-01-08,2,651,3,0,1,2,1,2,508,0,0,0,1500,2,5,1,2,4,1,1,3,0,0,0,1,1,0,,8,26.0,13,4.0,0.0,0.0,0.0,1.0,1.0,1500,4.0,1.0,1.0,"-589269,949","-1058722,523","-589236,625","-1058727,36","-589236,513","-1058726,532",,,,silnice3.t¯Ìdy,3112,2714761.0,,OpaËn˝kesmÏru˙seku,Pomal˝,580431.0,,GN_V0.1UIR-ADR_410,2
171106190013,3,3602.0,2019-01-08,2,1245,1,2,0,2,1,0,502,0,0,0,150,2,8,1,3,1,1,1,1,0,0,0,3,2,0,,17,,XX,,,,,,,0,,,,"-595397,39","-1067918,91","-595427,471","-1067889,903","-595426,605","-1067889,062",Letohrad,DolnÌkonec,,silnice3.t¯Ìdy,3602,3364236.0,,Souhlasn˝sesmÏrem˙seku,Pomal˝,580538.0,627160.0,GN_V0.1UIR-ADR_410,1
171106190014,3,3121.0,2019-01-09,3,750,9,0,0,1,1,2,204,0,0,1,500,2,6,1,5,2,1,1,1,0,0,0,3,1,0,,3,13.0,08,1.0,1.0,0.0,0.0,1.0,1.0,500,2.0,1.0,1.0,,,"-605984,893","-1070038,725","-605980,624","-1070038,4",,,,silnice3.t¯Ìdy,3121,1343256.0,,Souhlasn˝sesmÏrem˙seku,Pomal˝,580147.0,,GN_V0.1UIR-ADR_410,2
171106190015,1,43.0,2019-01-09,3,850,9,0,0,1,1,2,204,0,0,1,400,2,6,5,5,1,1,1,8,0,0,0,2,1,0,,3,7.0,07,3.0,1.0,1.0,0.0,1.0,3.0,400,2.0,1.0,1.0,,,"-593161,822","-1084013,886","-593163,162","-1084011,642",,,,silnice1.t¯Ìdy,43,2339097.0,,OpaËn˝kesmÏru˙seku,Pomal˝,580848.0,,GN_V0.1UIR-ADR_410,2
171106190016,6,,2019-01-09,3,1060,2,0,0,2,1,2,516,0,0,0,50,2,3,1,1,1,1,1,1,0,0,0,1,2,0,,5,47.0,07,3.0,0.0,3.0,0.0,1.0,5.0,0,2.0,1.0,1.0,,,"-621697,418","-1073936,213","-621697,182","-1073937,137",VysokÈM˝to,ProkopaVelikÈho,,mÌstnÌkomunikace,,377565.0,,Souhlasn˝sesmÏrem˙seku,Pomal˝,581186.0,630101.0,GN_V0.1UIR-ADR_410,1
171106190017,6,,2019-01-10,4,645,1,4,0,2,1,2,204,0,0,0,1200,2,5,1,1,6,1,1,1,0,0,0,1,2,0,,7,40.0,14,3.0,0.0,1.0,0.0,1.0,5.0,1200,3.0,1.0,1.0,"-600789,076","-1082672,098","-600789,076","-1082672,098","-600789,699","-1082672,16",»esk·T¯ebov·,,,mÌstnÌkomunikace,,2587201.0,,Souhlasn˝sesmÏrem˙seku,Pomal˝,580031.0,,GN_V0.1UIR-ADR_410,1
171106190018,2,315.0,2019-01-10,4,2560,2,0,0,2,1,0,502,0,0,0,100,2,3,1,1,1,1,1,1,0,0,0,1,2,0,,17,,XX,,,,,,,0,,,,"-608485,918","-1073337,545","-608485,918","-1073337,545","-608485,491","-1073339,976",Hr·dek,,,silnice2.t¯Ìdy,315,3190841.0,,Souhlasn˝sesmÏrem˙seku,Pomal˝,547972.0,,GN_V0.1UIR-ADR_410,1
171106190019,6,,2019-01-10,4,1025,2,0,0,2,1,9,504,0,0,0,10,2,6,1,1,1,1,0,1,0,0,10,1,2,0,,3,39.0,00,1.0,0.0,1.0,0.0,1.0,5.0,0,2.0,5.0,1.0,"-588463,362","-1080790,47","-588463,362","-1080790,47","-588488,34","-1080759,942",Lanökroun,,,mÌstnÌkomunikace,,1523180.0,,Souhlasn˝sesmÏrem˙seku,Pomal˝,580511.0,,GN_V0.1UIR-ADR_410,1
171106190020,3,3058.0,2019-01-10,4,1700,5,0,0,2,4,0,100,0,0,0,100,2,3,1,1,6,1,1,1,0,0,0,1,1,0,,3,2.0,17,1.0,0.0,1.0,0.0,1.0,1.0,100,2.0,1.0,1.0,"-618784,795","-1065691,058","-618784,795","-1065691,058","-618787,726","-1065697,971",,,,silnice3.t¯Ìdy,3058,2330594.0,,OpaËn˝kesmÏru˙seku,Pomal˝,581089.0,,GN_V0.1UIR-ADR_410,2
171106190021,2,311.0,2019-01-10,4,1950,3,0,1,2,1,2,204,0,0,0,1500,2,8,1,1,6,1,1,1,0,0,0,3,1,0,,3,4.0,17,9.0,0.0,0.0,0.0,1.0,1.0,1500,0.0,1.0,1.0,"-587304,701","-1066104,492","-587304,701","-1066104,492","-587304,747","-1066100,804",,,,silnice2.t¯Ìdy,311,1110067.0,,OpaËn˝kesmÏru˙seku,Pomal˝,581054.0,,GN_V0.1UIR-ADR_410,2
171106190022,8,,2019-01-10,4,1749,2,0,0,2,1,0,509,0,0,0,70,3,1,1,1,4,1,0,0,0,0,0,1,2,0,,3,8.0,16,1.0,0.0,1.0,0.0,1.0,5.0,20,2.0,1.0,1.0,,,"-601306,536","-1081830,579",,,»ESK¡TÿEBOV¡,,,,,,,,,,,GN_V0.1UIR-ADR_410,1
171106190023,6,,2019-01-11,5,1219,2,0,0,2,1,0,516,0,0,0,100,2,1,1,1,1,1,1,1,0,0,0,1,2,0,,5,12.0,01,2.0,0.0,3.0,0.0,1.0,5.0,50,3.0,1.0,1.0,"-603818,04","-1074127,32","-603818,04","-1074127,32","-603819,595","-1074127,946",⁄stÌnadOrlicÌ,T¯ebovsk·,,mÌstnÌkomunikace,,378143.0,,OpaËn˝kesmÏru˙seku,Pomal˝,579891.0,629065.0,GN_V0.1UIR-ADR_410,1
171106190024,2,360.0,2019-01-11,5,1930,5,0,0,2,4,0,100,0,0,0,300,2,8,1,5,6,1,1,1,0,0,0,1,1,0,,3,27.0,13,1.0,0.0,1.0,0.0,1.0,3.0,300,2.0,1.0,1.0,"-594079,453","-1065707,379","-594079,453","-1065707,379","-594078,516","-1065709,815",,,,silnice2.t¯Ìdy,360,2714122.0,,Souhlasn˝sesmÏrem˙seku,Pomal˝,581038.0,,GN_V0.1UIR-ADR_410,2
171106190025,1,14.0,2019-01-13,0,755,9,0,0,2,1,2,204,0,0,0,5000,2,6,1,1,1,1,1,1,0,0,0,3,1,0,,7,62.0,03,2.0,1.0,0.0,1.0,3.0,1.0,3000,3.0,1.0,1.0,,,"-599326,799","-1085406,522","-599332,986","-1085415,151",,,,silnice1.t¯Ìdy,14,2714683.0,,OpaËn˝kesmÏru˙seku,Pomal˝,581071.0,,GN_V0.1UIR-ADR_410,2