IDENTIFIKA»NÕ »ÕSLO,DRUH POZEMNÕ KOMUNIKACE,»ÕSLO POZEMNÕ KOMUNIKACE,"den, mÏsÌc, rok",,Ëas ,DRUH NEHODY,DRUH SR¡éKY JEDOUCÕCH VOZIDEL,DRUH PEVN… PÿEK¡éKY,CHARAKTER NEHODY,ZAVINÃNÕ NEHODY,ALKOHOL U VINÕKA NEHODY PÿÕTOMEN,HLAVNÕ PÿÕ»INY NEHODY,usmrceno osob,tÏûce zranÏno osob,lehce zranÏno osob,CELKOV¡ HMOTN¡ äKODA,DRUH POVRCHU VOZOVKY,STAV POVRCHU VOZOVKY V DOBÃ NEHODY,STAV KOMUNIKACE,POVÃTRNOSTNÕ PODMÕNKY V DOBÃ NEHODY,VIDITELNOST,ROZHLEDOV… POMÃRY,DÃLENÕ KOMUNIKACE,SITUOV¡NÕ NEHODY NA KOMUNIKACI,ÿÕZENÕ PROVOZU V DOBÃ NEHODY,MÕSTNÕ ⁄PRAVA PÿEDNOSTI V JÕZDÃ,SPECIFICK¡ MÕSTA A OBJEKTY V MÕSTÃ NEHODY,SMÃROV… POMÃRY,PO»ET Z⁄»ASTNÃN›CH VOZIDEL,MÕSTO DOPRAVNÕ NEHODY,DRUH KÿIéUJÕCÕ KOMUNIKACE,DRUH VOZIDLA,V›ROBNÕ ZNA»KA MOTOROV…HO VOZIDLA,ROK V›ROBY VOZIDLA,CHARAKTERISTIKA VOZIDLA ,SMYK,VOZIDLO PO NEHODÃ,"⁄NIK PROVOZNÕCH, PÿEPRAVOVAN›CH HMOT",ZPŸSOB VYPROäTÃNÕ OSOB Z VOZIDLA,SMÃR JÕZDY NEBO POSTAVENÕ VOZIDLA,äKODA NA VOZIDLE,KATEGORIE ÿIDI»E,STAV ÿIDI»E,VNÃJäÕ OVLIVNÃNÕ ÿIDI»E,nan.1,nan.2,nan.3,nan.4,nan.5,nan.6,nan.7,nan.8,nan.9,nan.10,nan.11,nan.12,nan.13,nan.14,nan.15,nan.16,nan.17,nan.18,LOKALITA NEHODY
171106190026,2,312.0,2019-01-13,0,950,3,0,3,2,1,7,204,0,0,0,5,2,3,1,3,1,1,1,1,0,0,0,1,1,0,,5,39.0,07,1.0,1.0,1.0,0.0,1.0,3.0,0,2.0,4.0,1.0,"-581727,779","-1061827,552","-581727,779","-1061827,552","-581727,566","-1061827,436",,,,silnice2.t¯Ìdy,312,1107687.0,,OpaËn˝kesmÏru˙seku,Pomal˝,580571.0,,GN_V0.1UIR-ADR_410,2
171106190027,3,36810.0,2019-01-13,0,1115,9,0,0,2,1,2,204,0,0,0,400,2,3,1,1,1,1,1,1,0,0,0,2,1,0,,3,7.0,10,1.0,1.0,1.0,0.0,1.0,1.0,400,2.0,1.0,1.0,"-587065,636","-1086851,036","-587065,636","-1086851,036","-587064,759","-1086850,432",,,,silnice3.t¯Ìdy,36810,3366606.0,,Souhlasn˝sesmÏrem˙seku,Pomal˝,581275.0,,GN_V0.1UIR-ADR_410,2
171106190028,3,36013.0,2019-01-14,1,540,1,2,0,2,1,2,502,0,0,0,400,2,3,1,1,6,1,1,1,0,0,0,1,2,0,,3,39.0,16,3.0,0.0,0.0,0.0,1.0,3.0,100,2.0,1.0,1.0,,,"-602246,966","-1077396,19","-602246,46","-1077396,178",Dlouh·T¯ebov·,NaRybnÌku,,silnice3.t¯Ìdy,36013,1117436.0,,Souhlasn˝sesmÏrem˙seku,Pomal˝,548014.0,757977.0,GN_V0.1UIR-ADR_410,1
171106190029,6,,2019-01-14,1,905,1,2,0,1,1,2,508,0,0,1,2400,2,3,1,1,1,1,1,1,0,0,0,1,2,0,,3,47.0,08,1.0,0.0,0.0,0.0,1.0,5.0,300,2.0,1.0,1.0,"-605141,467","-1066838,562","-605141,467","-1066838,562","-605141,515","-1066838,733",»eskÈLibchavy,,,mÌstnÌkomunikace,,1110592.0,,OpaËn˝kesmÏru˙seku,Pomal˝,580058.0,,GN_V0.1UIR-ADR_410,1
171106190030,6,,2019-01-14,1,1405,2,0,0,2,1,2,508,0,0,0,110,2,1,1,1,1,1,1,1,0,0,10,1,2,0,,3,39.0,02,1.0,0.0,0.0,0.0,1.0,5.0,10,2.0,1.0,1.0,"-603895,957","-1073060,248","-603895,957","-1073060,248","-603893,633","-1073059,339",⁄stÌnadOrlicÌ,,,mÌstnÌkomunikace,,3127085.0,,Souhlasn˝sesmÏrem˙seku,Pomal˝,579891.0,,GN_V0.1UIR-ADR_410,1
171106190031,2,317.0,2019-01-15,2,30,3,0,2,2,1,0,204,0,0,0,300,2,3,1,1,4,1,1,1,0,0,0,1,1,0,,17,,XX,,,,,,,0,,,,"-616492,564","-1066843,906","-616492,564","-1066843,906","-616495,911","-1066844,327",BÏstovice,,,silnice2.t¯Ìdy,317,1110647.0,,OpaËn˝kesmÏru˙seku,Pomal˝,553760.0,,GN_V0.1UIR-ADR_410,1
171106190032,3,31512.0,2019-01-15,2,820,2,0,0,2,1,2,511,0,0,0,80,2,8,1,1,1,1,1,1,0,0,0,1,2,0,,6,40.0,16,1.0,0.0,1.0,0.0,1.0,3.0,0,3.0,1.0,1.0,"-601108,781","-1081247,456","-601108,781","-1081242,622","-601108,731","-1081242,526",»esk·T¯ebov·,Podbransk·,,silnice3.t¯Ìdy,31512,398009.0,,OpaËn˝kesmÏru˙seku,Pomal˝,580031.0,623679.0,GN_V0.1UIR-ADR_410,1
171106190033,1,43.0,2019-01-15,2,1040,3,0,3,2,1,2,205,0,0,0,1550,2,5,1,1,1,1,1,1,0,0,0,2,1,0,,6,10.0,16,9.0,1.0,1.0,0.0,1.0,3.0,1500,3.0,1.0,1.0,"-593682,52","-1084667,624","-593673,388","-1084624,652","-593674,698","-1084624,068",,,,silnice1.t¯Ìdy,43,1343484.0,,OpaËn˝kesmÏru˙seku,Pomal˝,580074.0,,GN_V0.1UIR-ADR_410,2
171106190034,2,311.0,2019-01-15,2,930,9,0,0,2,1,2,204,0,0,0,4150,2,6,1,1,1,1,1,1,0,0,0,2,1,0,,7,26.0,10,1.0,0.0,1.0,0.0,1.0,3.0,4000,3.0,1.0,1.0,"-590212,663","-1070417,443","-590195,474","-1070418,517","-590196,13","-1070419,427",,,,silnice2.t¯Ìdy,311,2599340.0,,OpaËn˝kesmÏru˙seku,Pomal˝,579971.0,,GN_V0.1UIR-ADR_410,2
171106190035,6,,2019-01-15,2,1650,1,3,0,1,1,2,204,0,0,1,1200,2,5,1,1,2,1,1,1,0,0,0,2,2,0,,3,39.0,12,1.0,1.0,1.0,0.0,1.0,5.0,500,2.0,1.0,1.0,"-601704,126","-1081547,783","-601721,852","-1081528,982","-601721,281","-1081528,805",»esk·T¯ebov·,Sadov·,,mÌstnÌkomunikace,,398866.0,,Souhlasn˝sesmÏrem˙seku,Pomal˝,580031.0,623784.0,GN_V0.1UIR-ADR_410,1
171106190036,2,311.0,2019-01-15,2,1840,5,0,0,2,4,0,100,0,0,0,800,2,5,1,5,7,1,1,1,0,0,0,3,1,0,,3,42.0,18,1.0,0.0,1.0,0.0,1.0,1.0,800,2.0,1.0,1.0,,,"-588165,773","-1067067,432","-588162,287","-1067074,097",,,,silnice2.t¯Ìdy,311,3233170.0,,Souhlasn˝sesmÏrem˙seku,Pomal˝,580392.0,,GN_V0.1UIR-ADR_410,2
171106190037,6,,2019-01-16,3,515,1,1,0,2,1,2,405,0,0,0,800,2,3,1,4,5,1,1,1,0,0,0,1,2,0,,3,38.0,07,1.0,0.0,1.0,0.0,1.0,5.0,300,2.0,1.0,1.0,"-618269,812","-1070430,948","-618264,411","-1070431,988","-618264,35","-1070431,966",DVOÿISKO,,,mÌstnÌkomunikace,,1468442.0,,Souhlasn˝sesmÏrem˙seku,Pomal˝,580350.0,,GN_V0.1UIR-ADR_410,1
171106190038,6,,2019-01-17,4,1625,9,0,0,1,2,2,508,0,1,0,0,2,1,1,1,2,1,1,1,0,0,0,1,1,0,,13,0.0,,1.0,0.0,1.0,0.0,1.0,5.0,0,8.0,1.0,1.0,"-616200,601","-1068292,203","-616200,601","-1068292,203","-616204,343","-1068292,662",ChoceÚ,T.N.KautnÌka,,mÌstnÌkomunikace,,356584.0,,Souhlasn˝sesmÏrem˙seku,Pomal˝,580350.0,624811.0,GN_V0.1UIR-ADR_410,1
171106190039,6,,2019-01-17,4,1710,3,0,2,2,1,2,508,0,0,0,1530,2,1,1,1,4,1,1,1,0,0,0,3,1,0,,7,62.0,16,3.0,0.0,1.0,0.0,1.0,5.0,0,3.0,1.0,1.0,"-615115,756","-1068914,077","-615087,288","-1068917,836","-615087,364","-1068918,202",ChoceÚ,Peliny,,mÌstnÌkomunikace,,358682.0,,OpaËn˝kesmÏru˙seku,Pomal˝,580350.0,624608.0,GN_V0.1UIR-ADR_410,1
171106190040,6,,2019-01-17,4,1760,2,0,0,2,1,0,504,0,0,0,150,2,1,1,1,1,1,1,0,0,0,0,1,2,0,,17,,XX,,,,,,,0,,,,"-589162,188","-1081243,123","-589162,188","-1081243,123","-589149,288","-1081264,256",Lanökroun,Opletalova,,mÌstnÌkomunikace,,398140.0,,Souhlasn˝sesmÏrem˙seku,Pomal˝,580511.0,626538.0,GN_V0.1UIR-ADR_410,1
171106190041,8,,2019-01-18,5,1050,2,0,0,2,1,2,204,0,0,0,170,2,6,1,1,1,1,1,1,0,0,0,1,3,0,,3,39.0,10,3.0,0.0,1.0,0.0,1.0,5.0,70,3.0,1.0,1.0,"-572021,449","-1056472,125","-572021,449","-1056472,125","-572017,738","-1056477,089",DolnÌMorava,,,mÌstnÌkomunikace,,3126630.0,,,Pomal˝,580163.0,,GN_V0.1UIR-ADR_410,1
171106190042,2,315.0,2019-01-18,5,1530,1,3,0,1,1,2,306,0,0,1,205,2,3,1,1,1,1,1,1,0,0,0,1,2,0,,3,13.0,98,1.0,0.0,1.0,0.0,1.0,1.0,200,2.0,1.0,1.0,"-619473,319","-1068912,672","-619471,708","-1068909,986","-619471,642","-1068909,881",Sruby,,,silnice2.t¯Ìdy,315,3190808.0,,OpaËn˝kesmÏru˙seku,Pomal˝,580970.0,,GN_V0.1UIR-ADR_410,1
171106190043,3,3114.0,2019-01-18,5,1730,5,0,0,2,4,0,100,0,0,0,20,2,6,1,1,6,1,1,1,0,0,0,1,1,0,,3,16.0,96,1.0,0.0,1.0,0.0,1.0,1.0,20,3.0,1.0,1.0,"-589061,09","-1064243,813","-589061,09","-1064243,813","-589060,409","-1064244,303",StudenÈ,,,silnice3.t¯Ìdy,3114,1132995.0,,OpaËn˝kesmÏru˙seku,Pomal˝,580996.0,,GN_V0.1UIR-ADR_410,1
171106190044,6,,2019-01-17,4,1300,2,0,0,2,1,0,511,0,0,0,201,2,5,1,1,1,1,1,1,3,5,10,5,2,10,6.0,3,39.0,97,1.0,0.0,1.0,0.0,1.0,5.0,1,2.0,1.0,1.0,"-601644,746","-1081476,012","-601644,746","-1081476,012","-601632,731","-1081469,26",»esk·T¯ebov·,Tr·vnÌk,,mÌstnÌkomunikace,,837427.0,,Souhlasn˝sesmÏrem˙seku,Pomal˝,580031.0,,GN_V0.1UIR-ADR_410,1
171106190045,2,311.0,2019-01-19,6,1035,5,0,0,2,4,0,100,0,0,0,200,2,1,1,1,1,1,0,0,0,0,0,3,1,0,,3,32.0,08,1.0,0.0,1.0,0.0,1.0,1.0,200,3.0,1.0,1.0,"-587520,111","-1078563,145","-587525,482","-1078554,551","-587525,877","-1078554,52",,,,silnice2.t¯Ìdy,311,2338789.0,,OpaËn˝kesmÏru˙seku,Pomal˝,580511.0,,GN_V0.1UIR-ADR_410,2
171106190046,3,31514.0,2019-01-20,0,435,3,0,1,1,1,3,204,0,0,1,200,2,5,1,1,6,1,1,1,0,0,0,3,1,0,,3,39.0,95,1.0,0.0,1.0,0.0,1.0,3.0,200,2.0,4.0,1.0,"-592261,157","-1076093,385","-592257,397","-1076046,655","-592257,443","-1076046,663",DolnÌ»ermn·,,,silnice3.t¯Ìdy,31514,2330794.0,,OpaËn˝kesmÏru˙seku,Pomal˝,580112.0,,GN_V0.1UIR-ADR_410,1
171106190047,6,,2019-01-20,0,930,1,4,0,2,1,2,504,0,0,0,300,2,1,1,1,1,1,1,1,0,0,0,1,2,0,,3,17.0,07,1.0,0.0,1.0,0.0,1.0,5.0,100,2.0,1.0,1.0,"-615978,345","-1068362,487","-615978,345","-1068362,487","-615979,198","-1068357,3",ChoceÚ,,,mÌstnÌkomunikace,,1771158.0,,Souhlasn˝sesmÏrem˙seku,Pomal˝,580350.0,,GN_V0.1UIR-ADR_410,1
171106190048,1,11.0,2019-01-20,0,1645,0,0,0,2,1,0,304,0,0,0,300,2,1,1,1,2,1,1,1,0,0,0,1,2,0,,17,,XX,,,,,,,0,,,,"-601195,073","-1059553,325","-601222,417","-1059556,005","-601222,625","-1059556,652",,,,silnice1.t¯Ìdy,11,2337473.0,,OpaËn˝kesmÏru˙seku,Pomal˝,548049.0,,GN_V0.1UIR-ADR_410,2
171106190049,1,35.0,2019-01-20,0,1728,1,2,0,2,1,2,511,0,0,0,400,2,1,1,1,4,1,1,1,3,3,0,7,2,19,6.0,7,10.0,15,3.0,0.0,3.0,0.0,1.0,12.0,0,3.0,1.0,1.0,,,"-620829,855","-1074636,834","-620829,57","-1074636,73",VysokÈM˝to,Husova,,silnice1.t¯Ìdy,35,3450877.0,,Souhlasn˝sesmÏrem˙seku,Pomal˝,581186.0,629677.0,GN_V0.1UIR-ADR_410,1
171106190050,6,,2019-01-21,1,2560,2,0,0,2,1,0,508,0,0,0,100,2,3,1,1,1,1,0,8,0,0,0,1,2,0,,17,,XX,,,,,,,0,,,,"-621518,587","-1072842,714","-621518,587","-1072842,714","-621521,828","-1072841,84",VysokÈM˝to,,,mÌstnÌkomunikace,,373868.0,,,Pomal˝,581186.0,,GN_V0.1UIR-ADR_410,1
171106190051,1,14.0,2019-01-21,1,2245,5,0,0,2,4,0,100,0,0,0,120,2,1,1,1,4,1,1,1,0,0,0,1,1,0,,3,13.0,,1.0,0.0,1.0,0.0,1.0,3.0,120,2.0,1.0,1.0,"-602095,765","-1077620,612","-602095,765","-1077620,612","-602100,263","-1077621,756",Dlouh·T¯ebov·,,,silnice1.t¯Ìdy,14,1261671.0,,OpaËn˝kesmÏru˙seku,Pomal˝,548014.0,,GN_V0.1UIR-ADR_410,1
171106190052,2,311.0,2019-01-22,2,1515,1,3,0,2,1,2,502,0,0,0,300,2,1,1,1,1,1,1,1,0,0,0,1,2,0,,3,47.0,09,1.0,0.0,1.0,0.0,1.0,1.0,150,3.0,1.0,1.0,,,"-588665,663","-1080939,767","-588664,548","-1080941,867",Lanökroun,Kr·lick·,,silnice2.t¯Ìdy,311,397202.0,,OpaËn˝kesmÏru˙seku,Pomal˝,580511.0,626678.0,GN_V0.1UIR-ADR_410,1
171106190053,1,43.0,2019-01-22,2,2215,5,0,0,2,4,0,100,0,0,0,400,2,1,1,1,6,1,1,1,0,0,0,1,1,0,,3,26.0,17,3.0,0.0,0.0,0.0,1.0,1.0,400,2.0,1.0,1.0,,,"-595207,469","-1085734,004","-595211,444","-1085720,018",,,,silnice1.t¯Ìdy,43,1737489.0,,OpaËn˝kesmÏru˙seku,Pomal˝,580074.0,,GN_V0.1UIR-ADR_410,2
171106190054,1,43.0,2019-01-23,3,55,5,0,0,2,4,0,100,0,0,0,200,2,1,1,1,6,1,1,1,0,0,0,1,1,0,,5,19.0,06,3.0,0.0,1.0,0.0,1.0,1.0,200,4.0,1.0,1.0,,,"-592939,392","-1083870,703","-592926,688","-1083897,476",,,,silnice1.t¯Ìdy,43,2339097.0,,Souhlasn˝sesmÏrem˙seku,Pomal˝,580848.0,,GN_V0.1UIR-ADR_410,2
171106190055,1,17.0,2019-01-20,0,1750,5,0,0,2,4,0,100,0,0,0,100,2,1,1,1,6,1,1,1,0,0,0,1,1,0,,3,17.0,08,1.0,0.0,1.0,0.0,1.0,3.0,100,2.0,1.0,1.0,,,"-625416,311","-1069996,509","-625415,717","-1070002,075",,,,silnice1.t¯Ìdy,17,362827.0,,OpaËn˝kesmÏru˙seku,Pomal˝,581224.0,,GN_V0.1UIR-ADR_410,2
171106190056,6,,2019-01-23,3,1000,3,0,9,2,1,0,508,0,0,0,10,2,1,1,1,1,1,1,1,0,0,0,1,1,0,,5,19.0,06,3.0,0.0,1.0,0.0,1.0,5.0,0,9.0,,,,,"-611801,237","-1077331,008","-611801,688","-1077330,319",Sloupnice,,,mÌstnÌkomunikace,,1117370.0,,Souhlasn˝sesmÏrem˙seku,Pomal˝,580325.0,,GN_V0.1UIR-ADR_410,1
171106190057,2,317.0,2019-01-23,3,1310,1,4,0,1,1,2,503,0,0,1,450,2,1,1,1,1,1,1,1,3,3,0,1,2,0,,3,35.0,00,1.0,0.0,1.0,0.0,1.0,1.0,300,2.0,1.0,1.0,,,"-615820,686","-1069602,99","-615820,306","-1069602,987",ChoceÚ,Litomyölsk·,,silnice2.t¯Ìdy,317,1894706.0,,Souhlasn˝sesmÏrem˙seku,Pomal˝,580350.0,624489.0,GN_V0.1UIR-ADR_410,1
171106190058,6,,2019-01-23,3,1600,2,0,0,2,1,9,508,0,0,0,60,2,6,1,1,1,1,1,1,0,0,0,1,2,0,,3,39.0,12,3.0,0.0,3.0,0.0,1.0,5.0,10,2.0,5.0,1.0,"-576153,894","-1064122,665","-576153,894","-1064122,665","-576156,048","-1064120,677",Kr·lÌky,Bed¯ichaSmetany,,mÌstnÌkomunikace,,772460.0,,Souhlasn˝sesmÏrem˙seku,Pomal˝,580481.0,625621.0,GN_V0.1UIR-ADR_410,1
171106190059,3,31112.0,2019-01-23,3,845,7,2,0,2,1,2,414,0,0,0,700,2,1,1,1,1,1,1,0,3,3,4,1,2,0,,3,39.0,10,3.0,0.0,1.0,0.0,1.0,1.0,500,3.0,1.0,1.0,,,"-588529,334","-1068114,38","-588528,872","-1068114,087",JablonnÈnadOrlicÌ,Slezsk·,,silnice3.t¯Ìdy,31112,356200.0,,OpaËn˝kesmÏru˙seku,Pomal˝,580376.0,625515.0,GN_V0.1UIR-ADR_410,1
171106190060,6,,2019-01-24,4,530,1,2,0,2,1,0,501,0,0,0,50,2,1,1,1,4,1,1,1,0,0,0,2,2,0,,17,,XX,,,,,,,0,,,,,,"-601254,009","-1082119,922","-601254,17","-1082120,296",»esk·T¯ebov·,SemanÌnsk·,,mÌstnÌkomunikace,,400757.0,,Souhlasn˝sesmÏrem˙seku,Pomal˝,580031.0,623792.0,GN_V0.1UIR-ADR_410,1
171106190061,6,,2019-01-24,4,1610,0,0,0,1,1,2,412,0,1,0,80,1,1,1,1,1,1,1,1,3,3,1,5,1,10,6.0,3,39.0,04,1.0,0.0,1.0,0.0,1.0,5.0,30,2.0,1.0,1.0,"-589529,441","-1081598,651","-589514,889","-1081620,208","-589514,89","-1081620,208",Lanökroun,N·draûnÌ,,mÌstnÌkomunikace,,3368216.0,,,Pomal˝,580511.0,626309.0,GN_V0.1UIR-ADR_410,1
171106190062,2,315.0,2019-01-24,4,1630,5,0,0,2,4,0,100,0,0,0,250,2,5,1,1,1,1,1,1,0,0,0,1,1,0,,3,8.0,18,1.0,0.0,1.0,0.0,1.0,1.0,250,2.0,1.0,1.0,"-583089,316","-1087801,771","-583089,316","-1087801,771","-583087,617","-1087799,153",,,,silnice2.t¯Ìdy,315,2331228.0,,OpaËn˝kesmÏru˙seku,Pomal˝,581046.0,,GN_V0.1UIR-ADR_410,2
171106190063,6,,2019-01-25,5,2560,2,0,0,2,1,0,502,0,0,0,300,2,8,1,5,1,1,0,1,0,0,0,1,2,0,,17,,XX,,,,,,,0,,,,"-611516,616","-1068819,617","-611516,616","-1068819,617","-611518,57","-1068820,855",Brand˝snadOrlicÌ,KadlËÌkova,,mÌstnÌkomunikace,,2586826.0,,OpaËn˝kesmÏru˙seku,Pomal˝,579947.0,622681.0,GN_V0.1UIR-ADR_410,1
171106190064,1,35.0,2019-01-25,5,1105,1,2,0,1,1,2,204,0,0,1,5500,2,6,1,6,1,1,1,1,0,0,0,1,2,0,,5,26.0,10,3.0,1.0,0.0,0.0,1.0,1.0,2000,3.0,1.0,1.0,"-623497,387","-1070086,599","-623497,387","-1070086,599","-623501,329","-1070089,197",,,,silnice1.t¯Ìdy,35,1472008.0,,OpaËn˝kesmÏru˙seku,Pomal˝,581224.0,,GN_V0.1UIR-ADR_410,2
171106190065,2,317.0,2019-01-25,5,1150,1,4,0,2,1,1,503,0,0,0,400,2,3,1,1,1,1,1,1,0,0,0,1,2,0,,3,31.0,13,1.0,0.0,1.0,0.0,1.0,3.0,250,3.0,4.0,1.0,"-616992,147","-1064789,301","-616992,147","-1064789,301","-616995,941","-1064791,778",BoöÌn,,,silnice2.t¯Ìdy,317,3190776.0,,OpaËn˝kesmÏru˙seku,Pomal˝,548006.0,,GN_V0.1UIR-ADR_410,1
171106190066,6,,2019-01-25,5,1515,1,1,0,2,1,2,205,0,0,0,1900,2,6,1,1,1,1,1,1,0,0,0,3,2,0,,2,99.0,18,1.0,1.0,1.0,0.0,1.0,5.0,800,2.0,1.0,1.0,,,"-615028,948","-1066354,636","-615028,868","-1066355,017",Sko¯enice,,,mÌstnÌkomunikace,,3310547.0,,Souhlasn˝sesmÏrem˙seku,Pomal˝,580929.0,,GN_V0.1UIR-ADR_410,1
171106190067,6,,2019-01-25,5,2560,2,0,0,2,1,0,502,0,0,0,300,2,8,1,1,4,1,1,1,0,0,0,1,2,0,,17,,XX,,,,,,,0,,,,"-616138,262","-1068434,808","-616138,262","-1068434,808","-616138,43","-1068433,682",ChoceÚ,Sv.»echa,,mÌstnÌkomunikace,,356960.0,,Souhlasn˝sesmÏrem˙seku,Pomal˝,580350.0,624659.0,GN_V0.1UIR-ADR_410,1
171106190068,1,14.0,2019-01-25,5,1100,3,0,9,2,1,0,509,0,0,0,20,2,3,1,1,1,1,1,1,0,0,0,1,1,0,,3,47.0,03,1.0,0.0,1.0,0.0,1.0,1.0,0,9.0,,,,,"-603855,716","-1073675,059","-603855,704","-1073675,044",⁄stÌnadOrlicÌ,Moravsk·,,silnice1.t¯Ìdy,14,744308.0,,OpaËn˝kesmÏru˙seku,Pomal˝,579891.0,629260.0,GN_V0.1UIR-ADR_410,1
171106190069,6,,2019-01-25,5,1040,2,0,0,2,1,0,504,0,0,0,200,2,8,1,1,1,1,1,1,0,0,0,1,2,0,,3,27.0,,1.0,0.0,3.0,0.0,1.0,5.0,0,2.0,1.0,1.0,"-601418,747","-1083192,911","-601418,747","-1083192,911","-601414,922","-1083187,312",»esk·T¯ebov·,SemanÌnsk·,,mÌstnÌkomunikace,,403948.0,,OpaËn˝kesmÏru˙seku,Pomal˝,580031.0,623792.0,GN_V0.1UIR-ADR_410,1
171106190071,1,43.0,2019-01-26,6,840,3,0,4,2,1,2,204,0,0,0,750,2,8,1,5,1,1,1,1,0,0,0,3,1,0,,3,17.0,09,1.0,1.0,1.0,0.0,1.0,1.0,700,2.0,1.0,1.0,"-591495,777","-1082826,271","-591521,901","-1082839,855","-591521,96","-1082839,749",,,,silnice1.t¯Ìdy,43,2714776.0,,OpaËn˝kesmÏru˙seku,Pomal˝,580848.0,,GN_V0.1UIR-ADR_410,2
171106190072,1,11.0,2019-01-26,6,800,2,0,0,1,1,7,204,0,0,1,1000,2,5,1,5,1,1,1,1,0,0,0,1,2,0,,3,29.0,04,1.0,0.0,1.0,0.0,1.0,1.0,500,2.0,4.0,1.0,"-578852,286","-1067896,96","-578852,286","-1067896,96","-578854,601","-1067893,859",»erven·Voda,,,silnice1.t¯Ìdy,11,1261621.0,,Souhlasn˝sesmÏrem˙seku,Pomal˝,580015.0,,GN_V0.1UIR-ADR_410,1
171106190073,6,,2019-01-26,6,2560,2,0,0,2,1,0,504,0,0,0,150,2,6,1,5,1,1,1,1,0,0,10,1,2,0,,3,7.0,05,1.0,0.0,3.0,0.0,1.0,5.0,50,9.0,,,"-603241,714","-1075173,407","-603241,714","-1075173,407","-603237,393","-1075170,308",⁄stÌnadOrlicÌ,T¯ebovsk·,,mÌstnÌkomunikace,,769484.0,,Souhlasn˝sesmÏrem˙seku,Pomal˝,579891.0,629065.0,GN_V0.1UIR-ADR_410,1
171106190074,6,,2019-01-26,6,1100,3,0,9,2,1,0,508,0,0,0,100,2,3,1,1,1,1,1,1,0,0,0,1,1,0,,17,,XX,,,,,,,0,,,,"-620910,558","-1074334,47","-620910,558","-1074334,47","-620906,469","-1074334,393",VysokÈM˝to,»esk˝chbrat¯Ì,,mÌstnÌkomunikace,,379077.0,,Souhlasn˝sesmÏrem˙seku,Pomal˝,581186.0,629499.0,GN_V0.1UIR-ADR_410,1
171106190075,6,,2019-01-28,1,940,1,2,0,2,1,2,204,0,0,0,100,2,6,1,1,1,1,1,1,3,3,10,1,2,0,,3,46.0,01,1.0,1.0,3.0,0.0,1.0,5.0,0,2.0,1.0,1.0,,,"-602289,534","-1080455,358","-602289,587","-1080455,192",»esk·T¯ebov·,,,mÌstnÌkomunikace,,395863.0,,,Pomal˝,580031.0,,GN_V0.1UIR-ADR_410,1
171106190076,2,312.0,2019-01-28,1,940,3,0,9,1,1,2,204,0,0,1,1550,2,3,1,1,1,1,1,1,0,0,0,1,1,0,,3,41.0,11,1.0,1.0,1.0,0.0,1.0,1.0,1500,3.0,1.0,1.0,"-598921,772","-1061822,527","-598921,772","-1061822,527","-598926,349","-1061811,816",,,,silnice2.t¯Ìdy,312,1402125.0,,OpaËn˝kesmÏru˙seku,Pomal˝,581259.0,630934.0,GN_V0.1UIR-ADR_410,2
171106190077,1,43.0,2019-01-28,1,2000,5,0,0,2,4,0,100,0,0,0,800,2,1,1,1,6,1,1,1,0,0,0,1,2,0,,3,47.0,10,1.0,0.0,1.0,0.0,1.0,1.0,300,3.0,1.0,1.0,"-596356,928","-1086924,528","-596361,241","-1086915,363","-596361,409","-1086915,111",,,,silnice1.t¯Ìdy,43,3306749.0,,OpaËn˝kesmÏru˙seku,Pomal˝,581071.0,,GN_V0.1UIR-ADR_410,2
171106190078,2,312.0,2019-01-29,2,545,1,2,0,2,1,2,303,0,0,0,1500,2,5,1,1,6,1,1,1,0,0,0,3,3,0,,5,19.0,18,2.0,0.0,1.0,0.0,1.0,1.0,500,2.0,1.0,1.0,"-603196,013","-1064283,513","-603196,013","-1064283,513","-603197,316","-1064280,874",,,,silnice2.t¯Ìdy,312,3266498.0,,Souhlasn˝sesmÏrem˙seku,Pomal˝,580228.0,,GN_V0.1UIR-ADR_410,2
171106190079,1,14.0,2019-01-29,2,530,5,0,0,2,4,0,100,0,0,0,400,1,3,1,1,6,1,1,1,0,0,0,1,1,0,,3,39.0,07,1.0,0.0,1.0,0.0,1.0,1.0,400,2.0,1.0,1.0,,,"-605656,805","-1065018,659","-605655,987","-1065017,952",,,,silnice1.t¯Ìdy,14,1472235.0,,Souhlasn˝sesmÏrem˙seku,Pomal˝,580961.0,,GN_V0.1UIR-ADR_410,2
171106190080,6,,2019-01-30,3,755,5,0,0,2,4,0,100,0,0,0,200,2,1,1,1,1,1,1,1,0,0,0,1,1,0,,3,2.0,10,1.0,0.0,1.0,0.0,1.0,5.0,200,3.0,1.0,1.0,,,"-619578,998","-1074184,777","-619568,45","-1074177,014",,,,mÌstnÌkomunikace,,379064.0,,Souhlasn˝sesmÏrem˙seku,Pomal˝,581186.0,630306.0,GN_V0.1UIR-ADR_410,2
171106190081,2,360.0,2019-01-29,2,2560,3,0,9,2,1,0,504,0,0,0,50,2,1,1,1,1,1,1,6,0,0,0,1,1,0,,17,,XX,,,,,,,0,,,,,,"-596236,473","-1067299,486","-596232,754","-1067310,829",Letohrad,⁄steck·,,silnice2.t¯Ìdy,360,354224.0,,Souhlasn˝sesmÏrem˙seku,Pomal˝,580538.0,627704.0,GN_V0.1UIR-ADR_410,1