IDENTIFIKA»NÕ »ÕSLO,DRUH POZEMNÕ KOMUNIKACE,»ÕSLO POZEMNÕ KOMUNIKACE,"den, mÏsÌc, rok",,Ëas ,DRUH NEHODY,DRUH SR¡éKY JEDOUCÕCH VOZIDEL,DRUH PEVN… PÿEK¡éKY,CHARAKTER NEHODY,ZAVINÃNÕ NEHODY,ALKOHOL U VINÕKA NEHODY PÿÕTOMEN,HLAVNÕ PÿÕ»INY NEHODY,usmrceno osob,tÏûce zranÏno osob,lehce zranÏno osob,CELKOV¡ HMOTN¡ äKODA,DRUH POVRCHU VOZOVKY,STAV POVRCHU VOZOVKY V DOBÃ NEHODY,STAV KOMUNIKACE,POVÃTRNOSTNÕ PODMÕNKY V DOBÃ NEHODY,VIDITELNOST,ROZHLEDOV… POMÃRY,DÃLENÕ KOMUNIKACE,SITUOV¡NÕ NEHODY NA KOMUNIKACI,ÿÕZENÕ PROVOZU V DOBÃ NEHODY,MÕSTNÕ ⁄PRAVA PÿEDNOSTI V JÕZDÃ,SPECIFICK¡ MÕSTA A OBJEKTY V MÕSTÃ NEHODY,SMÃROV… POMÃRY,PO»ET Z⁄»ASTNÃN›CH VOZIDEL,MÕSTO DOPRAVNÕ NEHODY,DRUH KÿIéUJÕCÕ KOMUNIKACE,DRUH VOZIDLA,V›ROBNÕ ZNA»KA MOTOROV…HO VOZIDLA,ROK V›ROBY VOZIDLA,CHARAKTERISTIKA VOZIDLA ,SMYK,VOZIDLO PO NEHODÃ,"⁄NIK PROVOZNÕCH, PÿEPRAVOVAN›CH HMOT",ZPŸSOB VYPROäTÃNÕ OSOB Z VOZIDLA,SMÃR JÕZDY NEBO POSTAVENÕ VOZIDLA,äKODA NA VOZIDLE,KATEGORIE ÿIDI»E,STAV ÿIDI»E,VNÃJäÕ OVLIVNÃNÕ ÿIDI»E,nan.1,nan.2,nan.3,nan.4,nan.5,nan.6,nan.7,nan.8,nan.9,nan.10,nan.11,nan.12,nan.13,nan.14,nan.15,nan.16,nan.17,nan.18,LOKALITA NEHODY
171106190082,6,,2019-01-30,3,1200,1,3,0,2,1,0,516,0,0,0,100,2,6,1,1,1,1,1,1,0,0,0,1,2,0,,17,,XX,,,,,,,0,,,,"-584798,923","-1073764,076","-584798,923","-1073764,076","-584799,708","-1073766,295",V˝prachtice,,,mÌstnÌkomunikace,,1115094.0,,OpaËn˝kesmÏru˙seku,Pomal˝,581178.0,,GN_V0.1UIR-ADR_410,1
171106190083,6,,2019-01-29,2,2560,2,0,0,2,1,0,504,0,0,0,500,2,5,1,1,4,1,1,1,0,0,0,1,2,0,,17,,XX,,,,,,,0,,,,"-603732,302","-1074338,463","-603732,302","-1074338,463","-603735,121","-1074340,094",⁄stÌnadOrlicÌ,T¯ebovsk·,,mÌstnÌkomunikace,,378997.0,,Souhlasn˝sesmÏrem˙seku,Pomal˝,579891.0,629065.0,GN_V0.1UIR-ADR_410,1
171106190084,1,14.0,2019-01-30,3,1725,1,2,0,2,1,2,405,0,0,0,2000,2,1,1,1,6,1,1,1,3,3,0,5,2,19,1.0,3,39.0,16,3.0,0.0,1.0,0.0,1.0,23.0,1000,2.0,1.0,1.0,"-605016,904","-1066234,161","-605017,443","-1066220,689","-605018,002","-1066220,715",,,,silnice1.t¯Ìdy,14,1261726.0,,OpaËn˝kesmÏru˙seku,Pomal˝,580058.0,,GN_V0.1UIR-ADR_410,2
171106190085,3,31218.0,2019-01-31,4,605,5,0,0,2,4,0,100,0,0,0,150,2,1,1,1,6,1,1,1,0,0,0,1,1,0,,5,13.0,06,1.0,0.0,1.0,0.0,1.0,1.0,150,3.0,1.0,1.0,"-595671,005","-1060843,468","-595671,005","-1060843,468","-595672,345","-1060838,362",,,,silnice3.t¯Ìdy,31218,1578020.0,,Souhlasn˝sesmÏrem˙seku,Pomal˝,581259.0,,GN_V0.1UIR-ADR_410,2
171106190086,2,311.0,2019-01-31,4,720,5,0,0,2,4,0,100,0,0,0,10,2,3,1,1,2,1,1,1,0,0,0,1,1,0,,5,35.0,19,3.0,0.0,0.0,0.0,1.0,1.0,10,3.0,1.0,1.0,"-587329,36","-1064242,637","-587329,36","-1064242,637","-587327,908","-1064241,843",TÏchonÌn,,,silnice2.t¯Ìdy,311,1238539.0,,Souhlasn˝sesmÏrem˙seku,Pomal˝,581054.0,,GN_V0.1UIR-ADR_410,1
171106190087,6,,2019-01-29,2,2560,3,0,6,2,1,0,508,0,0,0,200,2,5,1,1,1,1,1,1,0,0,0,1,1,0,,17,,XX,,,,,,,0,,,,"-598443,894","-1060390,055","-598443,894","-1060390,055","-598451,779","-1060391,922",éamberk,,,silnice1.t¯Ìdy,11,333823.0,,OpaËn˝kesmÏru˙seku,Pomal˝,581259.0,630756.0,GN_V0.1UIR-ADR_410,1
171106190088,1,35.0,2019-01-31,4,1115,1,4,0,2,1,2,503,0,0,0,2800,2,3,1,1,1,1,1,1,0,0,0,1,3,0,,3,39.0,17,3.0,0.0,0.0,0.0,1.0,1.0,500,2.0,1.0,1.0,"-619311,86","-1077221,7","-619311,86","-1077221,7","-619312,17","-1077221,882",,,,silnice1.t¯Ìdy,35,1341844.0,,OpaËn˝kesmÏru˙seku,Pomal˝,580341.0,,GN_V0.1UIR-ADR_410,2
171106190089,6,,2019-01-31,4,1400,1,1,0,2,1,2,402,0,0,0,1000,2,1,1,1,1,1,1,1,3,3,0,4,2,10,6.0,3,47.0,11,1.0,0.0,1.0,0.0,1.0,5.0,500,3.0,1.0,1.0,"-621422,966","-1073563,867","-621422,966","-1073563,867","-621424,002","-1073564,116",VysokÈM˝to,Jir·skova,,mÌstnÌkomunikace,,376585.0,,OpaËn˝kesmÏru˙seku,Pomal˝,581186.0,629731.0,GN_V0.1UIR-ADR_410,1
171106190090,2,315.0,2019-01-31,4,2000,5,0,0,2,4,0,100,0,0,0,10,2,1,1,1,6,1,1,1,0,0,0,1,1,0,,3,47.0,18,1.0,0.0,1.0,0.0,1.0,1.0,10,2.0,1.0,1.0,"-600220,69","-1075568,452","-600220,69","-1075568,452","-600219,2","-1075567,337",⁄stÌnadOrlicÌ,,,silnice2.t¯Ìdy,315,3378748.0,,Souhlasn˝sesmÏrem˙seku,Pomal˝,579891.0,,GN_V0.1UIR-ADR_410,1
180106190001,6,,2019-01-01,2,1410,3,0,3,2,1,2,511,0,0,0,100,1,3,1,4,3,1,1,1,0,0,10,1,1,0,,3,39.0,10,1.0,0.0,1.0,0.0,1.0,5.0,0,2.0,1.0,1.0,,,"-723147,656","-970244,437","-723147,849","-970244,784",Nov˝Bor,,,mÌstnÌkomunikace,,1390885,,Souhlasn˝sesmÏrem˙seku,Pomal˝,561860.0,,GN_V0.1UIR-ADR_410,1
180106190002,2,268.0,2019-01-01,2,1640,5,0,0,2,4,0,100,0,0,0,800,2,3,1,4,2,1,1,1,0,0,0,1,1,0,,3,39.0,18,3.0,0.0,1.0,0.0,1.0,3.0,800,2.0,1.0,1.0,"-708936,888","-990987,762","-708936,888","-990987,762","-708926,735","-990979,243",,,,silnice2.t¯Ìdy,268,2299240,,OpaËn˝kesmÏru˙seku,Pomal˝,562017.0,,GN_V0.1UIR-ADR_410,2
180106190003,6,,2019-01-02,3,1220,1,1,0,2,1,2,204,0,0,0,950,2,8,1,1,1,1,1,1,3,3,0,4,2,10,6.0,3,41.0,10,1.0,1.0,1.0,0.0,1.0,5.0,900,2.0,1.0,1.0,"-723482,189","-970147,555","-723466,612","-970124,996","-723466,962","-970125,393",Nov˝Bor,Dvo¯·kova,,mÌstnÌkomunikace,,114624,,OpaËn˝kesmÏru˙seku,Pomal˝,561860.0,71064.0,GN_V0.1UIR-ADR_410,1
180106190004,1,9.0,2019-01-02,3,1320,3,0,1,1,1,2,204,0,0,1,500,2,8,1,5,3,1,1,1,0,0,0,1,1,0,,3,4.0,02,1.0,1.0,1.0,0.0,1.0,3.0,500,2.0,1.0,1.0,"-726711,267","-990394,608","-726722,01","-990437,043","-726720,53","-990437,464",,,,silnice1.t¯Ìdy,9,151150,,OpaËn˝kesmÏru˙seku,Pomal˝,561614.0,,GN_V0.1UIR-ADR_410,2
180106190005,1,13.0,2019-01-02,3,1640,1,2,0,2,1,2,204,0,0,0,850,2,6,1,6,2,1,1,1,0,0,0,1,3,0,,3,16.0,11,1.0,1.0,1.0,0.0,1.0,1.0,300,3.0,1.0,1.0,"-712151,535","-970169,732","-712151,535","-970169,732","-712155,297","-970155,084",,,,silnice1.t¯Ìdy,13,2299352,,Souhlasn˝sesmÏrem˙seku,Pomal˝,561746.0,,GN_V0.1UIR-ADR_410,2
180106190006,3,381.0,2019-01-03,4,2015,5,0,0,2,4,0,100,0,0,0,200,2,8,1,1,6,1,1,1,0,0,0,1,1,0,,3,26.0,17,3.0,0.0,1.0,0.0,1.0,1.0,200,2.0,1.0,1.0,"-720218,999","-988960,257","-720224,945","-988943,101","-720225,626","-988942,323",,,,silnice3.t¯Ìdy,0381,2299007,,OpaËn˝kesmÏru˙seku,Pomal˝,561495.0,,GN_V0.1UIR-ADR_410,2
180106190007,3,2627.0,2019-01-04,5,2560,3,0,6,2,1,0,511,0,0,0,20,2,8,1,1,1,1,1,1,0,0,0,2,1,0,,17,,XX,,,,,,,0,,,,,,"-728327,047","-974805,56","-728327,376","-974805,893",HornÌLibchava,,,silnice3.t¯Ìdy,2627,882873,,Souhlasn˝sesmÏrem˙seku,Pomal˝,561592.0,,GN_V0.1UIR-ADR_410,1
180106190008,3,2624.0,2019-01-04,5,1400,3,0,2,2,1,2,204,0,0,0,350,2,8,1,1,1,1,1,1,0,0,0,3,1,0,,3,38.0,01,1.0,1.0,1.0,0.0,1.0,3.0,300,2.0,1.0,1.0,,,"-726248,57","-980795,7","-726249,866","-980796,388",,,,silnice3.t¯Ìdy,2624,1663658,,Souhlasn˝sesmÏrem˙seku,Pomal˝,561380.0,68071.0,GN_V0.1UIR-ADR_410,2
180106190009,8,,2019-01-05,6,2560,2,0,0,2,1,0,511,0,0,0,1,2,1,1,1,1,1,1,1,0,0,0,1,2,0,,17,,XX,,,,,,,0,,,,"-725181,075","-976684,756","-725131,124","-976677,236","-725151,977","-976671,437",»esk·LÌpa,EmilaFilly,,mÌstnÌkomunikace,,1460468,,OpaËn˝kesmÏru˙seku,Pomal˝,561380.0,,GN_V0.1UIR-ADR_410,1
180106190010,2,273.0,2019-01-05,6,2055,5,0,0,2,4,0,100,0,0,0,100,2,3,1,3,6,1,1,1,0,0,0,1,1,0,,3,2.0,02,1.0,0.0,1.0,0.0,1.0,3.0,100,2.0,1.0,1.0,"-718292,108","-997849,327","-718292,179","-997846,376","-718290,734","-997846,072",,,,silnice2.t¯Ìdy,273,891858,,Souhlasn˝sesmÏrem˙seku,Pomal˝,561886.0,,GN_V0.1UIR-ADR_410,2
180106190011,6,,2019-01-06,0,320,2,0,0,2,1,2,509,0,0,0,70,2,3,1,1,6,1,1,4,3,3,0,1,2,0,,5,7.0,07,1.0,0.0,1.0,0.0,1.0,5.0,0,2.0,1.0,1.0,"-724022,368","-968733,556","-724020,756","-968710,454","-724021,819","-968710,12",Nov˝Bor,,,mÌstnÌkomunikace,,2897954,,Souhlasn˝sesmÏrem˙seku,Pomal˝,561860.0,,GN_V0.1UIR-ADR_410,1
180106190012,2,262.0,2019-01-06,0,1850,5,0,0,2,4,0,100,0,0,0,100,2,1,1,1,6,1,1,1,0,0,0,1,1,0,,3,39.0,04,1.0,0.0,1.0,0.0,1.0,3.0,100,3.0,1.0,1.0,,,"-728254,518","-977587,745","-728254,336","-977587,362",,,,silnice2.t¯Ìdy,262,1663702,,Souhlasn˝sesmÏrem˙seku,Pomal˝,561380.0,,GN_V0.1UIR-ADR_410,2
180106190013,2,270.0,2019-01-07,1,2560,3,0,3,2,1,0,511,0,0,0,10,2,3,1,3,5,1,1,1,3,3,0,4,1,19,3.0,17,,XX,,,,,,,0,,,,,,"-711223,484","-979518,422","-711223,862","-979518,011",NovinypodRalskem,,,silnice2.t¯Ìdy,270,884371,,OpaËn˝kesmÏru˙seku,Pomal˝,561851.0,,GN_V0.1UIR-ADR_410,1
180106190014,1,13.0,2019-01-08,2,1140,5,0,0,2,4,0,100,0,0,0,400,2,3,1,1,1,1,1,1,0,0,0,1,1,0,,3,17.0,14,1.0,0.0,1.0,0.0,1.0,3.0,400,2.0,1.0,1.0,"-724708,621","-968712,407","-724708,621","-968712,407","-724709,293","-968712,971",,,,silnice1.t¯Ìdy,13,1330875,,OpaËn˝kesmÏru˙seku,Pomal˝,561894.0,,GN_V0.1UIR-ADR_410,2
180106190015,8,,2019-01-09,3,2560,2,0,0,2,1,0,511,0,0,0,200,2,3,1,1,1,1,1,1,0,0,0,1,2,0,,17,,XX,,,,,,,0,,,,"-724924,393","-978458,582","-724924,393","-978458,582","-724924,643","-978459,363",»esk·LÌpa,,,mÌstnÌkomunikace,,1870146,,Souhlasn˝sesmÏrem˙seku,Pomal˝,561380.0,,GN_V0.1UIR-ADR_410,1
180106190016,3,26211.0,2019-01-09,3,1550,3,0,9,2,1,2,504,0,0,0,320,2,6,1,1,1,1,1,1,0,0,0,1,1,0,,3,47.0,12,3.0,0.0,1.0,0.0,1.0,3.0,300,2.0,1.0,1.0,"-728828,364","-972089,502",-728823,"-972076,925","-728822,902","-972076,726",SluneËn·,,,silnice3.t¯Ìdy,26211,1213996,,Souhlasn˝sesmÏrem˙seku,Pomal˝,546275.0,,GN_V0.1UIR-ADR_410,1
180106190017,6,,2019-01-09,3,1715,3,0,9,2,1,0,204,0,0,0,70,2,3,1,5,5,1,1,2,0,0,2,1,1,0,,3,25.0,03,17.0,1.0,1.0,0.0,1.0,5.0,50,7.0,1.0,1.0,"-725474,25","-976412,101","-725474,25","-976412,101","-725476,996","-976413,812",»esk·LÌpa,,,mÌstnÌkomunikace,,2849770,,,Pomal˝,561380.0,,GN_V0.1UIR-ADR_410,1
180106190018,6,,2019-01-08,2,2560,2,0,0,2,1,0,511,0,0,0,200,2,6,1,5,5,1,1,1,0,0,0,1,2,0,,17,,XX,,,,,,,0,,,,"-724783,01","-977472,457","-724761,525","-977474,605","-724759,44","-977474,562",»esk·LÌpa,Jihlavsk·,,mÌstnÌkomunikace,,705545,,OpaËn˝kesmÏru˙seku,Pomal˝,561380.0,66567.0,GN_V0.1UIR-ADR_410,1
180106190019,8,,2019-01-01,2,2560,2,0,0,2,1,0,511,0,0,0,150,2,1,1,1,4,1,1,1,0,0,0,1,2,0,,3,47.0,11,1.0,0.0,1.0,0.0,1.0,5.0,50,2.0,1.0,1.0,,,"-726778,577","-977729,981","-726757,647","-977736,777",»esk·LÌpa,,,mÌstnÌkomunikace,,129718,"0,031439",Souhlasn˝sesmÏrem˙seku,Pomal˝,561380.0,,SN_20050929UIR-ADR_410,1
180106190020,8,,2019-01-10,4,1360,2,0,0,2,1,0,511,0,0,0,200,2,3,1,1,1,1,1,1,0,0,10,1,2,0,,3,4.0,12,2.0,0.0,3.0,0.0,1.0,5.0,0,4.0,1.0,1.0,"-725465,263","-978747,39","-725465,263","-978747,39","-725463,333","-978747,593",»esk·LÌpa,,,mÌstnÌkomunikace,,2850020,,OpaËn˝kesmÏru˙seku,Pomal˝,561380.0,,GN_V0.1UIR-ADR_410,1
180106190021,2,268.0,2019-01-10,4,1615,5,0,0,2,4,0,100,0,0,0,50,2,1,4,1,1,1,1,1,0,0,0,1,1,0,,3,39.0,16,3.0,0.0,1.0,0.0,1.0,1.0,50,2.0,1.0,1.0,"-711604,165","-985652,849","-711604,165","-985652,849","-711603,05","-985652,402",,,,silnice2.t¯Ìdy,268,2299079,,OpaËn˝kesmÏru˙seku,Pomal˝,561835.0,70696.0,GN_V0.1UIR-ADR_410,2
180106190022,1,9.0,2019-01-10,4,1825,5,0,0,2,4,0,100,0,0,0,1100,2,3,1,5,7,1,1,1,0,0,0,2,2,0,,3,47.0,14,2.0,0.0,1.0,0.0,1.0,3.0,800,2.0,1.0,1.0,"-723816,467","-972383,786","-723824,815","-972411,918","-723824,339","-972412,137",,,,silnice1.t¯Ìdy,9,118606,,OpaËn˝kesmÏru˙seku,Pomal˝,561622.0,,GN_V0.1UIR-ADR_410,2
180106190023,6,,2019-01-10,4,1930,3,0,9,2,1,3,204,0,0,0,620,2,6,1,1,4,1,1,1,0,0,0,2,1,0,,3,13.0,07,1.0,1.0,1.0,0.0,1.0,5.0,400,2.0,4.0,1.0,"-726249,212","-978268,779","-726249,212","-978268,779","-726255,66","-978259,925",»esk·LÌpa,PodHol˝mvrchem,,mÌstnÌkomunikace,,1870086,,Souhlasn˝sesmÏrem˙seku,Pomal˝,561380.0,67181.0,GN_V0.1UIR-ADR_410,1
180106190024,1,13.0,2019-01-11,5,145,5,0,0,2,4,0,100,0,0,0,500,2,3,1,1,6,1,1,1,0,0,0,1,1,0,,7,19.0,18,3.0,0.0,1.0,0.0,1.0,3.0,500,3.0,1.0,1.0,"-729729,822","-966220,653","-729729,611","-966220,18","-729726,799","-966219,01",,,,silnice1.t¯Ìdy,13,2299356,,OpaËn˝kesmÏru˙seku,Pomal˝,561681.0,69744.0,GN_V0.1UIR-ADR_410,2
180106190025,2,262.0,2019-01-11,5,1500,3,0,9,2,1,2,204,0,0,0,200,2,6,1,5,3,1,1,1,3,3,0,5,1,19,2.0,3,32.0,01,1.0,0.0,1.0,0.0,1.0,12.0,100,2.0,1.0,1.0,,,"-721015,51","-979133,743","-721015,627","-979134,298",,,,silnice2.t¯Ìdy,262,1869816,,Souhlasn˝sesmÏrem˙seku,Pomal˝,561380.0,,GN_V0.1UIR-ADR_410,2
180106190026,3,26314.0,2019-01-03,4,1055,2,0,0,2,1,0,511,0,0,0,50,2,6,1,1,1,1,1,1,0,0,0,3,2,0,,8,78.0,05,4.0,0.0,3.0,0.0,1.0,1.0,0,4.0,1.0,1.0,,,"-728466,6","-965449,224","-728466,614","-965449,418",Prysk,DolnÌPrysk,,silnice3.t¯Ìdy,26314,2298348,,Souhlasn˝sesmÏrem˙seku,Pomal˝,561991.0,,GN_V0.1UIR-ADR_410,1
180106190027,6,,2019-01-11,5,1810,0,0,0,2,0,0,100,0,0,0,300,0,6,1,5,7,1,1,1,0,0,0,3,1,0,,3,29.0,18,3.0,0.0,1.0,0.0,1.0,5.0,300,2.0,1.0,1.0,,,"-705244,847","-969508,182","-705245,592","-969506,72",,,,mÌstnÌkomunikace,,1330893,,Souhlasn˝sesmÏrem˙seku,Pomal˝,561631.0,,GN_V0.1UIR-ADR_410,2
180106190028,1,38.0,2019-01-12,6,1800,9,0,0,2,1,2,508,0,0,0,1000,2,3,1,4,7,1,1,1,0,0,0,1,1,0,,3,8.0,16,1.0,0.0,1.0,0.0,1.0,1.0,1000,2.0,1.0,1.0,"-723381,775","-987572,592","-723381,775","-987572,592","-723374,914","-987566,041",,,,silnice1.t¯Ìdy,38,2299297,,Souhlasn˝sesmÏrem˙seku,Pomal˝,561665.0,,GN_V0.1UIR-ADR_410,2
180106190029,6,,2019-01-13,0,760,3,0,9,2,1,0,511,0,0,0,30,6,8,1,4,3,1,1,1,0,0,0,3,1,0,,17,,XX,,,,,,,0,,,,"-723623,183","-967485,903","-723614,052","-967473,012","-723613,757","-967472,699",Nov˝Bor,,,mÌstnÌkomunikace,,2426656,,,Pomal˝,561860.0,,GN_V0.1UIR-ADR_410,1
180106190030,6,,2019-01-14,1,1425,1,1,0,2,1,0,501,0,0,0,500,2,6,1,1,1,1,1,1,0,0,0,1,3,0,,17,,XX,,,,,,,0,,,,"-729337,532","-966482,765","-729329,475","-966470,411","-729330,018","-966469,956",Kamenick˝äenov,Nov˝svÏt,,mÌstnÌkomunikace,,2299851,,Souhlasn˝sesmÏrem˙seku,Pomal˝,561681.0,69744.0,GN_V0.1UIR-ADR_410,1
180106190031,6,,2019-01-14,1,1620,1,3,0,2,1,2,404,0,0,0,1400,2,3,1,1,1,1,1,1,3,5,0,5,2,10,6.0,3,39.0,17,3.0,0.0,1.0,0.0,1.0,5.0,800,3.0,1.0,1.0,"-725224,646","-978513,075","-725224,646","-978515,761","-725223,059","-978513,069",»esk·LÌpa,,,silnice1.t¯Ìdy,9,746758,,Souhlasn˝sesmÏrem˙seku,Pomal˝,561380.0,,GN_V0.1UIR-ADR_410,1
180106190032,3,2622.0,2019-01-14,1,1950,0,0,0,2,0,0,100,0,0,0,500,2,5,1,1,4,1,1,1,0,0,0,3,1,0,,3,29.0,06,1.0,0.0,1.0,0.0,1.0,3.0,500,3.0,1.0,1.0,"-722484,31","-976709,47","-722467,556","-976711,046","-722482,041","-976713,494",»esk·LÌpa,,,silnice3.t¯Ìdy,2622,1460422,,OpaËn˝kesmÏru˙seku,Pomal˝,561380.0,,GN_V0.1UIR-ADR_410,1
180106190033,3,2627.0,2019-01-15,2,530,3,0,9,2,1,2,204,0,0,0,700,2,6,1,1,4,1,1,1,0,0,0,3,1,0,,3,27.0,16,1.0,0.0,1.0,0.0,1.0,3.0,700,2.0,1.0,1.0,"-730907,12","-972569,842","-730905,509","-972559,1","-730905,586","-972559,309",Volfartice,,,silnice3.t¯Ìdy,2627,882445,,OpaËn˝kesmÏru˙seku,Pomal˝,562220.0,,GN_V0.1UIR-ADR_410,1
180106190034,8,,2019-01-15,2,2560,2,0,0,2,1,0,508,0,0,0,50,1,3,1,1,4,1,0,0,0,0,10,2,2,0,,17,,XX,,,,,,,0,,,,"-722641,833","-970096,154","-722641,833","-970096,154","-722637,249","-970099,391",Nov˝Bor,Rumbursk˝chHrdin˘,,mÌstnÌkomunikace,,2900474,,,Pomal˝,561860.0,,GN_V0.1UIR-ADR_410,1
180106190035,6,,2019-01-15,2,2245,3,0,8,2,1,0,508,0,0,0,50,2,1,9,1,4,1,1,1,3,3,2,4,1,10,6.0,3,17.0,15,3.0,0.0,1.0,0.0,1.0,5.0,50,2.0,1.0,1.0,"-725044,593","-978780,542","-725075,514","-978758,856","-725075,554","-978758,867",»esk·LÌpa,Pivovarsk·,,mÌstnÌkomunikace,,131738,,OpaËn˝kesmÏru˙seku,Pomal˝,561380.0,67164.0,GN_V0.1UIR-ADR_410,1
180106190036,2,268.0,2019-01-16,3,1749,4,0,0,1,3,2,100,0,0,1,5,2,2,4,1,4,1,1,1,0,0,2,1,1,0,,3,13.0,11,1.0,0.0,1.0,0.0,1.0,3.0,5,2.0,1.0,1.0,"-718046,293","-979414,197","-718046,293","-979414,197","-718052,048","-979415,31",Z·kupy,MimoÚsk·,,silnice2.t¯Ìdy,268,133658,,Souhlasn˝sesmÏrem˙seku,Pomal˝,562262.0,72486.0,GN_V0.1UIR-ADR_410,1
180106190037,1,9.0,2019-01-16,3,1815,5,0,0,2,4,0,100,0,0,0,600,2,1,1,1,6,1,1,1,0,0,0,3,1,0,,3,47.0,16,3.0,0.0,1.0,0.0,1.0,1.0,600,2.0,1.0,1.0,"-724198,376","-969336,508","-724237,586","-969454,675","-724239,122","-969454,108",,,,silnice1.t¯Ìdy,9,1330904,,OpaËn˝kesmÏru˙seku,Pomal˝,561860.0,,GN_V0.1UIR-ADR_410,2
180106190038,6,,2019-01-16,3,2315,3,0,3,2,1,2,205,0,0,0,300,2,2,1,1,4,1,1,1,0,0,0,3,1,0,,3,39.0,97,1.0,1.0,1.0,1.0,1.0,5.0,200,2.0,1.0,1.0,"-724658,037","-977325,675","-724629,031","-977310,098","-724628,962","-977309,235",»esk·LÌpa,éitavsk·,,mÌstnÌkomunikace,,128385,,Souhlasn˝sesmÏrem˙seku,Pomal˝,561380.0,67971.0,GN_V0.1UIR-ADR_410,1
180106190039,2,262.0,2019-01-17,4,725,5,0,0,2,4,0,100,0,0,0,210,2,1,1,1,2,1,1,1,0,0,0,1,1,0,,3,39.0,05,1.0,0.0,1.0,0.0,1.0,3.0,200,2.0,1.0,5.0,"-723459,474","-979012,274","-723478,308","-978990,706","-723478,293","-978990,571",,,,silnice2.t¯Ìdy,262,1382674,,OpaËn˝kesmÏru˙seku,Pomal˝,561380.0,,GN_V0.1UIR-ADR_410,2
180106190040,6,,2019-01-17,4,810,3,0,9,2,1,2,205,0,0,0,350,2,3,1,1,1,1,1,1,0,0,0,3,1,0,,5,27.0,12,8.0,1.0,1.0,0.0,1.0,5.0,300,3.0,1.0,1.0,"-706858,122","-980454,205","-706858,122","-980454,205","-706865,493","-980447,853",,,,mÌstnÌkomunikace,,2305792,,Souhlasn˝sesmÏrem˙seku,Pomal˝,562092.0,,GN_V0.1UIR-ADR_410,2
180106190041,1,9.0,2019-01-17,4,1145,9,0,0,2,1,2,205,0,0,0,200,2,1,1,1,1,1,1,1,0,0,0,2,1,0,,5,7.0,12,1.0,1.0,1.0,0.0,1.0,1.0,200,7.0,1.0,1.0,"-731301,638","-996442,422","-731298,183","-996447,888","-731298,085","-996447,972",,,,silnice1.t¯Ìdy,9,2629307,,OpaËn˝kesmÏru˙seku,Pomal˝,561533.0,,GN_V0.1UIR-ADR_410,2
180106190042,6,,2019-01-17,4,1535,1,2,0,2,1,0,404,0,0,0,50,2,3,1,1,1,2,1,1,3,5,0,5,2,10,7.0,3,39.0,09,1.0,0.0,4.0,0.0,1.0,5.0,0,9.0,,,"-712313,211","-983920,251","-712313,211","-983920,251","-712321,622","-983922,833",MimoÚ,K¯Ìûov·,,mÌstnÌkomunikace,,2576627,,OpaËn˝kesmÏru˙seku,Pomal˝,561835.0,,GN_V0.1UIR-ADR_410,1
180106190043,1,38.0,2019-01-17,4,1750,5,0,0,2,4,0,100,0,0,0,600,2,1,1,1,6,1,1,1,0,0,0,1,1,0,,3,7.0,07,2.0,0.0,1.0,0.0,1.0,3.0,600,2.0,1.0,1.0,"-715263,528","-998005,837","-715275,692","-998004,524","-715275,784","-998004,71",,,,silnice1.t¯Ìdy,38,2299339,,OpaËn˝kesmÏru˙seku,Pomal˝,561398.0,,GN_V0.1UIR-ADR_410,2
180106190044,6,,2019-01-17,4,2100,0,0,0,2,1,2,511,0,0,0,200,2,3,9,4,5,1,1,1,0,0,0,1,1,0,,3,17.0,18,1.0,0.0,1.0,0.0,1.0,5.0,200,2.0,1.0,1.0,"-723192,962","-970100,956","-723144,066","-970104,18","-723143,874","-970103,792",Nov˝Bor,B.Egermanna,,mÌstnÌkomunikace,,114538,,Souhlasn˝sesmÏrem˙seku,Pomal˝,561860.0,70971.0,GN_V0.1UIR-ADR_410,1
180106190045,3,26832.0,2019-01-17,4,2210,5,0,0,2,4,0,100,0,0,0,200,2,3,1,1,6,1,1,1,0,0,0,1,1,0,,3,60.0,18,1.0,0.0,1.0,0.0,1.0,3.0,200,2.0,1.0,1.0,"-718410,017","-981534,265","-718414,851","-981525,671","-718414,488","-981526,218",,,,silnice3.t¯Ìdy,26832,3082948,,Souhlasn˝sesmÏrem˙seku,Pomal˝,562262.0,,GN_V0.1UIR-ADR_410,2
180106190046,1,13.0,2019-01-18,5,630,1,1,0,1,1,2,304,0,0,1,1600,2,8,1,5,7,1,1,1,0,0,0,1,2,0,,5,13.0,10,8.0,0.0,1.0,0.0,1.0,1.0,800,2.0,1.0,1.0,"-728027,076","-968226,841","-728052,858","-968177,963","-728053,625","-968178,522",,,,silnice1.t¯Ìdy,13,1460635,,Souhlasn˝sesmÏrem˙seku,Pomal˝,561681.0,,GN_V0.1UIR-ADR_410,2