IDENTIFIKA»NÕ »ÕSLO,DRUH POZEMNÕ KOMUNIKACE,»ÕSLO POZEMNÕ KOMUNIKACE,"den, mÏsÌc, rok",,Ëas ,DRUH NEHODY,DRUH SR¡éKY JEDOUCÕCH VOZIDEL,DRUH PEVN… PÿEK¡éKY,CHARAKTER NEHODY,ZAVINÃNÕ NEHODY,ALKOHOL U VINÕKA NEHODY PÿÕTOMEN,HLAVNÕ PÿÕ»INY NEHODY,usmrceno osob,tÏûce zranÏno osob,lehce zranÏno osob,CELKOV¡ HMOTN¡ äKODA,DRUH POVRCHU VOZOVKY,STAV POVRCHU VOZOVKY V DOBÃ NEHODY,STAV KOMUNIKACE,POVÃTRNOSTNÕ PODMÕNKY V DOBÃ NEHODY,VIDITELNOST,ROZHLEDOV… POMÃRY,DÃLENÕ KOMUNIKACE,SITUOV¡NÕ NEHODY NA KOMUNIKACI,ÿÕZENÕ PROVOZU V DOBÃ NEHODY,MÕSTNÕ ⁄PRAVA PÿEDNOSTI V JÕZDÃ,SPECIFICK¡ MÕSTA A OBJEKTY V MÕSTÃ NEHODY,SMÃROV… POMÃRY,PO»ET Z⁄»ASTNÃN›CH VOZIDEL,MÕSTO DOPRAVNÕ NEHODY,DRUH KÿIéUJÕCÕ KOMUNIKACE,DRUH VOZIDLA,V›ROBNÕ ZNA»KA MOTOROV…HO VOZIDLA,ROK V›ROBY VOZIDLA,CHARAKTERISTIKA VOZIDLA ,SMYK,VOZIDLO PO NEHODÃ,"⁄NIK PROVOZNÕCH, PÿEPRAVOVAN›CH HMOT",ZPŸSOB VYPROäTÃNÕ OSOB Z VOZIDLA,SMÃR JÕZDY NEBO POSTAVENÕ VOZIDLA,äKODA NA VOZIDLE,KATEGORIE ÿIDI»E,STAV ÿIDI»E,VNÃJäÕ OVLIVNÃNÕ ÿIDI»E,nan.1,nan.2,nan.3,nan.4,nan.5,nan.6,nan.7,nan.8,nan.9,nan.10,nan.11,nan.12,nan.13,nan.14,nan.15,nan.16,nan.17,nan.18,LOKALITA NEHODY
180106190047,6,,2019-01-18,5,1215,3,0,9,2,1,2,511,0,0,0,80,2,3,1,1,1,1,1,1,0,0,10,1,1,0,,3,8.0,09,8.0,0.0,1.0,0.0,1.0,5.0,80,2.0,1.0,1.0,"-724318,618","-977699,055","-724311,636","-977710,335","-724310,916","-977711,481",»esk·LÌpa,V˝chodnÌ,,mÌstnÌkomunikace,,1299428,,,Pomal˝,561380.0,,GN_V0.1UIR-ADR_410,1
180106190048,6,,2019-01-18,5,1235,1,1,0,2,1,2,404,0,0,0,1000,2,3,1,1,1,1,1,1,3,5,0,5,2,10,6.0,3,47.0,08,1.0,0.0,1.0,0.0,1.0,5.0,700,2.0,1.0,1.0,"-712523,32","-982137,931","-712523,32","-982137,931","-712527,116","-982136,89",MimoÚ,Letn·,,mÌstnÌkomunikace,,795456,,OpaËn˝kesmÏru˙seku,Pomal˝,561835.0,70467.0,GN_V0.1UIR-ADR_410,1
180106190049,1,9.0,2019-01-18,5,1730,5,0,0,2,4,0,100,0,0,0,500,2,3,1,1,6,1,1,1,0,0,0,1,1,0,,3,25.0,07,1.0,0.0,1.0,0.0,1.0,3.0,500,2.0,1.0,1.0,"-723378,624","-968652,428","-723378,624","-968652,428","-723376,816","-968634,649",,,,silnice1.t¯Ìdy,9,1391032,,OpaËn˝kesmÏru˙seku,Pomal˝,561860.0,,GN_V0.1UIR-ADR_410,2
180106190050,2,268.0,2019-01-19,6,1042,6,0,0,2,4,0,100,0,0,0,100,2,1,1,1,1,1,1,1,0,0,0,1,1,0,,3,47.0,12,1.0,0.0,1.0,0.0,1.0,1.0,100,2.0,1.0,1.0,"-722243,834","-971598,532","-722243,834","-971598,532","-722247,698","-971603,61",,,,silnice2.t¯Ìdy,268,1664575,,OpaËn˝kesmÏru˙seku,Pomal˝,561860.0,,GN_V0.1UIR-ADR_410,2
180106190051,6,,2019-01-19,6,1320,3,0,3,2,1,2,204,0,0,0,900,2,5,1,1,1,1,1,1,0,0,0,2,3,0,,3,25.0,97,1.0,1.0,1.0,0.0,1.0,5.0,150,2.0,1.0,1.0,"-707112,051","-979008,551","-707112,051","-979008,551","-707125,923","-978997,744",Str·ûpodRalskem,MimoÚsk·,,mÌstnÌkomunikace,,796786,,Souhlasn˝sesmÏrem˙seku,Pomal˝,562092.0,72257.0,GN_V0.1UIR-ADR_410,1
180106190052,3,26846.0,2019-01-19,6,1800,3,0,9,2,1,0,511,0,0,0,200,0,6,1,1,4,1,0,1,0,0,0,1,1,0,,17,,XX,,,,,,,0,,,,"-720874,603","-972204,317","-720874,603","-972204,317","-720882,752","-972191,945",Sloupv»ech·ch,Cvikovsk·,,silnice3.t¯Ìdy,26846,796765,,Souhlasn˝sesmÏrem˙seku,Pomal˝,562050.0,673005.0,GN_V0.1UIR-ADR_410,1
180106190053,2,262.0,2019-01-20,0,615,3,0,3,1,1,2,205,0,0,1,350,2,3,1,1,4,1,1,1,0,0,0,2,1,0,,3,32.0,98,1.0,1.0,1.0,1.0,1.0,1.0,200,2.0,1.0,1.0,"-727373,916","-977538,287","-727365,479","-977524,773","-727365,479","-977524,775",»esk·LÌpa,DÏËÌnsk·,,silnice2.t¯Ìdy,262,1460502,,,Pomal˝,561380.0,66273.0,GN_V0.1UIR-ADR_410,1
180106190054,1,13.0,2019-01-20,0,1612,1,1,0,1,1,2,205,0,0,4,1700,2,3,1,1,1,1,1,1,0,0,0,3,2,0,,3,44.0,16,3.0,1.0,1.0,0.0,1.0,1.0,1000,2.0,1.0,1.0,"-724732,145","-968697,981","-724725,944","-968691,493","-724726,765","-968692,183",,,,silnice1.t¯Ìdy,13,1330875,,OpaËn˝kesmÏru˙seku,Pomal˝,561894.0,,GN_V0.1UIR-ADR_410,2
180106190055,1,15.0,2019-01-20,0,1550,5,0,0,2,4,0,100,0,0,0,400,2,1,1,1,1,1,1,1,0,0,0,1,1,0,,3,39.0,18,3.0,0.0,1.0,0.0,1.0,3.0,400,2.0,1.0,1.0,"-731244,168","-983555,245","-731092,864","-983517,79","-731093,028","-983516,573",,,,silnice1.t¯Ìdy,15,138940,,Souhlasn˝sesmÏrem˙seku,Pomal˝,561584.0,,GN_V0.1UIR-ADR_410,2
180106190056,1,9.0,2019-01-21,1,645,5,0,0,2,4,0,100,0,0,0,900,2,3,1,1,6,1,1,1,0,0,0,2,1,0,,3,60.0,18,3.0,0.0,1.0,0.0,1.0,3.0,900,3.0,1.0,1.0,,,"-723429,603","-968627,867","-723429,746","-968629,267",,,,silnice1.t¯Ìdy,9,1391032,,Souhlasn˝sesmÏrem˙seku,Pomal˝,561860.0,,GN_V0.1UIR-ADR_410,2
180106190057,6,,2019-01-21,1,815,3,0,9,2,1,0,509,0,0,0,250,2,1,1,1,1,1,0,1,0,0,0,1,1,0,,3,47.0,09,1.0,0.0,1.0,0.0,1.0,5.0,150,2.0,1.0,1.0,,,"-725542,969","-976966,119","-725543,628","-976966,78",»esk·LÌpa,äkolnÌ,,mÌstnÌkomunikace,,127575,"0,028923",OpaËn˝kesmÏru˙seku,Pomal˝,561380.0,67482.0,SN_20050929UIR-ADR_410,1
180106190058,2,278.0,2019-01-21,1,715,5,0,0,2,4,0,100,0,0,0,150,2,3,1,1,2,1,1,1,0,0,0,1,1,0,,3,32.0,17,1.0,0.0,1.0,0.0,1.0,3.0,150,3.0,1.0,1.0,"-703298,205","-979103,327","-703317,952","-979113,381","-703317,406","-979114,358",,,,silnice2.t¯Ìdy,278,2300040,,OpaËn˝kesmÏru˙seku,Pomal˝,544337.0,,GN_V0.1UIR-ADR_410,2
180106190059,2,270.0,2019-01-21,1,850,5,0,0,2,4,0,100,0,0,0,500,2,1,1,1,1,1,1,1,0,0,0,1,1,0,,3,35.0,07,1.0,0.0,1.0,0.0,1.0,1.0,500,3.0,1.0,1.0,,,"-714464,268","-988423,662","-714467,886","-988425,266",,,,silnice2.t¯Ìdy,270,2299090,,Souhlasn˝sesmÏrem˙seku,Pomal˝,562017.0,,GN_V0.1UIR-ADR_410,2
180106190060,3,2639.0,2019-01-21,1,900,0,0,0,2,1,2,508,0,0,0,100,2,3,6,1,1,1,1,1,0,0,0,1,1,0,,3,39.0,16,3.0,0.0,1.0,0.0,1.0,1.0,100,2.0,1.0,1.0,"-732541,103","-969551,442","-732546,475","-969548,219","-732546,089","-969549,591",,,,silnice3.t¯Ìdy,2639,3085123,,OpaËn˝kesmÏru˙seku,Pomal˝,562394.0,,GN_V0.1UIR-ADR_410,2
180106190061,6,,2019-01-22,2,635,5,0,0,2,4,0,100,0,0,0,400,2,1,1,1,6,1,1,1,0,0,0,1,1,0,,3,27.0,05,1.0,0.0,1.0,0.0,1.0,5.0,400,2.0,1.0,1.0,"-709357,637","-979928,345","-709357,637","-979928,345","-709361,586","-979915,182",,,,mÌstnÌkomunikace,,2298052,,Souhlasn˝sesmÏrem˙seku,Pomal˝,561851.0,,GN_V0.1UIR-ADR_410,2
180106190062,6,,2019-01-18,5,2200,2,0,0,2,1,0,511,0,0,0,300,2,1,1,1,4,1,1,1,0,0,10,1,2,0,,17,,XX,,,,,,,0,,,,"-725242,983","-976527,058","-725242,983","-976527,058","-725244,575","-976528,718",»esk·LÌpa,Brat¯Ì»apk˘,,mÌstnÌkomunikace,,1663824,,Souhlasn˝sesmÏrem˙seku,Pomal˝,561380.0,66150.0,GN_V0.1UIR-ADR_410,1
180106190063,6,,2019-01-21,1,2560,2,0,0,2,1,0,508,0,0,0,50,2,2,1,1,4,1,1,1,0,0,0,1,2,0,,17,,XX,,,,,,,0,,,,"-726999,22","-978638,071","-726999,22","-978638,071","-727001,16","-978623,412",»esk·LÌpa,BoûenyNÏmcovÈ,,mÌstnÌkomunikace,,131599,,Souhlasn˝sesmÏrem˙seku,Pomal˝,561380.0,66141.0,GN_V0.1UIR-ADR_410,1
180106190064,6,,2019-01-22,2,1420,1,3,0,1,2,2,405,0,0,1,260,2,1,1,1,1,1,1,1,3,3,0,4,2,10,6.0,13,0.0,,1.0,0.0,1.0,0.0,1.0,5.0,10,8.0,1.0,1.0,,,"-726235,28","-978856,242","-726235,243","-978856,24",»esk·LÌpa,Dubick·,,mÌstnÌkomunikace,,1382743,,OpaËn˝kesmÏru˙seku,Pomal˝,561380.0,66303.0,GN_V0.1UIR-ADR_410,1
180106190065,6,,2019-01-22,2,1430,2,0,0,2,1,0,508,0,0,0,50,2,1,1,1,1,1,1,1,0,0,0,1,2,0,,17,,XX,,,,,,,0,,,,,,"-706076,084","-975968,374","-706083,148","-975959,927",Dubnice,,,silnice3.t¯Ìdy,27241,2298528,,OpaËn˝kesmÏru˙seku,Pomal˝,561541.0,,GN_V0.1UIR-ADR_410,1
180106190066,6,,2019-01-22,2,2560,2,0,0,2,1,0,508,0,0,0,250,2,1,1,1,1,1,1,1,0,0,0,1,2,0,,17,,XX,,,,,,,0,,,,,,"-724548,812","-978374,245","-724548,77","-978373,755",»esk·LÌpa,,,mÌstnÌkomunikace,,130790,,,Pomal˝,561380.0,,GN_V0.1UIR-ADR_410,1
180106190067,6,,2019-01-22,2,1910,2,0,0,2,1,0,511,0,0,0,20,2,1,1,1,4,1,1,1,0,0,10,2,2,0,,17,,XX,,,,,,,0,,,,,,"-724905,704","-977612,686","-724903,935","-977611,57",»esk·LÌpa,BardÏjovsk·,,mÌstnÌkomunikace,,1382388,,Souhlasn˝sesmÏrem˙seku,Pomal˝,561380.0,66061.0,GN_V0.1UIR-ADR_410,1
180106190068,1,13.0,2019-01-22,2,2215,5,0,0,2,4,0,100,0,0,0,250,2,1,1,1,6,1,1,1,0,0,0,1,1,0,,3,39.0,11,1.0,0.0,1.0,0.0,1.0,3.0,250,2.0,1.0,1.0,,,"-724666,23","-968768,023","-724664,48","-968766,583",,,,silnice1.t¯Ìdy,13,113282,,Souhlasn˝sesmÏrem˙seku,Pomal˝,561860.0,,GN_V0.1UIR-ADR_410,2
180106190069,3,27235.0,2019-01-22,2,2330,5,0,0,2,4,0,100,0,0,0,420,2,1,1,1,6,1,1,1,0,0,0,1,1,0,,3,47.0,07,1.0,0.0,1.0,0.0,1.0,3.0,350,2.0,1.0,1.0,"-709062,646","-992525,263","-709064,383","-992523,374","-709064,973","-992522,987",,,,silnice3.t¯Ìdy,27235,2299621,,Souhlasn˝sesmÏrem˙seku,Pomal˝,562017.0,,GN_V0.1UIR-ADR_410,2
180106190070,6,,2019-01-23,3,1100,2,0,0,2,1,0,508,0,0,0,20,1,1,1,1,1,1,0,1,0,0,0,1,2,0,,17,,XX,,,,,,,0,,,,"-719165,601","-992744,27","-719147,334","-992759,313","-719146,42","-992759,057",Doksy,n·mÏstÌRepubliky,,mÌstnÌkomunikace,,2575970,,,Pomal˝,561495.0,68578.0,GN_V0.1UIR-ADR_410,1
180106190071,3,26215.0,2019-01-23,3,1730,1,1,0,2,1,2,501,0,0,0,1500,2,6,6,1,4,1,1,1,0,0,0,1,2,0,,3,39.0,18,3.0,0.0,1.0,0.0,1.0,1.0,700,2.0,1.0,1.0,"-731217,053","-976239,405","-731211,682","-976220,606","-731211,843","-976221,107",Struûnice,,,silnice3.t¯Ìdy,26215,883449,,OpaËn˝kesmÏru˙seku,Pomal˝,562106.0,,GN_V0.1UIR-ADR_410,1
180106190072,8,,2019-01-23,3,1460,2,0,0,2,1,0,511,0,0,0,50,2,1,1,1,1,1,1,1,0,0,0,1,2,0,,17,,XX,,,,,,,0,,,,"-724888,687","-978139,06","-724888,15","-978063,857","-724887,781","-978063,864",»esk·LÌpa,,,mÌstnÌkomunikace,,2849987,,OpaËn˝kesmÏru˙seku,Pomal˝,561380.0,,GN_V0.1UIR-ADR_410,1
180106190073,1,9.0,2019-01-24,4,510,5,0,0,2,4,0,100,0,0,0,500,2,1,1,1,6,1,2,1,0,0,0,1,1,0,,3,35.0,12,1.0,0.0,1.0,0.0,1.0,1.0,500,2.0,1.0,1.0,"-723126,52","-968706,188","-723145,857","-968682,017","-723145,529","-968680,892",,,,silnice1.t¯Ìdy,9,1391032,,OpaËn˝kesmÏru˙seku,Pomal˝,561860.0,,GN_V0.1UIR-ADR_410,2
180106190074,6,,2019-01-19,6,2560,2,0,0,2,1,0,511,0,0,0,150,2,1,1,1,4,1,1,1,3,5,0,5,2,10,6.0,17,,XX,,,,,,,0,,,,"-724553,957","-977793,707","-724557,984","-977776,995","-724557,986","-977777,046",»esk·LÌpa,Alexandrovsk·,,mÌstnÌkomunikace,,129548,,Souhlasn˝sesmÏrem˙seku,Pomal˝,561380.0,66010.0,GN_V0.1UIR-ADR_410,1
180106190075,6,,2019-01-25,5,755,1,1,0,1,1,2,405,0,0,1,1800,2,3,1,1,1,1,2,1,3,3,2,4,2,10,6.0,3,12.0,10,3.0,0.0,1.0,1.0,1.0,5.0,800,3.0,1.0,1.0,"-723974,274","-969528,484","-723948,471","-969526,334","-723948,358","-969526,223",Nov˝Bor,B.Egermanna,,mÌstnÌkomunikace,,113964,,Souhlasn˝sesmÏrem˙seku,Pomal˝,561860.0,70971.0,GN_V0.1UIR-ADR_410,1
180106190076,2,270.0,2019-01-26,6,1335,9,0,0,1,1,2,204,0,0,1,100,2,5,1,5,3,1,1,1,0,0,0,2,1,0,,3,39.0,97,1.0,1.0,1.0,0.0,1.0,3.0,100,2.0,1.0,1.0,"-709584,862","-977398,823","-709584,862","-977398,823","-709584,621","-977398,924",,,,silnice2.t¯Ìdy,270,894766,,Souhlasn˝sesmÏrem˙seku,Pomal˝,561444.0,,GN_V0.1UIR-ADR_410,2
180106190077,1,13.0,2019-01-26,6,2050,5,0,0,2,4,0,100,0,0,0,250,2,3,1,3,4,1,1,1,0,0,0,1,1,0,,3,32.0,08,2.0,0.0,1.0,0.0,1.0,1.0,250,2.0,1.0,1.0,"-729454,398","-966933,637","-729443,656","-966928,266","-729444,291","-966928,524",Kamenick˝äenov,Kamenick·,,silnice1.t¯Ìdy,13,796679,,Souhlasn˝sesmÏrem˙seku,Pomal˝,561681.0,69591.0,GN_V0.1UIR-ADR_410,1
180106190078,2,263.0,2019-01-26,6,2358,3,0,6,2,1,6,511,0,0,0,450,2,3,1,1,4,1,1,1,3,5,0,5,1,19,6.0,3,39.0,11,1.0,0.0,1.0,0.0,1.0,13.0,400,2.0,4.0,1.0,"-735134,106","-978528,323","-735140,015","-978504,688","-735140,415","-978503,619",éandov,,,silnice2.t¯Ìdy,263,1757141,,OpaËn˝kesmÏru˙seku,Pomal˝,562297.0,,GN_V0.1UIR-ADR_410,1
180106190079,1,9.0,2019-01-27,0,1415,3,0,3,2,1,2,204,0,0,0,20,2,3,1,1,1,1,1,1,0,0,0,3,1,0,,3,44.0,99,1.0,1.0,1.0,0.0,1.0,3.0,0,3.0,1.0,1.0,,,"-729210,206","-995477,067","-729208,228","-995477,817",,,,silnice1.t¯Ìdy,9,2299367,,OpaËn˝kesmÏru˙seku,Pomal˝,561533.0,,GN_V0.1UIR-ADR_410,2
180106190080,1,9.0,2019-01-27,0,1935,5,0,0,2,4,0,100,0,0,0,800,2,3,1,1,6,1,1,1,0,0,0,1,1,0,,3,29.0,17,1.0,0.0,1.0,0.0,1.0,1.0,800,2.0,1.0,1.0,"-726369,807","-983197,539","-726369,807","-983197,539","-726373,066","-983197,038",,,,silnice1.t¯Ìdy,9,2629315,,Souhlasn˝sesmÏrem˙seku,Pomal˝,562076.0,,GN_V0.1UIR-ADR_410,2
180106190081,2,268.0,2019-01-28,1,860,3,0,9,2,1,0,511,0,0,0,60,2,3,1,1,1,1,1,1,3,3,0,4,1,19,3.0,17,,XX,,,,,,,0,,,,"-717973,845","-978746,802","-717965,318","-978739,981","-717965,973","-978739,751",Z·kupy,Borsk·,,silnice2.t¯Ìdy,268,796992,,Souhlasn˝sesmÏrem˙seku,Pomal˝,562262.0,72397.0,GN_V0.1UIR-ADR_410,1
180106190082,1,13.0,2019-01-28,1,1800,5,0,0,2,4,0,100,0,0,0,300,2,3,1,1,6,1,1,1,0,0,0,1,1,0,,3,39.0,14,1.0,0.0,1.0,0.0,1.0,3.0,300,2.0,1.0,1.0,"-724543,459","-968959,475","-724561,189","-968890,169","-724561,234","-968890,21",,,,silnice1.t¯Ìdy,13,113282,,OpaËn˝kesmÏru˙seku,Pomal˝,561860.0,,GN_V0.1UIR-ADR_410,2
180106190083,1,13.0,2019-01-29,2,645,5,0,0,2,4,0,100,0,0,0,200,2,3,1,1,6,1,1,1,0,0,0,1,1,0,,3,47.0,13,3.0,0.0,1.0,0.0,1.0,1.0,200,2.0,1.0,1.0,,,"-716286,366","-969333,617","-716286,6","-969334,099",,,,silnice1.t¯Ìdy,13,0313A0100313A008,"0,029625",OpaËn˝kesmÏru˙seku,Pomal˝,,,ULS_20050701UIR-ADR_410,2
180106190084,3,26846.0,2019-01-27,0,2560,3,0,9,2,1,0,205,0,0,0,150,2,3,1,1,6,1,1,1,0,0,0,3,1,0,,17,,XX,,,,,,,0,,,,"-720665,552","-972127,871","-720669,85","-972121,961","-720669,688","-972122,578",Sloupv»ech·ch,,,silnice3.t¯Ìdy,26846,1257197,,OpaËn˝kesmÏru˙seku,Pomal˝,562050.0,,GN_V0.1UIR-ADR_410,1
180106190085,2,263.0,2019-01-29,2,2560,2,0,0,2,1,0,511,0,0,0,300,2,3,1,1,1,1,1,1,0,0,0,1,2,0,,17,,XX,,,,,,,0,,,,"-735067,778","-973565,63","-735068,315","-973564,019","-735069,601","-973563,586",éandov,Luûick·,,silnice2.t¯Ìdy,263,119630,,OpaËn˝kesmÏru˙seku,Pomal˝,562297.0,72761.0,GN_V0.1UIR-ADR_410,1
180106190086,1,9.0,2019-01-30,3,1132,3,0,4,2,1,3,308,0,0,0,350,2,1,1,1,1,1,1,1,0,0,0,1,1,0,,3,39.0,98,1.0,1.0,1.0,1.0,1.0,1.0,300,2.0,4.0,1.0,"-728335,841","-994122,913","-728192,36","-994457,825","-728189,396","-994462,665",,,,silnice1.t¯Ìdy,9,2299312,,OpaËn˝kesmÏru˙seku,Pomal˝,561533.0,,GN_V0.1UIR-ADR_410,2
180106190087,2,262.0,2019-01-30,3,1105,0,0,0,2,1,0,516,0,0,0,100,2,3,1,1,1,1,1,1,0,0,0,1,2,0,,17,,XX,,,,,,,0,,,,"-729658,087","-977274,055","-729676,464","-977243,422","-729677,002","-977246,974",,,,silnice2.t¯Ìdy,262,1664586,,OpaËn˝kesmÏru˙seku,Pomal˝,562106.0,,GN_V0.1UIR-ADR_410,2
180106190088,6,,2019-01-23,3,2560,3,0,2,2,1,0,511,0,0,0,20,2,8,1,1,1,1,1,1,3,3,0,4,1,10,6.0,17,,XX,,,,,,,0,,,,"-721780,314","-972611,502","-721787,221","-972598,32","-721786,862","-972598,809",Nov˝Bor,,,mÌstnÌkomunikace,,2525216,,Souhlasn˝sesmÏrem˙seku,Pomal˝,561860.0,,GN_V0.1UIR-ADR_410,1
180106190089,6,,2019-01-30,3,1950,1,3,0,1,2,0,516,0,0,1,100,2,1,1,1,4,1,1,1,0,0,10,1,2,0,,15,0.0,,1.0,0.0,1.0,0.0,1.0,5.0,0,8.0,1.0,1.0,"-719278,032","-993038,763","-719254,945","-993035,542","-719253,116","-993035,293",Doksy,PolnÌ,,mÌstnÌkomunikace,,796263,,Souhlasn˝sesmÏrem˙seku,Pomal˝,561495.0,68641.0,GN_V0.1UIR-ADR_410,1
180106190090,2,268.0,2019-01-31,4,630,5,0,0,2,4,0,100,0,0,0,100,2,1,1,1,6,1,1,1,0,0,0,1,1,0,,3,39.0,15,3.0,0.0,1.0,0.0,1.0,1.0,100,2.0,1.0,1.0,"-710750,156","-987599,436","-710749,619","-987598,362","-710749,601","-987598,351",,,,silnice2.t¯Ìdy,268,2300150,,OpaËn˝kesmÏru˙seku,Pomal˝,562017.0,,GN_V0.1UIR-ADR_410,2
180106190091,1,13.0,2019-01-31,4,715,5,0,0,2,4,0,100,0,0,0,200,2,3,1,1,2,1,1,1,0,0,0,1,1,0,,5,47.0,07,1.0,0.0,1.0,0.0,1.0,1.0,200,2.0,1.0,1.0,,,"-724713,788","-968709,694","-724712,768","-968708,836",,,,silnice1.t¯Ìdy,13,1330875,,Souhlasn˝sesmÏrem˙seku,Pomal˝,561894.0,,GN_V0.1UIR-ADR_410,2
180106190092,1,13.0,2019-01-31,4,2130,5,0,0,2,4,0,100,0,0,0,110,2,3,1,1,4,1,1,1,0,0,7,1,1,0,,3,39.0,07,1.0,0.0,1.0,0.0,1.0,3.0,100,2.0,1.0,1.0,"-716038,214","-969454,245","-716035,065","-969449,277","-716034,603","-969448,487",,,,silnice1.t¯Ìdy,13,794955,,Souhlasn˝sesmÏrem˙seku,Pomal˝,561479.0,65803.0,GN_V0.1UIR-ADR_410,2
180106190093,3,27235.0,2019-01-31,4,2315,5,0,0,2,4,0,100,0,0,0,250,2,3,6,1,6,1,1,1,0,0,0,1,1,0,,3,39.0,09,1.0,0.0,1.0,0.0,1.0,3.0,250,3.0,1.0,1.0,"-708947,501","-994673,219","-708949,067","-994661,103","-708945,907","-994660,36",,,,silnice3.t¯Ìdy,27235,2299022,,OpaËn˝kesmÏru˙seku,Pomal˝,562017.0,,GN_V0.1UIR-ADR_410,2
180406190001,6,,2019-01-02,3,955,3,0,9,2,1,2,204,0,0,0,190,2,6,1,5,1,1,1,1,0,0,0,3,2,0,,3,26.0,18,3.0,1.0,1.0,0.0,1.0,5.0,150,2.0,1.0,1.0,"-680778,858","-980307,409","-680778,32","-980301,5","-680778,441","-980301,498",JablonecnadNisou,Dlouh·,,mÌstnÌkomunikace,,135464,,OpaËn˝kesmÏru˙seku,Pomal˝,563510.0,155454.0,GN_V0.1UIR-ADR_410,1
180406190002,6,,2019-01-01,2,2560,2,0,0,2,1,0,502,0,0,0,250,2,6,1,5,3,1,1,1,3,3,0,5,2,10,6.0,5,32.0,12,3.0,0.0,0.0,0.0,1.0,5.0,50,9.0,,,"-680643,186","-978535,537","-680635,157","-978541,568","-680634,812","-978541,554",JablonecnadNisou,Möensk·,,mÌstnÌkomunikace,,1590889,,OpaËn˝kesmÏru˙seku,Pomal˝,563510.0,156485.0,GN_V0.1UIR-ADR_410,1
180406190003,3,29058.0,2019-01-02,3,1900,3,0,1,1,1,2,204,0,0,1,1200,2,6,1,1,6,1,1,1,0,0,0,3,1,0,,3,99.0,14,9.0,1.0,1.0,0.0,1.0,1.0,1200,2.0,1.0,1.0,"-666780,083","-983991,015","-666780,083","-983991,015","-666784,905","-983978,743",,,,silnice3.t¯Ìdy,29058,2900981,,OpaËn˝kesmÏru˙seku,Pomal˝,563862.0,,GN_V0.1UIR-ADR_410,2
180406190004,3,28216.0,2019-01-03,4,2560,3,0,9,2,1,0,511,0,0,0,230,2,8,1,1,4,1,1,1,3,3,0,5,1,19,6.0,17,,XX,,,,,,,0,,,,,,"-680440,897","-989600,359","-680440,201","-989601,008",Mal·Sk·la,VranovÈI.dÌl,,silnice3.t¯Ìdy,28216,888890,,Souhlasn˝sesmÏrem˙seku,Pomal˝,563706.0,,GN_V0.1UIR-ADR_410,1
180406190005,6,,2019-01-05,6,2560,2,0,0,2,1,0,502,0,0,0,20,2,8,12,4,3,1,1,8,0,0,0,1,2,0,,17,,XX,,,,,,,0,,,,,,"-676162,768","-972621,901","-676168,869","-972613,066",Josef˘vD˘l,,,mÌstnÌkomunikace,,1663915,,OpaËn˝kesmÏru˙seku,Pomal˝,563633.0,,GN_V0.1UIR-ADR_410,1
180406190006,1,65.0,2019-01-05,6,1335,1,2,0,2,1,2,204,0,0,0,2250,2,3,1,1,1,1,2,1,0,0,0,3,2,0,,3,4.0,17,3.0,1.0,1.0,0.0,1.0,3.0,1200,2.0,1.0,1.0,"-682474,498","-981129,549","-682490,076","-981110,211","-682490,1","-981110,352",,,,silnice1.t¯Ìdy,65,1590653,,OpaËn˝kesmÏru˙seku,Pomal˝,563781.0,,GN_V0.1UIR-ADR_410,2
180406190007,1,14.0,2019-01-06,0,340,3,0,9,2,1,9,204,0,0,0,200,2,3,1,1,4,1,1,3,3,3,2,4,1,19,6.0,3,4.0,12,1.0,1.0,1.0,0.0,1.0,14.0,100,7.0,5.0,1.0,"-681369,136","-979571,545","-681367,525","-979564,562","-681368,227","-979565,348",JablonecnadNisou,Libereck·,,silnice1.t¯Ìdy,14,1864734,,Souhlasn˝sesmÏrem˙seku,Pomal˝,563510.0,156264.0,GN_V0.1UIR-ADR_410,1
180406190008,3,29053.0,2019-01-06,0,1725,9,0,0,1,1,2,204,0,0,1,200,2,6,1,6,4,1,1,1,0,0,0,3,1,0,,3,39.0,09,1.0,1.0,1.0,0.0,1.0,1.0,200,2.0,1.0,1.0,"-668629,139","-983832,758","-668613,561","-983822,552","-668613,483","-983822,379",Zlat·Oleönice,,,silnice3.t¯Ìdy,29053,1863265,,Souhlasn˝sesmÏrem˙seku,Pomal˝,563862.0,,GN_V0.1UIR-ADR_410,1
180406190009,6,,2019-01-07,1,1730,1,2,0,2,1,2,502,0,0,0,250,2,3,12,5,5,1,1,1,3,3,0,5,2,10,6.0,3,39.0,15,12.0,0.0,1.0,0.0,1.0,5.0,200,2.0,1.0,1.0,"-680197,113","-980022,466","-680156,828","-979973,05","-680156,827","-979973,023",JablonecnadNisou,5.kvÏtna,,mÌstnÌkomunikace,,134752,,Souhlasn˝sesmÏrem˙seku,Pomal˝,563510.0,155225.0,GN_V0.1UIR-ADR_410,1