IDENTIFIKA»NÕ »ÕSLO,DRUH POZEMNÕ KOMUNIKACE,»ÕSLO POZEMNÕ KOMUNIKACE,"den, mÏsÌc, rok",,Ëas ,DRUH NEHODY,DRUH SR¡éKY JEDOUCÕCH VOZIDEL,DRUH PEVN… PÿEK¡éKY,CHARAKTER NEHODY,ZAVINÃNÕ NEHODY,ALKOHOL U VINÕKA NEHODY PÿÕTOMEN,HLAVNÕ PÿÕ»INY NEHODY,usmrceno osob,tÏûce zranÏno osob,lehce zranÏno osob,CELKOV¡ HMOTN¡ äKODA,DRUH POVRCHU VOZOVKY,STAV POVRCHU VOZOVKY V DOBÃ NEHODY,STAV KOMUNIKACE,POVÃTRNOSTNÕ PODMÕNKY V DOBÃ NEHODY,VIDITELNOST,ROZHLEDOV… POMÃRY,DÃLENÕ KOMUNIKACE,SITUOV¡NÕ NEHODY NA KOMUNIKACI,ÿÕZENÕ PROVOZU V DOBÃ NEHODY,MÕSTNÕ ⁄PRAVA PÿEDNOSTI V JÕZDÃ,SPECIFICK¡ MÕSTA A OBJEKTY V MÕSTÃ NEHODY,SMÃROV… POMÃRY,PO»ET Z⁄»ASTNÃN›CH VOZIDEL,MÕSTO DOPRAVNÕ NEHODY,DRUH KÿIéUJÕCÕ KOMUNIKACE,DRUH VOZIDLA,V›ROBNÕ ZNA»KA MOTOROV…HO VOZIDLA,ROK V›ROBY VOZIDLA,CHARAKTERISTIKA VOZIDLA ,SMYK,VOZIDLO PO NEHODÃ,"⁄NIK PROVOZNÕCH, PÿEPRAVOVAN›CH HMOT",ZPŸSOB VYPROäTÃNÕ OSOB Z VOZIDLA,SMÃR JÕZDY NEBO POSTAVENÕ VOZIDLA,äKODA NA VOZIDLE,KATEGORIE ÿIDI»E,STAV ÿIDI»E,VNÃJäÕ OVLIVNÃNÕ ÿIDI»E,nan.1,nan.2,nan.3,nan.4,nan.5,nan.6,nan.7,nan.8,nan.9,nan.10,nan.11,nan.12,nan.13,nan.14,nan.15,nan.16,nan.17,nan.18,LOKALITA NEHODY
180406190010,3,28738.0,2019-01-07,1,2120,5,0,0,2,4,0,100,0,0,0,500,2,8,1,1,4,1,1,1,0,0,0,1,1,0,,3,13.0,17,3.0,0.0,1.0,0.0,1.0,1.0,500,3.0,1.0,1.0,"-677497,742","-984399,968","-677490,221","-984398,356","-677491,155","-984398,633",PÏnËÌn,,,silnice3.t¯Ìdy,28738,1591133,,OpaËn˝kesmÏru˙seku,Pomal˝,563749.0,,GN_V0.1UIR-ADR_410,1
180406190011,6,,2019-01-08,2,1735,3,0,3,2,1,2,508,0,0,0,60,2,8,1,1,4,1,1,1,3,5,0,1,1,0,,3,31.0,18,1.0,0.0,1.0,0.0,1.0,5.0,10,4.0,1.0,1.0,,,"-681407,177","-979034,256","-681407,201","-979034,244",JablonecnadNisou,NemocniËnÌ,,mÌstnÌkomunikace,,1590780,,OpaËn˝kesmÏru˙seku,Pomal˝,563510.0,156795.0,GN_V0.1UIR-ADR_410,1
180406190012,3,29029.0,2019-01-08,2,1825,1,2,0,2,1,2,204,0,0,0,850,2,8,1,4,5,1,1,1,0,0,1,1,2,0,,3,47.0,15,1.0,1.0,1.0,0.0,1.0,1.0,300,2.0,1.0,1.0,,,"-679339,472","-978838,392","-679339,7","-978839,105",JablonecnadNisou,ChelËickÈho,,silnice3.t¯Ìdy,29029,1665259,,Souhlasn˝sesmÏrem˙seku,Pomal˝,563510.0,155772.0,GN_V0.1UIR-ADR_410,1
180406190013,3,28719.0,2019-01-09,3,1810,3,0,2,2,1,2,205,0,0,0,1350,2,8,1,5,7,1,1,1,0,0,0,3,1,0,,3,39.0,10,1.0,1.0,1.0,0.0,1.0,3.0,1100,2.0,1.0,1.0,,,"-683970,54","-991402,715","-683969,851","-991402,487",,,,silnice3.t¯Ìdy,28719,1863508,,Souhlasn˝sesmÏrem˙seku,Pomal˝,563609.0,,GN_V0.1UIR-ADR_410,2
180406190014,8,,2019-01-07,1,2560,2,0,0,2,1,0,505,0,0,0,150,6,8,1,1,6,1,0,0,0,0,10,1,2,0,,17,,XX,,,,,,,0,,,,"-681466,798","-972636,908","-681466,798","-972636,908","-681461,493","-972634,36",Bed¯ichov,,,mÌstnÌkomunikace,,3357855,,Souhlasn˝sesmÏrem˙seku,Pomal˝,563536.0,,GN_V0.1UIR-ADR_410,1
180406190015,3,29051.0,2019-01-11,5,1430,2,0,0,2,1,0,502,0,0,0,15,2,8,12,5,3,1,1,1,0,0,10,1,2,0,,3,35.0,06,1.0,0.0,3.0,0.0,1.0,1.0,0,2.0,1.0,1.0,,,"-670655,561","-979127,036","-670655,502","-979126,844",Tanvald,VÌtÏzn·,,silnice3.t¯Ìdy,29051,797253,,Souhlasn˝sesmÏrem˙seku,Pomal˝,563820.0,160105.0,GN_V0.1UIR-ADR_410,1
180406190016,1,10.0,2019-01-11,5,1750,1,4,0,1,1,2,503,0,0,1,70,2,8,1,5,5,1,1,1,3,4,0,1,2,0,,3,35.0,11,1.0,0.0,1.0,0.0,1.0,1.0,50,2.0,1.0,1.0,,,"-670538,097","-978766,789","-670538,341","-978766,752",TANVALD,Krkonoösk·,,silnice1.t¯Ìdy,10,797188,,OpaËn˝kesmÏru˙seku,Pomal˝,563820.0,159662.0,GN_V0.1UIR-ADR_410,1
180406190017,3,29040.0,2019-01-13,0,2560,2,0,0,2,1,0,516,0,0,0,50,2,6,1,1,1,1,0,8,0,0,10,1,2,0,,17,,XX,,,,,,,0,,,,"-676352,475","-973409,398","-676346,566","-973407,786","-676347,648","-973408,11",Josef˘vD˘l,,,silnice3.t¯Ìdy,29040,882617,,OpaËn˝kesmÏru˙seku,Pomal˝,563633.0,,GN_V0.1UIR-ADR_410,1
180406190018,1,14.0,2019-01-13,0,1830,1,4,0,2,1,2,503,0,0,0,450,2,3,1,4,5,1,1,1,0,0,0,1,2,0,,3,47.0,99,1.0,0.0,1.0,0.0,1.0,1.0,200,2.0,1.0,1.0,,,"-679219,022","-978693,393","-679220,994","-978692,285",JABLONECNADNISOU,Podhorsk·,,silnice1.t¯Ìdy,14,2630460,,OpaËn˝kesmÏru˙seku,Pomal˝,563510.0,158143.0,GN_V0.1UIR-ADR_410,1
180406190019,6,,2019-01-13,0,2260,2,0,0,2,1,0,502,0,0,0,70,2,6,1,1,4,1,1,1,0,0,0,1,2,0,,17,,XX,,,,,,,0,,,,"-680906,524","-978909,778","-680920,489","-978873,791","-680920,351","-978873,778",JABLONECNADNISOU,Rooseveltova,,mÌstnÌkomunikace,,132111,,Souhlasn˝sesmÏrem˙seku,Pomal˝,563510.0,157333.0,GN_V0.1UIR-ADR_410,1
180406190020,6,,2019-01-14,1,1230,2,0,0,2,1,0,504,0,0,0,60,2,8,6,1,1,1,1,1,0,0,10,1,2,0,,3,13.0,09,1.0,0.0,3.0,0.0,1.0,5.0,10,2.0,1.0,1.0,"-675914,973","-989110,281","-675914,973","-989110,281","-675902,542","-989118,754",éelezn˝Brod,JarnÌ,,mÌstnÌkomunikace,,3452369,,OpaËn˝kesmÏru˙seku,Pomal˝,563871.0,160261.0,GN_V0.1UIR-ADR_410,1
180406190021,1,65.0,2019-01-14,1,1940,3,0,6,1,1,2,204,0,0,1,500,2,8,1,1,6,1,1,3,0,0,0,2,1,0,,3,39.0,,1.0,1.0,1.0,0.0,1.0,1.0,500,2.0,1.0,1.0,"-683984,417","-983102,443","-683984,417","-983102,443","-683978,543","-983088,873",,,,silnice1.t¯Ìdy,65,1301385,,OpaËn˝kesmÏru˙seku,Pomal˝,563781.0,,GN_V0.1UIR-ADR_410,2
180406190022,3,29041.0,2019-01-15,2,1045,1,2,0,2,1,2,204,0,0,0,50,2,5,1,1,1,2,1,1,3,3,0,4,2,14,6.0,3,39.0,09,12.0,1.0,1.0,0.0,1.0,41.0,0,2.0,1.0,1.0,"-675182,658","-978796,228","-675150,431","-978799,451","-675150,429","-978799,485",SMRéOVKA,⁄dolnÌ,,silnice3.t¯Ìdy,29041,797959,,OpaËn˝kesmÏru˙seku,Pomal˝,563811.0,159433.0,GN_V0.1UIR-ADR_410,1
180406190023,6,,2019-01-16,3,655,1,4,0,1,1,2,503,0,0,1,680,2,3,12,4,5,1,1,1,3,3,0,4,2,10,6.0,3,35.0,02,1.0,0.0,1.0,0.0,1.0,5.0,500,2.0,1.0,1.0,"-681909,799","-977710,674","-681898,522","-977695,638","-681897,874","-977695,152",JablonecnadNisou,Belgick·,,mÌstnÌkomunikace,,129320,,OpaËn˝kesmÏru˙seku,Pomal˝,563510.0,155535.0,GN_V0.1UIR-ADR_410,1
180406190024,6,,2019-01-15,2,2560,3,0,9,2,1,0,516,0,0,0,300,2,6,1,1,4,1,0,0,0,0,9,1,1,0,,17,,XX,,,,,,,0,,,,"-675092,776","-979149,295","-675072,363","-979172,394","-675069,405","-979177,064",Smrûovka,,,mÌstnÌkomunikace,,2573158,,Souhlasn˝sesmÏrem˙seku,Pomal˝,563811.0,,GN_V0.1UIR-ADR_410,1
180406190025,2,287.0,2019-01-16,3,1950,0,0,0,2,1,2,204,0,0,0,20,2,3,5,1,4,1,1,1,0,0,0,3,1,0,,3,31.0,02,1.0,0.0,1.0,0.0,1.0,1.0,20,4.0,1.0,1.0,"-680922,563","-980794,442","-680910,746","-980760,064","-680909,94","-980759,112",JablonecnadNisou,Praûsk·,,silnice2.t¯Ìdy,287,136019,,Souhlasn˝sesmÏrem˙seku,Pomal˝,563510.0,157163.0,GN_V0.1UIR-ADR_410,1
180406190026,1,35.0,2019-01-17,4,538,1,2,0,2,1,2,204,0,0,0,550,2,5,1,1,6,1,6,1,0,0,0,3,2,0,,3,44.0,05,1.0,1.0,1.0,0.0,1.0,1.0,300,2.0,1.0,1.0,"-686174,833","-984274,585","-686174,833","-984274,585","-686185,392","-984270,642",,,,mÌstnÌkomunikace,R35,2911645,,Souhlasn˝sesmÏrem˙seku,Pomal˝,564061.0,,GN_V0.1UIR-ADR_410,2
180406190027,3,28716.0,2019-01-17,4,1808,5,0,0,2,4,0,100,0,0,0,60,2,3,1,1,6,1,1,1,0,0,0,2,1,0,,3,8.0,12,1.0,0.0,1.0,0.0,1.0,1.0,30,2.0,1.0,1.0,"-681590,763","-983547,696","-681599,895","-983546,622","-681599,841","-983546,625",,,,silnice3.t¯Ìdy,28716,2901011,,OpaËn˝kesmÏru˙seku,Pomal˝,546577.0,,GN_V0.1UIR-ADR_410,2
180406190028,1,10.0,2019-01-18,5,1245,1,2,0,2,1,2,516,0,0,0,300,2,3,1,1,1,1,1,1,3,3,6,5,2,19,6.0,5,10.0,00,3.0,0.0,1.0,0.0,1.0,21.0,50,3.0,1.0,1.0,,,"-681280,074","-990588,3","-681279,046","-990590,392",,,,silnice1.t¯Ìdy,10,1257114,,Souhlasn˝sesmÏrem˙seku,Pomal˝,563706.0,,GN_V0.1UIR-ADR_410,2
180406190029,3,28733.0,2019-01-18,5,2025,0,0,0,2,6,0,100,0,0,0,100,2,3,6,1,6,1,1,1,0,0,0,3,1,0,,3,7.0,14,1.0,0.0,1.0,0.0,1.0,1.0,100,2.0,1.0,1.0,,,"-676595,972","-980163,46","-676595,033","-980165,204",Smrûovka,Janaävermy,,silnice3.t¯Ìdy,28733,1301335,,OpaËn˝kesmÏru˙seku,Pomal˝,563811.0,159077.0,GN_V0.1UIR-ADR_410,1
180406190030,6,,2019-01-19,6,1000,3,0,9,2,1,2,504,0,0,0,200,2,8,1,1,1,1,1,3,0,0,0,3,1,0,,3,17.0,17,12.0,0.0,1.0,0.0,1.0,5.0,200,2.0,1.0,1.0,,,"-682971,229","-983314,52","-682972,535","-983315,453",,,,mÌstnÌkomunikace,,1588844,,Souhlasn˝sesmÏrem˙seku,Pomal˝,563790.0,,GN_V0.1UIR-ADR_410,2
180406190031,3,29037.0,2019-01-14,1,445,1,2,0,2,1,0,502,0,0,0,100,2,5,1,1,4,1,1,1,0,0,0,1,2,0,,17,,XX,,,,,,,0,,,,,,"-676289,724","-977759,66","-676288,388","-977759,792",LU»ANYNADNISOU,,,silnice3.t¯Ìdy,29037,1665158,,OpaËn˝kesmÏru˙seku,Pomal˝,563692.0,,GN_V0.1UIR-ADR_410,1
180406190032,3,2875.0,2019-01-19,6,1530,2,0,0,2,1,0,502,0,0,0,40,2,5,1,1,1,1,1,1,0,0,0,1,2,0,,17,,XX,,,,,,,0,,,,,,"-685028,154","-980705,358","-685026,53","-980706,402",R·dlo,,,silnice3.t¯Ìdy,2875,884645,,Souhlasn˝sesmÏrem˙seku,Pomal˝,563781.0,,GN_V0.1UIR-ADR_410,1
180406190033,3,2884.0,2019-01-21,1,1920,5,0,0,2,4,0,100,0,0,0,150,2,3,1,1,4,1,1,1,0,0,0,1,1,0,,3,39.0,10,1.0,0.0,1.0,0.0,1.0,1.0,150,2.0,1.0,1.0,"-674283,14","-986050,381","-674277,232","-986041,25","-674277,268","-986041,319",,,,silnice3.t¯Ìdy,2884,3083060,,OpaËn˝kesmÏru˙seku,Pomal˝,563684.0,,GN_V0.1UIR-ADR_410,2
180406190034,1,10.0,2019-01-22,2,1045,1,2,0,2,1,2,502,0,0,0,150,2,3,1,1,1,1,1,1,0,0,0,1,2,0,,8,59.0,07,3.0,0.0,3.0,0.0,1.0,3.0,50,4.0,1.0,1.0,,,"-669251,177","-976948,021","-669251,113","-976949,9",Desn·,Krkonoösk·,,silnice1.t¯Ìdy,10,3310768,,Souhlasn˝sesmÏrem˙seku,Pomal˝,563552.0,723266.0,GN_V0.1UIR-ADR_410,1
180406190035,1,65.0,2019-01-22,2,1755,5,0,0,2,4,0,100,0,0,0,100,2,3,1,1,6,1,1,1,0,0,0,1,1,0,,3,29.0,03,1.0,0.0,1.0,0.0,1.0,1.0,100,2.0,1.0,1.0,,,"-682689,727","-981893,093","-682688,503","-981891,653",,,,silnice1.t¯Ìdy,65,2901095,,OpaËn˝kesmÏru˙seku,Pomal˝,563781.0,,GN_V0.1UIR-ADR_410,2
180406190036,6,,2019-01-23,3,705,3,0,6,2,1,2,504,0,0,0,200,2,5,1,1,4,4,1,1,0,0,9,1,1,0,,7,48.0,13,9.0,0.0,0.0,0.0,1.0,5.0,0,3.0,1.0,1.0,,,"-669670,991","-976902,403","-669670,687","-976904,665",Desn·,Krkonoösk·,,mÌstnÌkomunikace,,1931604,,Souhlasn˝sesmÏrem˙seku,Pomal˝,563552.0,,GN_V0.1UIR-ADR_410,1
180406190037,6,,2019-01-23,3,915,1,3,0,2,1,2,404,0,0,0,1300,2,3,1,1,1,1,1,1,3,3,2,4,2,10,6.0,3,41.0,08,1.0,0.0,1.0,0.0,1.0,5.0,700,2.0,1.0,2.0,,,"-679719,694","-979337,43","-679719,344","-979337,558",JablonecnadNisou,Vysok·,,mÌstnÌkomunikace,,133230,,Souhlasn˝sesmÏrem˙seku,Pomal˝,563510.0,158283.0,GN_V0.1UIR-ADR_410,1
180406190038,3,28717.0,2019-01-23,3,1805,1,3,0,1,1,2,403,0,0,1,3120,2,5,1,6,4,1,1,1,3,3,0,4,2,19,6.0,3,17.0,18,3.0,0.0,1.0,1.0,1.0,41.0,2500,2.0,1.0,1.0,,,"-679921,187","-980198,752","-679920,395","-980198,39",JablonecnadNisou,SNP,,silnice3.t¯Ìdy,28717,135336,,Souhlasn˝sesmÏrem˙seku,Pomal˝,563510.0,157538.0,GN_V0.1UIR-ADR_410,1
180406190039,6,,2019-01-25,5,1450,1,3,0,2,1,0,502,0,0,0,100,2,1,1,1,1,1,1,1,0,0,0,1,2,0,,17,,XX,,,,,,,0,,,,,,"-681147,475","-978384,829","-681147,509","-978384,93",JABLONECNADNISOU,IvanaOlbrachta,,mÌstnÌkomunikace,,1590705,,Souhlasn˝sesmÏrem˙seku,Pomal˝,563510.0,155675.0,GN_V0.1UIR-ADR_410,1
180406190040,8,,2019-01-25,5,1635,2,0,0,2,1,0,502,0,0,0,150,3,1,1,1,4,1,1,2,0,0,0,1,2,0,,17,,XX,,,,,,,0,,,,"-680930,052","-979755,784","-680930,052","-979755,784","-680907,301","-979763,995",JABLONECNADNISOU,KomenskÈho,,mÌstnÌkomunikace,,3597972,,Souhlasn˝sesmÏrem˙seku,Pomal˝,563510.0,156108.0,GN_V0.1UIR-ADR_410,1
180406190041,3,29041.0,2019-01-26,6,110,6,0,0,2,4,0,100,0,0,0,100,2,3,1,5,5,1,1,1,0,0,0,1,1,0,,3,35.0,11,1.0,0.0,1.0,0.0,1.0,1.0,100,3.0,1.0,1.0,,,"-674450,511","-978735,874","-674450,405","-978737,46",SMRéOVKA,⁄dolnÌ,,silnice3.t¯Ìdy,29041,1664768,,Souhlasn˝sesmÏrem˙seku,Pomal˝,563811.0,159433.0,GN_V0.1UIR-ADR_410,1
180406190042,1,14.0,2019-01-26,6,700,1,2,0,2,1,3,204,0,0,0,450,2,8,1,1,4,1,1,1,0,0,0,1,2,0,,3,39.0,01,1.0,1.0,1.0,0.0,1.0,3.0,250,2.0,4.0,1.0,"-681309,553","-979630,72","-681300,417","-979624,808","-681301,2","-979625,741",JablonecnadNisou,Budovatel˘,,silnice1.t¯Ìdy,14,134028,,OpaËn˝kesmÏru˙seku,Pomal˝,563510.0,155373.0,GN_V0.1UIR-ADR_410,1
180406190043,1,10.0,2019-01-26,6,1115,1,4,0,2,1,2,503,0,0,0,150,2,8,1,1,1,1,1,1,3,3,0,7,2,19,6.0,3,39.0,15,1.0,0.0,1.0,0.0,1.0,13.0,50,2.0,1.0,1.0,,,"-670656,312","-979086,45","-670656,474","-979086,355",Tanvald,Krkonoösk·,,silnice1.t¯Ìdy,10,797249,,OpaËn˝kesmÏru˙seku,Pomal˝,563820.0,159662.0,GN_V0.1UIR-ADR_410,1
180406190044,6,,2019-01-26,6,1130,1,1,0,2,1,2,516,0,0,0,250,2,8,1,1,1,1,1,1,0,0,0,1,2,0,,3,39.0,02,1.0,0.0,1.0,0.0,1.0,5.0,50,2.0,1.0,1.0,"-681687,841","-979685,967","-681685,466","-979684,344","-681685,214","-979684,166",JablonecnadNisou,PasÌ¯sk·,,mÌstnÌkomunikace,,134314,,OpaËn˝kesmÏru˙seku,Pomal˝,563510.0,156922.0,GN_V0.1UIR-ADR_410,1
180406190045,1,10.0,2019-01-26,6,1055,1,4,0,2,1,2,204,0,0,0,250,2,8,1,1,1,1,1,1,0,0,0,1,2,0,,3,39.0,02,1.0,0.0,1.0,0.0,1.0,3.0,200,2.0,1.0,1.0,,,"-670050,562","-977195,925","-670049,734","-977196,859",Desn·,Krkonoösk·,,silnice1.t¯Ìdy,10,2901461,,Souhlasn˝sesmÏrem˙seku,Pomal˝,563552.0,723266.0,GN_V0.1UIR-ADR_410,1
180406190046,6,,2019-01-26,6,1710,1,3,0,2,1,2,306,0,0,0,250,2,8,1,1,2,1,1,1,3,3,0,5,2,10,6.0,3,39.0,03,1.0,0.0,1.0,0.0,1.0,5.0,200,2.0,1.0,1.0,"-681430,417","-980955,088","-681442,773","-980965,296","-681443,41","-980965,593",JablonecnadNisou,Vrkoslavick·,,mÌstnÌkomunikace,,136116,,OpaËn˝kesmÏru˙seku,Pomal˝,563510.0,158275.0,GN_V0.1UIR-ADR_410,1
180406190047,6,,2019-01-26,6,1850,1,1,0,2,1,2,516,0,0,0,1100,2,8,1,1,4,1,1,1,3,3,0,4,2,10,6.0,3,4.0,13,3.0,1.0,1.0,0.0,1.0,5.0,600,2.0,1.0,1.0,"-681034,302","-978923,879","-681041,822","-978893,8","-681041,735","-978894,907",JablonecnadNisou,Riegrova,,mÌstnÌkomunikace,,1590775,,OpaËn˝kesmÏru˙seku,Pomal˝,563510.0,157325.0,GN_V0.1UIR-ADR_410,1
180406190048,6,,2019-01-26,6,2260,3,0,2,2,1,0,516,0,0,0,100,2,8,1,1,4,1,1,3,0,0,0,1,1,0,,17,,XX,,,,,,,0,,,,"-681523,258","-972510,056","-681531,852","-972492,868","-681533,032","-972493,616",BEDÿICHOV,,,mÌstnÌkomunikace,,3372064,,OpaËn˝kesmÏru˙seku,Pomal˝,563536.0,,GN_V0.1UIR-ADR_410,1
180406190049,3,29046.0,2019-01-27,0,1325,7,3,0,2,1,2,508,0,0,0,2700,2,8,1,1,1,1,1,0,3,5,3,5,2,19,3.0,3,4.0,18,1.0,0.0,1.0,0.0,1.0,13.0,2500,2.0,1.0,1.0,,,"-670437,179","-977832,904","-670437,167","-977832,924",Tanvald,,,silnice3.t¯Ìdy,29046,1864163,,OpaËn˝kesmÏru˙seku,Pomal˝,563820.0,,GN_V0.1UIR-ADR_410,1
180406190050,6,,2019-01-28,1,1100,4,0,0,1,3,8,100,0,0,1,0,2,3,1,1,1,1,0,1,0,0,0,1,1,0,,3,8.0,10,1.0,0.0,1.0,0.0,1.0,5.0,0,2.0,1.0,1.0,,,"-671100,044","-979569,774","-671099,842","-979570,125",TANVALD,PoötovnÌ,,mÌstnÌkomunikace,,1864076,,Souhlasn˝sesmÏrem˙seku,Pomal˝,563820.0,159867.0,GN_V0.1UIR-ADR_410,1
180406190051,1,14.0,2019-01-28,1,1650,1,3,0,2,1,0,502,0,0,0,1,2,5,1,1,2,1,1,1,3,3,2,4,2,19,3.0,17,,XX,,,,,,,0,,,,,,"-676828,535","-978394,981","-676828,612","-978395,227",LU»ANYNADNISOU,,,silnice1.t¯Ìdy,14,1257028,,OpaËn˝kesmÏru˙seku,Pomal˝,563692.0,,GN_V0.1UIR-ADR_410,1
180406190052,3,29024.0,2019-01-29,2,1410,3,0,9,2,1,4,205,0,0,0,50,2,3,1,1,1,1,1,1,3,3,0,5,1,19,6.0,3,2.0,00,1.0,1.0,1.0,0.0,1.0,12.0,50,7.0,3.0,1.0,,,"-681237,419","-978345,03","-681238,445","-978344,78",JablonecnadNisou,éelivskÈho,,silnice3.t¯Ìdy,29024,130753,,Souhlasn˝sesmÏrem˙seku,Pomal˝,563510.0,158488.0,GN_V0.1UIR-ADR_410,1
180406190053,6,,2019-01-30,3,730,2,0,0,2,1,2,505,0,0,0,100,2,6,1,1,2,1,0,1,0,0,0,1,2,0,,3,39.0,06,1.0,0.0,1.0,0.0,1.0,5.0,50,3.0,1.0,1.0,,,"-679521,778","-978584,481","-679521,769","-978584,499",JablonecnadNisou,Tich·,,mÌstnÌkomunikace,,131317,,Souhlasn˝sesmÏrem˙seku,Pomal˝,563510.0,157759.0,GN_V0.1UIR-ADR_410,1
180406190054,8,,2019-01-30,3,2560,2,0,0,2,1,0,516,0,0,0,50,1,5,1,1,1,1,1,1,0,0,10,1,2,0,,17,,XX,,,,,,,0,,,,"-681388,286","-979074,743","-681385,598","-979066,68","-681384,641","-979066,02",JablonecnadNisou,,,mÌstnÌkomunikace,,759862,,Souhlasn˝sesmÏrem˙seku,Pomal˝,563510.0,,GN_V0.1UIR-ADR_410,1
180406190055,1,65.0,2019-01-31,4,305,5,0,0,2,4,0,100,0,0,0,250,2,3,1,1,6,1,1,1,3,3,0,5,1,19,1.0,3,13.0,15,3.0,0.0,1.0,0.0,1.0,23.0,200,2.0,1.0,1.0,"-685403,934","-983112,961","-685403,934","-983113,498","-685403,888","-983112,385",,,,silnice1.t¯Ìdy,65,1392131,,Souhlasn˝sesmÏrem˙seku,Pomal˝,563781.0,,GN_V0.1UIR-ADR_410,2
180406190056,8,,2019-01-31,4,1000,3,0,2,2,1,0,516,0,0,0,150,2,3,1,1,1,1,0,1,0,0,0,1,1,0,,17,,XX,,,,,,,0,,,,"-681564,458","-980646,024","-681564,458","-980646,024","-681564,697","-980647,048",JablonecnadNisou,,,mÌstnÌkomunikace,,3328245,,Souhlasn˝sesmÏrem˙seku,Pomal˝,563510.0,,GN_V0.1UIR-ADR_410,1
180506190001,1,35.0,2019-01-01,2,905,3,0,4,2,1,2,204,0,0,0,810,2,3,12,3,1,1,3,1,0,0,0,3,1,0,,3,39.0,18,3.0,1.0,1.0,0.0,1.0,3.0,800,2.0,1.0,1.0,,,"-686352,093","-984471,732","-686352,823","-984470,628",,,,silnice1.t¯Ìdy,35,2911645,,Souhlasn˝sesmÏrem˙seku,Pomal˝,564061.0,,GN_V0.1UIR-ADR_410,2
180506190002,1,35.0,2019-01-01,2,1000,3,0,8,2,1,2,508,0,0,0,20,2,3,12,3,1,1,3,1,0,0,0,3,1,0,,3,32.0,02,1.0,0.0,1.0,0.0,1.0,3.0,10,2.0,1.0,1.0,,,"-686351,018","-984472,807","-686352,569","-984470,46",,,,silnice1.t¯Ìdy,35,2911645,,Souhlasn˝sesmÏrem˙seku,Pomal˝,564061.0,,GN_V0.1UIR-ADR_410,2
180506190003,2,278.0,2019-01-02,3,1032,3,0,3,2,1,2,204,0,0,0,450,2,6,12,5,3,1,1,3,0,0,0,2,1,0,,3,13.0,11,1.0,1.0,1.0,0.0,1.0,1.0,400,2.0,1.0,1.0,"-689967,046","-983620,724","-689967,046","-983620,724","-689965,16","-983620,521",,,,silnice2.t¯Ìdy,278,885968,,Souhlasn˝sesmÏrem˙seku,Pomal˝,563901.0,,GN_V0.1UIR-ADR_410,2
180506190004,3,29020.0,2019-01-02,3,1125,3,0,6,1,1,2,510,0,0,1,300,2,6,12,5,1,1,1,3,0,0,0,1,1,0,,8,59.0,04,4.0,0.0,1.0,0.0,1.0,1.0,300,4.0,1.0,1.0,"-684510,711","-973176,727","-684510,711","-973176,727","-684515,424","-973173,105",Liberec,Jizersk·,,silnice3.t¯Ìdy,29020,1390280,,OpaËn˝kesmÏru˙seku,Pomal˝,563889.0,254231.0,GN_V0.1UIR-ADR_410,1
180506190005,6,,2019-01-02,3,1245,1,4,0,2,1,2,508,0,0,0,1800,2,5,12,1,1,1,1,1,3,4,2,5,2,10,6.0,3,39.0,17,1.0,0.0,1.0,0.0,1.0,5.0,1000,2.0,1.0,1.0,"-688348,634","-974573,279","-688348,634","-974573,279","-688349,822","-974572,479",Liberec,Dr.MiladyHor·kovÈ,,mÌstnÌkomunikace,,121704,,Souhlasn˝sesmÏrem˙seku,Pomal˝,563889.0,253316.0,GN_V0.1UIR-ADR_410,1
180506190006,1,35.0,2019-01-02,3,1348,3,0,6,2,1,2,204,0,0,0,805,2,3,12,6,3,1,3,1,0,0,0,3,1,0,,3,47.0,04,1.0,1.0,1.0,0.0,1.0,3.0,800,2.0,1.0,1.0,"-685536,817","-982995,789","-685536,817","-982995,789","-685538,56","-982995,833",,,,silnice1.t¯Ìdy,35,1460402,,Souhlasn˝sesmÏrem˙seku,Pomal˝,530484.0,,GN_V0.1UIR-ADR_410,2
180506190007,6,,2019-01-02,3,1430,3,0,4,2,1,2,204,0,0,0,550,2,5,12,6,3,1,1,1,0,0,0,3,1,0,,3,13.0,10,1.0,1.0,1.0,0.0,1.0,5.0,500,2.0,1.0,1.0,"-702248,522","-961035,008","-702248,522","-961035,008","-702252,254","-961013,027",,,,mÌstnÌkomunikace,,792516,,Souhlasn˝sesmÏrem˙seku,Pomal˝,564095.0,,GN_V0.1UIR-ADR_410,2
180506190008,6,,2019-01-02,3,1230,3,0,9,2,1,2,204,0,0,0,130,2,8,12,1,1,1,1,6,3,5,0,5,1,10,6.0,3,47.0,00,1.0,1.0,1.0,0.0,1.0,5.0,50,2.0,1.0,1.0,"-687905,544","-975478,098","-687905,544","-975475,413","-687905,682","-975475,686",Liberec,HradebnÌ,,mÌstnÌkomunikace,,123787,,OpaËn˝kesmÏru˙seku,Pomal˝,563889.0,256242.0,GN_V0.1UIR-ADR_410,1
180506190009,3,1327.0,2019-01-02,3,1218,3,0,9,2,1,2,204,0,0,0,2720,2,6,12,6,1,1,1,3,0,0,0,1,3,0,,3,39.0,04,1.0,1.0,1.0,0.0,1.0,1.0,600,2.0,1.0,1.0,"-690168,002","-971361,28","-690159,945","-971355,372","-690158,988","-971354,985",Str·ûnadNisou,Kate¯insk·,,silnice3.t¯Ìdy,01327,2912182,,Souhlasn˝sesmÏrem˙seku,Pomal˝,544477.0,261882.0,GN_V0.1UIR-ADR_410,1