IDENTIFIKA»NÕ »ÕSLO,DRUH POZEMNÕ KOMUNIKACE,»ÕSLO POZEMNÕ KOMUNIKACE,"den, mÏsÌc, rok",,Ëas ,DRUH NEHODY,DRUH SR¡éKY JEDOUCÕCH VOZIDEL,DRUH PEVN… PÿEK¡éKY,CHARAKTER NEHODY,ZAVINÃNÕ NEHODY,ALKOHOL U VINÕKA NEHODY PÿÕTOMEN,HLAVNÕ PÿÕ»INY NEHODY,usmrceno osob,tÏûce zranÏno osob,lehce zranÏno osob,CELKOV¡ HMOTN¡ äKODA,DRUH POVRCHU VOZOVKY,STAV POVRCHU VOZOVKY V DOBÃ NEHODY,STAV KOMUNIKACE,POVÃTRNOSTNÕ PODMÕNKY V DOBÃ NEHODY,VIDITELNOST,ROZHLEDOV… POMÃRY,DÃLENÕ KOMUNIKACE,SITUOV¡NÕ NEHODY NA KOMUNIKACI,ÿÕZENÕ PROVOZU V DOBÃ NEHODY,MÕSTNÕ ⁄PRAVA PÿEDNOSTI V JÕZDÃ,SPECIFICK¡ MÕSTA A OBJEKTY V MÕSTÃ NEHODY,SMÃROV… POMÃRY,PO»ET Z⁄»ASTNÃN›CH VOZIDEL,MÕSTO DOPRAVNÕ NEHODY,DRUH KÿIéUJÕCÕ KOMUNIKACE,DRUH VOZIDLA,V›ROBNÕ ZNA»KA MOTOROV…HO VOZIDLA,ROK V›ROBY VOZIDLA,CHARAKTERISTIKA VOZIDLA ,SMYK,VOZIDLO PO NEHODÃ,"⁄NIK PROVOZNÕCH, PÿEPRAVOVAN›CH HMOT",ZPŸSOB VYPROäTÃNÕ OSOB Z VOZIDLA,SMÃR JÕZDY NEBO POSTAVENÕ VOZIDLA,äKODA NA VOZIDLE,KATEGORIE ÿIDI»E,STAV ÿIDI»E,VNÃJäÕ OVLIVNÃNÕ ÿIDI»E,nan.1,nan.2,nan.3,nan.4,nan.5,nan.6,nan.7,nan.8,nan.9,nan.10,nan.11,nan.12,nan.13,nan.14,nan.15,nan.16,nan.17,nan.18,LOKALITA NEHODY
180506190010,1,13.0,2019-01-02,3,1445,2,0,0,1,1,2,511,0,0,1,4000,2,5,12,5,3,1,3,1,0,0,0,3,2,0,,3,4.0,11,3.0,1.0,1.0,0.0,1.0,1.0,3000,3.0,1.0,1.0,"-699161,141","-968051,017","-699161,141","-968051,017","-699156,26","-968053,832",,,,silnice1.t¯Ìdy,13,1461646,,Souhlasn˝sesmÏrem˙seku,Pomal˝,563919.0,,GN_V0.1UIR-ADR_410,2
180506190011,6,,2019-01-02,3,1230,2,0,0,2,1,0,516,0,0,0,200,5,8,12,5,3,1,1,0,0,0,10,2,2,0,,3,44.0,09,1.0,0.0,1.0,0.0,1.0,5.0,100,2.0,1.0,1.0,"-688473,689","-975101,619","-688473,689","-975101,619","-688467,755","-975099,367",Liberec,äumavsk·,,mÌstnÌkomunikace,,123147,,Souhlasn˝sesmÏrem˙seku,Pomal˝,563889.0,253600.0,GN_V0.1UIR-ADR_410,1
180506190012,6,,2019-01-02,3,1927,0,0,0,2,6,0,100,0,0,0,200,2,5,6,6,5,1,1,1,0,0,2,1,1,0,,3,26.0,16,2.0,0.0,1.0,0.0,1.0,5.0,200,2.0,1.0,1.0,"-689940,893","-976785,297","-689940,893","-976785,297","-689933,365","-976785,917",Liberec,Pr˘myslov·,,mÌstnÌkomunikace,,1384298,,Souhlasn˝sesmÏrem˙seku,Pomal˝,563889.0,736708.0,GN_V0.1UIR-ADR_410,1
180506190013,6,,2019-01-02,3,2100,0,0,0,2,5,0,100,0,0,0,1000,2,5,12,3,4,1,1,1,0,0,0,1,2,0,,3,26.0,12,3.0,0.0,1.0,0.0,1.0,5.0,800,3.0,1.0,1.0,"-689804,932","-974340,524","-689804,932","-974340,524","-689801,242","-974339,345",Liberec,M·nesova,,mÌstnÌkomunikace,,121303,,Souhlasn˝sesmÏrem˙seku,Pomal˝,563889.0,258181.0,GN_V0.1UIR-ADR_410,1
180506190014,1,13.0,2019-01-02,3,2135,3,0,4,2,1,2,511,0,0,0,350,2,5,12,1,6,1,1,8,0,0,0,3,1,0,,3,39.0,00,1.0,1.0,1.0,0.0,1.0,1.0,300,2.0,1.0,1.0,"-702423,432","-969012,691","-702423,432","-969012,691","-702419,793","-968995,494",,,,silnice1.t¯Ìdy,13,2304208,,OpaËn˝kesmÏru˙seku,Pomal˝,564397.0,,GN_V0.1UIR-ADR_410,2
180506190015,2,278.0,2019-01-02,3,2112,5,0,0,2,4,0,100,0,0,0,100,2,5,12,1,6,1,1,1,0,0,0,1,1,0,,3,4.0,11,1.0,0.0,1.0,0.0,1.0,1.0,100,2.0,1.0,1.0,"-690492,822","-983207,658","-690492,822","-983207,658","-690489,743","-983198,575",,,,silnice2.t¯Ìdy,278,885480,,Souhlasn˝sesmÏrem˙seku,Pomal˝,563901.0,,GN_V0.1UIR-ADR_410,2
180506190016,6,,2019-01-02,3,1945,3,0,9,2,1,2,204,0,0,0,800,2,5,12,1,4,1,1,8,3,5,0,5,2,10,6.0,3,39.0,02,1.0,1.0,1.0,0.0,1.0,5.0,400,2.0,1.0,1.0,"-684093,61","-957075,924","-684093,61","-957075,924","-684098,328","-957065,206",Fr˝dlant,Husova,,mÌstnÌkomunikace,,2571131,,Souhlasn˝sesmÏrem˙seku,Pomal˝,564028.0,250155.0,GN_V0.1UIR-ADR_410,1
180506190017,3,27243.0,2019-01-03,4,815,3,0,9,2,1,2,504,0,0,0,160,2,8,12,5,3,1,1,8,0,0,0,3,1,0,,7,40.0,13,9.0,0.0,1.0,0.0,1.0,1.0,50,3.0,1.0,1.0,"-701587,416","-969782,428","-701579,359","-969779,742","-701579,141","-969779,68",Rynoltice,,,silnice3.t¯Ìdy,27243,2304005,,OpaËn˝kesmÏru˙seku,Pomal˝,564397.0,,GN_V0.1UIR-ADR_410,1
180506190018,6,,2019-01-03,4,925,1,4,0,2,1,2,503,0,0,0,1400,2,6,12,5,3,1,1,1,0,0,1,1,2,0,,3,35.0,15,3.0,1.0,1.0,1.0,1.0,5.0,800,2.0,1.0,1.0,"-687764,307","-975803,456","-687764,307","-975803,456","-687764,213","-975804,082",Liberec,Dobi·öova,,mÌstnÌkomunikace,,1590129,,Souhlasn˝sesmÏrem˙seku,Pomal˝,563889.0,254215.0,GN_V0.1UIR-ADR_410,1
180506190019,8,,2019-01-02,3,1560,2,0,0,2,1,0,511,0,0,0,50,1,8,12,5,3,1,0,0,0,0,0,1,2,0,,17,,XX,,,,,,,0,,,,"-684145,259","-957477,157","-684144,185","-957478,232","-684141,635","-957484,637",Fr˝dlant,Hejnick·,,mÌstnÌkomunikace,,791997,,Souhlasn˝sesmÏrem˙seku,Pomal˝,564028.0,,GN_V0.1UIR-ADR_410,1
180506190020,2,290.0,2019-01-03,4,1415,1,2,0,2,1,2,204,0,0,0,2000,2,5,12,6,1,1,1,1,0,0,0,3,2,0,,3,35.0,15,9.0,1.0,1.0,0.0,1.0,1.0,1000,2.0,1.0,1.0,"-678178,8","-962360,406","-678176,651","-962352,886","-678176,917","-962353,572",Raspenava,Hejnick·,,silnice2.t¯Ìdy,290,750460,,Souhlasn˝sesmÏrem˙seku,Pomal˝,564371.0,261572.0,GN_V0.1UIR-ADR_410,1
180506190021,1,13.0,2019-01-03,4,1400,3,0,3,2,1,2,205,0,0,0,1050,2,5,12,5,3,1,1,1,0,0,0,2,1,0,,3,39.0,13,3.0,1.0,1.0,0.0,1.0,1.0,800,2.0,1.0,1.0,"-696090,686","-967230,457","-696090,686","-967230,457","-696082,75","-967211,289",,,,silnice1.t¯Ìdy,13,3069476,,Souhlasn˝sesmÏrem˙seku,Pomal˝,563919.0,,GN_V0.1UIR-ADR_410,2
180506190022,6,,2019-01-03,4,1515,3,0,3,2,1,2,204,0,0,0,600,2,8,12,1,1,1,1,8,0,0,3,3,1,0,,3,39.0,00,1.0,1.0,1.0,0.0,1.0,5.0,100,2.0,1.0,1.0,"-687098,459","-950716,627","-687101,145","-950715,553","-687103,001","-950714,464",,,,mÌstnÌkomunikace,,878883,,Souhlasn˝sesmÏrem˙seku,Pomal˝,564494.0,,GN_V0.1UIR-ADR_410,2
180506190023,6,,2019-01-03,4,1305,0,0,0,2,6,0,100,0,0,0,100,2,3,6,1,1,1,1,1,0,0,0,1,1,0,,3,39.0,18,3.0,0.0,1.0,0.0,1.0,5.0,100,4.0,1.0,1.0,"-687196,469","-973312,879","-687196,469","-973312,879","-687197,768","-973313,326",Liberec,VÌtÏzn·,,mÌstnÌkomunikace,,119355,,Souhlasn˝sesmÏrem˙seku,Pomal˝,563889.0,253243.0,GN_V0.1UIR-ADR_410,1
180506190024,6,,2019-01-03,4,1850,0,0,0,2,1,0,516,0,0,0,1,2,6,12,1,4,1,1,1,3,5,0,4,1,10,6.0,17,,XX,,,,,,,0,,,,"-684422,812","-956399,182","-684422,812","-956399,182","-684433,583","-956400,935",Fr˝dlant,NaStr·ni,,mÌstnÌkomunikace,,791535,,OpaËn˝kesmÏru˙seku,Pomal˝,564028.0,249939.0,GN_V0.1UIR-ADR_410,1
180506190025,6,,2019-01-03,4,2200,3,0,9,2,1,2,204,0,0,0,1110,2,6,12,1,4,1,1,3,0,0,0,3,1,0,,5,26.0,09,3.0,1.0,1.0,0.0,1.0,5.0,300,3.0,1.0,1.0,"-687008,023","-972028,877","-687008,023","-972028,877","-687005,831","-972029,711",Liberec,Michelsk˝vrch,,mÌstnÌkomunikace,,117185,,OpaËn˝kesmÏru˙seku,Pomal˝,563889.0,257109.0,GN_V0.1UIR-ADR_410,1
180506190026,2,277.0,2019-01-04,5,1250,3,0,2,2,1,2,204,0,0,0,650,2,5,12,1,1,1,1,8,0,0,0,3,1,0,,3,38.0,05,1.0,1.0,1.0,0.0,1.0,1.0,600,2.0,1.0,1.0,"-694236,65","-986409,487","-694236,65","-986409,487","-694228,823","-986402,24",»esk˝Dub,Husova,,silnice2.t¯Ìdy,277,3083836,,OpaËn˝kesmÏru˙seku,Pomal˝,563960.0,249149.0,GN_V0.1UIR-ADR_410,1
180506190027,3,2791.0,2019-01-04,5,1450,3,0,2,2,1,2,204,0,0,0,760,2,3,12,3,1,1,1,8,0,0,0,2,1,0,,5,13.0,08,1.0,1.0,1.0,0.0,1.0,1.0,700,2.0,1.0,1.0,"-686840,564","-990452,84","-686840,564","-990452,84","-686835,73","-990441,243",,,,silnice3.t¯Ìdy,2791,3083530,,Souhlasn˝sesmÏrem˙seku,Pomal˝,545953.0,,GN_V0.1UIR-ADR_410,2
180506190028,2,290.0,2019-01-04,5,1800,1,1,0,2,1,2,204,0,0,0,800,2,8,12,5,5,1,1,1,0,0,0,3,2,0,,3,4.0,95,1.0,1.0,1.0,0.0,1.0,1.0,300,3.0,1.0,1.0,"-677530,61","-963176,627","-677530,61","-963176,627","-677538,841","-963151,275",Hejnice,P.BezruËe,,silnice2.t¯Ìdy,290,2571281,,Souhlasn˝sesmÏrem˙seku,Pomal˝,564044.0,250546.0,GN_V0.1UIR-ADR_410,1
180506190029,6,,2019-01-04,5,2560,2,0,0,2,1,0,516,0,0,0,300,2,3,12,1,1,1,1,1,0,0,0,1,2,0,,17,,XX,,,,,,,0,,,,"-687622,371","-973734,745","-687625,594","-973729,91","-687625,588","-973729,926",Liberec,Husova,,mÌstnÌkomunikace,,120140,,Souhlasn˝sesmÏrem˙seku,Pomal˝,563889.0,253006.0,GN_V0.1UIR-ADR_410,1
180506190030,1,35.0,2019-01-05,6,700,3,0,4,2,1,2,204,0,0,0,560,2,3,12,3,6,1,3,8,0,0,0,3,1,0,,3,35.0,07,1.0,1.0,1.0,0.0,1.0,1.0,500,2.0,1.0,1.0,"-686206,969","-989395,733","-686206,969","-989395,733","-686201,574","-989397,737",,,,silnice1.t¯Ìdy,35,1730153,,Souhlasn˝sesmÏrem˙seku,Pomal˝,544604.0,,GN_V0.1UIR-ADR_410,2
180506190031,8,,2019-01-05,6,2560,2,0,0,2,1,0,516,0,0,0,200,1,6,12,3,3,1,0,0,0,0,10,1,2,0,,17,,XX,,,,,,,0,,,,"-687462,64","-973759,247","-687462,64","-973759,247","-687453,844","-973777,355",Liberec,Husova,,mÌstnÌkomunikace,,1870504,,,Pomal˝,563889.0,253006.0,GN_V0.1UIR-ADR_410,1
180506190032,1,35.0,2019-01-05,6,2000,3,0,4,2,1,2,204,0,0,0,950,1,3,12,4,7,1,3,1,0,0,0,1,1,0,,3,2.0,98,9.0,1.0,1.0,0.0,1.0,3.0,800,2.0,1.0,1.0,"-692095,043","-969980,041","-692095,043","-969980,041","-692091,388","-969975,351",,,,silnice1.t¯Ìdy,35,1589127,,Souhlasn˝sesmÏrem˙seku,Pomal˝,563889.0,255211.0,GN_V0.1UIR-ADR_410,2
180506190033,2,278.0,2019-01-05,6,2040,5,0,0,2,4,0,100,0,0,0,800,2,3,12,3,7,1,1,1,0,0,0,1,1,0,,3,39.0,16,1.0,0.0,1.0,0.0,1.0,1.0,800,2.0,1.0,1.0,"-693312,318","-984825,573","-693312,318","-984825,573","-693302,333","-984826,116",,,,silnice2.t¯Ìdy,278,793730,,OpaËn˝kesmÏru˙seku,Pomal˝,563960.0,249271.0,GN_V0.1UIR-ADR_410,2
180506190034,3,2784.0,2019-01-06,0,1430,1,2,0,2,1,0,516,0,0,0,200,2,3,12,1,1,1,1,1,3,3,0,7,2,11,6.0,17,,XX,,,,,,,0,,,,"-689765,127","-976453,392","-689811,86","-976395,917","-689811,833","-976395,874",Liberec,»eskÈml·deûe,,silnice3.t¯Ìdy,2784,746981,,Souhlasn˝sesmÏrem˙seku,Pomal˝,563889.0,257249.0,GN_V0.1UIR-ADR_410,1
180506190035,8,,2019-01-06,0,2560,2,0,0,2,1,0,516,0,0,0,150,1,3,12,1,1,1,0,0,0,0,10,1,2,0,,17,,XX,,,,,,,0,,,,"-686900,17","-975973,126","-686900,17","-975973,126","-686911,228","-975979,157",Liberec,Senior˘,,mÌstnÌkomunikace,,3320780,,Souhlasn˝sesmÏrem˙seku,Pomal˝,563889.0,700177.0,GN_V0.1UIR-ADR_410,1
180506190036,2,278.0,2019-01-07,1,1750,1,2,0,2,1,0,502,0,0,0,200,2,5,12,6,6,1,1,1,0,0,0,3,2,0,,17,,XX,,,,,,,0,,,,"-696398,073","-982796,632","-696398,073","-982796,632","-696402,331","-982779,069",,,,silnice2.t¯Ìdy,278,2303500,,OpaËn˝kesmÏru˙seku,Pomal˝,564290.0,,GN_V0.1UIR-ADR_410,2
180506190037,2,278.0,2019-01-08,2,520,9,0,0,1,1,2,204,0,0,1,520,2,5,12,6,7,1,1,8,0,0,0,3,1,0,,3,8.0,08,3.0,1.0,1.0,0.0,1.0,1.0,500,2.0,1.0,1.0,"-687934,011","-984357,944","-687934,011","-984357,944","-687928,649","-984354,135",,,,silnice2.t¯Ìdy,278,3083511,,Souhlasn˝sesmÏrem˙seku,Pomal˝,564061.0,,GN_V0.1UIR-ADR_410,2
180506190038,1,35.0,2019-01-08,2,940,3,0,4,2,1,2,204,0,0,0,450,2,8,12,1,1,1,3,3,0,0,0,3,1,0,,3,39.0,09,1.0,1.0,1.0,0.0,1.0,1.0,350,2.0,1.0,1.0,"-686200,101","-984307,113","-686200,101","-984307,113","-686200,921","-984306,702",,,,silnice1.t¯Ìdy,35,2911645,,Souhlasn˝sesmÏrem˙seku,Pomal˝,564061.0,,GN_V0.1UIR-ADR_410,2
180506190039,6,,2019-01-07,1,1850,0,0,0,2,6,0,100,0,0,0,200,2,3,6,1,4,1,1,1,0,0,0,1,1,0,,3,26.0,18,1.0,0.0,1.0,0.0,1.0,5.0,200,2.0,1.0,1.0,"-688496,694","-976215,844","-688496,694","-976215,844","-688500,374","-976215,065",Liberec,Doubsk·,,mÌstnÌkomunikace,,125664,,Souhlasn˝sesmÏrem˙seku,Pomal˝,563889.0,255815.0,GN_V0.1UIR-ADR_410,1
180506190040,1,35.0,2019-01-08,2,1420,1,2,0,2,1,0,411,0,0,0,700,2,3,12,4,3,1,3,1,0,0,0,1,2,0,,17,,XX,,,,,,,0,,,,,,"-689480,96","-972750,766","-689479,764","-972750,103",,,,silnice1.t¯Ìdy,35,1556228,,Souhlasn˝sesmÏrem˙seku,Pomal˝,563889.0,255769.0,GN_V0.1UIR-ADR_410,2
180506190041,6,,2019-01-09,3,559,5,0,0,2,4,0,100,0,0,0,310,2,6,12,5,7,1,1,1,0,0,0,1,1,0,,3,39.0,13,1.0,0.0,1.0,0.0,1.0,5.0,300,3.0,1.0,1.0,"-692317,581","-986418,57","-692317,581","-986418,57","-692322,929","-986412,812",,,,mÌstnÌkomunikace,,1789715,,Souhlasn˝sesmÏrem˙seku,Pomal˝,563901.0,,GN_V0.1UIR-ADR_410,2
180506190042,6,,2019-01-09,3,645,3,0,4,2,1,2,505,0,0,0,600,2,6,12,5,7,0,0,4,0,0,0,1,1,0,,3,39.0,05,1.0,0.0,1.0,0.0,1.0,5.0,500,3.0,1.0,1.0,"-694932,892","-967508,631","-694932,892","-967508,631","-694931,545","-967501,353",,,,mÌstnÌkomunikace,,1330827,,,Pomal˝,564117.0,,GN_V0.1UIR-ADR_410,2
180506190043,6,,2019-01-09,3,830,1,3,0,2,1,0,404,0,0,0,100,2,8,12,5,3,1,1,1,0,0,0,1,2,0,,17,,XX,,,,,,,0,,,,"-687888,036","-975409,591","-687888,036","-975409,591","-687887,016","-975409,686",Liberec,DÏlnick·,,mÌstnÌkomunikace,,123637,,OpaËn˝kesmÏru˙seku,Pomal˝,563889.0,255670.0,GN_V0.1UIR-ADR_410,1
180506190044,1,35.0,2019-01-09,3,1010,9,0,0,2,1,2,204,0,0,0,300,2,8,12,5,3,1,3,8,0,0,0,2,1,0,,3,12.0,06,1.0,1.0,1.0,0.0,1.0,3.0,300,2.0,1.0,1.0,"-687175,362","-980375,118","-687175,362","-980375,118","-687177,456","-980377,093",,,,silnice1.t¯Ìdy,35,3069408,,Souhlasn˝sesmÏrem˙seku,Pomal˝,530468.0,,GN_V0.1UIR-ADR_410,2
180506190045,8,,2019-01-09,3,1360,3,0,2,2,1,0,516,0,0,0,200,1,6,12,5,2,1,0,0,0,0,8,1,1,0,,17,,XX,,,,,,,0,,,,"-693917,843","-967969,852","-693917,843","-967969,852","-693920,532","-967959,03",Chrastava,N·draûnÌ,,mÌstnÌkomunikace,,3443843,,OpaËn˝kesmÏru˙seku,Pomal˝,564117.0,,GN_V0.1UIR-ADR_410,1
180506190046,6,,2019-01-09,3,1445,8,2,0,2,1,2,502,0,0,0,310,2,5,12,5,3,3,1,1,3,5,0,3,2,0,,10,0.0,,5.0,0.0,1.0,0.0,1.0,5.0,10,8.0,1.0,1.0,"-688613,822","-974516,196","-688638,531","-974474,835","-688638,446","-974474,929",Liberec,Tatransk·,,mÌstnÌkomunikace,,121801,,,Pomal˝,563889.0,253332.0,GN_V0.1UIR-ADR_410,1
180506190047,6,,2019-01-09,3,1645,3,0,3,2,1,2,516,0,0,0,5,2,5,12,5,2,1,1,1,0,0,0,3,1,0,,10,0.0,,5.0,0.0,1.0,0.0,1.0,5.0,0,8.0,1.0,1.0,"-688613,822","-974516,196","-688613,822","-974516,196","-688605,268","-974507,611",Liberec,MrötÌkova,,mÌstnÌkomunikace,,121722,,Souhlasn˝sesmÏrem˙seku,Pomal˝,563889.0,252441.0,GN_V0.1UIR-ADR_410,1
180506190048,3,29021.0,2019-01-09,3,2010,0,0,0,2,0,0,100,0,0,0,500,2,5,12,5,5,3,1,1,0,0,0,3,1,0,,3,39.0,12,1.0,0.0,1.0,0.0,1.0,1.0,500,2.0,1.0,1.0,"-688384,745","-971400,143","-688384,745","-971400,143","-688393,198","-971392,853",Liberec,Kate¯insk·,,silnice3.t¯Ìdy,29021,1590585,,Souhlasn˝sesmÏrem˙seku,Pomal˝,563889.0,256617.0,GN_V0.1UIR-ADR_410,1
180506190049,1,35.0,2019-01-10,4,729,3,0,4,2,1,2,204,0,0,0,800,2,5,12,5,2,1,3,3,0,0,0,3,1,0,,3,39.0,16,3.0,0.0,1.0,0.0,1.0,3.0,800,2.0,1.0,1.0,"-691245,284","-970904,053","-691231,854","-970888,474","-691231,745","-970888,387",,,,silnice1.t¯Ìdy,35,1398456,,Souhlasn˝sesmÏrem˙seku,Pomal˝,544477.0,261891.0,GN_V0.1UIR-ADR_410,2
180506190050,1,35.0,2019-01-10,4,755,0,0,0,2,6,0,100,0,0,0,500,2,3,6,5,2,1,3,1,0,0,0,1,1,0,,3,4.0,17,1.0,0.0,1.0,0.0,1.0,1.0,500,2.0,1.0,1.0,"-694665,045","-967569,345","-694653,765","-967550,545","-694653,757","-967550,517",,,,silnice1.t¯Ìdy,35,1870182,,Souhlasn˝sesmÏrem˙seku,Pomal˝,564117.0,,GN_V0.1UIR-ADR_410,2
180506190051,6,,2019-01-10,4,800,3,0,9,2,1,2,204,0,0,0,900,2,6,12,5,3,1,1,1,0,0,0,3,1,0,,3,47.0,08,1.0,0.0,1.0,0.0,1.0,5.0,800,2.0,1.0,1.0,"-704791,598","-968627,145","-704791,598","-968627,145","-704782,9","-968624,053",,,,mÌstnÌkomunikace,,2904674,,Souhlasn˝sesmÏrem˙seku,Pomal˝,564397.0,,GN_V0.1UIR-ADR_410,2
180506190052,2,278.0,2019-01-10,4,710,3,0,1,1,1,2,204,0,0,1,420,2,5,12,5,7,1,1,8,0,0,0,3,1,0,,3,39.0,11,1.0,0.0,1.0,0.0,1.0,1.0,400,2.0,1.0,1.0,"-688723,305","-984088,129","-688714,71","-984058,587","-688714,596","-984059,756",,,,silnice2.t¯Ìdy,278,886001,,OpaËn˝kesmÏru˙seku,Pomal˝,563901.0,,GN_V0.1UIR-ADR_410,2
180506190053,3,2719.0,2019-01-10,4,2560,2,0,0,2,1,0,516,0,0,0,200,2,3,12,1,1,1,1,2,0,0,0,1,2,0,,17,,XX,,,,,,,0,,,,"-701446,773","-962077,6","-701446,773","-962077,6","-701453,061","-962073,676",Hr·deknadNisou,Old¯ichovsk·,,silnice3.t¯Ìdy,2719,2907254,,Souhlasn˝sesmÏrem˙seku,Pomal˝,564095.0,251194.0,GN_V0.1UIR-ADR_410,1
180506190054,8,,2019-01-09,3,2560,3,0,2,2,1,0,516,0,0,0,200,2,5,12,1,1,1,0,8,0,0,0,1,1,0,,17,,XX,,,,,,,0,,,,"-693250,25","-968932,473","-693250,25","-968932,473","-693257,459","-968934,338",,,,mÌstnÌkomunikace,,2569903,,Souhlasn˝sesmÏrem˙seku,Pomal˝,564117.0,,GN_V0.1UIR-ADR_410,2
180506190055,6,,2019-01-10,4,1500,3,0,9,2,1,0,516,0,0,0,50,2,3,12,1,1,1,1,3,3,3,0,5,1,10,6.0,17,,XX,,,,,,,0,,,,"-701684,19","-962943,024","-701672,373","-962912,407","-701674,355","-962912,004",Hr·deknadNisou,1.m·je,,mÌstnÌkomunikace,,792823,,Souhlasn˝sesmÏrem˙seku,Pomal˝,564095.0,250945.0,GN_V0.1UIR-ADR_410,1
180506190056,8,,2019-01-09,3,2560,2,0,0,2,1,0,516,0,0,0,100,1,6,12,1,2,1,0,0,0,0,0,1,2,0,,17,,XX,,,,,,,0,,,,"-687639,048","-976125,404","-687639,048","-976125,404","-687644,582","-976097,241",Liberec,N·dvornÌ,,mÌstnÌkomunikace,,1666249,,Souhlasn˝sesmÏrem˙seku,Pomal˝,563889.0,255238.0,GN_V0.1UIR-ADR_410,1
180506190057,6,,2019-01-10,4,1960,2,0,0,2,1,0,516,0,0,0,900,2,6,12,1,4,1,1,1,3,3,10,5,3,10,6.0,17,,XX,,,,,,,0,,,,"-686982,738","-973769,23","-686982,738","-973769,23","-686993,267","-973753,914",Liberec,FuËÌkova,,mÌstnÌkomunikace,,120290,,Souhlasn˝sesmÏrem˙seku,Pomal˝,563889.0,253634.0,GN_V0.1UIR-ADR_410,1
180506190058,2,278.0,2019-01-11,5,1045,9,0,0,1,1,2,204,0,0,1,100,2,3,12,1,1,1,1,8,0,0,0,2,1,0,,3,39.0,98,1.0,1.0,1.0,0.0,1.0,3.0,100,2.0,1.0,1.0,"-687925,921","-984368,74","-687925,921","-984368,74","-687920,839","-984365,13",,,,silnice2.t¯Ìdy,278,3083511,,Souhlasn˝sesmÏrem˙seku,Pomal˝,564061.0,250635.0,GN_V0.1UIR-ADR_410,2
180506190059,6,,2019-01-11,5,1355,2,0,0,2,1,0,516,0,0,0,50,2,5,12,5,3,1,1,1,0,0,0,3,2,0,,17,,XX,,,,,,,0,,,,"-690276,437","-974631,157","-690276,437","-974631,157","-690277,131","-974620,217",Liberec,ävermova,,mÌstnÌkomunikace,,121809,,OpaËn˝kesmÏru˙seku,Pomal˝,563889.0,256587.0,GN_V0.1UIR-ADR_410,1
180506190060,2,592.0,2019-01-11,5,1710,3,0,4,2,1,2,504,0,0,0,350,2,5,12,5,7,1,1,3,0,0,0,1,1,0,,5,40.0,16,11.0,0.0,1.0,0.0,1.0,1.0,350,3.0,1.0,1.0,"-692314,886","-966598,386","-692314,886","-966598,386","-692316,428","-966600,721",,,,silnice2.t¯Ìdy,592,3083704,,OpaËn˝kesmÏru˙seku,Pomal˝,564117.0,251526.0,GN_V0.1UIR-ADR_410,2
180506190061,6,,2019-01-12,6,450,3,0,9,2,1,2,508,0,0,0,180,2,3,12,1,4,1,1,1,0,0,0,1,1,0,,3,32.0,07,1.0,0.0,1.0,0.0,1.0,5.0,150,2.0,1.0,1.0,"-686951,281","-974337,243","-686951,281","-974337,243","-686948,311","-974320,421",Liberec,Dvorsk·,,mÌstnÌkomunikace,,121248,,Souhlasn˝sesmÏrem˙seku,Pomal˝,563889.0,254304.0,GN_V0.1UIR-ADR_410,1
180506190062,1,35.0,2019-01-12,6,1420,0,0,0,2,6,0,100,0,0,0,100,2,3,6,3,3,3,3,1,0,0,0,3,1,0,,3,39.0,19,3.0,0.0,1.0,0.0,1.0,3.0,100,2.0,1.0,1.0,"-688672,265","-974846,778","-688698,047","-974808,642","-688696,974","-974808,239",,,,silnice1.t¯Ìdy,35,3078931,,Souhlasn˝sesmÏrem˙seku,Pomal˝,563889.0,252930.0,GN_V0.1UIR-ADR_410,2
180506190063,3,3510.0,2019-01-12,6,2130,5,0,0,2,4,0,100,0,0,0,400,2,8,12,1,6,1,1,1,0,0,0,3,1,0,,3,31.0,06,1.0,0.0,1.0,0.0,1.0,1.0,400,2.0,1.0,1.0,"-685870,686","-954900,463","-685863,166","-954883,275","-685862,988","-954883,246",,,,silnice3.t¯Ìdy,03510,2302800,,OpaËn˝kesmÏru˙seku,Pomal˝,564028.0,249530.0,GN_V0.1UIR-ADR_410,2