IDENTIFIKA»NÕ »ÕSLO,DRUH POZEMNÕ KOMUNIKACE,»ÕSLO POZEMNÕ KOMUNIKACE,"den, mÏsÌc, rok",,Ëas ,DRUH NEHODY,DRUH SR¡éKY JEDOUCÕCH VOZIDEL,DRUH PEVN… PÿEK¡éKY,CHARAKTER NEHODY,ZAVINÃNÕ NEHODY,ALKOHOL U VINÕKA NEHODY PÿÕTOMEN,HLAVNÕ PÿÕ»INY NEHODY,usmrceno osob,tÏûce zranÏno osob,lehce zranÏno osob,CELKOV¡ HMOTN¡ äKODA,DRUH POVRCHU VOZOVKY,STAV POVRCHU VOZOVKY V DOBÃ NEHODY,STAV KOMUNIKACE,POVÃTRNOSTNÕ PODMÕNKY V DOBÃ NEHODY,VIDITELNOST,ROZHLEDOV… POMÃRY,DÃLENÕ KOMUNIKACE,SITUOV¡NÕ NEHODY NA KOMUNIKACI,ÿÕZENÕ PROVOZU V DOBÃ NEHODY,MÕSTNÕ ⁄PRAVA PÿEDNOSTI V JÕZDÃ,SPECIFICK¡ MÕSTA A OBJEKTY V MÕSTÃ NEHODY,SMÃROV… POMÃRY,PO»ET Z⁄»ASTNÃN›CH VOZIDEL,MÕSTO DOPRAVNÕ NEHODY,DRUH KÿIéUJÕCÕ KOMUNIKACE,DRUH VOZIDLA,V›ROBNÕ ZNA»KA MOTOROV…HO VOZIDLA,ROK V›ROBY VOZIDLA,CHARAKTERISTIKA VOZIDLA ,SMYK,VOZIDLO PO NEHODÃ,"⁄NIK PROVOZNÕCH, PÿEPRAVOVAN›CH HMOT",ZPŸSOB VYPROäTÃNÕ OSOB Z VOZIDLA,SMÃR JÕZDY NEBO POSTAVENÕ VOZIDLA,äKODA NA VOZIDLE,KATEGORIE ÿIDI»E,STAV ÿIDI»E,VNÃJäÕ OVLIVNÃNÕ ÿIDI»E,nan.1,nan.2,nan.3,nan.4,nan.5,nan.6,nan.7,nan.8,nan.9,nan.10,nan.11,nan.12,nan.13,nan.14,nan.15,nan.16,nan.17,nan.18,LOKALITA NEHODY
180506190064,1,35.0,2019-01-13,0,250,0,0,0,2,6,0,100,0,0,0,100,2,3,6,1,4,1,3,1,0,0,0,3,1,0,,3,39.0,09,1.0,0.0,1.0,0.0,1.0,3.0,100,2.0,1.0,1.0,"-688695,857","-974814,015","-688695,857","-974814,015","-688694,936","-974813,67",,,,silnice1.t¯Ìdy,35,3078931,,Souhlasn˝sesmÏrem˙seku,Pomal˝,563889.0,252930.0,GN_V0.1UIR-ADR_410,2
180506190065,6,,2019-01-14,1,910,3,0,9,2,1,2,204,0,0,0,920,2,3,12,1,1,1,1,3,0,0,0,3,1,0,,3,2.0,13,1.0,1.0,1.0,0.0,1.0,5.0,600,2.0,1.0,1.0,"-690551,554","-971234,368","-690551,554","-971234,368","-690536,155","-971226,621",Str·ûnadNisou,Sv·rovsk·,,mÌstnÌkomunikace,,1301107,,Souhlasn˝sesmÏrem˙seku,Pomal˝,544477.0,,GN_V0.1UIR-ADR_410,1
180506190066,1,13.0,2019-01-13,0,918,2,0,0,2,1,2,509,0,0,0,50,2,3,12,1,1,0,1,1,0,0,0,1,2,0,,3,17.0,07,1.0,0.0,1.0,0.0,1.0,1.0,0,2.0,1.0,1.0,"-688870,711","-968260,471","-688870,711","-968260,471","-688875,647","-968254,688",,,,silnice1.t¯Ìdy,13,3079789,,Souhlasn˝sesmÏrem˙seku,Pomal˝,563889.0,,GN_V0.1UIR-ADR_410,2
180506190067,3,2791.0,2019-01-13,0,1105,3,0,1,2,1,2,204,0,0,0,1010,2,5,12,1,1,1,1,8,0,0,0,2,1,0,,3,47.0,13,3.0,1.0,1.0,0.0,1.0,1.0,1000,2.0,1.0,1.0,"-689640,423","-989336,585","-689640,423","-989336,585","-689641,774","-989335,918",,,,silnice3.t¯Ìdy,2791,888790,,Souhlasn˝sesmÏrem˙seku,Pomal˝,564516.0,,GN_V0.1UIR-ADR_410,2
180506190068,6,,2019-01-13,0,1300,4,0,0,1,1,0,516,0,0,1,0,2,3,12,3,1,1,1,1,0,0,0,1,1,0,,17,,XX,,,,,,,0,,,,"-689187,505","-974512,134","-689187,505","-974512,134","-689175,469","-974511,287",Liberec,Hanychovsk·,,mÌstnÌkomunikace,,121661,,OpaËn˝kesmÏru˙seku,Pomal˝,563889.0,252565.0,GN_V0.1UIR-ADR_410,1
180506190069,1,13.0,2019-01-13,0,1930,3,0,3,1,1,2,204,0,0,1,110,2,3,12,4,7,0,1,8,3,3,0,7,1,19,6.0,3,12.0,00,9.0,1.0,1.0,0.0,1.0,13.0,100,2.0,1.0,1.0,"-688833,588","-968238,799","-688833,588","-968238,799","-688843,473","-968227,221",,,,silnice1.t¯Ìdy,13,3078256,,Souhlasn˝sesmÏrem˙seku,Pomal˝,563889.0,,GN_V0.1UIR-ADR_410,2
180506190070,1,13.0,2019-01-14,1,650,5,0,0,2,4,0,100,0,0,0,2810,2,3,12,3,6,1,2,1,0,0,0,2,2,0,,3,39.0,15,8.0,0.0,1.0,0.0,1.0,3.0,2000,2.0,1.0,1.0,"-697509,524","-967563,074","-697509,524","-967563,074","-697507,072","-967563,304",,,,mÌstnÌkomunikace,,2318636,,,Pomal˝,563919.0,,GN_V0.1UIR-ADR_410,2
180506190071,3,29020.0,2019-01-14,1,1135,2,0,0,2,1,0,516,0,0,0,150,2,3,12,5,3,1,1,1,0,0,1,1,3,0,,17,,XX,,,,,,,0,,,,"-686688,589","-973642,907","-686688,589","-973642,907","-686689,921","-973630,153",Liberec,Husova,,silnice3.t¯Ìdy,29020,119888,,OpaËn˝kesmÏru˙seku,Pomal˝,563889.0,253006.0,GN_V0.1UIR-ADR_410,1
180506190072,1,35.0,2019-01-14,1,1430,3,0,4,2,1,2,205,0,0,0,410,2,3,12,1,1,1,3,3,0,0,0,3,1,0,,3,7.0,98,1.0,1.0,1.0,0.0,1.0,3.0,400,3.0,1.0,1.0,"-686184,254","-984284,141","-686184,254","-984284,141","-686189,676","-984282,116",,,,silnice1.t¯Ìdy,35,2911645,,Souhlasn˝sesmÏrem˙seku,Pomal˝,564061.0,,GN_V0.1UIR-ADR_410,2
180506190073,6,,2019-01-12,6,2560,2,0,0,2,1,0,516,0,0,0,300,2,5,12,6,1,1,0,1,0,0,0,1,2,0,,17,,XX,,,,,,,0,,,,"-688206,695","-973554,796","-688206,695","-973554,796","-688205,749","-973546,581",Liberec,Heliova,,mÌstnÌkomunikace,,119641,,OpaËn˝kesmÏru˙seku,Pomal˝,563889.0,252981.0,GN_V0.1UIR-ADR_410,1
180506190074,8,,2019-01-14,1,1560,2,0,0,2,1,0,516,0,0,0,1000,3,5,12,1,1,1,1,8,0,0,0,1,2,0,,17,,XX,,,,,,,0,,,,"-688687,358","-975000,714","-688687,358","-975000,714","-688676,884","-974996,395",Liberec,N·kladnÌ,,mÌstnÌkomunikace,,3330083,,,Pomal˝,563889.0,252930.0,GN_V0.1UIR-ADR_410,1
180506190075,6,,2019-01-14,1,1750,3,0,7,2,1,0,516,0,0,0,300,2,3,12,1,4,1,1,1,2,0,4,1,1,0,,17,,XX,,,,,,,0,,,,"-687872,798","-976373,299","-687872,798","-976373,299","-687865,491","-976360,323",Liberec,Veseck·,,mÌstnÌkomunikace,,125981,,OpaËn˝kesmÏru˙seku,Pomal˝,563889.0,255726.0,GN_V0.1UIR-ADR_410,1
180506190076,6,,2019-01-14,1,1660,2,0,0,2,1,0,516,0,0,0,500,2,3,12,1,2,1,1,1,0,0,0,1,2,0,,17,,XX,,,,,,,0,,,,"-687363,186","-974973,895","-687363,186","-974973,895","-687369,271","-974970,647",Liberec,NaKaËÌrku,,mÌstnÌkomunikace,,1590272,,OpaËn˝kesmÏru˙seku,Pomal˝,563889.0,256471.0,GN_V0.1UIR-ADR_410,1
180506190077,6,,2019-01-12,6,2560,2,0,0,2,1,0,516,0,0,0,100,2,5,1,1,1,1,1,1,0,0,0,1,2,0,,3,39.0,04,1.0,0.0,3.0,0.0,1.0,5.0,0,2.0,1.0,1.0,"-687568,004","-975803,059","-687568,004","-975803,059","-687568,257","-975803,102",Liberec,Dobi·öova,,mÌstnÌkomunikace,,1666232,,Souhlasn˝sesmÏrem˙seku,Pomal˝,563889.0,254215.0,GN_V0.1UIR-ADR_410,1
180506190078,1,35.0,2019-01-15,2,400,3,0,4,2,1,2,508,0,0,0,420,2,8,12,5,7,0,5,3,0,0,0,1,1,0,,3,39.0,07,1.0,1.0,1.0,0.0,1.0,3.0,400,2.0,2.0,1.0,"-686467,203","-990228,025","-686467,203","-990228,025","-686465,643","-990228,078",,,,silnice1.t¯Ìdy,35,2569890,,Souhlasn˝sesmÏrem˙seku,Pomal˝,545953.0,,GN_V0.1UIR-ADR_410,2
180506190079,6,,2019-01-15,2,1004,1,1,0,2,1,2,204,0,0,0,1020,2,6,12,1,1,1,1,1,0,0,0,3,2,0,,9,0.0,15,2.0,1.0,1.0,0.0,1.0,5.0,500,5.0,1.0,1.0,"-690765,852","-984768,452","-690765,852","-984768,452","-690765,921","-984768,457",BÌl·,,,mÌstnÌkomunikace,,2571900,,Souhlasn˝sesmÏrem˙seku,Pomal˝,563901.0,,GN_V0.1UIR-ADR_410,1
180506190080,6,,2019-01-15,2,960,2,0,0,2,1,0,504,0,0,0,100,2,8,12,1,1,1,1,1,0,0,0,1,2,0,,17,,XX,,,,,,,0,,,,"-686996,446","-975011,572","-686971,736","-975008,886","-686969,72","-975008,675",Liberec,Broumovsk·,,mÌstnÌkomunikace,,122870,,OpaËn˝kesmÏru˙seku,Pomal˝,563889.0,259624.0,GN_V0.1UIR-ADR_410,1
180506190081,6,,2019-01-15,2,1617,0,0,0,2,6,0,100,0,0,0,500,2,3,12,5,3,1,2,1,0,0,0,2,1,0,,3,48.0,15,1.0,0.0,1.0,0.0,1.0,5.0,500,2.0,1.0,1.0,"-685679,247","-974487,672","-685679,247","-974487,672","-685680,026","-974482,693",Liberec,HrubÌnova,,mÌstnÌkomunikace,,1591185,,Souhlasn˝sesmÏrem˙seku,Pomal˝,563889.0,260681.0,GN_V0.1UIR-ADR_410,1
180506190082,1,35.0,2019-01-15,2,1740,3,0,4,1,1,2,204,0,0,1,600,2,3,12,3,7,1,3,1,0,0,0,2,1,0,,3,35.0,11,1.0,0.0,1.0,0.0,1.0,1.0,500,2.0,1.0,1.0,"-686173,514","-983866,696","-686173,514","-983866,696","-686175,784","-983866,07",,,,silnice1.t¯Ìdy,35,2570616,,Souhlasn˝sesmÏrem˙seku,Pomal˝,564061.0,,GN_V0.1UIR-ADR_410,2
180506190083,6,,2019-01-13,0,1130,2,0,0,2,1,0,504,0,0,0,100,2,1,12,1,1,1,1,1,0,0,10,1,2,0,,17,,XX,,,,,,,0,,,,"-687641,181","-972126,183","-687649,238","-972119,738","-687648,204","-972120,457",Liberec,Borov˝vrch,,mÌstnÌkomunikace,,1589854,,Souhlasn˝sesmÏrem˙seku,Pomal˝,563889.0,256633.0,GN_V0.1UIR-ADR_410,1
180506190084,8,,2019-01-10,4,2560,2,0,0,2,1,0,508,0,0,0,100,1,3,12,1,1,1,0,0,0,0,0,1,2,0,,17,,XX,,,,,,,0,,,,"-687457,617","-973709,205","-687458,154","-973706,519","-687459,156","-973696,657",Liberec,Husova,,mÌstnÌkomunikace,,1666128,,Souhlasn˝sesmÏrem˙seku,Pomal˝,563889.0,253006.0,GN_V0.1UIR-ADR_410,1
180506190085,6,,2019-01-16,3,505,3,0,3,2,1,0,516,0,0,0,10,2,3,12,1,4,1,1,3,0,0,0,1,1,0,,17,,XX,,,,,,,0,,,,"-691746,077","-975176,169","-691743,391","-975160,592","-691743,149","-975160,422",Liberec,Karlinsk·,,mÌstnÌkomunikace,,1301117,,Souhlasn˝sesmÏrem˙seku,Pomal˝,563889.0,259047.0,GN_V0.1UIR-ADR_410,1
180506190086,8,,2019-01-06,0,321,3,0,9,2,1,0,511,0,0,0,100,2,3,12,1,4,1,0,0,0,0,9,1,1,0,,17,,XX,,,,,,,0,,,,"-688570,089","-975184,845","-688568,478","-975188,068","-688567,772","-975188,989",Liberec,N·kladnÌ,,mÌstnÌkomunikace,,1635094,,Souhlasn˝sesmÏrem˙seku,Pomal˝,563889.0,252930.0,GN_V0.1UIR-ADR_410,1
180506190087,1,13.0,2019-01-16,3,1540,1,2,0,2,1,2,516,0,0,0,500,2,3,12,1,1,1,1,1,3,3,0,5,2,19,6.0,3,39.0,16,3.0,0.0,1.0,0.0,1.0,13.0,300,2.0,1.0,1.0,"-688667,926","-968156,686","-688634,084","-968124,993","-688634,211","-968124,707",,,,silnice1.t¯Ìdy,13,1589147,,OpaËn˝kesmÏru˙seku,Pomal˝,563889.0,260363.0,GN_V0.1UIR-ADR_410,2
180506190088,6,,2019-01-16,3,650,1,4,0,2,1,0,503,0,0,0,350,2,1,1,1,4,1,1,1,0,0,0,1,2,0,,17,,XX,,,,,,,0,,,,,,"-687900,968","-974218,153","-687901,178","-974217,741",Liberec,LÌpov·,,mÌstnÌkomunikace,,1870578,,Souhlasn˝sesmÏrem˙seku,Pomal˝,563889.0,253031.0,GN_V0.1UIR-ADR_410,1
180506190089,3,1327.0,2019-01-16,3,1750,2,0,0,2,1,2,204,0,0,0,3100,2,3,12,1,4,1,1,8,0,0,0,2,2,0,,3,4.0,16,1.0,1.0,1.0,0.0,1.0,3.0,1000,2.0,1.0,1.0,"-689462,57","-971387,23","-689462,57","-971387,23","-689464,327","-971366,859",Str·ûnadNisou,Kate¯insk·,,silnice3.t¯Ìdy,01327,2908147,,OpaËn˝kesmÏru˙seku,Pomal˝,544477.0,261882.0,GN_V0.1UIR-ADR_410,1
180506190090,1,35.0,2019-01-17,4,405,3,0,4,2,1,2,205,0,0,0,350,2,5,12,1,6,1,3,3,0,0,0,3,1,0,,3,17.0,02,9.0,1.0,1.0,0.0,1.0,1.0,300,2.0,1.0,1.0,"-685596,274","-983176,661","-685596,274","-983176,661","-685594,063","-983178,279",,,,silnice1.t¯Ìdy,35,2570524,,Souhlasn˝sesmÏrem˙seku,Pomal˝,530484.0,,GN_V0.1UIR-ADR_410,2
180506190091,1,35.0,2019-01-17,4,633,3,0,3,2,1,2,204,0,0,0,230,2,5,12,1,6,1,3,4,0,0,0,3,1,0,,3,35.0,15,1.0,1.0,1.0,0.0,1.0,1.0,200,2.0,1.0,1.0,"-686643,852","-985265,65","-686684,139","-985299,491","-686684,462","-985299,458",HodkovicenadMohelkou,,,silnice1.t¯Ìdy,35,1392126,,Souhlasn˝sesmÏrem˙seku,Pomal˝,564061.0,,GN_V0.1UIR-ADR_410,1
180506190092,3,27252.0,2019-01-16,3,2560,3,0,9,2,1,0,511,0,0,0,200,2,6,12,4,3,1,1,8,0,0,0,1,1,0,,3,47.0,08,1.0,0.0,4.0,0.0,1.0,1.0,100,9.0,,,"-689912,949","-962828,623","-689915,635","-962825,4","-689915,536","-962825,438",,,,silnice3.t¯Ìdy,27252,1332606,,OpaËn˝kesmÏru˙seku,Pomal˝,564028.0,,GN_V0.1UIR-ADR_410,2
180506190093,8,,2019-01-17,4,1160,2,0,0,2,1,0,516,0,0,0,50,1,3,12,1,1,1,0,0,0,0,0,1,2,0,,17,,XX,,,,,,,0,,,,"-689088,381","-972144,473","-689041,112","-972149,308","-689042,307","-972150,78",Liberec,Letn·,,mÌstnÌkomunikace,,1590493,,OpaËn˝kesmÏru˙seku,Pomal˝,563889.0,256544.0,GN_V0.1UIR-ADR_410,1
180506190094,6,,2019-01-17,4,1531,0,0,0,2,6,0,100,0,0,0,50,2,3,6,1,1,1,1,1,0,0,0,1,1,0,,3,26.0,10,1.0,0.0,1.0,0.0,1.0,5.0,50,2.0,1.0,1.0,"-690441,143","-976111,1","-690447,052","-976107,34","-690447,201","-976107,223",Liberec,JeötÏdsk·,,mÌstnÌkomunikace,,1390460,,OpaËn˝kesmÏru˙seku,Pomal˝,563889.0,254983.0,GN_V0.1UIR-ADR_410,1
180506190095,6,,2019-01-16,3,2560,2,0,0,2,1,0,516,0,0,0,50,2,3,12,1,1,1,0,0,0,0,9,1,2,0,,17,,XX,,,,,,,0,,,,"-688712,201","-973259,794","-688712,201","-973259,794","-688713,45","-973261,756",Liberec,Sokolsk·,,mÌstnÌkomunikace,,119190,,OpaËn˝kesmÏru˙seku,Pomal˝,563889.0,253715.0,GN_V0.1UIR-ADR_410,1
180506190096,1,35.0,2019-01-18,5,10,3,0,4,1,1,0,204,0,0,1,500,2,3,12,1,4,1,3,8,0,0,0,1,1,0,,3,35.0,09,1.0,1.0,4.0,0.0,1.0,1.0,300,9.0,,,"-689272,053","-973436,031","-689272,053","-973436,031","-689261,978","-973432,9",,,,silnice1.t¯Ìdy,35,3502203,,Souhlasn˝sesmÏrem˙seku,Pomal˝,563889.0,257940.0,GN_V0.1UIR-ADR_410,2
180506190097,3,2904.0,2019-01-18,5,545,3,0,3,2,1,2,510,0,0,0,160,2,5,12,1,4,1,1,3,0,0,0,1,1,0,,3,2.0,96,1.0,0.0,1.0,0.0,1.0,1.0,150,2.0,1.0,1.0,"-686302,178","-966182,83","-686302,178","-966182,83","-686307,948","-966177,92",,,,silnice3.t¯Ìdy,2904,880873,,Souhlasn˝sesmÏrem˙seku,Pomal˝,564281.0,,GN_V0.1UIR-ADR_410,2
180506190098,6,,2019-01-18,5,815,2,0,0,2,1,2,204,0,0,0,600,2,6,12,6,3,1,1,8,0,0,0,3,3,0,,3,47.0,09,3.0,1.0,1.0,0.0,1.0,5.0,300,2.0,1.0,1.0,"-688501,663","-974680,828","-688501,663","-974680,828","-688491,293","-974680,228",Liberec,Nitransk·,,mÌstnÌkomunikace,,3527994,,Souhlasn˝sesmÏrem˙seku,Pomal˝,563889.0,252107.0,GN_V0.1UIR-ADR_410,1
180506190099,6,,2019-01-18,5,830,2,0,0,2,1,2,205,0,0,0,1200,2,5,12,1,1,1,1,1,0,0,0,3,2,0,,3,47.0,10,1.0,1.0,1.0,0.0,1.0,5.0,400,2.0,1.0,1.0,"-687243,532","-973605,456","-687243,532","-973605,456","-687238,98","-973604,036",Liberec,Klostermannova,,mÌstnÌkomunikace,,120026,,Souhlasn˝sesmÏrem˙seku,Pomal˝,563889.0,253065.0,GN_V0.1UIR-ADR_410,1
180506190100,6,,2019-01-18,5,1110,1,3,0,2,1,2,402,0,0,0,520,2,5,12,1,1,1,1,1,3,3,0,5,2,10,6.0,3,4.0,13,1.0,0.0,1.0,0.0,1.0,5.0,200,2.0,1.0,1.0,"-687908,431","-960139,735","-687908,431","-960139,735","-687910,714","-960141,582",DÏt¯ichov,,,mÌstnÌkomunikace,,1213710,,OpaËn˝kesmÏru˙seku,Pomal˝,546607.0,,GN_V0.1UIR-ADR_410,1
180506190101,8,,2019-01-18,5,1150,2,0,0,2,1,0,504,0,0,0,400,2,3,12,1,1,1,0,0,0,0,0,1,2,0,,17,,XX,,,,,,,0,,,,"-684177,385","-957203,654","-684177,385","-957203,654","-684179,276","-957199,813",Fr˝dlant,OkruûnÌ,,mÌstnÌkomunikace,,2571065,,Souhlasn˝sesmÏrem˙seku,Pomal˝,564028.0,,GN_V0.1UIR-ADR_410,1
180506190102,6,,2019-01-18,5,1235,1,3,0,2,1,2,504,0,0,0,550,2,3,12,1,1,1,1,1,3,3,0,1,2,0,,3,42.0,04,1.0,0.0,1.0,0.0,1.0,5.0,50,4.0,1.0,1.0,"-688053,599","-972079,182","-688053,062","-972059,845","-688053,085","-972060,684",Liberec,LegiÌ,,mÌstnÌkomunikace,,117176,,Souhlasn˝sesmÏrem˙seku,Pomal˝,563889.0,257052.0,GN_V0.1UIR-ADR_410,1
180506190103,8,,2019-01-18,5,1460,2,0,0,2,1,0,504,0,0,0,150,1,3,12,1,1,1,0,0,0,0,0,1,2,0,,17,,XX,,,,,,,0,,,,"-687303,961","-975819,786","-687303,961","-975819,786","-687308,291","-975822,947",Liberec,Dobi·öova,,mÌstnÌkomunikace,,1590287,,Souhlasn˝sesmÏrem˙seku,Pomal˝,563889.0,254215.0,GN_V0.1UIR-ADR_410,1
180506190104,1,35.0,2019-01-16,3,2230,5,0,0,2,4,0,100,0,0,0,500,2,3,12,1,4,1,1,1,0,0,0,1,1,0,,3,47.0,10,1.0,0.0,1.0,0.0,1.0,1.0,500,2.0,1.0,1.0,"-686507,164","-990609,755","-686507,164","-990609,755","-686498,889","-990608,601",,,,silnice1.t¯Ìdy,35,1390190,,Souhlasn˝sesmÏrem˙seku,Pomal˝,545953.0,,GN_V0.1UIR-ADR_410,2
180506190105,1,35.0,2019-01-19,6,500,5,0,0,2,4,0,100,0,0,0,900,2,3,12,1,4,1,0,0,0,0,0,1,1,0,,3,26.0,17,3.0,0.0,1.0,0.0,1.0,1.0,900,2.0,1.0,1.0,"-686004,75","-993061,963","-686004,75","-993061,963","-686009,661","-993061,456",,,,silnice1.t¯Ìdy,35,3530689,,Souhlasn˝sesmÏrem˙seku,Pomal˝,577359.0,,GN_V0.1UIR-ADR_410,2
180506190106,3,2784.0,2019-01-19,6,1805,1,3,0,2,1,2,402,0,0,0,400,2,1,1,1,4,1,1,1,3,3,0,7,2,19,6.0,3,60.0,07,1.0,0.0,1.0,0.0,1.0,23.0,100,2.0,1.0,1.0,"-689770,744","-976447,284","-689770,744","-976447,284","-689767,423","-976442,184",Liberec,»eskÈml·deûe,,silnice3.t¯Ìdy,2784,1666349,,Souhlasn˝sesmÏrem˙seku,Pomal˝,563889.0,257249.0,GN_V0.1UIR-ADR_410,1
180506190107,7,,2019-01-19,6,2345,3,0,9,2,1,0,504,0,0,0,600,3,5,12,1,6,1,0,8,0,0,0,1,1,0,,5,12.0,00,1.0,0.0,1.0,0.0,1.0,5.0,500,2.0,1.0,1.0,"-676817,279","-963333,545","-676817,279","-963333,545","-676815,832","-963318,665",Hejnice,P.BezruËe,,silnice2.t¯Ìdy,290,3443209,,Souhlasn˝sesmÏrem˙seku,Pomal˝,564044.0,250546.0,GN_V0.1UIR-ADR_410,1
180506190108,6,,2019-01-20,0,2560,2,0,0,2,1,0,516,0,0,0,100,2,5,12,1,1,1,1,0,0,0,10,1,2,0,,17,,XX,,,,,,,0,,,,"-687859,718","-973732,42","-687859,718","-973732,42","-687860,599","-973731,837",Liberec,n·m.Dr.E.Beneöe,,mÌstnÌkomunikace,,120102,,Souhlasn˝sesmÏrem˙seku,Pomal˝,563889.0,252000.0,GN_V0.1UIR-ADR_410,1
180506190109,1,13.0,2019-01-20,0,2120,5,0,0,2,4,0,100,0,0,0,400,2,3,12,1,6,1,1,1,0,0,0,1,1,0,,3,8.0,09,1.0,0.0,1.0,0.0,1.0,1.0,400,2.0,1.0,1.0,"-702954,652","-969061,466","-702954,652","-969061,466","-702957,971","-969050,924",,,,silnice1.t¯Ìdy,13,113690,,OpaËn˝kesmÏru˙seku,Pomal˝,564397.0,,GN_V0.1UIR-ADR_410,2
180506190110,6,,2019-01-21,1,1630,1,2,0,2,1,2,516,0,0,0,30,2,1,1,1,1,1,1,1,0,0,0,1,2,0,,3,39.0,10,3.0,0.0,1.0,0.0,1.0,5.0,20,3.0,1.0,1.0,"-688359,448","-975473,197","-688359,448","-975473,197","-688356,677","-975473,103",Liberec,Dr.MiladyHor·kovÈ,,mÌstnÌkomunikace,,1666225,,Souhlasn˝sesmÏrem˙seku,Pomal˝,563889.0,253316.0,GN_V0.1UIR-ADR_410,1
180506190111,6,,2019-01-22,2,753,7,3,0,2,1,2,414,0,0,0,253500,2,1,1,1,1,1,1,1,2,0,4,1,2,0,,5,62.0,11,3.0,0.0,1.0,0.0,1.0,5.0,2000,3.0,1.0,1.0,"-685291,395","-977640,308","-685293,006","-977624,732","-685292,966","-977625,133",Liberec,ProseËsk·,,mÌstnÌkomunikace,,1590436,,Souhlasn˝sesmÏrem˙seku,Pomal˝,563889.0,260151.0,GN_V0.1UIR-ADR_410,1
180506190112,1,35.0,2019-01-22,2,1123,0,0,0,2,1,2,512,0,0,0,2250,2,1,1,1,1,1,3,1,0,0,0,1,4,0,,3,9.0,03,1.0,0.0,1.0,0.0,1.0,3.0,150,3.0,1.0,1.0,"-688508,44","-975872,623","-688508,44","-975872,623","-688510,706","-975872,648",,,,silnice1.t¯Ìdy,35,1590044,,Souhlasn˝sesmÏrem˙seku,Pomal˝,563889.0,255815.0,GN_V0.1UIR-ADR_410,2
180506190113,6,,2019-01-23,3,840,2,0,0,2,1,2,502,0,0,0,200,2,1,1,1,1,1,1,1,0,0,0,1,2,0,,3,32.0,11,1.0,0.0,1.0,0.0,1.0,5.0,150,2.0,1.0,1.0,"-688100,155","-976009,815","-688110,898","-976006,592","-688109,686","-976005,47",Liberec,Dr.MiladyHor·kovÈ,,mÌstnÌkomunikace,,125085,,OpaËn˝kesmÏru˙seku,Pomal˝,563889.0,253316.0,GN_V0.1UIR-ADR_410,1
180506190114,6,,2019-01-01,2,2560,4,0,0,1,1,0,511,0,0,1,0,2,1,1,1,1,1,1,1,0,0,0,1,1,0,,0,99.0,,1.0,0.0,1.0,0.0,1.0,5.0,0,2.0,1.0,1.0,,,"-689480,607","-974277,142","-689480,598","-974277,161",Liberec,ävermova,,mÌstnÌkomunikace,,1714172,,OpaËn˝kesmÏru˙seku,Pomal˝,563889.0,256587.0,GN_V0.1UIR-ADR_410,1
180506190115,1,35.0,2019-01-23,3,1310,5,0,0,2,4,0,100,0,0,0,800,2,1,1,1,1,1,1,1,0,0,0,1,1,0,,3,35.0,07,1.0,0.0,1.0,0.0,1.0,3.0,800,2.0,1.0,1.0,"-700498,695","-962340,416","-700498,695","-962340,416","-700483,842","-962329,384",,,,silnice1.t¯Ìdy,35,2629374,,Souhlasn˝sesmÏrem˙seku,Pomal˝,564095.0,,GN_V0.1UIR-ADR_410,2
180506190116,1,35.0,2019-01-23,3,1520,0,0,0,2,1,2,516,0,0,0,500,2,1,1,1,1,1,3,1,0,0,0,2,1,0,,7,35.0,06,3.0,0.0,1.0,0.0,1.0,3.0,50,3.0,1.0,1.0,"-686417,739","-990998,544","-686417,739","-990998,544","-686419,143","-990998,685",,,,silnice1.t¯Ìdy,35,2569890,,Souhlasn˝sesmÏrem˙seku,Pomal˝,545953.0,,GN_V0.1UIR-ADR_410,2
180506190117,1,35.0,2019-01-23,3,1645,3,0,8,2,1,2,508,0,0,0,20,2,1,1,1,2,1,3,1,0,0,0,2,1,0,,3,45.0,81,1.0,0.0,3.0,0.0,1.0,3.0,10,2.0,1.0,1.0,"-686417,739","-990998,544","-686417,739","-990998,544","-686419,143","-990998,685",,,,silnice1.t¯Ìdy,35,2569890,,Souhlasn˝sesmÏrem˙seku,Pomal˝,545953.0,,GN_V0.1UIR-ADR_410,2
180506190118,1,13.0,2019-01-24,4,1730,3,0,1,2,1,2,204,0,0,0,200,2,9,12,1,6,1,1,3,0,0,0,3,1,0,,3,39.0,02,9.0,1.0,1.0,0.0,1.0,3.0,200,2.0,1.0,1.0,"-688336,521","-965308,362","-688336,521","-965308,362","-688310,425","-965303,783",,,,silnice1.t¯Ìdy,13,1664285,,Souhlasn˝sesmÏrem˙seku,Pomal˝,564231.0,,GN_V0.1UIR-ADR_410,2