IDENTIFIKA»NÕ »ÕSLO,DRUH POZEMNÕ KOMUNIKACE,»ÕSLO POZEMNÕ KOMUNIKACE,"den, mÏsÌc, rok",,Ëas ,DRUH NEHODY,DRUH SR¡éKY JEDOUCÕCH VOZIDEL,DRUH PEVN… PÿEK¡éKY,CHARAKTER NEHODY,ZAVINÃNÕ NEHODY,ALKOHOL U VINÕKA NEHODY PÿÕTOMEN,HLAVNÕ PÿÕ»INY NEHODY,usmrceno osob,tÏûce zranÏno osob,lehce zranÏno osob,CELKOV¡ HMOTN¡ äKODA,DRUH POVRCHU VOZOVKY,STAV POVRCHU VOZOVKY V DOBÃ NEHODY,STAV KOMUNIKACE,POVÃTRNOSTNÕ PODMÕNKY V DOBÃ NEHODY,VIDITELNOST,ROZHLEDOV… POMÃRY,DÃLENÕ KOMUNIKACE,SITUOV¡NÕ NEHODY NA KOMUNIKACI,ÿÕZENÕ PROVOZU V DOBÃ NEHODY,MÕSTNÕ ⁄PRAVA PÿEDNOSTI V JÕZDÃ,SPECIFICK¡ MÕSTA A OBJEKTY V MÕSTÃ NEHODY,SMÃROV… POMÃRY,PO»ET Z⁄»ASTNÃN›CH VOZIDEL,MÕSTO DOPRAVNÕ NEHODY,DRUH KÿIéUJÕCÕ KOMUNIKACE,DRUH VOZIDLA,V›ROBNÕ ZNA»KA MOTOROV…HO VOZIDLA,ROK V›ROBY VOZIDLA,CHARAKTERISTIKA VOZIDLA ,SMYK,VOZIDLO PO NEHODÃ,"⁄NIK PROVOZNÕCH, PÿEPRAVOVAN›CH HMOT",ZPŸSOB VYPROäTÃNÕ OSOB Z VOZIDLA,SMÃR JÕZDY NEBO POSTAVENÕ VOZIDLA,äKODA NA VOZIDLE,KATEGORIE ÿIDI»E,STAV ÿIDI»E,VNÃJäÕ OVLIVNÃNÕ ÿIDI»E,nan.1,nan.2,nan.3,nan.4,nan.5,nan.6,nan.7,nan.8,nan.9,nan.10,nan.11,nan.12,nan.13,nan.14,nan.15,nan.16,nan.17,nan.18,LOKALITA NEHODY
190206190005,6,,2019-01-04,5,1815,6,0,0,2,4,0,100,0,0,0,600,2,6,1,3,4,1,0,1,0,0,0,1,1,0,,3,17.0,16,3.0,0.0,1.0,0.0,1.0,5.0,600,2.0,1.0,1.0,"-897224,673","-1004448,41","-897224,673","-1004448,41","-897225,153","-1004454,338",Aö,Puökinova,,mÌstnÌkomunikace,,175222.0,,OpaËn˝kesmÏru˙seku,Pomal˝,554499.0,136689.0,GN_V0.1UIR-ADR_410,1
190206190006,6,,2019-01-04,5,1300,2,0,0,2,1,0,504,0,0,0,50,2,6,1,5,1,1,0,1,0,0,0,1,2,0,,3,13.0,99,1.0,1.0,1.0,0.0,1.0,5.0,0,2.0,1.0,1.0,"-898700,548","-1004430,091","-898700,548","-1004430,091","-898696,927","-1004428,882",Aö,VanËurova,,mÌstnÌkomunikace,,175213.0,,Souhlasn˝sesmÏrem˙seku,Pomal˝,554499.0,136956.0,GN_V0.1UIR-ADR_410,1
190206190007,1,0.0,2019-01-05,6,1810,4,0,0,1,3,2,100,0,1,0,200,2,3,1,4,7,1,3,1,0,0,0,1,1,0,,3,47.0,97,3.0,0.0,1.0,0.0,1.0,1.0,200,2.0,1.0,1.0,"-877293,106","-1021138,26","-877293,106","-1021138,26","-877292,395","-1021136,418",,,,silnice1.t¯Ìdy,D6,1650513.0,,Souhlasn˝sesmÏrem˙seku,Pomal˝,539554.0,,GN_V0.1UIR-ADR_410,2
190206190008,3,21330.0,2019-01-06,0,245,3,0,6,2,1,2,501,0,0,0,300,2,3,1,3,4,1,1,1,3,3,0,5,1,19,6.0,3,39.0,99,1.0,1.0,1.0,0.0,1.0,13.0,200,3.0,1.0,1.0,"-888884,124","-1016483,344","-888884,124","-1016483,344","-888887,133","-1016483,759",FrantiökovyL·znÏ,Americk·,,silnice3.t¯Ìdy,21330,205655.0,,Souhlasn˝sesmÏrem˙seku,Pomal˝,554529.0,137677.0,GN_V0.1UIR-ADR_410,1
190206190009,6,,2019-01-05,6,2560,2,0,0,2,1,0,508,0,0,0,200,2,8,1,5,1,1,1,2,0,0,0,1,2,0,,17,,XX,,,,,,,0,,,,"-866618,282","-1037267,012","-866618,282","-1037267,012","-866622,102","-1037268,282",Mari·nskÈL·znÏ,Pramensk·,,mÌstnÌkomunikace,,1668864.0,,OpaËn˝kesmÏru˙seku,Pomal˝,554642.0,142328.0,GN_V0.1UIR-ADR_410,1
190206190010,6,,2019-01-07,1,745,1,1,0,2,1,2,508,0,0,0,300,1,3,1,4,2,6,1,1,0,0,0,3,2,0,,3,99.0,09,1.0,0.0,1.0,0.0,1.0,5.0,150,2.0,1.0,1.0,"-887399,049","-1021074,156","-887399,049","-1021074,156","-887398,675","-1021074,74",Cheb,MalÈn·mÏstÌ,,mÌstnÌkomunikace,,1667573.0,,OpaËn˝kesmÏru˙seku,Pomal˝,554481.0,140651.0,GN_V0.1UIR-ADR_410,1
190206190011,3,21330.0,2019-01-07,1,1830,3,0,3,2,1,2,508,0,0,0,930,2,3,1,3,4,1,1,1,0,0,0,1,1,0,,3,35.0,18,1.0,0.0,1.0,0.0,1.0,1.0,900,3.0,1.0,1.0,"-888899,122","-1016377,699","-888899,122","-1016377,699","-888900,283","-1016377,833",FrantiökovyL·znÏ,Americk·,,silnice3.t¯Ìdy,21330,2560054.0,,OpaËn˝kesmÏru˙seku,Pomal˝,554529.0,137677.0,GN_V0.1UIR-ADR_410,1
190206190012,6,,2019-01-07,1,1905,2,0,0,2,1,0,504,0,0,0,50,2,3,1,3,4,1,0,0,0,0,0,1,2,0,,3,2.0,12,1.0,0.0,1.0,0.0,1.0,5.0,0,9.0,,,"-888903,664","-1016995,979","-888903,664","-1016995,979","-888909,846","-1017001,044",FrantiökovyL·znÏ,Anglick·,,mÌstnÌkomunikace,,1459551.0,,Souhlasn˝sesmÏrem˙seku,Pomal˝,554529.0,137626.0,GN_V0.1UIR-ADR_410,1
190206190013,6,,2019-01-09,3,15,3,0,3,2,1,2,204,0,0,0,450,2,6,1,5,4,1,1,8,3,3,8,1,1,0,,3,4.0,11,9.0,1.0,1.0,0.0,1.0,5.0,400,3.0,1.0,1.0,"-890850,513","-1025757,956","-890850,513","-1025757,956","-890855,58","-1025760,951",,,,mÌstnÌkomunikace,,1714757.0,,Souhlasn˝sesmÏrem˙seku,Pomal˝,554481.0,,GN_V0.1UIR-ADR_410,2
190206190014,6,,2019-01-08,2,2560,2,0,0,2,1,0,508,0,0,0,100,2,3,1,5,1,1,1,1,0,0,0,1,2,0,,17,,XX,,,,,,,0,,,,"-887235,845","-1021185,848","-887235,845","-1021185,848","-887229,623","-1021181,738",Cheb,D¯eva¯sk·,,mÌstnÌkomunikace,,214278.0,,OpaËn˝kesmÏru˙seku,Pomal˝,554481.0,138924.0,GN_V0.1UIR-ADR_410,1
190206190015,3,2116.0,2019-01-09,3,1012,9,0,0,2,1,2,510,0,0,0,850,2,8,1,5,3,3,1,1,0,0,0,3,1,0,,5,26.0,16,3.0,0.0,1.0,1.0,1.0,1.0,800,3.0,1.0,1.0,"-895892,036","-1004420,523","-895892,036","-1004420,523","-895889,81","-1004424,101",,,,silnice3.t¯Ìdy,02116,2624431.0,,OpaËn˝kesmÏru˙seku,Pomal˝,554499.0,,GN_V0.1UIR-ADR_410,2
190206190016,6,,2019-01-10,4,510,1,1,0,2,1,2,204,0,0,0,700,2,8,1,5,5,1,1,1,0,0,0,1,3,0,,3,2.0,15,1.0,1.0,1.0,0.0,1.0,5.0,400,2.0,1.0,1.0,"-898415,281","-1004104,256","-898415,281","-1004104,256","-898414,276","-1004105,839",Aö,Jir·skova,,mÌstnÌkomunikace,,173901.0,,Souhlasn˝sesmÏrem˙seku,Pomal˝,554499.0,136174.0,GN_V0.1UIR-ADR_410,1
190206190017,3,2125.0,2019-01-11,5,350,5,0,0,2,4,0,100,0,0,0,320,2,3,1,3,6,1,1,1,0,0,0,3,1,0,,5,99.0,18,3.0,0.0,1.0,1.0,1.0,1.0,300,3.0,1.0,1.0,"-876275,452","-1024271,864","-876275,452","-1024271,864","-876270,104","-1024274,345",,,,silnice3.t¯Ìdy,2125,3090146.0,,Souhlasn˝sesmÏrem˙seku,Pomal˝,538906.0,,GN_V0.1UIR-ADR_410,2
190206190018,1,6.0,2019-01-11,5,640,5,0,0,2,4,0,100,0,0,0,350,2,6,1,5,6,1,1,1,0,0,0,1,1,0,,3,47.0,15,9.0,0.0,1.0,0.0,1.0,1.0,300,2.0,1.0,1.0,"-891698,984","-1019191,095","-891698,984","-1019191,095","-891699,008","-1019191,39",,,,silnice1.t¯Ìdy,6,210702.0,,Souhlasn˝sesmÏrem˙seku,Pomal˝,554529.0,,GN_V0.1UIR-ADR_410,2
190206190019,6,,2019-01-11,5,1235,3,0,3,2,1,2,204,0,0,0,900,2,6,1,5,1,1,1,8,0,0,0,3,1,0,,5,13.0,10,3.0,1.0,1.0,1.0,1.0,5.0,850,3.0,1.0,1.0,"-888785,634","-1017648,588","-888785,634","-1017648,588","-888782,829","-1017649,494",FrantiökovyL·znÏ,M·chova,,mÌstnÌkomunikace,,1459626.0,,,Pomal˝,554529.0,,GN_V0.1UIR-ADR_410,1
190206190020,1,64.0,2019-01-11,5,1445,1,1,0,1,1,2,304,0,1,0,4400,2,5,1,5,1,1,1,1,0,0,0,1,2,0,,3,39.0,01,1.0,1.0,1.0,1.0,3.0,3.0,300,3.0,1.0,1.0,"-893719,739","-1011206,839","-893719,739","-1011206,839","-893721,665","-1011208,024",,,,silnice1.t¯Ìdy,64,1263567.0,,Souhlasn˝sesmÏrem˙seku,Pomal˝,554545.0,,GN_V0.1UIR-ADR_410,2
190206190021,1,0.0,2019-01-11,5,1730,3,0,4,2,1,2,204,0,0,0,900,2,3,1,3,6,1,3,3,0,0,0,2,1,0,,3,39.0,05,1.0,1.0,1.0,1.0,1.0,3.0,800,2.0,1.0,1.0,"-880134,524","-1020868,578","-880134,524","-1020868,578","-880137,634","-1020860,278",,,,silnice1.t¯Ìdy,D6,3513960.0,,Souhlasn˝sesmÏrem˙seku,Pomal˝,539554.0,,GN_V0.1UIR-ADR_410,2
190206190022,2,217.0,2019-01-12,6,335,2,0,0,2,1,9,511,0,0,0,1800,2,6,1,5,4,1,1,3,0,0,10,1,3,0,,3,4.0,09,9.0,0.0,1.0,0.0,1.0,1.0,600,3.0,5.0,1.0,"-898344,845","-1003905,896","-898344,845","-1003905,896","-898360,516","-1003907,406",Aö,HlavnÌ,,silnice2.t¯Ìdy,217,1425115.0,,OpaËn˝kesmÏru˙seku,Pomal˝,554499.0,136077.0,GN_V0.1UIR-ADR_410,1
190206190023,6,,2019-01-12,6,2215,3,0,9,2,1,2,504,0,0,0,100,1,3,1,3,4,1,0,6,0,0,0,1,1,0,,3,39.0,08,12.0,0.0,1.0,0.0,1.0,5.0,100,3.0,1.0,1.0,"-887914,889","-1022337,606","-887914,889","-1022337,606","-887917,359","-1022339,508",Cheb,Svobody,,mÌstnÌkomunikace,,2622458.0,,,Pomal˝,554481.0,140091.0,GN_V0.1UIR-ADR_410,1
190206190024,3,2125.0,2019-01-13,0,1215,1,2,0,2,1,4,501,0,0,0,70,2,3,1,3,1,3,0,1,0,0,0,3,2,0,,3,12.0,03,1.0,0.0,1.0,0.0,1.0,3.0,0,2.0,3.0,1.0,"-876167,816","-1023588,425","-876167,816","-1023588,425","-876168,325","-1023588,175",MOKÿINA,,,silnice3.t¯Ìdy,2125,3090083.0,,Souhlasn˝sesmÏrem˙seku,Pomal˝,538906.0,,GN_V0.1UIR-ADR_410,1
190206190025,1,64.0,2019-01-14,1,533,9,0,0,2,1,2,204,0,0,0,2050,2,6,1,6,6,1,1,8,0,0,0,1,1,0,,5,19.0,08,3.0,1.0,1.0,1.0,1.0,1.0,2000,2.0,1.0,1.0,"-893912,251","-1010876,634","-893912,251","-1010876,634","-893917,981","-1010880,112",,,,silnice1.t¯Ìdy,64,1257354.0,,Souhlasn˝sesmÏrem˙seku,Pomal˝,554545.0,,GN_V0.1UIR-ADR_410,2
190206190026,6,,2019-01-01,2,2560,3,0,2,2,1,0,511,0,0,0,800,1,2,1,1,1,1,1,1,0,0,0,1,1,0,,17,,XX,,,,,,,0,,,,"-887993,468","-1022092,022","-887993,468","-1022092,022","-887999,811","-1022094,412",Cheb,Svobody,,mÌstnÌkomunikace,,216461.0,,,Pomal˝,554481.0,140091.0,GN_V0.1UIR-ADR_410,1
190206190027,8,,2019-01-15,2,830,3,0,6,2,1,2,204,0,0,0,500,2,6,1,6,1,1,1,8,0,0,0,3,1,0,,7,26.0,00,9.0,1.0,1.0,0.0,1.0,5.0,400,3.0,1.0,1.0,"-895954,493","-1019741,163","-895954,493","-1019741,163","-895952,51","-1019742,548",,,,mÌstnÌkomunikace,,2625469.0,,Souhlasn˝sesmÏrem˙seku,Pomal˝,538868.0,,GN_V0.1UIR-ADR_410,2
190206190028,2,230.0,2019-01-15,2,530,9,0,0,1,1,2,204,0,0,1,1200,2,6,1,6,6,1,1,1,0,0,0,3,1,0,,5,43.0,06,3.0,1.0,1.0,0.0,1.0,3.0,1000,4.0,1.0,1.0,"-866165,53","-1040482,793","-866165,53","-1040482,793","-866168,271","-1040479,664",,,,silnice2.t¯Ìdy,230,263408.0,,OpaËn˝kesmÏru˙seku,Pomal˝,554642.0,141682.0,GN_V0.1UIR-ADR_410,2
190206190029,6,,2019-01-16,3,1045,2,0,0,2,1,9,506,0,0,0,150,1,8,1,5,1,1,1,2,0,0,10,1,2,0,,3,26.0,17,1.0,0.0,1.0,0.0,1.0,5.0,50,2.0,5.0,1.0,"-898028,219","-1004451,44","-898028,219","-1004451,44","-898023,978","-1004447,705",Aö,,,mÌstnÌkomunikace,,2556881.0,,OpaËn˝kesmÏru˙seku,Pomal˝,554499.0,,GN_V0.1UIR-ADR_410,1
190206190030,1,64.0,2019-01-16,3,1210,3,0,4,2,1,2,511,0,0,0,900,2,3,1,3,1,1,1,1,0,0,0,3,1,0,,7,19.0,15,3.0,0.0,1.0,0.0,1.0,1.0,500,3.0,1.0,1.0,"-897645,071","-1006897,985","-897645,071","-1006897,985","-897645,138","-1006898,079",,,,silnice1.t¯Ìdy,64,1595815.0,,OpaËn˝kesmÏru˙seku,Pomal˝,554499.0,,GN_V0.1UIR-ADR_410,2
190206190031,3,218.0,2019-01-17,4,1325,1,2,0,2,1,2,306,0,0,0,1100,2,3,1,4,1,1,1,1,0,0,8,1,2,0,,3,47.0,05,9.0,0.0,1.0,0.0,1.0,3.0,800,2.0,1.0,1.0,"-883730,949","-1022002,396","-883730,949","-1022002,396","-883730,584","-1022000,361",,,,silnice3.t¯Ìdy,0218,2556121.0,,OpaËn˝kesmÏru˙seku,Pomal˝,554481.0,,GN_V0.1UIR-ADR_410,2
190206190032,6,,2019-01-17,4,1830,1,2,0,2,1,0,505,0,0,0,200,2,3,1,4,7,1,1,1,3,3,0,5,2,10,6.0,17,,XX,,,,,,,0,,,,"-889908,254","-1025178,049","-889908,254","-1025178,049","-889911,021","-1025179,336",Cheb,Svat˝K¯Ìû,,mÌstnÌkomunikace,,2627670.0,,Souhlasn˝sesmÏrem˙seku,Pomal˝,554481.0,140082.0,GN_V0.1UIR-ADR_410,1
190206190033,6,,2019-01-17,4,2560,2,0,0,2,1,0,508,0,0,0,100,2,6,1,6,1,1,1,1,0,0,10,1,2,0,,17,,XX,,,,,,,0,,,,"-888724,336","-1023074,377","-888724,336","-1023074,377","-888721,644","-1023075,097",Cheb,Kosmonaut˘,,mÌstnÌkomunikace,,1667727.0,,Souhlasn˝sesmÏrem˙seku,Pomal˝,554481.0,139335.0,GN_V0.1UIR-ADR_410,1
190206190034,1,21.0,2019-01-18,5,2100,1,4,0,2,1,2,503,0,0,0,2500,2,1,1,1,6,1,1,1,0,0,0,1,2,0,,7,40.0,13,3.0,0.0,1.0,0.0,1.0,1.0,1000,3.0,1.0,1.0,"-876981,713","-1029822,953","-876981,713","-1029822,953","-876985,224","-1029825,431",,,,silnice1.t¯Ìdy,21,231871.0,,OpaËn˝kesmÏru˙seku,Pomal˝,554502.0,,GN_V0.1UIR-ADR_410,2
190206190035,6,,2019-01-20,0,429,2,0,0,2,1,9,501,0,0,0,120,1,3,1,3,4,1,1,1,0,0,0,3,3,0,,3,47.0,,9.0,0.0,1.0,0.0,1.0,5.0,20,2.0,5.0,1.0,"-887452,857","-1021105,599","-887452,857","-1021105,599","-887452,937","-1021105,414",Cheb,MalÈn·mÏstÌ,,mÌstnÌkomunikace,,2627311.0,,Souhlasn˝sesmÏrem˙seku,Pomal˝,554481.0,140651.0,GN_V0.1UIR-ADR_410,1
190206190036,1,21.0,2019-01-21,1,2020,5,0,0,2,4,0,100,0,0,0,500,2,1,1,1,6,1,1,1,0,0,0,3,1,0,,3,44.0,17,1.0,0.0,1.0,0.0,1.0,1.0,500,3.0,1.0,1.0,,,"-875911,411","-1030702,214","-875917,703","-1030707,471",,,,silnice1.t¯Ìdy,21,1257397.0,,OpaËn˝kesmÏru˙seku,Pomal˝,554502.0,,GN_V0.1UIR-ADR_410,2
190206190037,6,,2019-01-24,4,1360,2,0,0,2,1,0,508,0,0,0,50,1,5,1,6,1,1,1,2,0,0,10,1,2,0,,17,,XX,,,,,,,0,,,,"-898254,927","-1004244,47","-898254,927","-1004244,47","-898254,109","-1004246,55",Aö,Masarykon·mÏstÌ,,mÌstnÌkomunikace,,3495582.0,,,Pomal˝,554499.0,,GN_V0.1UIR-ADR_410,1
190206190038,3,21313.0,2019-01-25,5,1705,1,2,0,2,1,2,501,0,0,0,1170,2,3,1,3,2,1,1,1,0,0,0,3,2,0,,3,39.0,04,1.0,0.0,1.0,1.0,1.0,1.0,400,3.0,1.0,1.0,"-889439,975","-1014764,853","-889439,975","-1014764,853","-889445,42","-1014758,039",,,,silnice3.t¯Ìdy,21313,201468.0,,OpaËn˝kesmÏru˙seku,Pomal˝,554529.0,,GN_V0.1UIR-ADR_410,2
190206190039,6,,2019-01-27,0,860,3,0,3,2,1,0,508,0,0,0,20,2,3,1,4,3,1,1,1,0,0,0,3,1,0,,17,,XX,,,,,,,0,,,,"-887505,255","-1022446,28","-887505,255","-1022446,28","-887505,098","-1022445,785",Cheb,Dukelsk·,,mÌstnÌkomunikace,,3292033.0,,Souhlasn˝sesmÏrem˙seku,Pomal˝,554481.0,138932.0,GN_V0.1UIR-ADR_410,1
190206190040,8,,2019-01-27,0,1360,2,0,0,2,1,0,508,0,0,0,150,1,3,1,3,1,1,1,1,0,0,10,1,2,0,,17,,XX,,,,,,,0,,,,"-887883,217","-1022584,772","-887883,217","-1022584,772","-887882,051","-1022587,955",Cheb,t¯ÌdaSvobody,,mÌstnÌkomunikace,,1509655.0,,OpaËn˝kesmÏru˙seku,Pomal˝,554481.0,,GN_V0.1UIR-ADR_410,1
190206190041,2,214.0,2019-01-28,1,542,1,3,0,2,2,2,402,0,0,0,600,2,3,1,4,5,1,1,1,3,3,0,4,2,13,6.0,13,0.0,,1.0,0.0,0.0,0.0,1.0,32.0,200,8.0,1.0,1.0,"-885960,079","-1021608,452","-885963,301","-1021600,932","-885963,305","-1021600,931",Cheb,NiûnÏtagilsk·,,silnice2.t¯Ìdy,214,215358.0,,,Pomal˝,554481.0,706973.0,GN_V0.1UIR-ADR_410,1
190206190042,6,,2019-01-28,1,2560,2,0,0,2,1,0,504,0,0,0,100,1,6,1,5,1,1,0,0,0,0,10,1,2,0,,17,,XX,,,,,,,0,,,,"-888512,913","-1022681,619","-888512,913","-1022681,619","-888513,244","-1022683,054",Cheb,KNemocnici,,mÌstnÌkomunikace,,2240263.0,,Souhlasn˝sesmÏrem˙seku,Pomal˝,554481.0,,GN_V0.1UIR-ADR_410,1
190206190043,1,21.0,2019-01-29,2,2030,5,0,0,2,4,0,100,0,0,0,550,2,5,1,6,6,1,1,1,0,0,0,3,1,0,,3,39.0,16,3.0,0.0,1.0,0.0,1.0,1.0,500,2.0,1.0,1.0,"-875964,959","-1030655,17","-875964,959","-1030655,17","-875962,865","-1030653,42",,,,silnice1.t¯Ìdy,21,1257397.0,,Souhlasn˝sesmÏrem˙seku,Pomal˝,554502.0,,GN_V0.1UIR-ADR_410,2
190206190044,3,2114.0,2019-01-30,3,830,1,3,0,2,1,2,511,0,0,0,200,2,3,1,3,1,1,1,1,0,0,0,1,2,0,,3,47.0,11,1.0,0.0,1.0,0.0,1.0,3.0,100,2.0,1.0,2.0,"-869861,318","-1036205,181","-869864,004","-1036206,793","-869863,741","-1036206,523",,,,silnice3.t¯Ìdy,2114,2627742.0,,OpaËn˝kesmÏru˙seku,Pomal˝,539481.0,,GN_V0.1UIR-ADR_410,2
190206190045,6,,2019-01-30,3,1415,3,0,9,2,1,2,504,0,0,0,10,1,8,1,5,1,1,1,1,0,0,0,1,1,0,,4,12.0,14,3.0,0.0,1.0,0.0,1.0,5.0,0,2.0,1.0,1.0,"-882441,41","-1022216,605","-882441,41","-1022216,605","-882441,044","-1022218,79",,,,mÌstnÌkomunikace,,2556361.0,,Souhlasn˝sesmÏrem˙seku,Pomal˝,554481.0,,GN_V0.1UIR-ADR_410,2
190206190046,2,212.0,2019-01-30,3,615,5,0,0,2,4,0,100,0,0,0,200,2,3,1,3,6,1,1,1,0,0,0,3,1,0,,3,44.0,11,1.0,0.0,1.0,0.0,1.0,1.0,200,2.0,1.0,1.0,"-879669,318","-1009026,064","-879669,318","-1009026,064","-879664,662","-1009025,098",,,,silnice2.t¯Ìdy,212,2239947.0,,Souhlasn˝sesmÏrem˙seku,Pomal˝,554707.0,,GN_V0.1UIR-ADR_410,2
190206190047,1,21.0,2019-01-30,3,1645,1,2,0,2,1,9,305,0,0,0,900,2,3,1,3,1,1,3,1,0,0,0,3,2,0,,3,35.0,06,1.0,0.0,3.0,0.0,1.0,1.0,300,7.0,5.0,1.0,"-887788,58","-1019075,158","-887794,488","-1019065,489","-887793,75","-1019066,284",,,,silnice1.t¯Ìdy,21,1440274.0,,Souhlasn˝sesmÏrem˙seku,Pomal˝,554481.0,,GN_V0.1UIR-ADR_410,2
190206190048,2,214.0,2019-01-31,4,815,5,0,0,2,4,0,100,0,0,0,420,2,3,1,3,1,1,1,1,0,0,0,1,1,0,,3,4.0,16,1.0,0.0,1.0,0.0,1.0,3.0,400,3.0,1.0,1.0,"-890423,006","-1025499,781","-890423,006","-1025499,781","-890431,613","-1025485,595",,,,silnice2.t¯Ìdy,214,3090452.0,,OpaËn˝kesmÏru˙seku,Pomal˝,554481.0,140082.0,GN_V0.1UIR-ADR_410,2
190206190049,3,2114.0,2019-01-31,4,1300,1,4,0,2,1,2,503,0,0,0,150,2,3,1,3,1,1,1,1,0,0,0,1,2,0,,3,39.0,05,1.0,0.0,1.0,0.0,1.0,1.0,50,2.0,1.0,1.0,"-866758,435","-1038489,072","-866758,435","-1038489,072","-866754,293","-1038490,249",Mari·nskÈL·znÏ,HlavnÌt¯Ìda,,silnice3.t¯Ìdy,2114,257541.0,,Souhlasn˝sesmÏrem˙seku,Pomal˝,554642.0,141534.0,GN_V0.1UIR-ADR_410,1
190206190050,3,2136.0,2019-01-31,4,1632,3,0,1,1,1,2,204,0,0,1,350,2,6,1,6,1,1,1,1,0,0,0,3,1,0,,3,32.0,04,1.0,1.0,1.0,1.0,1.0,3.0,300,2.0,1.0,1.0,"-885695,504","-1008344,728","-885695,504","-1008344,728","-885695,045","-1008344,741",,,,silnice3.t¯Ìdy,2136,2239858.0,,Souhlasn˝sesmÏrem˙seku,Pomal˝,578002.0,,GN_V0.1UIR-ADR_410,2
190206190051,1,21.0,2019-01-31,4,2045,3,0,9,2,1,9,511,0,0,0,40,2,1,1,1,4,1,1,8,3,3,0,3,1,0,,3,47.0,08,1.0,1.0,1.0,0.0,1.0,1.0,0,2.0,5.0,1.0,"-869290,303","-1043005,576","-869290,303","-1043005,576","-869293,682","-1043004,451",TrstÏnice,,,silnice1.t¯Ìdy,21,1257440.0,,OpaËn˝kesmÏru˙seku,Pomal˝,554855.0,,GN_V0.1UIR-ADR_410,1
190206190052,3,2117.0,2019-02-01,5,230,5,0,0,2,4,0,100,0,0,0,200,2,6,1,6,6,1,0,1,0,0,0,1,1,0,,3,7.0,10,2.0,0.0,1.0,0.0,1.0,3.0,200,3.0,1.0,1.0,"-867312,735","-1033032,991","-867312,735","-1033032,991","-867313,205","-1033034,013",,,,silnice3.t¯Ìdy,2117,1596015.0,,OpaËn˝kesmÏru˙seku,Pomal˝,554642.0,,GN_V0.1UIR-ADR_410,2
190206190053,3,2110.0,2019-02-01,5,1205,3,0,9,2,1,2,511,0,0,0,750,2,3,1,3,1,1,1,8,0,0,0,3,1,0,,8,35.0,01,3.0,0.0,1.0,0.0,1.0,1.0,500,4.0,1.0,1.0,"-868473,265","-1039885,19","-868473,265","-1039885,19","-868470,687","-1039889,194",Mari·nskÈL·znÏ,t¯ÌdaVÌtÏzstvÌ,,silnice3.t¯Ìdy,02110,261456.0,,Souhlasn˝sesmÏrem˙seku,Pomal˝,554642.0,142140.0,GN_V0.1UIR-ADR_410,1
190206190054,3,2114.0,2019-02-01,5,1435,3,0,1,2,1,2,204,0,0,0,420,2,8,1,5,1,1,1,8,0,0,0,3,1,0,,3,13.0,03,1.0,1.0,1.0,0.0,1.0,3.0,300,2.0,1.0,1.0,"-871378,916","-1034578,521","-871378,916","-1034578,521","-871380,828","-1034580,581",,,,silnice3.t¯Ìdy,2114,1326875.0,,Souhlasn˝sesmÏrem˙seku,Pomal˝,539112.0,,GN_V0.1UIR-ADR_410,2
190206190055,6,,2019-02-01,5,2124,2,0,0,2,1,0,204,0,0,0,200,1,6,1,4,4,1,1,2,0,0,10,1,2,0,,5,26.0,11,9.0,1.0,1.0,0.0,1.0,5.0,0,9.0,,,"-899181,2","-1004463,391","-899181,2","-1004463,391","-899174,31","-1004454,624",Aö,Selbsk·,,mÌstnÌkomunikace,,1369870.0,,Souhlasn˝sesmÏrem˙seku,Pomal˝,554499.0,136999.0,GN_V0.1UIR-ADR_410,1
190206190057,3,21325.0,2019-02-02,6,1945,3,0,1,2,1,0,501,0,0,0,200,2,3,1,3,4,1,1,1,0,0,0,1,1,0,,3,47.0,05,1.0,0.0,1.0,1.0,1.0,1.0,200,2.0,1.0,1.0,,,"-888862,709","-1016925,137","-888862,447","-1016926,839",FrantiökovyL·znÏ,Francouzsk·,,silnice3.t¯Ìdy,21325,206335.0,,OpaËn˝kesmÏru˙seku,Pomal˝,554529.0,137561.0,GN_V0.1UIR-ADR_410,1
190206190058,6,,2019-02-03,0,1310,2,0,0,2,1,2,204,0,0,0,400,2,6,1,5,3,1,0,1,0,0,10,3,2,0,,3,48.0,08,1.0,1.0,1.0,0.0,1.0,5.0,200,2.0,1.0,1.0,"-887448,333","-1021275,328","-887448,333","-1021275,328","-887448,306","-1021275,4",Cheb,BoûenyNÏmcovÈ,,mÌstnÌkomunikace,,1458783.0,,OpaËn˝kesmÏru˙seku,Pomal˝,554481.0,138720.0,GN_V0.1UIR-ADR_410,1
190206190059,6,,2019-02-02,6,2560,2,0,0,2,1,0,508,0,0,0,200,2,8,1,5,1,1,1,2,0,0,0,2,2,0,,17,,XX,,,,,,,0,,,,"-887571,67","-1022872,665","-887571,67","-1022872,665","-887569,927","-1022872,965",Cheb,Riegerova,,mÌstnÌkomunikace,,1424634.0,,OpaËn˝kesmÏru˙seku,Pomal˝,554481.0,139912.0,GN_V0.1UIR-ADR_410,1