IDENTIFIKA»NÕ »ÕSLO,DRUH POZEMNÕ KOMUNIKACE,»ÕSLO POZEMNÕ KOMUNIKACE,"den, mÏsÌc, rok",,Ëas ,DRUH NEHODY,DRUH SR¡éKY JEDOUCÕCH VOZIDEL,DRUH PEVN… PÿEK¡éKY,CHARAKTER NEHODY,ZAVINÃNÕ NEHODY,ALKOHOL U VINÕKA NEHODY PÿÕTOMEN,HLAVNÕ PÿÕ»INY NEHODY,usmrceno osob,tÏûce zranÏno osob,lehce zranÏno osob,CELKOV¡ HMOTN¡ äKODA,DRUH POVRCHU VOZOVKY,STAV POVRCHU VOZOVKY V DOBÃ NEHODY,STAV KOMUNIKACE,POVÃTRNOSTNÕ PODMÕNKY V DOBÃ NEHODY,VIDITELNOST,ROZHLEDOV… POMÃRY,DÃLENÕ KOMUNIKACE,SITUOV¡NÕ NEHODY NA KOMUNIKACI,ÿÕZENÕ PROVOZU V DOBÃ NEHODY,MÕSTNÕ ⁄PRAVA PÿEDNOSTI V JÕZDÃ,SPECIFICK¡ MÕSTA A OBJEKTY V MÕSTÃ NEHODY,SMÃROV… POMÃRY,PO»ET Z⁄»ASTNÃN›CH VOZIDEL,MÕSTO DOPRAVNÕ NEHODY,DRUH KÿIéUJÕCÕ KOMUNIKACE,DRUH VOZIDLA,V›ROBNÕ ZNA»KA MOTOROV…HO VOZIDLA,ROK V›ROBY VOZIDLA,CHARAKTERISTIKA VOZIDLA ,SMYK,VOZIDLO PO NEHODÃ,"⁄NIK PROVOZNÕCH, PÿEPRAVOVAN›CH HMOT",ZPŸSOB VYPROäTÃNÕ OSOB Z VOZIDLA,SMÃR JÕZDY NEBO POSTAVENÕ VOZIDLA,äKODA NA VOZIDLE,KATEGORIE ÿIDI»E,STAV ÿIDI»E,VNÃJäÕ OVLIVNÃNÕ ÿIDI»E,nan.1,nan.2,nan.3,nan.4,nan.5,nan.6,nan.7,nan.8,nan.9,nan.10,nan.11,nan.12,nan.13,nan.14,nan.15,nan.16,nan.17,nan.18,LOKALITA NEHODY
190206190060,1,21.0,2019-02-03,0,1730,3,0,4,2,1,2,511,0,0,0,300,2,8,1,5,2,1,1,3,0,0,5,2,1,0,,3,32.0,08,1.0,1.0,1.0,0.0,1.0,1.0,200,2.0,1.0,1.0,"-887803,647","-1019098,249","-887803,647","-1019098,249","-887807,928","-1019101,211",,,,silnice1.t¯Ìdy,21,210629.0,,OpaËn˝kesmÏru˙seku,Pomal˝,554481.0,,GN_V0.1UIR-ADR_410,2
190206190061,3,2171.0,2019-02-03,0,1900,1,4,0,2,1,0,511,0,0,0,300,2,6,1,6,6,1,0,1,3,3,0,1,2,0,,5,29.0,12,3.0,1.0,1.0,0.0,1.0,3.0,0,9.0,,,"-897473,434","-998107,906","-897473,434","-998107,906","-897472,342","-998103,904",STUD¡NKA,,,silnice3.t¯Ìdy,2171,2239913.0,,Souhlasn˝sesmÏrem˙seku,Pomal˝,554553.0,,GN_V0.1UIR-ADR_410,1
190306190001,6,,2019-01-01,2,320,2,0,0,2,1,2,508,0,0,0,700,2,3,1,3,4,1,1,2,3,5,10,5,3,10,6.0,3,39.0,99,9.0,0.0,1.0,0.0,1.0,5.0,100,2.0,1.0,1.0,"-850139,799","-1011188,671","-850139,799","-1011188,671","-850143,249","-1011194,132",KARLOVYVARY,Kr·leJi¯Ìho,,mÌstnÌkomunikace,,192233.0,,Souhlasn˝sesmÏrem˙seku,Pomal˝,554961.0,184845.0,GN_V0.1UIR-ADR_410,1
190306190002,1,13.0,2019-01-01,2,515,5,0,0,2,4,0,100,0,0,0,750,2,3,1,3,6,1,3,1,0,0,0,2,1,0,,3,39.0,06,1.0,1.0,1.0,0.0,1.0,3.0,600,2.0,1.0,1.0,"-844834,433","-1007266,182","-844834,433","-1007266,182","-844832,535","-1007268,435",,,,silnice1.t¯Ìdy,13,1821049.0,,Souhlasn˝sesmÏrem˙seku,Pomal˝,538159.0,,GN_V0.1UIR-ADR_410,2
190306190003,2,198.0,2019-01-01,2,1535,5,0,0,2,4,0,100,0,0,0,200,2,3,1,3,3,1,1,1,0,0,0,2,1,0,,3,8.0,18,1.0,0.0,1.0,0.0,1.0,1.0,200,4.0,1.0,1.0,"-847116,25","-1034416,368","-847116,25","-1034416,368","-847107,025","-1034420,65",,,,silnice2.t¯Ìdy,198,2254003.0,,Souhlasn˝sesmÏrem˙seku,Pomal˝,555657.0,,GN_V0.1UIR-ADR_410,2
190306190004,1,6.0,2019-01-01,2,1855,5,0,0,2,4,0,100,0,0,0,350,2,3,1,3,7,1,1,1,0,0,0,1,1,0,,3,17.0,12,3.0,0.0,1.0,0.0,1.0,3.0,300,2.0,1.0,1.0,"-839913,933","-1020551,061","-839913,933","-1020551,061","-839896,72","-1020538,94",,,,silnice1.t¯Ìdy,6,2622360.0,,Souhlasn˝sesmÏrem˙seku,Pomal˝,555029.0,,GN_V0.1UIR-ADR_410,2
190306190005,1,6.0,2019-01-01,2,2040,5,0,0,2,4,0,100,0,0,0,450,2,3,1,5,7,1,1,1,0,0,0,1,1,0,,8,26.0,17,4.0,0.0,1.0,0.0,1.0,1.0,400,4.0,1.0,1.0,"-836082,52","-1023023,73","-836082,52","-1023023,73","-836081,558","-1023021,353",,,,silnice1.t¯Ìdy,6,2706336.0,,Souhlasn˝sesmÏrem˙seku,Pomal˝,555029.0,,GN_V0.1UIR-ADR_410,2
190306190006,1,6.0,2019-01-02,3,900,3,0,9,2,1,2,204,0,0,0,920,2,5,1,6,1,1,1,8,0,0,0,1,1,0,,3,27.0,08,3.0,1.0,1.0,0.0,1.0,3.0,900,2.0,1.0,1.0,"-837936,087","-1022273,525","-837936,087","-1022273,525","-837933,509","-1022267,17",,,,silnice1.t¯Ìdy,6,2248694.0,,Souhlasn˝sesmÏrem˙seku,Pomal˝,555029.0,,GN_V0.1UIR-ADR_410,2
190306190007,1,6.0,2019-01-02,3,1210,3,0,3,2,1,2,204,0,0,0,370,2,6,1,5,1,1,1,8,3,3,0,4,1,19,1.0,3,60.0,15,1.0,1.0,1.0,1.0,1.0,34.0,350,2.0,1.0,1.0,"-854460,805","-1011492,578","-854460,805","-1011492,578","-854462,138","-1011493,009",,,,silnice1.t¯Ìdy,6,2557797.0,,Souhlasn˝sesmÏrem˙seku,Pomal˝,554961.0,183954.0,GN_V0.1UIR-ADR_410,2
190306190008,1,6.0,2019-01-02,3,1225,9,0,0,1,1,2,204,0,0,2,400,2,5,1,3,3,1,2,8,0,0,0,1,1,0,,3,9.0,08,1.0,1.0,1.0,0.0,1.0,1.0,400,3.0,1.0,1.0,"-841776,006","-1018436,862","-841776,006","-1018436,862","-841768,924","-1018429,114",,,,silnice1.t¯Ìdy,6,1263574.0,,Souhlasn˝sesmÏrem˙seku,Pomal˝,555592.0,,GN_V0.1UIR-ADR_410,2
190306190009,6,,2019-01-02,3,1955,3,0,2,2,1,2,204,0,0,0,400,2,5,1,6,4,1,1,8,3,3,0,5,1,10,6.0,3,39.0,04,1.0,1.0,1.0,0.0,1.0,5.0,220,7.0,1.0,1.0,"-849004,151","-1012731,189","-849004,151","-1012731,189","-849003,703","-1012730,942",KARLOVYVARY,SLOVENSK¡,,mÌstnÌkomunikace,,1312021.0,,,Pomal˝,554961.0,184276.0,GN_V0.1UIR-ADR_410,1
190306190010,3,22129.0,2019-01-03,4,2100,5,0,0,2,4,0,100,0,0,0,100,2,5,1,6,6,1,1,1,0,0,0,1,1,0,,3,17.0,08,1.0,0.0,1.0,0.0,1.0,1.0,100,2.0,1.0,1.0,"-848219,999","-1008221,632","-848243,026","-1008168,615","-848243,661","-1008167,561",,,,silnice3.t¯Ìdy,22129,3089664.0,,OpaËn˝kesmÏru˙seku,Pomal˝,537969.0,188492.0,GN_V0.1UIR-ADR_410,2
190306190011,3,22222.0,2019-01-04,5,545,5,0,0,2,4,0,100,0,0,0,120,2,3,1,3,6,1,1,1,0,0,0,1,1,0,,3,8.0,17,1.0,0.0,1.0,0.0,1.0,1.0,70,2.0,1.0,1.0,"-844410,897","-1005130,296","-844410,897","-1005130,296","-844415,43","-1005122,343",,,,silnice3.t¯Ìdy,22222,1326041.0,,OpaËn˝kesmÏru˙seku,Pomal˝,555428.0,,GN_V0.1UIR-ADR_410,2
190306190012,1,13.0,2019-01-04,5,655,1,4,0,2,1,2,508,0,0,0,800,2,3,1,3,6,1,3,4,3,3,0,4,2,19,3.0,3,7.0,10,2.0,0.0,1.0,0.0,1.0,41.0,600,2.0,1.0,1.0,"-844133,758","-1005239,138","-844133,758","-1005239,138","-844133,011","-1005239,276",,,,silnice1.t¯Ìdy,13,1440574.0,,Souhlasn˝sesmÏrem˙seku,Pomal˝,555428.0,,GN_V0.1UIR-ADR_410,2
190306190013,8,,2019-01-04,5,1130,4,0,0,1,1,2,204,0,0,1,0,2,6,1,6,1,1,1,1,0,0,0,3,1,0,,3,47.0,15,8.0,1.0,1.0,0.0,1.0,5.0,0,3.0,1.0,1.0,"-853843,347","-1013587,817","-853843,347","-1013587,817","-853835,754","-1013587,034",,,,mÌstnÌkomunikace,,1596575.0,,Souhlasn˝sesmÏrem˙seku,Pomal˝,554961.0,186228.0,GN_V0.1UIR-ADR_410,2
190306190014,1,25.0,2019-01-04,5,1510,1,4,0,2,1,2,409,0,0,0,300,2,8,1,5,3,1,1,1,0,5,10,1,3,0,,3,13.0,16,9.0,0.0,1.0,0.0,1.0,1.0,0,3.0,1.0,1.0,"-842427,688","-992039,737","-842438,934","-992022,6","-842438,312","-992023,652",,,,silnice1.t¯Ìdy,25,3437941.0,,Souhlasn˝sesmÏrem˙seku,Pomal˝,506486.0,,GN_V0.1UIR-ADR_410,2
190306190015,1,6.0,2019-01-06,0,2035,5,0,0,2,4,0,100,0,0,0,80,2,3,1,3,6,1,2,1,0,0,0,3,1,0,,3,27.0,16,1.0,0.0,1.0,0.0,1.0,1.0,80,2.0,1.0,1.0,"-846929,843","-1012188,392","-846929,843","-1012188,392","-846933,106","-1012188,307",,,,silnice1.t¯Ìdy,6,1669897.0,,OpaËn˝kesmÏru˙seku,Pomal˝,554961.0,,GN_V0.1UIR-ADR_410,2
190306190016,1,20.0,2019-01-01,2,2560,6,0,0,2,4,0,100,0,0,0,130,2,3,1,3,6,1,1,1,0,0,0,1,1,0,,3,35.0,98,1.0,0.0,1.0,0.0,1.0,1.0,30,4.0,1.0,1.0,,,"-845466,895","-1031099,711","-845463,944","-1031098,688",,,,silnice1.t¯Ìdy,20,235999.0,,Souhlasn˝sesmÏrem˙seku,Pomal˝,555657.0,,GN_V0.1UIR-ADR_410,2
190306190017,3,2201.0,2019-01-07,1,1445,3,0,4,2,1,2,205,0,0,0,800,2,3,1,3,1,1,1,3,0,0,0,3,1,0,,3,35.0,11,1.0,1.0,1.0,0.0,1.0,3.0,700,2.0,1.0,1.0,"-851856,49","-1008698,363","-851751,589","-1008801,422","-851751,725","-1008801,516",,,,silnice3.t¯Ìdy,2201,3350797.0,,OpaËn˝kesmÏru˙seku,Pomal˝,554961.0,185876.0,GN_V0.1UIR-ADR_410,2
190306190018,2,221.0,2019-01-07,1,1750,0,0,0,2,0,0,100,0,0,0,210,2,6,1,5,7,1,1,1,0,0,0,1,1,0,,3,2.0,12,1.0,0.0,1.0,0.0,1.0,3.0,200,2.0,1.0,1.0,"-853834,408","-993327,11","-853834,408","-993327,11","-853824,291","-993320,278",,,,silnice2.t¯Ìdy,221,2248599.0,,Souhlasn˝sesmÏrem˙seku,Pomal˝,555169.0,,GN_V0.1UIR-ADR_410,2
190306190019,1,6.0,2019-01-08,2,530,3,0,9,1,1,2,204,0,0,2,720,2,3,1,5,7,1,1,8,0,0,0,1,2,0,,3,17.0,07,1.0,1.0,1.0,1.0,1.0,3.0,700,3.0,1.0,1.0,"-836115,695","-1022996,162","-836115,695","-1022996,162","-836119,65","-1023005,932",,,,silnice1.t¯Ìdy,6,2706336.0,,OpaËn˝kesmÏru˙seku,Pomal˝,555029.0,,GN_V0.1UIR-ADR_410,2
190306190020,6,,2019-01-08,2,750,3,0,3,2,1,2,204,0,0,0,700,2,6,1,5,2,1,1,8,3,3,0,5,1,10,6.0,5,29.0,09,3.0,1.0,1.0,0.0,1.0,5.0,600,2.0,1.0,1.0,"-852279,13","-1009648,149","-852279,13","-1009648,149","-852287,742","-1009637,904",KARLOVYVARY-STAR¡ROLE,OkruûnÌ,,mÌstnÌkomunikace,,188041.0,,OpaËn˝kesmÏru˙seku,Pomal˝,554961.0,185515.0,GN_V0.1UIR-ADR_410,1
190306190021,8,,2019-01-08,2,1125,0,0,0,2,5,2,100,0,0,0,800,2,3,1,3,1,1,1,1,0,0,0,1,2,0,,5,35.0,18,3.0,0.0,1.0,0.0,1.0,5.0,300,2.0,1.0,1.0,"-849286,107","-1009467,077","-849286,107","-1009467,077","-849278,017","-1009464,925",KARLOVYVARY-BOHATICE,Dubov·,,mÌstnÌkomunikace,,3313024.0,,,Pomal˝,554961.0,184179.0,GN_V0.1UIR-ADR_410,1
190306190022,1,6.0,2019-01-08,2,1340,3,0,4,2,1,2,204,0,0,0,700,2,3,1,5,3,1,2,3,0,0,0,3,1,0,,3,7.0,10,1.0,1.0,1.0,0.0,1.0,1.0,600,2.0,1.0,1.0,"-847466,917","-1013338,213","-847494,764","-1013370,345","-847494,275","-1013370,337",,,,silnice1.t¯Ìdy,6,1460338.0,,Souhlasn˝sesmÏrem˙seku,Pomal˝,554961.0,185761.0,GN_V0.1UIR-ADR_410,2
190306190023,1,13.0,2019-01-08,2,1525,5,0,0,2,4,0,100,0,0,0,600,2,3,1,4,3,1,3,1,0,0,0,1,1,0,,3,39.0,08,3.0,0.0,1.0,1.0,1.0,1.0,600,2.0,1.0,1.0,,,"-845490,011","-1007811,198","-845486,44","-1007817,906",,,,silnice1.t¯Ìdy,13,2557795.0,,Souhlasn˝sesmÏrem˙seku,Pomal˝,555533.0,,GN_V0.1UIR-ADR_410,2
190306190024,6,,2019-01-08,2,1720,1,3,0,1,1,2,410,0,0,2,100,2,3,1,4,5,1,1,1,0,0,0,1,2,0,,3,47.0,97,1.0,0.0,1.0,0.0,1.0,5.0,50,2.0,1.0,1.0,"-851821,055","-1010452,175","-851821,055","-1010452,175","-851824,997","-1010450,677",KARLOVYVARY-RYB¡ÿE,Sokolovsk·,,mÌstnÌkomunikace,,1792163.0,,Souhlasn˝sesmÏrem˙seku,Pomal˝,554961.0,186961.0,GN_V0.1UIR-ADR_410,1
190306190025,8,,2019-01-07,1,1945,1,3,0,2,1,0,404,0,0,0,200,2,3,1,4,5,1,1,1,3,5,0,4,2,10,7.0,3,39.0,07,1.0,0.0,1.0,0.0,1.0,5.0,150,2.0,1.0,1.0,"-852358,679","-1011171,505","-852358,679","-1011171,505","-852355,78","-1011169,409",KARLOVYVARY-DVORY,Kpt.Jaroöe,,mÌstnÌkomunikace,,1459940.0,,Souhlasn˝sesmÏrem˙seku,Pomal˝,554961.0,184829.0,GN_V0.1UIR-ADR_410,1
190306190026,2,221.0,2019-01-09,3,35,5,0,0,2,4,0,100,0,0,0,500,2,6,1,5,7,1,1,1,0,0,0,1,1,0,,3,39.0,15,8.0,0.0,1.0,0.0,1.0,3.0,500,3.0,1.0,1.0,"-849253,791","-1002010,62","-849253,791","-1002010,62","-849254,339","-1002010,883",,,,silnice2.t¯Ìdy,221,3461739.0,,OpaËn˝kesmÏru˙seku,Pomal˝,555185.0,,GN_V0.1UIR-ADR_410,2
190306190027,2,198.0,2019-01-09,3,1000,3,0,1,2,1,2,204,0,0,0,1005,2,8,1,5,3,1,1,8,0,0,0,2,1,0,,5,35.0,18,3.0,1.0,1.0,0.0,1.0,3.0,1000,3.0,1.0,1.0,"-839048,148","-1022704,158","-839048,148","-1022704,158","-839048,721","-1022704,011",,,,silnice2.t¯Ìdy,198,2248903.0,,OpaËn˝kesmÏru˙seku,Pomal˝,555029.0,,GN_V0.1UIR-ADR_410,2
190306190028,2,221.0,2019-01-09,3,1030,1,3,0,2,1,2,204,0,0,0,730,2,8,1,4,3,1,1,1,3,3,0,5,2,19,3.0,3,39.0,16,8.0,1.0,1.0,0.0,1.0,32.0,400,2.0,1.0,1.0,"-849283,468","-1001949,149","-849278,624","-1001950,197","-849278,663","-1001950,206",HroznÏtÌn,,,silnice2.t¯Ìdy,221,3320108.0,,OpaËn˝kesmÏru˙seku,Pomal˝,555185.0,,GN_V0.1UIR-ADR_410,1
190306190029,1,20.0,2019-01-09,3,1635,1,4,0,2,1,2,508,0,0,0,1600,2,3,1,5,2,1,1,1,0,0,0,1,3,0,,3,39.0,00,1.0,0.0,1.0,0.0,1.0,1.0,300,4.0,1.0,1.0,"-848441,384","-1029206,415","-848441,384","-1029206,415","-848440,401","-1029203,208",,,,silnice1.t¯Ìdy,20,2253605.0,,Souhlasn˝sesmÏrem˙seku,Pomal˝,555681.0,,GN_V0.1UIR-ADR_410,2
190306190030,1,6.0,2019-01-09,3,1910,3,0,4,2,1,2,205,0,0,0,90,2,3,1,5,5,1,1,3,3,3,0,5,1,19,6.0,3,13.0,02,1.0,1.0,1.0,0.0,1.0,21.0,80,2.0,1.0,1.0,"-852174,016","-1010377,276","-852174,016","-1010377,276","-852170,259","-1010378,42",KARLOVYVARY-STAR¡ROLE,,,silnice1.t¯Ìdy,6,868710.0,,Souhlasn˝sesmÏrem˙seku,Pomal˝,554961.0,186961.0,GN_V0.1UIR-ADR_410,1
190306190031,3,2201.0,2019-01-09,3,1730,5,0,0,2,4,0,100,0,0,0,230,2,3,1,5,7,1,1,1,0,0,0,3,1,0,,3,26.0,17,3.0,0.0,1.0,0.0,1.0,3.0,200,2.0,1.0,1.0,"-851640,79","-1008898,925","-851640,79","-1008898,925","-851638,217","-1008889,674",,,,silnice3.t¯Ìdy,2201,3350797.0,,Souhlasn˝sesmÏrem˙seku,Pomal˝,554961.0,185876.0,GN_V0.1UIR-ADR_410,2
190306190032,6,,2019-01-10,4,705,5,0,0,2,4,0,100,0,0,0,100,2,3,1,3,6,1,1,1,0,0,0,2,1,0,,3,39.0,16,3.0,0.0,1.0,0.0,1.0,5.0,100,3.0,1.0,1.0,"-851191,54","-1009256,685","-851193,147","-1009257,756","-851198,338","-1009256,868",,,,mÌstnÌkomunikace,,3461090.0,,OpaËn˝kesmÏru˙seku,Pomal˝,554961.0,185876.0,GN_V0.1UIR-ADR_410,2
190306190033,2,198.0,2019-01-11,5,745,5,0,0,2,4,0,100,0,0,0,500,2,3,1,3,2,1,1,1,0,0,0,3,1,0,,3,39.0,16,3.0,0.0,1.0,0.0,1.0,3.0,500,2.0,1.0,1.0,"-841627,494","-1027403,768","-841627,494","-1027403,768","-841622,618","-1027406,043",,,,silnice2.t¯Ìdy,198,2253803.0,,Souhlasn˝sesmÏrem˙seku,Pomal˝,555029.0,,GN_V0.1UIR-ADR_410,2
190306190034,1,6.0,2019-01-11,5,710,5,0,0,2,4,0,100,0,0,0,150,2,3,1,3,6,1,2,1,0,0,0,1,1,0,,3,39.0,14,3.0,0.0,1.0,0.0,1.0,1.0,100,2.0,1.0,1.0,,,"-847872,613","-1010823,382","-847875,113","-1010825,982",,,,silnice1.t¯Ìdy,6,1669921.0,,OpaËn˝kesmÏru˙seku,Pomal˝,554961.0,186155.0,GN_V0.1UIR-ADR_410,2
190306190035,8,,2019-01-07,1,1760,2,0,0,2,1,0,508,0,0,0,100,1,6,1,5,5,1,1,2,0,0,0,1,2,0,,17,,XX,,,,,,,0,,,,"-844259,806","-996619,864","-853291,934","-1011769,101","-853290,359","-1011770,119",KARLOVYVARY-DVORY,Z·vodnÌ,,mÌstnÌkomunikace,,3497788.0,,OpaËn˝kesmÏru˙seku,Pomal˝,554961.0,186813.0,GN_V0.1UIR-ADR_410,1
190306190036,8,,2019-01-11,5,1530,3,0,3,2,1,2,204,0,0,0,150,2,6,1,6,1,1,1,3,0,0,0,1,1,0,,3,47.0,10,1.0,0.0,1.0,0.0,1.0,5.0,120,2.0,1.0,1.0,"-855272,293","-1026854,416","-855272,293","-1026854,416","-855278,003","-1026844,424",BeËovnadTeplou,Tov·rnÌ,,mÌstnÌkomunikace,,2628749.0,,Souhlasn˝sesmÏrem˙seku,Pomal˝,554995.0,181731.0,GN_V0.1UIR-ADR_410,1
190306190037,1,20.0,2019-01-11,5,2045,3,0,4,1,1,2,204,0,0,1,700,2,6,1,5,7,1,1,3,0,0,0,2,1,0,,3,17.0,15,1.0,1.0,1.0,0.0,1.0,1.0,600,2.0,1.0,1.0,"-853271,88","-1018592,66","-853271,88","-1018592,66","-853276,861","-1018597,712",,,,silnice1.t¯Ìdy,20,2628128.0,,OpaËn˝kesmÏru˙seku,Pomal˝,537845.0,,GN_V0.1UIR-ADR_410,2
190306190038,2,222.0,2019-01-11,5,2230,5,0,0,2,4,0,100,0,0,0,50,2,3,1,5,6,1,1,1,0,0,0,3,1,0,,3,47.0,12,3.0,0.0,1.0,0.0,1.0,3.0,50,2.0,1.0,1.0,"-853165,973","-1009936,411","-853165,973","-1009936,411","-853175,156","-1009940,447",,,,silnice2.t¯Ìdy,222,872572.0,,OpaËn˝kesmÏru˙seku,Pomal˝,554961.0,185671.0,GN_V0.1UIR-ADR_410,2
190306190039,6,,2019-01-12,6,1020,4,0,0,1,1,2,412,0,0,1,100,2,3,1,3,1,1,1,1,3,3,1,4,1,10,6.0,3,8.0,17,1.0,0.0,1.0,0.0,1.0,5.0,100,2.0,1.0,1.0,"-842972,421","-1003294,997","-842972,421","-1003294,997","-842970,277","-1003286,638",Ostrov,HlavnÌt¯Ìda,,mÌstnÌkomunikace,,171953.0,,Souhlasn˝sesmÏrem˙seku,Pomal˝,555428.0,187917.0,GN_V0.1UIR-ADR_410,1
190306190040,1,6.0,2019-01-08,2,1950,3,0,1,2,1,0,205,0,0,0,500,2,3,1,3,7,3,2,1,0,0,0,2,1,0,,3,47.0,12,3.0,0.0,1.0,0.0,1.0,3.0,500,2.0,1.0,1.0,"-846790,307","-1011770,794","-846790,846","-1011807,979","-846790,874","-1011807,935",,,,silnice1.t¯Ìdy,6,1669896.0,,OpaËn˝kesmÏru˙seku,Pomal˝,554961.0,,GN_V0.1UIR-ADR_410,2
190306190041,1,13.0,2019-01-12,6,1830,1,2,0,2,1,2,508,0,0,0,800,2,3,1,5,7,1,2,1,0,0,0,2,2,0,,3,47.0,09,1.0,0.0,1.0,0.0,1.0,1.0,800,3.0,1.0,5.0,"-832064,594","-997854,641","-832062,987","-997840,718","-832062,983","-997840,238",,,,silnice1.t¯Ìdy,13,2614223.0,,Souhlasn˝sesmÏrem˙seku,Pomal˝,555584.0,,GN_V0.1UIR-ADR_410,2
190306190042,6,,2019-01-12,6,1905,3,0,3,2,1,2,508,0,0,0,1070,2,3,1,5,5,1,1,6,0,0,7,1,1,0,,3,39.0,18,3.0,0.0,1.0,1.0,1.0,5.0,1000,2.0,1.0,1.0,"-849001,562","-1012234,697","-849001,562","-1012234,697","-849000,586","-1012238,518",KarlovyVary,Libuöina,,mÌstnÌkomunikace,,736490.0,,,Pomal˝,554961.0,184969.0,GN_V0.1UIR-ADR_410,1
190306190043,1,13.0,2019-01-13,0,510,3,0,4,2,1,2,204,0,0,0,910,2,3,1,3,7,1,3,3,0,0,5,3,1,0,,3,47.0,13,1.0,1.0,1.0,1.0,1.0,1.0,850,2.0,1.0,1.0,"-844617,21","-1003711,958","-844617,21","-1003711,958","-844619,967","-1003711,994",,,,silnice1.t¯Ìdy,13,1435112.0,,Souhlasn˝sesmÏrem˙seku,Pomal˝,555428.0,,GN_V0.1UIR-ADR_410,2
190306190044,6,,2019-01-13,0,625,2,0,0,2,1,2,508,0,0,0,50,2,8,12,5,4,1,0,1,0,0,0,1,2,0,,9,0.0,95,3.0,0.0,1.0,0.0,1.0,5.0,0,4.0,1.0,1.0,"-843295,775","-991787,802","-843295,775","-991787,802","-843293,56","-991781,5",BoûÌDar,,,mÌstnÌkomunikace,,151586.0,,Souhlasn˝sesmÏrem˙seku,Pomal˝,506486.0,,GN_V0.1UIR-ADR_410,1
190306190045,8,,2019-01-13,0,1060,2,0,0,2,1,0,504,0,0,0,100,2,3,1,3,1,1,0,2,0,0,10,1,2,0,,17,,XX,,,,,,,0,,,,"-855100,511","-1011654,488","-855100,511","-1011654,488","-855103,525","-1011665,196",JENIäOV,PodRohem,,mÌstnÌkomunikace,,2705242.0,,Souhlasn˝sesmÏrem˙seku,Pomal˝,537926.0,,GN_V0.1UIR-ADR_410,1
190306190046,1,6.0,2019-01-13,0,1245,1,2,0,2,1,2,204,0,0,0,950,2,3,1,4,3,1,1,1,0,0,5,3,2,0,,3,13.0,06,1.0,1.0,1.0,1.0,1.0,1.0,150,3.0,1.0,1.0,"-853084,197","-1010692,145","-853084,197","-1010692,145","-853087,089","-1010701,111",,,,silnice1.t¯Ìdy,6,1314724.0,,OpaËn˝kesmÏru˙seku,Pomal˝,554961.0,186171.0,GN_V0.1UIR-ADR_410,2
190306190047,1,6.0,2019-01-13,0,1250,3,0,4,2,1,2,204,0,0,0,650,2,3,1,4,3,1,2,8,0,0,0,3,1,0,,3,39.0,06,1.0,1.0,1.0,0.0,1.0,3.0,600,2.0,1.0,1.0,"-846629,461","-1011194,207","-846629,461","-1011194,207","-846620,63","-1011184,823",,,,silnice1.t¯Ìdy,6,192359.0,,Souhlasn˝sesmÏrem˙seku,Pomal˝,554961.0,186155.0,GN_V0.1UIR-ADR_410,2
190306190048,1,6.0,2019-01-13,0,1740,5,0,0,2,4,0,100,0,0,0,300,2,3,1,4,7,1,1,1,0,0,0,1,1,0,,3,39.0,17,3.0,0.0,1.0,0.0,1.0,1.0,300,2.0,1.0,1.0,"-831560,005","-1024516,463","-831560,005","-1024516,463","-831559,382","-1024534,185",,,,silnice1.t¯Ìdy,6,1326710.0,,OpaËn˝kesmÏru˙seku,Pomal˝,555711.0,,GN_V0.1UIR-ADR_410,2
190306190049,2,221.0,2019-01-14,1,642,1,1,0,1,1,2,204,0,0,1,600,2,6,1,6,4,1,1,1,0,0,0,1,2,0,,3,47.0,04,1.0,1.0,1.0,1.0,1.0,3.0,300,2.0,1.0,1.0,"-851208,604","-997904,633","-851208,604","-997904,633","-851205,426","-997902,803",MerklÌn,,,silnice2.t¯Ìdy,221,2248619.0,,OpaËn˝kesmÏru˙seku,Pomal˝,555363.0,,GN_V0.1UIR-ADR_410,1
190306190050,1,20.0,2019-01-14,1,700,1,2,0,2,1,2,413,0,0,0,2100,2,3,1,3,6,1,1,1,3,3,0,5,2,19,3.0,5,19.0,14,3.0,0.0,1.0,0.0,1.0,32.0,1000,3.0,1.0,1.0,"-842487,354","-1036821,729","-842487,354","-1036821,729","-842483,173","-1036828,563",,,,mÌstnÌkomunikace,,2621648.0,,,Pomal˝,555657.0,,GN_V0.1UIR-ADR_410,2
190306190051,3,21047.0,2019-01-14,1,1322,3,0,3,2,1,2,204,0,0,0,350,2,8,1,6,1,3,1,8,0,0,0,3,1,0,,3,17.0,07,1.0,1.0,1.0,0.0,1.0,1.0,300,2.0,1.0,1.0,"-859131,377","-999424,117","-859131,377","-999424,117","-859133,613","-999418,788",Nejdek,Kraslick·,,silnice3.t¯Ìdy,21047,3561575.0,,Souhlasn˝sesmÏrem˙seku,Pomal˝,555380.0,187232.0,GN_V0.1UIR-ADR_410,1
190306190052,6,,2019-01-14,1,1940,1,3,0,1,1,2,405,0,0,1,380,2,3,1,4,4,1,4,1,2,0,0,5,2,10,6.0,3,47.0,07,1.0,0.0,1.0,0.0,1.0,5.0,230,2.0,1.0,1.0,"-850365,954","-1011006,577","-850365,954","-1011006,577","-850365,262","-1011007,967",KARLOVYVARY,n·mÏstÌRepubliky,,mÌstnÌkomunikace,,1670165.0,,,Pomal˝,554961.0,185418.0,GN_V0.1UIR-ADR_410,1