IDENTIFIKA»NÕ »ÕSLO,DRUH POZEMNÕ KOMUNIKACE,»ÕSLO POZEMNÕ KOMUNIKACE,"den, mÏsÌc, rok",,Ëas ,DRUH NEHODY,DRUH SR¡éKY JEDOUCÕCH VOZIDEL,DRUH PEVN… PÿEK¡éKY,CHARAKTER NEHODY,ZAVINÃNÕ NEHODY,ALKOHOL U VINÕKA NEHODY PÿÕTOMEN,HLAVNÕ PÿÕ»INY NEHODY,usmrceno osob,tÏûce zranÏno osob,lehce zranÏno osob,CELKOV¡ HMOTN¡ äKODA,DRUH POVRCHU VOZOVKY,STAV POVRCHU VOZOVKY V DOBÃ NEHODY,STAV KOMUNIKACE,POVÃTRNOSTNÕ PODMÕNKY V DOBÃ NEHODY,VIDITELNOST,ROZHLEDOV… POMÃRY,DÃLENÕ KOMUNIKACE,SITUOV¡NÕ NEHODY NA KOMUNIKACI,ÿÕZENÕ PROVOZU V DOBÃ NEHODY,MÕSTNÕ ⁄PRAVA PÿEDNOSTI V JÕZDÃ,SPECIFICK¡ MÕSTA A OBJEKTY V MÕSTÃ NEHODY,SMÃROV… POMÃRY,PO»ET Z⁄»ASTNÃN›CH VOZIDEL,MÕSTO DOPRAVNÕ NEHODY,DRUH KÿIéUJÕCÕ KOMUNIKACE,DRUH VOZIDLA,V›ROBNÕ ZNA»KA MOTOROV…HO VOZIDLA,ROK V›ROBY VOZIDLA,CHARAKTERISTIKA VOZIDLA ,SMYK,VOZIDLO PO NEHODÃ,"⁄NIK PROVOZNÕCH, PÿEPRAVOVAN›CH HMOT",ZPŸSOB VYPROäTÃNÕ OSOB Z VOZIDLA,SMÃR JÕZDY NEBO POSTAVENÕ VOZIDLA,äKODA NA VOZIDLE,KATEGORIE ÿIDI»E,STAV ÿIDI»E,VNÃJäÕ OVLIVNÃNÕ ÿIDI»E,nan.1,nan.2,nan.3,nan.4,nan.5,nan.6,nan.7,nan.8,nan.9,nan.10,nan.11,nan.12,nan.13,nan.14,nan.15,nan.16,nan.17,nan.18,LOKALITA NEHODY
190306190053,3,19834.0,2019-01-15,2,1650,1,2,0,2,1,2,204,0,0,0,900,2,6,1,5,2,3,1,1,0,0,0,3,2,0,,3,42.0,10,1.0,0.0,1.0,0.0,1.0,1.0,400,3.0,1.0,1.0,"-856820,459","-1041718,522","-856820,459","-1041718,522","-856819,168","-1041717,664",,,,silnice3.t¯Ìdy,19834,1595866.0,,Souhlasn˝sesmÏrem˙seku,Pomal˝,555631.0,,GN_V0.1UIR-ADR_410,2
190306190054,1,6.0,2019-01-16,3,830,1,2,0,2,1,2,411,0,0,0,360,2,3,1,3,1,1,5,1,3,3,0,4,2,19,6.0,3,38.0,03,1.0,0.0,1.0,0.0,1.0,23.0,200,2.0,1.0,1.0,"-848576,81","-1010322,674","-848576,81","-1010322,674","-848575,747","-1010318,62",KARLOVYVARY-DRAHOVICE,Mattonihon·b¯eûÌ,,silnice1.t¯Ìdy,6,709805.0,,Souhlasn˝sesmÏrem˙seku,Pomal˝,554961.0,185426.0,GN_V0.1UIR-ADR_410,1
190306190055,6,,2019-01-16,3,1045,0,0,0,2,0,0,100,0,0,0,100,2,8,1,6,1,1,1,1,0,0,0,1,1,0,,3,39.0,17,3.0,0.0,1.0,0.0,1.0,5.0,100,2.0,1.0,1.0,"-842867,569","-997691,282","-842867,569","-997691,282","-842867,161","-997692,021",J·chymov,Fibichova,,mÌstnÌkomunikace,,1820927.0,,,Pomal˝,555215.0,183130.0,GN_V0.1UIR-ADR_410,1
190306190056,2,220.0,2019-01-16,3,2015,5,0,0,2,4,0,100,0,0,0,100,2,1,1,1,6,1,1,1,0,0,0,1,1,0,,3,42.0,14,3.0,0.0,1.0,0.0,1.0,3.0,100,2.0,1.0,1.0,"-855373,27","-1001526,523","-855373,27","-1001526,523","-855364,987","-1001520,85",,,,silnice2.t¯Ìdy,220,2248839.0,,Souhlasn˝sesmÏrem˙seku,Pomal˝,555380.0,,GN_V0.1UIR-ADR_410,2
190306190057,1,20.0,2019-01-17,4,545,3,0,4,2,1,2,205,0,0,0,230,2,3,1,3,6,1,1,8,0,0,0,3,1,0,,3,7.0,07,1.0,1.0,1.0,0.0,1.0,3.0,150,2.0,1.0,1.0,"-854074,221","-1024646,481","-854074,221","-1024646,481","-854077,129","-1024644,939",,,,silnice1.t¯Ìdy,20,1326712.0,,OpaËn˝kesmÏru˙seku,Pomal˝,554995.0,,GN_V0.1UIR-ADR_410,2
190306190058,8,,2019-01-17,4,1215,3,0,9,2,1,2,508,0,0,0,400,2,3,1,3,1,1,1,2,0,0,10,1,1,0,,3,26.0,11,9.0,0.0,1.0,0.0,1.0,5.0,300,2.0,1.0,1.0,"-853475,11","-1011159,885","-853475,11","-1011159,885","-853474,785","-1011164,415",KARLOVYVARY-DVORY,VAleji,,mÌstnÌkomunikace,,1715259.0,,OpaËn˝kesmÏru˙seku,Pomal˝,554961.0,186589.0,GN_V0.1UIR-ADR_410,1
190306190059,1,13.0,2019-01-17,4,1607,3,0,1,1,1,2,508,0,0,2,610,2,3,1,3,1,1,3,8,0,0,0,1,1,0,,3,39.0,07,1.0,0.0,1.0,1.0,1.0,3.0,600,2.0,2.0,1.0,"-848024,467","-1009840,27","-848024,467","-1009840,27","-848024,523","-1009839,673",,,,silnice1.t¯Ìdy,13,1312324.0,,Souhlasn˝sesmÏrem˙seku,Pomal˝,537918.0,,GN_V0.1UIR-ADR_410,2
190306190060,6,,2019-01-18,5,610,3,0,3,2,1,2,204,0,0,0,220,1,6,1,5,5,1,1,6,0,0,2,1,1,0,,3,13.0,00,1.0,1.0,1.0,0.0,1.0,5.0,200,2.0,1.0,1.0,"-852425,49","-1011199,939","-852425,49","-1011199,939","-852419,356","-1011195,683",KARLOVYVARY-DVORY,Kpt.Jaroöe,,mÌstnÌkomunikace,,2622205.0,,Souhlasn˝sesmÏrem˙seku,Pomal˝,554961.0,184829.0,GN_V0.1UIR-ADR_410,1
190306190061,1,6.0,2019-01-18,5,835,3,0,4,2,1,2,205,0,0,0,500,2,3,1,5,3,1,3,3,0,0,5,3,1,0,,3,35.0,08,1.0,1.0,1.0,0.0,1.0,1.0,400,2.0,1.0,1.0,"-853314,019","-1010865,637","-853313,483","-1010874,741","-853313,828","-1010874,599",,,,silnice1.t¯Ìdy,6,1459831.0,,Souhlasn˝sesmÏrem˙seku,Pomal˝,554961.0,183890.0,GN_V0.1UIR-ADR_410,2
190306190062,1,6.0,2019-01-18,5,1140,3,0,4,2,1,2,204,0,0,0,800,2,3,1,3,1,1,3,3,0,0,5,3,1,0,,3,17.0,18,3.0,1.0,1.0,0.0,1.0,3.0,700,2.0,1.0,1.0,"-853171,403","-1010700,763","-853171,403","-1010700,763","-853171,893","-1010700,175",,,,silnice1.t¯Ìdy,6,3548078.0,,Souhlasn˝sesmÏrem˙seku,Pomal˝,554961.0,186171.0,GN_V0.1UIR-ADR_410,2
190306190063,1,13.0,2019-01-18,5,1335,1,3,0,1,1,2,204,0,0,1,1950,2,3,1,3,1,1,1,1,0,0,0,3,2,0,,3,31.0,08,1.0,1.0,1.0,0.0,1.0,3.0,400,3.0,1.0,1.0,"-834812,019","-1000812,28","-834812,019","-1000812,28","-834812,457","-1000821,858",,,,silnice1.t¯Ìdy,13,2616495.0,,OpaËn˝kesmÏru˙seku,Pomal˝,555584.0,,GN_V0.1UIR-ADR_410,2
190306190064,6,,2019-01-18,5,1425,1,2,0,2,1,2,501,0,0,0,300,2,3,1,3,1,1,1,1,3,3,0,3,2,0,,3,39.0,18,7.0,0.0,1.0,0.0,1.0,5.0,150,2.0,1.0,1.0,"-849348,02","-1011895,078","-849348,02","-1011895,078","-849345,422","-1011894,825",KARLOVYVARY,Z·meck˝vrch,,mÌstnÌkomunikace,,3315029.0,,,Pomal˝,554961.0,186805.0,GN_V0.1UIR-ADR_410,1
190306190065,2,220.0,2019-01-18,5,1735,5,0,0,2,4,0,100,0,0,0,180,2,3,1,3,6,1,1,1,0,0,0,1,1,0,,3,60.0,07,1.0,0.0,1.0,0.0,1.0,3.0,150,2.0,1.0,1.0,"-853446,127","-1006142,143","-853453,089","-1006142,143","-853453,544","-1006141,673",,,,silnice2.t¯Ìdy,220,1669870.0,,OpaËn˝kesmÏru˙seku,Pomal˝,555398.0,,GN_V0.1UIR-ADR_410,2
190306190066,3,22222.0,2019-01-18,5,2145,5,0,0,2,4,0,100,0,0,0,350,2,3,1,3,6,1,1,1,0,0,0,1,1,0,,3,13.0,15,3.0,0.0,1.0,0.0,1.0,3.0,300,3.0,1.0,1.0,"-844753,323","-1005417,343","-844753,323","-1005417,343","-844746,955","-1005424,959",,,,silnice3.t¯Ìdy,22222,1326060.0,,Souhlasn˝sesmÏrem˙seku,Pomal˝,555428.0,,GN_V0.1UIR-ADR_410,2
190306190067,1,13.0,2019-01-18,5,2210,5,0,0,2,4,0,100,0,0,0,330,2,1,1,1,6,1,1,1,0,0,0,2,1,0,,3,47.0,09,1.0,0.0,1.0,0.0,1.0,3.0,300,3.0,1.0,1.0,"-840947,848","-1001293,595","-840947,848","-1001293,595","-840945,971","-1001297,383",,,,silnice1.t¯Ìdy,13,1435651.0,,OpaËn˝kesmÏru˙seku,Pomal˝,555428.0,,GN_V0.1UIR-ADR_410,2
190306190068,3,22223.0,2019-01-19,6,2200,5,0,0,2,4,0,100,0,0,0,110,2,1,1,1,6,1,1,1,0,0,0,1,1,0,,3,39.0,09,1.0,0.0,1.0,0.0,1.0,1.0,100,3.0,1.0,1.0,"-840005,55","-1011378,512","-840005,55","-1011378,512","-840007,429","-1011370,239",,,,silnice3.t¯Ìdy,22223,2249341.0,,Souhlasn˝sesmÏrem˙seku,Pomal˝,500127.0,,GN_V0.1UIR-ADR_410,2
190306190069,3,20811.0,2019-01-20,0,510,3,0,1,1,1,9,204,0,0,1,700,2,5,1,6,6,1,1,8,0,0,0,2,1,0,,3,35.0,07,1.0,1.0,1.0,1.0,1.0,3.0,700,2.0,5.0,1.0,"-848086,36","-1014951,022","-848086,36","-1014951,022","-848074,18","-1014941,823",,,,silnice3.t¯Ìdy,20811,1326346.0,,Souhlasn˝sesmÏrem˙seku,Pomal˝,554961.0,,GN_V0.1UIR-ADR_410,2
190306190070,2,198.0,2019-01-20,0,625,5,0,0,2,4,0,100,0,0,0,200,2,3,1,3,6,1,1,1,0,0,0,1,1,0,,3,47.0,16,8.0,0.0,1.0,0.0,1.0,3.0,200,2.0,1.0,1.0,,,"-845433,591","-1032161,339","-845434,257","-1032160,762",,,,silnice2.t¯Ìdy,198,238490.0,,OpaËn˝kesmÏru˙seku,Pomal˝,555657.0,,GN_V0.1UIR-ADR_410,2
190306190071,6,,2019-01-18,5,2560,2,0,0,2,1,0,508,0,0,0,100,2,3,1,3,1,1,1,1,0,0,8,1,2,0,,17,,XX,,,,,,,0,,,,"-851389,718","-1010021,407","-851389,718","-1010021,407","-851388,751","-1010015,145",KARLOVYVARY-RYB¡ÿE,UKoupaliötÏ,,mÌstnÌkomunikace,,189167.0,,Souhlasn˝sesmÏrem˙seku,Pomal˝,554961.0,186481.0,GN_V0.1UIR-ADR_410,1
190306190072,6,,2019-01-19,6,2560,2,0,0,2,1,0,508,0,0,0,200,2,1,1,1,1,1,1,1,0,0,0,1,2,0,,17,,XX,,,,,,,0,,,,"-850843,063","-1010618,254","-850843,063","-1010618,254","-850831,081","-1010622,624",KARLOVYVARY-RYB¡ÿE,Lad.Koubka,,mÌstnÌkomunikace,,190790.0,,OpaËn˝kesmÏru˙seku,Pomal˝,554961.0,184926.0,GN_V0.1UIR-ADR_410,1
190306190073,2,220.0,2019-01-20,0,2200,5,0,0,2,4,0,100,0,0,0,800,2,1,1,1,6,1,1,1,0,0,0,3,1,0,,3,38.0,11,1.0,0.0,1.0,0.0,1.0,1.0,800,3.0,1.0,1.0,"-853303,991","-1004613,523","-853303,991","-1004613,523","-853308,858","-1004615,822",,,,silnice2.t¯Ìdy,220,1668122.0,,OpaËn˝kesmÏru˙seku,Pomal˝,538116.0,,GN_V0.1UIR-ADR_410,2
190306190074,6,,2019-01-21,1,900,1,3,0,2,1,2,403,0,0,0,1070,2,3,1,3,1,1,0,1,3,3,2,7,2,10,6.0,3,31.0,07,1.0,0.0,1.0,0.0,1.0,5.0,700,2.0,1.0,1.0,"-851216,413","-1010459,89","-851260,326","-1010441,147","-851260,752","-1010441,277",KARLOVYVARY-RYB¡ÿE,Sokolovsk·,,mÌstnÌkomunikace,,1637613.0,,Souhlasn˝sesmÏrem˙seku,Pomal˝,554961.0,186864.0,GN_V0.1UIR-ADR_410,1
190306190075,1,6.0,2019-01-21,1,1002,1,4,0,2,1,2,503,0,0,0,400,2,1,1,1,1,3,0,1,3,3,0,5,2,19,6.0,3,2.0,02,1.0,0.0,3.0,0.0,1.0,23.0,100,2.0,1.0,1.0,"-850282,67","-1010763,41","-850282,67","-1010763,41","-850286,468","-1010762,88",KARLOVYVARY-RYB¡ÿE,Pob¯eûnÌ,,mÌstnÌkomunikace,,191212.0,,Souhlasn˝sesmÏrem˙seku,Pomal˝,554961.0,185663.0,GN_V0.1UIR-ADR_410,1
190306190076,6,,2019-01-21,1,1530,1,3,0,2,1,2,409,0,0,0,500,2,3,1,3,1,1,1,1,3,3,0,5,2,10,6.0,3,13.0,05,1.0,0.0,1.0,0.0,1.0,5.0,100,2.0,1.0,1.0,"-852683,064","-1008479,263","-852683,064","-1008479,263","-852674,941","-1008463,579",KARLOVYVARY-STAR¡ROLE,Jedlov·,,mÌstnÌkomunikace,,2621793.0,,Souhlasn˝sesmÏrem˙seku,Pomal˝,554961.0,184551.0,GN_V0.1UIR-ADR_410,1
190306190077,3,22129.0,2019-01-21,1,2125,5,0,0,2,4,0,100,0,0,0,540,2,1,1,1,6,1,1,1,0,0,0,2,1,0,,3,39.0,15,1.0,0.0,1.0,0.0,1.0,1.0,500,3.0,1.0,1.0,"-849415,207","-1003498,381","-849415,207","-1003498,381","-849420,014","-1003494,391",,,,silnice3.t¯Ìdy,22129,172819.0,,OpaËn˝kesmÏru˙seku,Pomal˝,555185.0,,GN_V0.1UIR-ADR_410,2
190306190078,1,20.0,2019-01-22,2,20,5,0,0,2,4,0,100,0,0,0,300,2,1,1,1,6,1,1,1,0,0,0,1,1,0,,3,39.0,15,3.0,0.0,1.0,0.0,1.0,3.0,300,2.0,1.0,1.0,"-844226,339","-1034091,031","-844222,055","-1034102,812","-844221,934","-1034102,777",,,,silnice1.t¯Ìdy,20,246793.0,,Souhlasn˝sesmÏrem˙seku,Pomal˝,555657.0,,GN_V0.1UIR-ADR_410,2
190306190079,2,210.0,2019-01-22,2,37,5,0,0,2,4,0,100,0,0,0,200,2,5,1,6,6,1,1,1,0,0,0,3,1,0,,3,17.0,15,12.0,0.0,1.0,0.0,1.0,1.0,200,2.0,1.0,1.0,"-855507,767","-1036825,225","-855507,767","-1036825,225","-855509,291","-1036825,607",,,,silnice2.t¯Ìdy,210,2624653.0,,Souhlasn˝sesmÏrem˙seku,Pomal˝,555631.0,,GN_V0.1UIR-ADR_410,2
190306190080,6,,2019-01-22,2,1410,1,3,0,2,1,2,204,0,0,0,400,2,6,1,6,1,1,1,1,3,3,0,5,2,10,6.0,8,99.0,06,5.0,1.0,1.0,0.0,1.0,5.0,200,4.0,1.0,1.0,"-851115,562","-1009712,001","-851116,633","-1009715,748","-851116,666","-1009715,957",KARLOVYVARY-RYB¡ÿE,KoneËn·,,mÌstnÌkomunikace,,188262.0,,OpaËn˝kesmÏru˙seku,Pomal˝,554961.0,185060.0,GN_V0.1UIR-ADR_410,1
190306190081,2,221.0,2019-01-22,2,2124,5,0,0,2,4,0,100,0,0,0,500,2,1,1,1,6,1,1,1,3,3,0,5,1,19,3.0,3,35.0,18,1.0,0.0,1.0,0.0,1.0,21.0,500,2.0,1.0,1.0,"-849272,452","-1001973,308","-849272,452","-1001973,308","-849270,479","-1001972,58",HroznÏtÌn,,,silnice2.t¯Ìdy,221,3465456.0,,Souhlasn˝sesmÏrem˙seku,Pomal˝,555185.0,,GN_V0.1UIR-ADR_410,1
190306190082,3,22222.0,2019-01-22,2,2235,3,0,1,2,1,2,510,0,0,0,100,2,1,1,1,6,1,1,8,0,0,0,1,1,0,,3,32.0,11,1.0,0.0,1.0,0.0,1.0,3.0,100,2.0,1.0,1.0,"-846735,092","-1007086,963","-846735,092","-1007086,963","-846735,843","-1007086,047",,,,silnice3.t¯Ìdy,22222,3344771.0,,OpaËn˝kesmÏru˙seku,Pomal˝,555533.0,,GN_V0.1UIR-ADR_410,2
190306190083,1,13.0,2019-01-23,3,555,5,0,0,2,4,0,100,0,0,0,150,2,1,1,1,6,1,1,1,0,0,0,1,1,0,,3,32.0,06,1.0,0.0,1.0,0.0,1.0,1.0,100,2.0,1.0,1.0,"-831422,285","-997771,788","-831422,285","-997771,788","-831424,384","-997758,632",,,,silnice1.t¯Ìdy,13,1820414.0,,Souhlasn˝sesmÏrem˙seku,Pomal˝,555584.0,,GN_V0.1UIR-ADR_410,2
190306190084,1,6.0,2019-01-23,3,710,0,0,0,2,1,0,508,0,0,0,350,2,1,1,1,6,1,2,1,0,0,0,3,2,0,,17,,XX,,,,,,,0,,,,"-847195,893","-1013041,524","-847195,893","-1013041,524","-847195,734","-1013041,626",,,,silnice1.t¯Ìdy,6,3304755.0,,Souhlasn˝sesmÏrem˙seku,Pomal˝,554961.0,185761.0,GN_V0.1UIR-ADR_410,2
190306190085,2,209.0,2019-01-24,4,735,5,0,0,2,4,0,100,0,0,0,100,2,3,1,3,2,1,1,1,0,0,0,3,1,0,,3,39.0,17,3.0,0.0,1.0,0.0,1.0,1.0,100,2.0,1.0,1.0,"-856121,225","-1006610,993","-856121,225","-1006610,993","-856120,542","-1006606,466",,,,silnice2.t¯Ìdy,209,1326095.0,,Souhlasn˝sesmÏrem˙seku,Pomal˝,555045.0,,GN_V0.1UIR-ADR_410,2
190306190086,1,25.0,2019-01-24,4,845,1,2,0,1,1,2,508,0,0,1,1500,2,5,1,6,1,1,1,1,0,0,0,1,2,0,,3,47.0,00,1.0,0.0,1.0,0.0,1.0,1.0,500,2.0,1.0,1.0,"-843684,416","-992567,84","-843684,416","-992567,84","-843690,358","-992563,644",,,,silnice1.t¯Ìdy,25,1325831.0,,OpaËn˝kesmÏru˙seku,Pomal˝,506486.0,,GN_V0.1UIR-ADR_410,2
190306190087,8,,2019-01-23,3,2560,3,0,3,2,1,0,508,0,0,0,20,1,3,1,3,4,1,0,6,0,0,0,1,1,0,,17,,XX,,,,,,,0,,,,"-843925,366","-1003555,766","-843925,366","-1003555,766","-843925,258","-1003555,727",Ostrov,Dlouh·,,mÌstnÌkomunikace,,1435255.0,,Souhlasn˝sesmÏrem˙seku,Pomal˝,555428.0,,GN_V0.1UIR-ADR_410,1
190306190088,6,,2019-01-21,1,2560,2,0,0,2,1,0,508,0,0,0,150,2,3,1,3,1,1,1,1,0,0,0,1,2,0,,17,,XX,,,,,,,0,,,,"-849078,28","-1011865,698","-849078,28","-1011865,698","-849076,732","-1011863,605",KarlovyVary,NaVyhlÌdce,,mÌstnÌkomunikace,,194050.0,,Souhlasn˝sesmÏrem˙seku,Pomal˝,554961.0,185256.0,GN_V0.1UIR-ADR_410,1
190306190089,1,13.0,2019-01-24,4,652,5,0,0,2,4,0,100,0,0,0,850,2,5,1,6,6,1,2,1,0,0,0,1,2,0,,5,10.0,17,3.0,0.0,1.0,0.0,1.0,1.0,500,3.0,1.0,1.0,"-844259,806","-996619,864","-831772,558","-997810,718","-831771,895","-997814,795",,,,silnice1.t¯Ìdy,13,2248691.0,,OpaËn˝kesmÏru˙seku,Pomal˝,555584.0,,GN_V0.1UIR-ADR_410,2
190306190090,6,,2019-01-24,4,1545,3,0,6,2,1,2,508,0,0,0,1500,2,3,1,3,1,1,1,1,0,0,5,2,1,0,,5,47.0,18,3.0,0.0,1.0,0.0,1.0,5.0,1500,2.0,1.0,1.0,"-852774,66","-1010737,321","-852774,66","-1010737,321","-852786,577","-1010746,936",KARLOVYVARY-DVORY,Starorolsk·,,mÌstnÌkomunikace,,2622212.0,,Souhlasn˝sesmÏrem˙seku,Pomal˝,554961.0,186171.0,GN_V0.1UIR-ADR_410,1
190306190091,2,220.0,2019-01-24,4,1845,5,0,0,2,4,0,100,0,0,0,510,2,1,1,1,6,1,1,1,0,0,0,3,1,0,,3,4.0,18,9.0,0.0,1.0,0.0,1.0,3.0,500,2.0,1.0,1.0,"-856444,201","-1000593,621","-856444,201","-1000593,621","-856437,188","-1000589,335",Nejdek,,,silnice2.t¯Ìdy,220,2248833.0,,Souhlasn˝sesmÏrem˙seku,Pomal˝,555380.0,,GN_V0.1UIR-ADR_410,1
190306190092,1,6.0,2019-01-24,4,2300,3,0,3,2,1,2,508,0,0,0,720,2,3,1,3,4,1,3,3,0,0,0,1,1,0,,3,39.0,06,1.0,0.0,1.0,0.0,1.0,1.0,500,2.0,1.0,1.0,"-851306,273","-1010803,126","-851306,273","-1010803,126","-851306,049","-1010798,239",KARLOVYVARY-RYB¡ÿE,DolnÌKamenn·,,silnice1.t¯Ìdy,6,191256.0,,Souhlasn˝sesmÏrem˙seku,Pomal˝,554961.0,187054.0,GN_V0.1UIR-ADR_410,1
190306190093,3,2224.0,2019-01-25,5,1000,3,0,1,1,1,9,205,0,0,1,510,2,1,1,1,1,1,1,8,0,0,0,3,1,0,,3,39.0,98,1.0,0.0,1.0,0.0,1.0,3.0,500,2.0,5.0,1.0,"-856034,771","-1008063,298","-856034,771","-1008063,298","-856030,928","-1008065,494",,,,silnice3.t¯Ìdy,2224,1327132.0,,OpaËn˝kesmÏru˙seku,Pomal˝,555398.0,,GN_V0.1UIR-ADR_410,2
190306190094,1,6.0,2019-01-25,5,245,5,0,0,2,4,0,100,0,0,0,400,2,3,1,3,6,1,1,1,0,0,0,1,1,0,,7,48.0,13,3.0,0.0,1.0,0.0,1.0,1.0,400,3.0,1.0,1.0,,,"-840203,158","-1020108,316","-840203,065","-1020108,249",,,,silnice1.t¯Ìdy,6,3076568.0,,Souhlasn˝sesmÏrem˙seku,Pomal˝,555029.0,,GN_V0.1UIR-ADR_410,2
190306190095,1,6.0,2019-01-25,5,1510,1,3,0,1,1,2,410,0,0,2,1250,2,3,1,3,1,1,4,1,3,3,0,5,2,19,6.0,3,39.0,04,1.0,0.0,1.0,1.0,2.0,32.0,500,2.0,1.0,1.0,"-847446,827","-1013182,073","-847420,05","-1013210,991","-847420,444","-1013210,566",,,,silnice1.t¯Ìdy,6,736496.0,,OpaËn˝kesmÏru˙seku,Pomal˝,554961.0,185761.0,GN_V0.1UIR-ADR_410,2
190306190096,6,,2019-01-26,6,600,3,0,2,2,1,2,204,0,0,0,800,2,6,1,5,5,1,1,6,0,0,0,3,1,0,,3,39.0,18,3.0,1.0,1.0,0.0,1.0,5.0,800,2.0,1.0,1.0,"-849218,676","-1011700,984","-849218,676","-1011700,984","-849209,854","-1011696,927",KarlovyVary,NaVyhlÌdce,,mÌstnÌkomunikace,,1669795.0,,Souhlasn˝sesmÏrem˙seku,Pomal˝,554961.0,185256.0,GN_V0.1UIR-ADR_410,1
190306190097,2,222.0,2019-01-26,6,742,3,0,4,2,1,2,204,0,0,0,1000,2,6,1,5,2,1,1,3,0,0,0,3,2,0,,3,39.0,05,1.0,1.0,1.0,0.0,1.0,1.0,500,2.0,1.0,1.0,"-855764,143","-1009280,386","-855770,034","-1009273,424","-855769,911","-1009272,729",,,,silnice2.t¯Ìdy,222,1669872.0,,Souhlasn˝sesmÏrem˙seku,Pomal˝,554961.0,,GN_V0.1UIR-ADR_410,2
190306190098,1,20.0,2019-01-26,6,745,1,1,0,1,1,2,204,0,0,1,900,2,6,1,5,2,1,1,1,0,0,0,3,2,0,,3,39.0,04,1.0,1.0,1.0,0.0,1.0,3.0,400,2.0,1.0,1.0,"-853522,064","-1013159,649","-853522,064","-1013159,649","-853518,769","-1013159,185",KARLOVYVARY-DOUBÕ,Studentsk·,,silnice1.t¯Ìdy,20,2621514.0,,OpaËn˝kesmÏru˙seku,Pomal˝,554961.0,186996.0,GN_V0.1UIR-ADR_410,1
190306190099,2,210.0,2019-01-26,6,955,3,0,1,2,1,2,204,0,0,0,340,2,8,1,5,3,1,1,8,0,0,0,1,1,0,,3,26.0,13,9.0,1.0,1.0,0.0,1.0,3.0,300,3.0,1.0,1.0,"-854376,393","-1039426,012","-854376,393","-1039426,012","-854380,438","-1039425,345",,,,silnice2.t¯Ìdy,210,3090415.0,,Souhlasn˝sesmÏrem˙seku,Pomal˝,555631.0,,GN_V0.1UIR-ADR_410,2
190306190100,6,,2019-01-26,6,1608,2,0,0,2,1,2,511,0,0,0,1000,2,8,1,3,3,1,1,2,0,0,10,3,3,0,,3,23.0,13,3.0,0.0,1.0,0.0,1.0,5.0,500,2.0,1.0,1.0,"-848753,835","-1012387,033","-848753,835","-1012387,033","-848753,291","-1012398,642",KARLOVYVARY,Praûsk·silnice,,mÌstnÌkomunikace,,1669796.0,,OpaËn˝kesmÏru˙seku,Pomal˝,554961.0,185761.0,GN_V0.1UIR-ADR_410,1
190306190101,8,,2019-01-26,6,1630,3,0,3,2,1,9,508,0,0,0,450,6,8,1,4,3,1,0,8,0,0,0,1,1,0,,3,26.0,08,1.0,0.0,3.0,0.0,1.0,5.0,400,2.0,5.0,1.0,"-843806,846","-1003088,329","-843806,846","-1003088,329","-843807,773","-1003086,336",Ostrov,,,mÌstnÌkomunikace,,2613543.0,,Souhlasn˝sesmÏrem˙seku,Pomal˝,555428.0,,GN_V0.1UIR-ADR_410,1
190306190102,1,13.0,2019-01-26,6,1850,3,0,4,1,1,2,204,0,0,2,420,2,6,1,3,6,1,2,8,3,3,0,5,1,19,6.0,3,39.0,07,1.0,1.0,1.0,0.0,1.0,31.0,400,2.0,1.0,1.0,"-832241,541","-997861,058","-832266,711","-997855,703","-832266,527","-997855,996",,,,silnice1.t¯Ìdy,13,826435.0,,OpaËn˝kesmÏru˙seku,Pomal˝,555584.0,,GN_V0.1UIR-ADR_410,2
190306190103,1,13.0,2019-01-26,6,1915,3,0,4,1,1,2,204,0,0,3,850,2,3,1,6,7,1,2,8,3,3,0,5,1,19,6.0,3,4.0,07,1.0,1.0,1.0,0.0,1.0,21.0,800,2.0,1.0,1.0,"-832241,541","-997861,058","-832251,181","-997846,599","-832251,142","-997846,734",,,,silnice1.t¯Ìdy,13,162801.0,,OpaËn˝kesmÏru˙seku,Pomal˝,555584.0,,GN_V0.1UIR-ADR_410,2
190306190104,2,205.0,2019-01-27,0,150,3,0,1,2,1,0,510,0,0,0,400,2,3,1,3,7,1,1,8,3,3,0,5,1,19,3.0,3,39.0,18,1.0,0.0,4.0,1.0,1.0,12.0,400,9.0,,,"-832512,767","-1028545,86","-832493,488","-1028535,685","-832492,638","-1028535,192",,,,silnice2.t¯Ìdy,205,3089821.0,,OpaËn˝kesmÏru˙seku,Pomal˝,555762.0,,GN_V0.1UIR-ADR_410,2
190306190105,1,6.0,2019-01-27,0,1630,3,0,4,2,1,2,204,0,0,0,350,2,3,1,3,1,1,2,3,0,0,0,3,1,0,,3,12.0,14,1.0,1.0,1.0,0.0,1.0,3.0,300,2.0,1.0,1.0,"-846634,535","-1011184,734","-846634,535","-1011184,734","-846630,322","-1011178,128",,,,silnice1.t¯Ìdy,6,192359.0,,Souhlasn˝sesmÏrem˙seku,Pomal˝,554961.0,186155.0,GN_V0.1UIR-ADR_410,2