IDENTIFIKA»NÕ »ÕSLO,DRUH POZEMNÕ KOMUNIKACE,»ÕSLO POZEMNÕ KOMUNIKACE,"den, mÏsÌc, rok",,Ëas ,DRUH NEHODY,DRUH SR¡éKY JEDOUCÕCH VOZIDEL,DRUH PEVN… PÿEK¡éKY,CHARAKTER NEHODY,ZAVINÃNÕ NEHODY,ALKOHOL U VINÕKA NEHODY PÿÕTOMEN,HLAVNÕ PÿÕ»INY NEHODY,usmrceno osob,tÏûce zranÏno osob,lehce zranÏno osob,CELKOV¡ HMOTN¡ äKODA,DRUH POVRCHU VOZOVKY,STAV POVRCHU VOZOVKY V DOBÃ NEHODY,STAV KOMUNIKACE,POVÃTRNOSTNÕ PODMÕNKY V DOBÃ NEHODY,VIDITELNOST,ROZHLEDOV… POMÃRY,DÃLENÕ KOMUNIKACE,SITUOV¡NÕ NEHODY NA KOMUNIKACI,ÿÕZENÕ PROVOZU V DOBÃ NEHODY,MÕSTNÕ ⁄PRAVA PÿEDNOSTI V JÕZDÃ,SPECIFICK¡ MÕSTA A OBJEKTY V MÕSTÃ NEHODY,SMÃROV… POMÃRY,PO»ET Z⁄»ASTNÃN›CH VOZIDEL,MÕSTO DOPRAVNÕ NEHODY,DRUH KÿIéUJÕCÕ KOMUNIKACE,DRUH VOZIDLA,V›ROBNÕ ZNA»KA MOTOROV…HO VOZIDLA,ROK V›ROBY VOZIDLA,CHARAKTERISTIKA VOZIDLA ,SMYK,VOZIDLO PO NEHODÃ,"⁄NIK PROVOZNÕCH, PÿEPRAVOVAN›CH HMOT",ZPŸSOB VYPROäTÃNÕ OSOB Z VOZIDLA,SMÃR JÕZDY NEBO POSTAVENÕ VOZIDLA,äKODA NA VOZIDLE,KATEGORIE ÿIDI»E,STAV ÿIDI»E,VNÃJäÕ OVLIVNÃNÕ ÿIDI»E,nan.1,nan.2,nan.3,nan.4,nan.5,nan.6,nan.7,nan.8,nan.9,nan.10,nan.11,nan.12,nan.13,nan.14,nan.15,nan.16,nan.17,nan.18,LOKALITA NEHODY
190306190106,2,230.0,2019-01-27,0,1700,3,0,4,2,1,2,204,0,0,0,350,2,3,1,3,2,1,1,8,0,0,0,3,1,0,,3,35.0,03,1.0,1.0,1.0,0.0,1.0,3.0,200,2.0,1.0,1.0,"-855850,536","-1028169,934","-855850,536","-1028169,934","-855860,884","-1028160,968",,,,silnice2.t¯Ìdy,230,2619249.0,,Souhlasn˝sesmÏrem˙seku,Pomal˝,554995.0,,GN_V0.1UIR-ADR_410,2
190306190107,6,,2019-01-27,0,1557,2,0,0,2,1,0,508,0,0,0,100,1,3,1,3,1,1,0,0,3,3,10,5,2,10,7.0,17,,XX,,,,,,,0,,,,,,"-852158,413","-1011468,675","-852158,477","-1011468,733",KarlovyVary,PlzeÚsk·,,mÌstnÌkomunikace,,1670115.0,,OpaËn˝kesmÏru˙seku,Pomal˝,554961.0,185655.0,GN_V0.1UIR-ADR_410,1
190306190108,1,20.0,2019-01-27,0,1940,1,1,0,2,1,9,204,0,0,0,2800,2,3,1,3,4,1,1,1,0,0,0,3,2,0,,3,26.0,05,1.0,1.0,1.0,0.0,1.0,3.0,900,2.0,5.0,1.0,"-853521,647","-1013171,54","-853521,647","-1013171,54","-853517,074","-1013170,629",,,,silnice1.t¯Ìdy,20,2614557.0,,OpaËn˝kesmÏru˙seku,Pomal˝,554961.0,186996.0,GN_V0.1UIR-ADR_410,2
190306190109,1,6.0,2019-01-27,0,1800,5,0,0,2,4,0,100,0,0,0,150,2,3,1,3,6,1,2,1,0,0,0,1,1,0,,5,19.0,17,3.0,0.0,1.0,0.0,1.0,1.0,100,3.0,1.0,1.0,"-834343,958","-1024040,299","-834361,63","-1024053,152","-834361,585","-1024053,125",,,,silnice1.t¯Ìdy,6,1326705.0,,Souhlasn˝sesmÏrem˙seku,Pomal˝,555711.0,,GN_V0.1UIR-ADR_410,2
190306190110,6,,2019-01-20,0,2560,3,0,9,2,1,0,511,0,0,0,30,2,8,1,5,1,1,1,8,0,0,0,3,1,0,,17,,XX,,,,,,,0,,,,"-837707,667","-1002174,963","-837707,667","-1002174,963","-837702,237","-1002173,586",,,,mÌstnÌkomunikace,,2619222.0,,OpaËn˝kesmÏru˙seku,Pomal˝,578045.0,,GN_V0.1UIR-ADR_410,2
190306190111,1,13.0,2019-01-28,1,525,5,0,0,2,4,0,100,0,0,0,2040,2,3,1,3,6,1,1,1,0,0,0,1,1,0,,7,10.0,16,9.0,0.0,1.0,0.0,1.0,1.0,2000,3.0,1.0,1.0,"-831344,669","-997802,216","-831344,669","-997802,216","-831323,343","-997813,052",,,,mÌstnÌkomunikace,,162838.0,,OpaËn˝kesmÏru˙seku,Pomal˝,555584.0,,GN_V0.1UIR-ADR_410,2
190306190112,1,6.0,2019-01-28,1,1240,3,0,3,2,1,2,205,0,0,0,350,2,3,1,3,1,1,1,8,3,3,0,4,1,19,1.0,3,39.0,00,3.0,0.0,1.0,0.0,1.0,34.0,300,2.0,1.0,1.0,"-854456,294","-1011494,199","-854456,294","-1011494,199","-854461,235","-1011495,798",,,,silnice1.t¯Ìdy,6,2557797.0,,Souhlasn˝sesmÏrem˙seku,Pomal˝,554961.0,183954.0,GN_V0.1UIR-ADR_410,2
190306190113,2,221.0,2019-01-28,1,1810,1,1,0,1,1,2,204,0,0,2,1300,2,8,1,5,7,1,1,1,0,0,0,2,2,0,,3,39.0,01,1.0,1.0,1.0,0.0,1.0,3.0,300,2.0,1.0,1.0,"-849601,775","-999134,915","-849601,775","-999134,915","-849589,246","-999129,109",,,,silnice2.t¯Ìdy,221,3484424.0,,Souhlasn˝sesmÏrem˙seku,Pomal˝,555363.0,,GN_V0.1UIR-ADR_410,2
190306190114,2,222.0,2019-01-28,1,1955,5,0,0,2,4,0,100,0,0,0,110,2,3,1,3,6,1,1,1,0,0,0,2,1,0,,3,13.0,10,1.0,0.0,1.0,0.0,1.0,1.0,100,3.0,1.0,1.0,"-846588,359","-1010495,204","-846588,359","-1010495,204","-846588,661","-1010501,937",,,,silnice2.t¯Ìdy,222,1669888.0,,Souhlasn˝sesmÏrem˙seku,Pomal˝,554961.0,185426.0,GN_V0.1UIR-ADR_410,2
190306190115,6,,2019-01-28,1,2135,3,0,3,2,1,2,508,0,0,0,250,1,6,1,5,4,1,0,3,3,3,0,4,1,10,6.0,3,17.0,16,14.0,0.0,1.0,0.0,1.0,5.0,200,2.0,1.0,1.0,"-849427,041","-1011507,574","-849427,041","-1011507,574","-849427,257","-1011507,173",KARLOVYVARY,I.P.Pavlova,,mÌstnÌkomunikace,,192976.0,,,Pomal˝,554961.0,184411.0,GN_V0.1UIR-ADR_410,1
190306190116,0,6.0,2019-01-29,2,520,1,2,0,2,1,2,204,0,0,0,1450,2,6,1,5,7,1,3,1,0,0,0,1,4,0,,3,2.0,03,1.0,1.0,1.0,0.0,1.0,1.0,400,2.0,1.0,1.0,"-858182,317","-1012348,578","-858182,317","-1012348,578","-858182,909","-1012348,143",,,,silnice1.t¯Ìdy,D6,1658148.0,,Souhlasn˝sesmÏrem˙seku,Pomal˝,560570.0,,GN_V0.1UIR-ADR_410,2
190306190117,1,13.0,2019-01-29,2,660,5,0,0,2,4,0,100,0,0,0,550,2,3,1,3,2,1,1,1,0,0,0,1,1,0,,3,7.0,17,3.0,0.0,1.0,0.0,1.0,1.0,500,3.0,1.0,1.0,"-831304,193","-997764,173","-831343,286","-997751,321","-831343,22","-997752,305",,,,silnice1.t¯Ìdy,13,1820414.0,,OpaËn˝kesmÏru˙seku,Pomal˝,555584.0,,GN_V0.1UIR-ADR_410,2
190306190118,6,,2019-01-01,2,2560,3,0,2,2,1,0,508,0,0,0,300,2,3,1,3,1,1,1,8,0,0,10,3,1,0,,17,,XX,,,,,,,0,,,,"-853458,764","-1012956,675","-853458,764","-1012956,675","-853466,681","-1012954,208",KARLOVYVARY-DOUBÕ,Sp·len·,,mÌstnÌkomunikace,,1759898.0,,Souhlasn˝sesmÏrem˙seku,Pomal˝,554961.0,185132.0,GN_V0.1UIR-ADR_410,1
190306190119,6,,2019-01-27,0,2560,2,0,0,2,1,0,508,0,0,0,150,1,3,1,3,1,1,1,2,0,0,10,1,2,0,,17,,XX,,,,,,,0,,,,"-851217,272","-1010463,47","-851217,807","-1010448,475","-851217,964","-1010449,444",KARLOVYVARY-RYB¡ÿE,n·m.17.listopadu,,mÌstnÌkomunikace,,190348.0,,OpaËn˝kesmÏru˙seku,Pomal˝,554961.0,186864.0,GN_V0.1UIR-ADR_410,1
190306190120,2,210.0,2019-01-29,2,1315,1,2,0,2,1,0,501,0,0,0,400,2,3,1,3,1,1,1,1,0,0,0,2,2,0,,17,,XX,,,,,,,0,,,,"-849092,824","-1042284,956","-849092,824","-1042284,956","-849090,993","-1042283,149",,,,silnice2.t¯Ìdy,210,2252112.0,,OpaËn˝kesmÏru˙seku,Pomal˝,555631.0,,GN_V0.1UIR-ADR_410,2
190306190121,2,222.0,2019-01-29,2,2115,5,0,0,2,4,0,100,0,0,0,360,2,3,1,3,6,1,1,1,0,0,0,1,1,0,,5,7.0,16,3.0,0.0,1.0,0.0,1.0,3.0,300,2.0,1.0,1.0,"-855033,142","-1009457,992","-855033,142","-1009457,992","-855033,41","-1009462,351",,,,silnice2.t¯Ìdy,222,3089678.0,,OpaËn˝kesmÏru˙seku,Pomal˝,554961.0,,GN_V0.1UIR-ADR_410,2
190306190122,2,198.0,2019-01-30,3,510,5,0,0,2,4,0,100,0,0,0,350,2,3,1,3,6,1,1,1,0,0,0,1,1,0,,3,39.0,16,1.0,0.0,1.0,0.0,1.0,1.0,300,2.0,1.0,1.0,"-839375,794","-1025086,499","-839375,794","-1025086,499","-839380,473","-1025086,003",,,,silnice2.t¯Ìdy,198,2616812.0,,OpaËn˝kesmÏru˙seku,Pomal˝,555029.0,,GN_V0.1UIR-ADR_410,2
190306190123,8,,2019-01-25,5,2560,2,0,0,2,1,0,508,0,0,0,100,2,3,1,3,1,1,1,1,0,0,10,1,2,0,,17,,XX,,,,,,,0,,,,"-852414,043","-1010753,003","-852414,043","-1010753,003","-852409,98","-1010790,53",KARLOVYVARY-DVORY,Chebsk·,,mÌstnÌkomunikace,,3497724.0,,Souhlasn˝sesmÏrem˙seku,Pomal˝,554961.0,183873.0,GN_V0.1UIR-ADR_410,1
190306190124,6,,2019-01-30,3,2040,3,0,2,2,1,0,504,0,0,0,100,2,6,1,5,4,1,0,9,3,5,0,4,1,10,6.0,17,,XX,,,,,,,0,,,,"-852030,266","-1010879,554","-852030,266","-1010879,554","-852026,808","-1010878,538",KARLOVYVARY,Plyn·rensk·,,mÌstnÌkomunikace,,1459967.0,,OpaËn˝kesmÏru˙seku,Pomal˝,554961.0,185647.0,GN_V0.1UIR-ADR_410,1
190306190125,3,20811.0,2019-01-31,4,710,5,0,0,2,4,0,100,0,0,0,100,2,3,1,3,2,1,1,1,0,0,0,3,1,0,,3,39.0,17,3.0,0.0,1.0,0.0,1.0,1.0,100,2.0,1.0,1.0,"-848279,089","-1013742,515","-848279,089","-1013742,515","-848278,184","-1013745,044",,,,silnice3.t¯Ìdy,20811,1669842.0,,Souhlasn˝sesmÏrem˙seku,Pomal˝,554961.0,184616.0,GN_V0.1UIR-ADR_410,2
190306190126,3,22222.0,2019-01-31,4,1735,5,0,0,2,4,0,100,0,0,0,120,2,3,1,3,6,1,1,1,0,0,0,2,1,0,,3,31.0,14,9.0,0.0,1.0,0.0,1.0,3.0,100,2.0,1.0,1.0,"-844741,948","-1005422,968","-844741,948","-1005422,968","-844743,028","-1005421,676",,,,silnice3.t¯Ìdy,22222,1326060.0,,OpaËn˝kesmÏru˙seku,Pomal˝,555428.0,,GN_V0.1UIR-ADR_410,2
190306190127,2,205.0,2019-01-31,4,1800,5,0,0,2,4,0,100,0,0,0,1000,2,1,1,1,6,1,1,1,0,0,0,1,1,0,,3,26.0,18,3.0,0.0,1.0,0.0,1.0,1.0,1000,3.0,1.0,1.0,"-829555,32","-1032392,892","-829555,32","-1032392,892","-829555,299","-1032392,892",,,,silnice2.t¯Ìdy,205,2253572.0,,Souhlasn˝sesmÏrem˙seku,Pomal˝,555525.0,,GN_V0.1UIR-ADR_410,2
190306190128,6,,2019-01-30,3,2560,2,0,0,2,1,0,508,0,0,0,50,2,3,1,3,4,1,0,2,0,0,0,1,2,0,,17,,XX,,,,,,,0,,,,"-843183,052","-1003592,093","-843183,052","-1003592,093","-843181,404","-1003592,522",Ostrov,KlÌnoveck·,,mÌstnÌkomunikace,,2560232.0,,Souhlasn˝sesmÏrem˙seku,Pomal˝,555428.0,187976.0,GN_V0.1UIR-ADR_410,1
190306190129,6,,2019-01-31,4,1660,2,0,0,2,1,0,508,0,0,0,200,2,6,6,5,1,1,1,1,0,0,10,1,2,0,,17,,XX,,,,,,,0,,,,"-843174,301","-991917,462","-843174,301","-991917,462","-843176,427","-991919,196",BoûÌDar,,,mÌstnÌkomunikace,,1820827.0,,OpaËn˝kesmÏru˙seku,Pomal˝,506486.0,,GN_V0.1UIR-ADR_410,1
190306190130,6,,2019-02-01,5,1330,0,0,0,2,1,2,508,0,0,0,120,2,3,1,3,1,1,1,1,0,0,10,1,2,0,,3,39.0,09,12.0,0.0,1.0,0.0,1.0,6.0,100,4.0,1.0,1.0,"-849389,702","-1010605,592","-849389,702","-1010605,592","-849391,473","-1010594,378",KARLOVYVARY-DRAHOVICE,VÌtÏzn·,,mÌstnÌkomunikace,,190713.0,,Souhlasn˝sesmÏrem˙seku,Pomal˝,554961.0,186694.0,GN_V0.1UIR-ADR_410,1
190306190131,1,13.0,2019-02-02,6,900,5,0,0,2,4,0,100,0,0,0,550,2,3,1,3,1,1,3,1,0,0,0,3,1,0,,3,47.0,18,9.0,0.0,1.0,0.0,1.0,3.0,500,2.0,1.0,1.0,"-846517,956","-1008338,14","-846517,956","-1008338,14","-846517,809","-1008338,385",,,,silnice1.t¯Ìdy,13,709775.0,,Souhlasn˝sesmÏrem˙seku,Pomal˝,537918.0,,GN_V0.1UIR-ADR_410,2
190306190132,6,,2019-02-02,6,1310,1,3,0,2,1,2,403,0,0,0,1500,2,3,1,3,1,1,1,1,3,3,2,4,2,10,6.0,3,39.0,07,1.0,0.0,1.0,0.0,1.0,5.0,500,3.0,1.0,1.0,"-843128,653","-1003231,284","-843128,653","-1003231,284","-843128,776","-1003231,764",Ostrov,HlavnÌt¯Ìda,,mÌstnÌkomunikace,,799244.0,,Souhlasn˝sesmÏrem˙seku,Pomal˝,555428.0,187917.0,GN_V0.1UIR-ADR_410,1
190906190001,6,,2019-01-01,2,550,3,0,3,2,1,8,508,0,0,0,450,2,3,1,3,4,2,0,1,3,4,0,3,2,0,,3,39.0,15,1.0,0.0,3.0,0.0,1.0,5.0,300,2.0,5.0,1.0,"-859134,905","-1008400,489","-859129,573","-1008387,948","-859129,694","-1008387,992",Chodov,HlavnÌ,,mÌstnÌkomunikace,,1424985.0,,Souhlasn˝sesmÏrem˙seku,Pomal˝,560383.0,550426.0,GN_V0.1UIR-ADR_410,1
190906190002,8,,2019-01-01,2,2560,3,0,9,2,1,0,508,0,0,0,400,4,3,1,3,6,1,1,0,0,0,0,3,1,0,,3,44.0,04,1.0,0.0,1.0,0.0,1.0,5.0,400,3.0,1.0,1.0,"-860001,529","-1013066,767","-859998,846","-1013073,743","-859998,897","-1013073,886",,,,mÌstnÌkomunikace,,3343485.0,,,Pomal˝,560570.0,,GN_V0.1UIR-ADR_410,2
190906190003,6,,2019-01-01,2,2560,3,0,3,2,1,0,504,0,0,0,150,2,3,1,3,4,1,0,1,3,4,0,4,1,10,6.0,3,31.0,03,1.0,0.0,1.0,0.0,1.0,5.0,100,9.0,,,"-873446,532","-1012709,398","-873446,532","-1012709,398","-873446,678","-1012707,427",Habartov,Gagarinova,,mÌstnÌkomunikace,,2628348.0,,Souhlasn˝sesmÏrem˙seku,Pomal˝,560359.0,549576.0,GN_V0.1UIR-ADR_410,1
190906190004,0,6.0,2019-01-02,3,345,6,0,0,2,4,0,100,0,0,0,250,2,8,1,5,7,1,3,1,0,0,0,1,1,0,,5,19.0,16,3.0,0.0,1.0,0.0,1.0,3.0,200,4.0,1.0,1.0,"-871139,12","-1018802,434","-871139,12","-1018802,434","-871145,766","-1018795,955",,,,silnice1.t¯Ìdy,D6,3513927.0,,Souhlasn˝sesmÏrem˙seku,Pomal˝,538396.0,,GN_V0.1UIR-ADR_410,2
190906190005,2,210.0,2019-01-02,3,1040,1,1,0,2,1,2,204,0,0,0,2000,2,6,1,5,1,1,1,1,0,0,0,3,2,0,,5,12.0,17,2.0,1.0,1.0,0.0,1.0,3.0,1000,2.0,1.0,1.0,"-864788,033","-1022254,11","-864788,033","-1022254,11","-864790,468","-1022256,349",,,,silnice2.t¯Ìdy,210,2246044.0,,OpaËn˝kesmÏru˙seku,Pomal˝,560618.0,,GN_V0.1UIR-ADR_410,2
190906190006,2,210.0,2019-01-02,3,1240,1,4,0,1,1,2,504,0,0,2,1000,2,5,1,6,1,1,1,1,3,3,0,5,2,19,6.0,5,64.0,05,3.0,0.0,1.0,0.0,1.0,13.0,200,2.0,1.0,1.0,"-875630,727","-993607,842","-875646,757","-993616,595","-875646,745","-993616,586",HRANI»N¡,,,silnice2.t¯Ìdy,210,3272741.0,,OpaËn˝kesmÏru˙seku,Pomal˝,560472.0,,GN_V0.1UIR-ADR_410,1
190906190007,0,6.0,2019-01-02,3,1334,3,0,9,2,1,2,204,0,0,0,350,2,5,1,5,1,1,6,1,0,0,0,3,1,0,,3,32.0,08,1.0,1.0,1.0,0.0,1.0,3.0,300,2.0,1.0,1.0,,,"-864339,902","-1014930,563","-864339,777","-1014931,062",,,,mÌstnÌkomunikace,R6,1795171.0,,Souhlasn˝sesmÏrem˙seku,Pomal˝,560286.0,,GN_V0.1UIR-ADR_410,2
190906190008,3,2098.0,2019-01-02,3,2145,3,0,9,2,1,2,204,0,0,0,350,2,5,1,6,4,1,1,1,0,0,0,3,1,0,,3,13.0,06,1.0,1.0,1.0,1.0,1.0,3.0,300,2.0,1.0,1.0,"-858716,272","-1012296,264","-858711,588","-1012272,376","-858711,572","-1012272,635",NovÈSedlo,Karlovarsk·,,silnice3.t¯Ìdy,2098,798491.0,,Souhlasn˝sesmÏrem˙seku,Pomal˝,560570.0,552721.0,GN_V0.1UIR-ADR_410,1
190906190009,3,21042.0,2019-01-02,3,2225,3,0,7,2,1,9,204,0,0,0,600,2,5,1,6,6,1,1,1,0,0,4,3,1,0,,3,25.0,05,1.0,1.0,1.0,0.0,1.0,3.0,100,2.0,5.0,1.0,"-872050,83","-1001791,661","-872050,83","-1001791,661","-872050,019","-1001791,798",,,,silnice3.t¯Ìdy,21042,2245776.0,,Souhlasn˝sesmÏrem˙seku,Pomal˝,560588.0,,GN_V0.1UIR-ADR_410,2
190906190010,8,,2019-01-03,4,1160,2,0,0,2,1,0,508,0,0,0,800,1,3,1,3,1,1,1,0,0,0,0,1,2,0,,17,,XX,,,,,,,0,,,,"-866673,652","-1014483,232","-866673,652","-1014483,232","-866657,74","-1014466,314",Sokolov,BoûenyNÏmcovÈ,,mÌstnÌkomunikace,,200832.0,,Souhlasn˝sesmÏrem˙seku,Pomal˝,560286.0,553361.0,GN_V0.1UIR-ADR_410,1
190906190011,6,,2019-01-03,4,1143,5,0,0,2,4,0,100,0,0,0,600,2,3,1,3,1,1,1,1,0,0,0,1,1,0,,3,4.0,17,1.0,0.0,1.0,0.0,1.0,5.0,600,2.0,1.0,1.0,"-865689,09","-1016104,027","-865689,09","-1016104,027","-865682,418","-1016103,112",,,,mÌstnÌkomunikace,,1459142.0,,Souhlasn˝sesmÏrem˙seku,Pomal˝,560286.0,693707.0,GN_V0.1UIR-ADR_410,2
190906190012,0,6.0,2019-01-01,2,2560,0,0,0,2,1,2,508,0,0,0,300,2,3,1,3,1,1,6,1,0,0,0,1,2,0,,5,10.0,16,3.0,0.0,1.0,0.0,1.0,1.0,0,9.0,,,"-864001,211","-1014466,779","-864044,718","-1014500,081","-864045,014","-1014499,751",,,,silnice1.t¯Ìdy,D6,3529298.0,,Souhlasn˝sesmÏrem˙seku,Pomal˝,560286.0,,GN_V0.1UIR-ADR_410,2
190906190013,6,,2019-01-04,5,1439,4,0,0,1,1,2,504,0,0,2,0,2,3,1,5,1,1,1,1,3,3,10,5,1,10,6.0,3,2.0,02,1.0,0.0,1.0,0.0,1.0,5.0,0,2.0,1.0,1.0,"-858891,096","-1008216,637","-858894,319","-1008207,506","-858893,325","-1008209,862",Chodov,n·mÏstÌ»SM,,mÌstnÌkomunikace,,1759691.0,,Souhlasn˝sesmÏrem˙seku,Pomal˝,560383.0,550531.0,GN_V0.1UIR-ADR_410,1
190906190014,1,0.0,2019-01-05,6,815,3,0,4,2,1,2,204,0,0,0,1000,2,6,1,3,1,1,3,3,0,0,0,2,1,0,,3,31.0,06,1.0,1.0,1.0,1.0,1.0,3.0,800,2.0,1.0,1.0,"-863289,279","-1013992,717","-863289,279","-1013992,717","-863289,962","-1013990,297",,,,silnice1.t¯Ìdy,D6,3513951.0,,Souhlasn˝sesmÏrem˙seku,Pomal˝,560642.0,,GN_V0.1UIR-ADR_410,2
190906190015,3,2099.0,2019-01-05,6,1910,1,1,0,2,1,9,501,0,0,0,100,2,3,1,3,4,1,0,1,3,4,0,7,2,19,3.0,3,39.0,97,1.0,0.0,1.0,0.0,1.0,13.0,50,2.0,5.0,1.0,"-865259,039","-1014603,595","-865259,039","-1014603,595","-865258,72","-1014603,974",Sokolov,KarlaHavlÌËkaBorovskÈho,,silnice3.t¯Ìdy,2099,3313362.0,,Souhlasn˝sesmÏrem˙seku,Pomal˝,560286.0,553654.0,GN_V0.1UIR-ADR_410,1
190906190016,1,0.0,2019-01-06,0,125,3,0,4,2,1,2,204,0,0,0,800,2,3,1,3,6,1,3,3,0,0,0,3,1,0,,3,31.0,04,1.0,1.0,1.0,1.0,1.0,1.0,600,2.0,1.0,1.0,"-858447,614","-1012711,277","-858447,614","-1012711,277","-858446,592","-1012712,346",,,,silnice1.t¯Ìdy,D6,1658142.0,,Souhlasn˝sesmÏrem˙seku,Pomal˝,560570.0,,GN_V0.1UIR-ADR_410,2
190906190017,3,2124.0,2019-01-06,0,500,3,0,4,2,1,2,204,0,0,0,1250,2,5,1,6,4,1,1,8,0,0,0,3,1,0,,3,13.0,12,1.0,1.0,1.0,0.0,1.0,3.0,1000,2.0,1.0,1.0,"-870483,764","-1017652,809","-870483,764","-1017652,809","-870486,045","-1017653,77",»ERN›ML›N,,,silnice3.t¯Ìdy,2124,208245.0,,Souhlasn˝sesmÏrem˙seku,Pomal˝,560294.0,,GN_V0.1UIR-ADR_410,1
190906190018,6,,2019-01-06,0,2560,2,0,0,2,1,0,508,0,0,0,50,2,3,1,3,1,1,1,1,0,0,10,1,2,0,,17,,XX,,,,,,,0,,,,"-865105,543","-1015002,752","-865105,543","-1015002,752","-865107,746","-1014995,133",Sokolov,Alöova,,mÌstnÌkomunikace,,1459051.0,,Souhlasn˝sesmÏrem˙seku,Pomal˝,560286.0,553310.0,GN_V0.1UIR-ADR_410,1
190906190019,3,2099.0,2019-01-07,1,2035,3,0,6,2,1,2,501,0,0,0,80,2,3,1,3,4,1,1,1,0,0,2,1,1,0,,3,42.0,97,1.0,0.0,1.0,0.0,1.0,3.0,50,2.0,1.0,1.0,"-865153,536","-1014636,645","-865153,536","-1014636,645","-865161,309","-1014647,591",Sokolov,KarlaHavlÌËkaBorovskÈho,,silnice3.t¯Ìdy,2099,2541878.0,,OpaËn˝kesmÏru˙seku,Pomal˝,560286.0,553654.0,GN_V0.1UIR-ADR_410,1
190906190020,1,0.0,2019-01-07,1,2352,5,0,0,2,4,0,100,0,0,0,205,2,3,1,5,6,1,3,1,0,0,0,1,1,0,,3,39.0,18,12.0,0.0,1.0,0.0,1.0,3.0,200,2.0,1.0,1.0,"-874542,725","-1020794,206","-874542,725","-1020794,206","-874549,084","-1020787,048",,,,silnice1.t¯Ìdy,D6,3529290.0,,Souhlasn˝sesmÏrem˙seku,Pomal˝,560499.0,,GN_V0.1UIR-ADR_410,2
190906190021,6,,2019-01-08,2,1250,2,0,0,2,1,0,504,0,0,0,50,2,3,1,3,1,1,1,1,3,5,0,5,2,10,6.0,3,32.0,13,1.0,0.0,1.0,0.0,1.0,5.0,0,9.0,,,"-867280,849","-1013831,49","-867280,849","-1013831,49","-867281,653","-1013830,377",Sokolov,LidickÈn·b¯eûÌ,,mÌstnÌkomunikace,,1458959.0,,Souhlasn˝sesmÏrem˙seku,Pomal˝,560286.0,553760.0,GN_V0.1UIR-ADR_410,1
190906190022,6,,2019-01-08,2,1451,1,1,0,2,1,2,204,0,0,0,1000,2,3,1,5,3,1,1,1,0,0,0,3,2,0,,3,47.0,09,1.0,1.0,1.0,1.0,1.0,5.0,500,2.0,1.0,1.0,,,,,,,,,,,,,,,,,,,1
190906190023,2,209.0,2019-01-10,4,2132,3,0,3,2,1,2,508,0,0,0,550,2,1,1,1,4,1,1,1,0,0,0,1,1,0,,3,26.0,13,1.0,0.0,1.0,1.0,1.0,1.0,500,2.0,2.0,1.0,"-859406,526","-1012200,663","-859359,256","-1012200,663","-859360,288","-1012200,728",,,,silnice2.t¯Ìdy,209,2610892.0,,OpaËn˝kesmÏru˙seku,Pomal˝,560570.0,552771.0,GN_V0.1UIR-ADR_410,2
190906190024,3,21026.0,2019-01-10,4,1930,5,0,0,2,4,0,100,0,0,0,310,2,3,1,3,6,1,1,0,0,0,0,1,1,0,,3,47.0,12,1.0,0.0,1.0,0.0,1.0,1.0,300,4.0,1.0,1.0,,,,,,,,,,,,,,,,,,,2
190906190025,2,210.0,2019-01-11,5,308,5,0,0,2,4,0,100,0,0,0,80,2,3,1,3,6,1,1,1,0,0,0,3,1,0,,3,25.0,03,1.0,0.0,1.0,0.0,1.0,1.0,80,4.0,1.0,1.0,"-869716,078","-1007844,284","-869716,078","-1007844,284","-869722,341","-1007843,443",,,,silnice2.t¯Ìdy,210,897048.0,,Souhlasn˝sesmÏrem˙seku,Pomal˝,560341.0,,GN_V0.1UIR-ADR_410,2
190906190026,1,0.0,2019-01-11,5,526,1,2,0,2,1,2,508,0,0,0,9600,2,3,1,3,6,1,3,1,0,0,0,3,2,0,,7,10.0,10,3.0,0.0,1.0,0.0,1.0,3.0,3000,3.0,2.0,1.0,"-869195,91","-1017846,991","-869195,91","-1017846,991","-869196,794","-1017833,006",,,,silnice1.t¯Ìdy,D6,3513944.0,,Souhlasn˝sesmÏrem˙seku,Pomal˝,560294.0,,GN_V0.1UIR-ADR_410,2
190906190027,2,209.0,2019-01-11,5,1307,1,1,0,1,1,2,501,0,0,1,12000,2,5,1,5,3,1,1,1,0,0,0,1,2,0,,3,23.0,18,3.0,0.0,1.0,1.0,1.0,1.0,10000,2.0,1.0,1.0,"-858927,454","-1009811,117","-858923,157","-1009822,396","-858921,52","-1009822,654",Chodov,HornÌ,,silnice2.t¯Ìdy,209,3496330.0,,OpaËn˝kesmÏru˙seku,Pomal˝,560383.0,550434.0,GN_V0.1UIR-ADR_410,1