IDENTIFIKA»NÕ »ÕSLO,DRUH POZEMNÕ KOMUNIKACE,»ÕSLO POZEMNÕ KOMUNIKACE,"den, mÏsÌc, rok",,Ëas ,DRUH NEHODY,DRUH SR¡éKY JEDOUCÕCH VOZIDEL,DRUH PEVN… PÿEK¡éKY,CHARAKTER NEHODY,ZAVINÃNÕ NEHODY,ALKOHOL U VINÕKA NEHODY PÿÕTOMEN,HLAVNÕ PÿÕ»INY NEHODY,usmrceno osob,tÏûce zranÏno osob,lehce zranÏno osob,CELKOV¡ HMOTN¡ äKODA,DRUH POVRCHU VOZOVKY,STAV POVRCHU VOZOVKY V DOBÃ NEHODY,STAV KOMUNIKACE,POVÃTRNOSTNÕ PODMÕNKY V DOBÃ NEHODY,VIDITELNOST,ROZHLEDOV… POMÃRY,DÃLENÕ KOMUNIKACE,SITUOV¡NÕ NEHODY NA KOMUNIKACI,ÿÕZENÕ PROVOZU V DOBÃ NEHODY,MÕSTNÕ ⁄PRAVA PÿEDNOSTI V JÕZDÃ,SPECIFICK¡ MÕSTA A OBJEKTY V MÕSTÃ NEHODY,SMÃROV… POMÃRY,PO»ET Z⁄»ASTNÃN›CH VOZIDEL,MÕSTO DOPRAVNÕ NEHODY,DRUH KÿIéUJÕCÕ KOMUNIKACE,DRUH VOZIDLA,V›ROBNÕ ZNA»KA MOTOROV…HO VOZIDLA,ROK V›ROBY VOZIDLA,CHARAKTERISTIKA VOZIDLA ,SMYK,VOZIDLO PO NEHODÃ,"⁄NIK PROVOZNÕCH, PÿEPRAVOVAN›CH HMOT",ZPŸSOB VYPROäTÃNÕ OSOB Z VOZIDLA,SMÃR JÕZDY NEBO POSTAVENÕ VOZIDLA,äKODA NA VOZIDLE,KATEGORIE ÿIDI»E,STAV ÿIDI»E,VNÃJäÕ OVLIVNÃNÕ ÿIDI»E,nan.1,nan.2,nan.3,nan.4,nan.5,nan.6,nan.7,nan.8,nan.9,nan.10,nan.11,nan.12,nan.13,nan.14,nan.15,nan.16,nan.17,nan.18,LOKALITA NEHODY
190906190028,2,210.0,2019-01-11,5,1525,3,0,1,2,0,0,100,0,0,0,450,2,5,1,5,3,1,1,1,0,0,0,1,2,0,,3,48.0,14,2.0,0.0,1.0,0.0,1.0,1.0,400,2.0,1.0,1.0,"-869575,071","-1001654,385","-869575,071","-1001654,385","-869576,23","-1001655,299",,,,silnice2.t¯Ìdy,210,2246082.0,,OpaËn˝kesmÏru˙seku,Pomal˝,560413.0,,GN_V0.1UIR-ADR_410,2
190906190029,3,2099.0,2019-01-11,5,1430,3,0,9,2,1,2,204,0,0,0,690,2,8,1,5,3,1,1,8,0,0,0,1,2,0,,3,35.0,08,1.0,1.0,1.0,0.0,1.0,1.0,400,2.0,1.0,1.0,,,"-861217,183","-1014478,22","-861217,054","-1014478,48",StarÈSedlo,Loketsk·,,silnice3.t¯Ìdy,2099,3089069.0,,OpaËn˝kesmÏru˙seku,Pomal˝,560642.0,660051.0,GN_V0.1UIR-ADR_410,1
190906190030,0,6.0,2019-01-11,5,2015,3,0,4,2,1,2,204,0,0,0,500,2,5,1,5,7,1,1,3,0,0,0,1,1,0,,5,13.0,07,1.0,1.0,1.0,0.0,1.0,3.0,400,2.0,1.0,1.0,"-862933,585","-1013881,778","-862933,585","-1013881,778","-862937,029","-1013874,435",,,,silnice1.t¯Ìdy,D6,2246210.0,,Souhlasn˝sesmÏrem˙seku,Pomal˝,560642.0,,GN_V0.1UIR-ADR_410,2
190906190031,3,630.0,2019-01-11,5,2115,3,0,4,2,1,2,204,0,0,0,300,2,5,1,5,5,1,1,3,0,0,0,3,1,0,,3,47.0,00,1.0,1.0,1.0,0.0,1.0,1.0,200,2.0,1.0,1.0,"-864868,325","-1013842,792","-864868,325","-1013842,792","-864867,191","-1013842,501",Kr·lovskÈPo¯ÌËÌ,,,silnice3.t¯Ìdy,00630,3343471.0,,OpaËn˝kesmÏru˙seku,Pomal˝,560464.0,,GN_V0.1UIR-ADR_410,1
190906190032,6,,2019-01-12,6,2305,2,0,0,2,1,0,204,0,0,0,1710,2,6,1,5,5,1,1,3,0,0,0,1,6,0,,3,39.0,14,1.0,1.0,1.0,0.0,1.0,5.0,800,9.0,,,"-871716,325","-1015033,06","-871716,325","-1015033,06","-871724,163","-1015031,48",Bukovany,,,mÌstnÌkomunikace,,898357.0,,Souhlasn˝sesmÏrem˙seku,Pomal˝,560316.0,,GN_V0.1UIR-ADR_410,1
190906190033,6,,2019-01-12,6,2560,2,0,0,2,1,0,508,0,0,0,30,2,3,1,4,3,1,1,2,0,0,10,1,2,0,,17,,XX,,,,,,,0,,,,"-859238,271","-1008056,897","-859238,271","-1008056,897","-859238,225","-1008057,016",Chodov,UKoupaliötÏ,,mÌstnÌkomunikace,,183632.0,,Souhlasn˝sesmÏrem˙seku,Pomal˝,560383.0,550701.0,GN_V0.1UIR-ADR_410,1
190906190034,2,222.0,2019-01-14,1,754,1,4,0,2,1,2,503,0,0,0,500,2,3,1,3,2,1,1,1,0,0,1,3,2,0,,3,35.0,01,1.0,0.0,1.0,0.0,1.0,3.0,200,2.0,1.0,1.0,"-858713,888","-1008312,904","-858719,259","-1008307,533","-858719,027","-1008307,392",Chodov,Husova,,silnice2.t¯Ìdy,222,184449.0,,Souhlasn˝sesmÏrem˙seku,Pomal˝,560383.0,550451.0,GN_V0.1UIR-ADR_410,1
190906190035,2,209.0,2019-01-14,1,1725,1,3,0,1,1,2,204,0,0,1,1400,2,6,1,5,5,1,1,1,0,0,0,1,2,0,,3,25.0,17,1.0,1.0,1.0,0.0,1.0,3.0,1000,2.0,1.0,1.0,"-859084,142","-1010508,733","-859084,142","-1010508,733","-859088,255","-1010507,938",NovÈSedlo,Chraniöov,,silnice2.t¯Ìdy,209,1424937.0,,OpaËn˝kesmÏru˙seku,Pomal˝,560570.0,,GN_V0.1UIR-ADR_410,1
190906190036,6,,2019-01-14,1,1740,3,0,2,2,1,2,204,0,0,0,700,2,6,1,5,4,1,1,1,0,0,1,1,2,0,,3,2.0,09,3.0,1.0,1.0,1.0,1.0,5.0,400,2.0,1.0,1.0,,,"-866421,956","-1014800,261","-866422,018","-1014800,345",Sokolov,BoûenyNÏmcovÈ,,mÌstnÌkomunikace,,3313302.0,,Souhlasn˝sesmÏrem˙seku,Pomal˝,560286.0,553361.0,GN_V0.1UIR-ADR_410,1
190906190037,6,,2019-01-14,1,1753,3,0,9,2,1,2,204,0,0,0,200,2,5,1,6,4,1,1,8,3,5,0,5,1,10,6.0,3,38.0,99,1.0,1.0,1.0,0.0,1.0,5.0,50,2.0,1.0,1.0,"-864972,468","-1014707,587","-864974,617","-1014695,77","-864975,43","-1014696,31",Sokolov,MiËurinova,,mÌstnÌkomunikace,,201304.0,,Souhlasn˝sesmÏrem˙seku,Pomal˝,560286.0,553832.0,GN_V0.1UIR-ADR_410,1
190906190038,6,,2019-01-14,1,1745,1,4,0,2,1,2,204,0,0,0,200,2,6,1,5,4,1,1,1,0,0,2,1,2,0,,3,47.0,99,1.0,0.0,1.0,0.0,1.0,5.0,100,2.0,1.0,1.0,,,"-866418,58","-1014802,154","-866418,926","-1014802,624",Sokolov,BoûenyNÏmcovÈ,,mÌstnÌkomunikace,,3313302.0,,Souhlasn˝sesmÏrem˙seku,Pomal˝,560286.0,553361.0,GN_V0.1UIR-ADR_410,1
190906190039,2,181.0,2019-01-16,3,1810,3,0,3,2,1,2,204,0,0,0,320,2,3,1,3,6,1,1,3,0,0,0,3,1,0,,3,32.0,99,1.0,1.0,1.0,0.0,1.0,3.0,300,2.0,1.0,1.0,,,"-862161,217","-1012705,994","-862161,08","-1012704,783",,,,silnice2.t¯Ìdy,181,2610799.0,,Souhlasn˝sesmÏrem˙seku,Pomal˝,560570.0,,GN_V0.1UIR-ADR_410,2
190906190040,6,,2019-01-16,3,2105,1,3,0,2,1,2,502,0,0,0,240,2,6,1,5,4,1,1,1,3,4,1,5,2,10,6.0,5,39.0,97,1.0,0.0,1.0,0.0,1.0,5.0,40,2.0,1.0,1.0,"-871152,838","-999164,943","-871152,838","-999164,943","-871156,158","-999166,498",Rotava,SÌdliötÏ,,mÌstnÌkomunikace,,1459417.0,,Souhlasn˝sesmÏrem˙seku,Pomal˝,560600.0,553280.0,GN_V0.1UIR-ADR_410,1
190906190041,2,222.0,2019-01-17,4,605,3,0,9,2,1,2,501,0,0,0,900,2,3,1,3,6,1,1,1,0,0,0,2,1,0,,3,39.0,06,1.0,1.0,1.0,0.0,1.0,3.0,800,2.0,1.0,1.0,"-862594,798","-1006231,659","-862594,798","-1006231,659","-862599,999","-1006227,647",,,,silnice2.t¯Ìdy,222,896606.0,,Souhlasn˝sesmÏrem˙seku,Pomal˝,560707.0,,GN_V0.1UIR-ADR_410,2
190906190042,3,630.0,2019-01-17,4,1338,1,2,0,2,1,2,204,0,0,0,700,2,3,1,4,1,3,1,1,0,0,0,3,2,0,,3,4.0,00,1.0,1.0,3.0,0.0,1.0,3.0,200,3.0,1.0,1.0,"-864701,75","-1014413,93","-864701,75","-1014413,93","-864704,089","-1014408,088",TÏöovice,,,silnice3.t¯Ìdy,00630,2541930.0,,OpaËn˝kesmÏru˙seku,Pomal˝,579360.0,,GN_V0.1UIR-ADR_410,1
190906190043,3,21030.0,2019-01-18,5,15,3,0,2,2,1,2,204,0,0,0,300,2,6,1,5,4,1,1,1,0,0,0,3,1,0,,3,47.0,99,1.0,1.0,1.0,0.0,1.0,1.0,50,2.0,1.0,1.0,"-868847,909","-1012087,958","-868847,909","-1012087,958","-868843,499","-1012075,909",Svatava,PohraniËnÌstr·ûe,,silnice3.t¯Ìdy,21030,194537.0,,OpaËn˝kesmÏru˙seku,Pomal˝,538434.0,554570.0,GN_V0.1UIR-ADR_410,1
190906190044,6,,2019-01-18,5,800,4,0,0,1,1,2,504,0,0,1,0,2,6,1,5,3,1,1,1,0,0,0,1,1,0,,8,13.0,10,3.0,0.0,1.0,0.0,1.0,5.0,0,4.0,1.0,1.0,"-864894,382","-1015018,733","-864894,382","-1015018,733","-864894,104","-1015018,719",Sokolov,M·nesova,,mÌstnÌkomunikace,,202250.0,,Souhlasn˝sesmÏrem˙seku,Pomal˝,560286.0,553824.0,GN_V0.1UIR-ADR_410,1
190906190045,8,,2019-01-18,5,1158,1,4,0,2,1,2,504,0,0,0,110,1,3,1,3,1,1,1,1,0,0,8,1,2,0,,3,39.0,01,1.0,0.0,1.0,0.0,1.0,5.0,30,2.0,1.0,1.0,"-866485,887","-1014793,474","-866485,887","-1014793,474","-866487,783","-1014790,865",Sokolov,Spartaki·dnÌ,,mÌstnÌkomunikace,,3078891.0,,Souhlasn˝sesmÏrem˙seku,Pomal˝,560286.0,554154.0,GN_V0.1UIR-ADR_410,1
190906190046,2,210.0,2019-01-18,5,1455,1,3,0,2,1,6,501,0,0,0,600,2,6,12,6,1,3,1,1,0,0,0,3,2,0,,3,39.0,11,1.0,1.0,1.0,0.0,1.0,3.0,200,3.0,4.0,1.0,"-864302,997","-1020619,41","-864302,997","-1020619,41","-864300,188","-1020617,446",,,,silnice2.t¯Ìdy,210,2611047.0,,Souhlasn˝sesmÏrem˙seku,Pomal˝,560618.0,,GN_V0.1UIR-ADR_410,2
190906190047,2,209.0,2019-01-16,3,1400,2,0,0,2,1,0,504,0,0,0,200,2,6,1,6,1,1,1,1,0,0,0,1,2,0,,17,,XX,,,,,,,0,,,,"-856080,253","-1020175,032","-856080,253","-1020175,032","-856090,596","-1020185,835",HornÌSlavkov,n·m.Republiky,,silnice2.t¯Ìdy,209,3229797.0,,Souhlasn˝sesmÏrem˙seku,Pomal˝,560367.0,549959.0,GN_V0.1UIR-ADR_410,1
190906190048,6,,2019-01-19,6,10,2,0,0,2,1,2,508,0,0,0,400,2,1,1,1,4,1,0,1,0,0,8,1,2,0,,3,47.0,15,3.0,0.0,1.0,0.0,1.0,6.0,300,3.0,1.0,1.0,"-866823,707","-1013959,964","-866837,672","-1013945,999","-866837,73","-1013946,451",Sokolov,n·m.Budovatel˘,,mÌstnÌkomunikace,,2612587.0,,Souhlasn˝sesmÏrem˙seku,Pomal˝,560286.0,553905.0,GN_V0.1UIR-ADR_410,1
190906190049,6,,2019-01-19,6,1355,3,0,3,2,1,2,504,0,0,0,50,1,5,1,6,1,1,1,0,0,0,0,1,1,0,,3,39.0,10,1.0,0.0,1.0,0.0,1.0,5.0,0,2.0,1.0,1.0,"-858897,353","-1014448,34","-858897,353","-1014448,34","-858898,926","-1014447,588",Loket,T.G.Masaryka,,mÌstnÌkomunikace,,1759617.0,,OpaËn˝kesmÏru˙seku,Pomal˝,560537.0,552585.0,GN_V0.1UIR-ADR_410,1
190906190050,6,,2019-01-18,5,2560,2,0,0,2,1,0,508,0,0,0,50,2,5,12,6,1,1,1,1,0,0,0,1,2,0,,17,,XX,,,,,,,0,,,,"-871218,951","-999151,67","-871218,951","-999151,67","-871221,542","-999148,832",Rotava,SÌdliötÏ,,mÌstnÌkomunikace,,1510025.0,,Souhlasn˝sesmÏrem˙seku,Pomal˝,560600.0,553280.0,GN_V0.1UIR-ADR_410,1
190906190051,2,181.0,2019-01-19,6,1810,5,0,0,2,4,0,100,0,0,0,210,2,5,1,6,6,1,1,1,0,0,0,3,1,0,,3,39.0,08,3.0,0.0,1.0,0.0,1.0,1.0,200,2.0,1.0,1.0,"-860255,906","-1012935,326","-860255,906","-1012935,326","-860255,789","-1012935,967",,,,silnice2.t¯Ìdy,181,1425044.0,,OpaËn˝kesmÏru˙seku,Pomal˝,560570.0,,GN_V0.1UIR-ADR_410,2
190906190052,3,2099.0,2019-01-19,6,1957,3,0,2,2,1,2,204,0,0,0,300,2,6,1,6,4,1,1,3,3,3,1,7,1,19,6.0,3,4.0,96,1.0,1.0,1.0,0.0,1.0,12.0,200,2.0,1.0,1.0,"-865262,254","-1014576,039","-865262,254","-1014576,039","-865262,382","-1014576,252",Sokolov,KarlaHavlÌËkaBorovskÈho,,silnice3.t¯Ìdy,2099,1716013.0,,Souhlasn˝sesmÏrem˙seku,Pomal˝,560286.0,553654.0,GN_V0.1UIR-ADR_410,1
190906190053,2,210.0,2019-01-20,0,1310,5,0,0,2,4,0,100,0,0,0,200,2,1,1,1,1,1,1,1,0,0,0,2,1,0,,3,39.0,10,1.0,0.0,1.0,0.0,1.0,3.0,200,2.0,1.0,1.0,"-866102,4","-1015507,478","-866102,4","-1015507,478","-866101,69","-1015504,756",Sokolov,,,silnice2.t¯Ìdy,210,734744.0,,OpaËn˝kesmÏru˙seku,Pomal˝,560286.0,,GN_V0.1UIR-ADR_410,1
190906190054,2,208.0,2019-01-20,0,1550,1,1,0,1,1,2,204,0,0,2,615,2,6,7,6,1,3,1,1,0,0,0,2,2,0,,3,32.0,02,1.0,1.0,1.0,1.0,1.0,1.0,400,3.0,1.0,1.0,"-861176,745","-1023874,554","-861176,745","-1023874,554","-861176,151","-1023872,87",,,,silnice2.t¯Ìdy,208,2246057.0,,Souhlasn˝sesmÏrem˙seku,Pomal˝,560618.0,,GN_V0.1UIR-ADR_410,2
190906190055,6,,2019-01-21,1,706,7,3,0,1,1,2,504,0,0,1,19700,2,5,1,6,6,1,0,1,2,0,4,1,2,0,,12,0.0,,3.0,0.0,1.0,0.0,1.0,5.0,19000,8.0,1.0,1.0,"-861817,383","-1008854,311","-861816,846","-1008845,717","-861816,441","-1008845,579",,,,mÌstnÌkomunikace,,2612851.0,,,Pomal˝,560685.0,,GN_V0.1UIR-ADR_410,2
190906190056,3,2097.0,2019-01-21,1,1019,4,0,0,1,1,2,508,0,0,1,600,2,6,1,6,1,3,1,1,0,0,0,2,2,0,,3,46.0,13,1.0,0.0,1.0,1.0,1.0,1.0,400,2.0,1.0,2.0,"-858834,081","-1012430,315","-858834,081","-1012430,315","-858832,512","-1012429,39",NovÈSedlo,Uporcel·nky,,silnice3.t¯Ìdy,2097,195631.0,,OpaËn˝kesmÏru˙seku,Pomal˝,560570.0,552895.0,GN_V0.1UIR-ADR_410,1
190906190057,6,,2019-01-22,2,548,2,0,0,2,1,0,504,0,0,0,200,1,5,1,6,1,1,1,1,0,0,0,2,2,0,,5,32.0,15,3.0,0.0,1.0,0.0,1.0,5.0,0,2.0,1.0,1.0,,,"-857094,028","-1020228,039","-857093,99","-1020227,869",HornÌSlavkov,ULesoparku,,mÌstnÌkomunikace,,3323920.0,,Souhlasn˝sesmÏrem˙seku,Pomal˝,560367.0,549941.0,GN_V0.1UIR-ADR_410,1
190906190058,6,,2019-01-22,2,1150,3,0,9,2,1,2,504,0,0,0,160,2,1,1,1,1,1,1,3,3,5,0,5,1,10,6.0,5,7.0,16,3.0,0.0,1.0,0.0,1.0,5.0,0,2.0,1.0,1.0,,,"-859324,93","-1010465,393","-859324,758","-1010465,351",NovÈSedlo-Chraniöov,,,mÌstnÌkomunikace,,1424935.0,,OpaËn˝kesmÏru˙seku,Pomal˝,560570.0,,GN_V0.1UIR-ADR_410,1
190906190059,3,21217.0,2019-01-21,1,445,5,0,0,2,4,0,100,0,0,0,100,2,1,1,1,6,1,1,1,0,0,0,1,1,0,,3,17.0,17,1.0,0.0,1.0,0.0,1.0,1.0,100,2.0,1.0,1.0,"-874874,484","-1015448,773","-874874,484","-1015448,773","-874877,983","-1015439,311",,,,silnice3.t¯Ìdy,21217,1425744.0,,OpaËn˝kesmÏru˙seku,Pomal˝,560375.0,,GN_V0.1UIR-ADR_410,2
190906190060,6,,2019-01-23,3,1700,1,1,0,2,1,2,405,0,0,0,1000,2,1,1,1,2,1,1,4,2,0,2,4,2,10,6.0,3,39.0,00,1.0,0.0,1.0,0.0,1.0,5.0,500,2.0,1.0,1.0,"-867025,461","-1013748,943","-867025,461","-1013748,943","-867028,712","-1013741,442",Sokolov,JosefaKajet·naTyla,,mÌstnÌkomunikace,,198854.0,,Souhlasn˝sesmÏrem˙seku,Pomal˝,560286.0,553620.0,GN_V0.1UIR-ADR_410,1
190906190061,3,2099.0,2019-01-23,3,1950,5,0,0,2,4,0,100,0,0,0,510,2,1,1,1,6,1,1,1,0,0,0,1,1,0,,3,39.0,06,1.0,0.0,1.0,0.0,1.0,1.0,500,2.0,1.0,1.0,"-863829,932","-1014838,226","-863829,932","-1014838,226","-863830,409","-1014829,105",,,,silnice3.t¯Ìdy,2099,1671263.0,,OpaËn˝kesmÏru˙seku,Pomal˝,560286.0,,GN_V0.1UIR-ADR_410,2
190906190062,3,21044.0,2019-01-23,3,2025,5,0,0,2,4,0,100,0,0,0,300,2,6,1,6,6,1,1,1,0,0,0,1,1,0,,5,44.0,11,1.0,0.0,1.0,0.0,1.0,1.0,300,3.0,1.0,1.0,"-868143,238","-998157,967","-868143,238","-998157,967","-868141,989","-998154,114",,,,silnice3.t¯Ìdy,21044,3344729.0,,OpaËn˝kesmÏru˙seku,Pomal˝,560677.0,,GN_V0.1UIR-ADR_410,2
190906190063,3,632.0,2019-01-18,5,2560,3,0,9,2,1,0,508,0,0,0,200,2,1,1,1,1,1,1,3,0,0,0,1,1,0,,17,,XX,,,,,,,0,,,,,,"-875860,653","-1021143,351","-875860,65","-1021143,351",,,,silnice3.t¯Ìdy,00632,3393626.0,,,Pomal˝,560499.0,,GN_V0.1UIR-ADR_410,2
190906190064,2,210.0,2019-01-25,5,950,5,0,0,2,4,0,100,0,0,0,200,2,3,1,3,1,1,1,1,0,0,0,1,1,0,,3,17.0,16,1.0,0.0,1.0,0.0,1.0,1.0,200,2.0,1.0,1.0,"-869345,648","-1009090,518","-869340,814","-1009042,714","-869340,948","-1009042,727",,,,silnice2.t¯Ìdy,210,186399.0,,OpaËn˝kesmÏru˙seku,Pomal˝,560545.0,,GN_V0.1UIR-ADR_410,2
190906190065,1,0.0,2019-01-26,6,1217,3,0,4,2,1,2,204,0,0,0,300,2,8,1,5,1,1,1,1,0,0,0,3,1,0,,3,38.0,07,1.0,1.0,1.0,0.0,1.0,1.0,300,2.0,1.0,1.0,"-858193,909","-1012362,262","-858193,909","-1012362,262","-858193,241","-1012362,733",,,,silnice1.t¯Ìdy,D6,1658149.0,,Souhlasn˝sesmÏrem˙seku,Pomal˝,560570.0,,GN_V0.1UIR-ADR_410,2
190906190066,1,0.0,2019-01-26,6,1355,3,0,4,2,1,2,204,0,0,0,150,2,5,1,3,1,1,1,3,0,0,0,3,1,0,,3,47.0,01,1.0,1.0,1.0,0.0,1.0,1.0,150,3.0,1.0,1.0,"-858445,817","-1012698,725","-858445,817","-1012698,725","-858439,383","-1012705,459",,,,silnice1.t¯Ìdy,D6,1658142.0,,Souhlasn˝sesmÏrem˙seku,Pomal˝,560570.0,,GN_V0.1UIR-ADR_410,2
190906190067,1,0.0,2019-01-26,6,1725,3,0,4,2,1,2,204,0,0,0,400,2,5,1,3,2,1,3,1,0,0,0,1,1,0,,3,13.0,07,1.0,1.0,1.0,1.0,1.0,3.0,300,2.0,1.0,1.0,"-871313,52","-1018975,528","-871313,52","-1018975,528","-871316,947","-1018972,214",,,,silnice1.t¯Ìdy,D6,1510189.0,,Souhlasn˝sesmÏrem˙seku,Pomal˝,538396.0,,GN_V0.1UIR-ADR_410,2
190906190068,8,,2019-01-26,6,2005,2,0,0,2,1,9,511,0,0,0,80,3,8,1,5,4,1,1,2,0,0,10,1,2,0,,3,13.0,00,1.0,0.0,1.0,0.0,1.0,5.0,50,2.0,5.0,1.0,"-867448,217","-1009801,448","-867448,217","-1009801,448","-867448,062","-1009804,838",Lomnice,Dvo¯·kova,,mÌstnÌkomunikace,,188535.0,,OpaËn˝kesmÏru˙seku,Pomal˝,560545.0,552631.0,GN_V0.1UIR-ADR_410,1
190906190069,2,210.0,2019-01-27,0,1260,2,0,0,2,1,0,502,0,0,0,10,2,3,1,3,1,1,1,3,0,0,0,1,2,0,,17,,XX,,,,,,,0,,,,"-873985,544","-995746,331","-873985,544","-995746,331","-873979,053","-995740,242",Kraslice,PohraniËnÌstr·ûe,,silnice2.t¯Ìdy,210,159480.0,,Souhlasn˝sesmÏrem˙seku,Pomal˝,560472.0,551325.0,GN_V0.1UIR-ADR_410,1
190906190070,8,,2019-01-26,6,730,2,0,0,2,1,0,504,0,0,0,650,5,8,1,6,2,1,0,0,0,0,0,1,3,0,,8,99.0,00,3.0,0.0,1.0,0.0,1.0,5.0,100,4.0,1.0,1.0,"-867771,209","-1015305,512","-867771,209","-1015305,512","-867761,655","-1015291,204",Sokolov,Chebsk·,,mÌstnÌkomunikace,,3313413.0,,,Pomal˝,560286.0,,GN_V0.1UIR-ADR_410,1
190906190071,0,6.0,2019-01-29,2,445,3,0,4,2,1,2,204,0,0,0,1200,2,5,1,6,7,1,3,1,0,0,0,3,1,0,,3,25.0,13,1.0,1.0,1.0,0.0,1.0,3.0,1000,2.0,1.0,1.0,"-858183,217","-1012334,805","-858183,217","-1012334,805","-858176,652","-1012339,63",,,,silnice1.t¯Ìdy,D6,1658148.0,,Souhlasn˝sesmÏrem˙seku,Pomal˝,560570.0,,GN_V0.1UIR-ADR_410,2
190906190072,0,6.0,2019-01-29,2,614,2,0,0,2,1,2,204,0,0,0,400,2,5,1,6,7,0,3,1,0,0,0,3,3,0,,3,39.0,98,1.0,1.0,1.0,0.0,1.0,3.0,100,2.0,1.0,1.0,"-857982,291","-1012130,386","-857982,291","-1012130,386","-857980,814","-1012132,251",,,,silnice1.t¯Ìdy,D6,1658179.0,,Souhlasn˝sesmÏrem˙seku,Pomal˝,560570.0,,GN_V0.1UIR-ADR_410,2
190906190073,0,6.0,2019-01-29,2,712,3,0,4,1,1,2,204,0,0,1,400,2,6,1,6,2,1,3,3,0,0,0,1,1,0,,3,35.0,03,1.0,1.0,1.0,1.0,1.0,1.0,300,2.0,1.0,1.0,"-865091,039","-1015810,453","-865091,039","-1015810,453","-865095,685","-1015807,714",,,,silnice1.t¯Ìdy,D6,1792278.0,,Souhlasn˝sesmÏrem˙seku,Pomal˝,560286.0,,GN_V0.1UIR-ADR_410,2
190906190074,0,6.0,2019-01-29,2,713,3,0,4,1,1,2,204,0,0,1,550,2,6,1,6,2,1,1,8,0,0,0,1,1,0,,3,47.0,09,9.0,1.0,1.0,1.0,1.0,1.0,500,2.0,1.0,1.0,"-865053,124","-1015752,254","-865053,124","-1015752,254","-865060,451","-1015747,935",,,,silnice1.t¯Ìdy,D6,1792278.0,,Souhlasn˝sesmÏrem˙seku,Pomal˝,560286.0,,GN_V0.1UIR-ADR_410,2
190906190075,2,209.0,2019-01-29,2,1015,3,0,6,1,1,2,205,0,0,1,900,2,3,12,3,1,1,1,1,3,3,0,7,1,24,6.0,3,4.0,10,3.0,1.0,1.0,0.0,1.0,12.0,900,2.0,1.0,1.0,"-859406,667","-1012832,298","-859403,981","-1012821,018","-859404,011","-1012821,321",,,,silnice2.t¯Ìdy,209,1658156.0,,Souhlasn˝sesmÏrem˙seku,Pomal˝,560570.0,,GN_V0.1UIR-ADR_410,2
190906190076,0,6.0,2019-01-29,2,807,1,2,0,2,1,2,204,0,0,0,2550,2,6,1,6,1,1,6,1,0,0,0,1,2,0,,3,48.0,17,3.0,1.0,1.0,0.0,1.0,1.0,1500,2.0,1.0,1.0,,,"-860656,82","-1013233,28","-860660,926","-1013224,477",,,,mÌstnÌkomunikace,R6,3069782.0,,Souhlasn˝sesmÏrem˙seku,Pomal˝,560570.0,,GN_V0.1UIR-ADR_410,2
190906190077,3,21036.0,2019-01-25,5,1710,5,0,0,2,4,0,100,0,0,0,300,2,1,1,1,2,1,1,1,0,0,0,3,1,0,,3,42.0,09,1.0,0.0,1.0,0.0,1.0,1.0,300,2.0,1.0,1.0,,,,,,,,,,,,,,,,,,,2
190906190078,3,2099.0,2019-01-29,2,2105,5,0,0,2,4,0,100,0,0,0,30,2,1,1,1,6,1,1,1,0,0,0,1,1,0,,3,32.0,95,1.0,0.0,0.0,0.0,1.0,1.0,30,3.0,1.0,1.0,,,,,,,,,,,,,,,,,,,2
190906190079,8,,2019-01-30,3,815,1,4,0,2,1,0,504,0,0,0,50,2,3,1,3,1,1,1,1,0,0,0,1,2,0,,17,,XX,,,,,,,0,,,,"-866880,668","-1013807,322","-866869,925","-1013815,917","-866870,085","-1013817,858",Sokolov,Pion˝r˘,,mÌstnÌkomunikace,,1458956.0,,Souhlasn˝sesmÏrem˙seku,Pomal˝,560286.0,553981.0,GN_V0.1UIR-ADR_410,1
190906190080,3,2099.0,2019-01-31,4,715,5,0,0,2,4,0,100,0,0,0,300,2,3,1,3,2,1,1,1,0,0,0,1,1,0,,3,60.0,00,1.0,0.0,1.0,0.0,1.0,1.0,300,4.0,1.0,1.0,"-863288,621","-1014813,121","-863288,621","-1014813,121","-863288,862","-1014807,822",,,,silnice3.t¯Ìdy,2099,1327349.0,,Souhlasn˝sesmÏrem˙seku,Pomal˝,560642.0,,GN_V0.1UIR-ADR_410,2
190906190081,6,,2019-01-31,4,2560,2,0,0,2,1,0,508,0,0,0,400,2,5,1,6,1,1,1,1,0,0,10,2,2,0,,17,,XX,,,,,,,0,,,,"-858751,262","-1009092,304","-858751,262","-1009092,304","-858754,85","-1009091,324",Chodov,»s.odboj·¯˘,,mÌstnÌkomunikace,,3598826.0,,OpaËn˝kesmÏru˙seku,Pomal˝,560383.0,550353.0,GN_V0.1UIR-ADR_410,1
190906190082,6,,2019-01-31,4,1630,1,2,0,2,1,2,501,0,0,0,400,5,6,8,6,1,3,1,1,0,0,0,3,2,0,,3,39.0,08,12.0,0.0,1.0,0.0,1.0,5.0,200,2.0,1.0,1.0,"-884792,763","-1025581,69","-884792,763","-1025581,69","-884793,687","-1025578,449",MECHOV¡,,,mÌstnÌkomunikace,,2252198.0,,OpaËn˝kesmÏru˙seku,Pomal˝,554481.0,,GN_V0.1UIR-ADR_410,1